<?xml version="1.0" encoding="utf-8"?><COLLADA xmlns:xsd="http://www.w3.org/2001/XMLSchema" xmlns:xsi="http://www.w3.org/2001/XMLSchema-instance" version="1.4.1" xmlns="http://www.collada.org/2005/11/COLLADASchema"><asset><contributor><author>bau05662</author><authoring_tool>Blum.Cape.SolidWorks.Export.Collada 25.0.0.0</authoring_tool></contributor><created>0001-01-01T00:00:00</created><modified>2026-02-24T15:10:41.4637763+01:00</modified><unit meter="0.001" name="millimeter" /></asset><library_effects><effect id="zincplated-effect"><profile_COMMON><technique sid="common"><phong><emission><color sid="emission">0 0 0 0</color></emission><ambient><color sid="ambient">0.408975652376015 0.419604810831399 0.486751175550744 1</color></ambient><diffuse><color sid="diffuse">0.408975652376015 0.419604810831399 0.486751175550744 1</color></diffuse><specular><color sid="specular">0.991136764316137 0.991136764316137 0.991136764316137 1</color></specular><shininess><float sid="shininess">0.1</float></shininess><reflective><color sid="reflective">1 1 1 1</color></reflective><reflectivity><float sid="reflectivity">1</float></reflectivity><transparent><color>1 1 1 1</color></transparent><transparency><float sid="transparency">1</float></transparency><index_of_refraction><float sid="index_of_refraction">1</float></index_of_refraction></phong></technique></profile_COMMON></effect><effect id="silkwhitematt-effect"><profile_COMMON><technique sid="common"><phong><emission><color sid="emission">0 0 0 0</color></emission><ambient><color sid="ambient">0.863669004656513 0.863669004656513 0.815527082421169 1</color></ambient><diffuse><color sid="diffuse">0.863669004656513 0.863669004656513 0.815527082421169 1</color></diffuse><specular><color sid="specular">0.991136764316137 0.991136764316137 0.991136764316137 1</color></specular><shininess><float sid="shininess">0.1</float></shininess><reflective><color sid="reflective">1 1 1 1</color></reflective><reflectivity><float sid="reflectivity">0</float></reflectivity><transparent><color>1 1 1 1</color></transparent><transparency><float sid="transparency">1</float></transparency><index_of_refraction><float sid="index_of_refraction">1</float></index_of_refraction></phong></technique></profile_COMMON></effect></library_effects><library_materials><material id="zincplated-material" name="zincplated"><instance_effect url="#zincplated-effect" /></material><material id="silkwhitematt-material" name="silkwhitematt"><instance_effect url="#silkwhitematt-effect" /></material></library_materials><library_geometries><geometry id="bau0026152251-mesh" name="bau0026152251"><mesh><source id="bau0026152251-mesh-positions"><float_array id="bau0026152251-mesh-positions-array" count="5685">11.400000192225 -11.0153211280704 -361.449986696243 11.9000002741814 -12.1499998494983 -362.584680318832 11.400000192225 -12.1499998494983 -362.584680318832 11.9000002741814 -13.7000000104308 -363.000005483627 11.400000192225 -13.7000000104308 -363.000005483627 11.9000002741814 -15.2500001713634 -362.584680318832 11.400000192225 -15.2500001713634 -362.584680318832 11.9000002741814 -16.3846779614687 -361.449986696243 11.400000192225 -16.3846779614687 -361.449986696243 11.9000002741814 -16.7999994009733 -359.899997711182 11.400000192225 -16.7999994009733 -359.899997711182 11.9000002741814 -16.3846779614687 -358.35000872612 11.400000192225 -16.3846779614687 -358.35000872612 11.9000002741814 -15.2500001713634 -357.215315103531 11.400000192225 -15.2500001713634 -357.215315103531 11.9000002741814 -13.7000000104308 -356.799989938736 11.400000192225 -13.7000000104308 -356.799989938736 11.9000002741814 -12.1499998494983 -357.215315103531 11.400000192225 -12.1499998494983 -357.215315103531 11.9000002741814 -11.0153211280704 -361.449986696243 11.400000192225 -10.5999996885657 -359.899997711182 11.9000002741814 -10.5999996885657 -359.899997711182 11.9000002741814 -11.0153211280704 -358.35000872612 11.400000192225 -11.0153211280704 -358.35000872612 11.9000002741814 -11.0153211280704 -375.449985265732 11.400000192225 -10.5999996885657 -373.89999628067 11.9000002741814 -10.5999996885657 -373.89999628067 11.400000192225 -11.0153211280704 -375.449985265732 11.9000002741814 -12.1499998494983 -376.584678888321 11.400000192225 -12.1499998494983 -376.584678888321 11.9000002741814 -13.7000000104308 -377.000004053116 11.400000192225 -13.7000000104308 -377.000004053116 11.9000002741814 -15.2500001713634 -376.584678888321 11.400000192225 -15.2500001713634 -376.584678888321 11.9000002741814 -16.3846779614687 -375.449985265732 11.400000192225 -16.3846779614687 -375.449985265732 11.9000002741814 -16.7999994009733 -373.89999628067 11.400000192225 -16.7999994009733 -373.89999628067 11.9000002741814 -16.3846779614687 -372.350007295609 11.400000192225 -16.3846779614687 -372.350007295609 11.9000002741814 -15.2500001713634 -371.215313673019 11.400000192225 -15.2500001713634 -371.215313673019 11.9000002741814 -13.7000000104308 -370.799988508224 11.400000192225 -13.7000000104308 -370.799988508224 11.9000002741814 -12.1499998494983 -371.215313673019 11.400000192225 -12.1499998494983 -371.215313673019 11.9000002741814 -11.0153211280704 -372.350007295609 11.400000192225 -11.0153211280704 -372.350007295609 11.9000002741814 -12.1499998494983 -66.5846765041351 11.400000192225 -11.0153211280704 -65.4499977827072 11.9000002741814 -11.0153211280704 -65.4499977827072 11.9000002741814 -13.7000000104308 -67.0000016689301 11.400000192225 -12.1499998494983 -66.5846765041351 11.9000002741814 -15.2500001713634 -66.5846765041351 11.400000192225 -13.7000000104308 -67.0000016689301 11.400000192225 -10.5999996885657 -63.900001347065 11.9000002741814 -10.5999996885657 -63.900001347065 11.9000002741814 -16.3846779614687 -65.4499977827072 11.400000192225 -15.2500001713634 -66.5846765041351 11.9000002741814 -16.7999994009733 -63.900001347065 11.400000192225 -16.3846779614687 -65.4499977827072 11.9000002741814 -16.3846779614687 -62.3500011861324 11.400000192225 -16.7999994009733 -63.900001347065 11.9000002741814 -15.2500001713634 -61.2153224647045 11.400000192225 -16.3846779614687 -62.3500011861324 11.9000002741814 -13.7000000104308 -60.8000010251999 11.400000192225 -15.2500001713634 -61.2153224647045 11.9000002741814 -12.1499998494983 -61.2153224647045 11.400000192225 -13.7000000104308 -60.8000010251999 11.9000002741814 -11.0153211280704 -62.3500011861324 11.400000192225 -12.1499998494983 -61.2153224647045 11.400000192225 -11.0153211280704 -62.3500011861324 11.400000192225 -11.0153211280704 -48.3499988913536 11.9000002741814 -10.5999996885657 -49.8999990522861 11.400000192225 -10.5999996885657 -49.8999990522861 11.9000002741814 -11.0153211280704 -51.4499992132187 11.400000192225 -11.0153211280704 -51.4499992132187 11.9000002741814 -12.1499998494983 -52.5846779346466 11.400000192225 -12.1499998494983 -52.5846779346466 11.9000002741814 -13.7000000104308 -52.9999993741512 11.400000192225 -13.7000000104308 -52.9999993741512 11.9000002741814 -15.2500001713634 -52.5846779346466 11.400000192225 -15.2500001713634 -52.5846779346466 11.9000002741814 -16.3846779614687 -51.4499992132187 11.400000192225 -16.3846779614687 -51.4499992132187 11.9000002741814 -16.7999994009733 -49.8999990522861 11.400000192225 -16.7999994009733 -49.8999990522861 11.9000002741814 -16.3846779614687 -48.3499988913536 11.400000192225 -16.3846779614687 -48.3499988913536 11.9000002741814 -15.2500001713634 -47.2153201699257 11.400000192225 -15.2500001713634 -47.2153201699257 11.9000002741814 -13.7000000104308 -46.7999987304211 11.400000192225 -13.7000000104308 -46.7999987304211 11.9000002741814 -12.1499998494983 -47.2153201699257 11.400000192225 -12.1499998494983 -47.2153201699257 11.9000002741814 -11.0153211280704 -48.3499988913536 11.400000192225 -10.5999996885657 -175.899997353554 11.9000002741814 -11.0153211280704 -177.450001239777 11.400000192225 -11.0153211280704 -177.450001239777 11.9000002741814 -12.1499998494983 -178.584679961205 11.400000192225 -12.1499998494983 -178.584679961205 11.9000002741814 -13.7000000104308 -179.000005125999 11.400000192225 -13.7000000104308 -179.000005125999 11.9000002741814 -15.2500001713634 -178.584679961205 11.400000192225 -15.2500001713634 -178.584679961205 11.9000002741814 -16.3846779614687 -177.450001239777 11.400000192225 -16.3846779614687 -177.450001239777 11.9000002741814 -16.7999994009733 -175.899997353554 11.400000192225 -16.7999994009733 -175.899997353554 11.9000002741814 -16.3846779614687 -174.349993467331 11.400000192225 -16.3846779614687 -174.349993467331 11.400000192225 -15.2500001713634 -173.215314745903 11.9000002741814 -13.7000000104308 -172.800004482269 11.400000192225 -13.7000000104308 -172.800004482269 11.9000002741814 -12.1499998494983 -173.215314745903 11.400000192225 -12.1499998494983 -173.215314745903 11.9000002741814 -11.0153211280704 -174.349993467331 11.400000192225 -11.0153211280704 -174.349993467331 11.9000002741814 -10.5999996885657 -175.899997353554 11.9000002741814 -15.2500001713634 -173.215314745903 11.400000192225 -15.2500001713634 -192.584678530693 11.9000002741814 -16.3846779614687 -191.449999809265 11.400000192225 -16.3846779614687 -191.449999809265 11.400000192225 -13.7000000104308 -193.000003695488 11.9000002741814 -15.2500001713634 -192.584678530693 11.400000192225 -12.1499998494983 -192.584678530693 11.9000002741814 -13.7000000104308 -193.000003695488 11.400000192225 -11.0153211280704 -191.449999809265 11.9000002741814 -12.1499998494983 -192.584678530693 11.400000192225 -10.5999996885657 -189.899995923042 11.9000002741814 -11.0153211280704 -191.449999809265 11.9000002741814 -16.7999994009733 -189.899995923042 11.400000192225 -16.7999994009733 -189.899995923042 11.9000002741814 -16.3846779614687 -188.350006937981 11.400000192225 -16.3846779614687 -188.350006937981 11.9000002741814 -15.2500001713634 -187.215328216553 11.400000192225 -15.2500001713634 -187.215328216553 11.9000002741814 -13.7000000104308 -186.800003051758 11.400000192225 -13.7000000104308 -186.800003051758 11.9000002741814 -12.1499998494983 -187.215328216553 11.400000192225 -12.1499998494983 -187.215328216553 11.9000002741814 -11.0153211280704 -188.350006937981 11.400000192225 -11.0153211280704 -188.350006937981 11.9000002741814 -10.5999996885657 -189.899995923042 15.3999999165535 63.2999986410141 -436.899989843369 11.5000000223517 63.2999986410141 -452.800005674362 15.3999999165535 63.2999986410141 -452.800005674362 11.5000000223517 63.2999986410141 -436.899989843369 11.400000192225 -16.7999994009733 -49.8999990522861 11.400000192225 -18.6000000685453 -56.8999983370304 11.400000192225 -16.3846779614687 -51.4499992132187 11.400000192225 -15.2500001713634 -47.2153201699257 11.400000192225 -18.6000000685453 -4.90000005811453 11.400000192225 -16.3846779614687 -48.3499988913536 11.400000192225 -13.7000000104308 -46.7999987304211 11.400000192225 -8.7500000372529 -4.90000005811453 11.400000192225 -18.6000000685453 37.0000004768372 11.400000192225 -8.7500000372529 37.0000004768372 11.400000192225 -10.5999996885657 -49.8999990522861 11.400000192225 -11.0153211280704 -48.3499988913536 11.400000192225 -12.1499998494983 -47.2153201699257 11.400000192225 -15.2500001713634 -52.5846779346466 11.400000192225 -13.7000000104308 -52.9999993741512 11.400000192225 -8.7500000372529 -56.8999983370304 11.400000192225 -12.1499998494983 -52.5846779346466 11.400000192225 -11.0153211280704 -51.4499992132187 11.400000192225 -16.7999994009733 -63.900001347065 11.400000192225 -18.6000000685453 -119.9000030756 11.400000192225 -16.3846779614687 -65.4499977827072 11.400000192225 -13.7000000104308 -60.8000010251999 11.400000192225 -15.2500001713634 -61.2153224647045 11.400000192225 -16.3846779614687 -62.3500011861324 11.400000192225 -15.2500001713634 -66.5846765041351 11.400000192225 -13.7000000104308 -67.0000016689301 11.400000192225 -8.7500000372529 -119.9000030756 11.400000192225 -12.1499998494983 -66.5846765041351 11.400000192225 -11.0153211280704 -65.4499977827072 11.400000192225 -10.5999996885657 -63.900001347065 11.400000192225 -13.7000000104308 -193.000003695488 11.400000192225 -8.7500000372529 -274.899989366531 11.400000192225 -12.1499998494983 -192.584678530693 11.400000192225 -11.0153211280704 -62.3500011861324 11.400000192225 -12.1499998494983 -61.2153224647045 11.400000192225 -10.5999996885657 -175.899997353554 11.400000192225 -11.0153211280704 -174.349993467331 11.400000192225 -13.7000000104308 -172.800004482269 11.400000192225 -16.7999994009733 -175.899997353554 11.400000192225 -18.6000000685453 -182.899996638298 11.400000192225 -13.7000000104308 -186.800003051758 11.400000192225 -8.7500000372529 -182.899996638298 11.400000192225 -18.6000000685453 -274.899989366531 11.400000192225 -16.7999994009733 -189.899995923042 11.400000192225 -10.5999996885657 -189.899995923042 11.400000192225 -11.0153211280704 -188.350006937981 11.400000192225 -12.1499998494983 -187.215328216553 11.400000192225 -15.2500001713634 -187.215328216553 11.400000192225 -15.2500001713634 -192.584678530693 11.400000192225 -11.0153211280704 -191.449999809265 11.400000192225 -16.3846779614687 -188.350006937981 11.400000192225 -16.7999994009733 -359.899997711182 11.400000192225 -18.6000000685453 -366.899996995926 11.400000192225 -15.2500001713634 -357.215315103531 11.400000192225 -16.3846779614687 -358.35000872612 11.400000192225 -16.3846779614687 -361.449986696243 11.400000192225 -12.1499998494983 -173.215314745903 11.400000192225 -15.2500001713634 -173.215314745903 11.400000192225 -16.3846779614687 -174.349993467331 11.400000192225 -16.3846779614687 -177.450001239777 11.400000192225 -15.2500001713634 -178.584679961205 11.400000192225 -13.7000000104308 -179.000005125999 11.400000192225 -12.1499998494983 -178.584679961205 11.400000192225 -11.0153211280704 -177.450001239777 11.400000192225 -13.7000000104308 -363.000005483627 11.400000192225 -8.7500000372529 -366.899996995926 11.400000192225 -12.1499998494983 -362.584680318832 11.400000192225 -13.7000000104308 -356.799989938736 11.400000192225 -16.3846779614687 -191.449999809265 11.400000192225 -15.2500001713634 -362.584680318832 11.400000192225 -11.0153211280704 -361.449986696243 11.400000192225 -10.5999996885657 -359.899997711182 11.400000192225 -11.0153211280704 -358.35000872612 11.400000192225 -12.1499998494983 -357.215315103531 11.400000192225 -8.7500000372529 -431.349992752075 11.400000192225 -7.69999995827675 -440.400004386902 11.400000192225 -7.69999995827675 -431.349992752075 11.400000192225 -16.7999994009733 -373.89999628067 11.400000192225 -10.2000003680587 -409.249991178513 11.400000192225 -16.3846779614687 -375.449985265732 11.400000192225 -15.2500001713634 -371.215313673019 11.400000192225 -16.3846779614687 -372.350007295609 11.400000192225 -13.7000000104308 -377.000004053116 11.400000192225 -8.7500000372529 -409.249991178513 11.400000192225 -12.1499998494983 -376.584678888321 11.400000192225 -13.7000000104308 -370.799988508224 11.400000192225 -15.2500001713634 -376.584678888321 11.400000192225 -11.0153211280704 -375.449985265732 11.400000192225 -10.5999996885657 -373.89999628067 11.400000192225 -12.1499998494983 -371.215313673019 11.400000192225 -11.0153211280704 -372.350007295609 11.400000192225 -18.6000000685453 -440.400004386902 11.400000192225 -10.2000003680587 -431.349992752075 11.400000192225 -8.7500000372529 -440.400004386902 11.400000192225 -7.69999995827675 -409.249991178513 11.400000192225 -7.69999995827675 -366.899996995926 11.400000192225 -7.69999995827675 -274.899989366531 11.400000192225 -7.69999995827675 -182.899996638298 11.400000192225 -7.69999995827675 -119.9000030756 11.400000192225 -7.69999995827675 -56.8999983370304 11.400000192225 -7.69999995827675 -4.90000005811453 11.400000192225 -7.69999995827675 36.1000001430511 11.400000192225 -6.89999992027879 37.0000004768372 11.400000192225 -6.89999992027879 36.1000001430511 11.400000192225 63.2999986410141 -452.800005674362 11.400000192225 63.900001347065 -453.000009059906 11.400000192225 63.900001347065 -452.800005674362 11.400000192225 63.2999986410141 -453.000009059906 54.4999986886978 -6.89999992027879 36.1000001430511 17.000000923872 -6.89999992027879 -436.899989843369 17.000000923872 -6.89999992027879 36.1000001430511 54.4999986886978 -6.89999992027879 -440.400004386902 11.5000000223517 -6.89999992027879 -440.400004386902 11.5000000223517 -6.89999992027879 -436.899989843369 54.4999986886978 -14.8999998345971 -440.400004386902 55.4681047797203 -16.6127979755402 -440.400004386902 54.8489764332771 -16.6911985725164 -440.400004386902 53.8497939705849 -16.005827113986 -440.400004386902 53.7000000476837 -15.3999999165535 -440.400004386902 11.5000000223517 -6.89999992027879 -440.400004386902 53.7000000476837 -7.69999995827675 -440.400004386902 11.5000000223517 -7.69999995827675 -440.400004386902 54.4999986886978 -6.89999992027879 -440.400004386902 70.8750635385513 -14.8999998345971 -440.400004386902 56.2649108469486 -15.6999994069338 -440.400004386902 72.4999979138374 -15.4914297163486 -440.400004386902 70.7340016961098 -15.6999994069338 -440.400004386902 54.2646534740925 -16.4720397442579 -440.400004386902 72.226382791996 -16.2431839853525 -440.400004386902 55.9793561697006 -16.2549056112766 -440.400004386902 11.400000192225 -7.69999995827675 -4.90000005811453 25.000000372529 -7.69999995827675 24.550000205636 11.400000192225 -7.69999995827675 36.1000001430511 15.8500000834465 -7.69999995827675 -409.249991178513 11.400000192225 -7.69999995827675 -274.899989366531 11.400000192225 -7.69999995827675 -366.899996995926 34.000001847744 -7.69999995827675 5.84999984130263 11.400000192225 -7.69999995827675 -182.899996638298 11.400000192225 -7.69999995827675 -119.9000030756 15.8500000834465 -7.69999995827675 -431.349992752075 11.5000000223517 -7.69999995827675 -440.400004386902 53.7000000476837 -7.69999995827675 -440.400004386902 53.7000000476837 -7.69999995827675 36.1000001430511 34.000001847744 -7.69999995827675 24.550000205636 11.400000192225 -7.69999995827675 -56.8999983370304 25.000000372529 -7.69999995827675 5.84999984130263 11.400000192225 -7.69999995827675 -431.349992752075 11.400000192225 -7.69999995827675 -440.400004386902 28.5999998450279 -7.69999995827675 -427.39999294281 28.5999998450279 -7.69999995827675 -413.199990987778 15.8500000834465 -7.69999995827675 -427.39999294281 11.400000192225 -7.69999995827675 -409.249991178513 15.8500000834465 -7.69999995827675 -413.199990987778 11.0319992527366 -19.3749684840441 -448.500007390976 10.638477280736 -19.5711478590965 37.0000004768372 10.638477280736 -19.5711478590965 -448.500007390976 11.3033270463347 -19.028952345252 -448.500007390976 11.0319992527366 -19.3749684840441 37.0000004768372 11.3033270463347 -19.028952345252 37.0000004768372 11.400000192225 -18.6000000685453 -56.8999983370304 11.400000192225 -18.6000000685453 -4.90000005811453 11.400000192225 -18.6000000685453 -119.9000030756 11.400000192225 -18.6000000685453 -182.899996638298 11.400000192225 -18.6000000685453 -440.400004386902 11.400000192225 -18.6000000685453 -448.500007390976 11.400000192225 -18.6000000685453 -366.899996995926 11.400000192225 -18.6000000685453 37.0000004768372 11.400000192225 -18.6000000685453 -274.899989366531 17.000000923872 -6.89999992027879 36.1000001430511 11.400000192225 -6.89999992027879 37.0000004768372 11.400000192225 -6.89999992027879 36.1000001430511 17.000000923872 -6.89999992027879 37.0000004768372 15.7320499420166 12.0000001043081 37.0000004768372 20.5000005662441 1.50000001303852 37.0000004768372 16.0000007599592 13.0000002682209 37.0000004768372 17.000000923872 1.50000001303852 37.0000004768372 14.9999996647239 11.2679488956928 37.0000004768372 14.0000004321337 10.9999999403954 37.0000004768372 11.400000192225 -6.89999992027879 37.0000004768372 7.8041423112154 -10.1231886073947 37.0000004768372 8.15000012516975 -10.413397103548 37.0000004768372 8.15000012516975 -10.5866026133299 37.0000004768372 11.400000192225 -18.6000000685453 37.0000004768372 8.1809014081955 -10.5587784200907 37.0000004768372 8.60000029206276 63.900001347065 37.0000004768372 7.6473718509078 63.3499994874001 37.0000004768372 7.49999983236194 62.7999976277351 37.0000004768372 8.00000037997961 56.9339729845524 37.0000004768372 19.4000005722046 63.900001347065 37.0000004768372 7.63397477567196 57.3000013828278 37.0000004768372 8.500000461936 56.7954443395138 37.0000004768372 20.5000005662441 62.7999976277351 37.0000004768372 20.352628082037 63.3499994874001 37.0000004768372 7.49999983236194 -11.7124356329441 37.0000004768372 11.3033270463347 -19.028952345252 37.0000004768372 7.57839949801564 -11.2678091973066 37.0000004768372 7.8041423112154 -10.8768120408058 37.0000004768372 13.0000002682209 46.7320494353771 37.0000004768372 7.49999983236194 55.7000003755093 37.0000004768372 12.2679490596056 46.000000089407 37.0000004768372 7.49999983236194 -9.28756408393383 37.0000004768372 11.400000192225 -8.7500000372529 37.0000004768372 8.1809014081955 -10.4412212967873 37.0000004768372 8.19781515747309 -10.5207907035947 37.0000004768372 7.58105469867587 -26.2975003570318 37.0000004768372 8.40749964118004 -26.5189446508884 37.0000004768372 7.49999983236194 -25.9949993342161 37.0000004768372 13.0000002682209 11.2679488956928 37.0000004768372 15.7320499420166 46.000000089407 37.0000004768372 16.0000007599592 45.0000017881393 37.0000004768372 7.49999983236194 57.7999986708164 37.0000004768372 14.0000004321337 43.0000014603138 37.0000004768372 14.9999996647239 14.7320507094264 37.0000004768372 14.9999996647239 43.2679504156113 37.0000004768372 13.0000002682209 14.7320507094264 37.0000004768372 14.0000004321337 14.9999996647239 37.0000004768372 14.0000004321337 46.9999983906746 37.0000004768372 14.9999996647239 46.7320494353771 37.0000004768372 15.7320499420166 43.9999997615814 37.0000004768372 7.63112353160977 56.2208443880081 37.0000004768372 13.0000002682209 43.2679504156113 37.0000004768372 12.0000001043081 45.0000017881393 37.0000004768372 8.19781515747309 -10.4792090132833 37.0000004768372 8.62894579768181 -26.2975003570318 37.0000004768372 7.80249992385507 -26.5189446508884 37.0000004768372 12.0000001043081 13.0000002682209 37.0000004768372 11.0319992527366 -19.3749684840441 37.0000004768372 7.57839949801564 -9.7321905195713 37.0000004768372 12.2679490596056 14.0000004321337 37.0000004768372 19.9500005692244 63.7526288628578 37.0000004768372 8.05000029504299 63.7526288628578 37.0000004768372 8.70999973267317 -23.0000000447035 37.0000004768372 10.638477280736 -19.5711478590965 37.0000004768372 8.70999973267317 -25.9949993342161 37.0000004768372 8.500000461936 56.8000003695488 37.0000004768372 12.2679490596056 43.9999997615814 37.0000004768372 15.7320499420166 14.0000004321337 37.0000004768372 12.2679490596056 12.0000001043081 37.0000004768372 17.000000923872 -6.89999992027879 37.0000004768372 7.99323339015245 56.6175170242786 37.0000004768372 9.87831875681877 -23.0000000447035 37.0000004768372 8.10499954968691 -26.5999995172024 37.0000004768372 72.4999979138374 -15.4914297163486 36.1000001430511 72.226382791996 -16.2431839853525 -440.400004386902 72.4999979138374 -15.4914297163486 -440.400004386902 72.226382791996 -16.2431839853525 36.1000001430511 72.4999979138374 -15.4914297163486 -440.400004386902 70.8750635385513 -14.8999998345971 36.1000001430511 72.4999979138374 -15.4914297163486 36.1000001430511 70.8750635385513 -14.8999998345971 -440.400004386902 67.500002682209 -14.8999998345971 -357.30192065239 68.9999982714653 -14.8999998345971 -219.899997115135 68.5980767011642 -14.8999998345971 -358.399987220764 68.9999982714653 -14.8999998345971 -359.899997711182 70.8750635385513 -14.8999998345971 -440.400004386902 68.5980767011642 -14.8999998345971 -361.400008201599 65.9999996423721 -14.8999998345971 -117.899999022484 67.500002682209 -14.8999998345971 -117.498077452183 63.000001013279 -14.8999998345971 -114.900000393391 67.500002682209 -14.8999998345971 -217.301920056343 65.9999996423721 -14.8999998345971 -216.900005936623 64.4999966025352 -14.8999998345971 -112.301923334599 63.000001013279 -14.8999998345971 13.1000000983477 65.9999996423721 -14.8999998345971 -111.900001764297 68.5980767011642 -14.8999998345971 -221.399992704391 65.9999996423721 -14.8999998345971 -356.900006532669 63.40192258358 -14.8999998345971 -221.399992704391 70.8750635385513 -14.8999998345971 36.1000001430511 68.9999982714653 -14.8999998345971 13.1000000983477 68.5980767011642 -14.8999998345971 14.6000003442168 64.4999966025352 -14.8999998345971 -217.301920056343 65.9999996423721 -14.8999998345971 -362.899988889694 54.4999986886978 -14.8999998345971 -440.400004386902 64.4999966025352 -14.8999998345971 -362.498074769974 67.500002682209 -14.8999998345971 -362.498074769974 54.4999986886978 -14.8999998345971 36.1000001430511 65.9999996423721 -14.8999998345971 16.100000590086 64.4999966025352 -14.8999998345971 15.6980752944946 63.40192258358 -14.8999998345971 -361.400008201599 63.000001013279 -14.8999998345971 -359.899997711182 63.40192258358 -14.8999998345971 -358.399987220764 64.4999966025352 -14.8999998345971 -357.30192065239 67.500002682209 -14.8999998345971 10.5019239708781 68.9999982714653 -14.8999998345971 -114.900000393391 65.9999996423721 -14.8999998345971 10.0999996066093 63.000001013279 -14.8999998345971 -219.899997115135 68.5980767011642 -14.8999998345971 11.5999998524785 63.40192258358 -14.8999998345971 -218.400001525879 64.4999966025352 -14.8999998345971 -222.498074173927 68.5980767011642 -14.8999998345971 -116.400003433228 68.5980767011642 -14.8999998345971 -218.400001525879 63.40192258358 -14.8999998345971 -116.400003433228 67.500002682209 -14.8999998345971 15.6980752944946 63.40192258358 -14.8999998345971 -113.399997353554 64.4999966025352 -14.8999998345971 -117.498077452183 63.40192258358 -14.8999998345971 14.6000003442168 65.9999996423721 -14.8999998345971 -222.900003194809 67.500002682209 -14.8999998345971 -222.498074173927 64.4999966025352 -14.8999998345971 10.5019239708781 63.40192258358 -14.8999998345971 11.5999998524785 68.5980767011642 -14.8999998345971 -113.399997353554 67.500002682209 -14.8999998345971 -112.301923334599 54.4999986886978 -14.8999998345971 -440.400004386902 54.4999986886978 -6.89999992027879 36.1000001430511 54.4999986886978 -14.8999998345971 36.1000001430511 54.4999986886978 -6.89999992027879 -440.400004386902 53.7000000476837 -7.69999995827675 -440.400004386902 53.7000000476837 -15.3999999165535 36.1000001430511 53.7000000476837 -7.69999995827675 36.1000001430511 53.7000000476837 -15.3999999165535 -440.400004386902 54.2646534740925 -16.4720397442579 36.1000001430511 54.8489764332771 -16.6911985725164 -440.400004386902 54.8489764332771 -16.6911985725164 36.1000001430511 55.4681047797203 -16.6127979755402 -440.400004386902 55.4681047797203 -16.6127979755402 36.1000001430511 55.9793561697006 -16.2549056112766 -440.400004386902 55.9793561697006 -16.2549056112766 36.1000001430511 56.2649108469486 -15.6999994069338 -440.400004386902 56.2649108469486 -15.6999994069338 36.1000001430511 53.8497939705849 -16.005827113986 36.1000001430511 54.2646534740925 -16.4720397442579 -440.400004386902 53.8497939705849 -16.005827113986 -440.400004386902 53.7000000476837 -15.3999999165535 36.1000001430511 53.7000000476837 -15.3999999165535 -440.400004386902 68.5980767011642 -15.6999994069338 -358.399987220764 67.500002682209 -15.6999994069338 -222.498074173927 67.500002682209 -15.6999994069338 -357.30192065239 70.7340016961098 -15.6999994069338 -440.400004386902 68.9999982714653 -15.6999994069338 -359.899997711182 68.5980767011642 -15.6999994069338 -361.400008201599 67.500002682209 -15.6999994069338 -362.498074769974 64.4999966025352 -15.6999994069338 15.6980752944946 56.2649108469486 -15.6999994069338 36.1000001430511 63.40192258358 -15.6999994069338 14.6000003442168 70.7340016961098 -15.6999994069338 36.1000001430511 67.500002682209 -15.6999994069338 15.6980752944946 68.5980767011642 -15.6999994069338 14.6000003442168 67.500002682209 -15.6999994069338 -112.301923334599 65.9999996423721 -15.6999994069338 10.0999996066093 65.9999996423721 -15.6999994069338 -111.900001764297 67.500002682209 -15.6999994069338 -117.498077452183 68.5980767011642 -15.6999994069338 -218.400001525879 68.9999982714653 -15.6999994069338 -219.899997115135 65.9999996423721 -15.6999994069338 -117.899999022484 63.40192258358 -15.6999994069338 -218.400001525879 65.9999996423721 -15.6999994069338 -362.899988889694 56.2649108469486 -15.6999994069338 -440.400004386902 65.9999996423721 -15.6999994069338 -356.900006532669 64.4999966025352 -15.6999994069338 -357.30192065239 63.000001013279 -15.6999994069338 -114.900000393391 63.40192258358 -15.6999994069338 -116.400003433228 64.4999966025352 -15.6999994069338 -117.498077452183 64.4999966025352 -15.6999994069338 -112.301923334599 63.40192258358 -15.6999994069338 11.5999998524785 63.40192258358 -15.6999994069338 -113.399997353554 63.000001013279 -15.6999994069338 13.1000000983477 65.9999996423721 -15.6999994069338 16.100000590086 68.9999982714653 -15.6999994069338 13.1000000983477 67.500002682209 -15.6999994069338 10.5019239708781 68.5980767011642 -15.6999994069338 11.5999998524785 68.5980767011642 -15.6999994069338 -116.400003433228 68.5980767011642 -15.6999994069338 -221.399992704391 64.4999966025352 -15.6999994069338 10.5019239708781 63.000001013279 -15.6999994069338 -219.899997115135 63.40192258358 -15.6999994069338 -221.399992704391 68.9999982714653 -15.6999994069338 -114.900000393391 68.5980767011642 -15.6999994069338 -113.399997353554 63.000001013279 -15.6999994069338 -359.899997711182 64.4999966025352 -15.6999994069338 -222.498074173927 64.4999966025352 -15.6999994069338 -362.498074769974 63.40192258358 -15.6999994069338 -361.400008201599 63.40192258358 -15.6999994069338 -358.399987220764 65.9999996423721 -15.6999994069338 -222.900003194809 65.9999996423721 -15.6999994069338 -216.900005936623 67.500002682209 -15.6999994069338 -217.301920056343 64.4999966025352 -15.6999994069338 -217.301920056343 72.226382791996 -16.2431839853525 36.1000001430511 70.7340016961098 -15.6999994069338 -440.400004386902 72.226382791996 -16.2431839853525 -440.400004386902 70.7340016961098 -15.6999994069338 36.1000001430511 55.9793561697006 -16.2549056112766 36.1000001430511 54.8489764332771 -16.6911985725164 36.1000001430511 55.4681047797203 -16.6127979755402 36.1000001430511 17.000000923872 -6.89999992027879 36.1000001430511 53.7000000476837 -7.69999995827675 36.1000001430511 54.4999986886978 -6.89999992027879 36.1000001430511 70.7340016961098 -15.6999994069338 36.1000001430511 72.4999979138374 -15.4914297163486 36.1000001430511 70.8750635385513 -14.8999998345971 36.1000001430511 56.2649108469486 -15.6999994069338 36.1000001430511 54.4999986886978 -14.8999998345971 36.1000001430511 54.2646534740925 -16.4720397442579 36.1000001430511 53.8497939705849 -16.005827113986 36.1000001430511 11.400000192225 -7.69999995827675 36.1000001430511 53.7000000476837 -15.3999999165535 36.1000001430511 11.400000192225 -6.89999992027879 36.1000001430511 72.226382791996 -16.2431839853525 36.1000001430511 63.40192258358 -15.6999994069338 -358.399987220764 63.000001013279 -14.8999998345971 -359.899997711182 63.40192258358 -14.8999998345971 -358.399987220764 64.4999966025352 -15.6999994069338 -357.30192065239 64.4999966025352 -14.8999998345971 -357.30192065239 65.9999996423721 -15.6999994069338 -356.900006532669 65.9999996423721 -14.8999998345971 -356.900006532669 67.500002682209 -15.6999994069338 -357.30192065239 67.500002682209 -14.8999998345971 -357.30192065239 68.5980767011642 -15.6999994069338 -358.399987220764 68.5980767011642 -14.8999998345971 -358.399987220764 68.9999982714653 -15.6999994069338 -359.899997711182 68.9999982714653 -14.8999998345971 -359.899997711182 68.5980767011642 -15.6999994069338 -361.400008201599 68.5980767011642 -14.8999998345971 -361.400008201599 67.500002682209 -15.6999994069338 -362.498074769974 67.500002682209 -14.8999998345971 -362.498074769974 65.9999996423721 -15.6999994069338 -362.899988889694 65.9999996423721 -14.8999998345971 -362.899988889694 64.4999966025352 -15.6999994069338 -362.498074769974 64.4999966025352 -14.8999998345971 -362.498074769974 63.40192258358 -15.6999994069338 -361.400008201599 63.40192258358 -14.8999998345971 -361.400008201599 63.000001013279 -15.6999994069338 -359.899997711182 63.40192258358 -15.6999994069338 -218.400001525879 63.000001013279 -14.8999998345971 -219.899997115135 63.40192258358 -14.8999998345971 -218.400001525879 64.4999966025352 -15.6999994069338 -217.301920056343 64.4999966025352 -14.8999998345971 -217.301920056343 65.9999996423721 -15.6999994069338 -216.900005936623 65.9999996423721 -14.8999998345971 -216.900005936623 67.500002682209 -15.6999994069338 -217.301920056343 67.500002682209 -14.8999998345971 -217.301920056343 68.5980767011642 -15.6999994069338 -218.400001525879 68.5980767011642 -14.8999998345971 -218.400001525879 68.9999982714653 -15.6999994069338 -219.899997115135 68.9999982714653 -14.8999998345971 -219.899997115135 68.5980767011642 -15.6999994069338 -221.399992704391 68.5980767011642 -14.8999998345971 -221.399992704391 67.500002682209 -15.6999994069338 -222.498074173927 67.500002682209 -14.8999998345971 -222.498074173927 65.9999996423721 -15.6999994069338 -222.900003194809 65.9999996423721 -14.8999998345971 -222.900003194809 64.4999966025352 -15.6999994069338 -222.498074173927 64.4999966025352 -14.8999998345971 -222.498074173927 63.40192258358 -15.6999994069338 -221.399992704391 63.40192258358 -14.8999998345971 -221.399992704391 63.000001013279 -15.6999994069338 -219.899997115135 68.5980767011642 -14.8999998345971 -116.400003433228 67.500002682209 -15.6999994069338 -117.498077452183 68.5980767011642 -15.6999994069338 -116.400003433228 63.40192258358 -15.6999994069338 -113.399997353554 63.000001013279 -14.8999998345971 -114.900000393391 63.40192258358 -14.8999998345971 -113.399997353554 64.4999966025352 -15.6999994069338 -112.301923334599 64.4999966025352 -14.8999998345971 -112.301923334599 65.9999996423721 -15.6999994069338 -111.900001764297 65.9999996423721 -14.8999998345971 -111.900001764297 67.500002682209 -15.6999994069338 -112.301923334599 67.500002682209 -14.8999998345971 -112.301923334599 68.5980767011642 -15.6999994069338 -113.399997353554 68.5980767011642 -14.8999998345971 -113.399997353554 68.9999982714653 -15.6999994069338 -114.900000393391 68.9999982714653 -14.8999998345971 -114.900000393391 67.500002682209 -14.8999998345971 -117.498077452183 65.9999996423721 -15.6999994069338 -117.899999022484 65.9999996423721 -14.8999998345971 -117.899999022484 64.4999966025352 -15.6999994069338 -117.498077452183 64.4999966025352 -14.8999998345971 -117.498077452183 63.40192258358 -15.6999994069338 -116.400003433228 63.40192258358 -14.8999998345971 -116.400003433228 63.000001013279 -15.6999994069338 -114.900000393391 64.4999966025352 -15.6999994069338 10.5019239708781 65.9999996423721 -14.8999998345971 10.0999996066093 64.4999966025352 -14.8999998345971 10.5019239708781 65.9999996423721 -15.6999994069338 10.0999996066093 67.500002682209 -14.8999998345971 10.5019239708781 67.500002682209 -15.6999994069338 10.5019239708781 68.5980767011642 -14.8999998345971 11.5999998524785 68.5980767011642 -15.6999994069338 11.5999998524785 68.9999982714653 -14.8999998345971 13.1000000983477 68.5980767011642 -15.6999994069338 14.6000003442168 67.500002682209 -14.8999998345971 15.6980752944946 68.5980767011642 -14.8999998345971 14.6000003442168 67.500002682209 -15.6999994069338 15.6980752944946 65.9999996423721 -14.8999998345971 16.100000590086 65.9999996423721 -15.6999994069338 16.100000590086 64.4999966025352 -14.8999998345971 15.6980752944946 64.4999966025352 -15.6999994069338 15.6980752944946 63.40192258358 -14.8999998345971 14.6000003442168 63.40192258358 -15.6999994069338 14.6000003442168 63.000001013279 -14.8999998345971 13.1000000983477 63.40192258358 -15.6999994069338 11.5999998524785 63.40192258358 -14.8999998345971 11.5999998524785 63.000001013279 -15.6999994069338 13.1000000983477 68.9999982714653 -15.6999994069338 13.1000000983477 11.5000000223517 63.2999986410141 -452.800005674362 15.3999999165535 63.900001347065 -452.800005674362 15.3999999165535 63.2999986410141 -452.800005674362 11.400000192225 63.900001347065 -452.800005674362 11.400000192225 63.2999986410141 -452.800005674362 25.000000372529 -12.5000001862645 24.550000205636 25.000000372529 -7.69999995827675 5.84999984130263 25.000000372529 -12.5000001862645 5.84999984130263 25.000000372529 -7.69999995827675 24.550000205636 34.000001847744 -12.5000001862645 24.550000205636 25.000000372529 -7.69999995827675 24.550000205636 25.000000372529 -12.5000001862645 24.550000205636 34.000001847744 -7.69999995827675 24.550000205636 34.000001847744 -12.5000001862645 5.84999984130263 34.000001847744 -7.69999995827675 24.550000205636 34.000001847744 -12.5000001862645 24.550000205636 34.000001847744 -7.69999995827675 5.84999984130263 25.000000372529 -12.5000001862645 5.84999984130263 34.000001847744 -7.69999995827675 5.84999984130263 34.000001847744 -12.5000001862645 5.84999984130263 25.000000372529 -7.69999995827675 5.84999984130263 34.000001847744 -12.5000001862645 24.550000205636 25.000000372529 -12.5000001862645 5.84999984130263 34.000001847744 -12.5000001862645 5.84999984130263 25.000000372529 -12.5000001862645 24.550000205636 9.807582013309 -22.8570494800806 -453.000009059906 9.90883354097605 -22.8623561561108 -448.500007390976 9.807582013309 -22.8570494800806 -448.500007390976 10.7000004500151 -22.9038186371326 -453.000009059906 10.7000004500151 -22.9038186371326 -448.500007390976 11.400000192225 -8.7500000372529 -409.249991178513 15.8500000834465 -7.69999995827675 -409.249991178513 11.400000192225 -7.69999995827675 -409.249991178513 15.8500000834465 -10.2000003680587 -409.249991178513 11.400000192225 -10.2000003680587 -409.249991178513 15.8500000834465 -10.2000003680587 -413.199990987778 15.8500000834465 -7.69999995827675 -409.249991178513 15.8500000834465 -10.2000003680587 -409.249991178513 15.8500000834465 -7.69999995827675 -413.199990987778 28.5999998450279 -10.2000003680587 -413.199990987778 15.8500000834465 -7.69999995827675 -413.199990987778 15.8500000834465 -10.2000003680587 -413.199990987778 28.5999998450279 -7.69999995827675 -413.199990987778 28.5999998450279 -10.2000003680587 -427.39999294281 28.5999998450279 -7.69999995827675 -413.199990987778 28.5999998450279 -10.2000003680587 -413.199990987778 28.5999998450279 -7.69999995827675 -427.39999294281 28.5999998450279 -7.69999995827675 -427.39999294281 15.8500000834465 -10.2000003680587 -427.39999294281 15.8500000834465 -7.69999995827675 -427.39999294281 28.5999998450279 -10.2000003680587 -427.39999294281 15.8500000834465 -10.2000003680587 -431.349992752075 15.8500000834465 -7.69999995827675 -427.39999294281 15.8500000834465 -10.2000003680587 -427.39999294281 15.8500000834465 -7.69999995827675 -431.349992752075 11.400000192225 -8.7500000372529 -431.349992752075 15.8500000834465 -10.2000003680587 -431.349992752075 11.400000192225 -10.2000003680587 -431.349992752075 15.8500000834465 -7.69999995827675 -431.349992752075 11.400000192225 -7.69999995827675 -431.349992752075 28.5999998450279 -10.2000003680587 -413.199990987778 15.8500000834465 -10.2000003680587 -427.39999294281 28.5999998450279 -10.2000003680587 -427.39999294281 11.400000192225 -10.2000003680587 -431.349992752075 15.8500000834465 -10.2000003680587 -431.349992752075 11.400000192225 -10.2000003680587 -409.249991178513 15.8500000834465 -10.2000003680587 -413.199990987778 15.8500000834465 -10.2000003680587 -409.249991178513 11.400000192225 63.2999986410141 -453.000009059906 11.5000000223517 63.2999986410141 -452.800005674362 11.5000000223517 63.2999986410141 -453.000009059906 11.400000192225 63.2999986410141 -452.800005674362 15.1000004261732 3.89999989420176 -453.000009059906 14.299999922514 2.70000007003546 -453.000009059906 14.299999922514 3.89999989420176 -453.000009059906 15.1000004261732 2.70000007003546 -453.000009059906 14.0000004321337 14.9999996647239 37.0000004768372 13.0000002682209 14.7320507094264 27.0000007003546 14.0000004321337 14.9999996647239 27.0000007003546 12.0000001043081 13.0000002682209 27.0000007003546 12.2679490596056 14.0000004321337 37.0000004768372 12.0000001043081 13.0000002682209 37.0000004768372 12.2679490596056 14.0000004321337 27.0000007003546 13.0000002682209 14.7320507094264 37.0000004768372 14.9999996647239 14.7320507094264 37.0000004768372 14.9999996647239 14.7320507094264 27.0000007003546 15.7320499420166 14.0000004321337 37.0000004768372 15.7320499420166 14.0000004321337 27.0000007003546 16.0000007599592 13.0000002682209 37.0000004768372 16.0000007599592 13.0000002682209 27.0000007003546 15.7320499420166 12.0000001043081 37.0000004768372 15.7320499420166 12.0000001043081 27.0000007003546 14.9999996647239 11.2679488956928 37.0000004768372 14.9999996647239 11.2679488956928 27.0000007003546 14.0000004321337 10.9999999403954 37.0000004768372 14.0000004321337 10.9999999403954 27.0000007003546 13.0000002682209 11.2679488956928 37.0000004768372 13.0000002682209 11.2679488956928 27.0000007003546 12.2679490596056 12.0000001043081 37.0000004768372 12.2679490596056 12.0000001043081 27.0000007003546 13.0000002682209 11.2679488956928 27.0000007003546 14.0000004321337 13.0000002682209 27.0000007003546 12.2679490596056 12.0000001043081 27.0000007003546 12.2679490596056 14.0000004321337 27.0000007003546 12.0000001043081 13.0000002682209 27.0000007003546 14.0000004321337 14.9999996647239 27.0000007003546 13.0000002682209 14.7320507094264 27.0000007003546 14.9999996647239 14.7320507094264 27.0000007003546 15.7320499420166 14.0000004321337 27.0000007003546 16.0000007599592 13.0000002682209 27.0000007003546 14.0000004321337 10.9999999403954 27.0000007003546 14.9999996647239 11.2679488956928 27.0000007003546 15.7320499420166 12.0000001043081 27.0000007003546 12.0000001043081 45.0000017881393 37.0000004768372 12.2679490596056 43.9999997615814 27.0000007003546 12.0000001043081 45.0000017881393 27.0000007003546 12.2679490596056 43.9999997615814 37.0000004768372 13.0000002682209 43.2679504156113 27.0000007003546 13.0000002682209 43.2679504156113 37.0000004768372 14.0000004321337 43.0000014603138 27.0000007003546 14.0000004321337 43.0000014603138 37.0000004768372 14.9999996647239 43.2679504156113 27.0000007003546 15.7320499420166 43.9999997615814 37.0000004768372 16.0000007599592 45.0000017881393 27.0000007003546 15.7320499420166 43.9999997615814 27.0000007003546 16.0000007599592 45.0000017881393 37.0000004768372 15.7320499420166 46.000000089407 27.0000007003546 15.7320499420166 46.000000089407 37.0000004768372 14.9999996647239 46.7320494353771 27.0000007003546 14.9999996647239 46.7320494353771 37.0000004768372 14.0000004321337 46.9999983906746 27.0000007003546 14.0000004321337 46.9999983906746 37.0000004768372 13.0000002682209 46.7320494353771 27.0000007003546 14.9999996647239 43.2679504156113 37.0000004768372 13.0000002682209 46.7320494353771 37.0000004768372 12.2679490596056 46.000000089407 27.0000007003546 12.2679490596056 46.000000089407 37.0000004768372 13.0000002682209 43.2679504156113 27.0000007003546 14.0000004321337 45.0000017881393 27.0000007003546 12.2679490596056 43.9999997615814 27.0000007003546 14.0000004321337 43.0000014603138 27.0000007003546 14.9999996647239 43.2679504156113 27.0000007003546 15.7320499420166 43.9999997615814 27.0000007003546 16.0000007599592 45.0000017881393 27.0000007003546 15.7320499420166 46.000000089407 27.0000007003546 14.9999996647239 46.7320494353771 27.0000007003546 14.0000004321337 46.9999983906746 27.0000007003546 13.0000002682209 46.7320494353771 27.0000007003546 12.2679490596056 46.000000089407 27.0000007003546 12.0000001043081 45.0000017881393 27.0000007003546 11.5000000223517 -6.89999992027879 -436.899989843369 17.000000923872 1.50000001303852 -436.899989843369 17.000000923872 -6.89999992027879 -436.899989843369 20.5000005662441 62.7999976277351 -436.899989843369 15.3999999165535 63.2999986410141 -436.899989843369 20.352628082037 63.3499994874001 -436.899989843369 19.4000005722046 63.900001347065 -436.899989843369 19.9500005692244 63.7526288628578 -436.899989843369 11.5000000223517 63.2999986410141 -436.899989843369 15.3999999165535 63.900001347065 -436.899989843369 20.5000005662441 1.50000001303852 -436.899989843369 19.4000005722046 46.3000014424324 16.2749998271465 19.4000005722046 50.2999983727932 4.72499988973141 19.4000005722046 50.2999983727932 16.2749998271465 19.4000005722046 46.3000014424324 4.72499988973141 20.5000005662441 46.3000014424324 16.2749998271465 19.4000005722046 46.3000014424324 4.72499988973141 19.4000005722046 46.3000014424324 16.2749998271465 20.5000005662441 46.3000014424324 4.72499988973141 20.5000005662441 50.2999983727932 16.2749998271465 19.4000005722046 46.3000014424324 16.2749998271465 19.4000005722046 50.2999983727932 16.2749998271465 20.5000005662441 46.3000014424324 16.2749998271465 19.4000005722046 50.2999983727932 4.72499988973141 20.5000005662441 50.2999983727932 16.2749998271465 19.4000005722046 50.2999983727932 16.2749998271465 20.5000005662441 50.2999983727932 4.72499988973141 20.5000005662441 46.3000014424324 4.72499988973141 19.4000005722046 50.2999983727932 4.72499988973141 19.4000005722046 46.3000014424324 4.72499988973141 20.5000005662441 50.2999983727932 4.72499988973141 20.3000009059906 37.6439988613129 12.9305133596063 20.3000009059906 41.2940010428429 12.9305133596063 20.3000009059906 40.8049933612347 14.7555135190487 20.3000009059906 35.8190014958382 9.76952072232962 20.3000009059906 34.4830080866814 11.1055132001638 20.3000009059906 37.6439988613129 9.28051304072142 20.3000009059906 39.4689999520779 9.76952072232962 20.3000009059906 40.8049933612347 11.1055132001638 20.3000009059906 33.9940004050732 12.9305133596063 20.3000009059906 39.4689999520779 16.0915050655603 20.3000009059906 37.6439988613129 16.5805127471685 20.3000009059906 35.8190014958382 16.0915050655603 20.3000009059906 34.4830080866814 14.7555135190487 20.3000009059906 25.4549998790026 6.89999992027879 20.3000009059906 25.4549998790026 10.9000001102686 20.3000009059906 23.454999551177 10.3641012683511 20.3000009059906 21.4549992233515 6.89999992027879 20.3000009059906 21.9908989965916 4.90000005811453 20.3000009059906 21.9908989965916 8.89999978244305 20.3000009059906 27.4550002068281 10.3641012683511 20.3000009059906 28.9191007614136 8.89999978244305 20.3000009059906 29.4550005346537 6.89999992027879 20.3000009059906 28.9191007614136 4.90000005811453 20.3000009059906 27.4550002068281 3.43589833937585 20.3000009059906 25.4549998790026 2.89999996311963 20.3000009059906 23.454999551177 3.43589833937585 20.3000009059906 13.472500257194 4.30706795305014 20.3000009059906 15.0849996134639 7.1000000461936 20.3000009059906 12.292068451643 5.48750022426248 20.3000009059906 15.0849996134639 3.87499993667006 20.3000009059906 11.8599999696016 7.1000000461936 20.3000009059906 16.6974999010563 4.30706795305014 20.3000009059906 17.8779326379299 5.48750022426248 20.3000009059906 18.3099992573261 7.1000000461936 20.3000009059906 17.8779326379299 8.71250033378601 20.3000009059906 16.6974999010563 9.89293213933706 20.3000009059906 15.0849996134639 10.3249996900558 20.3000009059906 13.472500257194 9.89293213933706 20.3000009059906 12.292068451643 8.71250033378601 19.4000005722046 35.8190014958382 9.76952072232962 20.3000009059906 34.4830080866814 11.1055132001638 19.4000005722046 34.4830080866814 11.1055132001638 20.3000009059906 35.8190014958382 9.76952072232962 19.4000005722046 37.6439988613129 9.28051304072142 20.3000009059906 37.6439988613129 9.28051304072142 19.4000005722046 39.4689999520779 9.76952072232962 20.3000009059906 39.4689999520779 9.76952072232962 19.4000005722046 40.8049933612347 11.1055132001638 20.3000009059906 40.8049933612347 11.1055132001638 19.4000005722046 41.2940010428429 12.9305133596063 20.3000009059906 41.2940010428429 12.9305133596063 19.4000005722046 40.8049933612347 14.7555135190487 20.3000009059906 40.8049933612347 14.7555135190487 20.3000009059906 33.9940004050732 12.9305133596063 19.4000005722046 33.9940004050732 12.9305133596063 19.4000005722046 39.4689999520779 16.0915050655603 20.3000009059906 39.4689999520779 16.0915050655603 19.4000005722046 37.6439988613129 16.5805127471685 20.3000009059906 37.6439988613129 16.5805127471685 19.4000005722046 35.8190014958382 16.0915050655603 20.3000009059906 35.8190014958382 16.0915050655603 19.4000005722046 34.4830080866814 14.7555135190487 20.3000009059906 34.4830080866814 14.7555135190487 19.4000005722046 21.9908989965916 4.90000005811453 20.3000009059906 21.4549992233515 6.89999992027879 19.4000005722046 21.4549992233515 6.89999992027879 19.4000005722046 23.454999551177 3.43589833937585 20.3000009059906 21.9908989965916 4.90000005811453 19.4000005722046 25.4549998790026 2.89999996311963 20.3000009059906 23.454999551177 3.43589833937585 19.4000005722046 28.9191007614136 8.89999978244305 20.3000009059906 29.4550005346537 6.89999992027879 19.4000005722046 29.4550005346537 6.89999992027879 19.4000005722046 27.4550002068281 3.43589833937585 20.3000009059906 25.4549998790026 2.89999996311963 19.4000005722046 28.9191007614136 4.90000005811453 20.3000009059906 27.4550002068281 3.43589833937585 20.3000009059906 28.9191007614136 4.90000005811453 19.4000005722046 27.4550002068281 10.3641012683511 20.3000009059906 28.9191007614136 8.89999978244305 19.4000005722046 25.4549998790026 10.9000001102686 20.3000009059906 27.4550002068281 10.3641012683511 19.4000005722046 23.454999551177 10.3641012683511 20.3000009059906 25.4549998790026 10.9000001102686 19.4000005722046 21.9908989965916 8.89999978244305 20.3000009059906 23.454999551177 10.3641012683511 20.3000009059906 21.9908989965916 8.89999978244305 19.4000005722046 12.292068451643 5.48750022426248 20.3000009059906 11.8599999696016 7.1000000461936 19.4000005722046 11.8599999696016 7.1000000461936 20.3000009059906 12.292068451643 8.71250033378601 19.4000005722046 12.292068451643 8.71250033378601 20.3000009059906 13.472500257194 9.89293213933706 20.3000009059906 15.0849996134639 10.3249996900558 19.4000005722046 13.472500257194 9.89293213933706 20.3000009059906 16.6974999010563 9.89293213933706 19.4000005722046 15.0849996134639 10.3249996900558 20.3000009059906 17.8779326379299 8.71250033378601 19.4000005722046 16.6974999010563 9.89293213933706 20.3000009059906 18.3099992573261 7.1000000461936 19.4000005722046 17.8779326379299 8.71250033378601 20.3000009059906 17.8779326379299 5.48750022426248 19.4000005722046 18.3099992573261 7.1000000461936 20.3000009059906 16.6974999010563 4.30706795305014 19.4000005722046 17.8779326379299 5.48750022426248 20.3000009059906 15.0849996134639 3.87499993667006 19.4000005722046 16.6974999010563 4.30706795305014 20.3000009059906 13.472500257194 4.30706795305014 19.4000005722046 15.0849996134639 3.87499993667006 20.3000009059906 12.292068451643 5.48750022426248 19.4000005722046 13.472500257194 4.30706795305014 19.4000005722046 29.4550005346537 6.89999992027879 19.4000005722046 34.4830080866814 11.1055132001638 19.4000005722046 28.9191007614136 8.89999978244305 19.4000005722046 15.0849996134639 3.87499993667006 19.4000005722046 25.4549998790026 2.89999996311963 19.4000005722046 16.6974999010563 4.30706795305014 19.4000005722046 37.6439988613129 9.28051304072142 19.4000005722046 27.4550002068281 3.43589833937585 19.4000005722046 43.8000001013279 1.5999999595806 19.4000005722046 41.2940010428429 12.9305133596063 19.4000005722046 43.8000001013279 19.4000005722046 19.4000005722046 37.6439988613129 16.5805127471685 19.4000005722046 39.4689999520779 16.0915050655603 19.4000005722046 23.454999551177 10.3641012683511 19.4000005722046 10.4000000283122 15.3999999165535 19.4000005722046 21.9908989965916 8.89999978244305 19.4000005722046 23.454999551177 3.43589833937585 19.4000005722046 21.9908989965916 4.90000005811453 19.4000005722046 16.6974999010563 9.89293213933706 19.4000005722046 13.472500257194 9.89293213933706 19.4000005722046 12.292068451643 8.71250033378601 19.4000005722046 11.8599999696016 7.1000000461936 19.4000005722046 10.4000000283122 5.59999980032444 19.4000005722046 13.472500257194 4.30706795305014 19.4000005722046 10.4000000283122 1.5999999595806 19.4000005722046 12.292068451643 5.48750022426248 19.4000005722046 35.8190014958382 9.76952072232962 19.4000005722046 40.8049933612347 11.1055132001638 19.4000005722046 27.4550002068281 10.3641012683511 19.4000005722046 33.9940004050732 12.9305133596063 19.4000005722046 34.4830080866814 14.7555135190487 19.4000005722046 17.8779326379299 8.71250033378601 19.4000005722046 15.0849996134639 10.3249996900558 19.4000005722046 39.4689999520779 9.76952072232962 19.4000005722046 17.8779326379299 5.48750022426248 19.4000005722046 6.89999992027879 5.59999980032444 19.4000005722046 18.3099992573261 7.1000000461936 19.4000005722046 21.4549992233515 6.89999992027879 19.4000005722046 40.8049933612347 14.7555135190487 19.4000005722046 6.89999992027879 15.3999999165535 19.4000005722046 10.4000000283122 19.4000005722046 19.4000005722046 25.4549998790026 10.9000001102686 19.4000005722046 35.8190014958382 16.0915050655603 19.4000005722046 28.9191007614136 4.90000005811453 20.5000005662441 10.4000000283122 5.59999980032444 19.4000005722046 6.89999992027879 5.59999980032444 20.5000005662441 6.89999992027879 5.59999980032444 19.4000005722046 10.4000000283122 5.59999980032444 19.4000005722046 6.89999992027879 5.59999980032444 20.5000005662441 6.89999992027879 15.3999999165535 20.5000005662441 6.89999992027879 5.59999980032444 19.4000005722046 6.89999992027879 15.3999999165535 20.5000005662441 10.4000000283122 15.3999999165535 19.4000005722046 6.89999992027879 15.3999999165535 19.4000005722046 10.4000000283122 15.3999999165535 20.5000005662441 6.89999992027879 15.3999999165535 20.5000005662441 10.4000000283122 19.4000005722046 19.4000005722046 10.4000000283122 15.3999999165535 19.4000005722046 10.4000000283122 19.4000005722046 20.5000005662441 10.4000000283122 15.3999999165535 20.5000005662441 10.4000000283122 19.4000005722046 19.4000005722046 43.8000001013279 19.4000005722046 20.5000005662441 43.8000001013279 19.4000005722046 19.4000005722046 10.4000000283122 19.4000005722046 19.4000005722046 43.8000001013279 1.5999999595806 20.5000005662441 43.8000001013279 19.4000005722046 19.4000005722046 43.8000001013279 19.4000005722046 20.5000005662441 43.8000001013279 1.5999999595806 20.5000005662441 10.4000000283122 1.5999999595806 19.4000005722046 43.8000001013279 1.5999999595806 19.4000005722046 10.4000000283122 1.5999999595806 20.5000005662441 43.8000001013279 1.5999999595806 19.4000005722046 10.4000000283122 1.5999999595806 20.5000005662441 10.4000000283122 5.59999980032444 20.5000005662441 10.4000000283122 1.5999999595806 19.4000005722046 10.4000000283122 5.59999980032444 19.6000002324581 20.7000002264977 -419.149994850159 19.6000002324581 17.1499997377396 -419.149994850159 19.6000002324581 17.6256094127893 -420.924991369247 19.6000002324581 17.6256094127893 -417.37499833107 19.6000002324581 18.9249999821186 -416.075617074966 19.6000002324581 20.7000002264977 -415.600001811981 19.6000002324581 22.4750004708767 -416.075617074966 19.6000002324581 23.774391040206 -417.37499833107 19.6000002324581 24.2500007152557 -419.149994850159 19.6000002324581 23.774391040206 -420.924991369247 19.6000002324581 22.4750004708767 -422.224402427673 19.6000002324581 20.7000002264977 -422.699987888336 19.6000002324581 18.9249999821186 -422.224402427673 20.5000005662441 17.6256094127893 -417.37499833107 19.6000002324581 17.1499997377396 -419.149994850159 19.6000002324581 17.6256094127893 -417.37499833107 20.5000005662441 18.9249999821186 -416.075617074966 19.6000002324581 18.9249999821186 -416.075617074966 20.5000005662441 20.7000002264977 -415.600001811981 19.6000002324581 20.7000002264977 -415.600001811981 20.5000005662441 22.4750004708767 -416.075617074966 19.6000002324581 22.4750004708767 -416.075617074966 20.5000005662441 23.774391040206 -417.37499833107 19.6000002324581 23.774391040206 -417.37499833107 20.5000005662441 24.2500007152557 -419.149994850159 19.6000002324581 24.2500007152557 -419.149994850159 20.5000005662441 23.774391040206 -420.924991369247 19.6000002324581 23.774391040206 -420.924991369247 20.5000005662441 22.4750004708767 -422.224402427673 19.6000002324581 22.4750004708767 -422.224402427673 20.5000005662441 20.7000002264977 -422.699987888336 19.6000002324581 20.7000002264977 -422.699987888336 20.5000005662441 18.9249999821186 -422.224402427673 19.6000002324581 18.9249999821186 -422.224402427673 20.5000005662441 17.6256094127893 -420.924991369247 19.6000002324581 17.6256094127893 -420.924991369247 20.5000005662441 17.1499997377396 -419.149994850159 9.807582013309 -22.8570494800806 -448.500007390976 9.90883354097605 -22.8623561561108 -448.500007390976 9.90521162748337 -22.8786934167147 -448.500007390976 9.807582013309 -22.8570494800806 -453.000009059906 9.90521162748337 -22.8786934167147 -448.500007390976 9.90521162748337 -22.8786934167147 -453.000009059906 9.807582013309 -22.8570494800806 -448.500007390976 11.9000002741814 -13.7000000104308 -189.899995923042 11.9000002741814 -11.0153211280704 -191.449999809265 11.9000002741814 -10.5999996885657 -189.899995923042 11.9000002741814 -12.1499998494983 -192.584678530693 11.9000002741814 -13.7000000104308 -193.000003695488 11.9000002741814 -15.2500001713634 -192.584678530693 11.9000002741814 -16.3846779614687 -191.449999809265 11.9000002741814 -16.7999994009733 -189.899995923042 11.9000002741814 -16.3846779614687 -188.350006937981 11.9000002741814 -15.2500001713634 -187.215328216553 11.9000002741814 -13.7000000104308 -186.800003051758 11.9000002741814 -12.1499998494983 -187.215328216553 11.9000002741814 -11.0153211280704 -188.350006937981 11.9000002741814 -13.7000000104308 -175.899997353554 11.9000002741814 -13.7000000104308 -172.800004482269 11.9000002741814 -15.2500001713634 -173.215314745903 11.9000002741814 -10.5999996885657 -175.899997353554 11.9000002741814 -11.0153211280704 -174.349993467331 11.9000002741814 -11.0153211280704 -177.450001239777 11.9000002741814 -12.1499998494983 -178.584679961205 11.9000002741814 -13.7000000104308 -179.000005125999 11.9000002741814 -15.2500001713634 -178.584679961205 11.9000002741814 -16.3846779614687 -177.450001239777 11.9000002741814 -16.7999994009733 -175.899997353554 11.9000002741814 -12.1499998494983 -173.215314745903 11.9000002741814 -16.3846779614687 -174.349993467331 11.9000002741814 -13.7000000104308 -49.8999990522861 11.9000002741814 -15.2500001713634 -47.2153201699257 11.9000002741814 -16.3846779614687 -48.3499988913536 11.9000002741814 -16.7999994009733 -49.8999990522861 11.9000002741814 -16.3846779614687 -51.4499992132187 11.9000002741814 -15.2500001713634 -52.5846779346466 11.9000002741814 -13.7000000104308 -52.9999993741512 11.9000002741814 -13.7000000104308 -46.7999987304211 11.9000002741814 -12.1499998494983 -52.5846779346466 11.9000002741814 -11.0153211280704 -51.4499992132187 11.9000002741814 -10.5999996885657 -49.8999990522861 11.9000002741814 -11.0153211280704 -48.3499988913536 11.9000002741814 -12.1499998494983 -47.2153201699257 11.9000002741814 -13.7000000104308 -63.900001347065 11.9000002741814 -15.2500001713634 -61.2153224647045 11.9000002741814 -16.3846779614687 -62.3500011861324 11.9000002741814 -10.5999996885657 -63.900001347065 11.9000002741814 -11.0153211280704 -62.3500011861324 11.9000002741814 -11.0153211280704 -65.4499977827072 11.9000002741814 -12.1499998494983 -66.5846765041351 11.9000002741814 -13.7000000104308 -67.0000016689301 11.9000002741814 -15.2500001713634 -66.5846765041351 11.9000002741814 -16.3846779614687 -65.4499977827072 11.9000002741814 -16.7999994009733 -63.900001347065 11.9000002741814 -13.7000000104308 -60.8000010251999 11.9000002741814 -12.1499998494983 -61.2153224647045 11.9000002741814 -13.7000000104308 -373.89999628067 11.9000002741814 -16.3846779614687 -375.449985265732 11.9000002741814 -15.2500001713634 -376.584678888321 11.9000002741814 -16.7999994009733 -373.89999628067 11.9000002741814 -16.3846779614687 -372.350007295609 11.9000002741814 -15.2500001713634 -371.215313673019 11.9000002741814 -13.7000000104308 -370.799988508224 11.9000002741814 -12.1499998494983 -371.215313673019 11.9000002741814 -11.0153211280704 -372.350007295609 11.9000002741814 -13.7000000104308 -377.000004053116 11.9000002741814 -10.5999996885657 -373.89999628067 11.9000002741814 -11.0153211280704 -375.449985265732 11.9000002741814 -12.1499998494983 -376.584678888321 11.9000002741814 -13.7000000104308 -359.899997711182 11.9000002741814 -12.1499998494983 -362.584680318832 11.9000002741814 -11.0153211280704 -361.449986696243 11.9000002741814 -10.5999996885657 -359.899997711182 11.9000002741814 -13.7000000104308 -363.000005483627 11.9000002741814 -15.2500001713634 -362.584680318832 11.9000002741814 -16.7999994009733 -359.899997711182 11.9000002741814 -16.3846779614687 -361.449986696243 11.9000002741814 -16.3846779614687 -358.35000872612 11.9000002741814 -15.2500001713634 -357.215315103531 11.9000002741814 -13.7000000104308 -356.799989938736 11.9000002741814 -12.1499998494983 -357.215315103531 11.9000002741814 -11.0153211280704 -358.35000872612 8.500000461936 56.8000003695488 -453.000009059906 8.500000461936 56.7954443395138 37.0000004768372 8.500000461936 56.8000003695488 37.0000004768372 8.500000461936 56.7954443395138 -453.000009059906 11.5000000223517 3.89999989420176 -453.000009059906 11.5000000223517 4.60000010207295 -449.000000953674 11.5000000223517 3.89999989420176 -449.000000953674 11.5000000223517 3.00000002607703 -448.500007390976 11.5000000223517 -6.89999992027879 -440.400004386902 11.5000000223517 -7.69999995827675 -440.400004386902 11.5000000223517 18.3000005781651 -439.999997615814 11.5000000223517 -6.89999992027879 -436.899989843369 11.5000000223517 7.1000000461936 -439.999997615814 11.5000000223517 45.4000011086464 -437.799990177155 11.5000000223517 63.2999986410141 -436.899989843369 11.5000000223517 3.00000002607703 -441.000014543533 11.5000000223517 -18.6000000685453 -448.500007390976 11.5000000223517 -18.6000000685453 -440.400004386902 11.5000000223517 18.3000005781651 -449.000000953674 11.5000000223517 30.0999991595745 -449.000000953674 11.5000000223517 7.1000000461936 -449.000000953674 11.5000000223517 30.0999991595745 -439.999997615814 11.5000000223517 41.2999987602234 -439.999997615814 11.5000000223517 45.4000011086464 -449.000000953674 11.5000000223517 63.2999986410141 -453.000009059906 11.5000000223517 53.1000010669231 -449.000000953674 11.5000000223517 53.1000010669231 -437.799990177155 11.5000000223517 41.2999987602234 -449.000000953674 11.5000000223517 63.2999986410141 -452.800005674362 11.5000000223517 4.60000010207295 -441.000014543533 15.1000004261732 2.40000011399388 -453.000009059906 12.7999996766448 -6.80000009015203 -453.000009059906 19.9999995529652 -6.80000009015203 -453.000009059906 20.4000007361174 -6.69282022863626 -453.000009059906 20.8000000566244 2.70000007003546 -453.000009059906 15.1000004261732 2.70000007003546 -453.000009059906 20.8000000566244 -6.00000005215406 -453.000009059906 20.6928197294474 -6.3999998383224 -453.000009059906 12.7999996766448 2.40000011399388 -453.000009059906 11.5000000223517 63.2999986410141 -453.000009059906 19.5000004023314 64.300000667572 -453.000009059906 11.400000192225 63.900001347065 -453.000009059906 11.5000000223517 3.89999989420176 -453.000009059906 14.299999922514 60.3000000119209 -453.000009059906 14.299999922514 3.89999989420176 -453.000009059906 9.90521162748337 -22.8786934167147 -453.000009059906 10.7000004500151 -22.9038186371326 -453.000009059906 9.807582013309 -22.8570494800806 -453.000009059906 8.39999970048666 64.300000667572 -453.000009059906 9.87831875681877 -23.0000000447035 -453.000009059906 10.7000004500151 -26.9000008702278 -453.000009059906 11.400000192225 63.2999986410141 -453.000009059906 7.89999961853027 -26.9000008702278 -453.000009059906 8.40749964118004 -26.5189446508884 -453.000009059906 8.10499954968691 -26.5999995172024 -453.000009059906 20.8000000566244 63.000001013279 -453.000009059906 20.8000000566244 60.3000000119209 -453.000009059906 8.70999973267317 -25.9949993342161 -453.000009059906 8.62894579768181 -26.2975003570318 -453.000009059906 8.00000037997961 56.9339729845524 -453.000009059906 8.500000461936 56.7954443395138 -453.000009059906 8.500000461936 56.8000003695488 -453.000009059906 20.6258334219456 63.6499971151352 -453.000009059906 20.1500002294779 64.1258358955383 -453.000009059906 7.99323339015245 56.6175170242786 -453.000009059906 7.63112353160977 56.2208443880081 -453.000009059906 7.27416714653373 63.6499971151352 -453.000009059906 8.05000029504299 63.7526288628578 -453.000009059906 7.74999987334013 64.1258358955383 -453.000009059906 8.70999973267317 -23.0000000447035 -453.000009059906 8.19781515747309 -10.5207907035947 -453.000009059906 8.15000012516975 -10.413397103548 -453.000009059906 8.1809014081955 -10.5587784200907 -453.000009059906 8.19781515747309 -10.4792090132833 -453.000009059906 7.49999983236194 -11.7124356329441 -453.000009059906 7.1000000461936 -26.1000003665686 -453.000009059906 7.49999983236194 -25.9949993342161 -453.000009059906 8.15000012516975 -10.5866026133299 -453.000009059906 7.49999983236194 55.7000003755093 -453.000009059906 7.49999983236194 57.7999986708164 -453.000009059906 7.49999983236194 -9.28756408393383 -453.000009059906 7.8041423112154 -10.8768120408058 -453.000009059906 7.63397477567196 57.3000013828278 -453.000009059906 8.1809014081955 -10.4412212967873 -453.000009059906 7.6473718509078 63.3499994874001 -453.000009059906 7.1000000461936 63.000001013279 -453.000009059906 7.49999983236194 62.7999976277351 -453.000009059906 7.58105469867587 -26.2975003570318 -453.000009059906 7.20717990770936 -26.4999996870756 -453.000009059906 7.8041423112154 -10.1231886073947 -453.000009059906 7.57839949801564 -9.7321905195713 -453.000009059906 7.57839949801564 -11.2678091973066 -453.000009059906 7.49999983236194 -26.7928205430508 -453.000009059906 7.80249992385507 -26.5189446508884 -453.000009059906 8.60000029206276 63.900001347065 -453.000009059906 18.580000847578 3.00000002607703 -449.000000953674 15.1000004261732 3.89999989420176 -449.000000953674 18.580000847578 4.60000010207295 -449.000000953674 15.1000004261732 3.00000002607703 -449.000000953674 11.5000000223517 4.60000010207295 -449.000000953674 11.5000000223517 3.89999989420176 -449.000000953674 18.580000847578 3.00000002607703 -449.000000953674 15.1000004261732 3.00000002607703 -448.500007390976 15.1000004261732 3.00000002607703 -449.000000953674 11.5000000223517 3.00000002607703 -441.000014543533 18.580000847578 3.00000002607703 -441.000014543533 11.5000000223517 3.00000002607703 -448.500007390976 11.5000000223517 3.00000002607703 -441.000014543533 18.580000847578 4.60000010207295 -441.000014543533 11.5000000223517 4.60000010207295 -441.000014543533 18.580000847578 3.00000002607703 -441.000014543533 18.580000847578 4.60000010207295 -449.000000953674 11.5000000223517 4.60000010207295 -441.000014543533 18.580000847578 4.60000010207295 -441.000014543533 11.5000000223517 4.60000010207295 -449.000000953674 14.299999922514 3.89999989420176 -453.000009059906 15.1000004261732 3.89999989420176 -449.000000953674 15.1000004261732 3.89999989420176 -453.000009059906 11.5000000223517 3.89999989420176 -449.000000953674 11.5000000223517 3.89999989420176 -453.000009059906 11.5000000223517 -18.6000000685453 -448.500007390976 11.3033270463347 -19.028952345252 -448.500007390976 10.7000004500151 -22.9038186371326 -448.500007390976 12.7999996766448 2.40000011399388 -448.500007390976 15.1000004261732 3.00000002607703 -448.500007390976 11.5000000223517 3.00000002607703 -448.500007390976 10.638477280736 -19.5711478590965 -448.500007390976 11.0319992527366 -19.3749684840441 -448.500007390976 15.1000004261732 2.40000011399388 -448.500007390976 12.6928202807903 -26.4999996870756 -448.500007390976 12.7999996766448 -26.1000003665686 -448.500007390976 9.90883354097605 -22.8623561561108 -448.500007390976 12.4000003561378 -26.7928205430508 -448.500007390976 12.0000001043081 -26.9000008702278 -448.500007390976 10.7000004500151 -26.9000008702278 -448.500007390976 11.400000192225 -18.6000000685453 -448.500007390976 7.1000000461936 51.0736480355263 -455.080062150955 7.1000000461936 -26.1000003665686 -453.000009059906 7.1000000461936 51.9244484603405 -455.000013113022 7.1000000461936 -26.1000003665686 -455.080062150955 7.1000000461936 63.000001013279 -453.000009059906 7.1000000461936 63.000001013279 -455.000013113022 10.7000004500151 -26.9000008702278 -453.000009059906 7.89999961853027 -26.9000008702278 -455.164164304733 12.0000001043081 -26.9000008702278 -455.595076084137 12.0000001043081 -26.9000008702278 -448.500007390976 10.7000004500151 -26.9000008702278 -448.500007390976 7.89999961853027 -26.9000008702278 -453.000009059906 17.000000923872 -6.89999992027879 36.1000001430511 17.000000923872 1.50000001303852 37.0000004768372 17.000000923872 -6.89999992027879 37.0000004768372 17.000000923872 1.50000001303852 -436.899989843369 17.000000923872 -6.89999992027879 -436.899989843369 20.5000005662441 1.50000001303852 -436.899989843369 17.000000923872 1.50000001303852 37.0000004768372 17.000000923872 1.50000001303852 -436.899989843369 20.5000005662441 1.50000001303852 37.0000004768372 20.8000000566244 51.0736480355263 -456.519991159439 20.8000000566244 2.70000007003546 -453.999996185303 20.8000000566244 -6.00000005215406 -456.519991159439 20.8000000566244 60.3000000119209 -453.999996185303 20.8000000566244 55.7879321277142 -455.245733261108 20.8000000566244 58.1000000238419 -455.000013113022 20.8000000566244 53.5535365343094 -455.983519554138 20.8000000566244 63.000001013279 -453.000009059906 20.8000000566244 60.3000000119209 -453.000009059906 20.8000000566244 63.000001013279 -455.000013113022 20.8000000566244 -6.00000005215406 -453.000009059906 20.8000000566244 2.70000007003546 -453.000009059906 12.7999996766448 -6.80000009015203 -455.679178237915 19.9999995529652 -6.80000009015203 -453.000009059906 12.7999996766448 -6.80000009015203 -453.000009059906 19.9999995529652 -6.80000009015203 -456.435918807983 12.7999996766448 -26.1000003665686 -455.679178237915 12.7999996766448 -6.80000009015203 -453.000009059906 12.7999996766448 -26.1000003665686 -448.500007390976 12.7999996766448 -6.80000009015203 -455.679178237915 12.7999996766448 2.40000011399388 -448.500007390976 12.7999996766448 2.40000011399388 -453.000009059906 8.39999970048666 64.300000667572 -455.000013113022 19.5000004023314 64.300000667572 -453.000009059906 19.5000004023314 64.300000667572 -455.000013113022 8.39999970048666 64.300000667572 -453.000009059906 19.5000004023314 64.300000667572 -455.000013113022 20.8000000566244 63.000001013279 -455.000013113022 20.8000000566244 58.1000000238419 -455.000013113022 20.7193177193403 57.6679892838001 -455.000013113022 8.39999970048666 64.300000667572 -455.000013113022 20.6258334219456 63.6499971151352 -455.000013113022 20.1500002294779 64.1258358955383 -455.000013113022 20.5101016908884 57.2806969285011 -455.000013113022 19.8973473161459 56.6521733999252 -455.000013113022 7.27416714653373 63.6499971151352 -455.000013113022 14.526043087244 54.234504699707 -455.000013113022 10.523502714932 53.1071163713932 -455.000013113022 7.1000000461936 63.000001013279 -455.000013113022 8.77877231687307 52.6112467050552 -455.000013113022 7.1000000461936 51.9244484603405 -455.000013113022 7.74999987334013 64.1258358955383 -455.000013113022 18.4086188673973 55.7351000607014 -455.000013113022 7.20717990770936 -26.4999996870756 -455.091327428818 7.49999983236194 -26.7928205430508 -453.000009059906 7.20717990770936 -26.4999996870756 -453.000009059906 7.49999983236194 -26.7928205430508 -455.122113227844 7.89999961853027 -26.9000008702278 -453.000009059906 7.89999961853027 -26.9000008702278 -455.164164304733 7.1000000461936 -26.1000003665686 -453.000009059906 7.12725939229131 -26.3070557266474 -455.082923173904 7.1000000461936 -26.1000003665686 -455.080062150955 12.7999996766448 -26.1000003665686 -448.500007390976 12.6928202807903 -26.4999996870756 -455.667912960052 12.7727407962084 -26.3070557266474 -455.676287412643 12.7999996766448 -26.1000003665686 -455.679178237915 12.0000001043081 -26.9000008702278 -455.595076084137 12.4000003561378 -26.7928205430508 -448.500007390976 12.0000001043081 -26.9000008702278 -448.500007390976 12.6928202807903 -26.4999996870756 -448.500007390976 12.4000003561378 -26.7928205430508 -455.637127161026 20.8000000566244 -6.00000005215406 -453.000009059906 20.7727402448654 -6.20705541223288 -456.51713013649 20.8000000566244 -6.00000005215406 -456.519991159439 20.6928197294474 -6.3999998383224 -456.508725881577 20.6928197294474 -6.3999998383224 -453.000009059906 20.4000007361174 -6.69282022863626 -456.477969884872 20.4000007361174 -6.69282022863626 -453.000009059906 19.9999995529652 -6.80000009015203 -456.435918807983 19.9999995529652 -6.80000009015203 -453.000009059906 19.5000004023314 64.300000667572 -455.000013113022 20.1500002294779 64.1258358955383 -453.000009059906 20.1500002294779 64.1258358955383 -455.000013113022 20.6258334219456 63.6499971151352 -455.000013113022 20.8000000566244 63.000001013279 -453.000009059906 20.8000000566244 63.000001013279 -455.000013113022 20.6258334219456 63.6499971151352 -453.000009059906 19.5000004023314 64.300000667572 -453.000009059906 7.1000000461936 63.000001013279 -455.000013113022 7.27416714653373 63.6499971151352 -453.000009059906 7.27416714653373 63.6499971151352 -455.000013113022 7.74999987334013 64.1258358955383 -455.000013113022 8.39999970048666 64.300000667572 -453.000009059906 8.39999970048666 64.300000667572 -455.000013113022 7.74999987334013 64.1258358955383 -453.000009059906 7.1000000461936 63.000001013279 -453.000009059906 18.580000847578 4.60000010207295 -449.000000953674 18.580000847578 3.00000002607703 -441.000014543533 18.580000847578 3.00000002607703 -449.000000953674 18.580000847578 4.60000010207295 -441.000014543533 15.1000004261732 2.40000011399388 -448.500007390976 15.1000004261732 3.00000002607703 -449.000000953674 15.1000004261732 3.00000002607703 -448.500007390976 15.1000004261732 3.89999989420176 -453.000009059906 15.1000004261732 3.89999989420176 -449.000000953674 15.1000004261732 2.40000011399388 -453.000009059906 15.1000004261732 2.70000007003546 -453.000009059906 15.1000004261732 2.40000011399388 -453.000009059906 12.7999996766448 2.40000011399388 -448.500007390976 12.7999996766448 2.40000011399388 -453.000009059906 15.1000004261732 2.40000011399388 -448.500007390976 10.7000004500151 -26.9000008702278 -453.000009059906 10.7000004500151 -22.9038186371326 -448.500007390976 10.7000004500151 -22.9038186371326 -453.000009059906 10.7000004500151 -26.9000008702278 -448.500007390976 20.8000000566244 53.5535365343094 -455.983519554138 18.4086188673973 55.7351000607014 -455.000013113022 20.8000000566244 55.7879321277142 -455.245733261108 20.7193177193403 57.6679892838001 -455.000013113022 20.8000000566244 58.1000000238419 -455.000013113022 19.8973473161459 56.6521733999252 -455.000013113022 20.5101016908884 57.2806969285011 -455.000013113022 14.526043087244 54.234504699707 -455.000013113022 10.523502714932 53.1071163713932 -455.000013113022 20.8000000566244 51.0736480355263 -456.519991159439 10.523502714932 53.1071163713932 -455.000013113022 20.8000000566244 53.5535365343094 -455.983519554138 7.1000000461936 51.0736480355263 -455.080062150955 8.77877231687307 52.6112467050552 -455.000013113022 7.1000000461936 51.9244484603405 -455.000013113022 12.7727407962084 -26.3070557266474 -455.676287412643 12.0000001043081 -26.9000008702278 -455.595076084137 12.7999996766448 -26.1000003665686 -455.679178237915 7.1000000461936 -26.1000003665686 -455.080062150955 7.89999961853027 -26.9000008702278 -455.164164304733 12.6928202807903 -26.4999996870756 -455.667912960052 7.20717990770936 -26.4999996870756 -455.091327428818 7.12725939229131 -26.3070557266474 -455.082923173904 7.49999983236194 -26.7928205430508 -455.122113227844 20.6928197294474 -6.3999998383224 -456.508725881577 19.9999995529652 -6.80000009015203 -456.435918807983 20.7727402448654 -6.20705541223288 -456.51713013649 12.4000003561378 -26.7928205430508 -455.637127161026 20.8000000566244 -6.00000005215406 -456.519991159439 12.7999996766448 -6.80000009015203 -455.679178237915 20.4000007361174 -6.69282022863626 -456.477969884872 7.1000000461936 51.0736480355263 -455.080062150955 20.8000000566244 51.0736480355263 -456.519991159439 11.5000000223517 -18.6000000685453 -440.400004386902 11.400000192225 -18.6000000685453 -448.500007390976 11.5000000223517 -18.6000000685453 -448.500007390976 11.400000192225 -18.6000000685453 -440.400004386902 11.5000000223517 -18.6000000685453 -440.400004386902 11.400000192225 -8.7500000372529 -440.400004386902 11.400000192225 -18.6000000685453 -440.400004386902 11.5000000223517 -7.69999995827675 -440.400004386902 11.400000192225 -7.69999995827675 -440.400004386902 18.580000847578 45.4000011086464 -449.000000953674 18.580000847578 53.1000010669231 -437.799990177155 18.580000847578 45.4000011086464 -437.799990177155 18.580000847578 53.1000010669231 -449.000000953674 11.5000000223517 53.1000010669231 -437.799990177155 18.580000847578 53.1000010669231 -449.000000953674 11.5000000223517 53.1000010669231 -449.000000953674 18.580000847578 53.1000010669231 -437.799990177155 18.580000847578 45.4000011086464 -437.799990177155 11.5000000223517 53.1000010669231 -437.799990177155 11.5000000223517 45.4000011086464 -437.799990177155 18.580000847578 53.1000010669231 -437.799990177155 18.580000847578 45.4000011086464 -437.799990177155 11.5000000223517 45.4000011086464 -449.000000953674 18.580000847578 45.4000011086464 -449.000000953674 11.5000000223517 45.4000011086464 -437.799990177155 18.580000847578 45.4000011086464 -449.000000953674 11.5000000223517 53.1000010669231 -449.000000953674 18.580000847578 53.1000010669231 -449.000000953674 11.5000000223517 45.4000011086464 -449.000000953674 18.580000847578 41.2999987602234 -439.999997615814 18.580000847578 30.0999991595745 -449.000000953674 18.580000847578 41.2999987602234 -449.000000953674 18.580000847578 30.0999991595745 -439.999997615814 11.5000000223517 41.2999987602234 -439.999997615814 18.580000847578 41.2999987602234 -449.000000953674 11.5000000223517 41.2999987602234 -449.000000953674 18.580000847578 41.2999987602234 -439.999997615814 18.580000847578 30.0999991595745 -439.999997615814 11.5000000223517 41.2999987602234 -439.999997615814 11.5000000223517 30.0999991595745 -439.999997615814 18.580000847578 41.2999987602234 -439.999997615814 18.580000847578 30.0999991595745 -439.999997615814 11.5000000223517 30.0999991595745 -449.000000953674 18.580000847578 30.0999991595745 -449.000000953674 11.5000000223517 30.0999991595745 -439.999997615814 11.5000000223517 41.2999987602234 -449.000000953674 18.580000847578 30.0999991595745 -449.000000953674 11.5000000223517 30.0999991595745 -449.000000953674 18.580000847578 41.2999987602234 -449.000000953674 18.580000847578 7.1000000461936 -439.999997615814 18.580000847578 18.3000005781651 -449.000000953674 18.580000847578 18.3000005781651 -439.999997615814 18.580000847578 7.1000000461936 -449.000000953674 18.580000847578 18.3000005781651 -449.000000953674 11.5000000223517 18.3000005781651 -439.999997615814 18.580000847578 18.3000005781651 -439.999997615814 11.5000000223517 18.3000005781651 -449.000000953674 18.580000847578 7.1000000461936 -439.999997615814 11.5000000223517 18.3000005781651 -439.999997615814 11.5000000223517 7.1000000461936 -439.999997615814 18.580000847578 18.3000005781651 -439.999997615814 11.5000000223517 7.1000000461936 -439.999997615814 18.580000847578 7.1000000461936 -449.000000953674 18.580000847578 7.1000000461936 -439.999997615814 11.5000000223517 7.1000000461936 -449.000000953674 18.580000847578 7.1000000461936 -449.000000953674 11.5000000223517 18.3000005781651 -449.000000953674 18.580000847578 18.3000005781651 -449.000000953674 11.5000000223517 7.1000000461936 -449.000000953674 20.8000000566244 60.3000000119209 -453.999996185303 14.299999922514 2.70000007003546 -453.999996185303 20.8000000566244 2.70000007003546 -453.999996185303 14.299999922514 60.3000000119209 -453.999996185303 20.8000000566244 60.3000000119209 -453.000009059906 14.299999922514 60.3000000119209 -453.999996185303 20.8000000566244 60.3000000119209 -453.999996185303 14.299999922514 60.3000000119209 -453.000009059906 15.1000004261732 2.70000007003546 -453.000009059906 20.8000000566244 2.70000007003546 -453.999996185303 14.299999922514 2.70000007003546 -453.999996185303 20.8000000566244 2.70000007003546 -453.000009059906 14.299999922514 2.70000007003546 -453.000009059906 14.299999922514 2.70000007003546 -453.999996185303 14.299999922514 3.89999989420176 -453.000009059906 14.299999922514 2.70000007003546 -453.000009059906 14.299999922514 60.3000000119209 -453.999996185303 14.299999922514 60.3000000119209 -453.000009059906 15.3999999165535 63.2999986410141 -452.800005674362 15.3999999165535 63.900001347065 -436.899989843369 15.3999999165535 63.2999986410141 -436.899989843369 15.3999999165535 63.900001347065 -452.800005674362 7.63397477567196 57.3000013828278 37.0000004768372 8.00000037997961 56.9339729845524 -453.000009059906 8.00000037997961 56.9339729845524 37.0000004768372 7.63397477567196 57.3000013828278 -453.000009059906 7.49999983236194 57.7999986708164 37.0000004768372 7.49999983236194 57.7999986708164 -453.000009059906 8.500000461936 56.8000003695488 -453.000009059906 8.500000461936 56.8000003695488 37.0000004768372 7.49999983236194 57.7999986708164 -453.000009059906 7.49999983236194 62.7999976277351 37.0000004768372 7.49999983236194 62.7999976277351 -453.000009059906 7.49999983236194 57.7999986708164 37.0000004768372 8.05000029504299 63.7526288628578 -453.000009059906 8.60000029206276 63.900001347065 37.0000004768372 8.60000029206276 63.900001347065 -453.000009059906 8.05000029504299 63.7526288628578 37.0000004768372 7.6473718509078 63.3499994874001 -453.000009059906 7.6473718509078 63.3499994874001 37.0000004768372 7.49999983236194 62.7999976277351 -453.000009059906 7.49999983236194 62.7999976277351 37.0000004768372 15.3999999165535 63.900001347065 -436.899989843369 11.400000192225 63.900001347065 -452.800005674362 8.60000029206276 63.900001347065 37.0000004768372 8.60000029206276 63.900001347065 -453.000009059906 19.4000005722046 63.900001347065 37.0000004768372 19.4000005722046 63.900001347065 -436.899989843369 11.400000192225 63.900001347065 -453.000009059906 15.3999999165535 63.900001347065 -452.800005674362 20.352628082037 63.3499994874001 -436.899989843369 20.5000005662441 62.7999976277351 37.0000004768372 20.5000005662441 62.7999976277351 -436.899989843369 19.4000005722046 63.900001347065 -436.899989843369 19.9500005692244 63.7526288628578 37.0000004768372 19.9500005692244 63.7526288628578 -436.899989843369 19.4000005722046 63.900001347065 37.0000004768372 20.352628082037 63.3499994874001 37.0000004768372 20.5000005662441 62.7999976277351 -436.899989843369 20.5000005662441 23.774391040206 -420.924991369247 20.5000005662441 22.4750004708767 -422.224402427673 20.5000005662441 20.7000002264977 -422.699987888336 20.5000005662441 1.50000001303852 -436.899989843369 20.5000005662441 43.8000001013279 1.5999999595806 20.5000005662441 50.2999983727932 4.72499988973141 20.5000005662441 46.3000014424324 4.72499988973141 20.5000005662441 23.774391040206 -417.37499833107 20.5000005662441 62.7999976277351 37.0000004768372 20.5000005662441 22.4750004708767 -416.075617074966 20.5000005662441 46.3000014424324 16.2749998271465 20.5000005662441 43.8000001013279 19.4000005722046 20.5000005662441 10.4000000283122 1.5999999595806 20.5000005662441 6.89999992027879 5.59999980032444 20.5000005662441 18.9249999821186 -422.224402427673 20.5000005662441 24.2500007152557 -419.149994850159 20.5000005662441 50.2999983727932 16.2749998271465 20.5000005662441 18.9249999821186 -416.075617074966 20.5000005662441 17.6256094127893 -417.37499833107 20.5000005662441 1.50000001303852 37.0000004768372 20.5000005662441 10.4000000283122 19.4000005722046 20.5000005662441 6.89999992027879 15.3999999165535 20.5000005662441 10.4000000283122 15.3999999165535 20.5000005662441 17.1499997377396 -419.149994850159 20.5000005662441 20.7000002264977 -415.600001811981 20.5000005662441 17.6256094127893 -420.924991369247 20.5000005662441 10.4000000283122 5.59999980032444 7.63112353160977 56.2208443880081 -453.000009059906 7.99323339015245 56.6175170242786 37.0000004768372 7.99323339015245 56.6175170242786 -453.000009059906 7.49999983236194 55.7000003755093 -453.000009059906 7.63112353160977 56.2208443880081 37.0000004768372 7.49999983236194 55.7000003755093 37.0000004768372 8.500000461936 56.7954443395138 37.0000004768372 8.500000461936 56.7954443395138 -453.000009059906 9.51000023633242 -25.9949993342161 -40.6000018119812 8.70999973267317 -24.4999993592501 -40.6000018119812 9.51000023633242 -24.4999993592501 -40.6000018119812 8.70999973267317 -25.9949993342161 -40.6000018119812 9.20750014483929 -26.5189446508884 -40.6000018119812 8.62894579768181 -26.2975003570318 -40.6000018119812 8.40749964118004 -26.5189446508884 -40.6000018119812 8.90500005334616 -26.5999995172024 -40.6000018119812 8.10499954968691 -26.5999995172024 -40.6000018119812 9.42894537001848 -26.2975003570318 -40.6000018119812 7.79999978840351 -11.0999997705221 8.33152141422033 7.65329925343394 -11.0999997705221 9.4999996945262 7.65329925343394 -11.0999997705221 -40.3999984264374 7.79999978840351 -11.0999997705221 -39.3315218389034 8.2999998703599 -11.0999997705221 7.64867383986712 8.2999998703599 -11.0999997705221 -38.6486724019051 7.79999978840351 -11.0999997705221 -40.3999984264374 7.79999978840351 -11.0999997705221 9.4999996945262 7.49999983236194 -11.7124356329441 -40.3999984264374 7.79999978840351 -26.5174936503172 -40.3999984264374 7.79999978840351 -11.0999997705221 -40.3999984264374 7.49999983236194 -25.9949993342161 -40.3999984264374 7.57839949801564 -11.2678091973066 -40.3999984264374 7.65329925343394 -11.0999997705221 -40.3999984264374 7.58105469867587 -26.2975003570318 -40.3999984264374 7.79999978840351 -11.0999997705221 -39.3315218389034 7.79999978840351 -26.5174936503172 -40.3999984264374 7.79999978840351 -26.5174936503172 -39.3315218389034 7.79999978840351 -11.0999997705221 -40.3999984264374 8.2999998703599 -11.0999997705221 -38.6486724019051 8.10499954968691 -26.5999995172024 -38.9149859547615 8.2999998703599 -26.5999995172024 -38.6486724019051 7.79999978840351 -26.5174936503172 -39.3315218389034 7.80265918001533 -26.5190377831459 -39.3278896808624 7.79999978840351 -11.0999997705221 -39.3315218389034 8.2999998703599 -26.5999995172024 -38.6486724019051 8.2999998703599 -15.650000423193 -37.5000014901161 8.2999998703599 -11.0999997705221 -38.6486724019051 8.2999998703599 -22.350000217557 -24.4999993592501 8.2999998703599 -22.350000217557 -6.50000013411045 8.2999998703599 -15.650000423193 -24.4999993592501 8.2999998703599 -26.5999995172024 7.64867383986712 8.2999998703599 -15.650000423193 -6.50000013411045 8.2999998703599 -22.350000217557 -37.5000014901161 8.2999998703599 -22.350000217557 6.50000013411045 8.2999998703599 -11.0999997705221 7.64867383986712 8.2999998703599 -15.650000423193 6.50000013411045 8.10499954968691 -26.5999995172024 7.91498459875584 8.2999998703599 -11.0999997705221 7.64867383986712 8.2999998703599 -26.5999995172024 7.64867383986712 7.79999978840351 -26.5174936503172 8.33152141422033 7.80265918001533 -26.5190377831459 8.32788925617933 7.79999978840351 -11.0999997705221 8.33152141422033 7.79999978840351 -26.5174936503172 9.4999996945262 7.79999978840351 -11.0999997705221 8.33152141422033 7.79999978840351 -26.5174936503172 8.33152141422033 7.79999978840351 -11.0999997705221 9.4999996945262 8.90500005334616 -26.5999995172024 9.60000045597553 8.62894579768181 -26.2975003570318 9.60000045597553 8.40749964118004 -26.5189446508884 9.60000045597553 8.10499954968691 -26.5999995172024 9.60000045597553 8.70999973267317 -25.9949993342161 9.60000045597553 9.20750014483929 -26.5189446508884 9.60000045597553 9.42894537001848 -26.2975003570318 9.60000045597553 9.51000023633242 -25.9949993342161 9.60000045597553 8.70999973267317 -24.4999993592501 9.60000045597553 9.51000023633242 -24.4999993592501 9.60000045597553 8.90500005334616 -26.5999995172024 9.60000045597553 8.10499954968691 -26.5999995172024 7.91498459875584 8.2999998703599 -26.5999995172024 7.64867383986712 8.2999998703599 -26.5999995172024 -38.6486724019051 8.90500005334616 -26.5999995172024 -40.6000018119812 8.10499954968691 -26.5999995172024 -38.9149859547615 8.10499954968691 -26.5999995172024 -40.6000018119812 8.10499954968691 -26.5999995172024 9.60000045597553 9.42894537001848 -26.2975003570318 9.60000045597553 9.51000023633242 -25.9949993342161 -40.6000018119812 9.51000023633242 -25.9949993342161 9.60000045597553 9.20750014483929 -26.5189446508884 -40.6000018119812 8.90500005334616 -26.5999995172024 9.60000045597553 8.90500005334616 -26.5999995172024 -40.6000018119812 9.20750014483929 -26.5189446508884 9.60000045597553 9.42894537001848 -26.2975003570318 -40.6000018119812 9.51000023633242 -24.4999993592501 -40.6000018119812 9.51000023633242 -25.9949993342161 9.60000045597553 9.51000023633242 -25.9949993342161 -40.6000018119812 9.51000023633242 -24.4999993592501 9.60000045597553 9.90521162748337 -22.8786934167147 -448.500007390976 9.87831875681877 -23.0000000447035 -453.000009059906 9.90521162748337 -22.8786934167147 -453.000009059906 10.638477280736 -19.5711478590965 37.0000004768372 9.90883354097605 -22.8623561561108 -448.500007390976 10.638477280736 -19.5711478590965 -448.500007390976 9.87831875681877 -23.0000000447035 37.0000004768372 8.70999973267317 -23.0000000447035 37.0000004768372 9.87831875681877 -23.0000000447035 -453.000009059906 9.87831875681877 -23.0000000447035 37.0000004768372 8.70999973267317 -23.0000000447035 -453.000009059906 8.70999973267317 -23.0000000447035 -453.000009059906 8.70999973267317 -25.9949993342161 -383.571743965149 8.70999973267317 -25.9949993342161 -453.000009059906 8.70999973267317 -25.9949993342161 -175.2869784832 8.70999973267317 -24.4999993592501 -40.6000018119812 8.70999973267317 -25.9949993342161 -314.143478870392 8.70999973267317 -25.9949993342161 -244.715243577957 8.70999973267317 -23.0000000447035 37.0000004768372 8.70999973267317 -25.9949993342161 -105.858728289604 8.70999973267317 -25.9949993342161 -40.6000018119812 8.70999973267317 -24.4999993592501 9.60000045597553 8.70999973267317 -25.9949993342161 37.0000004768372 8.70999973267317 -25.9949993342161 9.60000045597553 8.40749964118004 -26.5189446508884 -175.2869784832 8.10499954968691 -26.5999995172024 -105.858728289604 8.10499954968691 -26.5999995172024 -175.2869784832 7.58105469867587 -26.2975003570318 -314.143478870392 7.80249992385507 -26.5189446508884 -383.571743965149 7.80249992385507 -26.5189446508884 -314.143478870392 7.58105469867587 -26.2975003570318 -383.571743965149 7.80249992385507 -26.5189446508884 -453.000009059906 7.49999983236194 -25.9949993342161 -105.858728289604 7.58105469867587 -26.2975003570318 -175.2869784832 7.58105469867587 -26.2975003570318 -105.858728289604 7.49999983236194 -25.9949993342161 -175.2869784832 7.58105469867587 -26.2975003570318 -244.715243577957 8.40749964118004 -26.5189446508884 -453.000009059906 8.10499954968691 -26.5999995172024 -383.571743965149 8.10499954968691 -26.5999995172024 -453.000009059906 7.80249992385507 -26.5189446508884 -105.858728289604 7.80249992385507 -26.5189446508884 -175.2869784832 8.10499954968691 -26.5999995172024 -244.715243577957 7.80249992385507 -26.5189446508884 -244.715243577957 8.40749964118004 -26.5189446508884 -383.571743965149 8.10499954968691 -26.5999995172024 -314.143478870392 8.40749964118004 -26.5189446508884 -314.143478870392 8.40749964118004 -26.5189446508884 -244.715243577957 8.40749964118004 -26.5189446508884 -105.858728289604 8.62894579768181 -26.2975003570318 -383.571743965149 8.62894579768181 -26.2975003570318 -314.143478870392 8.62894579768181 -26.2975003570318 -244.715243577957 8.62894579768181 -26.2975003570318 -175.2869784832 8.62894579768181 -26.2975003570318 -105.858728289604 8.70999973267317 -25.9949993342161 -453.000009059906 8.70999973267317 -25.9949993342161 -383.571743965149 8.70999973267317 -25.9949993342161 -314.143478870392 8.70999973267317 -25.9949993342161 -244.715243577957 8.70999973267317 -25.9949993342161 -175.2869784832 8.70999973267317 -25.9949993342161 -105.858728289604 7.80265918001533 -26.5190377831459 -39.3278896808624 8.10499954968691 -26.5999995172024 -40.6000018119812 8.10499954968691 -26.5999995172024 -38.9149859547615 7.49999983236194 -25.9949993342161 -40.3999984264374 7.58105469867587 -26.2975003570318 -40.3999984264374 8.62894579768181 -26.2975003570318 -40.6000018119812 8.70999973267317 -25.9949993342161 -40.6000018119812 8.40749964118004 -26.5189446508884 -40.6000018119812 7.58105469867587 -26.2975003570318 -453.000009059906 7.49999983236194 -25.9949993342161 -244.715243577957 7.49999983236194 -25.9949993342161 -314.143478870392 7.49999983236194 -25.9949993342161 -383.571743965149 7.79999978840351 -26.5174936503172 -40.3999984264374 7.79999978840351 -26.5174936503172 -39.3315218389034 8.62894579768181 -26.2975003570318 -453.000009059906 7.49999983236194 -25.9949993342161 -453.000009059906 7.80265918001533 -26.5190377831459 8.32788925617933 7.79999978840351 -26.5174936503172 9.4999996945262 7.79999978840351 -26.5174936503172 8.33152141422033 7.58105469867587 -26.2975003570318 9.4999996945262 7.49999983236194 -25.9949993342161 37.0000004768372 7.49999983236194 -25.9949993342161 9.4999996945262 7.80249992385507 -26.5189446508884 37.0000004768372 7.58105469867587 -26.2975003570318 37.0000004768372 8.10499954968691 -26.5999995172024 9.60000045597553 8.10499954968691 -26.5999995172024 7.91498459875584 8.40749964118004 -26.5189446508884 9.60000045597553 8.10499954968691 -26.5999995172024 37.0000004768372 8.62894579768181 -26.2975003570318 9.60000045597553 8.40749964118004 -26.5189446508884 37.0000004768372 8.70999973267317 -25.9949993342161 9.60000045597553 8.62894579768181 -26.2975003570318 37.0000004768372 8.70999973267317 -25.9949993342161 37.0000004768372 7.49999983236194 -25.9949993342161 -314.143478870392 7.49999983236194 -11.7124356329441 -256.999999284744 7.49999983236194 -11.7124356329441 -354.999989271164 7.49999983236194 -25.9949993342161 -383.571743965149 7.49999983236194 -25.9949993342161 -244.715243577957 7.49999983236194 -25.9949993342161 -175.2869784832 7.49999983236194 -25.9949993342161 -105.858728289604 7.49999983236194 -11.7124356329441 -158.999994397163 7.49999983236194 -11.7124356329441 -61.0000006854534 7.49999983236194 -25.9949993342161 -40.3999984264374 7.49999983236194 -11.7124356329441 -40.3999984264374 7.49999983236194 -11.7124356329441 -453.000009059906 7.49999983236194 -25.9949993342161 -453.000009059906 7.49999983236194 -25.9949993342161 9.4999996945262 7.49999983236194 -11.7124356329441 37.0000004768372 7.49999983236194 -11.7124356329441 9.4999996945262 7.49999983236194 -25.9949993342161 37.0000004768372 7.49999983236194 -11.7124356329441 -61.0000006854534 7.57839949801564 -11.2678091973066 -40.3999984264374 7.57839949801564 -11.2678091973066 -61.0000006854534 7.49999983236194 -11.7124356329441 -256.999999284744 7.57839949801564 -11.2678091973066 -158.999994397163 7.57839949801564 -11.2678091973066 -256.999999284744 7.49999983236194 -11.7124356329441 -453.000009059906 7.57839949801564 -11.2678091973066 -354.999989271164 7.57839949801564 -11.2678091973066 -453.000009059906 7.8041423112154 -10.8768120408058 -61.0000006854534 7.65329925343394 -11.0999997705221 9.4999996945262 7.8041423112154 -10.8768120408058 37.0000004768372 7.65329925343394 -11.0999997705221 -40.3999984264374 7.57839949801564 -11.2678091973066 37.0000004768372 7.49999983236194 -11.7124356329441 -158.999994397163 7.49999983236194 -11.7124356329441 -354.999989271164 7.49999983236194 -11.7124356329441 9.4999996945262 7.57839949801564 -11.2678091973066 9.4999996945262 7.49999983236194 -11.7124356329441 37.0000004768372 7.49999983236194 -11.7124356329441 -40.3999984264374 7.8041423112154 -10.8768120408058 -158.999994397163 7.8041423112154 -10.8768120408058 -256.999999284744 7.8041423112154 -10.8768120408058 -354.999989271164 8.15000012516975 -10.5866026133299 37.0000004768372 8.15000012516975 -10.5866026133299 -61.0000006854534 8.15000012516975 -10.5866026133299 -158.999994397163 7.8041423112154 -10.8768120408058 -453.000009059906 8.15000012516975 -10.5866026133299 -256.999999284744 8.15000012516975 -10.5866026133299 -354.999989271164 8.15000012516975 -10.5866026133299 -453.000009059906 8.15000012516975 -10.413397103548 -453.000009059906 8.1809014081955 -10.4412212967873 37.0000004768372 8.15000012516975 -10.413397103548 37.0000004768372 8.1809014081955 -10.4412212967873 -453.000009059906 8.19781515747309 -10.4792090132833 37.0000004768372 8.19781515747309 -10.4792090132833 -453.000009059906 8.19781515747309 -10.5207907035947 37.0000004768372 8.19781515747309 -10.5207907035947 -453.000009059906 8.1809014081955 -10.5587784200907 37.0000004768372 8.15000012516975 -10.5866026133299 -256.999999284744 8.1809014081955 -10.5587784200907 -453.000009059906 8.15000012516975 -10.5866026133299 -158.999994397163 8.15000012516975 -10.5866026133299 -354.999989271164 8.15000012516975 -10.5866026133299 -453.000009059906 8.15000012516975 -10.5866026133299 -61.0000006854534 8.15000012516975 -10.5866026133299 37.0000004768372 7.8041423112154 -10.1231886073947 -453.000009059906 7.57839949801564 -9.7321905195713 37.0000004768372 7.57839949801564 -9.7321905195713 -453.000009059906 8.15000012516975 -10.413397103548 -453.000009059906 7.8041423112154 -10.1231886073947 37.0000004768372 8.15000012516975 -10.413397103548 37.0000004768372 7.49999983236194 -9.28756408393383 37.0000004768372 7.49999983236194 -9.28756408393383 -453.000009059906 7.49999983236194 55.7000003755093 37.0000004768372 7.49999983236194 -9.28756408393383 -453.000009059906 7.49999983236194 -9.28756408393383 37.0000004768372 7.49999983236194 55.7000003755093 -453.000009059906 9.39999986439943 -22.350000217557 6.50000013411045 9.39999986439943 -15.650000423193 -6.50000013411045 9.39999986439943 -22.350000217557 -6.50000013411045 9.39999986439943 -15.650000423193 6.50000013411045 9.39999986439943 -22.350000217557 6.50000013411045 8.2999998703599 -22.350000217557 -6.50000013411045 8.2999998703599 -22.350000217557 6.50000013411045 9.39999986439943 -22.350000217557 -6.50000013411045 9.39999986439943 -22.350000217557 -6.50000013411045 8.2999998703599 -15.650000423193 -6.50000013411045 8.2999998703599 -22.350000217557 -6.50000013411045 9.39999986439943 -15.650000423193 -6.50000013411045 8.2999998703599 -15.650000423193 6.50000013411045 9.39999986439943 -15.650000423193 -6.50000013411045 9.39999986439943 -15.650000423193 6.50000013411045 8.2999998703599 -15.650000423193 -6.50000013411045 9.39999986439943 -15.650000423193 6.50000013411045 8.2999998703599 -22.350000217557 6.50000013411045 8.2999998703599 -15.650000423193 6.50000013411045 9.39999986439943 -22.350000217557 6.50000013411045 9.39999986439943 -15.650000423193 -24.4999993592501 9.39999986439943 -22.350000217557 -37.5000014901161 9.39999986439943 -22.350000217557 -24.4999993592501 9.39999986439943 -15.650000423193 -37.5000014901161 9.39999986439943 -22.350000217557 -24.4999993592501 8.2999998703599 -22.350000217557 -37.5000014901161 8.2999998703599 -22.350000217557 -24.4999993592501 9.39999986439943 -22.350000217557 -37.5000014901161 9.39999986439943 -22.350000217557 -37.5000014901161 8.2999998703599 -15.650000423193 -37.5000014901161 8.2999998703599 -22.350000217557 -37.5000014901161 9.39999986439943 -15.650000423193 -37.5000014901161 9.39999986439943 -15.650000423193 -37.5000014901161 8.2999998703599 -15.650000423193 -24.4999993592501 8.2999998703599 -15.650000423193 -37.5000014901161 9.39999986439943 -15.650000423193 -24.4999993592501 9.39999986439943 -15.650000423193 -24.4999993592501 8.2999998703599 -22.350000217557 -24.4999993592501 8.2999998703599 -15.650000423193 -24.4999993592501 9.39999986439943 -22.350000217557 -24.4999993592501 7.57839949801564 -11.2678091973066 9.4999996945262 7.79999978840351 -11.0999997705221 9.4999996945262 7.49999983236194 -11.7124356329441 9.4999996945262 7.79999978840351 -26.5174936503172 9.4999996945262 7.49999983236194 -25.9949993342161 9.4999996945262 7.65329925343394 -11.0999997705221 9.4999996945262 7.58105469867587 -26.2975003570318 9.4999996945262 8.70999973267317 -24.4999993592501 9.60000045597553 9.51000023633242 -24.4999993592501 -40.6000018119812 8.70999973267317 -24.4999993592501 -40.6000018119812 9.51000023633242 -24.4999993592501 9.60000045597553</float_array><technique_common><accessor count="1895" source="#bau0026152251-mesh-positions-array" stride="3"><param name="X" type="float" /><param name="Y" type="float" /><param name="Z" type="float" /></accessor></technique_common></source><source id="bau0026152251-mesh-normals"><float_array id="bau0026152251-mesh-normals-array" count="5685">2.56805910638062E-16 0.866025388240814 -0.5 1.48266963193108E-16 0.5 -0.866025388240814 1.48266963193108E-16 0.5 -0.866025388240814 1.49844978631664E-31 5.05321539244431E-16 -1 1.49844978631664E-31 5.05321539244431E-16 -1 -1.48266963193108E-16 -0.5 -0.866025388240814 -1.48266963193108E-16 -0.5 -0.866025388240814 -2.56805910638062E-16 -0.866025388240814 -0.5 -2.56805910638062E-16 -0.866025388240814 -0.5 -2.96533926386216E-16 -1 -1.22464685258517E-16 -2.96533926386216E-16 -1 -1.22464685258517E-16 -2.56805910638062E-16 -0.866025388240814 0.5 -2.56805910638062E-16 -0.866025388240814 0.5 -1.48266963193108E-16 -0.5 0.866025388240814 -1.48266963193108E-16 -0.5 0.866025388240814 -5.8122247646747E-31 -1.96005393346247E-15 1 -5.8122247646747E-31 -1.96005393346247E-15 1 1.48266963193108E-16 0.5 0.866025388240814 1.48266963193108E-16 0.5 0.866025388240814 2.56805910638062E-16 0.866025388240814 -0.5 2.96533926386216E-16 1 0 2.96533926386216E-16 1 0 2.56805910638062E-16 0.866025388240814 0.5 2.56805910638062E-16 0.866025388240814 0.5 2.56805910638062E-16 0.866025388240814 -0.5 2.96533926386216E-16 1 0 2.96533926386216E-16 1 0 2.56805910638062E-16 0.866025388240814 -0.5 1.48266963193108E-16 0.5 -0.866025388240814 1.48266963193108E-16 0.5 -0.866025388240814 1.49844978631664E-31 5.05321539244431E-16 -1 1.49844978631664E-31 5.05321539244431E-16 -1 -1.48266963193108E-16 -0.5 -0.866025388240814 -1.48266963193108E-16 -0.5 -0.866025388240814 -2.56805910638062E-16 -0.866025388240814 -0.5 -2.56805910638062E-16 -0.866025388240814 -0.5 -2.96533926386216E-16 -1 -1.22464685258517E-16 -2.96533926386216E-16 -1 -1.22464685258517E-16 -2.56805910638062E-16 -0.866025388240814 0.5 -2.56805910638062E-16 -0.866025388240814 0.5 -1.48266963193108E-16 -0.5 0.866025388240814 -1.48266963193108E-16 -0.5 0.866025388240814 -5.8122247646747E-31 -1.96005393346247E-15 1 -5.8122247646747E-31 -1.96005393346247E-15 1 1.48266963193108E-16 0.5 0.866025388240814 1.48266963193108E-16 0.5 0.866025388240814 2.56805910638062E-16 0.866025388240814 0.5 2.56805910638062E-16 0.866025388240814 0.5 1.48266963193108E-16 0.5 -0.866025388240814 2.56805910638062E-16 0.866025388240814 -0.5 2.56805910638062E-16 0.866025388240814 -0.5 1.49844978631664E-31 5.05321539244431E-16 -1 1.48266963193108E-16 0.5 -0.866025388240814 -1.48266963193108E-16 -0.5 -0.866025388240814 1.49844978631664E-31 5.05321539244431E-16 -1 2.96533926386216E-16 1 0 2.96533926386216E-16 1 0 -2.56805910638062E-16 -0.866025388240814 -0.5 -1.48266963193108E-16 -0.5 -0.866025388240814 -2.96533926386216E-16 -1 -1.22464685258517E-16 -2.56805910638062E-16 -0.866025388240814 -0.5 -2.56805910638062E-16 -0.866025388240814 0.5 -2.96533926386216E-16 -1 -1.22464685258517E-16 -1.48266963193108E-16 -0.5 0.866025388240814 -2.56805910638062E-16 -0.866025388240814 0.5 -5.8122247646747E-31 -1.96005393346247E-15 1 -1.48266963193108E-16 -0.5 0.866025388240814 1.48266963193108E-16 0.5 0.866025388240814 -5.8122247646747E-31 -1.96005393346247E-15 1 2.56805910638062E-16 0.866025388240814 0.5 1.48266963193108E-16 0.5 0.866025388240814 2.56805910638062E-16 0.866025388240814 0.5 2.56805910638062E-16 0.866025388240814 0.5 2.96533926386216E-16 1 0 2.96533926386216E-16 1 0 2.56805910638062E-16 0.866025388240814 -0.5 2.56805910638062E-16 0.866025388240814 -0.5 1.48266963193108E-16 0.5 -0.866025388240814 1.48266963193108E-16 0.5 -0.866025388240814 1.49844978631664E-31 5.05321539244431E-16 -1 1.49844978631664E-31 5.05321539244431E-16 -1 -1.48266963193108E-16 -0.5 -0.866025388240814 -1.48266963193108E-16 -0.5 -0.866025388240814 -2.56805910638062E-16 -0.866025388240814 -0.5 -2.56805910638062E-16 -0.866025388240814 -0.5 -2.96533926386216E-16 -1 -1.22464685258517E-16 -2.96533926386216E-16 -1 -1.22464685258517E-16 -2.56805910638062E-16 -0.866025388240814 0.5 -2.56805910638062E-16 -0.866025388240814 0.5 -1.48266963193108E-16 -0.5 0.866025388240814 -1.48266963193108E-16 -0.5 0.866025388240814 -5.8122247646747E-31 -1.96005393346247E-15 1 -5.8122247646747E-31 -1.96005393346247E-15 1 1.48266963193108E-16 0.5 0.866025388240814 1.48266963193108E-16 0.5 0.866025388240814 2.56805910638062E-16 0.866025388240814 0.5 2.96533926386216E-16 1 0 2.56805910638062E-16 0.866025388240814 -0.5 2.56805910638062E-16 0.866025388240814 -0.5 1.48266963193108E-16 0.5 -0.866025388240814 1.48266963193108E-16 0.5 -0.866025388240814 2.15688731285488E-31 7.27366144169463E-16 -1 2.15688731285488E-31 7.27366144169463E-16 -1 -1.48266963193108E-16 -0.5 -0.866025388240814 -1.48266963193108E-16 -0.5 -0.866025388240814 -2.56805910638062E-16 -0.866025388240814 -0.5 -2.56805910638062E-16 -0.866025388240814 -0.5 -2.96533926386216E-16 -1 -1.22464685258517E-16 -2.96533926386216E-16 -1 -1.22464685258517E-16 -2.56805910638062E-16 -0.866025388240814 0.5 -2.56805910638062E-16 -0.866025388240814 0.5 -1.48266963193108E-16 -0.5 0.866025388240814 -3.17847442342287E-31 -1.07187540788323E-15 1 -3.17847442342287E-31 -1.07187540788323E-15 1 1.48266963193108E-16 0.5 0.866025388240814 1.48266963193108E-16 0.5 0.866025388240814 2.56805910638062E-16 0.866025388240814 0.5 2.56805910638062E-16 0.866025388240814 0.5 2.96533926386216E-16 1 0 -1.48266963193108E-16 -0.5 0.866025388240814 -1.48266963193108E-16 -0.5 -0.866025388240814 -2.56805910638062E-16 -0.866025388240814 -0.5 -2.56805910638062E-16 -0.866025388240814 -0.5 2.15688731285488E-31 7.27366144169463E-16 -1 -1.48266963193108E-16 -0.5 -0.866025388240814 1.48266963193108E-16 0.5 -0.866025388240814 2.15688731285488E-31 7.27366144169463E-16 -1 2.56805910638062E-16 0.866025388240814 -0.5 1.48266963193108E-16 0.5 -0.866025388240814 2.96533926386216E-16 1 0 2.56805910638062E-16 0.866025388240814 -0.5 -2.96533926386216E-16 -1 -1.22464685258517E-16 -2.96533926386216E-16 -1 -1.22464685258517E-16 -2.56805910638062E-16 -0.866025388240814 0.5 -2.56805910638062E-16 -0.866025388240814 0.5 -1.48266963193108E-16 -0.5 0.866025388240814 -1.48266963193108E-16 -0.5 0.866025388240814 -3.17847442342287E-31 -1.07187540788323E-15 1 -3.17847442342287E-31 -1.07187540788323E-15 1 1.48266963193108E-16 0.5 0.866025388240814 1.48266963193108E-16 0.5 0.866025388240814 2.56805910638062E-16 0.866025388240814 0.5 2.56805910638062E-16 0.866025388240814 0.5 2.96533926386216E-16 1 0 0 -1 0 0 -1 0 0 -1 0 0 -1 0 1 -1.48266963193108E-16 0 1 -1.48266963193108E-16 0 1 -1.48266963193108E-16 0 1 -1.48266963193108E-16 0 1 -1.48266963193108E-16 0 1 -1.48266963193108E-16 0 1 -1.48266963193108E-16 0 1 -1.48266963193108E-16 0 1 -1.48266963193108E-16 0 1 -1.48266963193108E-16 0 1 -1.48266963193108E-16 0 1 -1.48266963193108E-16 0 1 -1.48266963193108E-16 0 1 -1.48266963193108E-16 0 1 -1.48266963193108E-16 0 1 -1.48266963193108E-16 0 1 -1.48266963193108E-16 0 1 -1.48266963193108E-16 0 1 -1.48266963193108E-16 0 1 -1.48266963193108E-16 0 1 -1.48266963193108E-16 0 1 -1.48266963193108E-16 0 1 -1.48266963193108E-16 0 1 -1.48266963193108E-16 0 1 -1.48266963193108E-16 0 1 -1.48266963193108E-16 0 1 -1.48266963193108E-16 0 1 -1.48266963193108E-16 0 1 -1.48266963193108E-16 0 1 -1.48266963193108E-16 0 1 -1.48266963193108E-16 0 1 -1.48266963193108E-16 0 1 -1.48266963193108E-16 0 1 -1.48266963193108E-16 0 1 -1.48266963193108E-16 0 1 -1.48266963193108E-16 0 1 -1.48266963193108E-16 0 1 -1.48266963193108E-16 0 1 -1.48266963193108E-16 0 1 -1.48266963193108E-16 0 1 -1.48266963193108E-16 0 1 -1.48266963193108E-16 0 1 -1.48266963193108E-16 0 1 -1.48266963193108E-16 0 1 -1.48266963193108E-16 0 1 -1.48266963193108E-16 0 1 -1.48266963193108E-16 0 1 -1.48266963193108E-16 0 1 -1.48266963193108E-16 0 1 -1.48266963193108E-16 0 1 -1.48266963193108E-16 0 1 -1.48266963193108E-16 0 1 -1.48266963193108E-16 0 1 -1.48266963193108E-16 0 1 -1.48266963193108E-16 0 1 -1.48266963193108E-16 0 1 -1.48266963193108E-16 0 1 -1.48266963193108E-16 0 1 -1.48266963193108E-16 0 1 -1.48266963193108E-16 0 1 -1.48266963193108E-16 0 1 -1.48266963193108E-16 0 1 -1.48266963193108E-16 0 1 -1.48266963193108E-16 0 1 -1.48266963193108E-16 0 1 -1.48266963193108E-16 0 1 -1.48266963193108E-16 0 1 -1.48266963193108E-16 0 1 -1.48266963193108E-16 0 1 -1.48266963193108E-16 0 1 -1.48266963193108E-16 0 1 -1.48266963193108E-16 0 1 -1.48266963193108E-16 0 1 -1.48266963193108E-16 0 1 -1.48266963193108E-16 0 1 -1.48266963193108E-16 0 1 -1.48266963193108E-16 0 1 -1.48266963193108E-16 0 1 -1.48266963193108E-16 0 1 -1.48266963193108E-16 0 1 -1.48266963193108E-16 0 1 -1.48266963193108E-16 0 1 -1.48266963193108E-16 0 1 -1.48266963193108E-16 0 1 -1.48266963193108E-16 0 1 -1.48266963193108E-16 0 1 -1.48266963193108E-16 0 1 -1.48266963193108E-16 0 1 -1.48266963193108E-16 0 1 -1.48266963193108E-16 0 1 -1.48266963193108E-16 0 1 -1.48266963193108E-16 0 1 -1.48266963193108E-16 0 1 -1.48266963193108E-16 0 1 -1.48266963193108E-16 0 1 -1.48266963193108E-16 0 1 -1.48266963193108E-16 0 1 -1.48266963193108E-16 0 1 -1.48266963193108E-16 0 1 -1.48266963193108E-16 0 1 -1.48266963193108E-16 0 1 -1.48266963193108E-16 0 1 -1.48266963193108E-16 0 1 -1.48266963193108E-16 0 1 -1.48266963193108E-16 0 1 -1.48266963193108E-16 0 1 -1.48266963193108E-16 0 1 -1.48266963193108E-16 0 2.96533926386216E-16 1 0 2.96533926386216E-16 1 0 2.96533926386216E-16 1 0 2.96533926386216E-16 1 0 2.96533926386216E-16 1 0 2.96533926386216E-16 1 0 0 0 -1 0 0 -1 0 0 -1 0 0 -1 0 0 -1 0 0 -1 0 0 -1 0 0 -1 0 0 -1 0 0 -1 0 0 -1 0 0 -1 0 0 -1 0 0 -1 0 0 -1 0 0 -1 0 -1 0 0 -1 0 0 -1 0 0 -1 0 0 -1 0 0 -1 0 0 -1 0 0 -1 0 0 -1 0 0 -1 0 0 -1 0 0 -1 0 0 -1 0 0 -1 0 0 -1 0 0 -1 0 0 -1 0 0 -1 0 0 -1 0 0 -1 0 0 -1 0 0 -1 0 0 -1 0 0.631999313831329 -0.774968922138214 0 0.23847708106041 -0.971148133277893 0 0.23847708106041 -0.971148133277893 0 0.903326988220215 -0.428952604532242 0 0.631999313831329 -0.774968922138214 0 0.903326988220215 -0.428952604532242 0 1 0 0 1 0 0 1 0 0 1 0 0 1 0 0 1 0 0 1 0 0 1 0 0 1 0 0 0 -1 0 0 -1 0 0 -1 0 0 -1 0 0 0 1 0 0 1 0 0 1 0 0 1 0 0 1 0 0 1 0 0 1 0 0 1 0 0 1 0 0 1 0 0 1 0 0 1 0 0 1 0 0 1 0 0 1 0 0 1 0 0 1 0 0 1 0 0 1 0 0 1 0 0 1 0 0 1 0 0 1 0 0 1 0 0 1 0 0 1 0 0 1 0 0 1 0 0 1 0 0 1 0 0 1 0 0 1 0 0 1 0 0 1 0 0 1 0 0 1 0 0 1 0 0 1 0 0 1 0 0 1 0 0 1 0 0 1 0 0 1 0 0 1 0 0 1 0 0 1 0 0 1 0 0 1 0 0 1 0 0 1 0 0 1 0 0 1 0 0 1 0 0 1 0 0 1 0 0 1 0 0 1 0 0 1 0 0 1 0 0 1 0 0 1 0 0 1 0 0 1 0 0 1 0 0 1 0 0 1 0 0 1 0 0 1 0 0 1 0 0 1 0.939692616462708 -0.342020153999329 0 0.939692616462708 -0.342020153999329 0 0.939692616462708 -0.342020153999329 0 0.939692616462708 -0.342020153999329 0 0.342020153999329 0.939692616462708 0 0.342020153999329 0.939692616462708 0 0.342020153999329 0.939692616462708 0 0.342020153999329 0.939692616462708 0 1.48266963193108E-16 1 0 1.48266963193108E-16 1 0 1.48266963193108E-16 1 0 1.48266963193108E-16 1 0 1.48266963193108E-16 1 0 1.48266963193108E-16 1 0 1.48266963193108E-16 1 0 1.48266963193108E-16 1 0 1.48266963193108E-16 1 0 1.48266963193108E-16 1 0 1.48266963193108E-16 1 0 1.48266963193108E-16 1 0 1.48266963193108E-16 1 0 1.48266963193108E-16 1 0 1.48266963193108E-16 1 0 1.48266963193108E-16 1 0 1.48266963193108E-16 1 0 1.48266963193108E-16 1 0 1.48266963193108E-16 1 0 1.48266963193108E-16 1 0 1.48266963193108E-16 1 0 1.48266963193108E-16 1 0 1.48266963193108E-16 1 0 1.48266963193108E-16 1 0 1.48266963193108E-16 1 0 1.48266963193108E-16 1 0 1.48266963193108E-16 1 0 1.48266963193108E-16 1 0 1.48266963193108E-16 1 0 1.48266963193108E-16 1 0 1.48266963193108E-16 1 0 1.48266963193108E-16 1 0 1.48266963193108E-16 1 0 1.48266963193108E-16 1 0 1.48266963193108E-16 1 0 1.48266963193108E-16 1 0 1.48266963193108E-16 1 0 1.48266963193108E-16 1 0 1.48266963193108E-16 1 0 1.48266963193108E-16 1 0 1.48266963193108E-16 1 0 1.48266963193108E-16 1 0 1.48266963193108E-16 1 0 1.48266963193108E-16 1 0 1.48266963193108E-16 1 0 1.48266963193108E-16 1 0 1.48266963193108E-16 1 0 1.48266963193108E-16 1 0 1.48266963193108E-16 1 0 1.48266963193108E-16 1 0 1.48266963193108E-16 1 0 1.48266963193108E-16 1 0 1 -1.48266963193108E-16 0 1 -1.48266963193108E-16 0 1 -1.48266963193108E-16 0 1 -1.48266963193108E-16 0 -1 0 0 -1 0 0 -1 0 0 -1 0 0 -0.565650224685669 -0.824645280838013 0 -0.116171188652515 -0.99322921037674 0 -0.116171188652515 -0.99322921037674 0 0.360079705715179 -0.932921528816223 0 0.360079705715179 -0.932921528816223 0 0.753349542617798 -0.657620310783386 0 0.753349542617798 -0.657620310783386 0 0.973008513450623 -0.230769231915474 0 0.973008513450623 -0.230769231915474 0 -0.884774029254913 -0.466020286083221 0 -0.565650224685669 -0.824645280838013 0 -0.884774029254913 -0.466020286083221 0 -1 0 0 -1 0 0 0 -1 0 0 -1 0 0 -1 0 0 -1 0 0 -1 0 0 -1 0 0 -1 0 0 -1 0 0 -1 0 0 -1 0 0 -1 0 0 -1 0 0 -1 0 0 -1 0 0 -1 0 0 -1 0 0 -1 0 0 -1 0 0 -1 0 0 -1 0 0 -1 0 0 -1 0 0 -1 0 0 -1 0 0 -1 0 0 -1 0 0 -1 0 0 -1 0 0 -1 0 0 -1 0 0 -1 0 0 -1 0 0 -1 0 0 -1 0 0 -1 0 0 -1 0 0 -1 0 0 -1 0 0 -1 0 0 -1 0 0 -1 0 0 -1 0 0 -1 0 0 -1 0 0 -1 0 0 -1 0 0 -1 0 0 -1 0 0 -1 0 0 -1 0 0 -1 0 0 -1 0 -0.342020153999329 -0.939692616462708 0 -0.342020153999329 -0.939692616462708 0 -0.342020153999329 -0.939692616462708 0 -0.342020153999329 -0.939692616462708 0 0 0 1 0 0 1 0 0 1 0 0 1 0 0 1 0 0 1 0 0 1 0 0 1 0 0 1 0 0 1 0 0 1 0 0 1 0 0 1 0 0 1 0 0 1 0 0 1 0 0 1 0.866025388240814 1.03829258969763E-16 -0.5 1 1.19891703567224E-16 -2.44929370517034E-16 0.866025388240814 1.03829258969763E-16 -0.5 0.5 5.99458517836118E-17 -0.866025388240814 0.5 5.99458517836118E-17 -0.866025388240814 -1.83697014652885E-16 -2.20237477122675E-32 -1 -1.83697014652885E-16 -2.20237477122675E-32 -1 -0.5 -5.99458517836118E-17 -0.866025388240814 -0.5 -5.99458517836118E-17 -0.866025388240814 -0.866025388240814 -1.03829258969763E-16 -0.5 -0.866025388240814 -1.03829258969763E-16 -0.5 -1 -1.19891703567224E-16 1.22464685258517E-16 -1 -1.19891703567224E-16 1.22464685258517E-16 -0.866025388240814 -1.03829258969763E-16 0.5 -0.866025388240814 -1.03829258969763E-16 0.5 -0.5 -5.99458517836118E-17 0.866025388240814 -0.5 -5.99458517836118E-17 0.866025388240814 2.832769343194E-16 3.39625532306384E-32 1 2.832769343194E-16 3.39625532306384E-32 1 0.5 5.99458517836118E-17 0.866025388240814 0.5 5.99458517836118E-17 0.866025388240814 0.866025388240814 1.03829258969763E-16 0.5 0.866025388240814 1.03829258969763E-16 0.5 1 1.19891703567224E-16 -2.44929370517034E-16 0.866025388240814 1.03829258969763E-16 -0.5 1 1.19891703567224E-16 -2.44929370517034E-16 0.866025388240814 1.03829258969763E-16 -0.5 0.5 5.99458517836118E-17 -0.866025388240814 0.5 5.99458517836118E-17 -0.866025388240814 -1.83697014652885E-16 -2.20237477122675E-32 -1 -1.83697014652885E-16 -2.20237477122675E-32 -1 -0.5 -5.99458517836118E-17 -0.866025388240814 -0.5 -5.99458517836118E-17 -0.866025388240814 -0.866025388240814 -1.03829258969763E-16 -0.5 -0.866025388240814 -1.03829258969763E-16 -0.5 -1 -1.19891703567224E-16 1.22464685258517E-16 -1 -1.19891703567224E-16 1.22464685258517E-16 -0.866025388240814 -1.03829258969763E-16 0.5 -0.866025388240814 -1.03829258969763E-16 0.5 -0.5 -5.99458517836118E-17 0.866025388240814 -0.5 -5.99458517836118E-17 0.866025388240814 2.832769343194E-16 3.39625532306384E-32 1 2.832769343194E-16 3.39625532306384E-32 1 0.5 5.99458517836118E-17 0.866025388240814 0.5 5.99458517836118E-17 0.866025388240814 0.866025388240814 1.03829258969763E-16 0.5 0.866025388240814 1.03829258969763E-16 0.5 1 1.19891703567224E-16 -2.44929370517034E-16 -0.866025388240814 -1.03829258969763E-16 0.5 -0.5 -5.99458517836118E-17 0.866025388240814 -0.866025388240814 -1.03829258969763E-16 0.5 0.866025388240814 1.03829258969763E-16 -0.5 1 1.19891703567224E-16 -2.44929370517034E-16 0.866025388240814 1.03829258969763E-16 -0.5 0.5 5.99458517836118E-17 -0.866025388240814 0.5 5.99458517836118E-17 -0.866025388240814 -1.83697014652885E-16 -2.20237477122675E-32 -1 -1.83697014652885E-16 -2.20237477122675E-32 -1 -0.5 -5.99458517836118E-17 -0.866025388240814 -0.5 -5.99458517836118E-17 -0.866025388240814 -0.866025388240814 -1.03829258969763E-16 -0.5 -0.866025388240814 -1.03829258969763E-16 -0.5 -1 -1.19891703567224E-16 1.22464685258517E-16 -1 -1.19891703567224E-16 1.22464685258517E-16 -0.5 -5.99458517836118E-17 0.866025388240814 2.832769343194E-16 3.39625532306384E-32 1 2.832769343194E-16 3.39625532306384E-32 1 0.5 5.99458517836118E-17 0.866025388240814 0.5 5.99458517836118E-17 0.866025388240814 0.866025388240814 1.03829258969763E-16 0.5 0.866025388240814 1.03829258969763E-16 0.5 1 1.19891703567224E-16 -2.44929370517034E-16 0.5 5.99458517836118E-17 0.866025388240814 2.832769343194E-16 3.39625532306384E-32 1 0.5 5.99458517836118E-17 0.866025388240814 2.832769343194E-16 3.39625532306384E-32 1 -0.5 -5.99458517836118E-17 0.866025388240814 -0.5 -5.99458517836118E-17 0.866025388240814 -0.866025388240814 -1.03829258969763E-16 0.5 -0.866025388240814 -1.03829258969763E-16 0.5 -1 -1.19891703567224E-16 5.665538686388E-16 -0.866025388240814 -1.03829258969763E-16 -0.5 -0.5 -5.99458517836118E-17 -0.866025388240814 -0.866025388240814 -1.03829258969763E-16 -0.5 -0.5 -5.99458517836118E-17 -0.866025388240814 -1.83697014652885E-16 -2.20237477122675E-32 -1 -1.83697014652885E-16 -2.20237477122675E-32 -1 0.5 5.99458517836118E-17 -0.866025388240814 0.5 5.99458517836118E-17 -0.866025388240814 0.866025388240814 1.03829258969763E-16 -0.5 0.866025388240814 1.03829258969763E-16 -0.5 1 1.19891703567224E-16 -2.44929370517034E-16 0.866025388240814 1.03829258969763E-16 0.5 0.866025388240814 1.03829258969763E-16 0.5 1 1.19891703567224E-16 -2.44929370517034E-16 -1 -1.19891703567224E-16 5.665538686388E-16 0 0 -1 0 0 -1 0 0 -1 0 0 -1 0 0 -1 -1 0 0 -1 0 0 -1 0 0 -1 0 0 0 0 1 0 0 1 0 0 1 0 0 1 1 0 0 1 0 0 1 0 0 1 0 0 0 0 -1 0 0 -1 0 0 -1 0 0 -1 0 -1 0 0 -1 0 0 -1 0 0 -1 0 -0.0523359552025795 -0.998629510402679 0 -0.0523359552025795 -0.998629510402679 0 -0.0523359552025795 -0.998629510402679 0 -0.0523359552025795 -0.998629510402679 0 -0.0523359552025795 -0.998629510402679 0 0 0 1 0 0 1 0 0 1 0 0 1 0 0 1 1 -1.48266963193108E-16 0 1 -1.48266963193108E-16 0 1 -1.48266963193108E-16 0 1 -1.48266963193108E-16 0 0 0 1 0 0 1 0 0 1 0 0 1 1 -1.48266963193108E-16 0 1 -1.48266963193108E-16 0 1 -1.48266963193108E-16 0 1 -1.48266963193108E-16 0 0 0 -1 0 0 -1 0 0 -1 0 0 -1 1 0 0 1 0 0 1 0 0 1 0 0 0 0 -1 0 0 -1 0 0 -1 0 0 -1 0 0 -1 0 -1 0 0 -1 0 0 -1 0 0 -1 0 0 -1 0 0 -1 0 0 -1 0 0 -1 0 2.96533926386216E-16 1 0 2.96533926386216E-16 1 0 2.96533926386216E-16 1 0 2.96533926386216E-16 1 0 0 0 -1 0 0 -1 0 0 -1 0 0 -1 -1.07187540788323E-15 -1 0 0.5 -0.866025388240814 0 -1.07187540788323E-15 -1 0 1 -2.44929370517034E-16 0 0.866025388240814 -0.5 0 1 -2.44929370517034E-16 0 0.866025388240814 -0.5 0 0.5 -0.866025388240814 0 -0.5 -0.866025388240814 0 -0.5 -0.866025388240814 0 -0.866025388240814 -0.5 0 -0.866025388240814 -0.5 0 -1 1.01064307848886E-15 0 -1 1.01064307848886E-15 0 -0.866025388240814 0.5 0 -0.866025388240814 0.5 0 -0.5 0.866025388240814 0 -0.5 0.866025388240814 0 6.12323426292584E-17 1 0 6.12323426292584E-17 1 0 0.5 0.866025388240814 0 0.5 0.866025388240814 0 0.866025388240814 0.5 0 0.866025388240814 0.5 0 0 0 1 0 0 1 0 0 1 0 0 1 0 0 1 0 0 1 0 0 1 0 0 1 0 0 1 0 0 1 0 0 1 0 0 1 0 0 1 1 -2.44929370517034E-16 0 0.866025388240814 0.5 0 1 -2.44929370517034E-16 0 0.866025388240814 0.5 0 0.5 0.866025388240814 0 0.5 0.866025388240814 0 6.12323426292584E-17 1 0 6.12323426292584E-17 1 0 -0.5 0.866025388240814 0 -0.866025388240814 0.5 0 -1 1.22464685258517E-16 0 -0.866025388240814 0.5 0 -1 1.22464685258517E-16 0 -0.866025388240814 -0.5 0 -0.866025388240814 -0.5 0 -0.5 -0.866025388240814 0 -0.5 -0.866025388240814 0 -1.07187540788323E-15 -1 0 -1.07187540788323E-15 -1 0 0.5 -0.866025388240814 0 -0.5 0.866025388240814 0 0.5 -0.866025388240814 0 0.866025388240814 -0.5 0 0.866025388240814 -0.5 0 0 0 1 0 0 1 0 0 1 0 0 1 0 0 1 0 0 1 0 0 1 0 0 1 0 0 1 0 0 1 0 0 1 0 0 1 0 0 1 0 0 -1 0 0 -1 0 0 -1 0 0 -1 0 0 -1 0 0 -1 0 0 -1 0 0 -1 0 0 -1 0 0 -1 0 0 -1 1 -2.78446781877241E-16 0 1 -2.78446781877241E-16 0 1 -2.78446781877241E-16 0 1 -2.78446781877241E-16 0 1.17369649731884E-16 1 0 1.17369649731884E-16 1 0 1.17369649731884E-16 1 0 1.17369649731884E-16 1 0 1.01801948521325E-31 8.67361737988404E-16 -1 1.01801948521325E-31 8.67361737988404E-16 -1 1.01801948521325E-31 8.67361737988404E-16 -1 1.01801948521325E-31 8.67361737988404E-16 -1 -1.17369649731884E-16 -1 0 -1.17369649731884E-16 -1 0 -1.17369649731884E-16 -1 0 -1.17369649731884E-16 -1 0 5.09009742606625E-32 4.33680868994202E-16 1 5.09009742606625E-32 4.33680868994202E-16 1 5.09009742606625E-32 4.33680868994202E-16 1 5.09009742606625E-32 4.33680868994202E-16 1 1 -5.56893590224263E-17 0 1 -5.56893590224263E-17 0 1 -5.56893590224263E-17 0 1 -5.56893590224263E-17 0 1 -5.56893590224263E-17 0 1 -5.56893590224263E-17 0 1 -5.56893590224263E-17 0 1 -5.56893590224263E-17 0 1 -5.56893590224263E-17 0 1 -5.56893590224263E-17 0 1 -5.56893590224263E-17 0 1 -5.56893590224263E-17 0 1 -5.56893590224263E-17 0 1 -5.56893590224263E-17 0 1 -5.56893590224263E-17 0 1 -5.56893590224263E-17 0 1 -5.56893590224263E-17 0 1 -5.56893590224263E-17 0 1 -5.56893590224263E-17 0 1 -5.56893590224263E-17 0 1 -5.56893590224263E-17 0 1 -5.56893590224263E-17 0 1 -5.56893590224263E-17 0 1 -5.56893590224263E-17 0 1 -5.56893590224263E-17 0 1 -5.56893590224263E-17 0 1 -5.56893590224263E-17 0 1 -5.56893590224263E-17 0 1 -5.56893590224263E-17 0 1 -5.56893590224263E-17 0 1 -5.56893590224263E-17 0 1 -5.56893590224263E-17 0 1 -5.56893590224263E-17 0 1 -5.56893590224263E-17 0 1 -5.56893590224263E-17 0 1 -5.56893590224263E-17 0 1 -5.56893590224263E-17 0 1 -5.56893590224263E-17 0 1 -5.56893590224263E-17 0 -5.86848248659421E-17 -0.5 -0.866025388240814 -1.01645098488484E-16 -0.866025388240814 -0.5 -1.01645098488484E-16 -0.866025388240814 -0.5 -5.86848248659421E-17 -0.5 -0.866025388240814 -7.18681817729392E-33 -6.12323426292584E-17 -1 -7.18681817729392E-33 -6.12323426292584E-17 -1 5.86848248659421E-17 0.5 -0.866025388240814 5.86848248659421E-17 0.5 -0.866025388240814 1.01645098488484E-16 0.866025388240814 -0.5 1.01645098488484E-16 0.866025388240814 -0.5 1.17369649731884E-16 1 -1.01064307848886E-15 1.17369649731884E-16 1 -1.01064307848886E-15 1.01645098488484E-16 0.866025388240814 0.5 1.01645098488484E-16 0.866025388240814 0.5 -1.17369649731884E-16 -1 0 -1.17369649731884E-16 -1 0 5.86848248659421E-17 0.5 0.866025388240814 5.86848248659421E-17 0.5 0.866025388240814 2.15604560012497E-32 1.83697014652885E-16 1 2.15604560012497E-32 1.83697014652885E-16 1 -5.86848248659421E-17 -0.5 0.866025388240814 -5.86848248659421E-17 -0.5 0.866025388240814 -1.01645098488484E-16 -0.866025388240814 0.5 -1.01645098488484E-16 -0.866025388240814 0.5 -1.01645098488484E-16 -0.866025388240814 -0.5 -1.17369649731884E-16 -1 0 -1.17369649731884E-16 -1 0 -5.86848248659421E-17 -0.5 -0.866025388240814 -1.01645098488484E-16 -0.866025388240814 -0.5 -7.18681817729392E-33 -6.12323426292584E-17 -1 -5.86848248659421E-17 -0.5 -0.866025388240814 1.01645098488484E-16 0.866025388240814 0.5 1.17369649731884E-16 1 -5.665538686388E-16 1.17369649731884E-16 1 -5.665538686388E-16 5.86848248659421E-17 0.5 -0.866025388240814 -7.18681817729392E-33 -6.12323426292584E-17 -1 1.01645098488484E-16 0.866025388240814 -0.5 5.86848248659421E-17 0.5 -0.866025388240814 1.01645098488484E-16 0.866025388240814 -0.5 5.86848248659421E-17 0.5 0.866025388240814 1.01645098488484E-16 0.866025388240814 0.5 1.25805648959608E-31 1.07187540788323E-15 1 5.86848248659421E-17 0.5 0.866025388240814 -5.86848248659421E-17 -0.5 0.866025388240814 1.25805648959608E-31 1.07187540788323E-15 1 -1.01645098488484E-16 -0.866025388240814 0.5 -5.86848248659421E-17 -0.5 0.866025388240814 -1.01645098488484E-16 -0.866025388240814 0.5 -1.01645098488484E-16 -0.866025388240814 -0.5 -1.17369649731884E-16 -1 0 -1.17369649731884E-16 -1 0 -1.01645098488484E-16 -0.866025388240814 0.5 -1.01645098488484E-16 -0.866025388240814 0.5 -5.86848248659421E-17 -0.5 0.866025388240814 1.25805648959608E-31 1.07187540788323E-15 1 -5.86848248659421E-17 -0.5 0.866025388240814 5.86848248659421E-17 0.5 0.866025388240814 1.25805648959608E-31 1.07187540788323E-15 1 1.01645098488484E-16 0.866025388240814 0.5 5.86848248659421E-17 0.5 0.866025388240814 1.17369649731884E-16 1 -1.01064307848886E-15 1.01645098488484E-16 0.866025388240814 0.5 1.01645098488484E-16 0.866025388240814 -0.5 1.17369649731884E-16 1 -1.01064307848886E-15 5.86848248659421E-17 0.5 -0.866025388240814 1.01645098488484E-16 0.866025388240814 -0.5 -5.93094146564729E-32 -5.05321539244431E-16 -1 5.86848248659421E-17 0.5 -0.866025388240814 -5.86848248659421E-17 -0.5 -0.866025388240814 -5.93094146564729E-32 -5.05321539244431E-16 -1 -1.01645098488484E-16 -0.866025388240814 -0.5 -5.86848248659421E-17 -0.5 -0.866025388240814 1 -1.17369649731884E-16 0 1 -1.17369649731884E-16 0 1 -1.17369649731884E-16 0 1 -1.17369649731884E-16 0 1 -1.17369649731884E-16 0 1 -1.17369649731884E-16 0 1 -1.17369649731884E-16 0 1 -1.17369649731884E-16 0 1 -1.17369649731884E-16 0 1 -1.17369649731884E-16 0 1 -1.17369649731884E-16 0 1 -1.17369649731884E-16 0 1 -1.17369649731884E-16 0 1 -1.17369649731884E-16 0 1 -1.17369649731884E-16 0 1 -1.17369649731884E-16 0 1 -1.17369649731884E-16 0 1 -1.17369649731884E-16 0 1 -1.17369649731884E-16 0 1 -1.17369649731884E-16 0 1 -1.17369649731884E-16 0 1 -1.17369649731884E-16 0 1 -1.17369649731884E-16 0 1 -1.17369649731884E-16 0 1 -1.17369649731884E-16 0 1 -1.17369649731884E-16 0 1 -1.17369649731884E-16 0 1 -1.17369649731884E-16 0 1 -1.17369649731884E-16 0 1 -1.17369649731884E-16 0 1 -1.17369649731884E-16 0 1 -1.17369649731884E-16 0 1 -1.17369649731884E-16 0 1 -1.17369649731884E-16 0 1 -1.17369649731884E-16 0 1 -1.17369649731884E-16 0 1 -1.17369649731884E-16 0 1 -1.17369649731884E-16 0 1 -1.17369649731884E-16 0 1 -1.17369649731884E-16 0 1 -1.17369649731884E-16 0 1 -1.17369649731884E-16 0 1 -1.17369649731884E-16 0 1 -1.17369649731884E-16 0 5.09009742606625E-32 4.33680868994202E-16 1 5.09009742606625E-32 4.33680868994202E-16 1 5.09009742606625E-32 4.33680868994202E-16 1 5.09009742606625E-32 4.33680868994202E-16 1 1.17369649731884E-16 1 -8.85063006050344E-17 1.17369649731884E-16 1 -8.85063006050344E-17 1.17369649731884E-16 1 -8.85063006050344E-17 1.17369649731884E-16 1 -8.85063006050344E-17 -5.81725411725469E-32 -4.95635293976105E-16 -1 -5.81725411725469E-32 -4.95635293976105E-16 -1 -5.81725411725469E-32 -4.95635293976105E-16 -1 -5.81725411725469E-32 -4.95635293976105E-16 -1 1.17369649731884E-16 1 -8.85063006050344E-17 1.17369649731884E-16 1 -8.85063006050344E-17 1.17369649731884E-16 1 -8.85063006050344E-17 1.17369649731884E-16 1 -8.85063006050344E-17 -5.81725411725469E-32 -4.95635293976105E-16 -1 -5.81725411725469E-32 -4.95635293976105E-16 -1 -5.81725411725469E-32 -4.95635293976105E-16 -1 -5.81725411725469E-32 -4.95635293976105E-16 -1 -1.17369649731884E-16 -1 0 -1.17369649731884E-16 -1 0 -1.17369649731884E-16 -1 0 -1.17369649731884E-16 -1 0 2.51456902613707E-32 2.14243537359938E-16 1 2.51456902613707E-32 2.14243537359938E-16 1 2.51456902613707E-32 2.14243537359938E-16 1 2.51456902613707E-32 2.14243537359938E-16 1 1.17369649731884E-16 1 0 1.17369649731884E-16 1 0 1.17369649731884E-16 1 0 1.17369649731884E-16 1 0 1 -1.17369649731884E-16 0 1 -1.17369649731884E-16 0 1 -1.17369649731884E-16 0 1 -1.17369649731884E-16 0 1 -1.17369649731884E-16 0 1 -1.17369649731884E-16 0 1 -1.17369649731884E-16 0 1 -1.17369649731884E-16 0 1 -1.17369649731884E-16 0 1 -1.17369649731884E-16 0 1 -1.17369649731884E-16 0 1 -1.17369649731884E-16 0 1 -1.17369649731884E-16 0 1.01645098488484E-16 0.866025388240814 -0.5 1.17369649731884E-16 1 0 1.01645098488484E-16 0.866025388240814 -0.5 5.86848248659421E-17 0.5 -0.866025388240814 5.86848248659421E-17 0.5 -0.866025388240814 -1.25805648959608E-31 -1.07187540788323E-15 -1 -1.25805648959608E-31 -1.07187540788323E-15 -1 -5.86848248659421E-17 -0.5 -0.866025388240814 -5.86848248659421E-17 -0.5 -0.866025388240814 -1.01645098488484E-16 -0.866025388240814 -0.5 -1.01645098488484E-16 -0.866025388240814 -0.5 -1.17369649731884E-16 -1 1.22464685258517E-16 -1.17369649731884E-16 -1 1.22464685258517E-16 -1.01645098488484E-16 -0.866025388240814 0.5 -1.01645098488484E-16 -0.866025388240814 0.5 -5.86848248659421E-17 -0.5 0.866025388240814 -5.86848248659421E-17 -0.5 0.866025388240814 7.18681817729392E-33 6.12323426292584E-17 1 7.18681817729392E-33 6.12323426292584E-17 1 5.86848248659421E-17 0.5 0.866025388240814 5.86848248659421E-17 0.5 0.866025388240814 1.01645098488484E-16 0.866025388240814 0.5 1.01645098488484E-16 0.866025388240814 0.5 1.17369649731884E-16 1 0 0 0 -1 0 0 -1 0 0 -1 0.216439619660378 0.976296007633209 0 0.216439619660378 0.976296007633209 0 0.216439619660378 0.976296007633209 0 0.216439619660378 0.976296007633209 0 1 -2.96533926386216E-16 0 1 -2.96533926386216E-16 0 1 -2.96533926386216E-16 0 1 -2.96533926386216E-16 0 1 -2.96533926386216E-16 0 1 -2.96533926386216E-16 0 1 -2.96533926386216E-16 0 1 -2.96533926386216E-16 0 1 -2.96533926386216E-16 0 1 -2.96533926386216E-16 0 1 -2.96533926386216E-16 0 1 -2.96533926386216E-16 0 1 -2.96533926386216E-16 0 1 -2.96533926386216E-16 0 1 -2.96533926386216E-16 0 1 -2.96533926386216E-16 0 1 -2.96533926386216E-16 0 1 -2.96533926386216E-16 0 1 -2.96533926386216E-16 0 1 -2.96533926386216E-16 0 1 -2.96533926386216E-16 0 1 -2.96533926386216E-16 0 1 -2.96533926386216E-16 0 1 -2.96533926386216E-16 0 1 -2.96533926386216E-16 0 1 -2.96533926386216E-16 0 1 -2.96533926386216E-16 0 1 -2.96533926386216E-16 0 1 -2.96533926386216E-16 0 1 -2.96533926386216E-16 0 1 -2.96533926386216E-16 0 1 -2.96533926386216E-16 0 1 -2.96533926386216E-16 0 1 -2.96533926386216E-16 0 1 -2.96533926386216E-16 0 1 -2.96533926386216E-16 0 1 -2.96533926386216E-16 0 1 -2.96533926386216E-16 0 1 -2.96533926386216E-16 0 1 -2.96533926386216E-16 0 1 -2.96533926386216E-16 0 1 -2.96533926386216E-16 0 1 -2.96533926386216E-16 0 1 -2.96533926386216E-16 0 1 -2.96533926386216E-16 0 1 -2.96533926386216E-16 0 1 -2.96533926386216E-16 0 1 -2.96533926386216E-16 0 1 -2.96533926386216E-16 0 1 -2.96533926386216E-16 0 1 -2.96533926386216E-16 0 1 -2.96533926386216E-16 0 1 -2.96533926386216E-16 0 1 -2.96533926386216E-16 0 1 -2.96533926386216E-16 0 1 -2.96533926386216E-16 0 1 -2.96533926386216E-16 0 1 -2.96533926386216E-16 0 1 -2.96533926386216E-16 0 1 -2.96533926386216E-16 0 1 -2.96533926386216E-16 0 1 -2.96533926386216E-16 0 1 -2.96533926386216E-16 0 1 -2.96533926386216E-16 0 1 -2.96533926386216E-16 0 1 -2.96533926386216E-16 0 1 -2.96533926386216E-16 0 1 -2.96533926386216E-16 0 1 -2.96533926386216E-16 0 1 -2.96533926386216E-16 0 1 -2.96533926386216E-16 0 1 -2.96533926386216E-16 0 1 -2.96533926386216E-16 0 1 -2.96533926386216E-16 0 1 -2.96533926386216E-16 0 1 -2.96533926386216E-16 0 1 -2.96533926386216E-16 0 1 -2.96533926386216E-16 0 -1 0 0 -1 0 0 -1 0 0 -1 0 0 1 -3.08395272853753E-16 0 1 -3.08395272853753E-16 0 1 -3.08395272853753E-16 0 1 -3.08395272853753E-16 0 1 -3.08395272853753E-16 0 1 -3.08395272853753E-16 0 1 -3.08395272853753E-16 0 1 -3.08395272853753E-16 0 1 -3.08395272853753E-16 0 1 -3.08395272853753E-16 0 1 -3.08395272853753E-16 0 1 -3.08395272853753E-16 0 1 -3.08395272853753E-16 0 1 -3.08395272853753E-16 0 1 -3.08395272853753E-16 0 1 -3.08395272853753E-16 0 1 -3.08395272853753E-16 0 1 -3.08395272853753E-16 0 1 -3.08395272853753E-16 0 1 -3.08395272853753E-16 0 1 -3.08395272853753E-16 0 1 -3.08395272853753E-16 0 1 -3.08395272853753E-16 0 1 -3.08395272853753E-16 0 1 -3.08395272853753E-16 0 1 -3.08395272853753E-16 0 0 0 1 0 0 1 0 0 1 0 0 1 0 0 1 0 0 1 0 0 1 0 0 1 0 0 1 0 0 1 0 0 1 0 0 1 0 0 1 0 0 1 0 0 1 0 0 1 0 0 1 0 0 1 0 0 1 0 0 1 0 0 1 0 0 1 0 0 1 0 0 1 0 0 1 0 0 1 0 0 1 0 0 1 0 0 1 0 0 1 0 0 1 0 0 1 0 0 1 0 0 1 0 0 1 0 0 1 0 0 1 0 0 1 0 0 1 0 0 1 0 0 1 0 0 1 0 0 1 0 0 1 0 0 1 0 0 1 0 0 1 0 0 1 0 0 1 0 0 1 0 0 1 0 0 1 0 0 1 0 0 1 0 0 1 0 0 1 0 0 1 0 0 1 0 0 1 0 0 1 0 0 1 0 0 1 0 0 1 0 0 1 0 0 1 0 0 -1 0 0 -1 0 0 -1 0 0 -1 0 0 -1 0 0 -1 -1.48266963193108E-16 -1 0 -1.48266963193108E-16 -1 0 -1.48266963193108E-16 -1 0 -1.48266963193108E-16 -1 0 -1.48266963193108E-16 -1 0 -1.48266963193108E-16 -1 0 0 0 1 0 0 1 0 0 1 0 0 1 1.48266963193108E-16 1 0 1.48266963193108E-16 1 0 1.48266963193108E-16 1 0 1.48266963193108E-16 1 0 2.34422085625022E-16 1 0 2.34422085625022E-16 1 0 2.34422085625022E-16 1 0 2.34422085625022E-16 1 0 2.34422085625022E-16 1 0 0 0 1 0 0 1 0 0 1 0 0 1 0 0 1 0 0 1 0 0 1 0 0 1 0 0 1 0 0 1 0 0 1 0 0 1 0 0 1 0 0 1 0 0 1 0 0 1 -1 0 0 -1 0 0 -1 0 0 -1 0 0 -1 0 0 -1 0 0 -6.08674911281625E-16 -1 0 -6.08674911281625E-16 -1 0 -6.08674911281625E-16 -1 0 -6.08674911281625E-16 -1 0 -6.08674911281625E-16 -1 0 -6.08674911281625E-16 -1 0 1 0 0 1 0 0 1 0 0 1 0 0 1 0 0 0 -1 0 0 -1 0 0 -1 0 0 -1 0 1 2.44929370517034E-16 0 1 2.44929370517034E-16 0 1 2.44929370517034E-16 0 1 2.44929370517034E-16 0 1 2.44929370517034E-16 0 1 2.44929370517034E-16 0 1 2.44929370517034E-16 0 1 2.44929370517034E-16 0 1 2.44929370517034E-16 0 1 2.44929370517034E-16 0 1 2.44929370517034E-16 0 1 2.44929370517034E-16 0 0 -1 0 0 -1 0 0 -1 0 0 -1 0 1 8.63046502168837E-17 0 1 8.63046502168837E-17 0 1 8.63046502168837E-17 0 1 8.63046502168837E-17 0 1 8.63046502168837E-17 0 1 8.63046502168837E-17 0 -1.83697014652885E-16 1 0 -1.83697014652885E-16 1 0 -1.83697014652885E-16 1 0 -1.83697014652885E-16 1 0 0 0 -1 0 0 -1 0 0 -1 0 0 -1 0 0 -1 0 0 -1 0 0 -1 0 0 -1 0 0 -1 0 0 -1 0 0 -1 0 0 -1 0 0 -1 0 0 -1 0 0 -1 0 0 -1 0 0 -1 -0.866025388240814 -0.5 0 -0.5 -0.866025388240814 0 -0.866025388240814 -0.5 0 -0.5 -0.866025388240814 0 6.12323426292584E-17 -1 0 6.12323426292584E-17 -1 0 -1 -1.22464685258517E-16 0 -0.965925812721252 -0.258819043636322 0 -1 -1.22464685258517E-16 0 1 0 0 0.866025388240814 -0.5 0 0.965925812721252 -0.258819043636322 0 1 0 0 6.12323426292584E-17 -1 0 0.5 -0.866025388240814 0 6.12323426292584E-17 -1 0 0.866025388240814 -0.5 0 0.5 -0.866025388240814 0 1 -1.0842021724855E-15 0 0.965925812721252 -0.258819043636322 0 1 -6.50521303491303E-15 0 0.866025388240814 -0.5 0 0.866025388240814 -0.5 0 0.5 -0.866025388240814 0 0.5 -0.866025388240814 0 6.12323426292584E-17 -1 0 6.12323426292584E-17 -1 0 -1.83697014652885E-16 1 0 0.5 0.866025388240814 0 0.5 0.866025388240814 0 0.866025388240814 0.5 0 1 2.44929370517034E-16 0 1 2.44929370517034E-16 0 0.866025388240814 0.5 0 -1.83697014652885E-16 1 0 -1 -1.22464685258517E-16 0 -0.866025388240814 0.5 0 -0.866025388240814 0.5 0 -0.5 0.866025388240814 0 -1.83697014652885E-16 1 0 -1.83697014652885E-16 1 0 -0.5 0.866025388240814 0 -1 -1.22464685258517E-16 0 1 0 0 1 0 0 1 0 0 1 0 0 1 -2.8309723627964E-15 0 1 -2.8309723627964E-15 0 1 -2.8309723627964E-15 0 1 -2.8309723627964E-15 0 1 -2.8309723627964E-15 0 1 -2.8309723627964E-15 0 1 -2.8309723627964E-15 0 0 -1 0 0 -1 0 0 -1 0 0 -1 0 -1 0 0 -1 0 0 -1 0 0 -1 0 0 -0.104528464376926 0.41105055809021 -0.90559995174408 -0.104528464376926 0.20903667807579 -0.972305238246918 -0.104528464376926 0.20903667807579 -0.972305238246918 -0.104528464376926 0.039028488099575 -0.99375581741333 -0.104528464376926 -5.67157432553278E-16 -0.994521915912628 -0.104528464376926 0.129780143499374 -0.98601770401001 -0.104528464376926 0.073869526386261 -0.99177473783493 -0.104528464376926 0.329718023538589 -0.938274919986725 -0.104528464376926 0.41105055809021 -0.90559995174408 -0.104528464376926 -3.58247756953407E-15 -0.994521915912628 -0.104528464376926 0.41105055809021 -0.90559995174408 -0.104528464376926 0.41105055809021 -0.90559995174408 -0.104528464376926 -3.58247756953407E-15 -0.994521915912628 -0.104528464376926 0.322847604751587 -0.940661072731018 -0.104528464376926 0.185553386807442 -0.977058708667755 -0.104528464376926 1.3487919718017E-16 -0.994521915912628 -0.104528464376926 1.3487919718017E-16 -0.994521915912628 -0.104528464376926 1.3487919718017E-16 -0.994521915912628 -0.104528464376926 1.3487919718017E-16 -0.994521915912628 -0.104528464376926 1.3487919718017E-16 -0.994521915912628 -0.104528464376926 1.3487919718017E-16 -0.994521915912628 -0.104528464376926 1.3487919718017E-16 -0.994521915912628 -0.104528464376926 1.3487919718017E-16 -0.994521915912628 -0.104528464376926 1.3487919718017E-16 -0.994521915912628 -0.104528464376926 1.3487919718017E-16 -0.994521915912628 -0.104528464376926 1.3487919718017E-16 -0.994521915912628 -0.104528464376926 1.3487919718017E-16 -0.994521915912628 -0.104528464376926 1.3487919718017E-16 -0.994521915912628 -0.104528464376926 1.3487919718017E-16 -0.994521915912628 -0.104528464376926 1.3487919718017E-16 -0.994521915912628 -0.104528464376926 1.3487919718017E-16 -0.994521915912628 -0.104528464376926 1.3487919718017E-16 -0.994521915912628 -0.104528464376926 1.3487919718017E-16 -0.994521915912628 -2.96533926386216E-16 -1 0 -2.96533926386216E-16 -1 0 -2.96533926386216E-16 -1 0 -2.96533926386216E-16 -1 0 0 0 1 0 0 1 0 0 1 0 0 1 0 0 1 1 -3.08395272853753E-16 0 1 -3.08395272853753E-16 0 1 -3.08395272853753E-16 0 1 -3.08395272853753E-16 0 1.48266963193108E-16 1 0 1.48266963193108E-16 1 0 1.48266963193108E-16 1 0 1.48266963193108E-16 1 0 0 0 1 0 0 1 0 0 1 0 0 1 -1.48266963193108E-16 -1 0 -1.48266963193108E-16 -1 0 -1.48266963193108E-16 -1 0 -1.48266963193108E-16 -1 0 0 0 -1 0 0 -1 0 0 -1 0 0 -1 1 -1.54886022750088E-16 0 1 -1.54886022750088E-16 0 1 -1.54886022750088E-16 0 1 -1.54886022750088E-16 0 1.48266963193108E-16 1 7.70988235073941E-16 1.48266963193108E-16 1 7.70988235073941E-16 1.48266963193108E-16 1 7.70988235073941E-16 1.48266963193108E-16 1 7.70988235073941E-16 0 0 1 0 0 1 0 0 1 0 0 1 -1.48266963193108E-16 -1 0 -1.48266963193108E-16 -1 0 -1.48266963193108E-16 -1 0 -1.48266963193108E-16 -1 0 0 0 -1 0 0 -1 0 0 -1 0 0 -1 1 -1.54886022750088E-16 0 1 -1.54886022750088E-16 0 1 -1.54886022750088E-16 0 1 -1.54886022750088E-16 0 1.48266963193108E-16 1 0 1.48266963193108E-16 1 0 1.48266963193108E-16 1 0 1.48266963193108E-16 1 0 0 0 1 0 0 1 0 0 1 0 0 1 -1.48266963193108E-16 -1 0 -1.48266963193108E-16 -1 0 -1.48266963193108E-16 -1 0 -1.48266963193108E-16 -1 0 0 0 -1 0 0 -1 0 0 -1 0 0 -1 0 0 1 0 0 1 0 0 1 0 0 1 -2.83020982138563E-15 -1 0 -2.83020982138563E-15 -1 0 -2.83020982138563E-15 -1 0 -2.83020982138563E-15 -1 0 2.83020982138563E-15 1 0 2.83020982138563E-15 1 0 2.83020982138563E-15 1 0 2.83020982138563E-15 1 0 2.83020982138563E-15 1 0 1 -2.8309723627964E-15 0 1 -2.8309723627964E-15 0 1 -2.8309723627964E-15 0 1 -2.8309723627964E-15 0 1 -2.8309723627964E-15 0 1 0 0 1 0 0 1 0 0 1 0 0 -0.866025388240814 -0.5 0 -0.5 -0.866025388240814 0 -0.5 -0.866025388240814 0 -0.866025388240814 -0.5 0 -1 0 0 -1 0 0 3.49148124352701E-15 -1 0 3.49148124352701E-15 -1 0 -1 0 0 -1 0 0 -1 0 0 -1 0 0 -0.5 0.866025388240814 0 1.83697014652885E-16 1 0 1.83697014652885E-16 1 0 -0.5 0.866025388240814 0 -0.866025388240814 0.5 0 -0.866025388240814 0.5 0 -1 2.44929370517034E-16 0 -1 2.44929370517034E-16 0 0 1 0 0 1 0 0 1 0 0 1 0 0 1 0 0 1 0 0 1 0 0 1 0 0.866025388240814 0.5 0 1 -1.22464685258517E-16 0 1 -1.22464685258517E-16 0 1.83697014652885E-16 1 0 0.5 0.866025388240814 0 0.5 0.866025388240814 0 1.83697014652885E-16 1 0 0.866025388240814 0.5 0 1 -2.78446781877241E-16 0 1 -2.78446781877241E-16 0 1 -2.78446781877241E-16 0 1 -2.78446781877241E-16 0 1 -2.78446781877241E-16 0 1 -2.78446781877241E-16 0 1 -2.78446781877241E-16 0 1 -2.78446781877241E-16 0 1 -2.78446781877241E-16 0 1 -2.78446781877241E-16 0 1 -2.78446781877241E-16 0 1 -2.78446781877241E-16 0 1 -2.78446781877241E-16 0 1 -2.78446781877241E-16 0 1 -2.78446781877241E-16 0 1 -2.78446781877241E-16 0 1 -2.78446781877241E-16 0 1 -2.78446781877241E-16 0 1 -2.78446781877241E-16 0 1 -2.78446781877241E-16 0 1 -2.78446781877241E-16 0 1 -2.78446781877241E-16 0 1 -2.78446781877241E-16 0 1 -2.78446781877241E-16 0 1 -2.78446781877241E-16 0 1 -2.78446781877241E-16 0 1 -2.78446781877241E-16 0 1 -2.78446781877241E-16 0 -0.880796849727631 0.473494380712509 0 -0.551606178283691 0.834104716777802 0 -0.551606178283691 0.834104716777802 0 -1 2.44929370517034E-16 0 -0.880796849727631 0.473494380712509 0 -1 2.44929370517034E-16 0 -0.0909090936183929 0.995859205722809 0 -0.0909090936183929 0.995859205722809 0 0 0 -1 0 0 -1 0 0 -1 0 0 -1 0 0 -1 0 0 -1 0 0 -1 0 0 -1 0 0 -1 0 0 -1 0 -1 0 0 -1 0 0 -1 0 0 -1 0 0 -1 0 0 -1 0 0 -1 0 0 -1 0 0 0 1 0 0 1 0 0 1 0 0 1 0 0 1 0 0 1 0 0 1 -1 0 4.58201668135914E-15 -1 0 4.58201668135914E-15 -1 0 4.58201668135914E-15 -1 0 4.58201668135914E-15 -0.806830048561096 0 0.590783655643463 -0.806830048561096 0 0.590783655643463 -0.806830048561096 0 0.590783655643463 -0.806830048561096 0 0.590783655643463 -0.806830048561096 0 0.590783655643463 -0.806830048561096 0 0.590783655643463 -1 0 0 -1 0 0 -1 0 0 -1 0 0 -1 0 0 -1 0 0 -1 0 0 -1 0 0 -1 0 0 -1 0 0 -1 0 0 -1 0 0 -0.806830048561096 0 -0.590783655643463 -0.806830048561096 0 -0.590783655643463 -0.806830048561096 0 -0.590783655643463 -0.806830048561096 0 -0.590783655643463 -0.806830048561096 0 -0.590783655643463 -0.806830048561096 0 -0.590783655643463 -1 0 0 -1 0 0 -1 0 0 -1 0 0 0 0 1 0 0 1 0 0 1 0 0 1 0 0 1 0 0 1 0 0 1 0 0 1 0 0 1 0 0 1 -2.94781229929889E-15 -1 0 -2.94781229929889E-15 -1 0 -2.94781229929889E-15 -1 0 -2.94781229929889E-15 -1 0 -2.94781229929889E-15 -1 0 -2.94781229929889E-15 -1 0 -2.94781229929889E-15 -1 0 -2.94781229929889E-15 -1 0 0.866025388240814 -0.5 0 1 -1.22464685258517E-16 0 1 -1.22464685258517E-16 0 0.5 -0.866025388240814 0 -6.12323426292584E-17 -1 0 -6.12323426292584E-17 -1 0 0.5 -0.866025388240814 0 0.866025388240814 -0.5 0 1 -1.22464685258517E-16 0 1 -1.22464685258517E-16 0 1 -1.22464685258517E-16 0 1 -1.22464685258517E-16 0 0.976296007633209 -0.216439619660378 0 0.976296007633209 -0.216439619660378 0 0.976296007633209 -0.216439619660378 0 0.976296007633209 -0.216439619660378 0 0.976296007633209 -0.216439619660378 0 0.976296007633209 -0.216439619660378 0 0.976296007633209 -0.216439619660378 0 0 -1 0 0 -1 0 0 -1 0 0 -1 0 1 1.1209844723409E-15 0 1 1.1209844723409E-15 0 1 1.1209844723409E-15 0 1 1.1209844723409E-15 0 1 1.1209844723409E-15 0 1 1.1209844723409E-15 0 1 1.1209844723409E-15 0 1 1.1209844723409E-15 0 1 1.1209844723409E-15 0 1 1.1209844723409E-15 0 1 1.1209844723409E-15 0 1 1.1209844723409E-15 0 1 1.1209844723409E-15 0 0.5 -0.866025388240814 0 -6.12323426292584E-17 -1 0 -6.12323426292584E-17 -1 0 -0.866025388240814 -0.5 0 -0.5 -0.866025388240814 0 -0.5 -0.866025388240814 0 -0.866025388240814 -0.5 0 -0.5 -0.866025388240814 0 -1 0 4.58201668135914E-15 -0.866025388240814 -0.5 0 -0.866025388240814 -0.5 0 -1 0 4.58201668135914E-15 -0.866025388240814 -0.5 0 0.5 -0.866025388240814 0 -6.12323426292584E-17 -1 0 -6.12323426292584E-17 -1 0 -0.5 -0.866025388240814 0 -0.5 -0.866025388240814 0 -6.12323426292584E-17 -1 0 -0.5 -0.866025388240814 0 0.5 -0.866025388240814 0 -6.12323426292584E-17 -1 0 0.5 -0.866025388240814 0 0.5 -0.866025388240814 0 0.5 -0.866025388240814 0 0.866025388240814 -0.5 0 0.866025388240814 -0.5 0 0.866025388240814 -0.5 0 0.866025388240814 -0.5 0 0.866025388240814 -0.5 0 1 -1.22464685258517E-16 0 1 -1.22464685258517E-16 0 1 -1.22464685258517E-16 0 1 -1.22464685258517E-16 0 1 -1.22464685258517E-16 0 1 -1.22464685258517E-16 0 -0.49973663687706 -0.866177380084991 0 -2.94781229929889E-15 -1 0 -2.94781229929889E-15 -1 0 -1 0 0 -0.866025388240814 -0.5 0 0.866025388240814 -0.5 0 1 -1.22464685258517E-16 0 0.5 -0.866025388240814 0 -0.866025388240814 -0.5 0 -1 0 4.58201668135914E-15 -1 0 4.58201668135914E-15 -1 0 4.58201668135914E-15 -0.504132211208344 -0.863626480102539 0 -0.504132211208344 -0.863626480102539 0 0.866025388240814 -0.5 0 -1 0 4.58201668135914E-15 -0.49973663687706 -0.866177380084991 0 -0.504132211208344 -0.863626480102539 0 -0.504132211208344 -0.863626480102539 0 -0.866025388240814 -0.5 0 -1 0 0 -1 0 0 -0.5 -0.866025388240814 0 -0.866025388240814 -0.5 0 -5.8343921633243E-15 -1 0 -5.8343921633243E-15 -1 0 0.5 -0.866025388240814 0 -5.8343921633243E-15 -1 0 0.866025388240814 -0.5 0 0.5 -0.866025388240814 0 1 -1.22464685258517E-16 0 0.866025388240814 -0.5 0 1 -1.22464685258517E-16 0 -1 2.44929370517034E-16 0 -1 2.44929370517034E-16 0 -1 2.44929370517034E-16 0 -1 2.44929370517034E-16 0 -1 2.44929370517034E-16 0 -1 2.44929370517034E-16 0 -1 2.44929370517034E-16 0 -1 2.44929370517034E-16 0 -1 2.44929370517034E-16 0 -1 2.44929370517034E-16 0 -1 2.44929370517034E-16 0 -1 2.44929370517034E-16 0 -1 2.44929370517034E-16 0 -1 0 0 -1 0 0 -1 0 0 -1 0 0 -1 2.44929370517034E-16 0 -0.939692616462708 0.342020153999329 0 -0.939692616462708 0.342020153999329 0 -1 2.44929370517034E-16 0 -0.939692616462708 0.342020153999329 0 -0.939692616462708 0.342020153999329 0 -1 2.44929370517034E-16 0 -0.939692616462708 0.342020153999329 0 -0.939692616462708 0.342020153999329 0 -0.766044437885284 0.642787635326385 0 -0.882077515125275 0.471104294061661 0 -0.766044437885284 0.642787635326385 0 -0.882077515125275 0.471104294061661 0 -0.939692616462708 0.342020153999329 0 -1 2.44929370517034E-16 0 -1 2.44929370517034E-16 0 -1 2.44929370517034E-16 0 -0.939692616462708 0.342020153999329 0 -1 2.44929370517034E-16 0 -1 2.44929370517034E-16 0 -0.766044437885284 0.642787635326385 0 -0.766044437885284 0.642787635326385 0 -0.766044437885284 0.642787635326385 0 -0.5 0.866025388240814 0 -0.5 0.866025388240814 0 -0.5 0.866025388240814 0 -0.766044437885284 0.642787635326385 0 -0.5 0.866025388240814 0 -0.5 0.866025388240814 0 -0.5 0.866025388240814 0 -0.5 -0.866025388240814 0 -0.80901700258255 -0.587785243988037 0 -0.5 -0.866025388240814 0 -0.80901700258255 -0.587785243988037 0 -0.978147625923157 -0.207911685109138 0 -0.978147625923157 -0.207911685109138 0 -0.978147625923157 0.207911685109138 0 -0.978147625923157 0.207911685109138 0 -0.80901700258255 0.587785243988037 0 -0.5 0.866025388240814 0 -0.80901700258255 0.587785243988037 0 -0.5 0.866025388240814 0 -0.5 0.866025388240814 0 -0.5 0.866025388240814 0 -0.5 0.866025388240814 0 -0.5 0.866025388240814 0 -0.766044437885284 -0.642787635326385 0 -0.939692616462708 -0.342020153999329 0 -0.939692616462708 -0.342020153999329 0 -0.5 -0.866025388240814 0 -0.766044437885284 -0.642787635326385 0 -0.5 -0.866025388240814 0 -1 0 0 -1 0 0 -1 0 0 -1 0 0 -1 0 0 -1 0 0 -1 0 0 -1 0 0 -1 0 0 -1 0 0 0 1 0 0 1 0 0 1 0 0 1 0 -3.74163271774766E-17 -1.2945698194277E-16 1 -3.74163271774766E-17 -1.2945698194277E-16 1 -3.74163271774766E-17 -1.2945698194277E-16 1 -3.74163271774766E-17 -1.2945698194277E-16 1 0 -1 0 0 -1 0 0 -1 0 0 -1 0 3.74163271774766E-17 1.2945698194277E-16 -1 3.74163271774766E-17 1.2945698194277E-16 -1 3.74163271774766E-17 1.2945698194277E-16 -1 3.74163271774766E-17 1.2945698194277E-16 -1 -1 0 0 -1 0 0 -1 0 0 -1 0 0 -9.98568932838499E-33 1 2.66880546982484E-16 -9.98568932838499E-33 1 2.66880546982484E-16 -9.98568932838499E-33 1 2.66880546982484E-16 -9.98568932838499E-33 1 2.66880546982484E-16 -3.74163271774766E-17 0 1 -3.74163271774766E-17 0 1 -3.74163271774766E-17 0 1 -3.74163271774766E-17 0 1 9.98568932838499E-33 -1 -2.66880546982484E-16 9.98568932838499E-33 -1 -2.66880546982484E-16 9.98568932838499E-33 -1 -2.66880546982484E-16 9.98568932838499E-33 -1 -2.66880546982484E-16 3.74163271774766E-17 0 -1 3.74163271774766E-17 0 -1 3.74163271774766E-17 0 -1 3.74163271774766E-17 0 -1 0 0 -1 0 0 -1 0 0 -1 0 0 -1 0 0 -1 0 0 -1 0 0 -1 -4.33680868994202E-15 1 0 -4.33680868994202E-15 1 0 -4.33680868994202E-15 1 0 -4.33680868994202E-15 1 0</float_array><technique_common><accessor count="1895" source="#bau0026152251-mesh-normals-array" stride="3"><param name="X" type="float" /><param name="Y" type="float" /><param name="Z" type="float" /></accessor></technique_common></source><vertices id="bau0026152251-mesh-vertices"><input semantic="POSITION" source="#bau0026152251-mesh-positions" /></vertices><triangles count="1061" material="zincplated-material"><input offset="0" semantic="VERTEX" source="#bau0026152251-mesh-vertices" /><input offset="1" semantic="NORMAL" source="#bau0026152251-mesh-normals" /><p>0 0 1 1 2 2 2 2 3 3 4 4 4 4 5 5 6 6 6 6 7 7 8 8 8 8 9 9 10 10 10 10 11 11 12 12 12 12 13 13 14 14 14 14 15 15 16 16 16 16 17 17 18 18 19 19 20 20 21 21 1 1 0 0 19 19 3 3 2 2 1 1 20 20 19 19 0 0 5 5 4 4 3 3 7 7 6 6 5 5 9 9 8 8 7 7 11 11 10 10 9 9 13 13 12 12 11 11 15 15 14 14 13 13 17 17 16 16 15 15 22 22 18 18 17 17 21 21 23 23 22 22 23 23 21 21 20 20 18 18 22 22 23 23 24 24 25 25 26 26 25 25 24 24 27 27 27 27 28 28 29 29 29 29 30 30 31 31 31 31 32 32 33 33 33 33 34 34 35 35 35 35 36 36 37 37 37 37 38 38 39 39 39 39 40 40 41 41 41 41 42 42 43 43 43 43 44 44 45 45 45 45 46 46 47 47 47 47 26 26 25 25 26 26 47 47 46 46 46 46 45 45 44 44 44 44 43 43 42 42 42 42 41 41 40 40 40 40 39 39 38 38 38 38 37 37 36 36 36 36 35 35 34 34 34 34 33 33 32 32 32 32 31 31 30 30 30 30 29 29 28 28 28 28 27 27 24 24 48 48 49 49 50 50 51 51 52 52 48 48 53 53 54 54 51 51 50 50 55 55 56 56 57 57 58 58 53 53 59 59 60 60 57 57 61 61 62 62 59 59 63 63 64 64 61 61 65 65 66 66 63 63 67 67 68 68 65 65 69 69 70 70 67 67 56 56 71 71 69 69 71 71 56 56 55 55 70 70 69 69 71 71 68 68 67 67 70 70 66 66 65 65 68 68 64 64 63 63 66 66 62 62 61 61 64 64 60 60 59 59 62 62 58 58 57 57 60 60 54 54 53 53 58 58 52 52 51 51 54 54 49 49 48 48 52 52 55 55 50 50 49 49 72 72 73 73 74 74 74 74 75 75 76 76 76 76 77 77 78 78 78 78 79 79 80 80 80 80 81 81 82 82 82 82 83 83 84 84 84 84 85 85 86 86 86 86 87 87 88 88 88 88 89 89 90 90 90 90 91 91 92 92 92 92 93 93 94 94 94 94 95 95 72 72 77 77 76 76 75 75 73 73 72 72 95 95 95 95 94 94 93 93 93 93 92 92 91 91 91 91 90 90 89 89 89 89 88 88 87 87 87 87 86 86 85 85 85 85 84 84 83 83 83 83 82 82 81 81 81 81 80 80 79 79 79 79 78 78 77 77 75 75 74 74 73 73 96 96 97 97 98 98 98 98 99 99 100 100 100 100 101 101 102 102 102 102 103 103 104 104 104 104 105 105 106 106 106 106 107 107 108 108 108 108 109 109 110 110 111 111 112 112 113 113 113 113 114 114 115 115 115 115 116 116 117 117 117 117 118 118 96 96 118 118 117 117 116 116 116 116 115 115 114 114 114 114 113 113 112 112 112 112 111 111 119 119 119 119 110 110 109 109 109 109 108 108 107 107 107 107 106 106 105 105 105 105 104 104 103 103 103 103 102 102 101 101 101 101 100 100 99 99 99 99 98 98 97 97 97 97 96 96 118 118 110 110 119 119 111 111 120 120 121 121 122 122 123 123 124 124 120 120 125 125 126 126 123 123 127 127 128 128 125 125 129 129 130 130 127 127 122 122 131 131 132 132 132 132 133 133 134 134 134 134 135 135 136 136 136 136 137 137 138 138 138 138 139 139 140 140 140 140 141 141 142 142 142 142 143 143 129 129 143 143 142 142 141 141 141 141 140 140 139 139 139 139 138 138 137 137 137 137 136 136 135 135 135 135 134 134 133 133 133 133 132 132 131 131 131 131 122 122 121 121 121 121 120 120 124 124 124 124 123 123 126 126 126 126 125 125 128 128 128 128 127 127 130 130 130 130 129 129 143 143 144 144 145 145 146 146 145 145 144 144 147 147 148 148 149 149 150 150 151 151 152 152 153 153 154 154 155 155 152 152 148 148 152 152 149 149 156 156 155 155 157 157 158 158 155 155 159 159 155 155 154 154 160 160 152 152 148 148 153 153 161 161 149 149 162 162 162 162 163 163 164 164 155 155 160 160 159 159 149 149 161 161 150 150 164 164 163 163 165 165 152 152 151 151 154 154 163 163 162 162 149 149 166 166 167 167 168 168 169 169 163 163 149 149 170 170 149 149 171 171 167 167 166 166 149 149 172 172 167 167 173 173 173 173 174 174 175 175 149 149 170 170 169 169 167 167 172 172 168 168 175 175 174 174 176 176 177 177 174 174 163 163 178 178 179 179 180 180 149 149 166 166 171 171 174 174 177 177 176 176 181 181 163 163 182 182 174 174 173 173 167 167 163 163 169 169 182 182 183 183 174 174 184 184 185 185 174 174 167 167 186 186 167 167 187 187 188 188 189 189 187 187 190 190 191 191 187 187 179 179 178 178 190 190 192 192 179 179 189 189 193 193 189 189 194 194 188 188 187 187 195 195 190 190 178 178 196 196 179 179 192 192 197 197 189 189 188 188 194 194 179 179 197 197 180 180 187 187 198 198 195 195 199 199 190 190 200 200 201 201 190 190 202 202 199 199 200 200 203 203 184 184 174 174 204 204 185 185 167 167 205 205 167 167 186 186 206 206 207 207 187 187 208 208 155 155 156 156 152 152 155 155 158 158 163 163 163 163 181 181 177 177 174 174 183 183 189 189 174 174 185 185 204 204 187 187 207 207 186 186 209 209 189 189 210 210 167 167 206 206 205 205 189 189 209 209 187 187 187 187 209 209 208 208 211 211 189 189 183 183 212 212 213 213 214 214 215 215 179 179 190 190 190 190 199 199 202 202 189 189 211 211 210 210 191 191 190 190 216 216 198 198 187 187 191 191 165 165 163 163 158 158 217 217 200 200 212 212 214 214 213 213 218 218 219 219 179 179 220 220 179 179 215 215 221 221 200 200 217 217 203 203 218 218 213 213 219 219 179 179 221 221 220 220 213 213 212 212 200 200 190 190 201 201 215 215 222 222 223 223 224 224 225 225 226 226 227 227 228 228 200 200 229 229 226 226 225 225 200 200 230 230 231 231 232 232 233 233 213 213 200 200 200 200 225 225 229 229 234 234 226 226 230 230 232 232 231 231 235 235 236 236 231 231 213 213 213 213 233 233 237 237 226 226 234 234 227 227 231 231 236 236 235 235 213 213 237 237 238 238 231 231 230 230 226 226 200 200 228 228 233 233 226 226 239 239 240 240 239 239 226 226 200 200 240 240 241 241 222 222 241 241 240 240 239 239 213 213 242 242 243 243 179 179 243 243 244 244 189 189 244 244 245 245 174 174 245 245 246 246 163 163 246 246 247 247 155 155 247 247 248 248 249 249 250 250 157 157 249 249 155 155 248 248 155 155 249 249 157 157 250 250 249 249 251 251 247 247 155 155 163 163 246 246 163 163 174 174 245 245 174 174 189 189 244 244 189 189 179 179 243 243 179 179 213 213 242 242 213 213 231 231 213 213 238 238 236 236 223 223 222 222 241 241 179 179 219 219 213 213 189 189 193 193 192 192 216 216 190 190 196 196 252 252 253 253 254 254 253 253 252 252 255 255 256 256 257 257 258 258 257 257 256 256 259 259 260 260 257 257 259 259 257 257 260 260 261 261 262 262 263 263 264 264 262 262 265 265 266 266 267 267 268 268 269 269 262 262 268 268 270 270 271 271 272 272 262 262 268 268 262 262 266 266 268 268 267 267 270 270 273 273 274 274 271 271 275 275 262 262 264 264 274 274 273 273 276 276 272 272 271 271 274 274 277 277 262 262 272 272 263 263 262 262 277 277 262 262 275 275 265 265 278 278 279 279 280 280 281 281 282 282 283 283 282 282 284 284 285 285 285 285 284 284 286 286 287 287 288 288 289 289 284 284 290 290 291 291 291 291 280 280 279 279 286 286 284 284 292 292 293 293 292 292 284 284 288 288 294 294 295 295 296 296 287 287 289 289 280 280 291 291 290 290 279 279 278 278 293 293 281 281 297 297 284 284 292 292 293 293 278 278 287 287 296 296 298 298 297 297 289 289 284 284 282 282 281 281 284 284 281 281 283 283 299 299 289 289 297 297 296 296 297 297 281 281 300 300 290 290 284 284 289 289 288 288 287 287 294 294 301 301 302 302 303 303 304 304 305 305 301 301 306 306 307 307 308 308 309 309 306 306 310 310 302 302 301 301 305 305 305 305 304 304 306 306 311 311 304 304 312 312 313 313 304 304 311 311 306 306 308 308 314 314 315 315 304 304 313 313 304 304 310 310 306 306 310 310 304 304 315 315 307 307 306 306 309 309 316 316 317 317 318 318 317 317 316 316 319 319 320 320 321 321 322 322 323 323 324 324 325 325 326 326 327 327 328 328 329 329 330 330 331 331 332 332 333 333 334 334 335 335 336 336 337 337 338 338 339 339 340 340 330 330 341 341 342 342 343 343 329 329 344 344 345 345 346 346 347 347 348 348 326 326 346 346 349 349 328 328 350 350 351 351 330 330 349 349 328 328 349 349 326 326 352 352 353 353 354 354 355 355 323 323 325 325 321 321 320 320 324 324 339 339 356 356 357 357 332 332 334 334 358 358 359 359 360 360 361 361 359 359 362 362 363 363 338 338 364 364 365 365 361 361 360 360 366 366 346 346 345 345 367 367 362 362 359 359 368 368 360 360 359 359 363 363 347 347 346 346 369 369 349 349 350 350 370 370 371 371 354 354 353 353 353 353 352 352 372 372 324 324 323 323 321 321 326 326 373 373 346 346 337 337 336 336 358 358 342 342 341 341 374 374 375 375 326 326 348 348 364 364 367 367 345 345 346 346 376 376 362 362 377 377 338 338 340 340 339 339 338 338 356 356 333 333 332 332 378 378 321 321 357 357 366 366 379 379 380 380 341 341 354 354 371 371 381 381 330 330 351 351 331 331 338 338 336 336 382 382 369 369 362 362 383 383 322 322 366 366 384 384 366 366 360 360 384 384 362 362 369 369 346 346 362 362 368 368 383 383 373 373 326 326 385 385 323 323 326 326 386 386 341 341 330 330 343 343 367 367 364 364 387 387 366 366 322 322 321 321 357 357 321 321 339 339 376 376 346 346 373 373 326 326 323 323 385 385 343 343 330 330 329 329 327 327 326 326 375 375 387 387 364 364 338 338 336 336 335 335 382 382 349 349 370 370 351 351 380 380 379 379 388 388 353 353 372 372 389 389 338 338 365 365 356 356 374 374 341 341 380 380 336 336 338 338 377 377 332 332 358 358 336 336 323 323 355 355 385 385 354 354 379 379 341 341 354 354 381 381 379 379 390 390 391 391 392 392 391 391 390 390 393 393 394 394 395 395 396 396 395 395 394 394 397 397 398 398 399 399 400 400 401 401 402 402 403 403 399 399 404 404 405 405 406 406 407 407 408 408 409 409 410 410 411 411 399 399 401 401 400 400 398 398 412 412 399 399 413 413 414 414 398 398 415 415 416 416 417 417 418 418 406 406 408 408 419 419 420 420 421 421 403 403 402 402 422 422 423 423 424 424 425 425 402 402 419 419 422 422 421 421 420 420 426 426 427 427 423 423 428 428 426 426 420 420 427 427 428 428 423 423 429 429 430 430 431 431 432 432 433 433 429 429 423 423 416 416 402 402 434 434 429 429 433 433 413 413 435 435 423 423 418 418 423 423 406 406 418 418 423 423 435 435 433 433 414 414 413 413 433 433 436 436 398 398 414 414 437 437 399 399 405 405 399 399 437 437 402 402 399 399 402 402 401 401 438 438 439 439 399 399 410 410 409 409 423 423 402 402 416 416 415 415 440 440 415 415 417 417 406 406 423 423 441 441 404 404 399 399 442 442 407 407 406 406 438 438 439 439 438 438 406 406 399 399 439 439 442 442 410 410 423 423 443 443 398 398 444 444 445 445 431 431 402 402 437 437 434 434 431 431 430 430 444 444 398 398 436 436 412 412 398 398 445 445 446 446 431 431 447 447 448 448 447 447 431 431 423 423 425 425 443 443 449 449 410 410 448 448 447 447 448 448 410 410 431 431 446 446 432 432 423 423 409 409 441 441 423 423 427 427 420 420 424 424 423 423 415 415 415 415 440 440 424 424 420 420 419 419 402 402 410 410 449 449 411 411 431 431 434 434 402 402 450 450 451 451 452 452 451 451 450 450 453 453 454 454 455 455 456 456 455 455 454 454 457 457 458 458 459 459 460 460 460 460 461 461 462 462 462 462 463 463 464 464 464 464 465 465 466 466 467 467 468 468 458 458 463 463 462 462 461 461 461 461 460 460 459 459 459 459 458 458 468 468 468 468 467 467 469 469 469 469 470 470 471 471 465 465 464 464 463 463 470 470 469 469 467 467 472 472 473 473 474 474 475 475 476 476 477 477 473 473 476 476 475 475 478 478 475 475 477 477 476 476 473 473 472 472 479 479 480 480 481 481 482 482 483 483 484 484 485 485 486 486 487 487 488 488 489 489 490 490 491 491 492 492 488 488 493 493 494 494 475 475 495 495 473 473 496 496 494 494 497 497 480 480 498 498 494 494 499 499 500 500 501 501 502 502 502 502 503 503 480 480 504 504 480 480 479 479 483 483 482 482 504 504 505 505 482 482 484 484 506 506 485 485 507 507 490 490 508 508 488 488 475 475 490 490 509 509 500 500 510 510 501 501 511 511 494 494 512 512 473 473 495 495 474 474 513 513 482 482 514 514 494 494 511 511 499 499 499 499 511 511 491 491 515 515 516 516 494 494 480 480 504 504 482 482 480 480 497 497 502 502 507 507 485 485 514 514 480 480 503 503 481 481 514 514 505 505 507 507 494 494 493 493 517 517 518 518 494 494 517 517 496 496 473 473 519 519 519 519 520 520 515 515 482 482 513 513 475 475 475 475 513 513 490 490 486 486 500 500 487 487 512 512 494 494 516 516 515 515 494 494 518 518 488 488 521 521 522 522 520 520 519 519 473 473 475 475 478 478 493 493 508 508 490 490 513 513 486 486 485 485 506 506 505 505 514 514 482 482 503 503 502 502 501 501 500 500 486 486 510 510 473 473 475 475 509 509 497 497 494 494 498 498 492 492 491 491 511 511 523 523 488 488 492 492 516 516 515 515 520 520 489 489 488 488 522 522 521 521 488 488 523 523 524 524 525 525 526 526 525 525 524 524 527 527 528 528 529 529 530 530 531 531 532 532 533 533 534 534 535 535 536 536 537 537 536 536 538 538 537 537 539 539 529 529 538 538 540 540 537 537 532 532 538 538 533 533 532 532 531 531 541 541 536 536 537 537 534 534 540 540 538 538 542 542 541 541 531 531 543 543 539 539 537 537 540 540 538 538 532 532 542 542 535 535 534 534 544 544 529 529 528 528 537 537 545 545 546 546 547 547 548 548 547 547 549 549 550 550 549 549 551 551 552 552 551 551 553 553 554 554 553 553 555 555 556 556 555 555 557 557 558 558 557 557 559 559 560 560 559 559 561 561 562 562 561 561 563 563 564 564 563 563 565 565 566 566 565 565 567 567 568 568 567 567 546 546 567 567 568 568 566 566 565 565 566 566 564 564 563 563 564 564 562 562 561 561 562 562 560 560 559 559 560 560 558 558 557 557 558 558 556 556 555 555 556 556 554 554 553 553 554 554 552 552 551 551 552 552 550 550 549 549 550 550 548 548 547 547 548 548 545 545 546 546 545 545 568 568 569 569 570 570 571 571 572 572 571 571 573 573 574 574 573 573 575 575 576 576 575 575 577 577 578 578 577 577 579 579 580 580 579 579 581 581 582 582 581 581 583 583 584 584 583 583 585 585 586 586 585 585 587 587 588 588 587 587 589 589 590 590 589 589 591 591 592 592 591 591 570 570 591 591 592 592 590 590 589 589 590 590 588 588 587 587 588 588 586 586 585 585 586 586 584 584 583 583 584 584 582 582 581 581 582 582 580 580 579 579 580 580 578 578 577 577 578 578 576 576 575 575 576 576 574 574 573 573 574 574 572 572 571 571 572 572 569 569 570 570 569 569 592 592 593 593 594 594 595 595 596 596 597 597 598 598 599 599 598 598 600 600 601 601 600 600 602 602 603 603 602 602 604 604 605 605 604 604 606 606 607 607 606 606 608 608 595 595 608 608 593 593 594 594 593 593 609 609 610 610 609 609 611 611 612 612 611 611 613 613 614 614 613 613 615 615 616 616 615 615 597 597 615 615 616 616 614 614 613 613 614 614 612 612 611 611 612 612 610 610 609 609 610 610 594 594 608 608 595 595 607 607 606 606 607 607 605 605 604 604 605 605 603 603 602 602 603 603 601 601 600 600 601 601 599 599 598 598 599 599 596 596 597 597 596 596 616 616 617 617 618 618 619 619 620 620 621 621 618 618 622 622 623 623 621 621 624 624 625 625 623 623 626 626 627 627 628 628 629 629 630 630 627 627 631 631 632 632 630 630 633 633 634 634 632 632 635 635 636 636 634 634 637 637 619 619 638 638 639 639 638 638 636 636 638 638 639 639 637 637 619 619 637 637 617 617 618 618 617 617 620 620 621 621 620 620 622 622 623 623 622 622 624 624 640 640 628 628 625 625 625 625 624 624 640 640 628 628 640 640 626 626 627 627 626 626 629 629 632 632 631 631 633 633 634 634 633 633 635 635 636 636 635 635 639 639 630 630 629 629 631 631 641 641 642 642 643 643 642 642 641 641 644 644 644 644 641 641 645 645 646 646 647 647 648 648 647 647 646 646 649 649 650 650 651 651 652 652 651 651 650 650 653 653 654 654 655 655 656 656 655 655 654 654 657 657 658 658 659 659 660 660 659 659 658 658 661 661 662 662 663 663 664 664 663 663 662 662 665 665 666 666 667 667 668 668 669 669 667 667 666 666 667 667 669 669 670 670 671 671 672 672 673 673 671 671 674 674 672 672 674 674 671 671 675 675 676 676 677 677 678 678 677 677 676 676 679 679 680 680 681 681 682 682 681 681 680 680 683 683 684 684 685 685 686 686 685 685 684 684 687 687 688 688 689 689 690 690 689 689 688 688 691 691 692 692 693 693 694 694 693 693 692 692 695 695 696 696 697 697 698 698 699 699 696 696 700 700 697 697 696 696 699 699 701 701 702 702 703 703 702 702 704 704 705 705 704 704 702 702 706 706 707 707 706 706 702 702 706 706 707 707 708 708 702 702 701 701 707 707 709 709 710 710 711 711 710 710 709 709 712 712 713 713 714 714 715 715 714 714 713 713 716 716 717 717 718 718 719 719 720 720 721 721 722 722 723 723 724 724 721 721 718 718 717 717 724 724 719 719 725 725 717 717 726 726 727 727 725 725 728 728 729 729 727 727 730 730 731 731 729 729 732 732 733 733 731 731 734 734 735 735 733 733 736 736 737 737 735 735 738 738 739 739 737 737 740 740 722 722 739 739 722 722 740 740 720 720 739 739 738 738 740 740 737 737 736 736 738 738 735 735 734 734 736 736 733 733 732 732 734 734 731 731 730 730 732 732 729 729 728 728 730 730 727 727 726 726 728 728 724 724 723 723 718 718 721 721 720 720 723 723 725 725 719 719 726 726 741 741 742 742 743 743 742 742 744 744 745 745 742 742 745 745 743 743 742 742 746 746 747 747 742 742 748 748 746 746 742 742 749 749 748 748 742 742 750 750 749 749 742 742 741 741 751 751 742 742 751 751 752 752 742 742 752 752 753 753 742 742 753 753 750 750 742 742 747 747 744 744 754 754 755 755 756 756 757 757 758 758 755 755 759 759 760 760 758 758 761 761 762 762 760 760 755 755 754 754 757 757 763 763 764 764 765 765 766 766 767 767 764 764 768 768 769 769 767 767 770 770 771 771 769 769 772 772 773 773 771 771 758 758 757 757 759 759 760 760 759 759 761 761 762 762 761 761 774 774 765 765 774 774 763 763 764 764 763 763 766 766 767 767 766 766 768 768 769 769 768 768 770 770 771 771 770 770 772 772 773 773 772 772 775 775 776 776 775 775 777 777 774 774 765 765 762 762 756 756 777 777 754 754 777 777 756 756 776 776 775 775 776 776 773 773 778 778 779 779 780 780 779 779 781 781 782 782 779 779 782 782 783 783 779 779 783 783 784 784 779 779 784 784 785 785 779 779 785 785 786 786 779 779 786 786 787 787 779 779 787 787 788 788 779 779 788 788 789 789 779 779 789 789 790 790 779 779 790 790 780 780 779 779 778 778 781 781 791 791 792 792 793 793 794 794 792 792 795 795 796 796 797 797 798 798 795 795 792 792 799 799 792 792 791 791 799 799 797 797 795 795 800 800 792 792 794 794 801 801 797 797 796 796 794 794 795 795 797 797 794 794 802 802 803 803 804 804 803 803 802 802 805 805 806 806 807 807 808 808 807 807 806 806 809 809 810 810 811 811 812 812 811 811 810 810 813 813 814 814 815 815 816 816 815 815 814 814 817 817 818 818 819 819 820 820 819 819 818 818 821 821 822 822 823 823 824 824 825 825 822 822 826 826 822 822 825 825 827 827 822 822 827 827 828 828 822 822 828 828 829 829 822 822 829 829 823 823 822 822 830 830 826 826 822 822 824 824 831 831 822 822 831 831 832 832 822 822 832 832 833 833 822 822 833 833 834 834 822 822 834 834 830 830 835 835 836 836 837 837 835 835 838 838 839 839 835 835 840 840 838 838 835 835 837 837 840 840 835 835 841 841 836 836 835 835 842 842 841 841 835 835 843 843 842 842 835 835 844 844 843 843 835 835 845 845 844 844 835 835 846 846 845 845 835 835 847 847 846 846 847 847 835 835 839 839 848 848 849 849 850 850 849 849 848 848 851 851 849 849 852 852 850 850 849 849 853 853 854 854 849 849 854 854 855 855 849 849 855 855 856 856 849 849 856 856 857 857 849 849 857 857 858 858 849 849 858 858 859 859 849 849 859 859 860 860 849 849 860 860 852 852 849 849 851 851 853 853 861 861 862 862 863 863 862 862 861 861 864 864 864 864 865 865 866 866 866 866 867 867 868 868 868 868 869 869 870 870 870 870 871 871 872 872 872 872 873 873 874 874 863 863 875 875 876 876 874 874 877 877 878 878 878 878 879 879 880 880 880 880 881 881 882 882 882 882 883 883 884 884 884 884 876 876 875 875 876 876 884 884 883 883 883 883 882 882 881 881 881 881 880 880 879 879 865 865 864 864 861 861 867 867 866 866 865 865 869 869 868 868 867 867 871 871 870 870 869 869 873 873 872 872 871 871 877 877 874 874 873 873 879 879 878 878 877 877 875 875 863 863 862 862 885 885 886 886 887 887 888 888 889 889 885 885 890 890 891 891 888 888 892 892 893 893 894 894 895 895 896 896 890 890 897 897 898 898 895 895 894 894 899 899 897 897 900 900 901 901 892 892 902 902 903 903 900 900 904 904 905 905 902 902 906 906 907 907 904 904 887 887 908 908 906 906 886 886 885 885 889 889 889 889 888 888 891 891 891 891 890 890 896 896 896 896 895 895 898 898 908 908 887 887 886 886 907 907 906 906 908 908 905 905 904 904 907 907 903 903 902 902 905 905 901 901 900 900 903 903 893 893 892 892 901 901 899 899 894 894 893 893 898 898 897 897 899 899 909 909 910 910 911 911 911 911 912 912 913 913 912 912 911 911 910 910 914 914 913 913 912 912 915 915 916 916 914 914 917 917 918 918 915 915 919 919 920 920 917 917 921 921 922 922 919 919 923 923 924 924 921 921 925 925 926 926 923 923 927 927 928 928 925 925 929 929 930 930 927 927 931 931 932 932 929 929 910 910 909 909 931 931 916 916 915 915 918 918 918 918 917 917 920 920 920 920 919 919 922 922 922 922 921 921 924 924 924 924 923 923 926 926 926 926 925 925 928 928 928 928 927 927 930 930 930 930 929 929 932 932 932 932 931 931 909 909 913 913 914 914 916 916 933 933 934 934 935 935 936 936 937 937 938 938 939 939 940 940 941 941 942 942 941 941 943 943 943 943 944 944 945 945 946 946 947 947 948 948 938 938 949 949 950 950 951 951 948 948 947 947 952 952 947 947 953 953 954 954 947 947 955 955 956 956 957 957 936 936 957 957 958 958 955 955 937 937 957 957 941 941 940 940 939 939 959 959 941 941 942 942 960 960 961 961 962 962 963 963 948 948 951 951 964 964 947 947 952 952 965 965 955 955 958 958 954 954 935 935 934 934 962 962 941 941 940 940 937 937 941 941 960 960 966 966 950 950 967 967 938 938 947 947 954 954 953 953 947 947 968 968 955 955 949 949 938 938 937 937 948 948 969 969 970 970 937 937 936 936 957 957 943 943 971 971 942 942 968 968 947 947 972 972 947 947 946 946 973 973 974 974 973 973 946 946 973 973 944 944 943 943 971 971 943 943 945 945 944 944 973 973 975 975 962 962 961 961 935 935 941 941 966 966 939 939 959 959 976 976 940 940 947 947 965 965 951 951 974 974 963 963 973 973 970 970 967 967 950 950 975 975 973 973 963 963 963 963 974 974 961 961 967 967 970 970 969 969 969 969 948 948 964 964 958 958 957 957 956 956 959 959 933 933 976 976 934 934 933 933 959 959 977 977 978 978 979 979 978 978 977 977 980 980 981 981 982 982 983 983 982 982 981 981 984 984 985 985 986 986 987 987 986 986 985 985 988 988 989 989 990 990 991 991 990 990 989 989 992 992 993 993 994 994 995 995 994 994 993 993 996 996 997 997 998 998 999 999 998 998 997 997 1000 1000 1001 1001 1002 1002 1003 1003 1002 1002 1001 1001 1004 1004 1005 1005 1006 1006 1007 1007 1006 1006 1005 1005 1008 1008 1009 1009 1010 1010 1011 1011 1009 1009 1012 1012 1010 1010 1009 1009 1013 1013 1012 1012 1009 1009 1014 1014 1013 1013 1009 1009 1015 1015 1014 1014 1009 1009 1016 1016 1015 1015 1009 1009 1017 1017 1016 1016 1009 1009 1018 1018 1017 1017 1009 1009 1019 1019 1018 1018 1009 1009 1020 1020 1019 1019 1009 1009 1021 1021 1020 1020 1021 1021 1009 1009 1011 1011 1022 1022 1023 1023 1024 1024 1025 1025 1024 1024 1026 1026 1027 1027 1026 1026 1028 1028 1029 1029 1028 1028 1030 1030 1031 1031 1030 1030 1032 1032 1033 1033 1032 1032 1034 1034 1035 1035 1034 1034 1036 1036 1037 1037 1036 1036 1038 1038 1039 1039 1038 1038 1040 1040 1041 1041 1040 1040 1042 1042 1043 1043 1042 1042 1044 1044 1045 1045 1044 1044 1023 1023 1044 1044 1045 1045 1043 1043 1042 1042 1043 1043 1041 1041 1040 1040 1041 1041 1039 1039 1038 1038 1039 1039 1037 1037 1036 1036 1037 1037 1035 1035 1034 1034 1035 1035 1033 1033 1032 1032 1033 1033 1031 1031 1030 1030 1031 1031 1029 1029 1028 1028 1029 1029 1027 1027 1026 1026 1027 1027 1025 1025 1024 1024 1025 1025 1022 1022 1023 1023 1022 1022 1045 1045 1046 1046 1047 1047 1048 1048 1049 1049 1050 1050 1051 1051 1050 1050 1049 1049 1052 1052 1053 1053 1054 1054 1055 1055 1053 1053 1056 1056 1054 1054 1053 1053 1057 1057 1056 1056 1053 1053 1058 1058 1057 1057 1053 1053 1059 1059 1058 1058 1053 1053 1060 1060 1059 1059 1053 1053 1061 1061 1060 1060 1053 1053 1062 1062 1061 1061 1053 1053 1063 1063 1062 1062 1053 1053 1064 1064 1063 1063 1064 1064 1053 1053 1065 1065 1053 1053 1055 1055 1065 1065 1066 1066 1067 1067 1068 1068 1066 1066 1069 1069 1070 1070 1066 1066 1071 1071 1069 1069 1066 1066 1072 1072 1071 1071 1066 1066 1073 1073 1072 1072 1066 1066 1074 1074 1073 1073 1066 1066 1075 1075 1074 1074 1066 1066 1076 1076 1075 1075 1066 1066 1077 1077 1067 1067 1077 1077 1066 1066 1070 1070 1066 1066 1078 1078 1076 1076 1066 1066 1068 1068 1078 1078 1079 1079 1080 1080 1081 1081 1079 1079 1082 1082 1083 1083 1079 1079 1083 1083 1084 1084 1079 1079 1084 1084 1085 1085 1079 1079 1086 1086 1080 1080 1079 1079 1087 1087 1088 1088 1079 1079 1088 1088 1089 1089 1079 1079 1089 1089 1090 1090 1079 1079 1091 1091 1086 1086 1091 1091 1079 1079 1090 1090 1079 1079 1085 1085 1087 1087 1079 1079 1081 1081 1082 1082 1092 1092 1093 1093 1094 1094 1092 1092 1095 1095 1096 1096 1092 1092 1097 1097 1095 1095 1092 1092 1098 1098 1097 1097 1092 1092 1099 1099 1098 1098 1092 1092 1100 1100 1099 1099 1092 1092 1101 1101 1100 1100 1092 1092 1102 1102 1101 1101 1092 1092 1103 1103 1093 1093 1092 1092 1104 1104 1103 1103 1104 1104 1092 1092 1096 1096 1092 1092 1094 1094 1102 1102 1105 1105 1106 1106 1107 1107 1105 1105 1108 1108 1106 1106 1105 1105 1109 1109 1108 1108 1105 1105 1110 1110 1109 1109 1105 1105 1111 1111 1110 1110 1112 1112 1105 1105 1113 1113 1105 1105 1112 1112 1111 1111 1105 1105 1107 1107 1114 1114 1105 1105 1115 1115 1113 1113 1105 1105 1116 1116 1115 1115 1105 1105 1117 1117 1116 1116 1105 1105 1114 1114 1117 1117 1118 1118 1119 1119 1120 1120 1118 1118 1120 1120 1121 1121 1118 1118 1122 1122 1119 1119 1118 1118 1123 1123 1122 1122 1118 1118 1124 1124 1125 1125 1118 1118 1126 1126 1124 1124 1118 1118 1127 1127 1126 1126 1118 1118 1128 1128 1127 1127 1118 1118 1129 1129 1128 1128 1129 1129 1118 1118 1130 1130 1118 1118 1125 1125 1123 1123 1118 1118 1121 1121 1130 1130</p></triangles><triangles count="623" material="silkwhitematt-material"><input offset="0" semantic="VERTEX" source="#bau0026152251-mesh-vertices" /><input offset="1" semantic="NORMAL" source="#bau0026152251-mesh-normals" /><p>1131 1131 1132 1132 1133 1133 1132 1132 1131 1131 1134 1134 1135 1135 1136 1136 1137 1137 1138 1138 1139 1139 1140 1140 1141 1141 1142 1142 1143 1143 1144 1144 1145 1145 1142 1142 1146 1146 1142 1142 1139 1139 1147 1147 1140 1140 1148 1148 1149 1149 1135 1135 1150 1150 1135 1135 1149 1149 1151 1151 1150 1150 1141 1141 1149 1149 1152 1152 1144 1144 1141 1141 1141 1141 1150 1150 1152 1152 1153 1153 1154 1154 1144 1144 1154 1154 1155 1155 1156 1156 1142 1142 1141 1141 1144 1144 1145 1145 1144 1144 1157 1157 1150 1150 1155 1155 1158 1158 1155 1155 1154 1154 1158 1158 1159 1159 1156 1156 1155 1155 1155 1155 1150 1150 1135 1135 1145 1145 1156 1156 1159 1159 1154 1154 1153 1153 1158 1158 1144 1144 1152 1152 1153 1153 1136 1136 1135 1135 1151 1151 1160 1160 1151 1151 1143 1143 1160 1160 1142 1142 1146 1146 1140 1140 1147 1147 1138 1138 1139 1139 1138 1138 1146 1146 1151 1151 1160 1160 1136 1136 1156 1156 1145 1145 1157 1157 1142 1142 1160 1160 1143 1143 1161 1161 1162 1162 1163 1163 1164 1164 1161 1161 1163 1163 1161 1161 1165 1165 1166 1166 1165 1165 1161 1161 1167 1167 1161 1161 1168 1168 1167 1167 1162 1162 1161 1161 1169 1169 1161 1161 1164 1164 1168 1168 1170 1170 1171 1171 1172 1172 1173 1173 1174 1174 1170 1170 1174 1174 1173 1173 1175 1175 1176 1176 1177 1177 1178 1178 1179 1179 1172 1172 1171 1171 1177 1177 1180 1180 1181 1181 1170 1170 1172 1172 1182 1182 1180 1180 1177 1177 1176 1176 1183 1183 1184 1184 1185 1185 1186 1186 1174 1174 1187 1187 1181 1181 1188 1188 1189 1189 1190 1190 1191 1191 1192 1192 1174 1174 1186 1186 1170 1170 1171 1171 1193 1193 1194 1194 1180 1180 1188 1188 1181 1181 1184 1184 1181 1181 1189 1189 1195 1195 1190 1190 1196 1196 1197 1197 1198 1198 1199 1199 1193 1193 1171 1171 1186 1186 1171 1171 1170 1170 1186 1186 1188 1188 1180 1180 1200 1200 1184 1184 1183 1183 1181 1181 1201 1201 1202 1202 1203 1203 1202 1202 1201 1201 1204 1204 1205 1205 1206 1206 1207 1207 1203 1203 1202 1202 1208 1208 1209 1209 1210 1210 1206 1206 1206 1206 1205 1205 1211 1211 1208 1208 1202 1202 1212 1212 1206 1206 1211 1211 1209 1209 1210 1210 1209 1209 1213 1213 1202 1202 1204 1204 1214 1214 1215 1215 1216 1216 1217 1217 1210 1210 1216 1216 1206 1206 1218 1218 1206 1206 1219 1219 1212 1212 1202 1202 1220 1220 1221 1221 1222 1222 1212 1212 1216 1216 1210 1210 1217 1217 1206 1206 1218 1218 1207 1207 1222 1222 1221 1221 1211 1211 1211 1211 1205 1205 1222 1222 1216 1216 1215 1215 1197 1197 1196 1196 1213 1213 1209 1209 1213 1213 1196 1196 1190 1190 1218 1218 1223 1223 1224 1224 1198 1198 1197 1197 1215 1215 1223 1223 1218 1218 1219 1219 1172 1172 1179 1179 1225 1225 1198 1198 1179 1179 1199 1199 1212 1212 1220 1220 1221 1221 1224 1224 1183 1183 1185 1185 1179 1179 1198 1198 1225 1225 1183 1183 1224 1224 1223 1223 1191 1191 1190 1190 1195 1195 1226 1226 1227 1227 1228 1228 1227 1227 1226 1226 1229 1229 1227 1227 1230 1230 1228 1228 1230 1230 1227 1227 1231 1231 1232 1232 1233 1233 1234 1234 1235 1235 1233 1233 1236 1236 1233 1233 1232 1232 1236 1236 1233 1233 1235 1235 1237 1237 1238 1238 1239 1239 1240 1240 1239 1239 1238 1238 1241 1241 1242 1242 1243 1243 1244 1244 1243 1243 1242 1242 1245 1245 1246 1246 1247 1247 1248 1248 1246 1246 1249 1249 1247 1247 1249 1249 1246 1246 1250 1250 1251 1251 1252 1252 1253 1253 1254 1254 1255 1255 1256 1256 1257 1257 1253 1253 1258 1258 1255 1255 1254 1254 1259 1259 1253 1253 1260 1260 1261 1261 1251 1251 1254 1254 1256 1256 1253 1253 1257 1257 1262 1262 1260 1260 1253 1253 1263 1263 1263 1263 1253 1253 1264 1264 1253 1253 1261 1261 1251 1251 1264 1264 1253 1253 1265 1265 1258 1258 1253 1253 1252 1252 1252 1252 1251 1251 1266 1266 1254 1254 1251 1251 1261 1261 1267 1267 1268 1268 1269 1269 1268 1268 1267 1267 1270 1270 1269 1269 1271 1271 1272 1272 1269 1269 1268 1268 1271 1271 1273 1273 1274 1274 1275 1275 1273 1273 1276 1276 1277 1277 1276 1276 1273 1273 1275 1275 1274 1274 1273 1273 1278 1278 1279 1279 1280 1280 1281 1281 1282 1282 1279 1279 1283 1283 1279 1279 1282 1282 1280 1280 1284 1284 1285 1285 1286 1286 1285 1285 1284 1284 1287 1287 1288 1288 1289 1289 1290 1290 1291 1291 1292 1292 1293 1293 1289 1289 1288 1288 1294 1294 1289 1289 1294 1294 1292 1292 1291 1291 1295 1295 1296 1296 1295 1295 1291 1291 1297 1297 1298 1298 1289 1289 1299 1299 1289 1289 1298 1298 1290 1290 1291 1291 1293 1293 1297 1297 1292 1292 1291 1291 1289 1289 1300 1300 1301 1301 1302 1302 1301 1301 1300 1300 1303 1303 1304 1304 1305 1305 1306 1306 1305 1305 1304 1304 1307 1307 1305 1305 1308 1308 1306 1306 1308 1308 1305 1305 1309 1309 1310 1310 1311 1311 1312 1312 1311 1311 1310 1310 1313 1313 1314 1314 1315 1315 1316 1316 1317 1317 1318 1318 1316 1316 1319 1319 1314 1314 1320 1320 1318 1318 1317 1317 1321 1321 1314 1314 1319 1319 1315 1315 1318 1318 1321 1321 1322 1322 1314 1314 1316 1316 1318 1318 1323 1323 1324 1324 1325 1325 1326 1326 1327 1327 1328 1328 1324 1324 1323 1323 1329 1329 1318 1318 1322 1322 1330 1330 1326 1326 1325 1325 1327 1327 1318 1318 1330 1330 1324 1324 1324 1324 1329 1329 1318 1318 1325 1325 1326 1326 1323 1323 1331 1331 1332 1332 1333 1333 1334 1334 1335 1335 1332 1332 1335 1335 1334 1334 1336 1336 1337 1337 1338 1338 1333 1333 1333 1333 1338 1338 1331 1331 1338 1338 1337 1337 1339 1339 1332 1332 1331 1331 1334 1334 1340 1340 1341 1341 1342 1342 1340 1340 1342 1342 1343 1343 1344 1344 1345 1345 1346 1346 1347 1347 1348 1348 1341 1341 1345 1345 1344 1344 1348 1348 1341 1341 1340 1340 1347 1347 1348 1348 1347 1347 1345 1345 1349 1349 1350 1350 1351 1351 1352 1352 1349 1349 1353 1353 1354 1354 1353 1353 1355 1355 1356 1356 1355 1355 1357 1357 1355 1355 1356 1356 1354 1354 1353 1353 1354 1354 1352 1352 1349 1349 1352 1352 1350 1350 1358 1358 1359 1359 1360 1360 1361 1361 1362 1362 1363 1363 1362 1362 1361 1361 1364 1364 1364 1364 1360 1360 1359 1359 1359 1359 1358 1358 1365 1365 1360 1360 1364 1364 1361 1361 1366 1366 1367 1367 1368 1368 1369 1369 1370 1370 1371 1371 1370 1370 1369 1369 1372 1372 1372 1372 1368 1368 1367 1367 1367 1367 1366 1366 1373 1373 1368 1368 1372 1372 1369 1369 1374 1374 1375 1375 1376 1376 1375 1375 1374 1374 1377 1377 1378 1378 1379 1379 1380 1380 1379 1379 1381 1381 1382 1382 1379 1379 1378 1378 1383 1383 1384 1384 1379 1379 1383 1383 1381 1381 1379 1379 1384 1384 1385 1385 1386 1386 1387 1387 1386 1386 1385 1385 1388 1388 1389 1389 1390 1390 1391 1391 1390 1390 1389 1389 1392 1392 1393 1393 1394 1394 1395 1395 1395 1395 1396 1396 1397 1397 1395 1395 1398 1398 1399 1399 1394 1394 1393 1393 1400 1400 1400 1400 1393 1393 1401 1401 1398 1398 1395 1395 1394 1394 1395 1395 1399 1399 1396 1396 1402 1402 1403 1403 1404 1404 1405 1405 1406 1406 1402 1402 1406 1406 1405 1405 1407 1407 1403 1403 1402 1402 1406 1406 1408 1408 1409 1409 1410 1410 1411 1411 1409 1409 1412 1412 1413 1413 1409 1409 1408 1408 1409 1409 1411 1411 1410 1410 1412 1412 1414 1414 1415 1415 1414 1414 1412 1412 1416 1416 1417 1417 1418 1418 1419 1419 1409 1409 1413 1413 1420 1420 1419 1419 1418 1418 1421 1421 1410 1410 1411 1411 1422 1422 1418 1418 1417 1417 1423 1423 1421 1421 1424 1424 1425 1425 1422 1422 1411 1411 1424 1424 1424 1424 1421 1421 1422 1422 1421 1421 1418 1418 1422 1422 1412 1412 1415 1415 1411 1411 1426 1426 1427 1427 1428 1428 1427 1427 1426 1426 1429 1429 1430 1430 1431 1431 1432 1432 1431 1431 1433 1433 1434 1434 1431 1431 1430 1430 1433 1433 1435 1435 1436 1436 1437 1437 1436 1436 1435 1435 1438 1438 1439 1439 1440 1440 1441 1441 1440 1440 1439 1439 1442 1442 1443 1443 1444 1444 1445 1445 1444 1444 1443 1443 1446 1446 1447 1447 1448 1448 1449 1449 1448 1448 1447 1447 1450 1450 1451 1451 1452 1452 1453 1453 1452 1452 1451 1451 1454 1454 1455 1455 1456 1456 1457 1457 1456 1456 1455 1455 1458 1458 1459 1459 1460 1460 1461 1461 1460 1460 1459 1459 1462 1462 1463 1463 1464 1464 1465 1465 1464 1464 1463 1463 1466 1466 1467 1467 1468 1468 1469 1469 1468 1468 1467 1467 1470 1470 1471 1471 1472 1472 1473 1473 1472 1472 1471 1471 1474 1474 1475 1475 1476 1476 1477 1477 1476 1476 1475 1475 1478 1478 1479 1479 1480 1480 1481 1481 1480 1480 1479 1479 1482 1482 1483 1483 1484 1484 1485 1485 1484 1484 1483 1483 1486 1486 1487 1487 1488 1488 1489 1489 1488 1488 1487 1487 1490 1490 1491 1491 1492 1492 1493 1493 1492 1492 1491 1491 1494 1494 1495 1495 1496 1496 1497 1497 1496 1496 1495 1495 1498 1498 1499 1499 1500 1500 1501 1501 1500 1500 1499 1499 1502 1502 1503 1503 1504 1504 1505 1505 1504 1504 1503 1503 1506 1506 1503 1503 1505 1505 1507 1507 1508 1508 1509 1509 1510 1510 1511 1511 1509 1509 1508 1508 1509 1509 1511 1511 1512 1512 1513 1513 1514 1514 1515 1515 1514 1514 1513 1513 1516 1516 1517 1517 1518 1518 1519 1519 1520 1520 1521 1521 1522 1522 1518 1518 1517 1517 1520 1520 1523 1523 1519 1519 1518 1518 1519 1519 1523 1523 1524 1524 1521 1521 1520 1520 1517 1517 1525 1525 1526 1526 1527 1527 1526 1526 1525 1525 1528 1528 1529 1529 1530 1530 1531 1531 1530 1530 1529 1529 1532 1532 1532 1532 1533 1533 1534 1534 1534 1534 1535 1535 1536 1536 1533 1533 1532 1532 1529 1529 1535 1535 1534 1534 1533 1533 1537 1537 1538 1538 1539 1539 1538 1538 1540 1540 1539 1539 1537 1537 1541 1541 1542 1542 1541 1541 1537 1537 1539 1539 1540 1540 1538 1538 1543 1543 1538 1538 1537 1537 1544 1544 1545 1545 1546 1546 1547 1547 1548 1548 1549 1549 1550 1550 1549 1549 1548 1548 1551 1551 1552 1552 1550 1550 1549 1549 1546 1546 1545 1545 1552 1552 1550 1550 1552 1552 1545 1545 1553 1553 1554 1554 1555 1555 1553 1553 1556 1556 1557 1557 1558 1558 1559 1559 1560 1560 1561 1561 1562 1562 1563 1563 1559 1559 1563 1563 1562 1562 1564 1564 1562 1562 1565 1565 1560 1560 1565 1565 1558 1558 1566 1566 1567 1567 1557 1557 1568 1568 1557 1557 1556 1556 1562 1562 1561 1561 1553 1553 1553 1553 1561 1561 1569 1569 1559 1559 1562 1562 1570 1570 1571 1571 1559 1559 1572 1572 1565 1565 1573 1573 1574 1574 1574 1574 1575 1575 1576 1576 1565 1565 1560 1560 1564 1564 1566 1566 1577 1577 1558 1558 1563 1563 1559 1559 1578 1578 1554 1554 1553 1553 1569 1569 1556 1556 1553 1553 1555 1555 1577 1577 1566 1566 1557 1557 1577 1577 1557 1557 1579 1579 1559 1559 1558 1558 1577 1577 1579 1579 1557 1557 1568 1568 1572 1572 1559 1559 1577 1577 1559 1559 1571 1571 1578 1578 1575 1575 1574 1574 1573 1573 1567 1567 1573 1573 1557 1557 1573 1573 1565 1565 1562 1562 1562 1562 1564 1564 1570 1570 1573 1573 1567 1567 1575 1575 1567 1567 1566 1566 1580 1580 1581 1581 1582 1582 1583 1583 1584 1584 1585 1585 1581 1581 1585 1585 1584 1584 1586 1586 1582 1582 1581 1581 1585 1585 1587 1587 1583 1583 1582 1582 1583 1583 1587 1587 1588 1588 1589 1589 1590 1590 1591 1591 1592 1592 1593 1593 1594 1594 1595 1595 1596 1596 1597 1597 1590 1590 1589 1589 1592 1592 1593 1593 1592 1592 1598 1598 1598 1598 1592 1592 1589 1589 1596 1596 1594 1594 1593 1593 1594 1594 1596 1596 1595 1595 1599 1599 1600 1600 1601 1601 1599 1599 1602 1602 1603 1603 1603 1603 1602 1602 1604 1604 1602 1602 1601 1601 1605 1605 1602 1602 1599 1599 1601 1601 1600 1600 1599 1599 1606 1606 1607 1607 1608 1608 1609 1609 1608 1608 1607 1607 1610 1610 1611 1611 1609 1609 1612 1612 1609 1609 1611 1611 1607 1607 1608 1608 1610 1610 1613 1613 1614 1614 1615 1615 1616 1616 1615 1615 1614 1614 1617 1617 1618 1618 1619 1619 1620 1620 1618 1618 1621 1621 1622 1622 1621 1621 1618 1618 1623 1623 1618 1618 1622 1622 1619 1619 1624 1624 1625 1625 1626 1626 1627 1627 1628 1628 1629 1629 1630 1630 1628 1628 1627 1627 1626 1626 1629 1629 1631 1631 1625 1625 1624 1624 1632 1632 1631 1631 1629 1629 1628 1628 1629 1629 1626 1626 1625 1625 1624 1624 1627 1627 1632 1632 1628 1628 1630 1630 1633 1633 1631 1631 1634 1634 1626 1626 1627 1627 1624 1624 1630 1630 1635 1635 1630 1630 1634 1634 1630 1630 1635 1635 1633 1633 1634 1634 1631 1631 1635 1635 1636 1636 1637 1637 1638 1638 1639 1639 1637 1637 1640 1640 1637 1637 1639 1639 1641 1641 1640 1640 1637 1637 1636 1636 1642 1642 1643 1643 1644 1644 1643 1643 1642 1642 1645 1645 1646 1646 1647 1647 1648 1648 1646 1646 1648 1648 1649 1649 1650 1650 1651 1651 1652 1652 1650 1650 1652 1652 1653 1653 1654 1654 1653 1653 1655 1655 1647 1647 1646 1646 1651 1651 1653 1653 1654 1654 1650 1650 1651 1651 1650 1650 1647 1647 1656 1656 1657 1657 1658 1658 1656 1656 1659 1659 1660 1660 1660 1660 1661 1661 1662 1662 1657 1657 1656 1656 1663 1663 1661 1661 1660 1660 1659 1659 1659 1659 1656 1656 1658 1658 1664 1664 1665 1665 1666 1666 1667 1667 1668 1668 1669 1669 1670 1670 1671 1671 1664 1664 1668 1668 1667 1667 1670 1670 1671 1671 1670 1670 1667 1667 1665 1665 1664 1664 1671 1671 1672 1672 1673 1673 1674 1674 1673 1673 1672 1672 1675 1675 1676 1676 1677 1677 1678 1678 1679 1679 1680 1680 1681 1681 1680 1680 1679 1679 1676 1676 1676 1676 1682 1682 1677 1677 1682 1682 1676 1676 1679 1679 1683 1683 1684 1684 1685 1685 1684 1684 1683 1683 1686 1686 1687 1687 1688 1688 1689 1689 1690 1690 1687 1687 1691 1691 1692 1692 1687 1687 1693 1693 1691 1691 1687 1687 1694 1694 1687 1687 1690 1690 1693 1693 1690 1690 1691 1691 1695 1695 1695 1695 1691 1691 1696 1696 1691 1691 1694 1694 1697 1697 1697 1697 1698 1698 1699 1699 1698 1698 1697 1697 1694 1694 1688 1688 1687 1687 1692 1692 1700 1700 1701 1701 1702 1702 1703 1703 1704 1704 1705 1705 1706 1706 1707 1707 1704 1704 1708 1708 1709 1709 1710 1710 1711 1711 1712 1712 1709 1709 1713 1713 1714 1714 1715 1715 1702 1702 1716 1716 1717 1717 1718 1718 1717 1717 1719 1719 1714 1714 1713 1713 1720 1720 1721 1721 1720 1720 1722 1722 1718 1718 1722 1722 1723 1723 1702 1702 1723 1723 1700 1700 1721 1721 1719 1719 1705 1705 1723 1723 1702 1702 1718 1718 1722 1722 1718 1718 1721 1721 1720 1720 1721 1721 1714 1714 1701 1701 1700 1700 1724 1724 1715 1715 1704 1704 1707 1707 1722 1722 1725 1725 1726 1726 1723 1723 1726 1726 1727 1727 1700 1700 1727 1727 1728 1728 1724 1724 1728 1728 1729 1729 1725 1725 1730 1730 1731 1731 1726 1726 1731 1731 1732 1732 1727 1727 1732 1732 1733 1733 1728 1728 1733 1733 1734 1734 1729 1729 1734 1734 1735 1735 1736 1736 1737 1737 1738 1738 1712 1712 1705 1705 1719 1719 1709 1709 1719 1719 1717 1717 1710 1710 1717 1717 1716 1716 1719 1719 1721 1721 1718 1718 1704 1704 1715 1715 1714 1714 1705 1705 1714 1714 1721 1721 1716 1716 1702 1702 1701 1701 1717 1717 1718 1718 1702 1702 1714 1714 1705 1705 1704 1704 1717 1717 1710 1710 1709 1709 1719 1719 1709 1709 1712 1712 1705 1705 1712 1712 1703 1703 1704 1704 1703 1703 1706 1706 1739 1739 1710 1710 1740 1740 1741 1741 1735 1735 1742 1742 1743 1743 1729 1729 1741 1741 1707 1707 1706 1706 1744 1744 1709 1709 1708 1708 1711 1711 1712 1712 1711 1711 1745 1745 1703 1703 1745 1745 1746 1746 1706 1706 1746 1746 1747 1747 1737 1737 1724 1724 1743 1743 1724 1724 1737 1737 1701 1701 1729 1729 1743 1743 1724 1724 1735 1735 1741 1741 1729 1729 1710 1710 1739 1739 1708 1708 1748 1748 1736 1736 1749 1749 1710 1710 1748 1748 1740 1740 1716 1716 1748 1748 1710 1710 1748 1748 1716 1716 1736 1736 1716 1716 1737 1737 1736 1736 1737 1737 1716 1716 1701 1701 1734 1734 1729 1729 1728 1728 1733 1733 1728 1728 1727 1727 1732 1732 1727 1727 1726 1726 1731 1731 1726 1726 1725 1725 1730 1730 1725 1725 1750 1750 1728 1728 1724 1724 1700 1700 1727 1727 1700 1700 1723 1723 1726 1726 1723 1723 1722 1722 1725 1725 1722 1722 1720 1720 1750 1750 1720 1720 1713 1713 1746 1746 1706 1706 1703 1703 1747 1747 1744 1744 1706 1706 1744 1744 1747 1747 1751 1751 1720 1720 1750 1750 1725 1725 1745 1745 1703 1703 1712 1712 1752 1752 1753 1753 1754 1754 1755 1755 1756 1756 1757 1757 1753 1753 1752 1752 1758 1758 1753 1753 1759 1759 1755 1755 1759 1759 1753 1753 1758 1758 1760 1760 1758 1758 1752 1752 1760 1760 1752 1752 1761 1761 1762 1762 1763 1763 1760 1760 1764 1764 1765 1765 1762 1762 1766 1766 1767 1767 1764 1764 1767 1767 1766 1766 1768 1768 1765 1765 1764 1764 1767 1767 1763 1763 1762 1762 1765 1765 1758 1758 1760 1760 1763 1763 1756 1756 1755 1755 1759 1759 1769 1769 1770 1770 1771 1771 1769 1769 1771 1771 1772 1772 1770 1770 1769 1769 1773 1773 1774 1774 1770 1770 1773 1773 1775 1775 1776 1776 1774 1774 1770 1770 1774 1774 1776 1776 1776 1776 1775 1775 1777 1777 1777 1777 1775 1775 1778 1778 1777 1777 1778 1778 1779 1779 1780 1780 1772 1772 1771 1771 1772 1772 1780 1780 1781 1781 1782 1782 1783 1783 1784 1784 1783 1783 1782 1782 1785 1785 1786 1786 1787 1787 1788 1788 1789 1789 1790 1790 1791 1791 1792 1792 1793 1793 1794 1794 1795 1795 1796 1796 1797 1797 1798 1798 1788 1788 1787 1787 1796 1796 1799 1799 1797 1797 1800 1800 1788 1788 1790 1790 1801 1801 1791 1791 1793 1793 1788 1788 1798 1798 1795 1795 1802 1802 1799 1799 1803 1803 1799 1799 1802 1802 1804 1804 1799 1799 1796 1796 1803 1803 1787 1787 1786 1786 1805 1805 1788 1788 1800 1800 1786 1786 1790 1790 1789 1789 1800 1800 1791 1791 1801 1801 1789 1789 1793 1793 1792 1792 1801 1801 1795 1795 1790 1790 1788 1788 1806 1806 1791 1791 1790 1790 1807 1807 1793 1793 1791 1791 1808 1808 1794 1794 1793 1793 1809 1809 1795 1795 1797 1797 1810 1810 1806 1806 1795 1795 1811 1811 1807 1807 1806 1806 1790 1790 1795 1795 1806 1806 1791 1791 1806 1806 1807 1807 1793 1793 1807 1807 1808 1808 1794 1794 1808 1808 1812 1812 1795 1795 1809 1809 1810 1810 1806 1806 1810 1810 1811 1811 1807 1807 1811 1811 1813 1813 1814 1814 1812 1812 1808 1808 1808 1808 1813 1813 1814 1814 1812 1812 1814 1814 1815 1815 1813 1813 1808 1808 1807 1807 1796 1796 1795 1795 1798 1798 1816 1816 1817 1817 1818 1818 1819 1819 1820 1820 1817 1817 1821 1821 1822 1822 1820 1820 1823 1823 1824 1824 1822 1822 1825 1825 1824 1824 1826 1826 1824 1824 1825 1825 1827 1827 1825 1825 1826 1826 1828 1828 1828 1828 1826 1826 1829 1829 1824 1824 1823 1823 1826 1826 1822 1822 1821 1821 1823 1823 1820 1820 1819 1819 1821 1821 1830 1830 1824 1824 1827 1827 1817 1817 1816 1816 1819 1819 1824 1824 1830 1830 1831 1831 1832 1832 1833 1833 1834 1834 1835 1835 1836 1836 1832 1832 1836 1836 1835 1835 1837 1837 1833 1833 1832 1832 1836 1836 1838 1838 1834 1834 1833 1833 1834 1834 1838 1838 1839 1839 1840 1840 1841 1841 1842 1842 1841 1841 1840 1840 1843 1843 1844 1844 1845 1845 1846 1846 1845 1845 1844 1844 1847 1847 1848 1848 1849 1849 1850 1850 1849 1849 1848 1848 1851 1851 1852 1852 1853 1853 1854 1854 1853 1853 1852 1852 1855 1855 1856 1856 1857 1857 1858 1858 1857 1857 1856 1856 1859 1859 1860 1860 1861 1861 1862 1862 1861 1861 1860 1860 1863 1863 1864 1864 1865 1865 1866 1866 1865 1865 1864 1864 1867 1867 1868 1868 1869 1869 1870 1870 1869 1869 1868 1868 1871 1871 1872 1872 1873 1873 1874 1874 1873 1873 1872 1872 1875 1875 1876 1876 1877 1877 1878 1878 1877 1877 1876 1876 1879 1879 1880 1880 1881 1881 1882 1882 1881 1881 1880 1880 1883 1883 1884 1884 1885 1885 1886 1886 1886 1886 1887 1887 1888 1888 1887 1887 1886 1886 1885 1885 1885 1885 1884 1884 1889 1889 1888 1888 1887 1887 1890 1890 1891 1891 1892 1892 1893 1893 1892 1892 1891 1891 1894 1894</p></triangles></mesh></geometry></library_geometries><library_visual_scenes><visual_scene id="VisualSceneNode" name="VisualSceneNode"><node id="Main-Component-Node1" name="bau0026152251"><instance_geometry url="#bau0026152251-mesh" name="bau0026152251"><bind_material><technique_common><instance_material symbol="zincplated-material" target="#zincplated-material" /><instance_material symbol="silkwhitematt-material" target="#silkwhitematt-material" /></technique_common></bind_material></instance_geometry></node></visual_scene></library_visual_scenes><scene><instance_visual_scene url="#VisualSceneNode" /></scene></COLLADA>