<?xml version="1.0" encoding="utf-8"?><COLLADA xmlns:xsd="http://www.w3.org/2001/XMLSchema" xmlns:xsi="http://www.w3.org/2001/XMLSchema-instance" version="1.4.1" xmlns="http://www.collada.org/2005/11/COLLADASchema"><asset><contributor><author>bau05662</author><authoring_tool>Blum.Cape.SolidWorks.Export.Collada 25.0.0.0</authoring_tool></contributor><created>0001-01-01T00:00:00</created><modified>2026-02-24T16:28:19.578389+01:00</modified><unit meter="0.001" name="millimeter" /></asset><library_effects><effect id="oriongreymatt-effect"><profile_COMMON><technique sid="common"><phong><emission><color sid="emission">0 0 0 0</color></emission><ambient><color sid="ambient">0.113502777804244 0.116016134223458 0.106154548287322 1</color></ambient><diffuse><color sid="diffuse">0.113502777804244 0.116016134223458 0.106154548287322 1</color></diffuse><specular><color sid="specular">0.991136764316137 0.991136764316137 0.991136764316137 1</color></specular><shininess><float sid="shininess">0.1</float></shininess><reflective><color sid="reflective">1 1 1 1</color></reflective><reflectivity><float sid="reflectivity">0</float></reflectivity><transparent><color>1 1 1 1</color></transparent><transparency><float sid="transparency">1</float></transparency><index_of_refraction><float sid="index_of_refraction">1</float></index_of_refraction></phong></technique></profile_COMMON></effect><effect id="zincplated-effect"><profile_COMMON><technique sid="common"><phong><emission><color sid="emission">0 0 0 0</color></emission><ambient><color sid="ambient">0.408975652376015 0.419604810831399 0.486751175550744 1</color></ambient><diffuse><color sid="diffuse">0.408975652376015 0.419604810831399 0.486751175550744 1</color></diffuse><specular><color sid="specular">0.991136764316137 0.991136764316137 0.991136764316137 1</color></specular><shininess><float sid="shininess">0.1</float></shininess><reflective><color sid="reflective">1 1 1 1</color></reflective><reflectivity><float sid="reflectivity">1</float></reflectivity><transparent><color>1 1 1 1</color></transparent><transparency><float sid="transparency">1</float></transparency><index_of_refraction><float sid="index_of_refraction">1</float></index_of_refraction></phong></technique></profile_COMMON></effect></library_effects><library_materials><material id="oriongreymatt-material" name="oriongreymatt"><instance_effect url="#oriongreymatt-effect" /></material><material id="zincplated-material" name="zincplated"><instance_effect url="#zincplated-effect" /></material></library_materials><library_geometries><geometry id="bau0020305091-mesh" name="bau0020305091"><mesh><source id="bau0020305091-mesh-positions"><float_array id="bau0020305091-mesh-positions-array" count="5685">-8.500000461936 56.8000003695488 37.0000004768372 -8.500000461936 56.7954443395138 -453.000009059906 -8.500000461936 56.8000003695488 -453.000009059906 -8.500000461936 56.7954443395138 37.0000004768372 -11.5000000223517 30.0999991595745 -439.999997615814 -11.5000000223517 18.3000005781651 -449.000000953674 -11.5000000223517 18.3000005781651 -439.999997615814 -11.5000000223517 41.2999987602234 -439.999997615814 -11.5000000223517 45.4000011086464 -437.799990177155 -11.5000000223517 41.2999987602234 -449.000000953674 -11.5000000223517 63.2999986410141 -436.899989843369 -11.5000000223517 53.1000010669231 -449.000000953674 -11.5000000223517 53.1000010669231 -437.799990177155 -11.5000000223517 30.0999991595745 -449.000000953674 -11.5000000223517 3.89999989420176 -453.000009059906 -11.5000000223517 7.1000000461936 -449.000000953674 -11.5000000223517 63.2999986410141 -452.800005674362 -11.5000000223517 63.2999986410141 -453.000009059906 -11.5000000223517 45.4000011086464 -449.000000953674 -11.5000000223517 -6.89999992027879 -436.899989843369 -11.5000000223517 3.00000002607703 -441.000014543533 -11.5000000223517 -6.89999992027879 -440.400004386902 -11.5000000223517 7.1000000461936 -439.999997615814 -11.5000000223517 4.60000010207295 -449.000000953674 -11.5000000223517 3.89999989420176 -449.000000953674 -11.5000000223517 4.60000010207295 -441.000014543533 -11.5000000223517 3.00000002607703 -448.500007390976 -11.5000000223517 -7.69999995827675 -440.400004386902 -11.5000000223517 -18.6000000685453 -448.500007390976 -11.5000000223517 -18.6000000685453 -440.400004386902 -20.8000000566244 2.70000007003546 -453.000009059906 -15.1000004261732 2.40000011399388 -453.000009059906 -15.1000004261732 2.70000007003546 -453.000009059906 -12.7999996766448 -6.80000009015203 -453.000009059906 -19.9999995529652 -6.80000009015203 -453.000009059906 -20.4000007361174 -6.69282022863626 -453.000009059906 -20.8000000566244 -6.00000005215406 -453.000009059906 -20.6928197294474 -6.3999998383224 -453.000009059906 -12.7999996766448 2.40000011399388 -453.000009059906 -10.7000004500151 -22.9038186371326 -453.000009059906 -9.90521162748337 -22.8786934167147 -453.000009059906 -9.807582013309 -22.8570494800806 -453.000009059906 -9.87831875681877 -23.0000000447035 -453.000009059906 -14.299999922514 60.3000000119209 -453.000009059906 -11.5000000223517 63.2999986410141 -453.000009059906 -11.400000192225 63.900001347065 -453.000009059906 -7.6473718509078 63.3499994874001 -453.000009059906 -7.1000000461936 63.000001013279 -453.000009059906 -7.27416714653373 63.6499971151352 -453.000009059906 -8.15000012516975 -10.413397103548 -453.000009059906 -8.1809014081955 -10.5587784200907 -453.000009059906 -8.15000012516975 -10.5866026133299 -453.000009059906 -8.1809014081955 -10.4412212967873 -453.000009059906 -8.19781515747309 -10.4792090132833 -453.000009059906 -7.49999983236194 -9.28756408393383 -453.000009059906 -7.1000000461936 -26.1000003665686 -453.000009059906 -7.49999983236194 57.7999986708164 -453.000009059906 -7.49999983236194 62.7999976277351 -453.000009059906 -8.70999973267317 -25.9949993342161 -453.000009059906 -8.70999973267317 -23.0000000447035 -453.000009059906 -11.5000000223517 3.89999989420176 -453.000009059906 -14.299999922514 3.89999989420176 -453.000009059906 -7.8041423112154 -10.8768120408058 -453.000009059906 -7.58105469867587 -26.2975003570318 -453.000009059906 -7.20717990770936 -26.4999996870756 -453.000009059906 -7.57839949801564 -9.7321905195713 -453.000009059906 -7.57839949801564 -11.2678091973066 -453.000009059906 -7.49999983236194 -11.7124356329441 -453.000009059906 -8.05000029504299 63.7526288628578 -453.000009059906 -7.74999987334013 64.1258358955383 -453.000009059906 -7.63112353160977 56.2208443880081 -453.000009059906 -7.63397477567196 57.3000013828278 -453.000009059906 -8.00000037997961 56.9339729845524 -453.000009059906 -8.39999970048666 64.300000667572 -453.000009059906 -8.60000029206276 63.900001347065 -453.000009059906 -11.400000192225 63.2999986410141 -453.000009059906 -7.49999983236194 -25.9949993342161 -453.000009059906 -7.49999983236194 55.7000003755093 -453.000009059906 -20.8000000566244 63.000001013279 -453.000009059906 -10.7000004500151 -26.9000008702278 -453.000009059906 -19.5000004023314 64.300000667572 -453.000009059906 -20.6258334219456 63.6499971151352 -453.000009059906 -7.99323339015245 56.6175170242786 -453.000009059906 -20.8000000566244 60.3000000119209 -453.000009059906 -7.89999961853027 -26.9000008702278 -453.000009059906 -7.80249992385507 -26.5189446508884 -453.000009059906 -8.10499954968691 -26.5999995172024 -453.000009059906 -8.40749964118004 -26.5189446508884 -453.000009059906 -8.62894579768181 -26.2975003570318 -453.000009059906 -20.1500002294779 64.1258358955383 -453.000009059906 -7.49999983236194 -26.7928205430508 -453.000009059906 -7.8041423112154 -10.1231886073947 -453.000009059906 -8.19781515747309 -10.5207907035947 -453.000009059906 -8.500000461936 56.7954443395138 -453.000009059906 -8.500000461936 56.8000003695488 -453.000009059906 -18.580000847578 3.00000002607703 -449.000000953674 -15.1000004261732 3.89999989420176 -449.000000953674 -15.1000004261732 3.00000002607703 -449.000000953674 -11.5000000223517 4.60000010207295 -449.000000953674 -11.5000000223517 3.89999989420176 -449.000000953674 -18.580000847578 4.60000010207295 -449.000000953674 -11.5000000223517 3.00000002607703 -441.000014543533 -15.1000004261732 3.00000002607703 -448.500007390976 -11.5000000223517 3.00000002607703 -448.500007390976 -18.580000847578 3.00000002607703 -441.000014543533 -18.580000847578 3.00000002607703 -449.000000953674 -15.1000004261732 3.00000002607703 -449.000000953674 -18.580000847578 4.60000010207295 -441.000014543533 -11.5000000223517 3.00000002607703 -441.000014543533 -11.5000000223517 4.60000010207295 -441.000014543533 -18.580000847578 3.00000002607703 -441.000014543533 -18.580000847578 4.60000010207295 -441.000014543533 -11.5000000223517 4.60000010207295 -449.000000953674 -18.580000847578 4.60000010207295 -449.000000953674 -11.5000000223517 4.60000010207295 -441.000014543533 -15.1000004261732 3.89999989420176 -449.000000953674 -14.299999922514 3.89999989420176 -453.000009059906 -15.1000004261732 3.89999989420176 -453.000009059906 -11.5000000223517 3.89999989420176 -449.000000953674 -11.5000000223517 3.89999989420176 -453.000009059906 -11.5000000223517 -18.6000000685453 -448.500007390976 -12.7999996766448 2.40000011399388 -448.500007390976 -12.7999996766448 -26.1000003665686 -448.500007390976 -15.1000004261732 3.00000002607703 -448.500007390976 -15.1000004261732 2.40000011399388 -448.500007390976 -10.7000004500151 -22.9038186371326 -448.500007390976 -11.0319992527366 -19.3749684840441 -448.500007390976 -11.3033270463347 -19.028952345252 -448.500007390976 -11.5000000223517 3.00000002607703 -448.500007390976 -11.400000192225 -18.6000000685453 -448.500007390976 -12.0000001043081 -26.9000008702278 -448.500007390976 -10.7000004500151 -26.9000008702278 -448.500007390976 -10.638477280736 -19.5711478590965 -448.500007390976 -12.6928202807903 -26.4999996870756 -448.500007390976 -9.90883354097605 -22.8623561561108 -448.500007390976 -12.4000003561378 -26.7928205430508 -448.500007390976 -7.1000000461936 51.0736480355263 -455.080062150955 -7.1000000461936 -26.1000003665686 -453.000009059906 -7.1000000461936 -26.1000003665686 -455.080062150955 -7.1000000461936 51.9244484603405 -455.000013113022 -7.1000000461936 63.000001013279 -453.000009059906 -7.1000000461936 63.000001013279 -455.000013113022 -10.7000004500151 -26.9000008702278 -453.000009059906 -12.0000001043081 -26.9000008702278 -448.500007390976 -12.0000001043081 -26.9000008702278 -455.595076084137 -7.89999961853027 -26.9000008702278 -455.164164304733 -10.7000004500151 -26.9000008702278 -448.500007390976 -7.89999961853027 -26.9000008702278 -453.000009059906 -17.000000923872 1.50000001303852 37.0000004768372 -17.000000923872 -6.89999992027879 36.1000001430511 -17.000000923872 -6.89999992027879 37.0000004768372 -17.000000923872 1.50000001303852 -436.899989843369 -17.000000923872 -6.89999992027879 -436.899989843369 -17.000000923872 1.50000001303852 -436.899989843369 -20.5000005662441 1.50000001303852 37.0000004768372 -20.5000005662441 1.50000001303852 -436.899989843369 -17.000000923872 1.50000001303852 37.0000004768372 -20.8000000566244 2.70000007003546 -453.999996185303 -20.8000000566244 51.0736480355263 -456.519991159439 -20.8000000566244 -6.00000005215406 -456.519991159439 -20.8000000566244 63.000001013279 -453.000009059906 -20.8000000566244 60.3000000119209 -453.999996185303 -20.8000000566244 60.3000000119209 -453.000009059906 -20.8000000566244 -6.00000005215406 -453.000009059906 -20.8000000566244 2.70000007003546 -453.000009059906 -20.8000000566244 53.5535365343094 -455.983519554138 -20.8000000566244 55.7879321277142 -455.245733261108 -20.8000000566244 58.1000000238419 -455.000013113022 -20.8000000566244 63.000001013279 -455.000013113022 -19.9999995529652 -6.80000009015203 -453.000009059906 -12.7999996766448 -6.80000009015203 -455.679178237915 -12.7999996766448 -6.80000009015203 -453.000009059906 -19.9999995529652 -6.80000009015203 -456.435918807983 -12.7999996766448 -6.80000009015203 -453.000009059906 -12.7999996766448 2.40000011399388 -448.500007390976 -12.7999996766448 2.40000011399388 -453.000009059906 -12.7999996766448 -26.1000003665686 -448.500007390976 -12.7999996766448 -26.1000003665686 -455.679178237915 -12.7999996766448 -6.80000009015203 -455.679178237915 -19.5000004023314 64.300000667572 -455.000013113022 -8.39999970048666 64.300000667572 -453.000009059906 -8.39999970048666 64.300000667572 -455.000013113022 -19.5000004023314 64.300000667572 -453.000009059906 -20.6258334219456 63.6499971151352 -455.000013113022 -19.5000004023314 64.300000667572 -455.000013113022 -20.8000000566244 63.000001013279 -455.000013113022 -20.7193177193403 57.6679892838001 -455.000013113022 -8.39999970048666 64.300000667572 -455.000013113022 -20.5101016908884 57.2806969285011 -455.000013113022 -20.8000000566244 58.1000000238419 -455.000013113022 -20.1500002294779 64.1258358955383 -455.000013113022 -19.8973473161459 56.6521733999252 -455.000013113022 -18.4086188673973 55.7351000607014 -455.000013113022 -7.27416714653373 63.6499971151352 -455.000013113022 -14.526043087244 54.234504699707 -455.000013113022 -7.74999987334013 64.1258358955383 -455.000013113022 -10.523502714932 53.1071163713932 -455.000013113022 -7.1000000461936 63.000001013279 -455.000013113022 -8.77877231687307 52.6112467050552 -455.000013113022 -7.1000000461936 51.9244484603405 -455.000013113022 -7.89999961853027 -26.9000008702278 -453.000009059906 -7.49999983236194 -26.7928205430508 -455.122113227844 -7.49999983236194 -26.7928205430508 -453.000009059906 -7.12725939229131 -26.3070557266474 -455.082923173904 -7.20717990770936 -26.4999996870756 -453.000009059906 -7.20717990770936 -26.4999996870756 -455.091327428818 -7.1000000461936 -26.1000003665686 -453.000009059906 -7.1000000461936 -26.1000003665686 -455.080062150955 -7.89999961853027 -26.9000008702278 -455.164164304733 -12.6928202807903 -26.4999996870756 -448.500007390976 -12.4000003561378 -26.7928205430508 -455.637127161026 -12.4000003561378 -26.7928205430508 -448.500007390976 -12.7999996766448 -26.1000003665686 -448.500007390976 -12.6928202807903 -26.4999996870756 -455.667912960052 -12.7727407962084 -26.3070557266474 -455.676287412643 -12.7999996766448 -26.1000003665686 -455.679178237915 -12.0000001043081 -26.9000008702278 -455.595076084137 -12.0000001043081 -26.9000008702278 -448.500007390976 -20.4000007361174 -6.69282022863626 -456.477969884872 -20.6928197294474 -6.3999998383224 -453.000009059906 -20.6928197294474 -6.3999998383224 -456.508725881577 -20.7727402448654 -6.20705541223288 -456.51713013649 -20.8000000566244 -6.00000005215406 -453.000009059906 -20.8000000566244 -6.00000005215406 -456.519991159439 -19.9999995529652 -6.80000009015203 -456.435918807983 -20.4000007361174 -6.69282022863626 -453.000009059906 -19.9999995529652 -6.80000009015203 -453.000009059906 -20.1500002294779 64.1258358955383 -455.000013113022 -19.5000004023314 64.300000667572 -453.000009059906 -19.5000004023314 64.300000667572 -455.000013113022 -20.6258334219456 63.6499971151352 -455.000013113022 -20.1500002294779 64.1258358955383 -453.000009059906 -20.6258334219456 63.6499971151352 -453.000009059906 -20.8000000566244 63.000001013279 -455.000013113022 -20.8000000566244 63.000001013279 -453.000009059906 -7.27416714653373 63.6499971151352 -455.000013113022 -7.1000000461936 63.000001013279 -453.000009059906 -7.1000000461936 63.000001013279 -455.000013113022 -7.74999987334013 64.1258358955383 -455.000013113022 -7.27416714653373 63.6499971151352 -453.000009059906 -7.74999987334013 64.1258358955383 -453.000009059906 -8.39999970048666 64.300000667572 -455.000013113022 -8.39999970048666 64.300000667572 -453.000009059906 -11.5000000223517 63.2999986410141 -452.800005674362 -15.3999999165535 63.900001347065 -452.800005674362 -11.400000192225 63.900001347065 -452.800005674362 -15.3999999165535 63.2999986410141 -452.800005674362 -11.400000192225 63.2999986410141 -452.800005674362 -18.580000847578 3.00000002607703 -449.000000953674 -18.580000847578 4.60000010207295 -441.000014543533 -18.580000847578 4.60000010207295 -449.000000953674 -18.580000847578 3.00000002607703 -441.000014543533 -15.1000004261732 3.00000002607703 -449.000000953674 -15.1000004261732 2.40000011399388 -448.500007390976 -15.1000004261732 3.00000002607703 -448.500007390976 -15.1000004261732 3.89999989420176 -453.000009059906 -15.1000004261732 3.89999989420176 -449.000000953674 -15.1000004261732 2.40000011399388 -453.000009059906 -15.1000004261732 2.70000007003546 -453.000009059906 -9.90883354097605 -22.8623561561108 -448.500007390976 -10.7000004500151 -22.9038186371326 -453.000009059906 -9.807582013309 -22.8570494800806 -453.000009059906 -10.7000004500151 -22.9038186371326 -448.500007390976 -9.807582013309 -22.8570494800806 -448.500007390976 -15.1000004261732 2.40000011399388 -448.500007390976 -12.7999996766448 2.40000011399388 -453.000009059906 -12.7999996766448 2.40000011399388 -448.500007390976 -15.1000004261732 2.40000011399388 -453.000009059906 -10.7000004500151 -22.9038186371326 -453.000009059906 -10.7000004500151 -26.9000008702278 -448.500007390976 -10.7000004500151 -26.9000008702278 -453.000009059906 -10.7000004500151 -22.9038186371326 -448.500007390976 -20.8000000566244 55.7879321277142 -455.245733261108 -19.8973473161459 56.6521733999252 -455.000013113022 -18.4086188673973 55.7351000607014 -455.000013113022 -20.5101016908884 57.2806969285011 -455.000013113022 -20.7193177193403 57.6679892838001 -455.000013113022 -20.8000000566244 53.5535365343094 -455.983519554138 -14.526043087244 54.234504699707 -455.000013113022 -10.523502714932 53.1071163713932 -455.000013113022 -20.8000000566244 58.1000000238419 -455.000013113022 -10.523502714932 53.1071163713932 -455.000013113022 -20.8000000566244 51.0736480355263 -456.519991159439 -20.8000000566244 53.5535365343094 -455.983519554138 -8.77877231687307 52.6112467050552 -455.000013113022 -7.1000000461936 51.0736480355263 -455.080062150955 -7.1000000461936 51.9244484603405 -455.000013113022 -12.0000001043081 -26.9000008702278 -455.595076084137 -12.7727407962084 -26.3070557266474 -455.676287412643 -12.7999996766448 -26.1000003665686 -455.679178237915 -19.9999995529652 -6.80000009015203 -456.435918807983 -20.7727402448654 -6.20705541223288 -456.51713013649 -20.8000000566244 -6.00000005215406 -456.519991159439 -12.7999996766448 -6.80000009015203 -455.679178237915 -7.1000000461936 -26.1000003665686 -455.080062150955 -7.1000000461936 51.0736480355263 -455.080062150955 -20.8000000566244 51.0736480355263 -456.519991159439 -7.89999961853027 -26.9000008702278 -455.164164304733 -20.6928197294474 -6.3999998383224 -456.508725881577 -12.6928202807903 -26.4999996870756 -455.667912960052 -12.4000003561378 -26.7928205430508 -455.637127161026 -7.12725939229131 -26.3070557266474 -455.082923173904 -20.4000007361174 -6.69282022863626 -456.477969884872 -7.20717990770936 -26.4999996870756 -455.091327428818 -7.49999983236194 -26.7928205430508 -455.122113227844 -11.400000192225 -18.6000000685453 -440.400004386902 -11.5000000223517 -18.6000000685453 -448.500007390976 -11.400000192225 -18.6000000685453 -448.500007390976 -11.5000000223517 -18.6000000685453 -440.400004386902 -11.5000000223517 -18.6000000685453 -440.400004386902 -11.400000192225 -8.7500000372529 -440.400004386902 -11.5000000223517 -7.69999995827675 -440.400004386902 -11.400000192225 -7.69999995827675 -440.400004386902 -11.400000192225 -18.6000000685453 -440.400004386902 -11.400000192225 63.2999986410141 -452.800005674362 -11.5000000223517 63.2999986410141 -453.000009059906 -11.5000000223517 63.2999986410141 -452.800005674362 -11.400000192225 63.2999986410141 -453.000009059906 -18.580000847578 45.4000011086464 -437.799990177155 -18.580000847578 53.1000010669231 -449.000000953674 -18.580000847578 45.4000011086464 -449.000000953674 -18.580000847578 53.1000010669231 -437.799990177155 -11.5000000223517 53.1000010669231 -449.000000953674 -18.580000847578 53.1000010669231 -437.799990177155 -11.5000000223517 53.1000010669231 -437.799990177155 -18.580000847578 53.1000010669231 -449.000000953674 -11.5000000223517 53.1000010669231 -437.799990177155 -18.580000847578 45.4000011086464 -437.799990177155 -11.5000000223517 45.4000011086464 -437.799990177155 -18.580000847578 53.1000010669231 -437.799990177155 -18.580000847578 45.4000011086464 -449.000000953674 -11.5000000223517 45.4000011086464 -437.799990177155 -18.580000847578 45.4000011086464 -437.799990177155 -11.5000000223517 45.4000011086464 -449.000000953674 -11.5000000223517 53.1000010669231 -449.000000953674 -18.580000847578 45.4000011086464 -449.000000953674 -18.580000847578 53.1000010669231 -449.000000953674 -11.5000000223517 45.4000011086464 -449.000000953674 -18.580000847578 30.0999991595745 -449.000000953674 -18.580000847578 41.2999987602234 -439.999997615814 -18.580000847578 41.2999987602234 -449.000000953674 -18.580000847578 30.0999991595745 -439.999997615814 -11.5000000223517 41.2999987602234 -449.000000953674 -18.580000847578 41.2999987602234 -439.999997615814 -11.5000000223517 41.2999987602234 -439.999997615814 -18.580000847578 41.2999987602234 -449.000000953674 -18.580000847578 30.0999991595745 -439.999997615814 -11.5000000223517 41.2999987602234 -439.999997615814 -18.580000847578 41.2999987602234 -439.999997615814 -11.5000000223517 30.0999991595745 -439.999997615814 -18.580000847578 30.0999991595745 -449.000000953674 -11.5000000223517 30.0999991595745 -439.999997615814 -18.580000847578 30.0999991595745 -439.999997615814 -11.5000000223517 30.0999991595745 -449.000000953674 -11.5000000223517 41.2999987602234 -449.000000953674 -18.580000847578 30.0999991595745 -449.000000953674 -18.580000847578 41.2999987602234 -449.000000953674 -11.5000000223517 30.0999991595745 -449.000000953674 -18.580000847578 18.3000005781651 -439.999997615814 -18.580000847578 7.1000000461936 -449.000000953674 -18.580000847578 7.1000000461936 -439.999997615814 -18.580000847578 18.3000005781651 -449.000000953674 -18.580000847578 18.3000005781651 -439.999997615814 -11.5000000223517 18.3000005781651 -449.000000953674 -18.580000847578 18.3000005781651 -449.000000953674 -11.5000000223517 18.3000005781651 -439.999997615814 -11.5000000223517 18.3000005781651 -439.999997615814 -18.580000847578 7.1000000461936 -439.999997615814 -11.5000000223517 7.1000000461936 -439.999997615814 -18.580000847578 18.3000005781651 -439.999997615814 -18.580000847578 7.1000000461936 -449.000000953674 -11.5000000223517 7.1000000461936 -439.999997615814 -18.580000847578 7.1000000461936 -439.999997615814 -11.5000000223517 7.1000000461936 -449.000000953674 -11.5000000223517 18.3000005781651 -449.000000953674 -18.580000847578 7.1000000461936 -449.000000953674 -18.580000847578 18.3000005781651 -449.000000953674 -11.5000000223517 7.1000000461936 -449.000000953674 -14.299999922514 2.70000007003546 -453.000009059906 -15.1000004261732 3.89999989420176 -453.000009059906 -14.299999922514 3.89999989420176 -453.000009059906 -15.1000004261732 2.70000007003546 -453.000009059906 -20.8000000566244 60.3000000119209 -453.999996185303 -14.299999922514 2.70000007003546 -453.999996185303 -14.299999922514 60.3000000119209 -453.999996185303 -20.8000000566244 2.70000007003546 -453.999996185303 -14.299999922514 60.3000000119209 -453.000009059906 -20.8000000566244 60.3000000119209 -453.999996185303 -14.299999922514 60.3000000119209 -453.999996185303 -20.8000000566244 60.3000000119209 -453.000009059906 -14.299999922514 2.70000007003546 -453.999996185303 -15.1000004261732 2.70000007003546 -453.000009059906 -14.299999922514 2.70000007003546 -453.000009059906 -20.8000000566244 2.70000007003546 -453.999996185303 -20.8000000566244 2.70000007003546 -453.000009059906 -14.299999922514 3.89999989420176 -453.000009059906 -14.299999922514 2.70000007003546 -453.999996185303 -14.299999922514 2.70000007003546 -453.000009059906 -14.299999922514 60.3000000119209 -453.999996185303 -14.299999922514 60.3000000119209 -453.000009059906 -19.4000005722046 63.900001347065 -436.899989843369 -20.352628082037 63.3499994874001 -436.899989843369 -19.9500005692244 63.7526288628578 -436.899989843369 -20.5000005662441 62.7999976277351 -436.899989843369 -17.000000923872 1.50000001303852 -436.899989843369 -11.5000000223517 -6.89999992027879 -436.899989843369 -17.000000923872 -6.89999992027879 -436.899989843369 -11.5000000223517 63.2999986410141 -436.899989843369 -15.3999999165535 63.2999986410141 -436.899989843369 -15.3999999165535 63.900001347065 -436.899989843369 -20.5000005662441 1.50000001303852 -436.899989843369 -15.3999999165535 63.2999986410141 -436.899989843369 -15.3999999165535 63.900001347065 -452.800005674362 -15.3999999165535 63.2999986410141 -452.800005674362 -15.3999999165535 63.900001347065 -436.899989843369 -7.49999983236194 57.7999986708164 -453.000009059906 -7.63397477567196 57.3000013828278 37.0000004768372 -7.63397477567196 57.3000013828278 -453.000009059906 -8.00000037997961 56.9339729845524 37.0000004768372 -8.00000037997961 56.9339729845524 -453.000009059906 -8.500000461936 56.8000003695488 37.0000004768372 -8.500000461936 56.8000003695488 -453.000009059906 -7.49999983236194 57.7999986708164 37.0000004768372 -7.49999983236194 57.7999986708164 37.0000004768372 -7.49999983236194 62.7999976277351 -453.000009059906 -7.49999983236194 62.7999976277351 37.0000004768372 -7.49999983236194 57.7999986708164 -453.000009059906 -8.05000029504299 63.7526288628578 -453.000009059906 -7.6473718509078 63.3499994874001 37.0000004768372 -7.6473718509078 63.3499994874001 -453.000009059906 -7.49999983236194 62.7999976277351 37.0000004768372 -7.49999983236194 62.7999976277351 -453.000009059906 -8.05000029504299 63.7526288628578 37.0000004768372 -8.60000029206276 63.900001347065 -453.000009059906 -8.60000029206276 63.900001347065 37.0000004768372 -15.3999999165535 63.900001347065 -436.899989843369 -19.4000005722046 63.900001347065 37.0000004768372 -8.60000029206276 63.900001347065 37.0000004768372 -11.400000192225 63.900001347065 -452.800005674362 -15.3999999165535 63.900001347065 -452.800005674362 -8.60000029206276 63.900001347065 -453.000009059906 -11.400000192225 63.900001347065 -453.000009059906 -19.4000005722046 63.900001347065 -436.899989843369 -20.352628082037 63.3499994874001 37.0000004768372 -20.5000005662441 62.7999976277351 -436.899989843369 -20.5000005662441 62.7999976277351 37.0000004768372 -20.352628082037 63.3499994874001 -436.899989843369 -19.9500005692244 63.7526288628578 37.0000004768372 -19.9500005692244 63.7526288628578 -436.899989843369 -19.4000005722046 63.900001347065 37.0000004768372 -19.4000005722046 63.900001347065 -436.899989843369 -20.5000005662441 46.3000014424324 16.2749998271465 -20.5000005662441 62.7999976277351 37.0000004768372 -20.5000005662441 50.2999983727932 16.2749998271465 -20.5000005662441 43.8000001013279 19.4000005722046 -20.5000005662441 1.50000001303852 37.0000004768372 -20.5000005662441 24.2500007152557 -419.149994850159 -20.5000005662441 43.8000001013279 1.5999999595806 -20.5000005662441 62.7999976277351 -436.899989843369 -20.5000005662441 23.774391040206 -417.37499833107 -20.5000005662441 6.89999992027879 5.59999980032444 -20.5000005662441 50.2999983727932 4.72499988973141 -20.5000005662441 1.50000001303852 -436.899989843369 -20.5000005662441 18.9249999821186 -422.224402427673 -20.5000005662441 20.7000002264977 -422.699987888336 -20.5000005662441 10.4000000283122 1.5999999595806 -20.5000005662441 10.4000000283122 5.59999980032444 -20.5000005662441 18.9249999821186 -416.075617074966 -20.5000005662441 20.7000002264977 -415.600001811981 -20.5000005662441 22.4750004708767 -416.075617074966 -20.5000005662441 46.3000014424324 4.72499988973141 -20.5000005662441 17.6256094127893 -417.37499833107 -20.5000005662441 17.1499997377396 -419.149994850159 -20.5000005662441 6.89999992027879 15.3999999165535 -20.5000005662441 10.4000000283122 19.4000005722046 -20.5000005662441 10.4000000283122 15.3999999165535 -20.5000005662441 23.774391040206 -420.924991369247 -20.5000005662441 22.4750004708767 -422.224402427673 -20.5000005662441 17.6256094127893 -420.924991369247 -9.90883354097605 -22.8623561561108 -448.500007390976 -9.807582013309 -22.8570494800806 -448.500007390976 -9.90521162748337 -22.8786934167147 -448.500007390976 -7.99323339015245 56.6175170242786 -453.000009059906 -7.63112353160977 56.2208443880081 37.0000004768372 -7.63112353160977 56.2208443880081 -453.000009059906 -8.500000461936 56.7954443395138 -453.000009059906 -7.99323339015245 56.6175170242786 37.0000004768372 -8.500000461936 56.7954443395138 37.0000004768372 -7.49999983236194 55.7000003755093 37.0000004768372 -7.49999983236194 55.7000003755093 -453.000009059906 -9.807582013309 -22.8570494800806 -453.000009059906 -9.90521162748337 -22.8786934167147 -448.500007390976 -9.807582013309 -22.8570494800806 -448.500007390976 -9.90521162748337 -22.8786934167147 -453.000009059906 -8.70999973267317 -25.9949993342161 -40.6000018119812 -9.42894537001848 -26.2975003570318 -40.6000018119812 -9.51000023633242 -25.9949993342161 -40.6000018119812 -8.90500005334616 -26.5999995172024 -40.6000018119812 -8.40749964118004 -26.5189446508884 -40.6000018119812 -8.10499954968691 -26.5999995172024 -40.6000018119812 -9.20750014483929 -26.5189446508884 -40.6000018119812 -8.62894579768181 -26.2975003570318 -40.6000018119812 -8.70999973267317 -24.4999993592501 -40.6000018119812 -9.51000023633242 -24.4999993592501 -40.6000018119812 -7.65329925343394 -11.0999997705221 -40.3999984264374 -7.79999978840351 -11.0999997705221 -39.3315218389034 -7.79999978840351 -11.0999997705221 -40.3999984264374 -7.79999978840351 -11.0999997705221 8.33152141422033 -7.65329925343394 -11.0999997705221 9.4999996945262 -7.79999978840351 -11.0999997705221 9.4999996945262 -8.2999998703599 -11.0999997705221 -38.6486724019051 -8.2999998703599 -11.0999997705221 7.64867383986712 -7.49999983236194 -25.9949993342161 -40.3999984264374 -7.79999978840351 -26.5174936503172 -40.3999984264374 -7.58105469867587 -26.2975003570318 -40.3999984264374 -7.57839949801564 -11.2678091973066 -40.3999984264374 -7.79999978840351 -11.0999997705221 -40.3999984264374 -7.49999983236194 -11.7124356329441 -40.3999984264374 -7.65329925343394 -11.0999997705221 -40.3999984264374 -7.79999978840351 -11.0999997705221 -39.3315218389034 -7.79999978840351 -26.5174936503172 -40.3999984264374 -7.79999978840351 -11.0999997705221 -40.3999984264374 -7.79999978840351 -26.5174936503172 -39.3315218389034 -8.2999998703599 -11.0999997705221 -38.6486724019051 -7.79999978840351 -26.5174936503172 -39.3315218389034 -7.79999978840351 -11.0999997705221 -39.3315218389034 -8.10499954968691 -26.5999995172024 -38.9149859547615 -8.2999998703599 -26.5999995172024 -38.6486724019051 -7.80265918001533 -26.5190377831459 -39.3278896808624 -8.2999998703599 -15.650000423193 -37.5000014901161 -8.2999998703599 -26.5999995172024 -38.6486724019051 -8.2999998703599 -11.0999997705221 -38.6486724019051 -8.2999998703599 -22.350000217557 -24.4999993592501 -8.2999998703599 -26.5999995172024 7.64867383986712 -8.2999998703599 -15.650000423193 6.50000013411045 -8.2999998703599 -22.350000217557 6.50000013411045 -8.2999998703599 -15.650000423193 -6.50000013411045 -8.2999998703599 -11.0999997705221 7.64867383986712 -8.2999998703599 -22.350000217557 -6.50000013411045 -8.2999998703599 -15.650000423193 -24.4999993592501 -8.2999998703599 -22.350000217557 -37.5000014901161 -8.2999998703599 -11.0999997705221 7.64867383986712 -8.10499954968691 -26.5999995172024 7.91498459875584 -8.2999998703599 -26.5999995172024 7.64867383986712 -7.79999978840351 -26.5174936503172 8.33152141422033 -7.80265918001533 -26.5190377831459 8.32788925617933 -7.79999978840351 -11.0999997705221 8.33152141422033 -7.79999978840351 -11.0999997705221 8.33152141422033 -7.79999978840351 -26.5174936503172 9.4999996945262 -7.79999978840351 -26.5174936503172 8.33152141422033 -7.79999978840351 -11.0999997705221 9.4999996945262 -9.51000023633242 -25.9949993342161 9.60000045597553 -8.70999973267317 -24.4999993592501 9.60000045597553 -9.51000023633242 -24.4999993592501 9.60000045597553 -9.20750014483929 -26.5189446508884 9.60000045597553 -8.70999973267317 -25.9949993342161 9.60000045597553 -9.42894537001848 -26.2975003570318 9.60000045597553 -8.62894579768181 -26.2975003570318 9.60000045597553 -8.40749964118004 -26.5189446508884 9.60000045597553 -8.90500005334616 -26.5999995172024 9.60000045597553 -8.10499954968691 -26.5999995172024 9.60000045597553 -8.10499954968691 -26.5999995172024 -38.9149859547615 -8.90500005334616 -26.5999995172024 -40.6000018119812 -8.10499954968691 -26.5999995172024 -40.6000018119812 -8.90500005334616 -26.5999995172024 9.60000045597553 -8.10499954968691 -26.5999995172024 7.91498459875584 -8.10499954968691 -26.5999995172024 9.60000045597553 -8.2999998703599 -26.5999995172024 -38.6486724019051 -8.2999998703599 -26.5999995172024 7.64867383986712 -8.90500005334616 -26.5999995172024 -40.6000018119812 -9.20750014483929 -26.5189446508884 9.60000045597553 -9.20750014483929 -26.5189446508884 -40.6000018119812 -9.51000023633242 -25.9949993342161 9.60000045597553 -9.42894537001848 -26.2975003570318 -40.6000018119812 -9.42894537001848 -26.2975003570318 9.60000045597553 -8.90500005334616 -26.5999995172024 9.60000045597553 -9.51000023633242 -25.9949993342161 -40.6000018119812 -9.51000023633242 -25.9949993342161 -40.6000018119812 -9.51000023633242 -24.4999993592501 9.60000045597553 -9.51000023633242 -24.4999993592501 -40.6000018119812 -9.51000023633242 -25.9949993342161 9.60000045597553 -9.90883354097605 -22.8623561561108 -448.500007390976 -10.638477280736 -19.5711478590965 37.0000004768372 -10.638477280736 -19.5711478590965 -448.500007390976 -9.87831875681877 -23.0000000447035 37.0000004768372 -9.87831875681877 -23.0000000447035 -453.000009059906 -9.90521162748337 -22.8786934167147 -448.500007390976 -9.90521162748337 -22.8786934167147 -453.000009059906 -8.70999973267317 -23.0000000447035 -453.000009059906 -9.87831875681877 -23.0000000447035 37.0000004768372 -9.87831875681877 -23.0000000447035 -453.000009059906 -8.70999973267317 -23.0000000447035 37.0000004768372 -8.70999973267317 -25.9949993342161 37.0000004768372 -8.70999973267317 -24.4999993592501 9.60000045597553 -8.70999973267317 -25.9949993342161 9.60000045597553 -8.70999973267317 -25.9949993342161 -175.2869784832 -8.70999973267317 -23.0000000447035 -453.000009059906 -8.70999973267317 -25.9949993342161 -244.715243577957 -8.70999973267317 -24.4999993592501 -40.6000018119812 -8.70999973267317 -25.9949993342161 -314.143478870392 -8.70999973267317 -23.0000000447035 37.0000004768372 -8.70999973267317 -25.9949993342161 -383.571743965149 -8.70999973267317 -25.9949993342161 -105.858728289604 -8.70999973267317 -25.9949993342161 -40.6000018119812 -8.70999973267317 -25.9949993342161 -453.000009059906 -8.40749964118004 -26.5189446508884 -453.000009059906 -8.62894579768181 -26.2975003570318 -383.571743965149 -8.62894579768181 -26.2975003570318 -453.000009059906 -8.62894579768181 -26.2975003570318 -175.2869784832 -8.70999973267317 -25.9949993342161 -105.858728289604 -8.70999973267317 -25.9949993342161 -175.2869784832 -8.62894579768181 -26.2975003570318 -244.715243577957 -8.70999973267317 -25.9949993342161 -244.715243577957 -8.62894579768181 -26.2975003570318 -314.143478870392 -8.70999973267317 -25.9949993342161 -314.143478870392 -8.70999973267317 -25.9949993342161 -383.571743965149 -8.70999973267317 -25.9949993342161 -453.000009059906 -8.40749964118004 -26.5189446508884 -314.143478870392 -8.40749964118004 -26.5189446508884 -244.715243577957 -8.40749964118004 -26.5189446508884 -175.2869784832 -8.62894579768181 -26.2975003570318 -105.858728289604 -8.10499954968691 -26.5999995172024 -453.000009059906 -8.40749964118004 -26.5189446508884 -383.571743965149 -8.40749964118004 -26.5189446508884 -105.858728289604 -8.10499954968691 -26.5999995172024 -383.571743965149 -8.10499954968691 -26.5999995172024 -314.143478870392 -8.10499954968691 -26.5999995172024 -244.715243577957 -8.10499954968691 -26.5999995172024 -175.2869784832 -8.10499954968691 -26.5999995172024 -105.858728289604 -7.80249992385507 -26.5189446508884 -453.000009059906 -7.80249992385507 -26.5189446508884 -383.571743965149 -7.80249992385507 -26.5189446508884 -314.143478870392 -7.80249992385507 -26.5189446508884 -244.715243577957 -7.80249992385507 -26.5189446508884 -175.2869784832 -7.80249992385507 -26.5189446508884 -105.858728289604 -7.58105469867587 -26.2975003570318 -453.000009059906 -7.58105469867587 -26.2975003570318 -383.571743965149 -7.58105469867587 -26.2975003570318 -314.143478870392 -7.58105469867587 -26.2975003570318 -244.715243577957 -7.58105469867587 -26.2975003570318 -175.2869784832 -7.58105469867587 -26.2975003570318 -105.858728289604 -7.49999983236194 -25.9949993342161 -453.000009059906 -7.49999983236194 -25.9949993342161 -383.571743965149 -7.49999983236194 -25.9949993342161 -314.143478870392 -7.49999983236194 -25.9949993342161 -244.715243577957 -7.49999983236194 -25.9949993342161 -175.2869784832 -7.49999983236194 -25.9949993342161 -105.858728289604 -8.10499954968691 -26.5999995172024 -40.6000018119812 -8.40749964118004 -26.5189446508884 -40.6000018119812 -8.62894579768181 -26.2975003570318 -40.6000018119812 -8.70999973267317 -25.9949993342161 -40.6000018119812 -7.58105469867587 -26.2975003570318 -40.3999984264374 -7.49999983236194 -25.9949993342161 -40.3999984264374 -7.80265918001533 -26.5190377831459 -39.3278896808624 -7.79999978840351 -26.5174936503172 -40.3999984264374 -7.79999978840351 -26.5174936503172 -39.3315218389034 -8.10499954968691 -26.5999995172024 -38.9149859547615 -7.49999983236194 -25.9949993342161 9.4999996945262 -7.58105469867587 -26.2975003570318 37.0000004768372 -7.58105469867587 -26.2975003570318 9.4999996945262 -8.62894579768181 -26.2975003570318 9.60000045597553 -8.70999973267317 -25.9949993342161 37.0000004768372 -8.70999973267317 -25.9949993342161 9.60000045597553 -8.40749964118004 -26.5189446508884 9.60000045597553 -8.62894579768181 -26.2975003570318 37.0000004768372 -8.10499954968691 -26.5999995172024 9.60000045597553 -8.40749964118004 -26.5189446508884 37.0000004768372 -7.80249992385507 -26.5189446508884 37.0000004768372 -8.10499954968691 -26.5999995172024 37.0000004768372 -7.80265918001533 -26.5190377831459 8.32788925617933 -7.79999978840351 -26.5174936503172 9.4999996945262 -7.79999978840351 -26.5174936503172 8.33152141422033 -8.10499954968691 -26.5999995172024 7.91498459875584 -7.49999983236194 -25.9949993342161 37.0000004768372 -7.49999983236194 -11.7124356329441 -158.999994397163 -7.49999983236194 -25.9949993342161 -105.858728289604 -7.49999983236194 -25.9949993342161 -175.2869784832 -7.49999983236194 -11.7124356329441 -61.0000006854534 -7.49999983236194 -25.9949993342161 -40.3999984264374 -7.49999983236194 -25.9949993342161 -383.571743965149 -7.49999983236194 -11.7124356329441 -453.000009059906 -7.49999983236194 -11.7124356329441 -354.999989271164 -7.49999983236194 -25.9949993342161 -314.143478870392 -7.49999983236194 -11.7124356329441 -256.999999284744 -7.49999983236194 -25.9949993342161 -244.715243577957 -7.49999983236194 -11.7124356329441 -40.3999984264374 -7.49999983236194 -25.9949993342161 -453.000009059906 -7.49999983236194 -25.9949993342161 37.0000004768372 -7.49999983236194 -11.7124356329441 9.4999996945262 -7.49999983236194 -11.7124356329441 37.0000004768372 -7.49999983236194 -25.9949993342161 9.4999996945262 -7.65329925343394 -11.0999997705221 9.4999996945262 -7.57839949801564 -11.2678091973066 37.0000004768372 -7.57839949801564 -11.2678091973066 9.4999996945262 -7.8041423112154 -10.8768120408058 37.0000004768372 -7.57839949801564 -11.2678091973066 -61.0000006854534 -7.49999983236194 -11.7124356329441 -40.3999984264374 -7.49999983236194 -11.7124356329441 -61.0000006854534 -7.57839949801564 -11.2678091973066 -40.3999984264374 -7.65329925343394 -11.0999997705221 -40.3999984264374 -7.49999983236194 -11.7124356329441 37.0000004768372 -8.15000012516975 -10.5866026133299 -61.0000006854534 -8.15000012516975 -10.5866026133299 37.0000004768372 -7.8041423112154 -10.8768120408058 -61.0000006854534 -8.15000012516975 -10.5866026133299 -158.999994397163 -7.8041423112154 -10.8768120408058 -158.999994397163 -8.15000012516975 -10.5866026133299 -256.999999284744 -7.8041423112154 -10.8768120408058 -256.999999284744 -8.15000012516975 -10.5866026133299 -354.999989271164 -7.8041423112154 -10.8768120408058 -354.999989271164 -8.15000012516975 -10.5866026133299 -453.000009059906 -7.57839949801564 -11.2678091973066 -158.999994397163 -7.57839949801564 -11.2678091973066 -256.999999284744 -7.57839949801564 -11.2678091973066 -354.999989271164 -7.8041423112154 -10.8768120408058 -453.000009059906 -7.57839949801564 -11.2678091973066 -453.000009059906 -7.49999983236194 -11.7124356329441 -354.999989271164 -7.49999983236194 -11.7124356329441 -453.000009059906 -7.49999983236194 -11.7124356329441 -256.999999284744 -7.49999983236194 -11.7124356329441 -158.999994397163 -7.49999983236194 -11.7124356329441 9.4999996945262 -8.15000012516975 -10.413397103548 37.0000004768372 -8.1809014081955 -10.4412212967873 -453.000009059906 -8.15000012516975 -10.413397103548 -453.000009059906 -8.1809014081955 -10.4412212967873 37.0000004768372 -8.19781515747309 -10.4792090132833 -453.000009059906 -8.19781515747309 -10.4792090132833 37.0000004768372 -8.1809014081955 -10.5587784200907 -453.000009059906 -8.15000012516975 -10.5866026133299 -158.999994397163 -8.15000012516975 -10.5866026133299 -256.999999284744 -8.19781515747309 -10.5207907035947 37.0000004768372 -8.1809014081955 -10.5587784200907 37.0000004768372 -8.15000012516975 -10.5866026133299 -61.0000006854534 -8.15000012516975 -10.5866026133299 37.0000004768372 -8.15000012516975 -10.5866026133299 -354.999989271164 -8.15000012516975 -10.5866026133299 -453.000009059906 -8.19781515747309 -10.5207907035947 -453.000009059906 -7.57839949801564 -9.7321905195713 -453.000009059906 -7.8041423112154 -10.1231886073947 37.0000004768372 -7.8041423112154 -10.1231886073947 -453.000009059906 -8.15000012516975 -10.413397103548 37.0000004768372 -8.15000012516975 -10.413397103548 -453.000009059906 -7.57839949801564 -9.7321905195713 37.0000004768372 -7.49999983236194 -9.28756408393383 -453.000009059906 -7.49999983236194 -9.28756408393383 37.0000004768372 -7.49999983236194 55.7000003755093 -453.000009059906 -7.49999983236194 -9.28756408393383 37.0000004768372 -7.49999983236194 -9.28756408393383 -453.000009059906 -7.49999983236194 55.7000003755093 37.0000004768372 -9.39999986439943 -22.350000217557 6.50000013411045 -9.39999986439943 -15.650000423193 -6.50000013411045 -9.39999986439943 -15.650000423193 6.50000013411045 -9.39999986439943 -22.350000217557 -6.50000013411045 -9.39999986439943 -22.350000217557 -6.50000013411045 -8.2999998703599 -22.350000217557 6.50000013411045 -8.2999998703599 -22.350000217557 -6.50000013411045 -9.39999986439943 -22.350000217557 6.50000013411045 -9.39999986439943 -15.650000423193 -6.50000013411045 -8.2999998703599 -22.350000217557 -6.50000013411045 -8.2999998703599 -15.650000423193 -6.50000013411045 -9.39999986439943 -22.350000217557 -6.50000013411045 -8.2999998703599 -15.650000423193 -6.50000013411045 -9.39999986439943 -15.650000423193 6.50000013411045 -9.39999986439943 -15.650000423193 -6.50000013411045 -8.2999998703599 -15.650000423193 6.50000013411045 -9.39999986439943 -22.350000217557 6.50000013411045 -8.2999998703599 -15.650000423193 6.50000013411045 -8.2999998703599 -22.350000217557 6.50000013411045 -9.39999986439943 -15.650000423193 6.50000013411045 -9.39999986439943 -22.350000217557 -37.5000014901161 -9.39999986439943 -15.650000423193 -24.4999993592501 -9.39999986439943 -22.350000217557 -24.4999993592501 -9.39999986439943 -15.650000423193 -37.5000014901161 -8.2999998703599 -22.350000217557 -24.4999993592501 -9.39999986439943 -22.350000217557 -37.5000014901161 -9.39999986439943 -22.350000217557 -24.4999993592501 -8.2999998703599 -22.350000217557 -37.5000014901161 -9.39999986439943 -15.650000423193 -37.5000014901161 -8.2999998703599 -22.350000217557 -37.5000014901161 -8.2999998703599 -15.650000423193 -37.5000014901161 -9.39999986439943 -22.350000217557 -37.5000014901161 -8.2999998703599 -15.650000423193 -37.5000014901161 -9.39999986439943 -15.650000423193 -24.4999993592501 -9.39999986439943 -15.650000423193 -37.5000014901161 -8.2999998703599 -15.650000423193 -24.4999993592501 -9.39999986439943 -22.350000217557 -24.4999993592501 -8.2999998703599 -15.650000423193 -24.4999993592501 -8.2999998703599 -22.350000217557 -24.4999993592501 -9.39999986439943 -15.650000423193 -24.4999993592501 -7.79999978840351 -11.0999997705221 9.4999996945262 -7.57839949801564 -11.2678091973066 9.4999996945262 -7.49999983236194 -11.7124356329441 9.4999996945262 -7.79999978840351 -26.5174936503172 9.4999996945262 -7.49999983236194 -25.9949993342161 9.4999996945262 -7.58105469867587 -26.2975003570318 9.4999996945262 -7.65329925343394 -11.0999997705221 9.4999996945262 -8.70999973267317 -24.4999993592501 9.60000045597553 -9.51000023633242 -24.4999993592501 -40.6000018119812 -9.51000023633242 -24.4999993592501 9.60000045597553 -8.70999973267317 -24.4999993592501 -40.6000018119812 -15.3999999165535 63.2999986410141 -452.800005674362 -11.5000000223517 63.2999986410141 -436.899989843369 -15.3999999165535 63.2999986410141 -436.899989843369 -11.5000000223517 63.2999986410141 -452.800005674362 -11.400000192225 -7.69999995827675 -56.8999983370304 -11.400000192225 -8.7500000372529 -119.9000030756 -11.400000192225 -8.7500000372529 -56.8999983370304 -11.400000192225 -7.69999995827675 36.1000001430511 -11.400000192225 -18.6000000685453 37.0000004768372 -11.400000192225 -16.7999994009733 -49.8999990522861 -11.400000192225 -18.6000000685453 -56.8999983370304 -11.400000192225 -16.3846779614687 -62.3500011861324 -11.400000192225 -16.7999994009733 -63.900001347065 -11.400000192225 -18.6000000685453 -119.9000030756 -11.400000192225 -16.7999994009733 -175.899997353554 -11.400000192225 -18.6000000685453 -182.899996638298 -11.400000192225 -16.3846779614687 -188.350006937981 -11.400000192225 -16.7999994009733 -189.899995923042 -11.400000192225 -18.6000000685453 -274.899989366531 -11.400000192225 -16.7999994009733 -359.899997711182 -11.400000192225 -18.6000000685453 -366.899996995926 -11.400000192225 -16.3846779614687 -372.350007295609 -11.400000192225 -16.7999994009733 -373.89999628067 -11.400000192225 -10.5999996885657 -373.89999628067 -11.400000192225 -8.7500000372529 -408.699989318848 -11.400000192225 -11.0153211280704 -375.449985265732 -11.400000192225 -13.7000000104308 -377.000004053116 -11.400000192225 -18.6000000685453 -408.699989318848 -11.400000192225 -8.7500000372529 -182.899996638298 -11.400000192225 -13.7000000104308 -179.000005125999 -11.400000192225 -12.1499998494983 -178.584679961205 -11.400000192225 -13.7000000104308 -172.800004482269 -11.400000192225 -16.3846779614687 -174.349993467331 -11.400000192225 -15.2500001713634 -173.215314745903 -11.400000192225 -15.2500001713634 -178.584679961205 -11.400000192225 -11.0153211280704 -177.450001239777 -11.400000192225 -10.5999996885657 -175.899997353554 -11.400000192225 -12.1499998494983 -173.215314745903 -11.400000192225 -11.0153211280704 -174.349993467331 -11.400000192225 -16.3846779614687 -191.449999809265 -11.400000192225 -15.2500001713634 -192.584678530693 -11.400000192225 -13.7000000104308 -186.800003051758 -11.400000192225 -15.2500001713634 -187.215328216553 -11.400000192225 -11.0153211280704 -188.350006937981 -11.400000192225 -12.1499998494983 -187.215328216553 -11.400000192225 -8.7500000372529 -274.899989366531 -11.400000192225 -13.7000000104308 -193.000003695488 -11.400000192225 -12.1499998494983 -192.584678530693 -11.400000192225 -10.5999996885657 -189.899995923042 -11.400000192225 -11.0153211280704 -191.449999809265 -11.400000192225 -13.7000000104308 -370.799988508224 -11.400000192225 -8.7500000372529 -366.899996995926 -11.400000192225 -12.1499998494983 -371.215313673019 -11.400000192225 -12.1499998494983 -376.584678888321 -11.400000192225 -15.2500001713634 -371.215313673019 -11.400000192225 -11.0153211280704 -372.350007295609 -11.400000192225 -15.2500001713634 -376.584678888321 -11.400000192225 -16.3846779614687 -375.449985265732 -11.400000192225 -10.5999996885657 -359.899997711182 -11.400000192225 -7.69999995827675 -119.9000030756 -11.400000192225 -13.7000000104308 -356.799989938736 -11.400000192225 -12.1499998494983 -357.215315103531 -11.400000192225 -11.0153211280704 -361.449986696243 -11.400000192225 -13.7000000104308 -363.000005483627 -11.400000192225 -12.1499998494983 -362.584680318832 -11.400000192225 -16.3846779614687 -358.35000872612 -11.400000192225 -15.2500001713634 -357.215315103531 -11.400000192225 -11.0153211280704 -358.35000872612 -11.400000192225 -16.3846779614687 -177.450001239777 -11.400000192225 -15.2500001713634 -362.584680318832 -11.400000192225 -16.3846779614687 -361.449986696243 -11.400000192225 -10.5999996885657 -63.900001347065 -11.400000192225 -11.0153211280704 -65.4499977827072 -11.400000192225 -13.7000000104308 -67.0000016689301 -11.400000192225 -15.2500001713634 -66.5846765041351 -11.400000192225 -16.3846779614687 -65.4499977827072 -11.400000192225 -13.7000000104308 -60.8000010251999 -11.400000192225 -12.1499998494983 -61.2153224647045 -11.400000192225 -11.0153211280704 -62.3500011861324 -11.400000192225 -12.1499998494983 -66.5846765041351 -11.400000192225 -15.2500001713634 -61.2153224647045 -11.400000192225 -7.69999995827675 -274.899989366531 -11.400000192225 -7.69999995827675 -366.899996995926 -11.400000192225 -7.69999995827675 -408.699989318848 -11.400000192225 -8.7500000372529 -409.249991178513 -11.400000192225 -8.7500000372529 -440.400004386902 -11.400000192225 -10.2000003680587 -431.349992752075 -11.400000192225 -8.7500000372529 -431.349992752075 -11.400000192225 -7.69999995827675 -431.349992752075 -11.400000192225 -7.69999995827675 -440.400004386902 -11.400000192225 -10.2000003680587 -409.249991178513 -11.400000192225 -18.6000000685453 -440.400004386902 -11.400000192225 -7.69999995827675 -409.249991178513 -11.400000192225 -6.89999992027879 37.0000004768372 -11.400000192225 -8.7500000372529 37.0000004768372 -11.400000192225 -6.89999992027879 36.1000001430511 -11.400000192225 -7.69999995827675 -182.899996638298 -11.400000192225 -13.7000000104308 -46.7999987304211 -11.400000192225 -12.1499998494983 -47.2153201699257 -11.400000192225 -10.5999996885657 -49.8999990522861 -11.400000192225 -11.0153211280704 -48.3499988913536 -11.400000192225 -11.0153211280704 -51.4499992132187 -11.400000192225 -13.7000000104308 -52.9999993741512 -11.400000192225 -16.3846779614687 -48.3499988913536 -11.400000192225 -15.2500001713634 -47.2153201699257 -11.400000192225 -12.1499998494983 -52.5846779346466 -11.400000192225 -15.2500001713634 -52.5846779346466 -11.400000192225 -16.3846779614687 -51.4499992132187 -11.400000192225 63.900001347065 -452.800005674362 -11.400000192225 63.2999986410141 -453.000009059906 -11.400000192225 63.2999986410141 -452.800005674362 -11.400000192225 63.900001347065 -453.000009059906 -54.4999986886978 -6.89999992027879 36.1000001430511 -17.000000923872 -6.89999992027879 -436.899989843369 -54.4999986886978 -6.89999992027879 -440.400004386902 -17.000000923872 -6.89999992027879 36.1000001430511 -11.5000000223517 -6.89999992027879 -440.400004386902 -11.5000000223517 -6.89999992027879 -436.899989843369 -70.7340016961098 -15.6999994069338 -440.400004386902 -72.4999979138374 -15.4914297163486 -440.400004386902 -70.8750635385513 -14.8999998345971 -440.400004386902 -54.2646534740925 -16.4720397442579 -440.400004386902 -56.2649108469486 -15.6999994069338 -440.400004386902 -53.8497939705849 -16.005827113986 -440.400004386902 -55.9793561697006 -16.2549056112766 -440.400004386902 -54.8489764332771 -16.6911985725164 -440.400004386902 -55.4681047797203 -16.6127979755402 -440.400004386902 -54.4999986886978 -14.8999998345971 -440.400004386902 -53.7000000476837 -7.69999995827675 -440.400004386902 -53.7000000476837 -15.3999999165535 -440.400004386902 -11.5000000223517 -6.89999992027879 -440.400004386902 -54.4999986886978 -6.89999992027879 -440.400004386902 -11.5000000223517 -7.69999995827675 -440.400004386902 -72.226382791996 -16.2431839853525 -440.400004386902 -11.400000192225 -7.69999995827675 -56.8999983370304 -34.000001847744 -7.69999995827675 5.84999984130263 -11.400000192225 -7.69999995827675 -119.9000030756 -11.400000192225 -7.69999995827675 -182.899996638298 -11.400000192225 -7.69999995827675 -274.899989366531 -11.400000192225 -7.69999995827675 36.1000001430511 -25.000000372529 -7.69999995827675 5.84999984130263 -15.8500000834465 -7.69999995827675 -409.249991178513 -11.400000192225 -7.69999995827675 -366.899996995926 -25.000000372529 -7.69999995827675 24.550000205636 -34.000001847744 -7.69999995827675 24.550000205636 -53.7000000476837 -7.69999995827675 36.1000001430511 -28.5999998450279 -7.69999995827675 -413.199990987778 -15.8500000834465 -7.69999995827675 -413.199990987778 -53.7000000476837 -7.69999995827675 -440.400004386902 -28.5999998450279 -7.69999995827675 -427.39999294281 -11.400000192225 -7.69999995827675 -408.699989318848 -15.8500000834465 -7.69999995827675 -431.349992752075 -15.8500000834465 -7.69999995827675 -427.39999294281 -11.5000000223517 -7.69999995827675 -440.400004386902 -11.400000192225 -7.69999995827675 -431.349992752075 -11.400000192225 -7.69999995827675 -440.400004386902 -11.400000192225 -7.69999995827675 -409.249991178513 -11.400000192225 -18.6000000685453 -440.400004386902 -11.3033270463347 -19.028952345252 -448.500007390976 -11.400000192225 -18.6000000685453 -408.699989318848 -11.400000192225 -18.6000000685453 -448.500007390976 -11.400000192225 -18.6000000685453 -182.899996638298 -11.3033270463347 -19.028952345252 37.0000004768372 -11.400000192225 -18.6000000685453 -274.899989366531 -11.400000192225 -18.6000000685453 -366.899996995926 -11.400000192225 -18.6000000685453 -119.9000030756 -11.400000192225 -18.6000000685453 -56.8999983370304 -11.400000192225 -18.6000000685453 37.0000004768372 -11.0319992527366 -19.3749684840441 -448.500007390976 -11.0319992527366 -19.3749684840441 37.0000004768372 -10.638477280736 -19.5711478590965 -448.500007390976 -10.638477280736 -19.5711478590965 37.0000004768372 -11.400000192225 -6.89999992027879 36.1000001430511 -17.000000923872 -6.89999992027879 37.0000004768372 -17.000000923872 -6.89999992027879 36.1000001430511 -11.400000192225 -6.89999992027879 37.0000004768372 -8.500000461936 56.7954443395138 37.0000004768372 -19.9500005692244 63.7526288628578 37.0000004768372 -20.352628082037 63.3499994874001 37.0000004768372 -13.0000002682209 14.7320507094264 37.0000004768372 -14.0000004321337 43.0000014603138 37.0000004768372 -14.0000004321337 14.9999996647239 37.0000004768372 -12.0000001043081 45.0000017881393 37.0000004768372 -7.49999983236194 55.7000003755093 37.0000004768372 -15.7320499420166 43.9999997615814 37.0000004768372 -16.0000007599592 13.0000002682209 37.0000004768372 -15.7320499420166 14.0000004321337 37.0000004768372 -17.000000923872 1.50000001303852 37.0000004768372 -13.0000002682209 11.2679488956928 37.0000004768372 -14.0000004321337 10.9999999403954 37.0000004768372 -7.63112353160977 56.2208443880081 37.0000004768372 -14.0000004321337 46.9999983906746 37.0000004768372 -13.0000002682209 46.7320494353771 37.0000004768372 -7.49999983236194 -9.28756408393383 37.0000004768372 -11.400000192225 -6.89999992027879 37.0000004768372 -7.57839949801564 -9.7321905195713 37.0000004768372 -7.8041423112154 -10.1231886073947 37.0000004768372 -8.15000012516975 -10.413397103548 37.0000004768372 -8.19781515747309 -10.5207907035947 37.0000004768372 -11.400000192225 -18.6000000685453 37.0000004768372 -8.1809014081955 -10.5587784200907 37.0000004768372 -12.2679490596056 12.0000001043081 37.0000004768372 -14.9999996647239 11.2679488956928 37.0000004768372 -20.5000005662441 1.50000001303852 37.0000004768372 -15.7320499420166 12.0000001043081 37.0000004768372 -13.0000002682209 43.2679504156113 37.0000004768372 -12.2679490596056 43.9999997615814 37.0000004768372 -14.9999996647239 14.7320507094264 37.0000004768372 -14.9999996647239 43.2679504156113 37.0000004768372 -19.4000005722046 63.900001347065 37.0000004768372 -20.5000005662441 62.7999976277351 37.0000004768372 -7.49999983236194 -11.7124356329441 37.0000004768372 -11.0319992527366 -19.3749684840441 37.0000004768372 -10.638477280736 -19.5711478590965 37.0000004768372 -8.500000461936 56.8000003695488 37.0000004768372 -11.3033270463347 -19.028952345252 37.0000004768372 -7.57839949801564 -11.2678091973066 37.0000004768372 -8.70999973267317 -25.9949993342161 37.0000004768372 -7.58105469867587 -26.2975003570318 37.0000004768372 -7.49999983236194 -25.9949993342161 37.0000004768372 -8.70999973267317 -23.0000000447035 37.0000004768372 -9.87831875681877 -23.0000000447035 37.0000004768372 -11.400000192225 -8.7500000372529 37.0000004768372 -8.19781515747309 -10.4792090132833 37.0000004768372 -8.1809014081955 -10.4412212967873 37.0000004768372 -7.80249992385507 -26.5189446508884 37.0000004768372 -8.62894579768181 -26.2975003570318 37.0000004768372 -8.40749964118004 -26.5189446508884 37.0000004768372 -14.9999996647239 46.7320494353771 37.0000004768372 -15.7320499420166 46.000000089407 37.0000004768372 -12.2679490596056 14.0000004321337 37.0000004768372 -8.00000037997961 56.9339729845524 37.0000004768372 -7.63397477567196 57.3000013828278 37.0000004768372 -7.6473718509078 63.3499994874001 37.0000004768372 -8.60000029206276 63.900001347065 37.0000004768372 -7.49999983236194 62.7999976277351 37.0000004768372 -7.8041423112154 -10.8768120408058 37.0000004768372 -12.0000001043081 13.0000002682209 37.0000004768372 -12.2679490596056 46.000000089407 37.0000004768372 -16.0000007599592 45.0000017881393 37.0000004768372 -8.15000012516975 -10.5866026133299 37.0000004768372 -7.99323339015245 56.6175170242786 37.0000004768372 -17.000000923872 -6.89999992027879 37.0000004768372 -7.49999983236194 57.7999986708164 37.0000004768372 -8.05000029504299 63.7526288628578 37.0000004768372 -8.10499954968691 -26.5999995172024 37.0000004768372 -72.4999979138374 -15.4914297163486 -440.400004386902 -72.226382791996 -16.2431839853525 36.1000001430511 -72.4999979138374 -15.4914297163486 36.1000001430511 -72.226382791996 -16.2431839853525 -440.400004386902 -70.8750635385513 -14.8999998345971 -440.400004386902 -72.4999979138374 -15.4914297163486 36.1000001430511 -70.8750635385513 -14.8999998345971 36.1000001430511 -72.4999979138374 -15.4914297163486 -440.400004386902 -70.8750635385513 -14.8999998345971 36.1000001430511 -67.500002682209 -14.8999998345971 -112.301923334599 -68.5980767011642 -14.8999998345971 -113.399997353554 -68.9999982714653 -14.8999998345971 13.1000000983477 -64.4999966025352 -14.8999998345971 -112.301923334599 -65.9999996423721 -14.8999998345971 -111.900001764297 -67.500002682209 -14.8999998345971 15.6980752944946 -68.5980767011642 -14.8999998345971 14.6000003442168 -63.40192258358 -14.8999998345971 -113.399997353554 -68.5980767011642 -14.8999998345971 11.5999998524785 -63.000001013279 -14.8999998345971 -114.900000393391 -67.500002682209 -14.8999998345971 10.5019239708781 -65.9999996423721 -14.8999998345971 10.0999996066093 -68.9999982714653 -14.8999998345971 -114.900000393391 -64.4999966025352 -14.8999998345971 -217.301920056343 -65.9999996423721 -14.8999998345971 -216.900005936623 -63.000001013279 -14.8999998345971 -219.899997115135 -68.5980767011642 -14.8999998345971 -116.400003433228 -67.500002682209 -14.8999998345971 -117.498077452183 -54.4999986886978 -14.8999998345971 36.1000001430511 -65.9999996423721 -14.8999998345971 16.100000590086 -63.40192258358 -14.8999998345971 -218.400001525879 -67.500002682209 -14.8999998345971 -217.301920056343 -64.4999966025352 -14.8999998345971 10.5019239708781 -63.000001013279 -14.8999998345971 13.1000000983477 -63.40192258358 -14.8999998345971 14.6000003442168 -68.5980767011642 -14.8999998345971 -218.400001525879 -67.500002682209 -14.8999998345971 -357.30192065239 -68.9999982714653 -14.8999998345971 -219.899997115135 -65.9999996423721 -14.8999998345971 -356.900006532669 -63.40192258358 -14.8999998345971 11.5999998524785 -54.4999986886978 -14.8999998345971 -440.400004386902 -64.4999966025352 -14.8999998345971 15.6980752944946 -68.5980767011642 -14.8999998345971 -358.399987220764 -63.40192258358 -14.8999998345971 -116.400003433228 -64.4999966025352 -14.8999998345971 -117.498077452183 -70.8750635385513 -14.8999998345971 -440.400004386902 -68.9999982714653 -14.8999998345971 -359.899997711182 -68.5980767011642 -14.8999998345971 -361.400008201599 -67.500002682209 -14.8999998345971 -362.498074769974 -65.9999996423721 -14.8999998345971 -362.899988889694 -64.4999966025352 -14.8999998345971 -362.498074769974 -63.40192258358 -14.8999998345971 -361.400008201599 -63.000001013279 -14.8999998345971 -359.899997711182 -63.40192258358 -14.8999998345971 -358.399987220764 -65.9999996423721 -14.8999998345971 -117.899999022484 -64.4999966025352 -14.8999998345971 -357.30192065239 -63.40192258358 -14.8999998345971 -221.399992704391 -64.4999966025352 -14.8999998345971 -222.498074173927 -65.9999996423721 -14.8999998345971 -222.900003194809 -67.500002682209 -14.8999998345971 -222.498074173927 -68.5980767011642 -14.8999998345971 -221.399992704391 -54.4999986886978 -6.89999992027879 -440.400004386902 -54.4999986886978 -14.8999998345971 36.1000001430511 -54.4999986886978 -6.89999992027879 36.1000001430511 -54.4999986886978 -14.8999998345971 -440.400004386902 -53.7000000476837 -7.69999995827675 36.1000001430511 -53.7000000476837 -15.3999999165535 -440.400004386902 -53.7000000476837 -7.69999995827675 -440.400004386902 -53.7000000476837 -15.3999999165535 36.1000001430511 -54.2646534740925 -16.4720397442579 36.1000001430511 -53.8497939705849 -16.005827113986 -440.400004386902 -53.8497939705849 -16.005827113986 36.1000001430511 -55.9793561697006 -16.2549056112766 36.1000001430511 -55.4681047797203 -16.6127979755402 -440.400004386902 -55.4681047797203 -16.6127979755402 36.1000001430511 -54.8489764332771 -16.6911985725164 -440.400004386902 -54.8489764332771 -16.6911985725164 36.1000001430511 -54.2646534740925 -16.4720397442579 -440.400004386902 -53.7000000476837 -15.3999999165535 -440.400004386902 -53.7000000476837 -15.3999999165535 36.1000001430511 -55.9793561697006 -16.2549056112766 -440.400004386902 -56.2649108469486 -15.6999994069338 36.1000001430511 -56.2649108469486 -15.6999994069338 -440.400004386902 -65.9999996423721 -15.6999994069338 -362.899988889694 -56.2649108469486 -15.6999994069338 -440.400004386902 -64.4999966025352 -15.6999994069338 -362.498074769974 -63.000001013279 -15.6999994069338 -359.899997711182 -63.40192258358 -15.6999994069338 -361.400008201599 -63.40192258358 -15.6999994069338 -358.399987220764 -64.4999966025352 -15.6999994069338 -222.498074173927 -64.4999966025352 -15.6999994069338 -357.30192065239 -65.9999996423721 -15.6999994069338 -356.900006532669 -67.500002682209 -15.6999994069338 -357.30192065239 -68.9999982714653 -15.6999994069338 -219.899997115135 -68.9999982714653 -15.6999994069338 -114.900000393391 -70.7340016961098 -15.6999994069338 -440.400004386902 -68.5980767011642 -15.6999994069338 -358.399987220764 -65.9999996423721 -15.6999994069338 -222.900003194809 -68.9999982714653 -15.6999994069338 -359.899997711182 -68.5980767011642 -15.6999994069338 11.5999998524785 -68.5980767011642 -15.6999994069338 -221.399992704391 -56.2649108469486 -15.6999994069338 36.1000001430511 -63.000001013279 -15.6999994069338 -114.900000393391 -65.9999996423721 -15.6999994069338 -117.899999022484 -68.5980767011642 -15.6999994069338 -218.400001525879 -64.4999966025352 -15.6999994069338 -117.498077452183 -67.500002682209 -15.6999994069338 -222.498074173927 -65.9999996423721 -15.6999994069338 16.100000590086 -70.7340016961098 -15.6999994069338 36.1000001430511 -67.500002682209 -15.6999994069338 -112.301923334599 -63.000001013279 -15.6999994069338 13.1000000983477 -68.5980767011642 -15.6999994069338 -113.399997353554 -64.4999966025352 -15.6999994069338 -112.301923334599 -65.9999996423721 -15.6999994069338 -111.900001764297 -63.40192258358 -15.6999994069338 -113.399997353554 -63.40192258358 -15.6999994069338 -116.400003433228 -67.500002682209 -15.6999994069338 -217.301920056343 -68.5980767011642 -15.6999994069338 -361.400008201599 -68.5980767011642 -15.6999994069338 -116.400003433228 -63.40192258358 -15.6999994069338 14.6000003442168 -65.9999996423721 -15.6999994069338 -216.900005936623 -64.4999966025352 -15.6999994069338 -217.301920056343 -63.40192258358 -15.6999994069338 -218.400001525879 -67.500002682209 -15.6999994069338 -117.498077452183 -68.9999982714653 -15.6999994069338 13.1000000983477 -63.000001013279 -15.6999994069338 -219.899997115135 -63.40192258358 -15.6999994069338 -221.399992704391 -67.500002682209 -15.6999994069338 10.5019239708781 -65.9999996423721 -15.6999994069338 10.0999996066093 -67.500002682209 -15.6999994069338 15.6980752944946 -68.5980767011642 -15.6999994069338 14.6000003442168 -64.4999966025352 -15.6999994069338 10.5019239708781 -63.40192258358 -15.6999994069338 11.5999998524785 -67.500002682209 -15.6999994069338 -362.498074769974 -64.4999966025352 -15.6999994069338 15.6980752944946 -72.226382791996 -16.2431839853525 -440.400004386902 -70.7340016961098 -15.6999994069338 36.1000001430511 -72.226382791996 -16.2431839853525 36.1000001430511 -70.7340016961098 -15.6999994069338 -440.400004386902 -55.4681047797203 -16.6127979755402 36.1000001430511 -54.4999986886978 -14.8999998345971 36.1000001430511 -55.9793561697006 -16.2549056112766 36.1000001430511 -54.2646534740925 -16.4720397442579 36.1000001430511 -53.8497939705849 -16.005827113986 36.1000001430511 -56.2649108469486 -15.6999994069338 36.1000001430511 -70.8750635385513 -14.8999998345971 36.1000001430511 -70.7340016961098 -15.6999994069338 36.1000001430511 -72.4999979138374 -15.4914297163486 36.1000001430511 -72.226382791996 -16.2431839853525 36.1000001430511 -54.8489764332771 -16.6911985725164 36.1000001430511 -17.000000923872 -6.89999992027879 36.1000001430511 -53.7000000476837 -7.69999995827675 36.1000001430511 -11.400000192225 -7.69999995827675 36.1000001430511 -53.7000000476837 -15.3999999165535 36.1000001430511 -11.400000192225 -6.89999992027879 36.1000001430511 -54.4999986886978 -6.89999992027879 36.1000001430511 -68.5980767011642 -15.6999994069338 -361.400008201599 -67.500002682209 -14.8999998345971 -362.498074769974 -68.5980767011642 -14.8999998345971 -361.400008201599 -67.500002682209 -15.6999994069338 -362.498074769974 -65.9999996423721 -14.8999998345971 -362.899988889694 -68.9999982714653 -15.6999994069338 -359.899997711182 -68.9999982714653 -14.8999998345971 -359.899997711182 -68.5980767011642 -15.6999994069338 -358.399987220764 -68.5980767011642 -14.8999998345971 -358.399987220764 -65.9999996423721 -15.6999994069338 -362.899988889694 -64.4999966025352 -14.8999998345971 -362.498074769974 -64.4999966025352 -15.6999994069338 -362.498074769974 -63.40192258358 -14.8999998345971 -361.400008201599 -63.40192258358 -15.6999994069338 -361.400008201599 -63.000001013279 -14.8999998345971 -359.899997711182 -63.000001013279 -15.6999994069338 -359.899997711182 -63.40192258358 -14.8999998345971 -358.399987220764 -63.40192258358 -15.6999994069338 -358.399987220764 -64.4999966025352 -14.8999998345971 -357.30192065239 -64.4999966025352 -15.6999994069338 -357.30192065239 -65.9999996423721 -14.8999998345971 -356.900006532669 -65.9999996423721 -15.6999994069338 -356.900006532669 -67.500002682209 -14.8999998345971 -357.30192065239 -67.500002682209 -15.6999994069338 -357.30192065239 -63.40192258358 -14.8999998345971 -221.399992704391 -64.4999966025352 -15.6999994069338 -222.498074173927 -63.40192258358 -15.6999994069338 -221.399992704391 -64.4999966025352 -14.8999998345971 -222.498074173927 -65.9999996423721 -15.6999994069338 -222.900003194809 -65.9999996423721 -14.8999998345971 -222.900003194809 -67.500002682209 -15.6999994069338 -222.498074173927 -67.500002682209 -14.8999998345971 -222.498074173927 -68.5980767011642 -15.6999994069338 -221.399992704391 -68.5980767011642 -14.8999998345971 -221.399992704391 -68.9999982714653 -15.6999994069338 -219.899997115135 -68.9999982714653 -14.8999998345971 -219.899997115135 -68.5980767011642 -15.6999994069338 -218.400001525879 -68.5980767011642 -14.8999998345971 -218.400001525879 -67.500002682209 -15.6999994069338 -217.301920056343 -67.500002682209 -14.8999998345971 -217.301920056343 -65.9999996423721 -15.6999994069338 -216.900005936623 -65.9999996423721 -14.8999998345971 -216.900005936623 -64.4999966025352 -15.6999994069338 -217.301920056343 -63.40192258358 -14.8999998345971 -218.400001525879 -63.000001013279 -15.6999994069338 -219.899997115135 -63.40192258358 -15.6999994069338 -218.400001525879 -63.000001013279 -14.8999998345971 -219.899997115135 -64.4999966025352 -14.8999998345971 -217.301920056343 -64.4999966025352 -14.8999998345971 -117.498077452183 -65.9999996423721 -15.6999994069338 -117.899999022484 -64.4999966025352 -15.6999994069338 -117.498077452183 -65.9999996423721 -14.8999998345971 -117.899999022484 -67.500002682209 -15.6999994069338 -117.498077452183 -67.500002682209 -14.8999998345971 -117.498077452183 -68.5980767011642 -15.6999994069338 -116.400003433228 -68.5980767011642 -14.8999998345971 -116.400003433228 -68.9999982714653 -15.6999994069338 -114.900000393391 -68.9999982714653 -14.8999998345971 -114.900000393391 -68.5980767011642 -15.6999994069338 -113.399997353554 -68.5980767011642 -14.8999998345971 -113.399997353554 -67.500002682209 -15.6999994069338 -112.301923334599 -67.500002682209 -14.8999998345971 -112.301923334599 -65.9999996423721 -15.6999994069338 -111.900001764297 -65.9999996423721 -14.8999998345971 -111.900001764297 -64.4999966025352 -15.6999994069338 -112.301923334599 -64.4999966025352 -14.8999998345971 -112.301923334599 -63.40192258358 -15.6999994069338 -113.399997353554 -63.40192258358 -14.8999998345971 -116.400003433228 -63.40192258358 -15.6999994069338 -116.400003433228 -63.000001013279 -15.6999994069338 -114.900000393391 -63.40192258358 -14.8999998345971 -113.399997353554 -63.000001013279 -14.8999998345971 -114.900000393391 -64.4999966025352 -14.8999998345971 10.5019239708781 -65.9999996423721 -15.6999994069338 10.0999996066093 -64.4999966025352 -15.6999994069338 10.5019239708781 -65.9999996423721 -14.8999998345971 10.0999996066093 -67.500002682209 -15.6999994069338 10.5019239708781 -67.500002682209 -14.8999998345971 10.5019239708781 -68.5980767011642 -15.6999994069338 11.5999998524785 -68.5980767011642 -14.8999998345971 11.5999998524785 -68.9999982714653 -15.6999994069338 13.1000000983477 -68.9999982714653 -14.8999998345971 13.1000000983477 -68.5980767011642 -15.6999994069338 14.6000003442168 -68.5980767011642 -14.8999998345971 14.6000003442168 -67.500002682209 -15.6999994069338 15.6980752944946 -67.500002682209 -14.8999998345971 15.6980752944946 -65.9999996423721 -15.6999994069338 16.100000590086 -65.9999996423721 -14.8999998345971 16.100000590086 -64.4999966025352 -15.6999994069338 15.6980752944946 -64.4999966025352 -14.8999998345971 15.6980752944946 -63.40192258358 -15.6999994069338 14.6000003442168 -63.40192258358 -14.8999998345971 14.6000003442168 -63.000001013279 -15.6999994069338 13.1000000983477 -63.000001013279 -14.8999998345971 13.1000000983477 -63.40192258358 -14.8999998345971 11.5999998524785 -63.40192258358 -15.6999994069338 11.5999998524785 -11.400000192225 -12.1499998494983 -357.215315103531 -12.9000004380941 -13.7000000104308 -356.799989938736 -11.400000192225 -13.7000000104308 -356.799989938736 -12.9000004380941 -15.2500001713634 -357.215315103531 -11.400000192225 -15.2500001713634 -357.215315103531 -12.9000004380941 -16.3846779614687 -358.35000872612 -11.400000192225 -16.3846779614687 -358.35000872612 -12.9000004380941 -16.7999994009733 -359.899997711182 -11.400000192225 -16.7999994009733 -359.899997711182 -12.9000004380941 -16.3846779614687 -361.449986696243 -11.400000192225 -16.3846779614687 -361.449986696243 -12.9000004380941 -15.2500001713634 -362.584680318832 -11.400000192225 -15.2500001713634 -362.584680318832 -11.400000192225 -11.0153211280704 -358.35000872612 -12.9000004380941 -12.1499998494983 -357.215315103531 -11.400000192225 -13.7000000104308 -363.000005483627 -12.9000004380941 -12.1499998494983 -362.584680318832 -11.400000192225 -12.1499998494983 -362.584680318832 -12.9000004380941 -11.0153211280704 -361.449986696243 -11.400000192225 -11.0153211280704 -361.449986696243 -12.9000004380941 -10.5999996885657 -359.899997711182 -11.400000192225 -10.5999996885657 -359.899997711182 -12.9000004380941 -13.7000000104308 -363.000005483627 -12.9000004380941 -11.0153211280704 -358.35000872612 -12.9000004380941 -13.7000000104308 -359.899997711182 -12.9000004380941 -16.7999994009733 -359.899997711182 -12.9000004380941 -16.3846779614687 -358.35000872612 -12.9000004380941 -16.3846779614687 -361.449986696243 -12.9000004380941 -15.2500001713634 -362.584680318832 -12.9000004380941 -13.7000000104308 -363.000005483627 -12.9000004380941 -12.1499998494983 -362.584680318832 -12.9000004380941 -11.0153211280704 -361.449986696243 -12.9000004380941 -10.5999996885657 -359.899997711182 -12.9000004380941 -11.0153211280704 -358.35000872612 -12.9000004380941 -12.1499998494983 -357.215315103531 -12.9000004380941 -13.7000000104308 -356.799989938736 -12.9000004380941 -15.2500001713634 -357.215315103531 -12.9000004380941 -10.5999996885657 -373.89999628067 -11.400000192225 -11.0153211280704 -375.449985265732 -12.9000004380941 -11.0153211280704 -375.449985265732 -12.9000004380941 -11.0153211280704 -372.350007295609 -11.400000192225 -10.5999996885657 -373.89999628067 -12.9000004380941 -12.1499998494983 -371.215313673019 -11.400000192225 -11.0153211280704 -372.350007295609 -12.9000004380941 -13.7000000104308 -370.799988508224 -11.400000192225 -12.1499998494983 -371.215313673019 -12.9000004380941 -15.2500001713634 -371.215313673019 -11.400000192225 -13.7000000104308 -370.799988508224 -12.9000004380941 -16.3846779614687 -372.350007295609 -11.400000192225 -15.2500001713634 -371.215313673019 -12.9000004380941 -16.7999994009733 -373.89999628067 -11.400000192225 -16.3846779614687 -372.350007295609 -12.9000004380941 -16.3846779614687 -375.449985265732 -11.400000192225 -16.7999994009733 -373.89999628067 -12.9000004380941 -15.2500001713634 -376.584678888321 -11.400000192225 -16.3846779614687 -375.449985265732 -12.9000004380941 -13.7000000104308 -377.000004053116 -11.400000192225 -15.2500001713634 -376.584678888321 -12.9000004380941 -12.1499998494983 -376.584678888321 -11.400000192225 -13.7000000104308 -377.000004053116 -11.400000192225 -12.1499998494983 -376.584678888321 -12.9000004380941 -13.7000000104308 -373.89999628067 -12.9000004380941 -16.7999994009733 -373.89999628067 -12.9000004380941 -16.3846779614687 -372.350007295609 -12.9000004380941 -15.2500001713634 -371.215313673019 -12.9000004380941 -13.7000000104308 -370.799988508224 -12.9000004380941 -12.1499998494983 -371.215313673019 -12.9000004380941 -11.0153211280704 -372.350007295609 -12.9000004380941 -10.5999996885657 -373.89999628067 -12.9000004380941 -11.0153211280704 -375.449985265732 -12.9000004380941 -12.1499998494983 -376.584678888321 -12.9000004380941 -13.7000000104308 -377.000004053116 -12.9000004380941 -15.2500001713634 -376.584678888321 -12.9000004380941 -16.3846779614687 -375.449985265732 -12.9000004380941 -11.0153211280704 -62.3500011861324 -11.400000192225 -10.5999996885657 -63.900001347065 -12.9000004380941 -10.5999996885657 -63.900001347065 -12.9000004380941 -12.1499998494983 -61.2153224647045 -11.400000192225 -11.0153211280704 -62.3500011861324 -12.9000004380941 -13.7000000104308 -60.8000010251999 -11.400000192225 -12.1499998494983 -61.2153224647045 -12.9000004380941 -15.2500001713634 -61.2153224647045 -11.400000192225 -13.7000000104308 -60.8000010251999 -12.9000004380941 -16.3846779614687 -62.3500011861324 -11.400000192225 -15.2500001713634 -61.2153224647045 -12.9000004380941 -16.7999994009733 -63.900001347065 -11.400000192225 -16.3846779614687 -62.3500011861324 -12.9000004380941 -16.3846779614687 -65.4499977827072 -11.400000192225 -16.7999994009733 -63.900001347065 -12.9000004380941 -15.2500001713634 -66.5846765041351 -11.400000192225 -16.3846779614687 -65.4499977827072 -12.9000004380941 -13.7000000104308 -67.0000016689301 -11.400000192225 -15.2500001713634 -66.5846765041351 -12.9000004380941 -12.1499998494983 -66.5846765041351 -11.400000192225 -13.7000000104308 -67.0000016689301 -12.9000004380941 -11.0153211280704 -65.4499977827072 -11.400000192225 -12.1499998494983 -66.5846765041351 -11.400000192225 -11.0153211280704 -65.4499977827072 -12.9000004380941 -13.7000000104308 -63.900001347065 -12.9000004380941 -16.3846779614687 -65.4499977827072 -12.9000004380941 -16.7999994009733 -63.900001347065 -12.9000004380941 -15.2500001713634 -61.2153224647045 -12.9000004380941 -16.3846779614687 -62.3500011861324 -12.9000004380941 -13.7000000104308 -60.8000010251999 -12.9000004380941 -12.1499998494983 -61.2153224647045 -12.9000004380941 -11.0153211280704 -62.3500011861324 -12.9000004380941 -10.5999996885657 -63.900001347065 -12.9000004380941 -11.0153211280704 -65.4499977827072 -12.9000004380941 -12.1499998494983 -66.5846765041351 -12.9000004380941 -13.7000000104308 -67.0000016689301 -12.9000004380941 -15.2500001713634 -66.5846765041351 -11.400000192225 -16.3846779614687 -48.3499988913536 -12.9000004380941 -16.7999994009733 -49.8999990522861 -11.400000192225 -16.7999994009733 -49.8999990522861 -12.9000004380941 -11.0153211280704 -48.3499988913536 -11.400000192225 -10.5999996885657 -49.8999990522861 -12.9000004380941 -10.5999996885657 -49.8999990522861 -12.9000004380941 -12.1499998494983 -47.2153201699257 -11.400000192225 -11.0153211280704 -48.3499988913536 -12.9000004380941 -13.7000000104308 -46.7999987304211 -11.400000192225 -12.1499998494983 -47.2153201699257 -12.9000004380941 -15.2500001713634 -47.2153201699257 -11.400000192225 -13.7000000104308 -46.7999987304211 -12.9000004380941 -16.3846779614687 -48.3499988913536 -11.400000192225 -15.2500001713634 -47.2153201699257 -12.9000004380941 -16.3846779614687 -51.4499992132187 -12.9000004380941 -15.2500001713634 -52.5846779346466 -11.400000192225 -16.3846779614687 -51.4499992132187 -12.9000004380941 -13.7000000104308 -52.9999993741512 -11.400000192225 -15.2500001713634 -52.5846779346466 -12.9000004380941 -12.1499998494983 -52.5846779346466 -11.400000192225 -13.7000000104308 -52.9999993741512 -12.9000004380941 -11.0153211280704 -51.4499992132187 -11.400000192225 -12.1499998494983 -52.5846779346466 -11.400000192225 -11.0153211280704 -51.4499992132187 -12.9000004380941 -15.2500001713634 -47.2153201699257 -12.9000004380941 -13.7000000104308 -49.8999990522861 -12.9000004380941 -16.3846779614687 -48.3499988913536 -12.9000004380941 -13.7000000104308 -46.7999987304211 -12.9000004380941 -12.1499998494983 -47.2153201699257 -12.9000004380941 -11.0153211280704 -48.3499988913536 -12.9000004380941 -10.5999996885657 -49.8999990522861 -12.9000004380941 -11.0153211280704 -51.4499992132187 -12.9000004380941 -12.1499998494983 -52.5846779346466 -12.9000004380941 -13.7000000104308 -52.9999993741512 -12.9000004380941 -15.2500001713634 -52.5846779346466 -12.9000004380941 -16.3846779614687 -51.4499992132187 -12.9000004380941 -16.7999994009733 -49.8999990522861 -11.400000192225 -11.0153211280704 -177.450001239777 -12.9000004380941 -10.5999996885657 -175.899997353554 -11.400000192225 -10.5999996885657 -175.899997353554 -11.400000192225 -12.1499998494983 -178.584679961205 -12.9000004380941 -11.0153211280704 -177.450001239777 -11.400000192225 -13.7000000104308 -179.000005125999 -12.9000004380941 -12.1499998494983 -178.584679961205 -11.400000192225 -15.2500001713634 -178.584679961205 -12.9000004380941 -13.7000000104308 -179.000005125999 -11.400000192225 -16.3846779614687 -177.450001239777 -12.9000004380941 -15.2500001713634 -178.584679961205 -11.400000192225 -16.3846779614687 -174.349993467331 -12.9000004380941 -16.7999994009733 -175.899997353554 -11.400000192225 -16.7999994009733 -175.899997353554 -11.400000192225 -15.2500001713634 -173.215314745903 -12.9000004380941 -16.3846779614687 -174.349993467331 -11.400000192225 -13.7000000104308 -172.800004482269 -12.9000004380941 -15.2500001713634 -173.215314745903 -11.400000192225 -12.1499998494983 -173.215314745903 -12.9000004380941 -13.7000000104308 -172.800004482269 -11.400000192225 -11.0153211280704 -174.349993467331 -12.9000004380941 -12.1499998494983 -173.215314745903 -12.9000004380941 -11.0153211280704 -174.349993467331 -12.9000004380941 -16.3846779614687 -177.450001239777 -12.9000004380941 -13.7000000104308 -175.899997353554 -12.9000004380941 -16.7999994009733 -175.899997353554 -12.9000004380941 -16.3846779614687 -174.349993467331 -12.9000004380941 -15.2500001713634 -178.584679961205 -12.9000004380941 -16.3846779614687 -177.450001239777 -12.9000004380941 -13.7000000104308 -179.000005125999 -12.9000004380941 -12.1499998494983 -178.584679961205 -12.9000004380941 -11.0153211280704 -177.450001239777 -12.9000004380941 -10.5999996885657 -175.899997353554 -12.9000004380941 -11.0153211280704 -174.349993467331 -12.9000004380941 -12.1499998494983 -173.215314745903 -12.9000004380941 -13.7000000104308 -172.800004482269 -12.9000004380941 -15.2500001713634 -173.215314745903 -11.400000192225 -10.5999996885657 -189.899995923042 -12.9000004380941 -11.0153211280704 -188.350006937981 -11.400000192225 -11.0153211280704 -188.350006937981 -12.9000004380941 -12.1499998494983 -187.215328216553 -11.400000192225 -12.1499998494983 -187.215328216553 -12.9000004380941 -13.7000000104308 -186.800003051758 -11.400000192225 -13.7000000104308 -186.800003051758 -12.9000004380941 -15.2500001713634 -187.215328216553 -11.400000192225 -15.2500001713634 -187.215328216553 -12.9000004380941 -16.3846779614687 -188.350006937981 -11.400000192225 -16.3846779614687 -188.350006937981 -12.9000004380941 -16.7999994009733 -189.899995923042 -11.400000192225 -16.7999994009733 -189.899995923042 -12.9000004380941 -16.3846779614687 -191.449999809265 -11.400000192225 -16.3846779614687 -191.449999809265 -12.9000004380941 -15.2500001713634 -192.584678530693 -11.400000192225 -15.2500001713634 -192.584678530693 -12.9000004380941 -13.7000000104308 -193.000003695488 -11.400000192225 -13.7000000104308 -193.000003695488 -12.9000004380941 -12.1499998494983 -192.584678530693 -11.400000192225 -12.1499998494983 -192.584678530693 -12.9000004380941 -11.0153211280704 -191.449999809265 -11.400000192225 -11.0153211280704 -191.449999809265 -12.9000004380941 -10.5999996885657 -189.899995923042 -12.9000004380941 -13.7000000104308 -189.899995923042 -12.9000004380941 -16.7999994009733 -189.899995923042 -12.9000004380941 -16.3846779614687 -188.350006937981 -12.9000004380941 -16.3846779614687 -191.449999809265 -12.9000004380941 -15.2500001713634 -192.584678530693 -12.9000004380941 -13.7000000104308 -193.000003695488 -12.9000004380941 -12.1499998494983 -192.584678530693 -12.9000004380941 -11.0153211280704 -191.449999809265 -12.9000004380941 -10.5999996885657 -189.899995923042 -12.9000004380941 -11.0153211280704 -188.350006937981 -12.9000004380941 -12.1499998494983 -187.215328216553 -12.9000004380941 -13.7000000104308 -186.800003051758 -12.9000004380941 -15.2500001713634 -187.215328216553 -25.000000372529 -12.5000001862645 5.84999984130263 -25.000000372529 -7.69999995827675 24.550000205636 -25.000000372529 -12.5000001862645 24.550000205636 -25.000000372529 -7.69999995827675 5.84999984130263 -34.000001847744 -7.69999995827675 24.550000205636 -25.000000372529 -12.5000001862645 24.550000205636 -25.000000372529 -7.69999995827675 24.550000205636 -34.000001847744 -12.5000001862645 24.550000205636 -34.000001847744 -12.5000001862645 5.84999984130263 -34.000001847744 -7.69999995827675 24.550000205636 -34.000001847744 -7.69999995827675 5.84999984130263 -34.000001847744 -12.5000001862645 24.550000205636 -25.000000372529 -7.69999995827675 5.84999984130263 -34.000001847744 -12.5000001862645 5.84999984130263 -34.000001847744 -7.69999995827675 5.84999984130263 -25.000000372529 -12.5000001862645 5.84999984130263 -34.000001847744 -12.5000001862645 5.84999984130263 -25.000000372529 -12.5000001862645 24.550000205636 -34.000001847744 -12.5000001862645 24.550000205636 -25.000000372529 -12.5000001862645 5.84999984130263 -11.400000192225 -8.7500000372529 -409.249991178513 -15.8500000834465 -10.2000003680587 -409.249991178513 -11.400000192225 -10.2000003680587 -409.249991178513 -15.8500000834465 -7.69999995827675 -409.249991178513 -11.400000192225 -7.69999995827675 -409.249991178513 -15.8500000834465 -10.2000003680587 -409.249991178513 -15.8500000834465 -7.69999995827675 -413.199990987778 -15.8500000834465 -10.2000003680587 -413.199990987778 -15.8500000834465 -7.69999995827675 -409.249991178513 -15.8500000834465 -10.2000003680587 -413.199990987778 -28.5999998450279 -7.69999995827675 -413.199990987778 -28.5999998450279 -10.2000003680587 -413.199990987778 -15.8500000834465 -7.69999995827675 -413.199990987778 -28.5999998450279 -7.69999995827675 -427.39999294281 -28.5999998450279 -10.2000003680587 -413.199990987778 -28.5999998450279 -7.69999995827675 -413.199990987778 -28.5999998450279 -10.2000003680587 -427.39999294281 -28.5999998450279 -10.2000003680587 -427.39999294281 -15.8500000834465 -7.69999995827675 -427.39999294281 -15.8500000834465 -10.2000003680587 -427.39999294281 -28.5999998450279 -7.69999995827675 -427.39999294281 -15.8500000834465 -7.69999995827675 -431.349992752075 -15.8500000834465 -10.2000003680587 -427.39999294281 -15.8500000834465 -7.69999995827675 -427.39999294281 -15.8500000834465 -10.2000003680587 -431.349992752075 -15.8500000834465 -10.2000003680587 -431.349992752075 -11.400000192225 -8.7500000372529 -431.349992752075 -11.400000192225 -10.2000003680587 -431.349992752075 -15.8500000834465 -7.69999995827675 -431.349992752075 -11.400000192225 -7.69999995827675 -431.349992752075 -15.8500000834465 -10.2000003680587 -427.39999294281 -11.400000192225 -10.2000003680587 -431.349992752075 -15.8500000834465 -10.2000003680587 -413.199990987778 -28.5999998450279 -10.2000003680587 -427.39999294281 -28.5999998450279 -10.2000003680587 -413.199990987778 -11.400000192225 -10.2000003680587 -409.249991178513 -15.8500000834465 -10.2000003680587 -409.249991178513 -15.8500000834465 -10.2000003680587 -431.349992752075 -12.0000001043081 13.0000002682209 37.0000004768372 -12.2679490596056 14.0000004321337 27.0000007003546 -12.0000001043081 13.0000002682209 27.0000007003546 -12.2679490596056 14.0000004321337 37.0000004768372 -13.0000002682209 14.7320507094264 37.0000004768372 -14.0000004321337 14.9999996647239 27.0000007003546 -13.0000002682209 14.7320507094264 27.0000007003546 -14.0000004321337 14.9999996647239 37.0000004768372 -14.9999996647239 14.7320507094264 27.0000007003546 -14.9999996647239 14.7320507094264 37.0000004768372 -15.7320499420166 14.0000004321337 27.0000007003546 -15.7320499420166 14.0000004321337 37.0000004768372 -16.0000007599592 13.0000002682209 27.0000007003546 -16.0000007599592 13.0000002682209 37.0000004768372 -15.7320499420166 12.0000001043081 27.0000007003546 -15.7320499420166 12.0000001043081 37.0000004768372 -14.9999996647239 11.2679488956928 27.0000007003546 -14.9999996647239 11.2679488956928 37.0000004768372 -14.0000004321337 10.9999999403954 27.0000007003546 -14.0000004321337 10.9999999403954 37.0000004768372 -13.0000002682209 11.2679488956928 27.0000007003546 -13.0000002682209 11.2679488956928 37.0000004768372 -12.2679490596056 12.0000001043081 27.0000007003546 -12.2679490596056 12.0000001043081 37.0000004768372 -14.0000004321337 13.0000002682209 27.0000007003546 -12.2679490596056 12.0000001043081 27.0000007003546 -12.0000001043081 13.0000002682209 27.0000007003546 -13.0000002682209 11.2679488956928 27.0000007003546 -14.0000004321337 10.9999999403954 27.0000007003546 -14.9999996647239 11.2679488956928 27.0000007003546 -15.7320499420166 12.0000001043081 27.0000007003546 -16.0000007599592 13.0000002682209 27.0000007003546 -15.7320499420166 14.0000004321337 27.0000007003546 -14.9999996647239 14.7320507094264 27.0000007003546 -14.0000004321337 14.9999996647239 27.0000007003546 -13.0000002682209 14.7320507094264 27.0000007003546 -12.2679490596056 14.0000004321337 27.0000007003546 -12.2679490596056 46.000000089407 37.0000004768372 -13.0000002682209 46.7320494353771 27.0000007003546 -12.2679490596056 46.000000089407 27.0000007003546 -15.7320499420166 43.9999997615814 37.0000004768372 -14.9999996647239 43.2679504156113 27.0000007003546 -15.7320499420166 43.9999997615814 27.0000007003546 -14.9999996647239 43.2679504156113 37.0000004768372 -14.0000004321337 43.0000014603138 27.0000007003546 -14.0000004321337 43.0000014603138 37.0000004768372 -13.0000002682209 43.2679504156113 27.0000007003546 -13.0000002682209 43.2679504156113 37.0000004768372 -12.2679490596056 43.9999997615814 27.0000007003546 -12.2679490596056 43.9999997615814 37.0000004768372 -12.0000001043081 45.0000017881393 27.0000007003546 -15.7320499420166 46.000000089407 37.0000004768372 -16.0000007599592 45.0000017881393 27.0000007003546 -15.7320499420166 46.000000089407 27.0000007003546 -14.9999996647239 46.7320494353771 37.0000004768372 -14.9999996647239 46.7320494353771 27.0000007003546 -14.0000004321337 46.9999983906746 37.0000004768372 -14.0000004321337 46.9999983906746 27.0000007003546 -13.0000002682209 46.7320494353771 37.0000004768372 -12.0000001043081 45.0000017881393 37.0000004768372 -16.0000007599592 45.0000017881393 37.0000004768372 -13.0000002682209 46.7320494353771 27.0000007003546 -14.0000004321337 45.0000017881393 27.0000007003546 -12.2679490596056 46.000000089407 27.0000007003546 -14.0000004321337 46.9999983906746 27.0000007003546 -14.9999996647239 46.7320494353771 27.0000007003546 -15.7320499420166 46.000000089407 27.0000007003546 -16.0000007599592 45.0000017881393 27.0000007003546 -15.7320499420166 43.9999997615814 27.0000007003546 -14.9999996647239 43.2679504156113 27.0000007003546 -14.0000004321337 43.0000014603138 27.0000007003546 -13.0000002682209 43.2679504156113 27.0000007003546 -12.2679490596056 43.9999997615814 27.0000007003546 -12.0000001043081 45.0000017881393 27.0000007003546 -19.4000005722046 46.3000014424324 16.2749998271465 -19.4000005722046 50.2999983727932 4.72499988973141 -19.4000005722046 46.3000014424324 4.72499988973141 -19.4000005722046 50.2999983727932 16.2749998271465 -20.5000005662441 46.3000014424324 16.2749998271465 -19.4000005722046 46.3000014424324 4.72499988973141 -20.5000005662441 46.3000014424324 4.72499988973141 -19.4000005722046 46.3000014424324 16.2749998271465 -20.5000005662441 46.3000014424324 16.2749998271465 -19.4000005722046 50.2999983727932 16.2749998271465 -19.4000005722046 46.3000014424324 16.2749998271465 -20.5000005662441 50.2999983727932 16.2749998271465 -19.4000005722046 50.2999983727932 4.72499988973141 -20.5000005662441 50.2999983727932 16.2749998271465 -20.5000005662441 50.2999983727932 4.72499988973141 -19.4000005722046 50.2999983727932 16.2749998271465 -19.4000005722046 46.3000014424324 4.72499988973141 -20.5000005662441 50.2999983727932 4.72499988973141 -20.5000005662441 46.3000014424324 4.72499988973141 -19.4000005722046 50.2999983727932 4.72499988973141 -20.3000009059906 37.6439988613129 12.9305133596063 -20.3000009059906 41.2940010428429 12.9305133596063 -20.3000009059906 40.8049933612347 11.1055132001638 -20.3000009059906 34.4830080866814 11.1055132001638 -20.3000009059906 33.9940004050732 12.9305133596063 -20.3000009059906 35.8190014958382 16.0915050655603 -20.3000009059906 34.4830080866814 14.7555135190487 -20.3000009059906 37.6439988613129 16.5805127471685 -20.3000009059906 39.4689999520779 16.0915050655603 -20.3000009059906 40.8049933612347 14.7555135190487 -20.3000009059906 39.4689999520779 9.76952072232962 -20.3000009059906 37.6439988613129 9.28051304072142 -20.3000009059906 35.8190014958382 9.76952072232962 -20.3000009059906 25.4549998790026 6.89999992027879 -20.3000009059906 27.4550002068281 3.43589833937585 -20.3000009059906 25.4549998790026 2.89999996311963 -20.3000009059906 21.9908989965916 4.90000005811453 -20.3000009059906 21.4549992233515 6.89999992027879 -20.3000009059906 21.9908989965916 8.89999978244305 -20.3000009059906 23.454999551177 3.43589833937585 -20.3000009059906 28.9191007614136 4.90000005811453 -20.3000009059906 29.4550005346537 6.89999992027879 -20.3000009059906 28.9191007614136 8.89999978244305 -20.3000009059906 27.4550002068281 10.3641012683511 -20.3000009059906 25.4549998790026 10.9000001102686 -20.3000009059906 23.454999551177 10.3641012683511 -20.3000009059906 15.0849996134639 7.1000000461936 -20.3000009059906 15.0849996134639 10.3249996900558 -20.3000009059906 16.6974999010563 9.89293213933706 -20.3000009059906 13.472500257194 9.89293213933706 -20.3000009059906 17.8779326379299 8.71250033378601 -20.3000009059906 18.3099992573261 7.1000000461936 -20.3000009059906 17.8779326379299 5.48750022426248 -20.3000009059906 16.6974999010563 4.30706795305014 -20.3000009059906 15.0849996134639 3.87499993667006 -20.3000009059906 13.472500257194 4.30706795305014 -20.3000009059906 12.292068451643 5.48750022426248 -20.3000009059906 11.8599999696016 7.1000000461936 -20.3000009059906 12.292068451643 8.71250033378601 -20.3000009059906 35.8190014958382 16.0915050655603 -19.4000005722046 37.6439988613129 16.5805127471685 -20.3000009059906 37.6439988613129 16.5805127471685 -19.4000005722046 39.4689999520779 16.0915050655603 -20.3000009059906 39.4689999520779 16.0915050655603 -20.3000009059906 34.4830080866814 14.7555135190487 -19.4000005722046 35.8190014958382 16.0915050655603 -19.4000005722046 40.8049933612347 14.7555135190487 -20.3000009059906 40.8049933612347 14.7555135190487 -19.4000005722046 41.2940010428429 12.9305133596063 -20.3000009059906 41.2940010428429 12.9305133596063 -19.4000005722046 40.8049933612347 11.1055132001638 -20.3000009059906 40.8049933612347 11.1055132001638 -20.3000009059906 39.4689999520779 9.76952072232962 -19.4000005722046 37.6439988613129 9.28051304072142 -20.3000009059906 37.6439988613129 9.28051304072142 -19.4000005722046 35.8190014958382 9.76952072232962 -20.3000009059906 35.8190014958382 9.76952072232962 -19.4000005722046 34.4830080866814 11.1055132001638 -20.3000009059906 34.4830080866814 11.1055132001638 -19.4000005722046 33.9940004050732 12.9305133596063 -20.3000009059906 33.9940004050732 12.9305133596063 -19.4000005722046 39.4689999520779 9.76952072232962 -19.4000005722046 34.4830080866814 14.7555135190487 -19.4000005722046 21.9908989965916 8.89999978244305 -20.3000009059906 21.4549992233515 6.89999992027879 -19.4000005722046 21.4549992233515 6.89999992027879 -20.3000009059906 21.9908989965916 8.89999978244305 -19.4000005722046 23.454999551177 10.3641012683511 -20.3000009059906 23.454999551177 10.3641012683511 -19.4000005722046 25.4549998790026 10.9000001102686 -20.3000009059906 25.4549998790026 10.9000001102686 -19.4000005722046 27.4550002068281 10.3641012683511 -20.3000009059906 27.4550002068281 10.3641012683511 -19.4000005722046 28.9191007614136 8.89999978244305 -20.3000009059906 28.9191007614136 8.89999978244305 -19.4000005722046 29.4550005346537 6.89999992027879 -20.3000009059906 29.4550005346537 6.89999992027879 -19.4000005722046 23.454999551177 3.43589833937585 -20.3000009059906 25.4549998790026 2.89999996311963 -19.4000005722046 25.4549998790026 2.89999996311963 -19.4000005722046 28.9191007614136 4.90000005811453 -20.3000009059906 28.9191007614136 4.90000005811453 -19.4000005722046 27.4550002068281 3.43589833937585 -20.3000009059906 27.4550002068281 3.43589833937585 -20.3000009059906 23.454999551177 3.43589833937585 -19.4000005722046 21.9908989965916 4.90000005811453 -20.3000009059906 21.9908989965916 4.90000005811453 -20.3000009059906 12.292068451643 5.48750022426248 -19.4000005722046 11.8599999696016 7.1000000461936 -20.3000009059906 11.8599999696016 7.1000000461936 -20.3000009059906 17.8779326379299 5.48750022426248 -19.4000005722046 16.6974999010563 4.30706795305014 -20.3000009059906 16.6974999010563 4.30706795305014 -19.4000005722046 12.292068451643 5.48750022426248 -20.3000009059906 13.472500257194 4.30706795305014 -19.4000005722046 13.472500257194 4.30706795305014 -20.3000009059906 15.0849996134639 3.87499993667006 -19.4000005722046 15.0849996134639 3.87499993667006 -20.3000009059906 18.3099992573261 7.1000000461936 -19.4000005722046 17.8779326379299 5.48750022426248 -19.4000005722046 13.472500257194 9.89293213933706 -20.3000009059906 12.292068451643 8.71250033378601 -19.4000005722046 12.292068451643 8.71250033378601 -19.4000005722046 15.0849996134639 10.3249996900558 -20.3000009059906 13.472500257194 9.89293213933706 -19.4000005722046 16.6974999010563 9.89293213933706 -20.3000009059906 15.0849996134639 10.3249996900558 -19.4000005722046 17.8779326379299 8.71250033378601 -20.3000009059906 16.6974999010563 9.89293213933706 -19.4000005722046 18.3099992573261 7.1000000461936 -20.3000009059906 17.8779326379299 8.71250033378601 -19.4000005722046 17.8779326379299 5.48750022426248 -19.4000005722046 21.9908989965916 4.90000005811453 -19.4000005722046 16.6974999010563 4.30706795305014 -19.4000005722046 37.6439988613129 9.28051304072142 -19.4000005722046 28.9191007614136 4.90000005811453 -19.4000005722046 35.8190014958382 9.76952072232962 -19.4000005722046 25.4549998790026 10.9000001102686 -19.4000005722046 15.0849996134639 10.3249996900558 -19.4000005722046 33.9940004050732 12.9305133596063 -19.4000005722046 29.4550005346537 6.89999992027879 -19.4000005722046 43.8000001013279 1.5999999595806 -19.4000005722046 41.2940010428429 12.9305133596063 -19.4000005722046 40.8049933612347 11.1055132001638 -19.4000005722046 21.4549992233515 6.89999992027879 -19.4000005722046 18.3099992573261 7.1000000461936 -19.4000005722046 34.4830080866814 11.1055132001638 -19.4000005722046 28.9191007614136 8.89999978244305 -19.4000005722046 10.4000000283122 15.3999999165535 -19.4000005722046 10.4000000283122 19.4000005722046 -19.4000005722046 43.8000001013279 19.4000005722046 -19.4000005722046 39.4689999520779 16.0915050655603 -19.4000005722046 37.6439988613129 16.5805127471685 -19.4000005722046 21.9908989965916 8.89999978244305 -19.4000005722046 17.8779326379299 8.71250033378601 -19.4000005722046 16.6974999010563 9.89293213933706 -19.4000005722046 6.89999992027879 15.3999999165535 -19.4000005722046 10.4000000283122 5.59999980032444 -19.4000005722046 6.89999992027879 5.59999980032444 -19.4000005722046 27.4550002068281 3.43589833937585 -19.4000005722046 13.472500257194 9.89293213933706 -19.4000005722046 23.454999551177 10.3641012683511 -19.4000005722046 40.8049933612347 14.7555135190487 -19.4000005722046 12.292068451643 8.71250033378601 -19.4000005722046 11.8599999696016 7.1000000461936 -19.4000005722046 12.292068451643 5.48750022426248 -19.4000005722046 10.4000000283122 1.5999999595806 -19.4000005722046 23.454999551177 3.43589833937585 -19.4000005722046 25.4549998790026 2.89999996311963 -19.4000005722046 35.8190014958382 16.0915050655603 -19.4000005722046 13.472500257194 4.30706795305014 -19.4000005722046 15.0849996134639 3.87499993667006 -19.4000005722046 34.4830080866814 14.7555135190487 -19.4000005722046 27.4550002068281 10.3641012683511 -19.4000005722046 39.4689999520779 9.76952072232962 -19.4000005722046 6.89999992027879 5.59999980032444 -20.5000005662441 10.4000000283122 5.59999980032444 -20.5000005662441 6.89999992027879 5.59999980032444 -19.4000005722046 10.4000000283122 5.59999980032444 -19.4000005722046 6.89999992027879 5.59999980032444 -20.5000005662441 6.89999992027879 15.3999999165535 -19.4000005722046 6.89999992027879 15.3999999165535 -20.5000005662441 6.89999992027879 5.59999980032444 -20.5000005662441 10.4000000283122 15.3999999165535 -19.4000005722046 6.89999992027879 15.3999999165535 -20.5000005662441 6.89999992027879 15.3999999165535 -19.4000005722046 10.4000000283122 15.3999999165535 -19.4000005722046 10.4000000283122 15.3999999165535 -20.5000005662441 10.4000000283122 19.4000005722046 -19.4000005722046 10.4000000283122 19.4000005722046 -20.5000005662441 10.4000000283122 15.3999999165535 -19.4000005722046 43.8000001013279 19.4000005722046 -20.5000005662441 10.4000000283122 19.4000005722046 -20.5000005662441 43.8000001013279 19.4000005722046 -19.4000005722046 10.4000000283122 19.4000005722046 -19.4000005722046 43.8000001013279 1.5999999595806 -20.5000005662441 43.8000001013279 19.4000005722046 -20.5000005662441 43.8000001013279 1.5999999595806 -19.4000005722046 43.8000001013279 19.4000005722046 -20.5000005662441 10.4000000283122 1.5999999595806 -19.4000005722046 43.8000001013279 1.5999999595806 -20.5000005662441 43.8000001013279 1.5999999595806 -19.4000005722046 10.4000000283122 1.5999999595806 -20.5000005662441 10.4000000283122 5.59999980032444 -19.4000005722046 10.4000000283122 1.5999999595806 -20.5000005662441 10.4000000283122 1.5999999595806 -19.4000005722046 10.4000000283122 5.59999980032444 -19.6000002324581 20.7000002264977 -419.149994850159 -19.6000002324581 22.4750004708767 -422.224402427673 -19.6000002324581 20.7000002264977 -422.699987888336 -19.6000002324581 18.9249999821186 -422.224402427673 -19.6000002324581 17.6256094127893 -420.924991369247 -19.6000002324581 17.1499997377396 -419.149994850159 -19.6000002324581 17.6256094127893 -417.37499833107 -19.6000002324581 24.2500007152557 -419.149994850159 -19.6000002324581 23.774391040206 -420.924991369247 -19.6000002324581 18.9249999821186 -416.075617074966 -19.6000002324581 20.7000002264977 -415.600001811981 -19.6000002324581 22.4750004708767 -416.075617074966 -19.6000002324581 23.774391040206 -417.37499833107 -20.5000005662441 17.1499997377396 -419.149994850159 -19.6000002324581 17.6256094127893 -417.37499833107 -19.6000002324581 17.1499997377396 -419.149994850159 -20.5000005662441 17.6256094127893 -417.37499833107 -19.6000002324581 18.9249999821186 -416.075617074966 -20.5000005662441 18.9249999821186 -416.075617074966 -19.6000002324581 20.7000002264977 -415.600001811981 -20.5000005662441 20.7000002264977 -415.600001811981 -20.5000005662441 17.6256094127893 -420.924991369247 -19.6000002324581 22.4750004708767 -416.075617074966 -20.5000005662441 22.4750004708767 -416.075617074966 -19.6000002324581 18.9249999821186 -422.224402427673 -20.5000005662441 20.7000002264977 -422.699987888336 -20.5000005662441 18.9249999821186 -422.224402427673 -19.6000002324581 20.7000002264977 -422.699987888336 -20.5000005662441 22.4750004708767 -422.224402427673 -19.6000002324581 23.774391040206 -417.37499833107 -20.5000005662441 23.774391040206 -417.37499833107 -19.6000002324581 17.6256094127893 -420.924991369247 -19.6000002324581 22.4750004708767 -422.224402427673 -20.5000005662441 23.774391040206 -420.924991369247 -19.6000002324581 23.774391040206 -420.924991369247 -20.5000005662441 24.2500007152557 -419.149994850159 -19.6000002324581 24.2500007152557 -419.149994850159</float_array><technique_common><accessor count="1895" source="#bau0020305091-mesh-positions-array" stride="3"><param name="X" type="float" /><param name="Y" type="float" /><param name="Z" type="float" /></accessor></technique_common></source><source id="bau0020305091-mesh-normals"><float_array id="bau0020305091-mesh-normals-array" count="5685">1 -2.44929370517034E-16 0 1 -2.44929370517034E-16 0 1 -2.44929370517034E-16 0 1 -2.44929370517034E-16 0 -1 -3.08395272853753E-16 0 -1 -3.08395272853753E-16 0 -1 -3.08395272853753E-16 0 -1 -3.08395272853753E-16 0 -1 -3.08395272853753E-16 0 -1 -3.08395272853753E-16 0 -1 -3.08395272853753E-16 0 -1 -3.08395272853753E-16 0 -1 -3.08395272853753E-16 0 -1 -3.08395272853753E-16 0 -1 -3.08395272853753E-16 0 -1 -3.08395272853753E-16 0 -1 -3.08395272853753E-16 0 -1 -3.08395272853753E-16 0 -1 -3.08395272853753E-16 0 -1 -3.08395272853753E-16 0 -1 -3.08395272853753E-16 0 -1 -3.08395272853753E-16 0 -1 -3.08395272853753E-16 0 -1 -3.08395272853753E-16 0 -1 -3.08395272853753E-16 0 -1 -3.08395272853753E-16 0 -1 -3.08395272853753E-16 0 -1 -3.08395272853753E-16 0 -1 -3.08395272853753E-16 0 -1 -3.08395272853753E-16 0 0 0 1 0 0 1 0 0 1 0 0 1 0 0 1 0 0 1 0 0 1 0 0 1 0 0 1 0 0 1 0 0 1 0 0 1 0 0 1 0 0 1 0 0 1 0 0 1 0 0 1 0 0 1 0 0 1 0 0 1 0 0 1 0 0 1 0 0 1 0 0 1 0 0 1 0 0 1 0 0 1 0 0 1 0 0 1 0 0 1 0 0 1 0 0 1 0 0 1 0 0 1 0 0 1 0 0 1 0 0 1 0 0 1 0 0 1 0 0 1 0 0 1 0 0 1 0 0 1 0 0 1 0 0 1 0 0 1 0 0 1 0 0 1 0 0 1 0 0 1 0 0 1 0 0 1 0 0 1 0 0 1 0 0 1 0 0 1 0 0 1 0 0 1 0 0 1 0 0 1 0 0 1 0 0 1 0 0 1 0 0 1 0 0 1 0 0 -1 0 0 -1 0 0 -1 0 0 -1 0 0 -1 0 0 -1 1.48266963193108E-16 -1 0 1.48266963193108E-16 -1 0 1.48266963193108E-16 -1 0 1.48266963193108E-16 -1 0 1.48266963193108E-16 -1 0 1.48266963193108E-16 -1 0 0 0 1 0 0 1 0 0 1 0 0 1 -1.48266963193108E-16 1 0 -1.48266963193108E-16 1 0 -1.48266963193108E-16 1 0 -1.48266963193108E-16 1 0 -2.34422085625022E-16 1 0 -2.34422085625022E-16 1 0 -2.34422085625022E-16 1 0 -2.34422085625022E-16 1 0 -2.34422085625022E-16 1 0 0 0 1 0 0 1 0 0 1 0 0 1 0 0 1 0 0 1 0 0 1 0 0 1 0 0 1 0 0 1 0 0 1 0 0 1 0 0 1 0 0 1 0 0 1 0 0 1 1 0 0 1 0 0 1 0 0 1 0 0 1 0 0 1 0 0 0 -1 0 0 -1 0 0 -1 0 0 -1 0 0 -1 0 0 -1 0 -1 0 0 -1 0 0 -1 0 0 -1 0 0 -1 0 0 0 -1 0 0 -1 0 0 -1 0 0 -1 0 -1 1.46390163175119E-16 0 -1 1.46390163175119E-16 0 -1 1.46390163175119E-16 0 -1 1.46390163175119E-16 0 -1 1.46390163175119E-16 0 -1 1.46390163175119E-16 0 -1 1.46390163175119E-16 0 -1 1.46390163175119E-16 0 -1 1.46390163175119E-16 0 -1 1.46390163175119E-16 0 -1 1.46390163175119E-16 0 -1 1.46390163175119E-16 0 -4.33680868994202E-16 -1 0 -4.33680868994202E-16 -1 0 -4.33680868994202E-16 -1 0 -4.33680868994202E-16 -1 0 -1 8.63046502168837E-17 0 -1 8.63046502168837E-17 0 -1 8.63046502168837E-17 0 -1 8.63046502168837E-17 0 -1 8.63046502168837E-17 0 -1 8.63046502168837E-17 0 0 1 0 0 1 0 0 1 0 0 1 0 0 0 -1 0 0 -1 0 0 -1 0 0 -1 0 0 -1 0 0 -1 0 0 -1 0 0 -1 0 0 -1 0 0 -1 0 0 -1 0 0 -1 0 0 -1 0 0 -1 0 0 -1 0 0 -1 0 0 -1 0 -1 0 0.5 -0.866025388240814 0 0.5 -0.866025388240814 0 0.965925812721252 -0.258819043636322 0 0.866025388240814 -0.5 0 0.866025388240814 -0.5 0 1 1.22464685258517E-16 0 1 1.22464685258517E-16 0 0 -1 0 -0.866025388240814 -0.5 0 -0.5 -0.866025388240814 0 -0.5 -0.866025388240814 0 -1 -2.44929370517034E-16 0 -0.866025388240814 -0.5 0 -0.965925812721252 -0.258819043636322 0 -1 0 0 0 -1 0 0 -1 0 -0.5 -0.866025388240814 0 -0.866025388240814 -0.5 0 -0.866025388240814 -0.5 0 -0.965925812721252 -0.258819043636322 0 -1 8.63046502168837E-17 0 -1 -1.0842021724855E-15 0 1.83697014652885E-16 -1 0 -0.5 -0.866025388240814 0 1.83697014652885E-16 -1 0 -0.5 0.866025388240814 0 -6.12323426292584E-17 1 0 -6.12323426292584E-17 1 0 -0.866025388240814 0.5 0 -0.5 0.866025388240814 0 -0.866025388240814 0.5 0 -1 0 0 -1 0 0 0.866025388240814 0.5 0 1 1.22464685258517E-16 0 1 1.22464685258517E-16 0 0.5 0.866025388240814 0 0.866025388240814 0.5 0 0.5 0.866025388240814 0 -6.12323426292584E-17 1 0 -6.12323426292584E-17 1 0 0 0 -1 0 0 -1 0 0 -1 0 0 -1 0 0 -1 -1 0 0 -1 0 0 -1 0 0 -1 0 0 -1 -2.8309723627964E-15 0 -1 -2.8309723627964E-15 0 -1 -2.8309723627964E-15 0 -1 -2.8309723627964E-15 0 -1 -2.8309723627964E-15 0 -1 -2.8309723627964E-15 0 -1 -2.8309723627964E-15 0 0.0523359552025795 -0.998629510402679 0 0.0523359552025795 -0.998629510402679 0 0.0523359552025795 -0.998629510402679 0 0.0523359552025795 -0.998629510402679 0 0.0523359552025795 -0.998629510402679 0 0 -1 0 0 -1 0 0 -1 0 0 -1 0 1 0 0 1 0 0 1 0 0 1 0 0 0.104528464376926 0.20903667807579 -0.972305238246918 0.104528464376926 0.129780143499374 -0.98601770401001 0.104528464376926 0.20903667807579 -0.972305238246918 0.104528464376926 0.073869526386261 -0.99177473783493 0.104528464376926 0.039028488099575 -0.99375581741333 0.104528464376926 0.41105055809021 -0.90559995174408 0.104528464376926 0.329718023538589 -0.938274919986725 0.104528464376926 0.41105055809021 -0.90559995174408 0.104528464376926 -5.89916784329527E-16 -0.994521915912628 0.104528464376926 0.41105055809021 -0.90559995174408 0.104528464376926 -1.34756959737969E-15 -0.994521915912628 0.104528464376926 0.41105055809021 -0.90559995174408 0.104528464376926 0.322847604751587 -0.940661072731018 0.104528464376926 -1.34756959737969E-15 -0.994521915912628 0.104528464376926 0.185553386807442 -0.977058708667755 0.104528464376926 1.3487919718017E-16 -0.994521915912628 0.104528464376926 1.3487919718017E-16 -0.994521915912628 0.104528464376926 1.3487919718017E-16 -0.994521915912628 0.104528464376926 1.3487919718017E-16 -0.994521915912628 0.104528464376926 1.3487919718017E-16 -0.994521915912628 0.104528464376926 1.3487919718017E-16 -0.994521915912628 0.104528464376926 1.3487919718017E-16 -0.994521915912628 0.104528464376926 1.3487919718017E-16 -0.994521915912628 0.104528464376926 1.3487919718017E-16 -0.994521915912628 0.104528464376926 1.3487919718017E-16 -0.994521915912628 0.104528464376926 1.3487919718017E-16 -0.994521915912628 0.104528464376926 1.3487919718017E-16 -0.994521915912628 0.104528464376926 1.3487919718017E-16 -0.994521915912628 0.104528464376926 1.3487919718017E-16 -0.994521915912628 0.104528464376926 1.3487919718017E-16 -0.994521915912628 0.104528464376926 1.3487919718017E-16 -0.994521915912628 0.104528464376926 1.3487919718017E-16 -0.994521915912628 0.104528464376926 1.3487919718017E-16 -0.994521915912628 2.96533926386216E-16 -1 0 2.96533926386216E-16 -1 0 2.96533926386216E-16 -1 0 2.96533926386216E-16 -1 0 0 0 1 0 0 1 0 0 1 0 0 1 0 0 1 -2.96533926386216E-16 1 0 -2.96533926386216E-16 1 0 -2.96533926386216E-16 1 0 -2.96533926386216E-16 1 0 -1 -3.08395272853753E-16 0 -1 -3.08395272853753E-16 0 -1 -3.08395272853753E-16 0 -1 -3.08395272853753E-16 0 -1.48266963193108E-16 1 0 -1.48266963193108E-16 1 0 -1.48266963193108E-16 1 0 -1.48266963193108E-16 1 0 0 0 1 0 0 1 0 0 1 0 0 1 1.48266963193108E-16 -1 0 1.48266963193108E-16 -1 0 1.48266963193108E-16 -1 0 1.48266963193108E-16 -1 0 0 0 -1 0 0 -1 0 0 -1 0 0 -1 -1 -1.54886022750088E-16 0 -1 -1.54886022750088E-16 0 -1 -1.54886022750088E-16 0 -1 -1.54886022750088E-16 0 -1.48266963193108E-16 1 7.70988235073941E-16 -1.48266963193108E-16 1 7.70988235073941E-16 -1.48266963193108E-16 1 7.70988235073941E-16 -1.48266963193108E-16 1 7.70988235073941E-16 0 0 1 0 0 1 0 0 1 0 0 1 1.48266963193108E-16 -1 0 1.48266963193108E-16 -1 0 1.48266963193108E-16 -1 0 1.48266963193108E-16 -1 0 0 0 -1 0 0 -1 0 0 -1 0 0 -1 -1 -1.54886022750088E-16 0 -1 -1.54886022750088E-16 0 -1 -1.54886022750088E-16 0 -1 -1.54886022750088E-16 0 -1.48266963193108E-16 1 0 -1.48266963193108E-16 1 0 -1.48266963193108E-16 1 0 -1.48266963193108E-16 1 0 0 0 1 0 0 1 0 0 1 0 0 1 1.48266963193108E-16 -1 0 1.48266963193108E-16 -1 0 1.48266963193108E-16 -1 0 1.48266963193108E-16 -1 0 0 0 -1 0 0 -1 0 0 -1 0 0 -1 0 0 -1 0 0 -1 0 0 -1 0 0 -1 0 0 1 0 0 1 0 0 1 0 0 1 2.83020982138563E-15 -1 0 2.83020982138563E-15 -1 0 2.83020982138563E-15 -1 0 2.83020982138563E-15 -1 0 -2.83020982138563E-15 1 0 -2.83020982138563E-15 1 0 -2.83020982138563E-15 1 0 -2.83020982138563E-15 1 0 -2.83020982138563E-15 1 0 -1 -2.8309723627964E-15 0 -1 -2.8309723627964E-15 0 -1 -2.8309723627964E-15 0 -1 -2.8309723627964E-15 0 -1 -2.8309723627964E-15 0 0 0 -1 0 0 -1 0 0 -1 0 0 -1 0 0 -1 0 0 -1 0 0 -1 0 0 -1 0 0 -1 0 0 -1 0 0 -1 -1 1.22464685258517E-16 0 -1 1.22464685258517E-16 0 -1 1.22464685258517E-16 0 -1 1.22464685258517E-16 0 1 -2.44929370517034E-16 0 0.866025388240814 -0.5 0 0.866025388240814 -0.5 0 0.5 -0.866025388240814 0 0.5 -0.866025388240814 0 -3.73641056110449E-15 -1 0 -3.73641056110449E-15 -1 0 1 -2.44929370517034E-16 0 1 0 0 1 0 0 1 0 0 1 0 0 0.5 0.866025388240814 0 0.866025388240814 0.5 0 0.866025388240814 0.5 0 1 0 0 1 0 0 0.5 0.866025388240814 0 6.12323426292584E-17 1 0 6.12323426292584E-17 1 0 -2.96533926386216E-16 1 0 -2.96533926386216E-16 1 0 -2.96533926386216E-16 1 0 -2.96533926386216E-16 1 0 -2.96533926386216E-16 1 0 -2.96533926386216E-16 1 0 -2.96533926386216E-16 1 0 -2.96533926386216E-16 1 0 -0.866025388240814 0.5 0 -1 1.22464685258517E-16 0 -1 1.22464685258517E-16 0 -0.866025388240814 0.5 0 -0.5 0.866025388240814 0 -0.5 0.866025388240814 0 6.12323426292584E-17 1 0 6.12323426292584E-17 1 0 -1 -2.78446781877241E-16 0 -1 -2.78446781877241E-16 0 -1 -2.78446781877241E-16 0 -1 -2.78446781877241E-16 0 -1 -2.78446781877241E-16 0 -1 -2.78446781877241E-16 0 -1 -2.78446781877241E-16 0 -1 -2.78446781877241E-16 0 -1 -2.78446781877241E-16 0 -1 -2.78446781877241E-16 0 -1 -2.78446781877241E-16 0 -1 -2.78446781877241E-16 0 -1 -2.78446781877241E-16 0 -1 -2.78446781877241E-16 0 -1 -2.78446781877241E-16 0 -1 -2.78446781877241E-16 0 -1 -2.78446781877241E-16 0 -1 -2.78446781877241E-16 0 -1 -2.78446781877241E-16 0 -1 -2.78446781877241E-16 0 -1 -2.78446781877241E-16 0 -1 -2.78446781877241E-16 0 -1 -2.78446781877241E-16 0 -1 -2.78446781877241E-16 0 -1 -2.78446781877241E-16 0 -1 -2.78446781877241E-16 0 -1 -2.78446781877241E-16 0 -1 -2.78446781877241E-16 0 0 0 -1 0 0 -1 0 0 -1 0.551606178283691 0.834104716777802 0 0.880796849727631 0.473494380712509 0 0.880796849727631 0.473494380712509 0 0.0909090936183929 0.995859205722809 0 0.551606178283691 0.834104716777802 0 0.0909090936183929 0.995859205722809 0 1 -2.44929370517034E-16 0 1 -2.44929370517034E-16 0 -0.216439619660378 0.976296007633209 0 -0.216439619660378 0.976296007633209 0 -0.216439619660378 0.976296007633209 0 -0.216439619660378 0.976296007633209 0 0 0 -1 0 0 -1 0 0 -1 0 0 -1 0 0 -1 0 0 -1 0 0 -1 0 0 -1 0 0 -1 0 0 -1 0 -1 0 0 -1 0 0 -1 0 0 -1 0 0 -1 0 0 -1 0 0 -1 0 0 -1 0 0 0 1 0 0 1 0 0 1 0 0 1 0 0 1 0 0 1 0 0 1 1 0 4.58201668135914E-15 1 0 4.58201668135914E-15 1 0 4.58201668135914E-15 1 0 4.58201668135914E-15 0.806830048561096 0 0.590783655643463 0.806830048561096 0 0.590783655643463 0.806830048561096 0 0.590783655643463 0.806830048561096 0 0.590783655643463 0.806830048561096 0 0.590783655643463 0.806830048561096 0 0.590783655643463 1 0 0 1 0 0 1 0 0 1 0 0 1 0 0 1 0 0 1 0 0 1 0 0 1 0 0 1 0 0 1 0 0 1 0 0 0.806830048561096 0 -0.590783655643463 0.806830048561096 0 -0.590783655643463 0.806830048561096 0 -0.590783655643463 0.806830048561096 0 -0.590783655643463 0.806830048561096 0 -0.590783655643463 0.806830048561096 0 -0.590783655643463 1 0 -4.58201668135914E-15 1 0 -4.58201668135914E-15 1 0 -4.58201668135914E-15 1 0 -4.58201668135914E-15 0 0 1 0 0 1 0 0 1 0 0 1 0 0 1 0 0 1 0 0 1 0 0 1 0 0 1 0 0 1 5.73462311708253E-15 -1 0 5.73462311708253E-15 -1 0 5.73462311708253E-15 -1 0 5.73462311708253E-15 -1 0 5.73462311708253E-15 -1 0 5.73462311708253E-15 -1 0 5.73462311708253E-15 -1 0 5.73462311708253E-15 -1 0 -1.83697014652885E-16 -1 0 -0.5 -0.866025388240814 0 -0.5 -0.866025388240814 0 -1 1.22464685258517E-16 0 -0.866025388240814 -0.5 0 -0.866025388240814 -0.5 0 -1.83697014652885E-16 -1 0 -1 1.22464685258517E-16 0 -1 0 0 -1 0 0 -1 0 0 -1 0 0 -0.976296007633209 -0.216439619660378 0 -0.976296007633209 -0.216439619660378 0 -0.976296007633209 -0.216439619660378 0 -0.976296007633209 -0.216439619660378 0 -0.976296007633209 -0.216439619660378 0 -0.976296007633209 -0.216439619660378 0 -0.976296007633209 -0.216439619660378 0 0 -1 0 0 -1 0 0 -1 0 0 -1 0 -1 1.1209844723409E-15 0 -1 1.1209844723409E-15 0 -1 1.1209844723409E-15 0 -1 1.1209844723409E-15 0 -1 1.1209844723409E-15 0 -1 1.1209844723409E-15 0 -1 1.1209844723409E-15 0 -1 1.1209844723409E-15 0 -1 1.1209844723409E-15 0 -1 1.1209844723409E-15 0 -1 1.1209844723409E-15 0 -1 1.1209844723409E-15 0 -1 1.1209844723409E-15 0 -0.5 -0.866025388240814 0 -0.866025388240814 -0.5 0 -0.866025388240814 -0.5 0 -0.866025388240814 -0.5 0 -1 1.22464685258517E-16 0 -1 1.22464685258517E-16 0 -0.866025388240814 -0.5 0 -1 1.22464685258517E-16 0 -0.866025388240814 -0.5 0 -1 1.22464685258517E-16 0 -1 1.22464685258517E-16 0 -1 1.22464685258517E-16 0 -0.5 -0.866025388240814 0 -0.5 -0.866025388240814 0 -0.5 -0.866025388240814 0 -0.866025388240814 -0.5 0 -1.83697014652885E-16 -1 0 -0.5 -0.866025388240814 0 -0.5 -0.866025388240814 0 -1.83697014652885E-16 -1 0 -1.83697014652885E-16 -1 0 -1.83697014652885E-16 -1 0 -1.83697014652885E-16 -1 0 -1.83697014652885E-16 -1 0 0.5 -0.866025388240814 0 0.5 -0.866025388240814 0 0.5 -0.866025388240814 0 0.5 -0.866025388240814 0 0.5 -0.866025388240814 0 0.5 -0.866025388240814 0 0.866025388240814 -0.5 0 0.866025388240814 -0.5 0 0.866025388240814 -0.5 0 0.866025388240814 -0.5 0 0.866025388240814 -0.5 0 0.866025388240814 -0.5 0 1 -2.44929370517034E-16 0 1 -2.44929370517034E-16 0 1 -2.44929370517034E-16 0 1 -2.44929370517034E-16 0 1 -2.44929370517034E-16 0 1 -2.44929370517034E-16 0 2.48083816503815E-15 -1 0 -0.5 -0.866025388240814 0 -0.866025388240814 -0.5 0 -1 1.22464685258517E-16 0 0.866025388240814 -0.5 0 1 -2.44929370517034E-16 0 0.49973663687706 -0.866177380084991 0 0.504132211208344 -0.863626480102539 0 0.504132211208344 -0.863626480102539 0 2.48083816503815E-15 -1 0 1 0 -4.58201668135914E-15 0.866025388240814 -0.5 0 0.866025388240814 -0.5 0 -0.866025388240814 -0.5 0 -1 1.22464685258517E-16 0 -1 1.22464685258517E-16 0 -0.5 -0.866025388240814 0 -0.866025388240814 -0.5 0 5.14537363589676E-15 -1 0 -0.5 -0.866025388240814 0 0.5 -0.866025388240814 0 5.14537363589676E-15 -1 0 0.49973663687706 -0.866177380084991 0 0.504132211208344 -0.863626480102539 0 0.504132211208344 -0.863626480102539 0 5.73462311708253E-15 -1 0 1 -2.44929370517034E-16 0 1 0 0 1 0 0 1 0 0 1 0 0 1 0 0 1 0 0 1 0 0 1 0 0 1 0 0 1 0 0 1 0 0 1 0 0 1 0 0 1 0 0 1 0 0 1 0 0 1 0 0 0.882077515125275 0.471104294061661 0 0.939692616462708 0.342020153999329 0 0.939692616462708 0.342020153999329 0 0.766044437885284 0.642787635326385 0 0.939692616462708 0.342020153999329 0 1 0 0 1 0 0 0.939692616462708 0.342020153999329 0 0.882077515125275 0.471104294061661 0 1 0 0 0.5 0.866025388240814 0 0.5 0.866025388240814 0 0.766044437885284 0.642787635326385 0 0.5 0.866025388240814 0 0.766044437885284 0.642787635326385 0 0.5 0.866025388240814 0 0.766044437885284 0.642787635326385 0 0.5 0.866025388240814 0 0.766044437885284 0.642787635326385 0 0.5 0.866025388240814 0 0.939692616462708 0.342020153999329 0 0.939692616462708 0.342020153999329 0 0.939692616462708 0.342020153999329 0 0.766044437885284 0.642787635326385 0 0.939692616462708 0.342020153999329 0 1 0 0 1 0 0 1 0 0 1 0 0 1 0 0 0.5 -0.866025388240814 0 0.80901700258255 -0.587785243988037 0 0.5 -0.866025388240814 0 0.80901700258255 -0.587785243988037 0 0.978147625923157 -0.207911685109138 0 0.978147625923157 -0.207911685109138 0 0.80901700258255 0.587785243988037 0 0.5 0.866025388240814 0 0.5 0.866025388240814 0 0.978147625923157 0.207911685109138 0 0.80901700258255 0.587785243988037 0 0.5 0.866025388240814 0 0.5 0.866025388240814 0 0.5 0.866025388240814 0 0.5 0.866025388240814 0 0.978147625923157 0.207911685109138 0 0.939692616462708 -0.342020153999329 0 0.766044437885284 -0.642787635326385 0 0.766044437885284 -0.642787635326385 0 0.5 -0.866025388240814 0 0.5 -0.866025388240814 0 0.939692616462708 -0.342020153999329 0 1 -2.44929370517034E-16 0 1 -2.44929370517034E-16 0 1 0 0 1 0 0 1 0 0 1 0 0 1 0 0 1 0 0 1 0 0 1 0 0 0 1 0 0 1 0 0 1 0 0 1 0 3.74163271774766E-17 -1.2945698194277E-16 1 3.74163271774766E-17 -1.2945698194277E-16 1 3.74163271774766E-17 -1.2945698194277E-16 1 3.74163271774766E-17 -1.2945698194277E-16 1 0 -1 0 0 -1 0 0 -1 0 0 -1 0 -3.74163271774766E-17 1.2945698194277E-16 -1 -3.74163271774766E-17 1.2945698194277E-16 -1 -3.74163271774766E-17 1.2945698194277E-16 -1 -3.74163271774766E-17 1.2945698194277E-16 -1 1 0 0 1 0 0 1 0 0 1 0 0 9.98568932838499E-33 1 2.66880546982484E-16 9.98568932838499E-33 1 2.66880546982484E-16 9.98568932838499E-33 1 2.66880546982484E-16 9.98568932838499E-33 1 2.66880546982484E-16 3.74163271774766E-17 0 1 3.74163271774766E-17 0 1 3.74163271774766E-17 0 1 3.74163271774766E-17 0 1 -9.98568932838499E-33 -1 -2.66880546982484E-16 -9.98568932838499E-33 -1 -2.66880546982484E-16 -9.98568932838499E-33 -1 -2.66880546982484E-16 -9.98568932838499E-33 -1 -2.66880546982484E-16 -3.74163271774766E-17 0 -1 -3.74163271774766E-17 0 -1 -3.74163271774766E-17 0 -1 -3.74163271774766E-17 0 -1 0 0 -1 0 0 -1 0 0 -1 0 0 -1 0 0 -1 0 0 -1 0 0 -1 4.33680868994202E-15 1 0 4.33680868994202E-15 1 0 4.33680868994202E-15 1 0 4.33680868994202E-15 1 0 0 -1 0 0 -1 0 0 -1 0 0 -1 0 -1 -1.48266963193108E-16 0 -1 -1.48266963193108E-16 0 -1 -1.48266963193108E-16 0 -1 -1.48266963193108E-16 0 -1 -1.48266963193108E-16 0 -1 -1.48266963193108E-16 0 -1 -1.48266963193108E-16 0 -1 -1.48266963193108E-16 0 -1 -1.48266963193108E-16 0 -1 -1.48266963193108E-16 0 -1 -1.48266963193108E-16 0 -1 -1.48266963193108E-16 0 -1 -1.48266963193108E-16 0 -1 -1.48266963193108E-16 0 -1 -1.48266963193108E-16 0 -1 -1.48266963193108E-16 0 -1 -1.48266963193108E-16 0 -1 -1.48266963193108E-16 0 -1 -1.48266963193108E-16 0 -1 -1.48266963193108E-16 0 -1 -1.48266963193108E-16 0 -1 -1.48266963193108E-16 0 -1 -1.48266963193108E-16 0 -1 -1.48266963193108E-16 0 -1 -1.48266963193108E-16 0 -1 -1.48266963193108E-16 0 -1 -1.48266963193108E-16 0 -1 -1.48266963193108E-16 0 -1 -1.48266963193108E-16 0 -1 -1.48266963193108E-16 0 -1 -1.48266963193108E-16 0 -1 -1.48266963193108E-16 0 -1 -1.48266963193108E-16 0 -1 -1.48266963193108E-16 0 -1 -1.48266963193108E-16 0 -1 -1.48266963193108E-16 0 -1 -1.48266963193108E-16 0 -1 -1.48266963193108E-16 0 -1 -1.48266963193108E-16 0 -1 -1.48266963193108E-16 0 -1 -1.48266963193108E-16 0 -1 -1.48266963193108E-16 0 -1 -1.48266963193108E-16 0 -1 -1.48266963193108E-16 0 -1 -1.48266963193108E-16 0 -1 -1.48266963193108E-16 0 -1 -1.48266963193108E-16 0 -1 -1.48266963193108E-16 0 -1 -1.48266963193108E-16 0 -1 -1.48266963193108E-16 0 -1 -1.48266963193108E-16 0 -1 -1.48266963193108E-16 0 -1 -1.48266963193108E-16 0 -1 -1.48266963193108E-16 0 -1 -1.48266963193108E-16 0 -1 -1.48266963193108E-16 0 -1 -1.48266963193108E-16 0 -1 -1.48266963193108E-16 0 -1 -1.48266963193108E-16 0 -1 -1.48266963193108E-16 0 -1 -1.48266963193108E-16 0 -1 -1.48266963193108E-16 0 -1 -1.48266963193108E-16 0 -1 -1.48266963193108E-16 0 -1 -1.48266963193108E-16 0 -1 -1.48266963193108E-16 0 -1 -1.48266963193108E-16 0 -1 -1.48266963193108E-16 0 -1 -1.48266963193108E-16 0 -1 -1.48266963193108E-16 0 -1 -1.48266963193108E-16 0 -1 -1.48266963193108E-16 0 -1 -1.48266963193108E-16 0 -1 -1.48266963193108E-16 0 -1 -1.48266963193108E-16 0 -1 -1.48266963193108E-16 0 -1 -1.48266963193108E-16 0 -1 -1.48266963193108E-16 0 -1 -1.48266963193108E-16 0 -1 -1.48266963193108E-16 0 -1 -1.48266963193108E-16 0 -1 -1.48266963193108E-16 0 -1 -1.48266963193108E-16 0 -1 -1.48266963193108E-16 0 -1 -1.48266963193108E-16 0 -1 -1.48266963193108E-16 0 -1 -1.48266963193108E-16 0 -1 -1.48266963193108E-16 0 -1 -1.48266963193108E-16 0 -1 -1.48266963193108E-16 0 -1 -1.48266963193108E-16 0 -1 -1.48266963193108E-16 0 -1 -1.48266963193108E-16 0 -1 -1.48266963193108E-16 0 -1 -1.48266963193108E-16 0 -1 -1.48266963193108E-16 0 -1 -1.48266963193108E-16 0 -1 -1.48266963193108E-16 0 -1 -1.48266963193108E-16 0 -1 -1.48266963193108E-16 0 -1 -1.48266963193108E-16 0 -1 -1.48266963193108E-16 0 -1 -1.48266963193108E-16 0 -1 -1.48266963193108E-16 0 -1 -1.48266963193108E-16 0 -1 -1.48266963193108E-16 0 -1 -1.48266963193108E-16 0 -1 -1.48266963193108E-16 0 0 1 0 0 1 0 0 1 0 0 1 0 0 1 0 0 1 0 0 0 -1 0 0 -1 0 0 -1 0 0 -1 0 0 -1 0 0 -1 0 0 -1 0 0 -1 0 0 -1 0 0 -1 0 0 -1 0 0 -1 0 0 -1 0 0 -1 0 0 -1 0 0 -1 0 -1 0 0 -1 0 0 -1 0 0 -1 0 0 -1 0 0 -1 0 0 -1 0 0 -1 0 0 -1 0 0 -1 0 0 -1 0 0 -1 0 0 -1 0 0 -1 0 0 -1 0 0 -1 0 0 -1 0 0 -1 0 0 -1 0 0 -1 0 0 -1 0 0 -1 0 0 -1 0 -1 0 0 -0.903326988220215 -0.428952604532242 0 -1 0 0 -1 0 0 -1 0 0 -0.903326988220215 -0.428952604532242 0 -1 0 0 -1 0 0 -1 0 0 -1 0 0 -1 0 0 -0.631999313831329 -0.774968922138214 0 -0.631999313831329 -0.774968922138214 0 -0.23847708106041 -0.971148133277893 0 -0.23847708106041 -0.971148133277893 0 0 -1 0 0 -1 0 0 -1 0 0 -1 0 0 0 1 0 0 1 0 0 1 0 0 1 0 0 1 0 0 1 0 0 1 0 0 1 0 0 1 0 0 1 0 0 1 0 0 1 0 0 1 0 0 1 0 0 1 0 0 1 0 0 1 0 0 1 0 0 1 0 0 1 0 0 1 0 0 1 0 0 1 0 0 1 0 0 1 0 0 1 0 0 1 0 0 1 0 0 1 0 0 1 0 0 1 0 0 1 0 0 1 0 0 1 0 0 1 0 0 1 0 0 1 0 0 1 0 0 1 0 0 1 0 0 1 0 0 1 0 0 1 0 0 1 0 0 1 0 0 1 0 0 1 0 0 1 0 0 1 0 0 1 0 0 1 0 0 1 0 0 1 0 0 1 0 0 1 0 0 1 0 0 1 0 0 1 0 0 1 0 0 1 0 0 1 0 0 1 0 0 1 0 0 1 0 0 1 0 0 1 0 0 1 0 0 1 0 0 1 0 0 1 -0.939692616462708 -0.342020153999329 0 -0.939692616462708 -0.342020153999329 0 -0.939692616462708 -0.342020153999329 0 -0.939692616462708 -0.342020153999329 0 -0.342020153999329 0.939692616462708 0 -0.342020153999329 0.939692616462708 0 -0.342020153999329 0.939692616462708 0 -0.342020153999329 0.939692616462708 0 0 1 0 0 1 0 0 1 0 0 1 0 0 1 0 0 1 0 0 1 0 0 1 0 0 1 0 0 1 0 0 1 0 0 1 0 0 1 0 0 1 0 0 1 0 0 1 0 0 1 0 0 1 0 0 1 0 0 1 0 0 1 0 0 1 0 0 1 0 0 1 0 0 1 0 0 1 0 0 1 0 0 1 0 0 1 0 0 1 0 0 1 0 0 1 0 0 1 0 0 1 0 0 1 0 0 1 0 0 1 0 0 1 0 0 1 0 0 1 0 0 1 0 0 1 0 0 1 0 0 1 0 0 1 0 0 1 0 0 1 0 0 1 0 0 1 0 0 1 0 0 1 0 0 1 0 -1 0 0 -1 0 0 -1 0 0 -1 0 0 1 0 0 1 0 0 1 0 0 1 0 0 0.565650224685669 -0.824645280838013 0 0.884774029254913 -0.466020286083221 0 0.884774029254913 -0.466020286083221 0 -0.753349542617798 -0.657620310783386 0 -0.360079705715179 -0.932921528816223 0 -0.360079705715179 -0.932921528816223 0 0.116171188652515 -0.99322921037674 0 0.116171188652515 -0.99322921037674 0 0.565650224685669 -0.824645280838013 0 1 -2.44929370517034E-16 0 1 -2.44929370517034E-16 0 -0.753349542617798 -0.657620310783386 0 -0.973008513450623 -0.230769231915474 0 -0.973008513450623 -0.230769231915474 0 0 -1 0 0 -1 0 0 -1 0 0 -1 0 0 -1 0 0 -1 0 0 -1 0 0 -1 0 0 -1 0 0 -1 0 0 -1 0 0 -1 0 0 -1 0 0 -1 0 0 -1 0 0 -1 0 0 -1 0 0 -1 0 0 -1 0 0 -1 0 0 -1 0 0 -1 0 0 -1 0 0 -1 0 0 -1 0 0 -1 0 0 -1 0 0 -1 0 0 -1 0 0 -1 0 0 -1 0 0 -1 0 0 -1 0 0 -1 0 0 -1 0 0 -1 0 0 -1 0 0 -1 0 0 -1 0 0 -1 0 0 -1 0 0 -1 0 0 -1 0 0 -1 0 0 -1 0 0 -1 0 0 -1 0 0 -1 0 0 -1 0 0 -1 0 0 -1 0 0 -1 0 0.342020153999329 -0.939692616462708 0 0.342020153999329 -0.939692616462708 0 0.342020153999329 -0.939692616462708 0 0.342020153999329 -0.939692616462708 0 0 0 1 0 0 1 0 0 1 0 0 1 0 0 1 0 0 1 0 0 1 0 0 1 0 0 1 0 0 1 0 0 1 0 0 1 0 0 1 0 0 1 0 0 1 0 0 1 0 0 1 0.866025388240814 -1.03829258969763E-16 0.5 0.5 -5.99458517836118E-17 0.866025388240814 0.866025388240814 -1.03829258969763E-16 0.5 0.5 -5.99458517836118E-17 0.866025388240814 1.83697014652885E-16 -2.20237477122675E-32 1 1 -1.19891703567224E-16 -1.22464685258517E-16 1 -1.19891703567224E-16 -1.22464685258517E-16 0.866025388240814 -1.03829258969763E-16 -0.5 0.866025388240814 -1.03829258969763E-16 -0.5 1.83697014652885E-16 -2.20237477122675E-32 1 -0.5 5.99458517836118E-17 0.866025388240814 -0.5 5.99458517836118E-17 0.866025388240814 -0.866025388240814 1.03829258969763E-16 0.5 -0.866025388240814 1.03829258969763E-16 0.5 -1 1.19891703567224E-16 2.44929370517034E-16 -1 1.19891703567224E-16 2.44929370517034E-16 -0.866025388240814 1.03829258969763E-16 -0.5 -0.866025388240814 1.03829258969763E-16 -0.5 -0.5 5.99458517836118E-17 -0.866025388240814 -0.5 5.99458517836118E-17 -0.866025388240814 -2.832769343194E-16 3.39625532306384E-32 -1 -2.832769343194E-16 3.39625532306384E-32 -1 0.5 -5.99458517836118E-17 -0.866025388240814 0.5 -5.99458517836118E-17 -0.866025388240814 -0.866025388240814 1.03829258969763E-16 0.5 -0.5 5.99458517836118E-17 0.866025388240814 -0.866025388240814 1.03829258969763E-16 0.5 -0.5 5.99458517836118E-17 0.866025388240814 1.83697014652885E-16 -2.20237477122675E-32 1 1.83697014652885E-16 -2.20237477122675E-32 1 0.5 -5.99458517836118E-17 0.866025388240814 0.5 -5.99458517836118E-17 0.866025388240814 0.866025388240814 -1.03829258969763E-16 0.5 0.866025388240814 -1.03829258969763E-16 0.5 1 -1.19891703567224E-16 -1.22464685258517E-16 1 -1.19891703567224E-16 -1.22464685258517E-16 0.866025388240814 -1.03829258969763E-16 -0.5 0.866025388240814 -1.03829258969763E-16 -0.5 0.5 -5.99458517836118E-17 -0.866025388240814 0.5 -5.99458517836118E-17 -0.866025388240814 -2.832769343194E-16 3.39625532306384E-32 -1 -2.832769343194E-16 3.39625532306384E-32 -1 -0.5 5.99458517836118E-17 -0.866025388240814 -0.866025388240814 1.03829258969763E-16 -0.5 -1 1.19891703567224E-16 2.44929370517034E-16 -0.866025388240814 1.03829258969763E-16 -0.5 -1 1.19891703567224E-16 2.44929370517034E-16 -0.5 5.99458517836118E-17 -0.866025388240814 -0.5 5.99458517836118E-17 0.866025388240814 1.83697014652885E-16 -2.20237477122675E-32 1 -0.5 5.99458517836118E-17 0.866025388240814 1.83697014652885E-16 -2.20237477122675E-32 1 0.5 -5.99458517836118E-17 0.866025388240814 0.5 -5.99458517836118E-17 0.866025388240814 0.866025388240814 -1.03829258969763E-16 0.5 0.866025388240814 -1.03829258969763E-16 0.5 1 -1.19891703567224E-16 -1.22464685258517E-16 1 -1.19891703567224E-16 -1.22464685258517E-16 0.866025388240814 -1.03829258969763E-16 -0.5 0.866025388240814 -1.03829258969763E-16 -0.5 0.5 -5.99458517836118E-17 -0.866025388240814 0.5 -5.99458517836118E-17 -0.866025388240814 -2.832769343194E-16 3.39625532306384E-32 -1 -2.832769343194E-16 3.39625532306384E-32 -1 -0.5 5.99458517836118E-17 -0.866025388240814 -0.5 5.99458517836118E-17 -0.866025388240814 -0.866025388240814 1.03829258969763E-16 -0.5 -0.866025388240814 1.03829258969763E-16 0.5 -0.866025388240814 1.03829258969763E-16 0.5 -1 1.19891703567224E-16 2.44929370517034E-16 -0.866025388240814 1.03829258969763E-16 -0.5 -1 1.19891703567224E-16 2.44929370517034E-16 -0.5 5.99458517836118E-17 0.866025388240814 1.83697014652885E-16 -2.20237477122675E-32 1 -0.5 5.99458517836118E-17 0.866025388240814 1.83697014652885E-16 -2.20237477122675E-32 1 0.5 -5.99458517836118E-17 0.866025388240814 0.5 -5.99458517836118E-17 0.866025388240814 0.866025388240814 -1.03829258969763E-16 0.5 0.866025388240814 -1.03829258969763E-16 0.5 1 -1.19891703567224E-16 -5.665538686388E-16 1 -1.19891703567224E-16 -5.665538686388E-16 0.866025388240814 -1.03829258969763E-16 -0.5 0.866025388240814 -1.03829258969763E-16 -0.5 0.5 -5.99458517836118E-17 -0.866025388240814 0.5 -5.99458517836118E-17 -0.866025388240814 -2.832769343194E-16 3.39625532306384E-32 -1 -2.832769343194E-16 3.39625532306384E-32 -1 -0.5 5.99458517836118E-17 -0.866025388240814 -0.5 5.99458517836118E-17 -0.866025388240814 -0.866025388240814 1.03829258969763E-16 -0.5 -0.866025388240814 1.03829258969763E-16 -0.5 -1 1.19891703567224E-16 2.44929370517034E-16 -1 1.19891703567224E-16 2.44929370517034E-16 -0.866025388240814 1.03829258969763E-16 0.5 -0.866025388240814 1.03829258969763E-16 0.5 -1.48266963193108E-16 0.5 0.866025388240814 -1.81574659771764E-32 6.12323426292584E-17 1 -1.81574659771764E-32 6.12323426292584E-17 1 1.48266963193108E-16 -0.5 0.866025388240814 1.48266963193108E-16 -0.5 0.866025388240814 2.56805910638062E-16 -0.866025388240814 0.5 2.56805910638062E-16 -0.866025388240814 0.5 2.96533926386216E-16 -1 1.22464685258517E-16 2.96533926386216E-16 -1 1.22464685258517E-16 2.56805910638062E-16 -0.866025388240814 -0.5 2.56805910638062E-16 -0.866025388240814 -0.5 1.48266963193108E-16 -0.5 -0.866025388240814 1.48266963193108E-16 -0.5 -0.866025388240814 -2.56805910638062E-16 0.866025388240814 0.5 -1.48266963193108E-16 0.5 0.866025388240814 3.17847442342287E-31 -1.07187540788323E-15 -1 -1.48266963193108E-16 0.5 -0.866025388240814 -1.48266963193108E-16 0.5 -0.866025388240814 -2.56805910638062E-16 0.866025388240814 -0.5 -2.56805910638062E-16 0.866025388240814 -0.5 -2.96533926386216E-16 1 0 -2.96533926386216E-16 1 0 3.17847442342287E-31 -1.07187540788323E-15 -1 -2.56805910638062E-16 0.866025388240814 0.5 -1 -2.96533926386216E-16 0 -1 -2.96533926386216E-16 0 -1 -2.96533926386216E-16 0 -1 -2.96533926386216E-16 0 -1 -2.96533926386216E-16 0 -1 -2.96533926386216E-16 0 -1 -2.96533926386216E-16 0 -1 -2.96533926386216E-16 0 -1 -2.96533926386216E-16 0 -1 -2.96533926386216E-16 0 -1 -2.96533926386216E-16 0 -1 -2.96533926386216E-16 0 -1 -2.96533926386216E-16 0 -2.96533926386216E-16 1 0 -2.56805910638062E-16 0.866025388240814 -0.5 -2.56805910638062E-16 0.866025388240814 -0.5 -2.56805910638062E-16 0.866025388240814 0.5 -2.96533926386216E-16 1 0 -1.48266963193108E-16 0.5 0.866025388240814 -2.56805910638062E-16 0.866025388240814 0.5 -1.81574659771764E-32 6.12323426292584E-17 1 -1.48266963193108E-16 0.5 0.866025388240814 1.48266963193108E-16 -0.5 0.866025388240814 -1.81574659771764E-32 6.12323426292584E-17 1 2.56805910638062E-16 -0.866025388240814 0.5 1.48266963193108E-16 -0.5 0.866025388240814 2.96533926386216E-16 -1 1.22464685258517E-16 2.56805910638062E-16 -0.866025388240814 0.5 2.56805910638062E-16 -0.866025388240814 -0.5 2.96533926386216E-16 -1 1.22464685258517E-16 1.48266963193108E-16 -0.5 -0.866025388240814 2.56805910638062E-16 -0.866025388240814 -0.5 3.17847442342287E-31 -1.07187540788323E-15 -1 1.48266963193108E-16 -0.5 -0.866025388240814 -1.48266963193108E-16 0.5 -0.866025388240814 3.17847442342287E-31 -1.07187540788323E-15 -1 -1.48266963193108E-16 0.5 -0.866025388240814 -1 -2.96533926386216E-16 0 -1 -2.96533926386216E-16 0 -1 -2.96533926386216E-16 0 -1 -2.96533926386216E-16 0 -1 -2.96533926386216E-16 0 -1 -2.96533926386216E-16 0 -1 -2.96533926386216E-16 0 -1 -2.96533926386216E-16 0 -1 -2.96533926386216E-16 0 -1 -2.96533926386216E-16 0 -1 -2.96533926386216E-16 0 -1 -2.96533926386216E-16 0 -1 -2.96533926386216E-16 0 -2.56805910638062E-16 0.866025388240814 0.5 -2.96533926386216E-16 1 0 -2.96533926386216E-16 1 0 -1.48266963193108E-16 0.5 0.866025388240814 -2.56805910638062E-16 0.866025388240814 0.5 -1.81574659771764E-32 6.12323426292584E-17 1 -1.48266963193108E-16 0.5 0.866025388240814 1.48266963193108E-16 -0.5 0.866025388240814 -1.81574659771764E-32 6.12323426292584E-17 1 2.56805910638062E-16 -0.866025388240814 0.5 1.48266963193108E-16 -0.5 0.866025388240814 2.96533926386216E-16 -1 1.22464685258517E-16 2.56805910638062E-16 -0.866025388240814 0.5 2.56805910638062E-16 -0.866025388240814 -0.5 2.96533926386216E-16 -1 1.22464685258517E-16 1.48266963193108E-16 -0.5 -0.866025388240814 2.56805910638062E-16 -0.866025388240814 -0.5 3.17847442342287E-31 -1.07187540788323E-15 -1 1.48266963193108E-16 -0.5 -0.866025388240814 -1.48266963193108E-16 0.5 -0.866025388240814 3.17847442342287E-31 -1.07187540788323E-15 -1 -2.56805910638062E-16 0.866025388240814 -0.5 -1.48266963193108E-16 0.5 -0.866025388240814 -2.56805910638062E-16 0.866025388240814 -0.5 -1 -2.96533926386216E-16 0 -1 -2.96533926386216E-16 0 -1 -2.96533926386216E-16 0 -1 -2.96533926386216E-16 0 -1 -2.96533926386216E-16 0 -1 -2.96533926386216E-16 0 -1 -2.96533926386216E-16 0 -1 -2.96533926386216E-16 0 -1 -2.96533926386216E-16 0 -1 -2.96533926386216E-16 0 -1 -2.96533926386216E-16 0 -1 -2.96533926386216E-16 0 -1 -2.96533926386216E-16 0 2.56805910638062E-16 -0.866025388240814 0.5 2.96533926386216E-16 -1 1.22464685258517E-16 2.96533926386216E-16 -1 1.22464685258517E-16 -2.56805910638062E-16 0.866025388240814 0.5 -2.96533926386216E-16 1 0 -2.96533926386216E-16 1 0 -1.48266963193108E-16 0.5 0.866025388240814 -2.56805910638062E-16 0.866025388240814 0.5 -1.81574659771764E-32 6.12323426292584E-17 1 -1.48266963193108E-16 0.5 0.866025388240814 1.48266963193108E-16 -0.5 0.866025388240814 -1.81574659771764E-32 6.12323426292584E-17 1 2.56805910638062E-16 -0.866025388240814 0.5 1.48266963193108E-16 -0.5 0.866025388240814 2.56805910638062E-16 -0.866025388240814 -0.5 1.48266963193108E-16 -0.5 -0.866025388240814 2.56805910638062E-16 -0.866025388240814 -0.5 3.17847442342287E-31 -1.07187540788323E-15 -1 1.48266963193108E-16 -0.5 -0.866025388240814 -1.48266963193108E-16 0.5 -0.866025388240814 3.17847442342287E-31 -1.07187540788323E-15 -1 -2.56805910638062E-16 0.866025388240814 -0.5 -1.48266963193108E-16 0.5 -0.866025388240814 -2.56805910638062E-16 0.866025388240814 -0.5 -1 -2.96533926386216E-16 0 -1 -2.96533926386216E-16 0 -1 -2.96533926386216E-16 0 -1 -2.96533926386216E-16 0 -1 -2.96533926386216E-16 0 -1 -2.96533926386216E-16 0 -1 -2.96533926386216E-16 0 -1 -2.96533926386216E-16 0 -1 -2.96533926386216E-16 0 -1 -2.96533926386216E-16 0 -1 -2.96533926386216E-16 0 -1 -2.96533926386216E-16 0 -1 -2.96533926386216E-16 0 -2.56805910638062E-16 0.866025388240814 -0.5 -2.96533926386216E-16 1 0 -2.96533926386216E-16 1 0 -1.48266963193108E-16 0.5 -0.866025388240814 -2.56805910638062E-16 0.866025388240814 -0.5 3.17847442342287E-31 -1.07187540788323E-15 -1 -1.48266963193108E-16 0.5 -0.866025388240814 1.48266963193108E-16 -0.5 -0.866025388240814 3.17847442342287E-31 -1.07187540788323E-15 -1 2.56805910638062E-16 -0.866025388240814 -0.5 1.48266963193108E-16 -0.5 -0.866025388240814 2.56805910638062E-16 -0.866025388240814 0.5 2.96533926386216E-16 -1 1.22464685258517E-16 2.96533926386216E-16 -1 1.22464685258517E-16 1.48266963193108E-16 -0.5 0.866025388240814 2.56805910638062E-16 -0.866025388240814 0.5 1.13530055493519E-31 -3.82856880455694E-16 1 1.48266963193108E-16 -0.5 0.866025388240814 -1.48266963193108E-16 0.5 0.866025388240814 1.13530055493519E-31 -3.82856880455694E-16 1 -2.56805910638062E-16 0.866025388240814 0.5 -1.48266963193108E-16 0.5 0.866025388240814 -2.56805910638062E-16 0.866025388240814 0.5 2.56805910638062E-16 -0.866025388240814 -0.5 -1 -2.96533926386216E-16 0 -1 -2.96533926386216E-16 0 -1 -2.96533926386216E-16 0 -1 -2.96533926386216E-16 0 -1 -2.96533926386216E-16 0 -1 -2.96533926386216E-16 0 -1 -2.96533926386216E-16 0 -1 -2.96533926386216E-16 0 -1 -2.96533926386216E-16 0 -1 -2.96533926386216E-16 0 -1 -2.96533926386216E-16 0 -1 -2.96533926386216E-16 0 -1 -2.96533926386216E-16 0 -2.96533926386216E-16 1 0 -2.56805910638062E-16 0.866025388240814 0.5 -2.56805910638062E-16 0.866025388240814 0.5 -1.48266963193108E-16 0.5 0.866025388240814 -1.48266963193108E-16 0.5 0.866025388240814 1.13530055493519E-31 -3.82856880455694E-16 1 1.13530055493519E-31 -3.82856880455694E-16 1 1.48266963193108E-16 -0.5 0.866025388240814 1.48266963193108E-16 -0.5 0.866025388240814 2.56805910638062E-16 -0.866025388240814 0.5 2.56805910638062E-16 -0.866025388240814 0.5 2.96533926386216E-16 -1 1.22464685258517E-16 2.96533926386216E-16 -1 1.22464685258517E-16 2.56805910638062E-16 -0.866025388240814 -0.5 2.56805910638062E-16 -0.866025388240814 -0.5 1.48266963193108E-16 -0.5 -0.866025388240814 1.48266963193108E-16 -0.5 -0.866025388240814 3.17847442342287E-31 -1.07187540788323E-15 -1 3.17847442342287E-31 -1.07187540788323E-15 -1 -1.48266963193108E-16 0.5 -0.866025388240814 -1.48266963193108E-16 0.5 -0.866025388240814 -2.56805910638062E-16 0.866025388240814 -0.5 -2.56805910638062E-16 0.866025388240814 -0.5 -2.96533926386216E-16 1 0 -1 -2.96533926386216E-16 0 -1 -2.96533926386216E-16 0 -1 -2.96533926386216E-16 0 -1 -2.96533926386216E-16 0 -1 -2.96533926386216E-16 0 -1 -2.96533926386216E-16 0 -1 -2.96533926386216E-16 0 -1 -2.96533926386216E-16 0 -1 -2.96533926386216E-16 0 -1 -2.96533926386216E-16 0 -1 -2.96533926386216E-16 0 -1 -2.96533926386216E-16 0 -1 -2.96533926386216E-16 0 1 -2.44929370517034E-16 0 1 -2.44929370517034E-16 0 1 -2.44929370517034E-16 0 1 -2.44929370517034E-16 0 0 0 1 0 0 1 0 0 1 0 0 1 -1 0 0 -1 0 0 -1 0 0 -1 0 0 0 0 -1 0 0 -1 0 0 -1 0 0 -1 0 -1 0 0 -1 0 0 -1 0 0 -1 0 0 0 1 0 0 1 0 0 1 0 0 1 0 0 1 -1 0 0 -1 0 0 -1 0 0 -1 0 0 0 0 1 0 0 1 0 0 1 0 0 1 -1 0 0 -1 0 0 -1 0 0 -1 0 0 0 0 -1 0 0 -1 0 0 -1 0 0 -1 -1 0 0 -1 0 0 -1 0 0 -1 0 0 0 0 -1 0 0 -1 0 0 -1 0 0 -1 0 0 -1 0 -1 0 0 -1 0 0 -1 0 0 -1 0 0 -1 0 0 -1 0 0 -1 0 0 -1 0 -1 2.44929370517034E-16 0 -0.866025388240814 -0.5 0 -1 2.44929370517034E-16 0 -0.866025388240814 -0.5 0 -0.5 -0.866025388240814 0 -6.12323426292584E-17 -1 0 -0.5 -0.866025388240814 0 -6.12323426292584E-17 -1 0 0.5 -0.866025388240814 0 0.5 -0.866025388240814 0 0.866025388240814 -0.5 0 0.866025388240814 -0.5 0 1 -1.01064307848886E-15 0 1 -1.01064307848886E-15 0 0.866025388240814 0.5 0 0.866025388240814 0.5 0 0.5 0.866025388240814 0 0.5 0.866025388240814 0 1.07187540788323E-15 1 0 1.07187540788323E-15 1 0 -0.5 0.866025388240814 0 -0.5 0.866025388240814 0 -0.866025388240814 0.5 0 -0.866025388240814 0.5 0 0 0 1 0 0 1 0 0 1 0 0 1 0 0 1 0 0 1 0 0 1 0 0 1 0 0 1 0 0 1 0 0 1 0 0 1 0 0 1 -0.866025388240814 -0.5 0 -0.5 -0.866025388240814 0 -0.866025388240814 -0.5 0 0.866025388240814 0.5 0 0.5 0.866025388240814 0 0.866025388240814 0.5 0 0.5 0.866025388240814 0 1.07187540788323E-15 1 0 1.07187540788323E-15 1 0 -0.5 0.866025388240814 0 -0.5 0.866025388240814 0 -0.866025388240814 0.5 0 -0.866025388240814 0.5 0 -1 2.44929370517034E-16 0 0.866025388240814 -0.5 0 1 -1.22464685258517E-16 0 0.866025388240814 -0.5 0 0.5 -0.866025388240814 0 0.5 -0.866025388240814 0 -6.12323426292584E-17 -1 0 -6.12323426292584E-17 -1 0 -0.5 -0.866025388240814 0 -1 2.44929370517034E-16 0 1 -1.22464685258517E-16 0 0 0 1 0 0 1 0 0 1 0 0 1 0 0 1 0 0 1 0 0 1 0 0 1 0 0 1 0 0 1 0 0 1 0 0 1 0 0 1 -1 -2.78446781877241E-16 0 -1 -2.78446781877241E-16 0 -1 -2.78446781877241E-16 0 -1 -2.78446781877241E-16 0 -1.17369649731884E-16 1 0 -1.17369649731884E-16 1 0 -1.17369649731884E-16 1 0 -1.17369649731884E-16 1 0 -1.01801948521325E-31 8.67361737988404E-16 -1 -1.01801948521325E-31 8.67361737988404E-16 -1 -1.01801948521325E-31 8.67361737988404E-16 -1 -1.01801948521325E-31 8.67361737988404E-16 -1 1.17369649731884E-16 -1 0 1.17369649731884E-16 -1 0 1.17369649731884E-16 -1 0 1.17369649731884E-16 -1 0 -5.09009742606625E-32 4.33680868994202E-16 1 -5.09009742606625E-32 4.33680868994202E-16 1 -5.09009742606625E-32 4.33680868994202E-16 1 -5.09009742606625E-32 4.33680868994202E-16 1 -1 -5.56893590224263E-17 0 -1 -5.56893590224263E-17 0 -1 -5.56893590224263E-17 0 -1 -5.56893590224263E-17 0 -1 -5.56893590224263E-17 0 -1 -5.56893590224263E-17 0 -1 -5.56893590224263E-17 0 -1 -5.56893590224263E-17 0 -1 -5.56893590224263E-17 0 -1 -5.56893590224263E-17 0 -1 -5.56893590224263E-17 0 -1 -5.56893590224263E-17 0 -1 -5.56893590224263E-17 0 -1 -5.56893590224263E-17 0 -1 -5.56893590224263E-17 0 -1 -5.56893590224263E-17 0 -1 -5.56893590224263E-17 0 -1 -5.56893590224263E-17 0 -1 -5.56893590224263E-17 0 -1 -5.56893590224263E-17 0 -1 -5.56893590224263E-17 0 -1 -5.56893590224263E-17 0 -1 -5.56893590224263E-17 0 -1 -5.56893590224263E-17 0 -1 -5.56893590224263E-17 0 -1 -5.56893590224263E-17 0 -1 -5.56893590224263E-17 0 -1 -5.56893590224263E-17 0 -1 -5.56893590224263E-17 0 -1 -5.56893590224263E-17 0 -1 -5.56893590224263E-17 0 -1 -5.56893590224263E-17 0 -1 -5.56893590224263E-17 0 -1 -5.56893590224263E-17 0 -1 -5.56893590224263E-17 0 -1 -5.56893590224263E-17 0 -1 -5.56893590224263E-17 0 -1 -5.56893590224263E-17 0 -1 -5.56893590224263E-17 0 5.86848248659421E-17 -0.5 0.866025388240814 7.18681817729392E-33 -6.12323426292584E-17 1 7.18681817729392E-33 -6.12323426292584E-17 1 -5.86848248659421E-17 0.5 0.866025388240814 -5.86848248659421E-17 0.5 0.866025388240814 1.01645098488484E-16 -0.866025388240814 0.5 5.86848248659421E-17 -0.5 0.866025388240814 -1.01645098488484E-16 0.866025388240814 0.5 -1.01645098488484E-16 0.866025388240814 0.5 -1.17369649731884E-16 1 5.665538686388E-16 -1.17369649731884E-16 1 5.665538686388E-16 -1.01645098488484E-16 0.866025388240814 -0.5 -1.01645098488484E-16 0.866025388240814 -0.5 -5.86848248659421E-17 0.5 -0.866025388240814 -2.15604560012497E-32 1.83697014652885E-16 -1 -2.15604560012497E-32 1.83697014652885E-16 -1 5.86848248659421E-17 -0.5 -0.866025388240814 5.86848248659421E-17 -0.5 -0.866025388240814 1.01645098488484E-16 -0.866025388240814 -0.5 1.01645098488484E-16 -0.866025388240814 -0.5 1.17369649731884E-16 -1 0 1.17369649731884E-16 -1 0 -5.86848248659421E-17 0.5 -0.866025388240814 1.01645098488484E-16 -0.866025388240814 0.5 1.01645098488484E-16 -0.866025388240814 0.5 1.17369649731884E-16 -1 0 1.17369649731884E-16 -1 0 1.01645098488484E-16 -0.866025388240814 0.5 5.86848248659421E-17 -0.5 0.866025388240814 5.86848248659421E-17 -0.5 0.866025388240814 7.18681817729392E-33 -6.12323426292584E-17 1 7.18681817729392E-33 -6.12323426292584E-17 1 -5.86848248659421E-17 0.5 0.866025388240814 -5.86848248659421E-17 0.5 0.866025388240814 -1.01645098488484E-16 0.866025388240814 0.5 -1.01645098488484E-16 0.866025388240814 0.5 -1.17369649731884E-16 1 5.665538686388E-16 -1.17369649731884E-16 1 5.665538686388E-16 5.86848248659421E-17 -0.5 -0.866025388240814 -1.25805648959608E-31 1.07187540788323E-15 -1 -1.25805648959608E-31 1.07187540788323E-15 -1 -1.01645098488484E-16 0.866025388240814 -0.5 -1.01645098488484E-16 0.866025388240814 -0.5 -5.86848248659421E-17 0.5 -0.866025388240814 -5.86848248659421E-17 0.5 -0.866025388240814 5.86848248659421E-17 -0.5 -0.866025388240814 1.01645098488484E-16 -0.866025388240814 -0.5 1.01645098488484E-16 -0.866025388240814 -0.5 1.01645098488484E-16 -0.866025388240814 -0.5 1.17369649731884E-16 -1 0 1.17369649731884E-16 -1 0 -1.01645098488484E-16 0.866025388240814 -0.5 -5.86848248659421E-17 0.5 -0.866025388240814 -5.86848248659421E-17 0.5 -0.866025388240814 1.01645098488484E-16 -0.866025388240814 -0.5 5.86848248659421E-17 -0.5 -0.866025388240814 5.86848248659421E-17 -0.5 -0.866025388240814 -1.25805648959608E-31 1.07187540788323E-15 -1 -1.25805648959608E-31 1.07187540788323E-15 -1 -1.17369649731884E-16 1 5.665538686388E-16 -1.01645098488484E-16 0.866025388240814 -0.5 5.86848248659421E-17 -0.5 0.866025388240814 1.01645098488484E-16 -0.866025388240814 0.5 1.01645098488484E-16 -0.866025388240814 0.5 5.93094146564729E-32 -5.05321539244431E-16 1 5.86848248659421E-17 -0.5 0.866025388240814 -5.86848248659421E-17 0.5 0.866025388240814 5.93094146564729E-32 -5.05321539244431E-16 1 -1.01645098488484E-16 0.866025388240814 0.5 -5.86848248659421E-17 0.5 0.866025388240814 -1.17369649731884E-16 1 5.665538686388E-16 -1.01645098488484E-16 0.866025388240814 0.5 -1 -1.17369649731884E-16 0 -1 -1.17369649731884E-16 0 -1 -1.17369649731884E-16 0 -1 -1.17369649731884E-16 0 -1 -1.17369649731884E-16 0 -1 -1.17369649731884E-16 0 -1 -1.17369649731884E-16 0 -1 -1.17369649731884E-16 0 -1 -1.17369649731884E-16 0 -1 -1.17369649731884E-16 0 -1 -1.17369649731884E-16 0 -1 -1.17369649731884E-16 0 -1 -1.17369649731884E-16 0 -1 -1.17369649731884E-16 0 -1 -1.17369649731884E-16 0 -1 -1.17369649731884E-16 0 -1 -1.17369649731884E-16 0 -1 -1.17369649731884E-16 0 -1 -1.17369649731884E-16 0 -1 -1.17369649731884E-16 0 -1 -1.17369649731884E-16 0 -1 -1.17369649731884E-16 0 -1 -1.17369649731884E-16 0 -1 -1.17369649731884E-16 0 -1 -1.17369649731884E-16 0 -1 -1.17369649731884E-16 0 -1 -1.17369649731884E-16 0 -1 -1.17369649731884E-16 0 -1 -1.17369649731884E-16 0 -1 -1.17369649731884E-16 0 -1 -1.17369649731884E-16 0 -1 -1.17369649731884E-16 0 -1 -1.17369649731884E-16 0 -1 -1.17369649731884E-16 0 -1 -1.17369649731884E-16 0 -1 -1.17369649731884E-16 0 -1 -1.17369649731884E-16 0 -1 -1.17369649731884E-16 0 -1 -1.17369649731884E-16 0 -1 -1.17369649731884E-16 0 -1 -1.17369649731884E-16 0 -1 -1.17369649731884E-16 0 -1 -1.17369649731884E-16 0 -1 -1.17369649731884E-16 0 -5.09009742606625E-32 4.33680868994202E-16 1 -5.09009742606625E-32 4.33680868994202E-16 1 -5.09009742606625E-32 4.33680868994202E-16 1 -5.09009742606625E-32 4.33680868994202E-16 1 -1.17369649731884E-16 1 -8.85063006050344E-17 -1.17369649731884E-16 1 -8.85063006050344E-17 -1.17369649731884E-16 1 -8.85063006050344E-17 -1.17369649731884E-16 1 -8.85063006050344E-17 5.81725411725469E-32 -4.95635293976105E-16 -1 5.81725411725469E-32 -4.95635293976105E-16 -1 5.81725411725469E-32 -4.95635293976105E-16 -1 5.81725411725469E-32 -4.95635293976105E-16 -1 -1.17369649731884E-16 1 -8.85063006050344E-17 -1.17369649731884E-16 1 -8.85063006050344E-17 -1.17369649731884E-16 1 -8.85063006050344E-17 -1.17369649731884E-16 1 -8.85063006050344E-17 5.81725411725469E-32 -4.95635293976105E-16 -1 5.81725411725469E-32 -4.95635293976105E-16 -1 5.81725411725469E-32 -4.95635293976105E-16 -1 5.81725411725469E-32 -4.95635293976105E-16 -1 1.17369649731884E-16 -1 0 1.17369649731884E-16 -1 0 1.17369649731884E-16 -1 0 1.17369649731884E-16 -1 0 -2.51456902613707E-32 2.14243537359938E-16 1 -2.51456902613707E-32 2.14243537359938E-16 1 -2.51456902613707E-32 2.14243537359938E-16 1 -2.51456902613707E-32 2.14243537359938E-16 1 -1.17369649731884E-16 1 0 -1.17369649731884E-16 1 0 -1.17369649731884E-16 1 0 -1.17369649731884E-16 1 0 -1 -1.17369649731884E-16 0 -1 -1.17369649731884E-16 0 -1 -1.17369649731884E-16 0 -1 -1.17369649731884E-16 0 -1 -1.17369649731884E-16 0 -1 -1.17369649731884E-16 0 -1 -1.17369649731884E-16 0 -1 -1.17369649731884E-16 0 -1 -1.17369649731884E-16 0 -1 -1.17369649731884E-16 0 -1 -1.17369649731884E-16 0 -1 -1.17369649731884E-16 0 -1 -1.17369649731884E-16 0 -1.17369649731884E-16 1 0 -1.01645098488484E-16 0.866025388240814 -0.5 -1.17369649731884E-16 1 0 -1.01645098488484E-16 0.866025388240814 -0.5 -5.86848248659421E-17 0.5 -0.866025388240814 -5.86848248659421E-17 0.5 -0.866025388240814 -7.18681817729392E-33 6.12323426292584E-17 -1 -7.18681817729392E-33 6.12323426292584E-17 -1 -1.01645098488484E-16 0.866025388240814 0.5 5.86848248659421E-17 -0.5 -0.866025388240814 5.86848248659421E-17 -0.5 -0.866025388240814 -5.86848248659421E-17 0.5 0.866025388240814 1.25805648959608E-31 -1.07187540788323E-15 1 -5.86848248659421E-17 0.5 0.866025388240814 1.25805648959608E-31 -1.07187540788323E-15 1 5.86848248659421E-17 -0.5 0.866025388240814 1.01645098488484E-16 -0.866025388240814 -0.5 1.01645098488484E-16 -0.866025388240814 -0.5 -1.01645098488484E-16 0.866025388240814 0.5 5.86848248659421E-17 -0.5 0.866025388240814 1.01645098488484E-16 -0.866025388240814 0.5 1.01645098488484E-16 -0.866025388240814 0.5 1.17369649731884E-16 -1 -1.22464685258517E-16 1.17369649731884E-16 -1 -1.22464685258517E-16</float_array><technique_common><accessor count="1895" source="#bau0020305091-mesh-normals-array" stride="3"><param name="X" type="float" /><param name="Y" type="float" /><param name="Z" type="float" /></accessor></technique_common></source><vertices id="bau0020305091-mesh-vertices"><input semantic="POSITION" source="#bau0020305091-mesh-positions" /></vertices><triangles count="645" material="oriongreymatt-material"><input offset="0" semantic="VERTEX" source="#bau0020305091-mesh-vertices" /><input offset="1" semantic="NORMAL" source="#bau0020305091-mesh-normals" /><p>0 0 1 1 2 2 1 1 0 0 3 3 4 4 5 5 6 6 7 7 8 8 9 9 10 10 11 11 12 12 5 5 4 4 13 13 5 5 14 14 15 15 11 11 16 16 17 17 18 18 17 17 14 14 14 14 5 5 13 13 17 17 18 18 11 11 9 9 14 14 13 13 8 8 4 4 19 19 14 14 9 9 18 18 18 18 9 9 8 8 20 20 21 21 19 19 19 19 6 6 22 22 11 11 10 10 16 16 10 10 8 8 19 19 6 6 19 19 4 4 14 14 23 23 15 15 8 8 10 10 12 12 4 4 8 8 7 7 23 23 14 14 24 24 15 15 25 25 22 22 25 25 15 15 23 23 19 19 25 25 20 20 25 25 19 19 22 22 26 26 27 27 21 21 27 27 28 28 29 29 21 21 20 20 26 26 28 28 27 27 26 26 30 30 31 31 32 32 33 33 31 31 34 34 31 31 35 35 34 34 31 31 30 30 36 36 37 37 31 31 36 36 31 31 33 33 38 38 35 35 31 31 37 37 39 39 40 40 41 41 39 39 42 42 40 40 43 43 44 44 45 45 46 46 47 47 48 48 49 49 50 50 51 51 50 50 52 52 53 53 47 47 54 54 55 55 56 56 47 47 57 57 42 42 58 58 59 59 60 60 43 43 61 61 49 49 51 51 62 62 55 55 63 63 64 64 65 65 66 66 67 67 68 68 48 48 69 69 70 70 71 71 72 72 48 48 68 68 46 46 68 68 73 73 74 74 45 45 44 44 75 75 63 63 55 55 76 76 67 67 54 54 65 65 54 54 47 47 77 77 78 78 43 43 45 45 42 42 39 39 79 79 43 43 60 60 44 44 80 80 81 81 78 78 72 72 82 82 70 70 80 80 78 78 45 45 47 47 46 46 57 57 43 43 78 78 83 83 84 84 85 85 86 86 79 79 87 87 88 88 81 81 80 80 89 89 71 71 70 70 77 77 45 45 73 73 80 80 85 85 84 84 90 90 63 63 90 90 64 64 66 66 65 65 91 91 52 52 50 50 49 49 67 67 55 55 54 54 91 91 62 62 66 66 73 73 45 45 74 74 58 58 42 42 79 79 87 87 84 84 86 86 49 49 62 62 91 91 50 50 53 53 92 92 77 77 56 56 71 71 55 55 67 67 76 76 77 77 47 47 56 56 93 93 72 72 94 94 90 90 63 63 85 85 73 73 68 68 69 69 58 58 79 79 88 88 84 84 87 87 79 79 72 72 93 93 82 82 95 95 96 96 97 97 96 96 98 98 99 99 96 96 95 95 100 100 98 98 96 96 100 100 101 101 102 102 103 103 102 102 101 101 104 104 102 102 105 105 106 106 105 105 102 102 104 104 107 107 108 108 109 109 108 108 107 107 110 110 111 111 112 112 113 113 112 112 111 111 114 114 115 115 116 116 117 117 118 118 116 116 115 115 116 116 118 118 119 119 120 120 121 121 122 122 121 121 123 123 124 124 125 125 126 126 127 127 127 127 120 120 125 125 123 123 121 121 128 128 122 122 125 125 120 120 120 120 127 127 129 129 121 121 120 120 128 128 125 125 130 130 131 131 125 125 132 132 126 126 133 133 125 125 122 122 132 132 125 125 134 134 125 125 135 135 130 130 125 125 133 133 135 135 136 136 137 137 138 138 137 137 136 136 139 139 140 140 139 139 141 141 137 137 139 139 140 140 142 142 143 143 144 144 145 145 142 142 144 144 143 143 142 142 146 146 142 142 145 145 147 147 148 148 149 149 150 150 151 151 149 149 148 148 149 149 151 151 152 152 153 153 154 154 155 155 154 154 153 153 156 156 157 157 158 158 159 159 160 160 161 161 162 162 163 163 157 157 159 159 157 157 163 163 164 164 158 158 157 157 165 165 166 166 161 161 167 167 165 165 157 157 166 166 161 161 166 166 157 157 161 161 160 160 168 168 167 167 161 161 168 168 169 169 170 170 171 171 170 170 169 169 172 172 173 173 174 174 175 175 174 174 173 173 176 176 177 177 173 173 178 178 173 173 177 177 176 176 179 179 180 180 181 181 180 180 179 179 182 182 183 183 184 184 185 185 186 186 187 187 188 188 185 185 184 184 189 189 184 184 183 183 190 190 191 191 187 187 192 192 187 187 186 186 189 189 193 193 194 194 195 195 188 188 187 187 191 191 189 189 184 184 187 187 195 195 194 194 187 187 194 194 193 193 196 196 197 197 196 196 193 193 196 196 197 197 198 198 198 198 197 197 199 199 192 192 187 187 194 194 200 200 201 201 202 202 203 203 204 204 205 205 203 203 206 206 204 204 205 205 202 202 201 201 202 202 205 205 204 204 206 206 203 203 207 207 201 201 200 200 208 208 209 209 210 210 211 211 212 212 213 213 209 209 214 214 212 212 215 215 213 213 212 212 214 214 211 211 216 216 217 217 216 216 211 211 210 210 210 210 209 209 213 213 218 218 219 219 220 220 221 221 222 222 223 223 224 224 225 225 218 218 225 225 224 224 226 226 219 219 218 218 225 225 222 222 220 220 219 219 220 220 222 222 221 221 227 227 228 228 229 229 230 230 231 231 227 227 231 231 230 230 232 232 232 232 233 233 234 234 228 228 227 227 231 231 233 233 232 232 230 230 235 235 236 236 237 237 238 238 239 239 235 235 236 236 235 235 239 239 239 239 238 238 240 240 240 240 241 241 242 242 241 241 240 240 238 238 243 243 244 244 245 245 244 244 243 243 246 246 243 243 245 245 247 247 248 248 249 249 250 250 249 249 248 248 251 251 252 252 253 253 254 254 255 255 252 252 256 256 253 253 252 252 257 257 252 252 258 258 257 257 252 252 255 255 258 258 259 259 260 260 261 261 260 260 259 259 262 262 259 259 261 261 263 263 264 264 265 265 266 266 265 265 264 264 267 267 268 268 269 269 270 270 269 269 268 268 271 271 272 272 273 273 274 274 275 275 272 272 276 276 273 273 272 272 275 275 277 277 274 274 278 278 277 277 278 278 279 279 274 274 277 277 272 272 276 276 272 272 280 280 281 281 282 282 283 283 282 282 281 281 284 284 284 284 285 285 282 282 285 285 284 284 286 286 287 287 288 288 289 289 290 290 291 291 292 292 290 290 292 292 293 293 294 294 293 293 295 295 295 295 292 292 296 296 287 287 294 294 297 297 290 290 298 298 291 291 299 299 287 287 300 300 294 294 289 289 293 293 301 301 297 297 294 294 298 298 290 290 302 302 287 287 299 299 288 288 297 297 303 303 304 304 292 292 295 295 293 293 294 294 287 287 289 289 303 303 297 297 301 301 305 305 306 306 307 307 306 306 305 305 308 308 309 309 310 310 311 311 311 311 310 310 312 312 310 310 309 309 313 313 314 314 315 315 316 316 315 315 314 314 317 317 318 318 319 319 320 320 319 319 318 318 321 321 322 322 323 323 324 324 323 323 322 322 325 325 326 326 327 327 328 328 327 327 326 326 329 329 330 330 331 331 332 332 331 331 330 330 333 333 334 334 335 335 336 336 335 335 334 334 337 337 338 338 339 339 340 340 339 339 338 338 341 341 342 342 343 343 344 344 343 343 342 342 345 345 346 346 347 347 348 348 347 347 346 346 349 349 350 350 351 351 352 352 351 351 350 350 353 353 354 354 355 355 356 356 355 355 354 354 357 357 358 358 359 359 360 360 359 359 358 358 361 361 362 362 363 363 364 364 363 363 362 362 365 365 366 366 367 367 368 368 367 367 366 366 369 369 370 370 371 371 372 372 371 371 370 370 373 373 374 374 375 375 376 376 375 375 374 374 377 377 378 378 379 379 380 380 379 379 378 378 381 381 382 382 383 383 384 384 383 383 382 382 385 385 386 386 387 387 388 388 387 387 386 386 389 389 390 390 391 391 392 392 391 391 393 393 394 394 393 393 391 391 390 390 395 395 396 396 397 397 398 398 395 395 399 399 395 395 398 398 396 396 400 400 401 401 402 402 401 401 400 400 403 403 404 404 405 405 406 406 405 405 404 404 407 407 404 404 408 408 407 407 408 408 400 400 409 409 404 404 403 403 408 408 403 403 404 404 410 410 400 400 408 408 403 403 411 411 412 412 413 413 412 412 411 411 414 414 415 415 416 416 417 417 417 417 418 418 419 419 419 419 420 420 421 421 416 416 415 415 422 422 418 418 417 417 416 416 420 420 419 419 418 418 423 423 424 424 425 425 424 424 423 423 426 426 427 427 428 428 429 429 429 429 430 430 431 431 432 432 433 433 434 434 430 430 429 429 428 428 433 433 432 432 427 427 428 428 427 427 432 432 435 435 436 436 437 437 435 435 438 438 439 439 438 438 435 435 437 437 438 438 440 440 441 441 440 440 438 438 437 437 436 436 435 435 442 442 443 443 444 444 445 445 444 444 443 443 446 446 446 446 447 447 448 448 448 448 449 449 450 450 447 447 446 446 443 443 449 449 448 448 447 447 451 451 452 452 453 453 454 454 455 455 452 452 456 456 457 457 458 458 459 459 460 460 456 456 452 452 451 451 454 454 452 452 461 461 453 453 457 457 461 461 458 458 462 462 463 463 464 464 465 465 460 460 466 466 467 467 460 460 468 468 460 460 459 459 469 469 460 460 469 469 468 468 461 461 457 457 470 470 451 451 457 457 454 454 460 460 465 465 456 456 462 462 471 471 472 472 460 460 455 455 473 473 457 457 451 451 470 470 457 457 456 456 465 465 473 473 474 474 475 475 476 476 458 458 477 477 464 464 458 458 462 462 456 456 458 458 476 476 455 455 471 471 462 462 478 478 462 462 472 472 458 458 464 464 477 477 461 461 452 452 458 458 455 455 454 454 474 474 460 460 467 467 455 455 471 471 455 455 467 467 474 474 473 473 455 455 463 463 462 462 478 478 479 479 480 480 481 481 482 482 483 483 484 484 485 485 486 486 482 482 486 486 485 485 487 487 484 484 488 488 489 489 483 483 482 482 486 486 488 488 484 484 483 483 490 490 491 491 492 492 491 491 490 490 493 493 494 494 495 495 496 496 497 497 498 498 499 499 500 500 494 494 501 501 497 497 501 501 498 498 494 494 500 500 495 495 496 496 502 502 494 494 501 501 497 497 500 500 502 502 496 496 503 503 504 504 505 505 506 506 507 507 508 508 509 509 505 505 507 507 510 510 505 505 504 504 508 508 510 510 507 507 511 511 507 507 505 505 508 508 512 512 513 513 514 514 515 515 516 516 517 517 516 516 515 515 518 518 517 517 513 513 512 512 513 513 517 517 516 516 519 519 520 520 521 521 520 520 519 519 522 522 523 523 524 524 525 525 526 526 523 523 527 527 524 524 523 523 528 528 528 528 523 523 526 526 529 529 530 530 531 531 530 530 532 532 533 533 534 534 533 533 535 535 536 536 537 537 534 534 533 533 534 534 537 537 533 533 538 538 535 535 536 536 532 532 539 539 539 539 531 531 536 536 532 532 536 536 538 538 538 538 533 533 532 532 530 530 529 529 540 540 531 531 539 539 529 529 532 532 530 530 540 540 537 537 536 536 531 531 541 541 542 542 543 543 541 541 544 544 545 545 541 541 545 545 542 542 544 544 541 541 546 546 547 547 548 548 549 549 548 548 547 547 550 550 551 551 552 552 553 553 554 554 555 555 556 556 555 555 554 554 557 557 558 558 559 559 560 560 557 557 559 559 558 558 556 556 555 555 551 551 559 559 557 557 554 554 552 552 551 551 555 555 561 561 562 562 563 563 564 564 565 565 566 566 562 562 561 561 567 567 565 565 564 564 568 568 567 567 564 564 562 562 564 564 567 567 568 568 569 569 570 570 571 571 572 572 573 573 574 574 574 574 571 571 570 570 570 570 569 569 575 575 573 573 572 572 576 576 571 571 574 574 573 573 577 577 578 578 579 579 578 578 577 577 580 580 581 581 582 582 583 583 582 582 581 581 584 584 585 585 586 586 587 587 586 586 585 585 584 584 584 584 581 581 586 586 588 588 589 589 590 590 589 589 588 588 591 591 592 592 593 593 594 594 595 595 596 596 597 597 596 596 595 595 598 598 597 597 596 596 599 599 593 593 592 592 600 600 598 598 600 600 596 596 599 599 596 596 601 601 600 600 598 598 593 593 598 598 602 602 603 603 601 601 596 596 604 604 602 602 598 598 595 595 605 605 606 606 607 607 608 608 609 609 610 610 611 611 610 610 612 612 613 613 612 612 614 614 606 606 614 614 615 615 607 607 615 615 616 616 617 617 611 611 613 613 618 618 608 608 611 611 619 619 620 620 608 608 621 621 622 622 605 605 615 615 607 607 606 606 614 614 606 606 613 613 612 612 613 613 611 611 610 610 611 611 608 608 609 609 608 608 620 620 606 606 605 605 622 622 613 613 622 622 617 617 611 611 617 617 618 618 608 608 618 618 619 619 620 620 619 619 623 623 622 622 621 621 624 624 622 622 613 613 606 606 618 618 625 625 626 626 619 619 626 626 627 627 623 623 627 627 628 628 624 624 629 629 630 630 625 625 630 630 631 631 626 626 631 631 632 632 627 627 632 632 633 633 628 628 633 633 634 634 630 630 635 635 636 636 631 631 636 636 637 637 632 632 637 637 638 638 633 633 638 638 639 639 634 634 639 639 640 640 636 636 641 641 642 642 637 637 642 642 643 643 638 638 643 643 644 644 639 639 644 644 645 645 640 640 645 645 646 646 634 634 647 647 628 628 648 648 628 628 647 647 649 649 623 623 648 648 650 650 620 620 649 649 651 651 646 646 652 652 653 653 654 654 655 655 640 640 654 654 634 634 654 654 640 640 651 651 654 654 653 653 634 634 646 646 651 651 640 640 620 620 650 650 609 609 623 623 649 649 620 620 628 628 648 648 623 623 647 647 653 653 656 656 647 647 634 634 653 653 645 645 640 640 639 639 644 644 639 639 638 638 643 643 638 638 637 637 642 642 637 637 636 636 641 641 636 636 635 635 639 639 634 634 633 633 638 638 633 633 632 632 637 637 632 632 631 631 636 636 631 631 630 630 635 635 630 630 629 629 633 633 628 628 627 627 632 632 627 627 626 626 631 631 626 626 625 625 630 630 625 625 624 624 629 629 624 624 621 621 627 627 623 623 619 619 626 626 619 619 618 618 625 625 618 618 617 617 624 624 617 617 622 622 617 617 624 624 625 625 657 657 658 658 659 659 660 660 661 661 662 662 663 663 664 664 660 660 665 665 666 666 663 663 665 665 667 667 668 668 667 667 665 665 669 669 670 670 667 667 669 669 667 667 670 670 658 658 658 658 670 670 659 659 670 670 669 669 671 671 669 669 665 665 672 672 666 666 665 665 668 668 664 664 663 663 666 666 661 661 660 660 664 664 658 658 657 657 673 673 674 674 675 675 676 676 677 677 678 678 675 675 679 679 680 680 681 681 679 679 681 681 682 682 682 682 683 683 684 684 683 683 682 682 681 681 676 676 683 683 674 674 683 683 676 676 684 684 678 678 677 677 685 685 680 680 679 679 686 686 675 675 674 674 677 677 687 687 688 688 689 689 688 688 687 687 690 690 691 691 692 692 693 693 692 692 691 691 694 694 695 695 696 696 697 697 696 696 695 695 698 698 695 695 699 699 698 698 700 700 693 693 692 692 694 694 701 701 702 702 703 703 704 704 701 701 705 705 706 706 704 704 707 707 708 708 706 706 709 709 710 710 708 708 695 695 705 705 703 703 711 711 707 707 705 705 712 712 709 709 707 707 713 713 714 714 709 709 697 697 711 711 695 695 715 715 716 716 717 717 713 713 718 718 716 716 712 712 719 719 718 718 711 711 697 697 719 719 714 714 713 713 715 715 709 709 712 712 713 713 707 707 711 711 712 712 705 705 695 695 711 711 710 710 709 709 714 714 708 708 707 707 709 709 706 706 705 705 707 707 704 704 703 703 705 705 701 701 694 694 703 703 693 693 700 700 720 720 699 699 695 695 703 703 691 691 703 703 694 694 716 716 715 715 713 713 718 718 713 713 712 712 719 719 712 712 711 711 703 703 691 691 699 699 721 721 722 722 723 723 722 722 721 721 724 724 725 725 724 724 726 726 727 727 728 728 729 729 724 724 725 725 722 722 727 727 730 730 731 731 732 732 731 731 733 733 728 728 731 731 732 732 727 727 734 734 735 735 734 734 727 727 729 729 736 736 726 726 730 730 730 730 727 727 736 736 726 726 736 736 725 725 728 728 727 727 731 731 737 737 738 738 739 739 739 739 740 740 741 741 740 740 739 739 738 738 738 738 737 737 742 742 743 743 742 742 737 737 742 742 743 743 744 744 745 745 746 746 747 747 746 746 745 745 748 748 749 749 750 750 751 751 750 750 749 749 752 752 753 753 754 754 755 755 754 754 753 753 756 756 757 757 758 758 759 759 758 758 757 757 760 760 761 761 762 762 763 763 762 762 761 761 764 764 765 765 766 766 767 767 766 766 765 765 768 768 769 769 770 770 771 771 770 770 769 769 772 772 773 773 774 774 775 775 774 774 773 773 776 776 777 777 778 778 779 779 778 778 777 777 780 780 781 781 782 782 783 783 782 782 781 781 784 784 785 785 786 786 787 787 786 786 785 785 788 788 789 789 790 790 791 791 792 792 793 793 794 794 790 790 789 789 795 795 792 792 791 791 793 793 791 791 792 792 789 789 796 796 797 797 798 798 797 797 796 796 799 799</p></triangles><triangles count="1039" material="zincplated-material"><input offset="0" semantic="VERTEX" source="#bau0020305091-mesh-vertices" /><input offset="1" semantic="NORMAL" source="#bau0020305091-mesh-normals" /><p>800 800 801 801 802 802 801 801 800 800 803 803 804 804 805 805 806 806 806 806 807 807 804 804 808 808 809 809 810 810 810 810 811 811 812 812 813 813 814 814 815 815 815 815 816 816 817 817 818 818 819 819 820 820 820 820 821 821 822 822 823 823 824 824 825 825 826 826 824 824 827 827 828 828 829 829 830 830 805 805 831 831 813 813 832 832 813 813 833 833 829 829 815 815 834 834 828 828 835 835 836 836 831 831 805 805 837 837 814 814 813 813 832 832 829 829 828 828 815 815 835 835 828 828 830 830 805 805 836 836 838 838 836 836 805 805 828 828 818 818 839 839 840 840 818 818 817 817 839 839 815 815 841 841 842 842 817 817 818 818 815 815 828 828 843 843 844 844 816 816 815 815 842 842 845 845 846 846 847 847 828 828 841 841 815 815 846 846 818 818 840 840 845 845 848 848 828 828 841 841 828 828 844 844 846 846 845 845 818 818 849 849 845 845 847 847 850 850 851 851 852 852 824 824 823 823 851 851 824 824 826 826 853 853 854 854 820 820 850 850 852 852 851 851 855 855 824 824 853 853 825 825 820 820 854 854 821 821 851 851 823 823 855 855 856 856 827 827 857 857 822 822 827 827 820 820 851 851 850 850 820 820 827 827 822 822 857 857 827 827 856 856 826 826 858 858 845 845 851 851 859 859 828 828 805 805 860 860 845 845 861 861 858 858 851 851 862 862 851 851 863 863 864 864 819 819 818 818 865 865 866 866 818 818 860 860 861 861 845 845 867 867 868 868 815 815 814 814 813 813 831 831 833 833 851 851 864 864 862 862 818 818 866 866 865 865 845 845 858 858 867 867 869 869 820 820 870 870 845 845 860 860 818 818 815 815 868 868 834 834 805 805 838 838 837 837 871 871 805 805 872 872 873 873 805 805 813 813 874 874 813 813 875 875 876 876 806 806 877 877 878 878 806 806 871 871 872 872 805 805 879 879 813 813 874 874 873 873 812 812 813 813 810 810 811 811 810 810 880 880 806 806 876 876 810 810 870 870 820 820 819 819 820 820 869 869 863 863 848 848 845 845 849 849 881 881 851 851 845 845 882 882 824 824 851 851 883 883 884 884 824 824 805 805 871 871 806 806 885 885 886 886 887 887 888 888 885 885 887 887 885 885 888 888 889 889 824 824 890 890 827 827 890 890 824 824 884 884 827 827 886 886 891 891 886 886 827 827 890 890 886 886 885 885 891 891 884 884 883 883 892 892 824 824 882 882 883 883 851 851 881 881 882 882 893 893 807 807 894 894 807 807 893 893 895 895 843 843 828 828 848 848 828 828 859 859 896 896 845 845 896 896 881 881 863 863 851 851 820 820 896 896 845 845 828 828 807 807 806 806 894 894 813 813 812 812 875 875 810 810 876 876 880 880 805 805 873 873 879 879 806 806 878 878 877 877 897 897 894 894 898 898 899 899 894 894 806 806 898 898 894 894 900 900 899 899 806 806 901 901 902 902 806 806 810 810 809 809 808 808 903 903 904 904 808 808 897 897 894 894 899 899 900 900 806 806 902 902 905 905 808 808 904 904 903 903 806 806 905 905 901 901 906 906 810 810 907 907 894 894 897 897 808 808 907 907 810 810 809 809 810 810 906 906 902 902 805 805 804 804 859 859 908 908 909 909 910 910 909 909 908 908 911 911 912 912 913 913 914 914 913 913 912 912 915 915 913 913 916 916 914 914 916 916 913 913 917 917 918 918 919 919 920 920 921 921 922 922 923 923 924 924 925 925 926 926 922 922 920 920 927 927 927 927 928 928 929 929 930 930 928 928 931 931 928 928 930 930 932 932 919 919 918 918 933 933 925 925 924 924 922 922 928 928 927 927 931 931 923 923 927 927 929 929 920 920 922 922 918 918 927 927 923 923 922 922 922 922 921 921 925 925 934 934 935 935 936 936 936 936 935 935 937 937 937 937 935 935 938 938 939 939 940 940 934 934 938 938 941 941 942 942 940 940 939 939 943 943 944 944 939 939 945 945 941 941 938 938 935 935 941 941 946 946 947 947 946 946 948 948 949 949 939 939 944 944 943 943 946 946 941 941 945 945 942 942 941 941 950 950 948 948 946 946 945 945 949 949 951 951 952 952 951 951 953 953 954 954 945 945 935 935 944 944 954 954 953 953 955 955 950 950 941 941 956 956 951 951 949 949 948 948 953 953 951 951 948 948 935 935 934 934 940 940 935 935 945 945 941 941 957 957 958 958 959 959 958 958 957 957 960 960 961 961 958 958 962 962 958 958 961 961 963 963 958 958 963 963 964 964 961 961 962 962 965 965 965 965 962 962 966 966 966 966 962 962 967 967 959 959 958 958 964 964 962 962 968 968 969 969 969 969 970 970 971 971 970 970 969 969 968 968 968 968 962 962 958 958 972 972 973 973 974 974 973 973 972 972 975 975 976 976 977 977 978 978 979 979 980 980 981 981 982 982 979 979 983 983 984 984 985 985 986 986 987 987 988 988 989 989 990 990 991 991 992 992 993 993 994 994 995 995 996 996 994 994 997 997 998 998 999 999 1000 1000 988 988 987 987 1001 1001 1002 1002 987 987 989 989 985 985 1003 1003 1004 1004 1005 1005 979 979 1006 1006 1007 1007 980 980 1008 1008 976 976 1009 1009 977 977 1010 1010 976 976 978 978 1011 1011 1012 1012 1013 1013 987 987 1002 1002 1003 1003 985 985 984 984 1003 1003 980 980 979 979 1005 1005 980 980 1007 1007 981 981 1009 1009 976 976 1014 1014 1011 1011 1015 1015 1012 1012 999 999 1011 1011 1016 1016 1017 1017 1018 1018 1019 1019 1020 1020 1013 1013 1021 1021 1022 1022 1023 1023 1024 1024 1013 1013 1020 1020 1011 1011 1025 1025 1026 1026 1027 1027 1018 1018 1017 1017 1025 1025 1028 1028 976 976 1029 1029 992 992 983 983 990 990 1007 1007 1008 1008 984 984 1030 1030 983 983 979 979 1009 1009 1031 1031 1032 1032 1033 1033 1034 1034 1035 1035 999 999 998 998 1022 1022 1011 1011 999 999 1015 1015 999 999 1016 1016 1036 1036 1035 1035 1034 1034 1009 1009 987 987 994 994 1001 1001 1020 1020 1019 1019 1011 1011 983 983 1037 1037 993 993 997 997 1022 1022 1024 1024 1026 1026 1025 1025 1017 1017 991 991 976 976 1028 1028 983 983 992 992 1038 1038 984 984 986 986 1007 1007 1003 1003 1039 1039 1010 1010 1037 1037 983 983 1030 1030 1031 1031 1009 1009 1014 1014 999 999 1040 1040 1000 1000 1023 1023 1022 1022 998 998 1022 1022 997 997 994 994 994 994 996 996 995 995 991 991 990 990 1041 1041 1003 1003 1002 1002 1004 1004 979 979 982 982 1006 1006 1039 1039 1003 1003 984 984 1029 1029 1010 1010 1039 1039 994 994 987 987 1042 1042 1017 1017 1019 1019 1020 1020 983 983 1038 1038 982 982 1009 1009 1043 1043 1035 1035 1034 1034 1033 1033 1044 1044 1009 1009 1032 1032 1043 1043 976 976 1010 1010 1029 1029 991 991 1041 1041 976 976 1025 1025 1027 1027 1045 1045 994 994 993 993 1037 1037 999 999 1036 1036 1040 1040 1001 1001 994 994 1037 1037 1046 1046 1047 1047 1048 1048 1047 1047 1046 1046 1049 1049 1050 1050 1051 1051 1052 1052 1051 1051 1050 1050 1053 1053 1054 1054 1055 1055 1056 1056 1057 1057 1058 1058 1059 1059 1054 1054 1060 1060 1061 1061 1062 1062 1063 1063 1064 1064 1058 1058 1057 1057 1062 1062 1064 1064 1065 1065 1066 1066 1055 1055 1057 1057 1059 1059 1067 1067 1068 1068 1069 1069 1057 1057 1054 1054 1061 1061 1070 1070 1071 1071 1072 1072 1073 1073 1074 1074 1054 1054 1060 1060 1054 1054 1074 1074 1063 1063 1062 1062 1057 1057 1065 1065 1064 1064 1063 1063 1071 1071 1075 1075 1067 1067 1068 1068 1067 1067 1075 1075 1076 1076 1067 1067 1069 1069 1057 1057 1055 1055 1054 1054 1075 1075 1071 1071 1070 1070 1077 1077 1064 1064 1066 1066 1073 1073 1078 1078 1079 1079 1080 1080 1067 1067 1076 1076 1054 1054 1067 1067 1080 1080 1081 1081 1082 1082 1083 1083 1084 1084 1064 1064 1077 1077 1085 1085 1078 1078 1073 1073 1086 1086 1073 1073 1079 1079 1067 1067 1054 1054 1056 1056 1087 1087 1082 1082 1081 1081 1085 1085 1064 1064 1084 1084 1088 1088 1085 1085 1089 1089 1078 1078 1085 1085 1084 1084 1074 1074 1073 1073 1086 1086 1090 1090 1091 1091 1092 1092 1064 1064 1085 1085 1088 1088 1093 1093 1090 1090 1092 1092 1082 1082 1091 1091 1090 1090 1054 1054 1082 1082 1090 1090 1085 1085 1094 1094 1095 1095 1082 1082 1054 1054 1080 1080 1091 1091 1082 1082 1087 1087 1094 1094 1090 1090 1093 1093 1096 1096 1085 1085 1095 1095 1094 1094 1085 1085 1090 1090 1070 1070 1097 1097 1098 1098 1099 1099 1070 1070 1072 1072 1100 1100 1070 1070 1098 1098 1097 1097 1085 1085 1096 1096 1100 1100 1101 1101 1070 1070 1101 1101 1100 1100 1102 1102 1103 1103 1100 1100 1104 1104 1070 1070 1089 1089 1085 1085 1100 1100 1103 1103 1102 1102 1070 1070 1085 1085 1097 1097 1104 1104 1100 1100 1105 1105 1105 1105 1083 1083 1082 1082 1089 1089 1070 1070 1099 1099 1083 1083 1105 1105 1100 1100 1106 1106 1107 1107 1108 1108 1107 1107 1106 1106 1109 1109 1110 1110 1111 1111 1112 1112 1111 1111 1110 1110 1113 1113 1114 1114 1115 1115 1116 1116 1117 1117 1118 1118 1119 1119 1119 1119 1120 1120 1121 1121 1121 1121 1122 1122 1114 1114 1116 1116 1123 1123 1124 1124 1123 1123 1116 1116 1115 1115 1115 1115 1114 1114 1122 1122 1122 1122 1121 1121 1120 1120 1120 1120 1119 1119 1118 1118 1118 1118 1117 1117 1125 1125 1125 1125 1126 1126 1127 1127 1126 1126 1125 1125 1117 1117 1128 1128 1129 1129 1130 1130 1129 1129 1131 1131 1132 1132 1133 1133 1134 1134 1135 1135 1136 1136 1134 1134 1137 1137 1134 1134 1136 1136 1135 1135 1138 1138 1139 1139 1140 1140 1131 1131 1134 1134 1133 1133 1141 1141 1142 1142 1143 1143 1139 1139 1144 1144 1140 1140 1138 1138 1140 1140 1145 1145 1146 1146 1147 1147 1129 1129 1148 1148 1149 1149 1150 1150 1151 1151 1143 1143 1142 1142 1152 1152 1146 1146 1153 1153 1154 1154 1155 1155 1156 1156 1130 1130 1129 1129 1132 1132 1137 1137 1134 1134 1141 1141 1157 1157 1155 1155 1158 1158 1147 1147 1146 1146 1159 1159 1160 1160 1129 1129 1147 1147 1149 1149 1148 1148 1138 1138 1161 1161 1150 1150 1149 1149 1143 1143 1140 1140 1162 1162 1145 1145 1140 1140 1151 1151 1139 1139 1138 1138 1163 1163 1155 1155 1146 1146 1164 1164 1150 1150 1165 1165 1166 1166 1143 1143 1151 1151 1140 1140 1155 1155 1157 1157 1146 1146 1165 1165 1150 1150 1161 1161 1167 1167 1150 1150 1166 1166 1163 1163 1138 1138 1168 1168 1140 1140 1169 1169 1153 1153 1129 1129 1170 1170 1171 1171 1172 1172 1139 1139 1173 1173 1169 1169 1140 1140 1144 1144 1153 1153 1174 1174 1152 1152 1168 1168 1138 1138 1148 1148 1153 1153 1169 1169 1175 1175 1139 1139 1176 1176 1173 1173 1177 1177 1156 1156 1155 1155 1146 1146 1157 1157 1159 1159 1178 1178 1140 1140 1128 1128 1174 1174 1153 1153 1175 1175 1156 1156 1177 1177 1139 1139 1176 1176 1139 1139 1177 1177 1146 1146 1179 1179 1164 1164 1162 1162 1140 1140 1178 1178 1146 1146 1152 1152 1179 1179 1155 1155 1154 1154 1158 1158 1129 1129 1160 1160 1150 1150 1150 1150 1170 1170 1129 1129 1134 1134 1129 1129 1171 1171 1144 1144 1139 1139 1172 1172 1170 1170 1150 1150 1167 1167 1129 1129 1128 1128 1140 1140 1142 1142 1141 1141 1134 1134 1134 1134 1131 1131 1129 1129 1180 1180 1181 1181 1182 1182 1181 1181 1180 1180 1183 1183 1184 1184 1185 1185 1186 1186 1185 1185 1187 1187 1188 1188 1189 1189 1190 1190 1191 1191 1191 1191 1192 1192 1193 1193 1185 1185 1184 1184 1194 1194 1192 1192 1191 1191 1190 1190 1195 1195 1196 1196 1197 1197 1190 1190 1189 1189 1185 1185 1196 1196 1185 1185 1198 1198 1195 1195 1197 1197 1199 1199 1185 1185 1196 1196 1200 1200 1185 1185 1188 1188 1198 1198 1196 1196 1195 1195 1200 1200 1186 1186 1185 1185 1189 1189 1187 1187 1185 1185 1194 1194 1201 1201 1202 1202 1203 1203 1204 1204 1205 1205 1202 1202 1206 1206 1203 1203 1207 1207 1208 1208 1207 1207 1209 1209 1210 1210 1211 1211 1205 1205 1212 1212 1213 1213 1211 1211 1214 1214 1215 1215 1213 1213 1216 1216 1217 1217 1215 1215 1217 1217 1216 1216 1218 1218 1219 1219 1218 1218 1220 1220 1221 1221 1220 1220 1222 1222 1223 1223 1222 1222 1224 1224 1209 1209 1224 1224 1208 1208 1207 1207 1208 1208 1206 1206 1203 1203 1206 1206 1201 1201 1215 1215 1214 1214 1216 1216 1202 1202 1201 1201 1204 1204 1205 1205 1204 1204 1210 1210 1213 1213 1212 1212 1214 1214 1224 1224 1209 1209 1223 1223 1222 1222 1223 1223 1221 1221 1220 1220 1221 1221 1219 1219 1218 1218 1219 1219 1217 1217 1211 1211 1210 1210 1212 1212 1225 1225 1226 1226 1227 1227 1228 1228 1229 1229 1226 1226 1230 1230 1231 1231 1229 1229 1232 1232 1233 1233 1231 1231 1234 1234 1235 1235 1233 1233 1236 1236 1237 1237 1235 1235 1238 1238 1239 1239 1237 1237 1240 1240 1241 1241 1239 1239 1242 1242 1243 1243 1241 1241 1244 1244 1245 1245 1246 1246 1245 1245 1244 1244 1247 1247 1246 1246 1248 1248 1244 1244 1243 1243 1242 1242 1248 1248 1241 1241 1240 1240 1242 1242 1239 1239 1238 1238 1240 1240 1237 1237 1236 1236 1238 1238 1235 1235 1234 1234 1236 1236 1233 1233 1232 1232 1234 1234 1231 1231 1230 1230 1232 1232 1229 1229 1228 1228 1230 1230 1226 1226 1225 1225 1228 1228 1227 1227 1247 1247 1225 1225 1247 1247 1227 1227 1245 1245 1248 1248 1246 1246 1243 1243 1249 1249 1250 1250 1251 1251 1252 1252 1253 1253 1250 1250 1254 1254 1255 1255 1253 1253 1256 1256 1257 1257 1255 1255 1258 1258 1259 1259 1257 1257 1260 1260 1261 1261 1259 1259 1262 1262 1263 1263 1261 1261 1264 1264 1265 1265 1263 1263 1266 1266 1267 1267 1265 1265 1268 1268 1251 1251 1269 1269 1270 1270 1271 1271 1272 1272 1267 1267 1266 1266 1271 1271 1265 1265 1264 1264 1266 1266 1263 1263 1262 1262 1264 1264 1261 1261 1260 1260 1262 1262 1259 1259 1258 1258 1260 1260 1257 1257 1256 1256 1258 1258 1255 1255 1254 1254 1256 1256 1253 1253 1252 1252 1254 1254 1250 1250 1249 1249 1252 1252 1251 1251 1268 1268 1249 1249 1269 1269 1272 1272 1268 1268 1272 1272 1269 1269 1270 1270 1271 1271 1270 1270 1267 1267 1273 1273 1274 1274 1275 1275 1276 1276 1277 1277 1274 1274 1278 1278 1279 1279 1277 1277 1280 1280 1281 1281 1279 1279 1282 1282 1283 1283 1281 1281 1284 1284 1285 1285 1283 1283 1286 1286 1287 1287 1285 1285 1288 1288 1289 1289 1287 1287 1290 1290 1291 1291 1289 1289 1292 1292 1293 1293 1291 1291 1293 1293 1292 1292 1294 1294 1291 1291 1290 1290 1292 1292 1289 1289 1288 1288 1290 1290 1287 1287 1286 1286 1288 1288 1285 1285 1284 1284 1286 1286 1283 1283 1282 1282 1284 1284 1281 1281 1280 1280 1282 1282 1279 1279 1278 1278 1280 1280 1295 1295 1275 1275 1296 1296 1274 1274 1273 1273 1276 1276 1275 1275 1295 1295 1273 1273 1296 1296 1294 1294 1295 1295 1294 1294 1296 1296 1293 1293 1277 1277 1276 1276 1278 1278 1297 1297 1298 1298 1299 1299 1299 1299 1300 1300 1301 1301 1301 1301 1302 1302 1303 1303 1303 1303 1304 1304 1305 1305 1305 1305 1306 1306 1307 1307 1307 1307 1308 1308 1309 1309 1310 1310 1311 1311 1297 1297 1312 1312 1313 1313 1314 1314 1314 1314 1315 1315 1316 1316 1316 1316 1317 1317 1318 1318 1317 1317 1316 1316 1315 1315 1315 1315 1314 1314 1313 1313 1313 1313 1312 1312 1319 1319 1318 1318 1320 1320 1310 1310 1320 1320 1318 1318 1317 1317 1319 1319 1309 1309 1308 1308 1308 1308 1307 1307 1306 1306 1306 1306 1305 1305 1304 1304 1304 1304 1303 1303 1302 1302 1302 1302 1301 1301 1300 1300 1300 1300 1299 1299 1298 1298 1298 1298 1297 1297 1311 1311 1311 1311 1310 1310 1320 1320 1309 1309 1319 1319 1312 1312 1321 1321 1322 1322 1323 1323 1321 1321 1324 1324 1322 1322 1321 1321 1325 1325 1324 1324 1321 1321 1326 1326 1325 1325 1321 1321 1327 1327 1326 1326 1321 1321 1328 1328 1327 1327 1321 1321 1329 1329 1328 1328 1321 1321 1330 1330 1329 1329 1321 1321 1331 1331 1330 1330 1321 1321 1332 1332 1331 1331 1321 1321 1333 1333 1332 1332 1333 1333 1321 1321 1323 1323 1334 1334 1335 1335 1336 1336 1337 1337 1338 1338 1334 1334 1339 1339 1340 1340 1337 1337 1341 1341 1342 1342 1339 1339 1343 1343 1344 1344 1341 1341 1345 1345 1346 1346 1343 1343 1347 1347 1348 1348 1345 1345 1349 1349 1350 1350 1347 1347 1351 1351 1352 1352 1349 1349 1353 1353 1354 1354 1351 1351 1355 1355 1356 1356 1353 1353 1336 1336 1357 1357 1355 1355 1338 1338 1337 1337 1340 1340 1335 1335 1334 1334 1338 1338 1357 1357 1336 1336 1335 1335 1356 1356 1355 1355 1357 1357 1354 1354 1353 1353 1356 1356 1352 1352 1351 1351 1354 1354 1350 1350 1349 1349 1352 1352 1348 1348 1347 1347 1350 1350 1346 1346 1345 1345 1348 1348 1344 1344 1343 1343 1346 1346 1342 1342 1341 1341 1344 1344 1340 1340 1339 1339 1342 1342 1358 1358 1359 1359 1360 1360 1361 1361 1358 1358 1360 1360 1358 1358 1361 1361 1362 1362 1358 1358 1362 1362 1363 1363 1358 1358 1363 1363 1364 1364 1358 1358 1364 1364 1365 1365 1358 1358 1365 1365 1366 1366 1358 1358 1366 1366 1367 1367 1358 1358 1367 1367 1368 1368 1358 1358 1368 1368 1369 1369 1358 1358 1369 1369 1370 1370 1358 1358 1370 1370 1359 1359 1371 1371 1372 1372 1373 1373 1374 1374 1375 1375 1371 1371 1376 1376 1377 1377 1374 1374 1378 1378 1379 1379 1376 1376 1380 1380 1381 1381 1378 1378 1382 1382 1383 1383 1380 1380 1384 1384 1385 1385 1382 1382 1386 1386 1387 1387 1384 1384 1388 1388 1389 1389 1386 1386 1390 1390 1391 1391 1388 1388 1392 1392 1393 1393 1390 1390 1373 1373 1394 1394 1392 1392 1394 1394 1373 1373 1372 1372 1393 1393 1392 1392 1394 1394 1391 1391 1390 1390 1393 1393 1389 1389 1388 1388 1391 1391 1387 1387 1386 1386 1389 1389 1385 1385 1384 1384 1387 1387 1375 1375 1374 1374 1377 1377 1383 1383 1382 1382 1385 1385 1381 1381 1380 1380 1383 1383 1379 1379 1378 1378 1381 1381 1377 1377 1376 1376 1379 1379 1372 1372 1371 1371 1375 1375 1395 1395 1396 1396 1397 1397 1398 1398 1395 1395 1399 1399 1395 1395 1398 1398 1400 1400 1395 1395 1400 1400 1401 1401 1395 1395 1401 1401 1402 1402 1395 1395 1402 1402 1403 1403 1395 1395 1403 1403 1404 1404 1395 1395 1404 1404 1405 1405 1395 1395 1405 1405 1406 1406 1395 1395 1406 1406 1407 1407 1395 1395 1407 1407 1396 1396 1395 1395 1397 1397 1399 1399 1408 1408 1409 1409 1410 1410 1411 1411 1412 1412 1413 1413 1414 1414 1415 1415 1411 1411 1416 1416 1417 1417 1414 1414 1418 1418 1419 1419 1416 1416 1420 1420 1421 1421 1418 1418 1409 1409 1408 1408 1420 1420 1422 1422 1410 1410 1409 1409 1423 1423 1424 1424 1422 1422 1425 1425 1426 1426 1423 1423 1427 1427 1428 1428 1425 1425 1429 1429 1430 1430 1427 1427 1413 1413 1431 1431 1429 1429 1431 1431 1413 1413 1412 1412 1430 1430 1429 1429 1431 1431 1428 1428 1427 1427 1430 1430 1426 1426 1425 1425 1428 1428 1410 1410 1422 1422 1424 1424 1424 1424 1423 1423 1426 1426 1421 1421 1420 1420 1408 1408 1419 1419 1418 1418 1421 1421 1417 1417 1416 1416 1419 1419 1415 1415 1414 1414 1417 1417 1412 1412 1411 1411 1415 1415 1432 1432 1433 1433 1434 1434 1433 1433 1435 1435 1436 1436 1433 1433 1436 1436 1437 1437 1433 1433 1437 1437 1438 1438 1433 1433 1438 1438 1439 1439 1433 1433 1439 1439 1440 1440 1433 1433 1440 1440 1441 1441 1433 1433 1441 1441 1442 1442 1433 1433 1442 1442 1443 1443 1433 1433 1443 1443 1444 1444 1433 1433 1444 1444 1434 1434 1433 1433 1432 1432 1435 1435 1445 1445 1446 1446 1447 1447 1448 1448 1449 1449 1445 1445 1450 1450 1451 1451 1448 1448 1452 1452 1453 1453 1450 1450 1454 1454 1455 1455 1452 1452 1446 1446 1445 1445 1449 1449 1456 1456 1457 1457 1458 1458 1459 1459 1460 1460 1456 1456 1461 1461 1462 1462 1459 1459 1463 1463 1464 1464 1461 1461 1465 1465 1466 1466 1463 1463 1447 1447 1467 1467 1465 1465 1449 1449 1448 1448 1451 1451 1451 1451 1450 1450 1453 1453 1453 1453 1452 1452 1455 1455 1455 1455 1454 1454 1468 1468 1468 1468 1458 1458 1457 1457 1457 1457 1456 1456 1460 1460 1460 1460 1459 1459 1462 1462 1462 1462 1461 1461 1464 1464 1464 1464 1463 1463 1466 1466 1466 1466 1465 1465 1467 1467 1458 1458 1468 1468 1454 1454 1467 1467 1447 1447 1446 1446 1469 1469 1470 1470 1471 1471 1469 1469 1472 1472 1473 1473 1469 1469 1474 1474 1472 1472 1469 1469 1475 1475 1474 1474 1469 1469 1476 1476 1475 1475 1469 1469 1477 1477 1476 1476 1469 1469 1478 1478 1477 1477 1469 1469 1479 1479 1478 1478 1469 1469 1480 1480 1479 1479 1469 1469 1481 1481 1480 1480 1481 1481 1469 1469 1471 1471 1469 1469 1473 1473 1470 1470 1482 1482 1483 1483 1484 1484 1484 1484 1485 1485 1486 1486 1486 1486 1487 1487 1488 1488 1488 1488 1489 1489 1490 1490 1490 1490 1491 1491 1492 1492 1492 1492 1493 1493 1494 1494 1494 1494 1495 1495 1496 1496 1496 1496 1497 1497 1498 1498 1498 1498 1499 1499 1500 1500 1500 1500 1501 1501 1502 1502 1502 1502 1503 1503 1504 1504 1504 1504 1505 1505 1482 1482 1505 1505 1504 1504 1503 1503 1503 1503 1502 1502 1501 1501 1501 1501 1500 1500 1499 1499 1499 1499 1498 1498 1497 1497 1497 1497 1496 1496 1495 1495 1495 1495 1494 1494 1493 1493 1493 1493 1492 1492 1491 1491 1491 1491 1490 1490 1489 1489 1489 1489 1488 1488 1487 1487 1487 1487 1486 1486 1485 1485 1485 1485 1484 1484 1483 1483 1483 1483 1482 1482 1505 1505 1506 1506 1507 1507 1508 1508 1506 1506 1509 1509 1507 1507 1506 1506 1510 1510 1509 1509 1506 1506 1511 1511 1510 1510 1506 1506 1512 1512 1511 1511 1506 1506 1513 1513 1512 1512 1506 1506 1514 1514 1513 1513 1506 1506 1515 1515 1514 1514 1506 1506 1516 1516 1515 1515 1506 1506 1517 1517 1516 1516 1506 1506 1518 1518 1517 1517 1518 1518 1506 1506 1508 1508 1519 1519 1520 1520 1521 1521 1520 1520 1519 1519 1522 1522 1523 1523 1524 1524 1525 1525 1524 1524 1523 1523 1526 1526 1527 1527 1528 1528 1529 1529 1528 1528 1527 1527 1530 1530 1531 1531 1532 1532 1533 1533 1532 1532 1531 1531 1534 1534 1535 1535 1536 1536 1537 1537 1536 1536 1535 1535 1538 1538 1539 1539 1540 1540 1541 1541 1540 1540 1539 1539 1542 1542 1542 1542 1539 1539 1543 1543 1544 1544 1545 1545 1546 1546 1545 1545 1544 1544 1547 1547 1548 1548 1549 1549 1550 1550 1549 1549 1548 1548 1551 1551 1552 1552 1553 1553 1554 1554 1553 1553 1552 1552 1555 1555 1556 1556 1557 1557 1558 1558 1557 1557 1556 1556 1559 1559 1560 1560 1561 1561 1562 1562 1561 1561 1560 1560 1563 1563 1564 1564 1565 1565 1566 1566 1565 1565 1564 1564 1567 1567 1565 1565 1567 1567 1568 1568 1569 1569 1570 1570 1571 1571 1572 1572 1571 1571 1573 1573 1571 1571 1574 1574 1575 1575 1574 1574 1571 1571 1570 1570 1570 1570 1569 1569 1576 1576 1571 1571 1572 1572 1569 1569 1577 1577 1578 1578 1579 1579 1578 1578 1577 1577 1580 1580 1581 1581 1582 1582 1583 1583 1584 1584 1585 1585 1582 1582 1586 1586 1587 1587 1585 1585 1588 1588 1589 1589 1587 1587 1590 1590 1591 1591 1589 1589 1592 1592 1593 1593 1591 1591 1594 1594 1595 1595 1593 1593 1596 1596 1597 1597 1595 1595 1598 1598 1599 1599 1597 1597 1600 1600 1579 1579 1599 1599 1583 1583 1580 1580 1581 1581 1582 1582 1581 1581 1584 1584 1585 1585 1584 1584 1586 1586 1587 1587 1586 1586 1588 1588 1589 1589 1588 1588 1590 1590 1591 1591 1590 1590 1592 1592 1593 1593 1592 1592 1594 1594 1595 1595 1594 1594 1596 1596 1597 1597 1596 1596 1598 1598 1599 1599 1598 1598 1600 1600 1579 1579 1600 1600 1577 1577 1580 1580 1583 1583 1578 1578 1601 1601 1602 1602 1603 1603 1601 1601 1604 1604 1602 1602 1601 1601 1605 1605 1604 1604 1601 1601 1606 1606 1605 1605 1601 1601 1607 1607 1606 1606 1601 1601 1608 1608 1607 1607 1601 1601 1609 1609 1608 1608 1601 1601 1610 1610 1609 1609 1601 1601 1611 1611 1610 1610 1601 1601 1612 1612 1611 1611 1612 1612 1601 1601 1613 1613 1601 1601 1603 1603 1613 1613 1614 1614 1615 1615 1616 1616 1617 1617 1618 1618 1619 1619 1620 1620 1621 1621 1618 1618 1622 1622 1623 1623 1621 1621 1624 1624 1625 1625 1623 1623 1626 1626 1627 1627 1625 1625 1628 1628 1629 1629 1630 1630 1631 1631 1630 1630 1632 1632 1633 1633 1632 1632 1634 1634 1635 1635 1634 1634 1615 1615 1636 1636 1616 1616 1627 1627 1616 1616 1636 1636 1614 1614 1615 1615 1614 1614 1635 1635 1634 1634 1635 1635 1633 1633 1632 1632 1633 1633 1631 1631 1630 1630 1631 1631 1628 1628 1629 1629 1628 1628 1637 1637 1619 1619 1637 1637 1617 1617 1618 1618 1617 1617 1620 1620 1621 1621 1620 1620 1622 1622 1623 1623 1622 1622 1624 1624 1625 1625 1624 1624 1626 1626 1627 1627 1626 1626 1636 1636 1637 1637 1619 1619 1629 1629 1638 1638 1639 1639 1640 1640 1639 1639 1638 1638 1641 1641 1639 1639 1641 1641 1642 1642 1639 1639 1642 1642 1643 1643 1639 1639 1643 1643 1644 1644 1639 1639 1644 1644 1645 1645 1639 1639 1645 1645 1646 1646 1639 1639 1646 1646 1647 1647 1639 1639 1647 1647 1648 1648 1639 1639 1648 1648 1649 1649 1639 1639 1649 1649 1650 1650 1639 1639 1650 1650 1640 1640 1651 1651 1652 1652 1653 1653 1652 1652 1651 1651 1654 1654 1655 1655 1656 1656 1657 1657 1656 1656 1655 1655 1658 1658 1659 1659 1660 1660 1661 1661 1660 1660 1659 1659 1662 1662 1663 1663 1664 1664 1665 1665 1664 1664 1663 1663 1666 1666 1667 1667 1668 1668 1669 1669 1668 1668 1667 1667 1670 1670 1671 1671 1672 1672 1673 1673 1671 1671 1674 1674 1675 1675 1676 1676 1671 1671 1677 1677 1671 1671 1676 1676 1678 1678 1671 1671 1678 1678 1679 1679 1671 1671 1679 1679 1680 1680 1671 1671 1680 1680 1672 1672 1671 1671 1675 1675 1677 1677 1671 1671 1673 1673 1681 1681 1671 1671 1681 1681 1682 1682 1671 1671 1682 1682 1683 1683 1671 1671 1683 1683 1674 1674 1684 1684 1685 1685 1686 1686 1684 1684 1687 1687 1688 1688 1684 1684 1688 1688 1689 1689 1684 1684 1686 1686 1690 1690 1684 1684 1691 1691 1685 1685 1684 1684 1692 1692 1691 1691 1684 1684 1693 1693 1692 1692 1684 1684 1694 1694 1693 1693 1684 1684 1695 1695 1694 1694 1684 1684 1696 1696 1695 1695 1684 1684 1690 1690 1687 1687 1696 1696 1684 1684 1689 1689 1697 1697 1698 1698 1699 1699 1697 1697 1700 1700 1698 1698 1697 1697 1701 1701 1702 1702 1697 1697 1702 1702 1703 1703 1697 1697 1703 1703 1704 1704 1697 1697 1704 1704 1705 1705 1697 1697 1705 1705 1706 1706 1697 1697 1706 1706 1707 1707 1697 1697 1707 1707 1708 1708 1700 1700 1697 1697 1709 1709 1697 1697 1699 1699 1701 1701 1697 1697 1708 1708 1709 1709 1710 1710 1711 1711 1712 1712 1712 1712 1713 1713 1714 1714 1715 1715 1716 1716 1710 1710 1714 1714 1717 1717 1718 1718 1718 1718 1719 1719 1720 1720 1720 1720 1721 1721 1722 1722 1723 1723 1724 1724 1725 1725 1725 1725 1726 1726 1727 1727 1727 1727 1728 1728 1729 1729 1729 1729 1730 1730 1731 1731 1730 1730 1729 1729 1728 1728 1728 1728 1727 1727 1726 1726 1726 1726 1725 1725 1724 1724 1724 1724 1723 1723 1732 1732 1732 1732 1722 1722 1721 1721 1721 1721 1720 1720 1719 1719 1719 1719 1718 1718 1717 1717 1717 1717 1714 1714 1713 1713 1713 1713 1712 1712 1711 1711 1711 1711 1710 1710 1716 1716 1716 1716 1715 1715 1733 1733 1733 1733 1731 1731 1730 1730 1731 1731 1733 1733 1715 1715 1722 1722 1732 1732 1723 1723 1734 1734 1735 1735 1736 1736 1735 1735 1734 1734 1737 1737 1737 1737 1738 1738 1739 1739 1739 1739 1740 1740 1741 1741 1741 1741 1742 1742 1743 1743 1743 1743 1744 1744 1745 1745 1745 1745 1746 1746 1747 1747 1748 1748 1749 1749 1750 1750 1747 1747 1751 1751 1752 1752 1752 1752 1753 1753 1754 1754 1754 1754 1750 1750 1749 1749 1753 1753 1752 1752 1751 1751 1751 1751 1747 1747 1746 1746 1746 1746 1745 1745 1744 1744 1744 1744 1743 1743 1742 1742 1742 1742 1741 1741 1740 1740 1740 1740 1739 1739 1738 1738 1738 1738 1737 1737 1734 1734 1749 1749 1748 1748 1755 1755 1755 1755 1756 1756 1757 1757 1757 1757 1736 1736 1735 1735 1736 1736 1757 1757 1756 1756 1756 1756 1755 1755 1748 1748 1750 1750 1754 1754 1753 1753 1758 1758 1759 1759 1760 1760 1761 1761 1762 1762 1763 1763 1759 1759 1758 1758 1764 1764 1764 1764 1765 1765 1766 1766 1765 1765 1764 1764 1758 1758 1767 1767 1766 1766 1765 1765 1766 1766 1767 1767 1768 1768 1769 1769 1770 1770 1761 1761 1771 1771 1772 1772 1773 1773 1774 1774 1775 1775 1771 1771 1776 1776 1777 1777 1774 1774 1778 1778 1779 1779 1776 1776 1780 1780 1781 1781 1778 1778 1770 1770 1769 1769 1780 1780 1762 1762 1761 1761 1770 1770 1768 1768 1763 1763 1762 1762 1763 1763 1768 1768 1767 1767 1781 1781 1780 1780 1769 1769 1779 1779 1778 1778 1781 1781 1775 1775 1774 1774 1777 1777 1777 1777 1776 1776 1779 1779 1760 1760 1773 1773 1772 1772 1772 1772 1771 1771 1775 1775 1773 1773 1760 1760 1759 1759 1782 1782 1783 1783 1784 1784 1785 1785 1786 1786 1787 1787 1788 1788 1789 1789 1790 1790 1791 1791 1787 1787 1786 1786 1786 1786 1785 1785 1792 1792 1793 1793 1792 1792 1794 1794 1795 1795 1782 1782 1796 1796 1797 1797 1791 1791 1798 1798 1789 1789 1799 1799 1800 1800 1801 1801 1802 1802 1803 1803 1804 1804 1805 1805 1806 1806 1807 1807 1808 1808 1809 1809 1792 1792 1810 1810 1786 1786 1792 1792 1793 1793 1801 1801 1811 1811 1799 1799 1789 1789 1782 1782 1795 1795 1783 1783 1812 1812 1806 1806 1788 1788 1800 1800 1790 1790 1789 1789 1813 1813 1801 1801 1793 1793 1814 1814 1799 1799 1811 1811 1808 1808 1815 1815 1816 1816 1817 1817 1818 1818 1819 1819 1804 1804 1806 1806 1812 1812 1800 1800 1803 1803 1820 1820 1789 1789 1788 1788 1806 1806 1802 1802 1801 1801 1813 1813 1799 1799 1814 1814 1807 1807 1808 1808 1807 1807 1814 1814 1815 1815 1808 1808 1814 1814 1817 1817 1821 1821 1822 1822 1818 1818 1817 1817 1783 1783 1792 1792 1819 1819 1810 1810 1804 1804 1796 1796 1805 1805 1803 1803 1800 1800 1801 1801 1823 1823 1800 1800 1820 1820 1790 1790 1798 1798 1824 1824 1792 1792 1785 1785 1825 1825 1817 1817 1816 1816 1821 1821 1817 1817 1784 1784 1783 1783 1819 1819 1792 1792 1817 1817 1796 1796 1804 1804 1795 1795 1790 1790 1800 1800 1823 1823 1798 1798 1790 1790 1797 1797 1788 1788 1790 1790 1824 1824 1791 1791 1797 1797 1787 1787 1794 1794 1792 1792 1825 1825 1784 1784 1817 1817 1822 1822 1816 1816 1817 1817 1808 1808 1826 1826 1827 1827 1828 1828 1827 1827 1826 1826 1829 1829 1830 1830 1831 1831 1832 1832 1831 1831 1830 1830 1833 1833 1834 1834 1835 1835 1836 1836 1835 1835 1834 1834 1837 1837 1838 1838 1839 1839 1840 1840 1839 1839 1838 1838 1841 1841 1842 1842 1843 1843 1844 1844 1843 1843 1842 1842 1845 1845 1846 1846 1847 1847 1848 1848 1847 1847 1846 1846 1849 1849 1850 1850 1851 1851 1852 1852 1851 1851 1850 1850 1853 1853 1854 1854 1855 1855 1856 1856 1855 1855 1854 1854 1857 1857 1858 1858 1859 1859 1860 1860 1858 1858 1860 1860 1861 1861 1858 1858 1861 1861 1862 1862 1858 1858 1862 1862 1863 1863 1858 1858 1863 1863 1864 1864 1858 1858 1865 1865 1866 1866 1867 1867 1858 1858 1864 1864 1858 1858 1866 1866 1859 1859 1858 1858 1867 1867 1868 1868 1858 1858 1868 1868 1869 1869 1858 1858 1869 1869 1870 1870 1858 1858 1870 1870 1865 1865 1871 1871 1872 1872 1873 1873 1872 1872 1871 1871 1874 1874 1875 1875 1874 1874 1876 1876 1877 1877 1876 1876 1878 1878 1873 1873 1879 1879 1871 1871 1880 1880 1878 1878 1881 1881 1882 1882 1883 1883 1884 1884 1885 1885 1886 1886 1883 1883 1887 1887 1881 1881 1888 1888 1879 1879 1873 1873 1889 1889 1874 1874 1875 1875 1872 1872 1884 1884 1889 1889 1882 1882 1883 1883 1882 1882 1885 1885 1890 1890 1891 1891 1886 1886 1892 1892 1893 1893 1891 1891 1894 1894 1888 1888 1893 1893 1886 1886 1885 1885 1890 1890 1891 1891 1890 1890 1892 1892 1893 1893 1892 1892 1894 1894 1888 1888 1894 1894 1887 1887 1881 1881 1887 1887 1880 1880 1878 1878 1880 1880 1877 1877 1876 1876 1877 1877 1875 1875 1889 1889 1884 1884 1879 1879</p></triangles></mesh></geometry></library_geometries><library_visual_scenes><visual_scene id="VisualSceneNode" name="VisualSceneNode"><node id="Main-Component-Node1" name="bau0020305091"><instance_geometry url="#bau0020305091-mesh" name="bau0020305091"><bind_material><technique_common><instance_material symbol="oriongreymatt-material" target="#oriongreymatt-material" /><instance_material symbol="zincplated-material" target="#zincplated-material" /></technique_common></bind_material></instance_geometry></node></visual_scene></library_visual_scenes><scene><instance_visual_scene url="#VisualSceneNode" /></scene></COLLADA>