<?xml version="1.0" encoding="utf-8"?><COLLADA xmlns:xsd="http://www.w3.org/2001/XMLSchema" xmlns:xsi="http://www.w3.org/2001/XMLSchema-instance" version="1.4.1" xmlns="http://www.collada.org/2005/11/COLLADASchema"><asset><contributor><author>bau11914</author><authoring_tool>Blum.Cape.SolidWorks.Export.Collada 22.0.0.0</authoring_tool></contributor><created>0001-01-01T00:00:00</created><modified>2024-11-08T08:11:06.5437841+01:00</modified><unit meter="0.001" name="millimeter" /></asset><library_effects><effect id="ZincPlated-effect"><profile_COMMON><technique sid="common"><phong><emission><color sid="emission">0 0 0 0</color></emission><ambient><color sid="ambient">0.408975652376015 0.419604810831399 0.486751175550744 1</color></ambient><diffuse><color sid="diffuse">0.408975652376015 0.419604810831399 0.486751175550744 1</color></diffuse><specular><color sid="specular">0.991136764316137 0.991136764316137 0.991136764316137 1</color></specular><shininess><float sid="shininess">0.1</float></shininess><reflective><color sid="reflective">1 1 1 1</color></reflective><reflectivity><float sid="reflectivity">1</float></reflectivity><transparent><color>1 1 1 1</color></transparent><transparency><float sid="transparency">1</float></transparency><index_of_refraction><float sid="index_of_refraction">1</float></index_of_refraction></phong></technique></profile_COMMON></effect><effect id="__5-ks-dunkelgrau-effect"><profile_COMMON><technique sid="common"><phong><emission><color sid="emission">0 0 0 0</color></emission><ambient><color sid="ambient">0.214041140471588 0.214041140471588 0.214041140471588 1</color></ambient><diffuse><color sid="diffuse">0.214041140471588 0.214041140471588 0.214041140471588 1</color></diffuse><specular><color sid="specular">0.991136764316137 0.991136764316137 0.991136764316137 1</color></specular><shininess><float sid="shininess">0.1</float></shininess><reflective><color sid="reflective">1 1 1 1</color></reflective><reflectivity><float sid="reflectivity">0.20000000298023224</float></reflectivity><transparent><color>1 1 1 1</color></transparent><transparency><float sid="transparency">1</float></transparency><index_of_refraction><float sid="index_of_refraction">1</float></index_of_refraction></phong></technique></profile_COMMON></effect></library_effects><library_materials><material id="ZincPlated-material" name="ZincPlated"><instance_effect url="#ZincPlated-effect" /></material><material id="__5-ks-dunkelgrau-material" name="__5-ks-dunkelgrau"><instance_effect url="#__5-ks-dunkelgrau-effect" /></material></library_materials><library_geometries><geometry id="bau0025781348-1-mesh" name="bau0025781348-1"><mesh><source id="bau0025781348-1-mesh-positions"><float_array id="bau0025781348-1-mesh-positions-array" count="14529">29.2000006884336 -32.8949987888336 -292.499989271164 30.9999994933605 -33.7999984622002 -292.499989271164 29.2000006884336 -33.7999984622002 -292.499989271164 28.9246924221516 -36.5045927464962 -292.499989271164 28.2000005245209 -34.8000004887581 -292.499989271164 28.4588187932968 -34.7659252583981 -292.499989271164 30.624870210886 -35.1999998092651 -292.499989271164 29.1659254580736 -34.0588204562664 -292.499989271164 30.9045929461718 -34.5246940851212 -292.499989271164 20.9999997168779 -34.8000004887581 -292.499989271164 28.2000005245209 -36.6000011563301 -292.499989271164 20.9999997168779 -36.6000011563301 -292.499989271164 29.6000000089407 -36.2248718738556 -292.499989271164 28.6999996751547 -34.6660241484642 -292.499989271164 28.9071071892977 -34.5071069896221 -292.499989271164 29.0660262107849 -34.2999994754791 -292.499989271164 30.1798991858959 -35.7799008488655 -292.499989271164 30.9999994933605 -32.8949987888336 -292.499989271164 0.699999975040555 4.49950015172362 -238.000005483627 0.699999975040555 5.52863115444779 -231.000006198883 0.699999975040555 5.52863115444779 -242.500007152557 0.699999975040555 3.89668135903776 -240.249752998352 0.699999975040555 3.18162702023983 -241.181626915932 0.699999975040555 -1.36032033423211E-15 -242.499500513077 0.699999975040555 -18.7577623873949 -242.500007152557 0.699999975040555 -1.16455624811351 -233.65381360054 0.699999975040555 -18.7577623873949 -231.000006198883 0.699999975040555 2.24975007586181 -234.103322029114 0.699999975040555 3.18162702023983 -234.818369150162 0.699999975040555 4.3461830355227 -236.835449934006 0.699999975040555 4.3461830355227 -239.164561033249 0.699999975040555 -18.7577623873949 -251.500010490417 0.699999975040555 -3.18162702023983 -250.181615352631 0.699999975040555 -2.24975007586181 -250.896692276001 0.699999975040555 3.18162702023983 -250.181615352631 0.699999975040555 5.52863115444779 -251.500010490417 0.699999975040555 2.24975007586181 -250.896692276001 0.699999975040555 4.3461830355227 -248.164549469948 0.699999975040555 3.89668135903776 -249.249756336212 0.699999975040555 4.3461830355227 -245.835438370705 0.699999975040555 4.49950015172362 -246.999993920326 0.699999975040555 2.24975007586181 -243.103325366974 0.699999975040555 3.18162702023983 -243.818372488022 0.699999975040555 7.40829005360721E-16 -242.500498890877 0.699999975040555 -1.16455624811351 -242.6538169384 0.699999975040555 -3.89668135903776 -249.249756336212 0.699999975040555 -1.16455624811351 -251.346170902252 0.699999975040555 3.89668135903776 -244.750246405602 0.699999975040555 1.16455624811351 -242.6538169384 0.699999975040555 -2.24975007586181 -243.103325366974 0.699999975040555 -1.36032033423211E-15 -251.499503850937 0.699999975040555 1.16455624811351 -251.346170902252 0.699999975040555 6.55776215717196 -251.500010490417 0.699999975040555 -2.24975007586181 -252.103328704834 0.699999975040555 -3.18162702023983 -252.818375825882 0.699999975040555 -18.7577623873949 -291.500002145767 0.699999975040555 -4.3461830355227 -257.164567708969 0.699999975040555 5.52863115444779 -291.500002145767 0.699999975040555 -3.89668135903776 -253.750264644623 0.699999975040555 -4.3461830355227 -254.835456609726 0.699999975040555 -4.49950015172362 -256.000012159348 0.699999975040555 3.89668135903776 -258.249759674072 0.699999975040555 4.3461830355227 -257.164567708969 0.699999975040555 1.16455624811351 -260.346174240112 0.699999975040555 2.24975007586181 -259.896695613861 0.699999975040555 4.49950015172362 -256.000012159348 0.699999975040555 4.3461830355227 -254.835456609726 0.699999975040555 3.18162702023983 -259.181618690491 0.699999975040555 2.24975007586181 -241.89667403698 0.699999975040555 1.16455624811351 -242.346182465553 0.699999975040555 -1.16455624811351 -242.346182465553 0.699999975040555 1.16455624811351 -233.65381360054 0.699999975040555 -2.24975007586181 -241.89667403698 0.699999975040555 -3.18162702023983 -241.181626915932 0.699999975040555 -4.49950015172362 -238.000005483627 0.699999975040555 -4.3461830355227 -236.835449934006 0.699999975040555 -3.89668135903776 -235.750243067741 0.699999975040555 -3.18162702023983 -234.818369150162 0.699999975040555 3.89668135903776 -235.750243067741 0.699999975040555 -3.89668135903776 -240.249752998352 0.699999975040555 -4.3461830355227 -239.164561033249 0.699999975040555 -2.24975007586181 -234.103322029114 0.699999975040555 5.52863115444779 -219.500005245209 0.699999975040555 6.55776215717196 -231.000006198883 0.699999975040555 7.40829005360721E-16 -219.500496983528 0.699999975040555 -18.7577623873949 -219.500005245209 0.699999975040555 -2.24975007586181 -220.103323459625 0.699999975040555 -1.16455624811351 -219.653815031052 0.699999975040555 1.16455624811351 -219.653815031052 0.699999975040555 3.89668135903776 -221.750244498253 0.699999975040555 4.3461830355227 -222.835436463356 0.699999975040555 4.49950015172362 -224.000006914139 0.699999975040555 4.3461830355227 -225.16456246376 0.699999975040555 3.89668135903776 -226.249754428864 0.699999975040555 3.18162702023983 -227.181628346443 0.699999975040555 -1.16455624811351 -228.346183896065 0.699999975040555 2.24975007586181 -220.103323459625 0.699999975040555 3.18162702023983 -220.818370580673 0.699999975040555 2.24975007586181 -227.896675467491 0.699999975040555 1.16455624811351 -228.346183896065 0.699999975040555 -1.36032033423211E-15 -228.499501943588 0.699999975040555 -2.24975007586181 -227.896675467491 0.699999975040555 -3.18162702023983 -227.181628346443 0.699999975040555 -3.89668135903776 -221.750244498253 0.699999975040555 -3.18162702023983 -220.818370580673 0.699999975040555 -4.3461830355227 -222.835436463356 0.699999975040555 -3.89668135903776 -226.249754428864 0.699999975040555 -4.3461830355227 -225.16456246376 0.699999975040555 -4.49950015172362 -224.000006914139 0.699999975040555 5.52863115444779 -210.500001907349 0.699999975040555 6.55776215717196 -219.500005245209 0.699999975040555 7.40829005360721E-16 -210.500493645668 0.699999975040555 -18.7577623873949 -210.500001907349 0.699999975040555 -2.24975007586181 -211.103320121765 0.699999975040555 -1.16455624811351 -210.653811693192 0.699999975040555 1.16455624811351 -210.653811693192 0.699999975040555 3.89668135903776 -212.750256061554 0.699999975040555 4.3461830355227 -213.835448026657 0.699999975040555 4.49950015172362 -215.000003576279 0.699999975040555 4.3461830355227 -216.1645591259 0.699999975040555 3.89668135903776 -217.249751091003 0.699999975040555 3.18162702023983 -218.181625008583 0.699999975040555 -1.36032033423211E-15 -219.499498605728 0.699999975040555 2.24975007586181 -218.896687030792 0.699999975040555 1.16455624811351 -219.346180558205 0.699999975040555 -1.16455624811351 -219.346180558205 0.699999975040555 2.24975007586181 -211.103320121765 0.699999975040555 6.55776215717196 -242.500007152557 0.699999975040555 -4.49950015172362 -246.999993920326 0.699999975040555 6.55776215717196 -210.500001907349 0.699999975040555 -4.49950015172362 -215.000003576279 0.699999975040555 5.52863115444779 -119.000002741814 0.699999975040555 6.55776215717196 -119.000002741814 0.699999975040555 -4.3461830355227 -204.835444688797 0.699999975040555 -4.49950015172362 -206.000000238419 0.699999975040555 5.52863115444779 -18.5000002384186 0.699999975040555 6.55776215717196 -18.5000002384186 0.699999975040555 -18.7577623873949 -18.5000002384186 0.699999975040555 -4.3461830355227 -30.8354441076517 0.699999975040555 -4.49950015172362 -32.0000015199184 0.699999975040555 5.52863115444779 -7.00000021606684 0.699999975040555 6.55776215717196 -7.00000021606684 0.699999975040555 -18.7577623873949 -7.00000021606684 0.699999975040555 -4.49950015172362 -14.0000004321337 0.699999975040555 5.52863115444779 4.4999998062849 0.699999975040555 6.55776215717196 4.4999998062849 0.699999975040555 -18.7577623873949 4.4999998062849 0.699999975040555 -4.3461830355227 1.16455624811351 0.699999975040555 -4.49950015172362 0 0.699999975040555 5.52863115444779 13.5000003501773 0.699999975040555 6.55776215717196 13.5000003501773 0.699999975040555 -18.7577623873949 13.5000003501773 0.699999975040555 -4.49950015172362 8.99999961256981 0.699999975040555 3.18162702023983 -252.818375825882 0.699999975040555 2.24975007586181 -252.103328704834 0.699999975040555 5.52863115444779 27.2497497498989 0.699999975040555 -18.7577623873949 32.0000015199184 0.699999975040555 5.52863115444779 32.0000015199184 0.699999975040555 6.55776215717196 31.9565460085869 0.699999975040555 6.55776215717196 27.2497497498989 0.699999975040555 5.9000002220273 -291.500002145767 0.699999975040555 6.55776215717196 -291.456550359726 0.699999975040555 5.9000002220273 32.0000015199184 0.699999975040555 -18.7577623873949 27.2497497498989 0.699999975040555 -4.49950015172362 17.9999992251396 0.699999975040555 -1.16455624811351 13.6538166552782 0.699999975040555 5.57857346627754E-15 13.5004995390773 0.699999975040555 -4.3461830355227 16.835443675518 0.699999975040555 -3.89668135903776 15.7502498477697 0.699999975040555 3.18162702023983 14.8183731362224 0.699999975040555 3.89668135903776 15.7502498477697 0.699999975040555 -3.18162702023983 14.8183731362224 0.699999975040555 1.16455624811351 13.6538166552782 0.699999975040555 2.24975007586181 14.1033185645938 0.699999975040555 4.3461830355227 19.1645566374063 0.699999975040555 3.89668135903776 20.2497504651546 0.699999975040555 -2.24975007586181 14.1033185645938 0.699999975040555 4.3461830355227 16.835443675518 0.699999975040555 4.49950015172362 17.9999992251396 0.699999975040555 -3.18162702023983 21.1816262453794 0.699999975040555 -3.89668135903776 20.2497504651546 0.699999975040555 3.18162702023983 21.1816262453794 0.699999975040555 2.24975007586181 21.896680817008 0.699999975040555 -4.3461830355227 19.1645566374063 0.699999975040555 -1.16455624811351 22.3461836576462 0.699999975040555 -2.24975007586181 21.896680817008 0.699999975040555 1.16455624811351 22.3461836576462 0.699999975040555 7.67972265077401E-15 22.4994998425245 0.699999975040555 2.24975007586181 5.1033184863627 0.699999975040555 3.18162702023983 5.81837305799127 0.699999975040555 -3.89668135903776 6.75024976953864 0.699999975040555 -3.18162702023983 5.81837305799127 0.699999975040555 3.89668135903776 6.75024976953864 0.699999975040555 4.3461830355227 7.83544406294823 0.699999975040555 -4.3461830355227 7.83544406294823 0.699999975040555 -2.24975007586181 5.1033184863627 0.699999975040555 -1.16455624811351 4.65381657704711 0.699999975040555 4.49950015172362 8.99999961256981 0.699999975040555 4.3461830355227 10.164556093514 0.699999975040555 -2.24975007586181 -218.896687030792 0.699999975040555 -3.18162702023983 -218.181625008583 0.699999975040555 -4.3461830355227 -213.835448026657 0.699999975040555 -3.89668135903776 -212.750256061554 0.699999975040555 -3.18162702023983 -211.818367242813 0.699999975040555 3.18162702023983 -211.818367242813 0.699999975040555 -3.89668135903776 -217.249751091003 0.699999975040555 -4.3461830355227 -216.1645591259 0.699999975040555 7.40829005360721E-16 -201.500505208969 0.699999975040555 -18.7577623873949 -119.000002741814 0.699999975040555 -2.24975007586181 -202.103316783905 0.699999975040555 -1.16455624811351 -201.653823256493 0.699999975040555 1.16455624811351 -201.653823256493 0.699999975040555 3.89668135903776 -203.750252723694 0.699999975040555 4.3461830355227 -204.835444688797 0.699999975040555 4.49950015172362 -206.000000238419 0.699999975040555 3.89668135903776 -208.249747753143 0.699999975040555 3.18162702023983 -209.181621670723 0.699999975040555 7.40829005360721E-16 -233.500495553017 0.699999975040555 -3.18162702023983 -243.818372488022 0.699999975040555 -3.89668135903776 -244.750246405602 0.699999975040555 -4.3461830355227 -245.835438370705 0.699999975040555 -4.3461830355227 -248.164549469948 0.699999975040555 -1.36032033423211E-15 -210.499495267868 0.699999975040555 2.24975007586181 -202.103316783905 0.699999975040555 3.18162702023983 -202.818378806114 0.699999975040555 4.3461830355227 -207.16455578804 0.699999975040555 2.24975007586181 -209.896683692932 0.699999975040555 1.16455624811351 -210.346177220345 0.699999975040555 -1.16455624811351 -210.346177220345 0.699999975040555 -3.89668135903776 -203.750252723694 0.699999975040555 -2.24975007586181 -209.896683692932 0.699999975040555 -3.18162702023983 -209.181621670723 0.699999975040555 -3.18162702023983 -202.818378806114 0.699999975040555 -1.16455624811351 13.3461831137538 0.699999975040555 -2.24975007586181 12.8966812044382 0.699999975040555 -1.36032033423211E-15 4.50049992650747 0.699999975040555 1.16455624811351 4.65381657704711 0.699999975040555 3.18162702023983 12.1816266328096 0.699999975040555 2.24975007586181 12.8966812044382 0.699999975040555 -3.89668135903776 11.2497499212623 0.699999975040555 -4.3461830355227 10.164556093514 0.699999975040555 3.89668135903776 11.2497499212623 0.699999975040555 1.16455624811351 13.3461831137538 0.699999975040555 -3.18162702023983 12.1816266328096 0.699999975040555 7.40829005360721E-16 13.4995002299547 0.699999975040555 -4.3461830355227 -1.16455624811351 0.699999975040555 -3.18162702023983 -3.18162702023983 0.699999975040555 -2.24975007586181 -3.89668135903776 0.699999975040555 -3.89668135903776 -2.24975007586181 0.699999975040555 3.89668135903776 -2.24975007586181 0.699999975040555 4.3461830355227 -1.16455624811351 0.699999975040555 1.16455624811351 -4.3461830355227 0.699999975040555 2.24975007586181 -3.89668135903776 0.699999975040555 4.49950015172362 1.44714958652938E-15 0.699999975040555 4.3461830355227 1.16455624811351 0.699999975040555 -1.16455624811351 -4.3461830355227 0.699999975040555 3.18162702023983 -3.18162702023983 0.699999975040555 3.18162702023983 3.18162702023983 0.699999975040555 2.24975007586181 3.89668135903776 0.699999975040555 -1.39452177101934E-15 -4.49950015172362 0.699999975040555 3.89668135903776 2.24975007586181 0.699999975040555 -1.16455624811351 4.3461830355227 0.699999975040555 -2.24975007586181 3.89668135903776 0.699999975040555 1.16455624811351 4.3461830355227 0.699999975040555 -3.89668135903776 2.24975007586181 0.699999975040555 7.06627568573491E-16 4.49950015172362 0.699999975040555 -3.18162702023983 3.18162702023983 0.699999975040555 -2.24975007586181 -10.1033188402653 0.699999975040555 -3.18162702023983 -10.8183734118938 0.699999975040555 3.89668135903776 -11.7502501234412 0.699999975040555 3.18162702023983 -10.8183734118938 0.699999975040555 -3.89668135903776 -11.7502501234412 0.699999975040555 -4.3461830355227 -12.8354439511895 0.699999975040555 -4.3461830355227 -15.1645559817553 0.699999975040555 2.24975007586181 -10.1033188402653 0.699999975040555 1.16455624811351 -9.65381693094969 0.699999975040555 3.89668135903776 -16.2497498095036 0.699999975040555 4.3461830355227 -15.1645559817553 0.699999975040555 -1.16455624811351 -9.65381693094969 0.699999975040555 1.16455624811351 -18.3461830019951 0.699999975040555 2.24975007586181 -17.8966820240021 0.699999975040555 4.49950015172362 -14.0000004321337 0.699999975040555 4.3461830355227 -12.8354439511895 0.699999975040555 7.67972265077401E-15 -9.50049981474876 0.699999975040555 -3.18162702023983 -17.1816274523735 0.699999975040555 -2.24975007586181 -17.8966820240021 0.699999975040555 3.18162702023983 -17.1816274523735 0.699999975040555 -3.89668135903776 -16.2497498095036 0.699999975040555 -1.16455624811351 -18.3461830019951 0.699999975040555 -3.18162702023983 -259.181618690491 0.699999975040555 -2.24975007586181 -259.896695613861 0.699999975040555 -3.89668135903776 -258.249759674072 0.699999975040555 -1.16455624811351 -260.346174240112 0.699999975040555 3.89668135903776 -253.750264644623 0.699999975040555 1.16455624811351 -251.65382027626 0.699999975040555 -1.36032033423211E-15 -260.499507188797 0.699999975040555 7.40829005360721E-16 -251.500487327576 0.699999975040555 -1.16455624811351 -251.65382027626 0.699999975040555 5.57857346627754E-15 -18.4994991868734 0.699999975040555 1.16455624811351 -18.6538174748421 0.699999975040555 7.40829005360721E-16 -18.5004994273186 0.699999975040555 -3.18162702023983 -35.1816266775131 0.699999975040555 -2.24975007586181 -35.8966812491417 0.699999975040555 -3.18162702023983 -19.8183730244637 0.699999975040555 -3.89668135903776 -20.7502506673336 0.699999975040555 -4.3461830355227 -33.16455706954 0.699999975040555 -3.89668135903776 -34.2497490346432 0.699999975040555 -1.39452177101934E-15 -36.4995002746582 0.699999975040555 -2.24975007586181 -19.1033184528351 0.699999975040555 -4.3461830355227 -21.8354444950819 0.699999975040555 -1.16455624811351 -36.3461822271347 0.699999975040555 3.18162702023983 -35.1816266775131 0.699999975040555 3.89668135903776 -34.2497490346432 0.699999975040555 -1.16455624811351 -18.6538174748421 0.699999975040555 -3.89668135903776 -29.7502502799034 0.699999975040555 1.16455624811351 -36.3461822271347 0.699999975040555 2.24975007586181 -35.8966812491417 0.699999975040555 -2.24975007586181 -26.8966816365719 0.699999975040555 -3.18162702023983 -28.8183726370335 0.699999975040555 -4.49950015172362 -23.0000000447035 0.699999975040555 3.89668135903776 -25.2497494220734 0.699999975040555 4.3461830355227 -30.8354441076517 0.699999975040555 3.89668135903776 -29.7502502799034 0.699999975040555 4.3461830355227 -21.8354444950819 0.699999975040555 3.89668135903776 -20.7502506673336 0.699999975040555 4.49950015172362 -32.0000015199184 0.699999975040555 -4.3461830355227 -24.1645555943251 0.699999975040555 -3.89668135903776 -25.2497494220734 0.699999975040555 3.18162702023983 -19.8183730244637 0.699999975040555 -3.18162702023983 -26.1816270649433 0.699999975040555 4.3461830355227 -33.16455706954 0.699999975040555 4.49950015172362 -23.0000000447035 0.699999975040555 2.24975007586181 -19.1033184528351 0.699999975040555 3.18162702023983 -28.8183726370335 0.699999975040555 2.24975007586181 -28.1033180654049 0.699999975040555 4.3461830355227 -24.1645555943251 0.699999975040555 3.18162702023983 -26.1816270649433 0.699999975040555 -2.24975007586181 -28.1033180654049 0.699999975040555 -1.16455624811351 -27.3461826145649 0.699999975040555 -1.16455624811351 -27.6538170874119 0.699999975040555 2.24975007586181 -26.8966816365719 0.699999975040555 1.16455624811351 -27.6538170874119 0.699999975040555 1.16455624811351 -27.3461826145649 0.699999975040555 7.06627568573491E-16 -27.5005009025335 0.699999975040555 -1.36032033423211E-15 -27.4995006620884 0.699999975040555 -3.89668135903776 -208.249747753143 0.699999975040555 -4.3461830355227 -207.16455578804 45.6500016152859 -27.6847798377275 -220.750346779823 45.6500016152859 -30.8999996632338 -214.75000679493 45.6500016152859 -28.1308684498072 -220.817357301712 45.6500016152859 -28.8996733725071 -221.274927258492 45.6500016152859 -34.7499996423721 -214.75000679493 45.6500016152859 -34.7499996423721 -230.250000953674 45.6500016152859 -29.1713085025549 -223.364934325218 45.6500016152859 -29.3418616056442 -222.947329282761 45.6500016152859 -30.8999996632338 -230.250000953674 45.6500016152859 -28.8996733725071 -223.725080490112 45.6500016152859 -30.8999996632338 -206.373736262321 45.6500016152859 -26.3999998569489 -216.342568397522 45.6500016152859 -28.4000001847744 -204.999998211861 45.6500016152859 -27.2363815456629 -220.799580216408 45.6500016152859 -29.1713085025549 -221.635058522224 45.6500016152859 -28.5450033843517 -224.003821611404 45.6500016152859 -28.1308684498072 -224.182635545731 45.6500016152859 -26.3999998569489 -228.657439351082 45.6500016152859 -27.6847798377275 -224.249660968781 45.6500016152859 -28.4000001847744 -239.999994635582 45.6500016152859 -26.8154665827751 -220.961809158325 45.6500016152859 -27.2363815456629 -224.200412631035 45.6500016152859 -26.8154665827751 -224.038198590279 45.6500016152859 -26.4500007033348 -221.22623026371 45.6500016152859 -28.5450033843517 -220.996186137199 45.6500016152859 -26.4500007033348 -223.773777484894 45.6500016152859 -30.8999996632338 -238.626256585121 45.6500016152859 -30.4000005125999 -239.999994635582 45.6500016152859 -29.4000003486872 -222.499996423721 45.6500016152859 -29.3418616056442 -222.052663564682 45.6500016152859 -30.4000005125999 -204.999998211861 6.88236206769943 -37.5000014901161 -266.431838274002 7.40000000223517 -36.6000011563301 -266.499996185303 7.40000000223517 -37.5000014901161 -266.499996185303 7.91763793677092 -36.6000011563301 -266.431838274002 7.91763793677092 -37.5000014901161 -266.431838274002 8.39999970048666 -36.6000011563301 -266.232043504715 8.39999970048666 -37.5000014901161 -266.232043504715 8.81421379745007 -36.6000011563301 -265.91420173645 8.81421379745007 -37.5000014901161 -265.91420173645 9.13205090910196 -36.6000011563301 -265.500009059906 9.13205090910196 -37.5000014901161 -265.500009059906 9.33185126632452 -36.6000011563301 -265.017628669739 9.33185126632452 -37.5000014901161 -265.017628669739 9.39999986439943 -36.6000011563301 -264.499992132187 9.39999986439943 -37.5000014901161 -264.499992132187 6.3999998383224 -37.5000014901161 -266.232043504715 6.88236206769943 -36.6000011563301 -266.431838274002 5.98578620702028 -37.5000014901161 -265.91420173645 6.3999998383224 -36.6000011563301 -266.232043504715 5.66794909536839 -37.5000014901161 -265.500009059906 5.98578620702028 -36.6000011563301 -265.91420173645 5.46814827248454 -37.5000014901161 -265.017628669739 5.66794909536839 -36.6000011563301 -265.500009059906 5.40000014007092 -37.5000014901161 -264.499992132187 5.46814827248454 -36.6000011563301 -265.017628669739 5.46814827248454 -37.5000014901161 -263.982355594635 5.40000014007092 -36.6000011563301 -264.499992132187 5.66794909536839 -37.5000014901161 -263.50000500679 5.46814827248454 -36.6000011563301 -263.982355594635 6.3999998383224 -37.5000014901161 -262.767940759659 5.98578620702028 -36.6000011563301 -263.085782527924 5.98578620702028 -37.5000014901161 -263.085782527924 6.88236206769943 -37.5000014901161 -262.568145990372 6.3999998383224 -36.6000011563301 -262.767940759659 9.33185126632452 -36.6000011563301 -263.982355594635 7.40000000223517 -37.5000014901161 -262.499988079071 6.88236206769943 -36.6000011563301 -262.568145990372 7.91763793677092 -37.5000014901161 -262.568145990372 7.40000000223517 -36.6000011563301 -262.499988079071 8.39999970048666 -37.5000014901161 -262.767940759659 7.91763793677092 -36.6000011563301 -262.568145990372 8.81421379745007 -37.5000014901161 -263.085782527924 8.39999970048666 -36.6000011563301 -262.767940759659 9.13205090910196 -37.5000014901161 -263.50000500679 8.81421379745007 -36.6000011563301 -263.085782527924 9.33185126632452 -37.5000014901161 -263.982355594635 9.13205090910196 -36.6000011563301 -263.50000500679 5.66794909536839 -36.6000011563301 -263.50000500679 19.8500007390976 -36.6000011563301 -209.999993443489 8.81421379745007 -36.6000011563301 26.0857865214348 8.39999970048666 -36.6000011563301 25.7679484784603 25.3500007092953 -36.6000011563301 -204.999998211861 25.3500007092953 -36.6000011563301 -209.999993443489 8.81421379745007 -36.6000011563301 -263.085782527924 28.2000005245209 -36.6000011563301 -239.999994635582 8.39999970048666 -36.6000011563301 -262.767940759659 28.2000005245209 -36.6000011563301 30.9999994933605 8.39999970048666 -36.6000011563301 29.2320512235165 8.81421379745007 -36.6000011563301 28.914213180542 7.40000000223517 -36.6000011563301 29.5000001788139 4.80000022798777 -36.6000011563301 30.9999994933605 6.88236206769943 -36.6000011563301 29.431851580739 7.40000000223517 -36.6000011563301 25.4999995231628 5.46814827248454 -36.6000011563301 -263.982355594635 5.66794909536839 -36.6000011563301 -263.50000500679 19.8500007390976 -36.6000011563301 -234.999999403954 9.33185126632452 -36.6000011563301 -265.017628669739 20.9999997168779 -36.6000011563301 -270.000010728836 9.39999986439943 -36.6000011563301 -264.499992132187 9.13205090910196 -36.6000011563301 -263.50000500679 9.33185126632452 -36.6000011563301 -263.982355594635 6.88236206769943 -36.6000011563301 -262.568145990372 6.3999998383224 -36.6000011563301 -262.767940759659 6.3999998383224 -36.6000011563301 29.2320512235165 5.98578620702028 -36.6000011563301 -263.085782527924 7.40000000223517 -36.6000011563301 -262.499988079071 7.91763793677092 -36.6000011563301 -262.568145990372 25.3500007092953 -36.6000011563301 -234.999999403954 9.13205090910196 -36.6000011563301 26.4999996870756 9.33185126632452 -36.6000011563301 26.9823614507914 5.98578620702028 -36.6000011563301 28.914213180542 4.80000022798777 -36.6000011563301 -292.499989271164 6.88236206769943 -36.6000011563301 25.5681481212378 6.3999998383224 -36.6000011563301 25.7679484784603 7.91763793677092 -36.6000011563301 29.431851580739 9.13205090910196 -36.6000011563301 28.5000000149012 9.33185126632452 -36.6000011563301 28.0176382511854 9.39999986439943 -36.6000011563301 27.4999998509884 25.3500007092953 -36.6000011563301 -239.999994635582 8.00000037997961 -36.6000011563301 -270.000010728836 7.40000000223517 -36.6000011563301 -266.499996185303 8.00000037997961 -36.6000011563301 -292.499989271164 8.81421379745007 -36.6000011563301 -265.91420173645 9.13205090910196 -36.6000011563301 -265.500009059906 28.2000005245209 -36.6000011563301 -292.499989271164 7.91763793677092 -36.6000011563301 -266.431838274002 8.39999970048666 -36.6000011563301 -266.232043504715 20.9999997168779 -36.6000011563301 -292.499989271164 28.2000005245209 -36.6000011563301 -204.999998211861 6.88236206769943 -36.6000011563301 -266.431838274002 6.3999998383224 -36.6000011563301 -266.232043504715 7.91763793677092 -36.6000011563301 25.5681481212378 5.66794909536839 -36.6000011563301 28.5000000149012 5.40000014007092 -36.6000011563301 -264.499992132187 5.46814827248454 -36.6000011563301 28.0176382511854 5.46814827248454 -36.6000011563301 -265.017628669739 5.98578620702028 -36.6000011563301 -265.91420173645 5.46814827248454 -36.6000011563301 26.9823614507914 5.66794909536839 -36.6000011563301 26.4999996870756 5.98578620702028 -36.6000011563301 26.0857865214348 5.66794909536839 -36.6000011563301 -265.500009059906 5.40000014007092 -36.6000011563301 27.4999998509884 -5.20417042793042E-15 -31.8000018596649 -292.499989271164 -2.95085082320202E-15 -24.098202586174 32.669872045517 -1.58463338913604E-16 -22.8922981768847 32.170370221138 -3.02086793974187E-15 -24.6699992567301 32.9999998211861 -5.20417042793042E-15 -31.8000018596649 32.9999998211861 -2.00748628296617E-15 -19.5071324706078 -291.500002145767 -2.64472306581987E-15 -21.5982031077147 32.0000015199184 -2.27853682608754E-15 -19.5071324706078 32.0000015199184 -2.64494309586281E-15 -21.6000005602837 -291.500002145767 -1.58463338913604E-16 -22.8940956294537 -291.670382022858 -2.95107085324495E-15 -24.100000038743 -292.169868946075 -3.02108796978481E-15 -24.6717967092991 -292.499989271164 1.79999996908009 8.44999961555004 -238.405659794807 2.49999994412065 7.18999980017543 -210.500001907349 2.49999994412065 7.18999980017543 -219.500005245209 1.79999996908009 8.44999961555004 -184.077829122543 2.49999994412065 7.18999980017543 -119.000002741814 2.49999994412065 7.18999980017543 -231.000006198883 2.49999994412065 7.18999980017543 -242.500007152557 1.79999996908009 8.44999961555004 -75.4221752285957 2.49999994412065 7.18999980017543 -18.5000002384186 1.79999996908009 8.44999961555004 -129.749998450279 1.79999996908009 8.44999961555004 -21.0943445563316 2.49999994412065 7.18999980017543 -251.500010490417 2.08891369402409 7.92995560914278 -291.069388389587 1.79999996908009 8.44999961555004 -290.800869464874 1.79999996908009 8.44999961555004 31.3008725643158 2.49999994412065 7.18999980017543 27.2250007838011 2.49999994412065 7.18999980017543 13.5000003501773 1.8281351076439 8.39935708791018 31.3304997980595 2.49999994412065 7.18999980017543 31.8307243287563 2.49999994412065 7.18999980017543 4.4999998062849 2.49999994412065 7.18999980017543 -7.00000021606684 2.49999994412065 7.18999980017543 -291.330724954605 1.79999996908009 10.9000001102686 -129.749998450279 1.79999996908009 8.44999961555004 -184.077829122543 1.79999996908009 10.9000001102686 -184.077829122543 1.79999996908009 10.9000001102686 -21.0943445563316 1.79999996908009 8.44999961555004 -75.4221752285957 1.79999996908009 10.9000001102686 -75.4221752285957 1.79999996908009 9.43553354591131 30.5355340242386 1.79999996908009 8.44999961555004 -21.0943445563316 1.79999996908009 10.2301267907023 29.5000001788139 1.79999996908009 10.9000001102686 28.3397454768419 1.79999996908009 9.61572397500277 -289.845645427704 1.79999996908009 8.44999961555004 -238.405659794807 1.79999996908009 8.83892644196749 -290.545076131821 1.79999996908009 10.9000001102686 -287.839740514755 1.79999996908009 10.2301267907023 -289.000004529953 1.79999996908009 8.44999961555004 -290.800869464874 1.79999996908009 10.9000001102686 -238.405659794807 1.79999996908009 8.44999961555004 31.3008725643158 1.79999996908009 8.44999961555004 -129.749998450279 1.79999996908009 10.9000001102686 -75.4221752285957 1.33471661273176E-15 10.9000001102686 28.3397454768419 1.79999996908009 10.9000001102686 -21.0943445563316 1.79999996908009 10.9000001102686 28.3397454768419 1.79999996908009 10.9000001102686 -129.749998450279 1.33471661273176E-15 10.9000001102686 -287.839740514755 1.79999996908009 10.9000001102686 -184.077829122543 1.79999996908009 10.9000001102686 -238.405659794807 1.79999996908009 10.9000001102686 -287.839740514755 1.25268997107097E-15 10.2301267907023 29.5000001788139 1.33471661273176E-15 10.9000001102686 -287.839740514755 1.25268997107097E-15 10.2301267907023 -289.000004529953 8.81063984835344E-16 7.30713224038482 31.7979156970978 2.49026678366393E-16 7.93368276208639 -291.067719459534 5.31048629770064E-15 7.30713224038482 -291.297912597656 3.06127679833964E-16 8.39999970048666 31.3301272690296 1.33471661273176E-15 10.9000001102686 28.3397454768419 4.32929918244974E-16 9.43553354591131 30.5355340242386 4.54994366548761E-16 9.61572397500277 -289.845645427704 3.59874670712786E-16 8.83892644196749 -290.545076131821 0.643078063149005 -34.2000015079975 -292.499989271164 0.163556032930501 -33.0423302948475 32.9999998211861 0.163556032930501 -33.0423302948475 -292.499989271164 1.40588742215186 -35.1941138505936 -292.499989271164 0.643078063149005 -34.2000015079975 32.9999998211861 3.99395357817411 -36.5318395197392 30.9999994933605 4.80000022798777 -36.6000011563301 -292.499989271164 4.80000022798777 -36.6000011563301 30.9999994933605 3.55766853317618 -36.4364422857761 -292.499989271164 3.56775405816734 -36.4391356706619 31.496450304985 2.40000011399388 -35.9569229185581 -292.499989271164 2.40000011399388 -35.9569229185581 32.8566916286945 1.40588742215186 -35.1941138505936 32.9999998211861 2.27697170339525 -35.8834229409695 32.9999998211861 -5.20417042793042E-15 -31.8000018596649 32.9999998211861 -5.20417042793042E-15 -31.8000018596649 -292.499989271164 29.6000000089407 -36.2248718738556 30.9999994933605 30.1798991858959 -35.7799008488655 -292.499989271164 30.1798991858959 -35.7799008488655 30.9999994933605 28.9246924221516 -36.5045927464962 -292.499989271164 28.2000005245209 -36.6000011563301 -239.999994635582 28.2000005245209 -36.6000011563301 -292.499989271164 28.9246924221516 -36.5045927464962 30.9999994933605 29.6000000089407 -36.2248718738556 -292.499989271164 30.624870210886 -35.1999998092651 -292.499989271164 30.624870210886 -35.1999998092651 30.9999994933605 30.9045929461718 -34.5246940851212 -292.499989271164 30.9045929461718 -34.5246940851212 30.9999994933605 30.9999994933605 -33.7999984622002 -292.499989271164 30.9999994933605 -33.7999984622002 30.9999994933605 28.2000005245209 -36.6000011563301 -204.999998211861 28.2000005245209 -36.6000011563301 30.9999994933605 30.9999994933605 -33.7999984622002 -292.499989271164 30.9999994933605 -32.8949987888336 -4.00000018998981 30.9999994933605 -33.1499986350536 27.7999993413687 30.9999994933605 -31.2650017440319 27.7999993413687 30.9999994933605 -31.2650017440319 -4.00000018998981 30.9999994933605 -33.7999984622002 30.9999994933605 30.9999994933605 -32.8949987888336 -292.499989271164 30.9999994933605 -33.1499986350536 30.9999994933605 29.2000006884336 -31.2650017440319 27.7999993413687 29.2000006884336 -32.8949987888336 -4.00000018998981 29.2000006884336 -33.1499986350536 27.7999993413687 29.2000006884336 -33.7999984622002 -292.499989271164 29.2000006884336 -32.8949987888336 -292.499989271164 29.2000006884336 -33.7999984622002 30.9999994933605 29.2000006884336 -31.2650017440319 -4.00000018998981 29.2000006884336 -33.1499986350536 30.9999994933605 29.1659254580736 -34.0588204562664 30.9999994933605 29.2000006884336 -33.7999984622002 -292.499989271164 29.1659254580736 -34.0588204562664 -292.499989271164 29.0660262107849 -34.2999994754791 30.9999994933605 29.0660262107849 -34.2999994754791 -292.499989271164 28.6999996751547 -34.6660241484642 30.9999994933605 28.9071071892977 -34.5071069896221 -292.499989271164 28.6999996751547 -34.6660241484642 -292.499989271164 28.4588187932968 -34.7659252583981 30.9999994933605 28.4588187932968 -34.7659252583981 -292.499989271164 28.9071071892977 -34.5071069896221 30.9999994933605 29.2000006884336 -33.7999984622002 30.9999994933605 28.2000005245209 -34.8000004887581 30.9999994933605 28.2000005245209 -34.8000004887581 -292.499989271164 28.2000005245209 -34.8000004887581 -292.499989271164 20.9999997168779 -34.8000004887581 -270.000010728836 28.2000005245209 -34.8000004887581 30.9999994933605 20.9999997168779 -34.8000004887581 -292.499989271164 8.00000037997961 -34.8000004887581 -270.000010728836 4.80000022798777 -34.8000004887581 -292.499989271164 4.80000022798777 -34.8000004887581 30.9999994933605 8.00000037997961 -34.8000004887581 -292.499989271164 1.79999996908009 -31.8000018596649 32.9999998211861 1.90222251694649 -32.5764566659927 -292.499989271164 1.79999996908009 -31.8000018596649 -292.499989271164 4.02354309335351 -34.6977785229683 30.9999994933605 4.80000022798777 -34.8000004887581 -292.499989271164 4.02354309335351 -34.6977785229683 -292.499989271164 3.29999998211861 -34.3980751931667 31.8083427846432 2.67867976799607 -33.9213199913502 -292.499989271164 2.67867976799607 -33.9213199913502 32.5320772826672 2.20192386768758 -33.3000011742115 -292.499989271164 3.29999998211861 -34.3980751931667 -292.499989271164 3.99395357817411 -34.68968719244 30.9999994933605 1.90222251694649 -32.5764566659927 32.9999998211861 2.20192386768758 -33.3000011742115 32.9999998211861 4.80000022798777 -34.8000004887581 30.9999994933605 2.27697170339525 -33.4230624139309 32.9999998211861 1.79999996908009 -21.5982031077147 32.0000015199184 1.79999996908009 -21.6000005602837 -291.500002145767 1.79999996908009 -20.6499993801117 32.0000015199184 1.79999996908009 -24.098202586174 32.669872045517 1.79999996908009 -31.8000018596649 -292.499989271164 1.79999996908009 -22.8922981768847 32.170370221138 1.79999996908009 -22.8940956294537 -291.670382022858 1.79999996908009 -20.6499993801117 -291.500002145767 1.79999996908009 -24.6717967092991 -292.499989271164 1.79999996908009 -24.100000038743 -292.169868946075 1.79999996908009 -31.8000018596649 32.9999998211861 1.79999996908009 -24.6699992567301 32.9999998211861 2.49999994412065 -19.3900000303984 13.5000003501773 1.79999996908009 -20.6499993801117 32.0000015199184 2.49999994412065 -19.3900000303984 4.4999998062849 2.49999994412065 -19.3900000303984 -7.00000021606684 2.49999994412065 -19.3900000303984 -119.000002741814 2.49999994412065 -19.3900000303984 -210.500001907349 2.49999994412065 -19.3900000303984 -18.5000002384186 2.49999994412065 -19.3900000303984 -219.500005245209 2.49999994412065 -19.3900000303984 27.2250007838011 2.49999994412065 -19.3900000303984 32.0000015199184 1.79999996908009 -20.6499993801117 -291.500002145767 2.49999994412065 -19.3900000303984 -231.000006198883 2.49999994412065 -19.3900000303984 -242.500007152557 2.49999994412065 -19.3900000303984 -251.500010490417 2.49999994412065 -19.3900000303984 -291.500002145767 2.49999994412065 -4.29836986586452 -33.1517457962036 2.49999994412065 -19.3900000303984 -119.000002741814 2.49999994412065 -3.85381304658949 -34.2249982059002 2.49999994412065 -19.3900000303984 -18.5000002384186 2.49999994412065 -3.85381304658949 -29.7749992460012 2.49999994412065 -3.14662512391806 -28.8533754646778 2.49999994412065 -4.44999989122152 -23.0000000447035 2.49999994412065 -4.29836986586452 -24.1517443209887 2.49999994412065 -4.29836986586452 -30.8482553809881 2.49999994412065 -3.85381304658949 -25.2250004559755 2.49999994412065 -2.22499994561076 -28.1461868435144 2.49999994412065 5.82000007852912 -18.5000002384186 2.49999994412065 7.18999980017543 -119.000002741814 2.49999994412065 7.18999980017543 -18.5000002384186 2.49999994412065 3.14662512391806 -17.1466246247292 2.49999994412065 2.22499994561076 -17.8538132458925 2.49999994412065 4.29836986586452 -15.1517447084188 2.49999994412065 3.85381304658949 -16.2250008434057 2.49999994412065 -1.15174474194646 -18.2983707636595 2.49999994412065 -2.22499994561076 -17.8538132458925 2.49999994412065 4.44999989122152 -14.0000004321337 2.49999994412065 1.15174474194646 -18.2983707636595 2.49999994412065 5.37218363163944E-15 -18.4499993920326 2.49999994412065 -19.3900000303984 -7.00000021606684 2.49999994412065 -2.22499994561076 -10.1461866870522 2.49999994412065 -1.15174474194646 -9.70163010060787 2.49999994412065 -3.85381304658949 -11.7750000208616 2.49999994412065 -3.14662512391806 -10.853374376893 2.49999994412065 5.82000007852912 -7.00000021606684 2.49999994412065 2.22499994561076 -10.1461866870522 2.49999994412065 3.14662512391806 -10.853374376893 2.49999994412065 -3.14662512391806 -17.1466246247292 2.49999994412065 -3.85381304658949 -16.2250008434057 2.49999994412065 1.15174474194646 -9.70163010060787 2.49999994412065 3.85381304658949 -11.7750000208616 2.49999994412065 4.29836986586452 -12.8482552245259 2.49999994412065 -4.29836986586452 -15.1517447084188 2.49999994412065 -4.44999989122152 -14.0000004321337 2.49999994412065 7.45021808109872E-15 -9.54999960958958 2.49999994412065 -4.29836986586452 -12.8482552245259 2.49999994412065 3.85381304658949 -29.7749992460012 2.49999994412065 4.29836986586452 -24.1517443209887 2.49999994412065 3.14662512391806 -28.8533754646778 2.49999994412065 -19.3900000303984 4.4999998062849 2.49999994412065 5.11324073793915E-16 4.44999989122152 2.49999994412065 5.82000007852912 4.4999998062849 2.49999994412065 1.15174474194646 -4.29836986586452 2.49999994412065 -1.56671006547264E-15 -4.44999989122152 2.49999994412065 3.14662512391806 3.14662512391806 2.49999994412065 3.85381304658949 2.22499994561076 2.49999994412065 4.29836986586452 -1.15174474194646 2.49999994412065 3.85381304658949 -2.22499994561076 2.49999994412065 -3.85381304658949 2.22499994561076 2.49999994412065 -3.14662512391806 3.14662512391806 2.49999994412065 1.15174474194646 4.29836986586452 2.49999994412065 2.22499994561076 3.85381304658949 2.49999994412065 4.29836986586452 1.15174474194646 2.49999994412065 2.22499994561076 -28.1461868435144 2.49999994412065 1.15174474194646 -27.2983703762293 2.49999994412065 1.15174474194646 -27.7016293257475 2.49999994412065 3.85381304658949 -20.7749996334314 2.49999994412065 4.29836986586452 -21.8482557684183 2.49999994412065 5.11324073793915E-16 -18.5499992221594 2.49999994412065 -3.85381304658949 -20.7749996334314 2.49999994412065 -3.14662512391806 -19.8533739894629 2.49999994412065 4.29836986586452 -30.8482553809881 2.49999994412065 5.11324073793915E-16 -27.5500006973743 2.49999994412065 1.15174474194646 -18.7016297131777 2.49999994412065 2.22499994561076 -19.1461872309446 2.49999994412065 -4.29836986586452 -21.8482557684183 2.49999994412065 -1.56671006547264E-15 -36.4499986171722 2.49999994412065 5.82000007852912 -119.000002741814 2.49999994412065 -3.14662512391806 -26.1466260999441 2.49999994412065 -2.22499994561076 -19.1461872309446 2.49999994412065 -1.15174474194646 -36.2983681261539 2.49999994412065 1.15174474194646 -36.2983681261539 2.49999994412065 2.22499994561076 -35.8538143336773 2.49999994412065 3.85381304658949 -34.2249982059002 2.49999994412065 4.29836986586452 -33.1517457962036 2.49999994412065 4.44999989122152 -23.0000000447035 2.49999994412065 3.14662512391806 -35.1466238498688 2.49999994412065 4.44999989122152 -32.0000015199184 2.49999994412065 7.18999980017543 -210.500001907349 2.49999994412065 -3.85381304658949 -203.775003552437 2.49999994412065 -19.3900000303984 -210.500001907349 2.49999994412065 -4.29836986586452 -204.848259687424 2.49999994412065 5.11324073793915E-16 -201.550006866455 2.49999994412065 -1.15174474194646 -201.701626181602 2.49999994412065 -3.85381304658949 -208.2249969244 2.49999994412065 -3.14662512391806 -209.146618843079 2.49999994412065 -2.22499994561076 -202.14618742466 2.49999994412065 -3.14662512391806 -202.853381633759 2.49999994412065 3.85381304658949 -25.2250004559755 2.49999994412065 -1.56671006547264E-15 -27.4500008672476 2.49999994412065 -1.15174474194646 -27.7016293257475 2.49999994412065 2.22499994561076 -26.8538128584623 2.49999994412065 3.14662512391806 -26.1466260999441 2.49999994412065 3.14662512391806 -19.8533739894629 2.49999994412065 -1.15174474194646 -18.7016297131777 2.49999994412065 -4.44999989122152 -32.0000015199184 2.49999994412065 -3.14662512391806 -35.1466238498688 2.49999994412065 -2.22499994561076 -26.8538128584623 2.49999994412065 -1.15174474194646 -27.2983703762293 2.49999994412065 -2.22499994561076 -35.8538143336773 2.49999994412065 7.18999980017543 -7.00000021606684 2.49999994412065 4.44999989122152 1.4312291514723E-15 2.49999994412065 3.14662512391806 -3.14662512391806 2.49999994412065 2.22499994561076 -3.85381304658949 2.49999994412065 -3.14662512391806 -3.14662512391806 2.49999994412065 -3.85381304658949 -2.22499994561076 2.49999994412065 -2.22499994561076 3.85381304658949 2.49999994412065 -1.15174474194646 4.29836986586452 2.49999994412065 -1.15174474194646 -4.29836986586452 2.49999994412065 -2.22499994561076 -3.85381304658949 2.49999994412065 -4.44999989122152 1.08993567150384E-15 2.49999994412065 -4.29836986586452 1.15174474194646 2.49999994412065 -4.29836986586452 -1.15174474194646 2.49999994412065 7.18999980017543 4.4999998062849 2.49999994412065 5.82000007852912 13.5000003501773 2.49999994412065 5.11324073793915E-16 13.4500004351139 2.49999994412065 1.15174474194646 13.2983699440956 2.49999994412065 -4.44999989122152 -206.000000238419 2.49999994412065 -4.29836986586452 -207.151740789413 2.49999994412065 -2.22499994561076 -209.853813052177 2.49999994412065 -1.15174474194646 -210.298374295235 2.49999994412065 -1.56671006547264E-15 -210.449993610382 2.49999994412065 5.82000007852912 -210.500001907349 2.49999994412065 1.15174474194646 -210.298374295235 2.49999994412065 4.29836986586452 -204.848259687424 2.49999994412065 3.85381304658949 -203.775003552437 2.49999994412065 3.14662512391806 -202.853381633759 2.49999994412065 2.22499994561076 -209.853813052177 2.49999994412065 3.14662512391806 -209.146618843079 2.49999994412065 3.85381304658949 -208.2249969244 2.49999994412065 4.29836986586452 -207.151740789413 2.49999994412065 2.22499994561076 -202.14618742466 2.49999994412065 1.15174474194646 -201.701626181602 2.49999994412065 4.44999989122152 -206.000000238419 2.49999994412065 7.18999980017543 -219.500005245209 2.49999994412065 5.11324073793915E-16 -210.549995303154 2.49999994412065 -1.15174474194646 -210.701629519463 2.49999994412065 -19.3900000303984 13.5000003501773 2.49999994412065 -2.22499994561076 12.8538133576512 2.49999994412065 -1.15174474194646 13.2983699440956 2.49999994412065 3.14662512391806 12.1466247364879 2.49999994412065 3.85381304658949 11.2250000238419 2.49999994412065 1.15174474194646 4.70163021236658 2.49999994412065 -1.56671006547264E-15 4.55000018700957 2.49999994412065 2.22499994561076 12.8538133576512 2.49999994412065 4.29836986586452 10.1517448201776 2.49999994412065 3.85381304658949 6.77500013262033 2.49999994412065 3.14662512391806 5.85337495431304 2.49999994412065 -2.22499994561076 5.14618679881096 2.49999994412065 -3.14662512391806 5.85337495431304 2.49999994412065 4.44999989122152 8.99999961256981 2.49999994412065 4.29836986586452 7.84825533628464 2.49999994412065 2.22499994561076 5.14618679881096 2.49999994412065 -1.15174474194646 4.70163021236658 2.49999994412065 -4.29836986586452 10.1517448201776 2.49999994412065 -3.85381304658949 11.2250000238419 2.49999994412065 -3.85381304658949 6.77500013262033 2.49999994412065 -4.29836986586452 7.84825533628464 2.49999994412065 -3.14662512391806 12.1466247364879 2.49999994412065 -4.44999989122152 8.99999961256981 2.49999994412065 7.18999980017543 13.5000003501773 2.49999994412065 5.37218363163944E-15 13.5500002652407 2.49999994412065 -1.15174474194646 13.7016298249364 2.49999994412065 2.22499994561076 14.1461873427033 2.49999994412065 1.15174474194646 13.7016298249364 2.49999994412065 5.82000007852912 27.2250007838011 2.49999994412065 -1.15174474194646 22.2983695566654 2.49999994412065 7.45021808109872E-15 22.4500000476837 2.49999994412065 3.85381304658949 15.7750006765127 2.49999994412065 3.14662512391806 14.8533750325441 2.49999994412065 -2.22499994561076 14.1461873427033 2.49999994412065 -3.14662512391806 14.8533750325441 2.49999994412065 -3.85381304658949 -212.775006890297 2.49999994412065 -4.29836986586452 -213.848248124123 2.49999994412065 -4.44999989122152 -215.000003576279 2.49999994412065 -19.3900000303984 -219.500005245209 2.49999994412065 -4.29836986586452 -216.151744127274 2.49999994412065 -3.85381304658949 -217.22500026226 2.49999994412065 -3.14662512391806 -218.146622180939 2.49999994412065 -2.22499994561076 -211.14619076252 2.49999994412065 -3.14662512391806 -211.853370070457 2.49999994412065 -2.22499994561076 -218.853816390038 2.49999994412065 -1.15174474194646 -219.298362731934 2.49999994412065 -1.56671006547264E-15 -219.449996948242 2.49999994412065 5.82000007852912 -219.500005245209 2.49999994412065 3.14662512391806 21.1466252803802 2.49999994412065 3.85381304658949 20.2249996364117 2.49999994412065 4.29836986586452 16.8482549488544 2.49999994412065 4.44999989122152 17.9999992251396 2.49999994412065 -3.85381304658949 15.7750006765127 2.49999994412065 -4.29836986586452 16.8482549488544 2.49999994412065 2.22499994561076 21.8538139015436 2.49999994412065 4.29836986586452 19.1517453640699 2.49999994412065 -19.3900000303984 27.2250007838011 2.49999994412065 -4.29836986586452 19.1517453640699 2.49999994412065 -3.85381304658949 20.2249996364117 2.49999994412065 1.15174474194646 22.2983695566654 2.49999994412065 -4.44999989122152 17.9999992251396 2.49999994412065 -3.14662512391806 21.1466252803802 2.49999994412065 -2.22499994561076 21.8538139015436 2.49999994412065 7.18999980017543 27.2250007838011 2.49999994412065 -19.3900000303984 32.0000015199184 2.49999994412065 5.82000007852912 32.0000015199184 2.49999994412065 1.15174474194646 -219.298362731934 2.49999994412065 3.85381304658949 -212.775006890297 2.49999994412065 3.14662512391806 -211.853370070457 2.49999994412065 2.22499994561076 -218.853816390038 2.49999994412065 3.14662512391806 -218.146622180939 2.49999994412065 3.85381304658949 -217.22500026226 2.49999994412065 4.29836986586452 -216.151744127274 2.49999994412065 4.44999989122152 -215.000003576279 2.49999994412065 4.29836986586452 -213.848248124123 2.49999994412065 2.22499994561076 -211.14619076252 2.49999994412065 1.15174474194646 -210.701629519463 2.49999994412065 7.18999980017543 -231.000006198883 2.49999994412065 5.11324073793915E-16 -219.549998641014 2.49999994412065 -1.15174474194646 -219.701632857323 2.49999994412065 -3.85381304658949 -221.774995326996 2.49999994412065 -4.29836986586452 -222.848251461983 2.49999994412065 -4.44999989122152 -224.000006914139 2.49999994412065 -19.3900000303984 -231.000006198883 2.49999994412065 -4.29836986586452 -225.151747465134 2.49999994412065 -3.85381304658949 -226.225003600121 2.49999994412065 -3.14662512391806 -227.146625518799 2.49999994412065 -2.22499994561076 -220.14619410038 2.49999994412065 -3.14662512391806 -220.853373408318 2.49999994412065 -2.22499994561076 -227.853819727898 2.49999994412065 -1.15174474194646 -228.298366069794 2.49999994412065 5.82000007852912 -231.000006198883 2.49999994412065 -1.56671006547264E-15 -228.450000286102 2.49999994412065 1.15174474194646 -228.298366069794 2.49999994412065 3.85381304658949 -221.774995326996 2.49999994412065 3.14662512391806 -220.853373408318 2.49999994412065 2.22499994561076 -227.853819727898 2.49999994412065 3.14662512391806 -227.146625518799 2.49999994412065 3.85381304658949 -226.225003600121 2.49999994412065 4.29836986586452 -225.151747465134 2.49999994412065 4.44999989122152 -224.000006914139 2.49999994412065 4.29836986586452 -222.848251461983 2.49999994412065 2.22499994561076 -220.14619410038 2.49999994412065 1.15174474194646 -219.701632857323 2.49999994412065 7.18999980017543 -242.500007152557 2.49999994412065 -1.15174474194646 -233.701631426811 2.49999994412065 -3.85381304658949 -235.774993896484 2.49999994412065 -4.29836986586452 -236.848250031471 2.49999994412065 -4.44999989122152 -238.000005483627 2.49999994412065 -19.3900000303984 -242.500007152557 2.49999994412065 -3.85381304658949 -240.225002169609 2.49999994412065 -3.14662512391806 -241.146624088287 2.49999994412065 5.11324073793915E-16 -233.549997210503 2.49999994412065 -2.22499994561076 -234.146192669868 2.49999994412065 -3.14662512391806 -234.853371977806 2.49999994412065 -4.29836986586452 -239.151746034622 2.49999994412065 -2.22499994561076 -241.853818297386 2.49999994412065 -1.15174474194646 -242.298364639282 2.49999994412065 -1.56671006547264E-15 -242.449998855591 2.49999994412065 5.82000007852912 -242.500007152557 2.49999994412065 1.15174474194646 -242.298364639282 2.49999994412065 4.44999989122152 -238.000005483627 2.49999994412065 4.29836986586452 -236.848250031471 2.49999994412065 3.85381304658949 -235.774993896484 2.49999994412065 3.14662512391806 -234.853371977806 2.49999994412065 2.22499994561076 -241.853818297386 2.49999994412065 3.14662512391806 -241.146624088287 2.49999994412065 3.85381304658949 -240.225002169609 2.49999994412065 4.29836986586452 -239.151746034622 2.49999994412065 2.22499994561076 -234.146192669868 2.49999994412065 1.15174474194646 -233.701631426811 2.49999994412065 7.18999980017543 -251.500010490417 2.49999994412065 -3.85381304658949 -249.225005507469 2.49999994412065 -19.3900000303984 -251.500010490417 2.49999994412065 -3.14662512391806 -250.146627426147 2.49999994412065 5.11324073793915E-16 -242.550000548363 2.49999994412065 -1.15174474194646 -242.701634764671 2.49999994412065 -3.85381304658949 -244.774997234344 2.49999994412065 -4.29836986586452 -245.848253369331 2.49999994412065 -4.44999989122152 -246.999993920326 2.49999994412065 -4.29836986586452 -248.151749372482 2.49999994412065 -2.22499994561076 -250.853806734085 2.49999994412065 3.85381304658949 -244.774997234344 2.49999994412065 3.14662512391806 -243.853375315666 2.49999994412065 -2.22499994561076 -243.146181106567 2.49999994412065 -3.14662512391806 -243.853375315666 2.49999994412065 4.29836986586452 -245.848253369331 2.49999994412065 2.22499994561076 -243.146181106567 2.49999994412065 1.15174474194646 -242.701634764671 2.49999994412065 -1.56671006547264E-15 -251.450002193451 2.49999994412065 5.82000007852912 -251.500010490417 2.49999994412065 -1.15174474194646 -251.298367977142 2.49999994412065 1.15174474194646 -251.298367977142 2.49999994412065 2.22499994561076 -250.853806734085 2.49999994412065 3.85381304658949 -249.225005507469 2.49999994412065 4.29836986586452 -248.151749372482 2.49999994412065 3.14662512391806 -250.146627426147 2.49999994412065 4.44999989122152 -246.999993920326 2.49999994412065 -3.85381304658949 -253.775000572205 2.49999994412065 -4.29836986586452 -254.84824180603 2.49999994412065 -4.29836986586452 -257.151752710342 2.49999994412065 -19.3900000303984 -291.500002145767 2.49999994412065 -3.85381304658949 -258.224993944168 2.49999994412065 -3.14662512391806 -252.853363752365 2.49999994412065 -4.44999989122152 -256.000012159348 2.49999994412065 -3.14662512391806 -259.146630764008 2.49999994412065 -1.15174474194646 -260.298371315002 2.49999994412065 5.82000007852912 -291.500002145767 2.49999994412065 -1.56671006547264E-15 -260.450005531311 2.49999994412065 3.85381304658949 -253.775000572205 2.49999994412065 3.14662512391806 -252.853363752365 2.49999994412065 5.11324073793915E-16 -251.549988985062 2.49999994412065 -1.15174474194646 -251.70162320137 2.49999994412065 -2.22499994561076 -259.853810071945 2.49999994412065 1.15174474194646 -260.298371315002 2.49999994412065 2.22499994561076 -259.853810071945 2.49999994412065 3.85381304658949 -258.224993944168 2.49999994412065 4.29836986586452 -257.151752710342 2.49999994412065 2.22499994561076 -252.146184444427 2.49999994412065 1.15174474194646 -251.70162320137 2.49999994412065 -2.22499994561076 -252.146184444427 2.49999994412065 3.14662512391806 -259.146630764008 2.49999994412065 4.44999989122152 -256.000012159348 2.49999994412065 4.29836986586452 -254.84824180603 2.49999994412065 7.18999980017543 -291.330724954605 2.49999994412065 6.93955831229687 -291.390746831894 2.49999994412065 5.9000002220273 -291.500002145767 2.49999994412065 7.18999980017543 31.8307243287563 2.49999994412065 5.9000002220273 32.0000015199184 -5.20417042793042E-15 -31.8000018596649 -292.499989271164 1.90222251694649 -32.5764566659927 -292.499989271164 0.163556032930501 -33.0423302948475 -292.499989271164 1.79999996908009 -31.8000018596649 -292.499989271164 -3.02108796978481E-15 -24.6717967092991 -292.499989271164 1.79999996908009 -24.6717967092991 -292.499989271164 4.80000022798777 -34.8000004887581 -292.499989271164 8.00000037997961 -36.6000011563301 -292.499989271164 4.80000022798777 -36.6000011563301 -292.499989271164 4.02354309335351 -34.6977785229683 -292.499989271164 3.55766853317618 -36.4364422857761 -292.499989271164 3.29999998211861 -34.3980751931667 -292.499989271164 1.40588742215186 -35.1941138505936 -292.499989271164 2.67867976799607 -33.9213199913502 -292.499989271164 0.643078063149005 -34.2000015079975 -292.499989271164 2.20192386768758 -33.3000011742115 -292.499989271164 8.00000037997961 -34.8000004887581 -292.499989271164 2.40000011399388 -35.9569229185581 -292.499989271164 1.79999996908009 -31.8000018596649 32.9999998211861 -3.02086793974187E-15 -24.6699992567301 32.9999998211861 -5.20417042793042E-15 -31.8000018596649 32.9999998211861 1.90222251694649 -32.5764566659927 32.9999998211861 0.163556032930501 -33.0423302948475 32.9999998211861 2.20192386768758 -33.3000011742115 32.9999998211861 0.643078063149005 -34.2000015079975 32.9999998211861 2.27697170339525 -33.4230624139309 32.9999998211861 1.40588742215186 -35.1941138505936 32.9999998211861 2.27697170339525 -35.8834229409695 32.9999998211861 1.79999996908009 -24.6699992567301 32.9999998211861 0.699999975040555 -18.7577623873949 -231.000006198883 -2.00748628296617E-15 -19.5071324706078 -291.500002145767 0.699999975040555 -18.7577623873949 -219.500005245209 0.699999975040555 -18.7577623873949 -251.500010490417 0.699999975040555 -18.7577623873949 -242.500007152557 0.699999975040555 -18.7577623873949 -210.500001907349 0.699999975040555 -18.7577623873949 -291.500002145767 0.699999975040555 -18.7577623873949 -119.000002741814 -2.27853682608754E-15 -19.5071324706078 32.0000015199184 0.699999975040555 -18.7577623873949 -18.5000002384186 0.699999975040555 -18.7577623873949 -7.00000021606684 0.699999975040555 -18.7577623873949 4.4999998062849 0.699999975040555 -18.7577623873949 13.5000003501773 0.699999975040555 -18.7577623873949 27.2497497498989 0.699999975040555 -18.7577623873949 32.0000015199184 0.699999975040555 6.55776215717196 -219.500005245209 5.31048629770064E-15 7.30713224038482 -291.297912597656 0.699999975040555 6.55776215717196 -231.000006198883 0.699999975040555 6.55776215717196 -242.500007152557 0.699999975040555 6.55776215717196 -251.500010490417 0.699999975040555 6.55776215717196 27.2497497498989 0.106312254501972 7.19332182779908 31.8298377096653 8.81063984835344E-16 7.30713224038482 31.7979156970978 0.699999975040555 6.55776215717196 -119.000002741814 0.699999975040555 6.55776215717196 -18.5000002384186 0.699999975040555 6.55776215717196 -210.500001907349 0.699999975040555 6.55776215717196 -7.00000021606684 0.699999975040555 6.55776215717196 4.4999998062849 0.699999975040555 6.55776215717196 13.5000003501773 0.699999975040555 6.55776215717196 31.9565460085869 0.344651925843209 6.93817250430584 -291.391044855118 0.699999975040555 6.55776215717196 -291.456550359726 8.39999970048666 -36.6000011563301 29.2320512235165 8.81421379745007 -38.1000004708767 28.914213180542 8.81421379745007 -36.6000011563301 28.914213180542 9.13205090910196 -38.1000004708767 26.4999996870756 9.33185126632452 -36.6000011563301 26.9823614507914 9.33185126632452 -38.1000004708767 26.9823614507914 8.81421379745007 -38.1000004708767 26.0857865214348 9.13205090910196 -36.6000011563301 26.4999996870756 8.39999970048666 -38.1000004708767 25.7679484784603 8.81421379745007 -36.6000011563301 26.0857865214348 7.91763793677092 -38.1000004708767 25.5681481212378 8.39999970048666 -36.6000011563301 25.7679484784603 7.40000000223517 -38.1000004708767 25.4999995231628 7.91763793677092 -36.6000011563301 25.5681481212378 6.88236206769943 -38.1000004708767 25.5681481212378 7.40000000223517 -36.6000011563301 25.4999995231628 6.3999998383224 -38.1000004708767 25.7679484784603 6.88236206769943 -36.6000011563301 25.5681481212378 5.98578620702028 -38.1000004708767 26.0857865214348 6.3999998383224 -36.6000011563301 25.7679484784603 5.66794909536839 -38.1000004708767 26.4999996870756 5.98578620702028 -36.6000011563301 26.0857865214348 5.46814827248454 -38.1000004708767 26.9823614507914 5.66794909536839 -36.6000011563301 26.4999996870756 5.40000014007092 -38.1000004708767 27.4999998509884 5.46814827248454 -36.6000011563301 26.9823614507914 5.46814827248454 -38.1000004708767 28.0176382511854 5.40000014007092 -36.6000011563301 27.4999998509884 9.39999986439943 -38.1000004708767 27.4999998509884 9.33185126632452 -36.6000011563301 28.0176382511854 9.33185126632452 -38.1000004708767 28.0176382511854 9.39999986439943 -36.6000011563301 27.4999998509884 9.13205090910196 -36.6000011563301 28.5000000149012 9.13205090910196 -38.1000004708767 28.5000000149012 5.66794909536839 -38.1000004708767 28.5000000149012 5.46814827248454 -36.6000011563301 28.0176382511854 7.91763793677092 -36.6000011563301 29.431851580739 8.39999970048666 -38.1000004708767 29.2320512235165 7.40000000223517 -36.6000011563301 29.5000001788139 7.91763793677092 -38.1000004708767 29.431851580739 6.88236206769943 -36.6000011563301 29.431851580739 7.40000000223517 -38.1000004708767 29.5000001788139 6.3999998383224 -36.6000011563301 29.2320512235165 6.88236206769943 -38.1000004708767 29.431851580739 5.98578620702028 -36.6000011563301 28.914213180542 6.3999998383224 -38.1000004708767 29.2320512235165 5.66794909536839 -36.6000011563301 28.5000000149012 5.98578620702028 -38.1000004708767 28.914213180542 7.40000000223517 -38.1000004708767 27.4999998509884 5.66794909536839 -38.1000004708767 28.5000000149012 5.46814827248454 -38.1000004708767 28.0176382511854 6.3999998383224 -38.1000004708767 29.2320512235165 5.98578620702028 -38.1000004708767 28.914213180542 6.88236206769943 -38.1000004708767 29.431851580739 7.40000000223517 -38.1000004708767 29.5000001788139 7.91763793677092 -38.1000004708767 29.431851580739 8.39999970048666 -38.1000004708767 29.2320512235165 8.81421379745007 -38.1000004708767 28.914213180542 9.13205090910196 -38.1000004708767 28.5000000149012 9.33185126632452 -38.1000004708767 28.0176382511854 9.39999986439943 -38.1000004708767 27.4999998509884 9.33185126632452 -38.1000004708767 26.9823614507914 9.13205090910196 -38.1000004708767 26.4999996870756 8.81421379745007 -38.1000004708767 26.0857865214348 8.39999970048666 -38.1000004708767 25.7679484784603 7.91763793677092 -38.1000004708767 25.5681481212378 7.40000000223517 -38.1000004708767 25.4999995231628 6.88236206769943 -38.1000004708767 25.5681481212378 6.3999998383224 -38.1000004708767 25.7679484784603 5.98578620702028 -38.1000004708767 26.0857865214348 5.66794909536839 -38.1000004708767 26.4999996870756 5.40000014007092 -38.1000004708767 27.4999998509884 5.46814827248454 -38.1000004708767 26.9823614507914 5.66794909536839 -37.5000014901161 -265.500009059906 7.40000000223517 -37.5000014901161 -264.499992132187 5.46814827248454 -37.5000014901161 -265.017628669739 5.98578620702028 -37.5000014901161 -265.91420173645 6.3999998383224 -37.5000014901161 -266.232043504715 7.40000000223517 -37.5000014901161 -266.499996185303 7.91763793677092 -37.5000014901161 -266.431838274002 6.88236206769943 -37.5000014901161 -266.431838274002 5.40000014007092 -37.5000014901161 -264.499992132187 8.39999970048666 -37.5000014901161 -266.232043504715 8.81421379745007 -37.5000014901161 -265.91420173645 9.13205090910196 -37.5000014901161 -265.500009059906 9.33185126632452 -37.5000014901161 -265.017628669739 9.39999986439943 -37.5000014901161 -264.499992132187 9.33185126632452 -37.5000014901161 -263.982355594635 9.13205090910196 -37.5000014901161 -263.50000500679 8.81421379745007 -37.5000014901161 -263.085782527924 8.39999970048666 -37.5000014901161 -262.767940759659 7.91763793677092 -37.5000014901161 -262.568145990372 7.40000000223517 -37.5000014901161 -262.499988079071 6.88236206769943 -37.5000014901161 -262.568145990372 6.3999998383224 -37.5000014901161 -262.767940759659 5.98578620702028 -37.5000014901161 -263.085782527924 5.66794909536839 -37.5000014901161 -263.50000500679 5.46814827248454 -37.5000014901161 -263.982355594635 4.80000022798777 -34.8000004887581 30.9999994933605 3.99395357817411 -36.5318395197392 30.9999994933605 4.80000022798777 -36.6000011563301 30.9999994933605 28.9246924221516 -36.5045927464962 30.9999994933605 28.6999996751547 -34.6660241484642 30.9999994933605 28.4588187932968 -34.7659252583981 30.9999994933605 28.2000005245209 -36.6000011563301 30.9999994933605 28.2000005245209 -34.8000004887581 30.9999994933605 28.9071071892977 -34.5071069896221 30.9999994933605 29.6000000089407 -36.2248718738556 30.9999994933605 30.1798991858959 -35.7799008488655 30.9999994933605 30.624870210886 -35.1999998092651 30.9999994933605 29.1659254580736 -34.0588204562664 30.9999994933605 29.0660262107849 -34.2999994754791 30.9999994933605 30.9999994933605 -33.7999984622002 30.9999994933605 29.2000006884336 -33.1499986350536 30.9999994933605 29.2000006884336 -33.7999984622002 30.9999994933605 30.9045929461718 -34.5246940851212 30.9999994933605 4.02354309335351 -34.6977785229683 30.9999994933605 3.99395357817411 -34.68968719244 30.9999994933605 30.9999994933605 -33.1499986350536 30.9999994933605 2.27697170339525 -35.8834229409695 32.9999998211861 2.67867976799607 -33.9213199913502 32.5320772826672 2.27697170339525 -33.4230624139309 32.9999998211861 2.40000011399388 -35.9569229185581 32.8566916286945 3.56775405816734 -36.4391356706619 31.496450304985 3.29999998211861 -34.3980751931667 31.8083427846432 3.99395357817411 -34.68968719244 30.9999994933605 3.99395357817411 -36.5318395197392 30.9999994933605 8.00000037997961 -34.8000004887581 -270.000010728836 20.9999997168779 -36.6000011563301 -270.000010728836 8.00000037997961 -36.6000011563301 -270.000010728836 20.9999997168779 -34.8000004887581 -270.000010728836 20.9999997168779 -36.6000011563301 -270.000010728836 20.9999997168779 -34.8000004887581 -292.499989271164 20.9999997168779 -36.6000011563301 -292.499989271164 20.9999997168779 -34.8000004887581 -270.000010728836 8.00000037997961 -34.8000004887581 -292.499989271164 8.00000037997961 -36.6000011563301 -270.000010728836 8.00000037997961 -36.6000011563301 -292.499989271164 8.00000037997961 -34.8000004887581 -270.000010728836 0.699999975040555 5.9000002220273 -291.500002145767 2.49999994412065 5.82000007852912 -291.500002145767 0.699999975040555 5.52863115444779 -291.500002145767 1.79999996908009 -20.6499993801117 -291.500002145767 0.699999975040555 -18.7577623873949 -291.500002145767 2.49999994412065 -19.3900000303984 -291.500002145767 -2.00748628296617E-15 -19.5071324706078 -291.500002145767 -2.64494309586281E-15 -21.6000005602837 -291.500002145767 2.49999994412065 5.9000002220273 -291.500002145767 1.79999996908009 -21.6000005602837 -291.500002145767 2.08891369402409 7.92995560914278 -291.069388389587 5.31048629770064E-15 7.30713224038482 -291.297912597656 2.49026678366393E-16 7.93368276208639 -291.067719459534 1.79999996908009 9.61572397500277 -289.845645427704 1.25268997107097E-15 10.2301267907023 -289.000004529953 1.79999996908009 10.2301267907023 -289.000004529953 0.344651925843209 6.93817250430584 -291.391044855118 2.49999994412065 7.18999980017543 -291.330724954605 2.49999994412065 5.9000002220273 -291.500002145767 0.699999975040555 6.55776215717196 -291.456550359726 2.49999994412065 6.93955831229687 -291.390746831894 4.54994366548761E-16 9.61572397500277 -289.845645427704 1.79999996908009 8.83892644196749 -290.545076131821 3.59874670712786E-16 8.83892644196749 -290.545076131821 1.79999996908009 8.44999961555004 -290.800869464874 0.699999975040555 5.9000002220273 -291.500002145767 1.79999996908009 10.2301267907023 -289.000004529953 1.33471661273176E-15 10.9000001102686 -287.839740514755 1.79999996908009 10.9000001102686 -287.839740514755 1.25268997107097E-15 10.2301267907023 -289.000004529953 -1.58463338913604E-16 -22.8940956294537 -291.670382022858 1.79999996908009 -21.6000005602837 -291.500002145767 1.79999996908009 -22.8940956294537 -291.670382022858 -2.95107085324495E-15 -24.100000038743 -292.169868946075 1.79999996908009 -24.100000038743 -292.169868946075 -2.64494309586281E-15 -21.6000005602837 -291.500002145767 -2.95107085324495E-15 -24.100000038743 -292.169868946075 1.79999996908009 -24.6717967092991 -292.499989271164 -3.02108796978481E-15 -24.6717967092991 -292.499989271164 1.79999996908009 -24.100000038743 -292.169868946075 1.79999996908009 -20.6499993801117 32.0000015199184 -2.64472306581987E-15 -21.5982031077147 32.0000015199184 1.79999996908009 -21.5982031077147 32.0000015199184 0.699999975040555 -18.7577623873949 32.0000015199184 2.49999994412065 5.82000007852912 32.0000015199184 0.699999975040555 5.52863115444779 32.0000015199184 0.699999975040555 5.9000002220273 32.0000015199184 -2.27853682608754E-15 -19.5071324706078 32.0000015199184 2.49999994412065 5.9000002220273 32.0000015199184 2.49999994412065 -19.3900000303984 32.0000015199184 0.106312254501972 7.19332182779908 31.8298377096653 1.8281351076439 8.39935708791018 31.3304997980595 8.81063984835344E-16 7.30713224038482 31.7979156970978 1.79999996908009 8.44999961555004 31.3008725643158 4.32929918244974E-16 9.43553354591131 30.5355340242386 3.06127679833964E-16 8.39999970048666 31.3301272690296 1.79999996908009 9.43553354591131 30.5355340242386 1.79999996908009 10.2301267907023 29.5000001788139 1.25268997107097E-15 10.2301267907023 29.5000001788139 2.49999994412065 7.18999980017543 31.8307243287563 2.49999994412065 5.9000002220273 32.0000015199184 0.699999975040555 6.55776215717196 31.9565460085869 0.699999975040555 5.9000002220273 32.0000015199184 1.79999996908009 10.2301267907023 29.5000001788139 1.33471661273176E-15 10.9000001102686 28.3397454768419 1.25268997107097E-15 10.2301267907023 29.5000001788139 1.79999996908009 10.9000001102686 28.3397454768419 -2.95085082320202E-15 -24.098202586174 32.669872045517 1.79999996908009 -24.6699992567301 32.9999998211861 1.79999996908009 -24.098202586174 32.669872045517 -3.02086793974187E-15 -24.6699992567301 32.9999998211861 1.79999996908009 -22.8922981768847 32.170370221138 -2.64472306581987E-15 -21.5982031077147 32.0000015199184 -1.58463338913604E-16 -22.8922981768847 32.170370221138 1.79999996908009 -24.098202586174 32.669872045517 -2.95085082320202E-15 -24.098202586174 32.669872045517 1.79999996908009 -21.5982031077147 32.0000015199184 29.2000006884336 -33.1499986350536 27.7999993413687 30.9999994933605 -31.2650017440319 27.7999993413687 29.2000006884336 -31.2650017440319 27.7999993413687 30.9999994933605 -33.1499986350536 27.7999993413687 30.9999994933605 -33.1499986350536 27.7999993413687 29.2000006884336 -33.1499986350536 30.9999994933605 30.9999994933605 -33.1499986350536 30.9999994933605 29.2000006884336 -33.1499986350536 27.7999993413687 41.5499992668629 -36.6000011563301 -214.75000679493 42.8499989211559 -36.6000011563301 -230.250000953674 41.5499992668629 -36.6000011563301 -230.250000953674 28.2000005245209 -36.6000011563301 -204.999998211861 38.7500002980232 -36.6000011563301 -204.999998211861 28.2000005245209 -36.6000011563301 -239.999994635582 38.7500002980232 -36.6000011563301 -239.999994635582 42.8499989211559 -36.6000011563301 -214.75000679493 43.5746945440769 -37.4545939266682 -230.250000953674 42.8499989211559 -37.5499986112118 -214.75000679493 42.8499989211559 -37.5499986112118 -230.250000953674 44.2500002682209 -37.1748693287373 -230.250000953674 43.5746945440769 -37.4545939266682 -214.75000679493 44.829897582531 -36.7298983037472 -230.250000953674 44.2500002682209 -37.1748693287373 -214.75000679493 45.2748723328114 -36.1500009894371 -230.250000953674 44.829897582531 -36.7298983037472 -214.75000679493 45.554593205452 -35.4746915400028 -230.250000953674 45.2748723328114 -36.1500009894371 -214.75000679493 45.6500016152859 -34.7499996423721 -230.250000953674 45.554593205452 -35.4746915400028 -214.75000679493 45.6500016152859 -34.7499996423721 -214.75000679493 38.7500002980232 -37.5499986112118 -204.999998211861 25.3500007092953 -37.5499986112118 -209.999993443489 41.5499992668629 -37.5499986112118 -214.75000679493 25.3500007092953 -37.5499986112118 -234.999999403954 41.5499992668629 -37.5499986112118 -230.250000953674 42.8499989211559 -37.5499986112118 -214.75000679493 25.3500007092953 -37.5499986112118 -204.999998211861 19.8500007390976 -37.5499986112118 -234.999999403954 19.8500007390976 -37.5499986112118 -209.999993443489 38.7500002980232 -37.5499986112118 -239.999994635582 25.3500007092953 -37.5499986112118 -239.999994635582 42.8499989211559 -37.5499986112118 -230.250000953674 19.8500007390976 -37.5499986112118 -209.999993443489 19.8500007390976 -36.6000011563301 -234.999999403954 19.8500007390976 -37.5499986112118 -234.999999403954 19.8500007390976 -36.6000011563301 -209.999993443489 42.8499989211559 -36.6000011563301 -214.75000679493 43.3288142085075 -36.5369617938995 -230.250000953674 42.8499989211559 -36.6000011563301 -230.250000953674 43.7749996781349 -36.3521464169025 -230.250000953674 43.3288142085075 -36.5369617938995 -214.75000679493 43.7749996781349 -36.3521464169025 -214.75000679493 44.1581457853317 -36.0581465065479 -230.250000953674 44.1581457853317 -36.0581465065479 -214.75000679493 44.4521456956863 -35.6750003993511 -230.250000953674 44.4521456956863 -35.6750003993511 -214.75000679493 44.6369610726833 -35.2288149297237 -230.250000953674 44.6369610726833 -35.2288149297237 -214.75000679493 44.7000004351139 -34.7499996423721 -230.250000953674 44.7000004351139 -34.7499996423721 -214.75000679493 44.7000004351139 -30.8999996632338 -230.250000953674 44.7000004351139 -26.3999998569489 -216.342568397522 44.7000004351139 -26.3999998569489 -228.657439351082 44.7000004351139 -30.8999996632338 -238.626256585121 44.7000004351139 -30.8999996632338 -206.373736262321 44.7000004351139 -28.4000001847744 -204.999998211861 44.7000004351139 -28.4000001847744 -239.999994635582 44.7000004351139 -30.4000005125999 -239.999994635582 44.7000004351139 -30.8999996632338 -214.75000679493 44.7000004351139 -34.7499996423721 -214.75000679493 44.7000004351139 -34.7499996423721 -230.250000953674 44.7000004351139 -30.4000005125999 -204.999998211861 45.6500016152859 -34.7499996423721 -214.75000679493 44.7000004351139 -30.8999996632338 -214.75000679493 44.7000004351139 -34.7499996423721 -214.75000679493 43.5746945440769 -37.4545939266682 -214.75000679493 42.8499989211559 -36.6000011563301 -214.75000679493 42.8499989211559 -37.5499986112118 -214.75000679493 43.7749996781349 -36.3521464169025 -214.75000679493 44.2500002682209 -37.1748693287373 -214.75000679493 44.4521456956863 -35.6750003993511 -214.75000679493 45.554593205452 -35.4746915400028 -214.75000679493 44.6369610726833 -35.2288149297237 -214.75000679493 43.3288142085075 -36.5369617938995 -214.75000679493 44.1581457853317 -36.0581465065479 -214.75000679493 44.829897582531 -36.7298983037472 -214.75000679493 45.2748723328114 -36.1500009894371 -214.75000679493 41.5499992668629 -37.5499986112118 -214.75000679493 45.6500016152859 -30.8999996632338 -214.75000679493 41.5499992668629 -36.6000011563301 -214.75000679493 44.4521456956863 -35.6750003993511 -230.250000953674 45.554593205452 -35.4746915400028 -230.250000953674 45.2748723328114 -36.1500009894371 -230.250000953674 44.7000004351139 -34.7499996423721 -230.250000953674 45.6500016152859 -34.7499996423721 -230.250000953674 42.8499989211559 -36.6000011563301 -230.250000953674 41.5499992668629 -37.5499986112118 -230.250000953674 41.5499992668629 -36.6000011563301 -230.250000953674 43.7749996781349 -36.3521464169025 -230.250000953674 43.5746945440769 -37.4545939266682 -230.250000953674 43.3288142085075 -36.5369617938995 -230.250000953674 45.6500016152859 -30.8999996632338 -230.250000953674 44.7000004351139 -30.8999996632338 -230.250000953674 42.8499989211559 -37.5499986112118 -230.250000953674 44.6369610726833 -35.2288149297237 -230.250000953674 44.1581457853317 -36.0581465065479 -230.250000953674 44.829897582531 -36.7298983037472 -230.250000953674 44.2500002682209 -37.1748693287373 -230.250000953674 45.6500016152859 -30.8999996632338 -230.250000953674 44.7000004351139 -30.8999996632338 -238.626256585121 45.6500016152859 -30.8999996632338 -238.626256585121 44.7000004351139 -30.8999996632338 -230.250000953674 44.7000004351139 -30.4000005125999 -239.999994635582 45.6500016152859 -30.8999996632338 -238.626256585121 44.7000004351139 -30.8999996632338 -238.626256585121 45.6500016152859 -30.4000005125999 -239.999994635582 45.6500016152859 -30.4000005125999 -239.999994635582 44.7000004351139 -28.4000001847744 -239.999994635582 45.6500016152859 -28.4000001847744 -239.999994635582 44.7000004351139 -30.4000005125999 -239.999994635582 45.6500016152859 -28.4000001847744 -239.999994635582 44.7000004351139 -26.3999998569489 -228.657439351082 45.6500016152859 -26.3999998569489 -228.657439351082 44.7000004351139 -28.4000001847744 -239.999994635582 44.7000004351139 -26.3999998569489 -216.342568397522 45.6500016152859 -26.3999998569489 -228.657439351082 44.7000004351139 -26.3999998569489 -228.657439351082 45.6500016152859 -26.3999998569489 -216.342568397522 44.7000004351139 -28.4000001847744 -204.999998211861 45.6500016152859 -26.3999998569489 -216.342568397522 44.7000004351139 -26.3999998569489 -216.342568397522 45.6500016152859 -28.4000001847744 -204.999998211861 44.7000004351139 -30.4000005125999 -204.999998211861 45.6500016152859 -28.4000001847744 -204.999998211861 44.7000004351139 -28.4000001847744 -204.999998211861 45.6500016152859 -30.4000005125999 -204.999998211861 45.6500016152859 -30.4000005125999 -204.999998211861 44.7000004351139 -30.8999996632338 -206.373736262321 45.6500016152859 -30.8999996632338 -206.373736262321 44.7000004351139 -30.4000005125999 -204.999998211861 44.7000004351139 -30.8999996632338 -214.75000679493 45.6500016152859 -30.8999996632338 -206.373736262321 44.7000004351139 -30.8999996632338 -206.373736262321 45.6500016152859 -30.8999996632338 -214.75000679493 41.5499992668629 -37.5499986112118 -230.250000953674 38.7500002980232 -36.6000011563301 -239.999994635582 41.5499992668629 -36.6000011563301 -230.250000953674 38.7500002980232 -37.5499986112118 -239.999994635582 38.7500002980232 -37.5499986112118 -239.999994635582 28.2000005245209 -36.6000011563301 -239.999994635582 38.7500002980232 -36.6000011563301 -239.999994635582 25.3500007092953 -37.5499986112118 -239.999994635582 25.3500007092953 -36.6000011563301 -239.999994635582 25.3500007092953 -36.6000011563301 -239.999994635582 25.3500007092953 -37.5499986112118 -234.999999403954 25.3500007092953 -36.6000011563301 -234.999999403954 25.3500007092953 -37.5499986112118 -239.999994635582 19.8500007390976 -37.5499986112118 -234.999999403954 25.3500007092953 -36.6000011563301 -234.999999403954 25.3500007092953 -37.5499986112118 -234.999999403954 19.8500007390976 -36.6000011563301 -234.999999403954 41.5499992668629 -37.5499986112118 -214.75000679493 38.7500002980232 -36.6000011563301 -204.999998211861 38.7500002980232 -37.5499986112118 -204.999998211861 41.5499992668629 -36.6000011563301 -214.75000679493 25.3500007092953 -37.5499986112118 -204.999998211861 28.2000005245209 -36.6000011563301 -204.999998211861 25.3500007092953 -36.6000011563301 -204.999998211861 38.7500002980232 -37.5499986112118 -204.999998211861 38.7500002980232 -36.6000011563301 -204.999998211861 25.3500007092953 -37.5499986112118 -204.999998211861 25.3500007092953 -36.6000011563301 -209.999993443489 25.3500007092953 -37.5499986112118 -209.999993443489 25.3500007092953 -36.6000011563301 -204.999998211861 25.3500007092953 -37.5499986112118 -209.999993443489 19.8500007390976 -36.6000011563301 -209.999993443489 19.8500007390976 -37.5499986112118 -209.999993443489 25.3500007092953 -36.6000011563301 -209.999993443489 45.6500016152859 -26.8154665827751 -224.038198590279 49.9499998986721 -27.2363815456629 -224.200412631035 45.6500016152859 -27.2363815456629 -224.200412631035 49.9499998986721 -27.6847798377275 -224.249660968781 45.6500016152859 -27.6847798377275 -224.249660968781 49.9499998986721 -28.1308684498072 -224.182635545731 45.6500016152859 -28.1308684498072 -224.182635545731 49.9499998986721 -28.5450033843517 -224.003821611404 45.6500016152859 -28.5450033843517 -224.003821611404 45.6500016152859 -26.4500007033348 -223.773777484894 49.9499998986721 -26.8154665827751 -224.038198590279 49.9499998986721 -28.8996733725071 -223.725080490112 45.6500016152859 -28.8996733725071 -223.725080490112 49.9499998986721 -29.1713085025549 -223.364934325218 45.6500016152859 -29.1713085025549 -223.364934325218 49.9499998986721 -29.3418616056442 -222.947329282761 45.6500016152859 -29.3418616056442 -222.947329282761 49.9499998986721 -29.4000003486872 -222.499996423721 45.6500016152859 -29.4000003486872 -222.499996423721 49.9499998986721 -29.3418616056442 -222.052663564682 45.6500016152859 -29.3418616056442 -222.052663564682 49.9499998986721 -29.1713085025549 -221.635058522224 45.6500016152859 -29.1713085025549 -221.635058522224 49.9499998986721 -28.8996733725071 -221.274927258492 45.6500016152859 -28.8996733725071 -221.274927258492 49.9499998986721 -28.5450033843517 -220.996186137199 45.6500016152859 -28.5450033843517 -220.996186137199 49.9499998986721 -28.1308684498072 -220.817357301712 45.6500016152859 -28.1308684498072 -220.817357301712 49.9499998986721 -26.8154665827751 -220.961809158325 45.6500016152859 -27.2363815456629 -220.799580216408 49.9499998986721 -27.2363815456629 -220.799580216408 49.9499998986721 -27.6847798377275 -220.750346779823 45.6500016152859 -27.6847798377275 -220.750346779823 45.6500016152859 -26.8154665827751 -220.961809158325 49.9499998986721 -26.4500007033348 -221.22623026371 45.6500016152859 -26.4500007033348 -221.22623026371 49.9499998986721 -26.4500007033348 -223.773777484894 45.6500016152859 -26.4500007033348 -221.22623026371 49.9499998986721 -26.4500007033348 -223.773777484894 45.6500016152859 -26.4500007033348 -223.773777484894 49.9499998986721 -26.4500007033348 -221.22623026371 49.9499998986721 -28.5450033843517 -224.003821611404 49.9499998986721 -29.3418616056442 -222.947329282761 49.9499998986721 -29.1713085025549 -223.364934325218 49.9499998986721 -28.8996733725071 -223.725080490112 49.9499998986721 -28.1308684498072 -220.817357301712 49.9499998986721 -28.5450033843517 -220.996186137199 49.9499998986721 -26.8154665827751 -220.961809158325 49.9499998986721 -28.1308684498072 -224.182635545731 49.9499998986721 -27.6847798377275 -224.249660968781 49.9499998986721 -27.2363815456629 -220.799580216408 49.9499998986721 -27.6847798377275 -220.750346779823 49.9499998986721 -29.3418616056442 -222.052663564682 49.9499998986721 -29.4000003486872 -222.499996423721 49.9499998986721 -26.4500007033348 -223.773777484894 49.9499998986721 -26.8154665827751 -224.038198590279 49.9499998986721 -29.1713085025549 -221.635058522224 49.9499998986721 -28.8996733725071 -221.274927258492 49.9499998986721 -27.2363815456629 -224.200412631035 49.9499998986721 -26.4500007033348 -221.22623026371 0.300000014249235 2.72798002697527 16.4250005036592 1.20000005699694 2.22738645970821 15.7726127654314 1.20000005699694 2.72798002697527 16.4250005036592 0.300000014249235 3.0426662415266 17.1847194433212 1.20000005699694 3.0426662415266 17.1847194433212 0.300000014249235 3.15000000409782 17.9999992251396 1.20000005699694 3.15000000409782 17.9999992251396 0.300000014249235 2.22738645970821 15.7726127654314 1.20000005699694 1.57500000204891 15.2720203623176 0.300000014249235 1.57500000204891 15.2720203623176 1.20000005699694 0.815280014649034 14.9573339149356 0.300000014249235 0.815280014649034 14.9573339149356 1.20000005699694 5.8996303861502E-15 14.8499999195337 0.300000014249235 7.79448072587594E-15 14.8499999195337 1.20000005699694 -0.815280014649034 14.9573339149356 0.300000014249235 -0.815280014649034 14.9573339149356 1.20000005699694 -1.57500000204891 15.2720203623176 0.300000014249235 -1.57500000204891 15.2720203623176 1.20000005699694 -2.22738645970821 15.7726127654314 0.300000014249235 -2.22738645970821 15.7726127654314 1.20000005699694 -2.72798002697527 16.4250005036592 0.300000014249235 -2.72798002697527 16.4250005036592 1.20000005699694 -3.0426662415266 17.1847194433212 0.300000014249235 -3.0426662415266 17.1847194433212 1.20000005699694 -3.15000000409782 17.9999992251396 0.300000014249235 -3.15000000409782 17.9999992251396 1.20000005699694 -3.0426662415266 18.8152808696032 0.300000014249235 -3.0426662415266 18.8152808696032 1.20000005699694 -2.72798002697527 19.5749998092651 0.300000014249235 -2.72798002697527 19.5749998092651 1.20000005699694 -2.22738645970821 20.2273856848478 0.300000014249235 -2.22738645970821 20.2273856848478 1.20000005699694 -1.57500000204891 20.7279808819294 0.300000014249235 -1.57500000204891 20.7279808819294 1.20000005699694 -0.815280014649034 21.0426654666662 0.300000014249235 -0.815280014649034 21.0426654666662 1.20000005699694 7.37059863841804E-15 21.1500003933907 0.300000014249235 3.52575106829857E-15 21.1500003933907 1.20000005699694 0.815280014649034 21.0426654666662 0.300000014249235 0.815280014649034 21.0426654666662 1.20000005699694 1.57500000204891 20.7279808819294 0.300000014249235 1.57500000204891 20.7279808819294 1.20000005699694 2.22738645970821 20.2273856848478 0.300000014249235 2.22738645970821 20.2273856848478 1.20000005699694 2.72798002697527 19.5749998092651 0.300000014249235 2.72798002697527 19.5749998092651 1.20000005699694 3.0426662415266 18.8152808696032 0.300000014249235 3.0426662415266 18.8152808696032 1.20000005699694 -0.815280014649034 12.042666785419 0.300000014249235 -1.57500000204891 11.727980338037 0.300000014249235 -0.815280014649034 12.042666785419 1.20000005699694 -2.22738645970821 6.77261361852288 0.300000014249235 -1.57500000204891 6.27201981842518 0.300000014249235 -2.22738645970821 6.77261361852288 1.20000005699694 -2.72798002697527 7.42499995976686 0.300000014249235 -2.72798002697527 7.42499995976686 1.20000005699694 -3.0426662415266 8.18471983075142 0.300000014249235 -3.0426662415266 8.18471983075142 1.20000005699694 -3.15000000409782 8.99999961256981 0.300000014249235 -3.15000000409782 8.99999961256981 1.20000005699694 -3.0426662415266 9.81528032571077 0.300000014249235 -3.0426662415266 9.81528032571077 1.20000005699694 -2.72798002697527 10.5750001966953 0.300000014249235 -2.72798002697527 10.5750001966953 1.20000005699694 -2.22738645970821 11.227386072278 0.300000014249235 -2.22738645970821 11.227386072278 1.20000005699694 -1.57500000204891 11.727980338037 1.20000005699694 4.31704320920506E-16 12.1499998494983 0.300000014249235 -3.41314304240381E-15 12.1499998494983 1.20000005699694 0.815280014649034 12.042666785419 0.300000014249235 0.815280014649034 12.042666785419 1.20000005699694 1.57500000204891 11.727980338037 0.300000014249235 1.57500000204891 11.727980338037 1.20000005699694 2.22738645970821 11.227386072278 0.300000014249235 2.22738645970821 11.227386072278 1.20000005699694 2.72798002697527 10.5750001966953 0.300000014249235 2.72798002697527 10.5750001966953 1.20000005699694 3.0426662415266 9.81528032571077 0.300000014249235 3.0426662415266 9.81528032571077 1.20000005699694 3.15000000409782 8.99999961256981 0.300000014249235 3.15000000409782 8.99999961256981 1.20000005699694 -0.815280014649034 5.95733383670449 0.300000014249235 8.55587080462653E-16 5.84999984130263 0.300000014249235 -0.815280014649034 5.95733383670449 1.20000005699694 -1.03926362115461E-15 5.84999984130263 0.300000014249235 0.815280014649034 5.95733383670449 1.20000005699694 0.815280014649034 5.95733383670449 0.300000014249235 1.57500000204891 6.27201981842518 1.20000005699694 1.57500000204891 6.27201981842518 0.300000014249235 2.22738645970821 6.77261361852288 1.20000005699694 2.22738645970821 6.77261361852288 0.300000014249235 2.72798002697527 7.42499995976686 1.20000005699694 2.72798002697527 7.42499995976686 0.300000014249235 3.0426662415266 8.18471983075142 1.20000005699694 3.0426662415266 8.18471983075142 1.20000005699694 -1.57500000204891 6.27201981842518 0.300000014249235 2.22738645970821 -2.22738645970821 1.20000005699694 1.57500000204891 -2.72798002697527 1.20000005699694 2.22738645970821 -2.22738645970821 0.300000014249235 2.72798002697527 -1.57500000204891 1.20000005699694 2.72798002697527 -1.57500000204891 0.300000014249235 3.0426662415266 -0.815280014649034 1.20000005699694 3.0426662415266 -0.815280014649034 0.300000014249235 3.15000000409782 7.71527487350154E-16 1.20000005699694 3.15000000409782 1.01311726917242E-15 0.300000014249235 0.815280014649034 -3.0426662415266 1.20000005699694 -1.03926362115461E-15 -3.15000000409782 1.20000005699694 0.815280014649034 -3.0426662415266 0.300000014249235 8.55587080462653E-16 -3.15000000409782 1.20000005699694 -0.815280014649034 -3.0426662415266 0.300000014249235 -0.815280014649034 -3.0426662415266 1.20000005699694 -1.57500000204891 -2.72798002697527 0.300000014249235 -1.57500000204891 -2.72798002697527 1.20000005699694 -2.22738645970821 -2.22738645970821 0.300000014249235 -2.22738645970821 -2.22738645970821 1.20000005699694 -2.72798002697527 -1.57500000204891 0.300000014249235 -2.72798002697527 -1.57500000204891 1.20000005699694 -3.0426662415266 -0.815280014649034 0.300000014249235 -3.0426662415266 -0.815280014649034 1.20000005699694 -3.15000000409782 0 0.300000014249235 3.0426662415266 0.815280014649034 1.20000005699694 3.0426662415266 0.815280014649034 0.300000014249235 2.72798002697527 1.57500000204891 1.20000005699694 2.72798002697527 1.57500000204891 0.300000014249235 2.22738645970821 2.22738645970821 1.20000005699694 2.22738645970821 2.22738645970821 0.300000014249235 1.57500000204891 2.72798002697527 1.20000005699694 1.57500000204891 2.72798002697527 0.300000014249235 0.815280014649034 3.0426662415266 1.20000005699694 0.815280014649034 3.0426662415266 0.300000014249235 -3.41314304240381E-15 3.15000000409782 1.20000005699694 4.31704320920506E-16 3.15000000409782 0.300000014249235 -0.815280014649034 3.0426662415266 1.20000005699694 -0.815280014649034 3.0426662415266 0.300000014249235 1.57500000204891 -2.72798002697527 0.300000014249235 -3.15000000409782 -1.78464465312499E-15 1.20000005699694 -3.0426662415266 0.815280014649034 0.300000014249235 -3.0426662415266 0.815280014649034 1.20000005699694 -2.72798002697527 1.57500000204891 0.300000014249235 -2.72798002697527 1.57500000204891 1.20000005699694 -2.22738645970821 2.22738645970821 0.300000014249235 -2.22738645970821 2.22738645970821 1.20000005699694 -1.57500000204891 2.72798002697527 0.300000014249235 -1.57500000204891 2.72798002697527 2.49999994412065 -1.15174474194646 -4.29836986586452 1.20000005699694 -1.03926362115461E-15 -3.15000000409782 1.20000005699694 -0.815280014649034 -3.0426662415266 2.49999994412065 -1.56671006547264E-15 -4.44999989122152 1.20000005699694 0.815280014649034 -3.0426662415266 2.49999994412065 1.15174474194646 -4.29836986586452 1.20000005699694 1.57500000204891 -2.72798002697527 2.49999994412065 2.22499994561076 -3.85381304658949 1.20000005699694 2.22738645970821 -2.22738645970821 2.49999994412065 3.14662512391806 -3.14662512391806 1.20000005699694 2.72798002697527 -1.57500000204891 2.49999994412065 3.85381304658949 -2.22499994561076 1.20000005699694 3.0426662415266 -0.815280014649034 2.49999994412065 4.29836986586452 -1.15174474194646 1.20000005699694 3.15000000409782 1.01311726917242E-15 2.49999994412065 4.44999989122152 1.4312291514723E-15 1.20000005699694 3.0426662415266 0.815280014649034 2.49999994412065 4.29836986586452 1.15174474194646 1.20000005699694 2.72798002697527 1.57500000204891 2.49999994412065 3.85381304658949 2.22499994561076 1.20000005699694 2.22738645970821 2.22738645970821 2.49999994412065 3.14662512391806 3.14662512391806 1.20000005699694 1.57500000204891 2.72798002697527 2.49999994412065 2.22499994561076 3.85381304658949 1.20000005699694 0.815280014649034 3.0426662415266 2.49999994412065 1.15174474194646 4.29836986586452 1.20000005699694 4.31704320920506E-16 3.15000000409782 2.49999994412065 5.11324073793915E-16 4.44999989122152 1.20000005699694 -0.815280014649034 3.0426662415266 2.49999994412065 -1.15174474194646 4.29836986586452 1.20000005699694 -1.57500000204891 2.72798002697527 2.49999994412065 -2.22499994561076 3.85381304658949 1.20000005699694 -2.22738645970821 2.22738645970821 2.49999994412065 -3.14662512391806 3.14662512391806 1.20000005699694 -2.72798002697527 1.57500000204891 2.49999994412065 -3.85381304658949 2.22499994561076 1.20000005699694 -3.0426662415266 0.815280014649034 2.49999994412065 -4.29836986586452 1.15174474194646 1.20000005699694 -3.15000000409782 0 2.49999994412065 -4.44999989122152 1.08993567150384E-15 1.20000005699694 -3.0426662415266 -0.815280014649034 2.49999994412065 -4.29836986586452 -1.15174474194646 1.20000005699694 -2.72798002697527 -1.57500000204891 2.49999994412065 -3.85381304658949 -2.22499994561076 1.20000005699694 -2.22738645970821 -2.22738645970821 2.49999994412065 -3.14662512391806 -3.14662512391806 1.20000005699694 -1.57500000204891 -2.72798002697527 2.49999994412065 -2.22499994561076 -3.85381304658949 2.49999994412065 -3.85381304658949 11.2250000238419 1.20000005699694 -3.0426662415266 9.81528032571077 1.20000005699694 -2.72798002697527 10.5750001966953 2.49999994412065 -3.14662512391806 12.1466247364879 1.20000005699694 -2.22738645970821 11.227386072278 2.49999994412065 -2.22499994561076 12.8538133576512 1.20000005699694 -1.57500000204891 11.727980338037 2.49999994412065 -1.15174474194646 13.2983699440956 1.20000005699694 -0.815280014649034 12.042666785419 2.49999994412065 5.11324073793915E-16 13.4500004351139 1.20000005699694 4.31704320920506E-16 12.1499998494983 2.49999994412065 1.15174474194646 13.2983699440956 1.20000005699694 0.815280014649034 12.042666785419 2.49999994412065 2.22499994561076 12.8538133576512 1.20000005699694 1.57500000204891 11.727980338037 2.49999994412065 3.14662512391806 12.1466247364879 1.20000005699694 2.22738645970821 11.227386072278 2.49999994412065 3.85381304658949 11.2250000238419 1.20000005699694 2.72798002697527 10.5750001966953 2.49999994412065 4.29836986586452 10.1517448201776 1.20000005699694 3.0426662415266 9.81528032571077 1.20000005699694 -3.0426662415266 8.18471983075142 2.49999994412065 -4.44999989122152 8.99999961256981 2.49999994412065 -4.29836986586452 7.84825533628464 2.49999994412065 4.44999989122152 8.99999961256981 1.20000005699694 3.15000000409782 8.99999961256981 2.49999994412065 4.29836986586452 7.84825533628464 1.20000005699694 3.0426662415266 8.18471983075142 1.20000005699694 -3.15000000409782 8.99999961256981 2.49999994412065 -4.29836986586452 10.1517448201776 2.49999994412065 3.85381304658949 6.77500013262033 1.20000005699694 2.72798002697527 7.42499995976686 2.49999994412065 -2.22499994561076 5.14618679881096 1.20000005699694 -0.815280014649034 5.95733383670449 1.20000005699694 -1.57500000204891 6.27201981842518 2.49999994412065 -3.14662512391806 5.85337495431304 1.20000005699694 -2.22738645970821 6.77261361852288 2.49999994412065 -3.85381304658949 6.77500013262033 1.20000005699694 -2.72798002697527 7.42499995976686 2.49999994412065 3.14662512391806 5.85337495431304 1.20000005699694 2.22738645970821 6.77261361852288 2.49999994412065 2.22499994561076 5.14618679881096 1.20000005699694 1.57500000204891 6.27201981842518 2.49999994412065 1.15174474194646 4.70163021236658 1.20000005699694 0.815280014649034 5.95733383670449 2.49999994412065 -1.56671006547264E-15 4.55000018700957 1.20000005699694 -1.03926362115461E-15 5.84999984130263 2.49999994412065 -1.15174474194646 4.70163021236658 1.20000005699694 3.0426662415266 18.8152808696032 2.49999994412065 4.44999989122152 17.9999992251396 2.49999994412065 4.29836986586452 19.1517453640699 1.20000005699694 3.0426662415266 17.1847194433212 2.49999994412065 3.85381304658949 15.7750006765127 2.49999994412065 4.29836986586452 16.8482549488544 1.20000005699694 2.72798002697527 16.4250005036592 2.49999994412065 3.14662512391806 14.8533750325441 1.20000005699694 2.22738645970821 15.7726127654314 2.49999994412065 2.22499994561076 14.1461873427033 1.20000005699694 1.57500000204891 15.2720203623176 2.49999994412065 1.15174474194646 13.7016298249364 1.20000005699694 0.815280014649034 14.9573339149356 2.49999994412065 5.37218363163944E-15 13.5500002652407 2.49999994412065 -4.44999989122152 17.9999992251396 1.20000005699694 -3.0426662415266 17.1847194433212 1.20000005699694 -3.15000000409782 17.9999992251396 2.49999994412065 -4.29836986586452 16.8482549488544 1.20000005699694 -2.72798002697527 16.4250005036592 2.49999994412065 -3.85381304658949 15.7750006765127 1.20000005699694 -2.22738645970821 15.7726127654314 2.49999994412065 -3.14662512391806 14.8533750325441 1.20000005699694 -1.57500000204891 15.2720203623176 2.49999994412065 -2.22499994561076 14.1461873427033 1.20000005699694 -0.815280014649034 14.9573339149356 1.20000005699694 5.8996303861502E-15 14.8499999195337 2.49999994412065 -1.15174474194646 13.7016298249364 1.20000005699694 2.72798002697527 19.5749998092651 2.49999994412065 3.85381304658949 20.2249996364117 1.20000005699694 2.22738645970821 20.2273856848478 2.49999994412065 3.14662512391806 21.1466252803802 1.20000005699694 1.57500000204891 20.7279808819294 2.49999994412065 2.22499994561076 21.8538139015436 1.20000005699694 0.815280014649034 21.0426654666662 2.49999994412065 1.15174474194646 22.2983695566654 1.20000005699694 7.37059863841804E-15 21.1500003933907 2.49999994412065 7.45021808109872E-15 22.4500000476837 1.20000005699694 -0.815280014649034 21.0426654666662 2.49999994412065 -1.15174474194646 22.2983695566654 1.20000005699694 -1.57500000204891 20.7279808819294 2.49999994412065 -2.22499994561076 21.8538139015436 1.20000005699694 -2.22738645970821 20.2273856848478 2.49999994412065 -3.14662512391806 21.1466252803802 1.20000005699694 -2.72798002697527 19.5749998092651 2.49999994412065 -3.85381304658949 20.2249996364117 1.20000005699694 -3.0426662415266 18.8152808696032 2.49999994412065 -4.29836986586452 19.1517453640699 1.20000005699694 3.15000000409782 17.9999992251396 0.300000014249235 -2.72798002697527 1.57500000204891 0.300000014249235 -3.95981315523386 1.06102868448943 0.300000014249235 -3.55027103796601 2.049749949947 0.300000014249235 -2.22738645970821 2.22738645970821 0.300000014249235 -2.89878435432911 2.89878435432911 0.300000014249235 -3.41314304240381E-15 3.15000000409782 0.300000014249235 -1.06102868448943 3.95981315523386 0.300000014249235 7.01672860101875E-16 4.099499899894 0.300000014249235 0.815280014649034 3.0426662415266 0.300000014249235 1.06102868448943 3.95981315523386 0.300000014249235 1.57500000204891 2.72798002697527 0.300000014249235 2.049749949947 3.55027103796601 0.300000014249235 2.22738645970821 2.22738645970821 0.300000014249235 2.89878435432911 2.89878435432911 0.300000014249235 -3.0426662415266 0.815280014649034 0.300000014249235 -4.099499899894 1.00408786900337E-15 0.300000014249235 -1.57500000204891 2.72798002697527 0.300000014249235 -2.049749949947 3.55027103796601 0.300000014249235 -0.815280014649034 3.0426662415266 0.300000014249235 2.72798002697527 1.57500000204891 0.300000014249235 3.55027103796601 2.049749949947 0.300000014249235 3.0426662415266 0.815280014649034 0.300000014249235 3.95981315523386 1.06102868448943 0.300000014249235 3.15000000409782 7.71527487350154E-16 0.300000014249235 4.099499899894 -1.50613190690262E-15 0.300000014249235 3.0426662415266 -0.815280014649034 0.300000014249235 3.95981315523386 -1.06102868448943 0.300000014249235 3.55027103796601 -2.049749949947 0.300000014249235 2.72798002697527 -1.57500000204891 0.300000014249235 2.22738645970821 -2.22738645970821 0.300000014249235 2.89878435432911 -2.89878435432911 0.300000014249235 1.57500000204891 -2.72798002697527 0.300000014249235 2.049749949947 -3.55027103796601 0.300000014249235 0.815280014649034 -3.0426662415266 0.300000014249235 1.06102868448943 -3.95981315523386 0.300000014249235 8.55587080462653E-16 -3.15000000409782 0.300000014249235 -1.21268689626245E-15 -4.099499899894 0.300000014249235 -0.815280014649034 -3.0426662415266 0.300000014249235 -1.06102868448943 -3.95981315523386 0.300000014249235 -3.55027103796601 -2.049749949947 0.300000014249235 -3.0426662415266 -0.815280014649034 0.300000014249235 -2.72798002697527 -1.57500000204891 0.300000014249235 -1.57500000204891 -2.72798002697527 0.300000014249235 -3.15000000409782 -1.78464465312499E-15 0.300000014249235 -2.89878435432911 -2.89878435432911 0.300000014249235 -2.22738645970821 -2.22738645970821 0.300000014249235 -3.95981315523386 -1.06102868448943 0.300000014249235 -2.049749949947 -3.55027103796601 0.300000014249235 3.95981315523386 7.93897174298763 0.300000014249235 2.72798002697527 7.42499995976686 0.300000014249235 3.0426662415266 8.18471983075142 0.300000014249235 8.55587080462653E-16 5.84999984130263 0.300000014249235 1.06102868448943 5.04018692299724 0.300000014249235 -1.17848545947522E-15 4.9005001783371 0.300000014249235 0.815280014649034 5.95733383670449 0.300000014249235 2.049749949947 5.44972904026508 0.300000014249235 3.55027103796601 6.95024989545345 0.300000014249235 4.099499899894 8.99999961256981 0.300000014249235 2.22738645970821 6.77261361852288 0.300000014249235 2.89878435432911 6.10121572390199 0.300000014249235 -0.815280014649034 5.95733383670449 0.300000014249235 -1.06102868448943 5.04018692299724 0.300000014249235 2.22738645970821 11.227386072278 0.300000014249235 2.049749949947 12.5502711161971 0.300000014249235 2.89878435432911 11.8987839668989 0.300000014249235 2.72798002697527 10.5750001966953 0.300000014249235 3.55027103796601 11.0497502610087 0.300000014249235 3.15000000409782 8.99999961256981 0.300000014249235 3.95981315523386 10.0610284134746 0.300000014249235 1.57500000204891 6.27201981842518 0.300000014249235 -3.41314304240381E-15 12.1499998494983 0.300000014249235 -1.06102868448943 12.9598127678037 0.300000014249235 7.35874296889105E-16 13.0994999781251 0.300000014249235 0.815280014649034 12.042666785419 0.300000014249235 1.06102868448943 12.9598127678037 0.300000014249235 3.0426662415266 9.81528032571077 0.300000014249235 -2.72798002697527 10.5750001966953 0.300000014249235 -3.95981315523386 10.0610284134746 0.300000014249235 -3.55027103796601 11.0497502610087 0.300000014249235 -2.22738645970821 11.227386072278 0.300000014249235 -2.89878435432911 11.8987839668989 0.300000014249235 -1.57500000204891 11.727980338037 0.300000014249235 -2.049749949947 12.5502711161971 0.300000014249235 -0.815280014649034 12.042666785419 0.300000014249235 1.57500000204891 11.727980338037 0.300000014249235 -1.57500000204891 6.27201981842518 0.300000014249235 -2.049749949947 5.44972904026508 0.300000014249235 -2.22738645970821 6.77261361852288 0.300000014249235 -2.89878435432911 6.10121572390199 0.300000014249235 -3.0426662415266 8.18471983075142 0.300000014249235 -3.55027103796601 6.95024989545345 0.300000014249235 -3.95981315523386 7.93897174298763 0.300000014249235 -3.15000000409782 8.99999961256981 0.300000014249235 -4.099499899894 8.99999961256981 0.300000014249235 -3.0426662415266 9.81528032571077 0.300000014249235 -2.72798002697527 7.42499995976686 0.300000014249235 -2.049749949947 21.5502716600895 0.300000014249235 -0.815280014649034 21.0426654666662 0.300000014249235 -1.57500000204891 20.7279808819294 0.300000014249235 -3.55027103796601 15.9502495080233 0.300000014249235 -3.0426662415266 17.1847194433212 0.300000014249235 -2.72798002697527 16.4250005036592 0.300000014249235 2.89878435432911 20.8987835794687 0.300000014249235 2.72798002697527 19.5749998092651 0.300000014249235 2.22738645970821 20.2273856848478 0.300000014249235 -4.099499899894 17.9999992251396 0.300000014249235 -3.0426662415266 18.8152808696032 0.300000014249235 -3.15000000409782 17.9999992251396 0.300000014249235 -3.95981315523386 16.9389713555574 0.300000014249235 -2.049749949947 14.4497286528349 0.300000014249235 -2.22738645970821 15.7726127654314 0.300000014249235 -1.57500000204891 15.2720203623176 0.300000014249235 -1.06102868448943 21.9598133116961 0.300000014249235 3.52575106829857E-15 21.1500003933907 0.300000014249235 -3.95981315523386 19.0610289573669 0.300000014249235 -2.72798002697527 19.5749998092651 0.300000014249235 -2.89878435432911 15.1012158021331 0.300000014249235 1.06102868448943 14.0401870012283 0.300000014249235 7.79448072587594E-15 14.8499999195337 0.300000014249235 0.815280014649034 14.9573339149356 0.300000014249235 2.049749949947 21.5502716600895 0.300000014249235 1.57500000204891 20.7279808819294 0.300000014249235 -3.55027103796601 20.0497508049011 0.300000014249235 -2.22738645970821 20.2273856848478 0.300000014249235 5.76040844443201E-15 13.9004997909069 0.300000014249235 -0.815280014649034 14.9573339149356 0.300000014249235 2.049749949947 14.4497286528349 0.300000014249235 2.22738645970821 15.7726127654314 0.300000014249235 2.89878435432911 15.1012158021331 0.300000014249235 7.67476783890482E-15 22.0995005220175 0.300000014249235 0.815280014649034 21.0426654666662 0.300000014249235 -2.89878435432911 20.8987835794687 0.300000014249235 1.57500000204891 15.2720203623176 0.300000014249235 3.95981315523386 19.0610289573669 0.300000014249235 3.15000000409782 17.9999992251396 0.300000014249235 3.0426662415266 18.8152808696032 0.300000014249235 1.06102868448943 21.9598133116961 0.300000014249235 -1.06102868448943 14.0401870012283 0.300000014249235 2.72798002697527 16.4250005036592 0.300000014249235 3.55027103796601 15.9502495080233 0.300000014249235 3.55027103796601 20.0497508049011 0.300000014249235 4.099499899894 17.9999992251396 0.300000014249235 3.0426662415266 17.1847194433212 0.300000014249235 3.95981315523386 16.9389713555574 0.699999975040555 -1.16455624811351 -4.3461830355227 0.300000014249235 -1.21268689626245E-15 -4.099499899894 0.699999975040555 -1.39452177101934E-15 -4.49950015172362 0.699999975040555 -3.18162702023983 -3.18162702023983 0.300000014249235 -2.049749949947 -3.55027103796601 0.699999975040555 -2.24975007586181 -3.89668135903776 0.699999975040555 -3.89668135903776 -2.24975007586181 0.300000014249235 -2.89878435432911 -2.89878435432911 0.699999975040555 -4.3461830355227 -1.16455624811351 0.300000014249235 -3.55027103796601 -2.049749949947 0.699999975040555 -4.49950015172362 0 0.300000014249235 -3.95981315523386 -1.06102868448943 0.300000014249235 1.06102868448943 -3.95981315523386 0.699999975040555 1.16455624811351 -4.3461830355227 0.300000014249235 2.049749949947 -3.55027103796601 0.699999975040555 2.24975007586181 -3.89668135903776 0.300000014249235 2.89878435432911 -2.89878435432911 0.699999975040555 3.18162702023983 -3.18162702023983 0.300000014249235 3.55027103796601 -2.049749949947 0.699999975040555 3.89668135903776 -2.24975007586181 0.300000014249235 3.95981315523386 -1.06102868448943 0.699999975040555 4.3461830355227 -1.16455624811351 0.300000014249235 4.099499899894 -1.50613190690262E-15 0.699999975040555 4.49950015172362 1.44714958652938E-15 0.300000014249235 3.95981315523386 1.06102868448943 0.699999975040555 4.3461830355227 1.16455624811351 0.300000014249235 3.55027103796601 2.049749949947 0.699999975040555 3.89668135903776 2.24975007586181 0.300000014249235 2.89878435432911 2.89878435432911 0.699999975040555 3.18162702023983 3.18162702023983 0.300000014249235 2.049749949947 3.55027103796601 0.699999975040555 2.24975007586181 3.89668135903776 0.300000014249235 1.06102868448943 3.95981315523386 0.699999975040555 1.16455624811351 4.3461830355227 0.300000014249235 -4.099499899894 1.00408786900337E-15 0.300000014249235 -1.06102868448943 -3.95981315523386 0.300000014249235 7.01672860101875E-16 4.099499899894 0.300000014249235 -1.06102868448943 3.95981315523386 0.699999975040555 7.06627568573491E-16 4.49950015172362 0.300000014249235 -2.049749949947 3.55027103796601 0.699999975040555 -1.16455624811351 4.3461830355227 0.300000014249235 -2.89878435432911 2.89878435432911 0.699999975040555 -2.24975007586181 3.89668135903776 0.300000014249235 -3.55027103796601 2.049749949947 0.699999975040555 -3.18162702023983 3.18162702023983 0.300000014249235 -3.95981315523386 1.06102868448943 0.699999975040555 -3.89668135903776 2.24975007586181 0.699999975040555 -4.3461830355227 1.16455624811351 0.300000014249235 -1.06102868448943 12.9598127678037 0.699999975040555 7.40829005360721E-16 13.4995002299547 0.300000014249235 7.35874296889105E-16 13.0994999781251 0.300000014249235 1.06102868448943 12.9598127678037 0.699999975040555 2.24975007586181 12.8966812044382 0.300000014249235 2.049749949947 12.5502711161971 0.699999975040555 3.18162702023983 12.1816266328096 0.300000014249235 2.89878435432911 11.8987839668989 0.699999975040555 4.3461830355227 7.83544406294823 0.300000014249235 4.099499899894 8.99999961256981 0.699999975040555 4.49950015172362 8.99999961256981 0.699999975040555 3.89668135903776 6.75024976953864 0.300000014249235 3.95981315523386 7.93897174298763 0.699999975040555 3.18162702023983 5.81837305799127 0.300000014249235 3.55027103796601 6.95024989545345 0.699999975040555 2.24975007586181 5.1033184863627 0.300000014249235 2.89878435432911 6.10121572390199 0.699999975040555 1.16455624811351 4.65381657704711 0.300000014249235 2.049749949947 5.44972904026508 0.699999975040555 -1.36032033423211E-15 4.50049992650747 0.300000014249235 1.06102868448943 5.04018692299724 0.699999975040555 -1.16455624811351 4.65381657704711 0.300000014249235 -1.17848545947522E-15 4.9005001783371 0.699999975040555 -2.24975007586181 5.1033184863627 0.300000014249235 -1.06102868448943 5.04018692299724 0.699999975040555 -3.18162702023983 5.81837305799127 0.300000014249235 -2.049749949947 5.44972904026508 0.699999975040555 -3.89668135903776 6.75024976953864 0.300000014249235 -2.89878435432911 6.10121572390199 0.699999975040555 -4.3461830355227 7.83544406294823 0.300000014249235 -3.55027103796601 6.95024989545345 0.699999975040555 -4.49950015172362 8.99999961256981 0.300000014249235 -3.95981315523386 7.93897174298763 0.699999975040555 3.89668135903776 11.2497499212623 0.300000014249235 3.55027103796601 11.0497502610087 0.699999975040555 4.3461830355227 10.164556093514 0.300000014249235 3.95981315523386 10.0610284134746 0.699999975040555 1.16455624811351 13.3461831137538 0.699999975040555 -1.16455624811351 13.3461831137538 0.300000014249235 -2.049749949947 12.5502711161971 0.699999975040555 -2.24975007586181 12.8966812044382 0.300000014249235 -2.89878435432911 11.8987839668989 0.699999975040555 -3.18162702023983 12.1816266328096 0.300000014249235 -3.55027103796601 11.0497502610087 0.699999975040555 -3.89668135903776 11.2497499212623 0.300000014249235 -3.95981315523386 10.0610284134746 0.699999975040555 -4.3461830355227 10.164556093514 0.300000014249235 -4.099499899894 8.99999961256981 0.699999975040555 -1.16455624811351 22.3461836576462 0.300000014249235 -2.049749949947 21.5502716600895 0.699999975040555 -2.24975007586181 21.896680817008 0.300000014249235 -2.89878435432911 20.8987835794687 0.699999975040555 -3.18162702023983 21.1816262453794 0.300000014249235 -3.55027103796601 20.0497508049011 0.699999975040555 -3.89668135903776 20.2497504651546 0.300000014249235 -3.95981315523386 19.0610289573669 0.699999975040555 -4.3461830355227 19.1645566374063 0.300000014249235 -4.099499899894 17.9999992251396 0.699999975040555 -4.49950015172362 17.9999992251396 0.300000014249235 -1.06102868448943 21.9598133116961 0.699999975040555 7.67972265077401E-15 22.4994998425245 0.300000014249235 7.67476783890482E-15 22.0995005220175 0.699999975040555 1.16455624811351 22.3461836576462 0.300000014249235 1.06102868448943 21.9598133116961 0.699999975040555 2.24975007586181 21.896680817008 0.300000014249235 2.049749949947 21.5502716600895 0.699999975040555 3.18162702023983 21.1816262453794 0.300000014249235 2.89878435432911 20.8987835794687 0.699999975040555 3.89668135903776 20.2497504651546 0.300000014249235 3.55027103796601 20.0497508049011 0.699999975040555 4.3461830355227 19.1645566374063 0.300000014249235 3.95981315523386 19.0610289573669 0.699999975040555 4.49950015172362 17.9999992251396 0.300000014249235 4.099499899894 17.9999992251396 0.699999975040555 4.3461830355227 16.835443675518 0.300000014249235 3.95981315523386 16.9389713555574 0.699999975040555 3.89668135903776 15.7502498477697 0.300000014249235 3.55027103796601 15.9502495080233 0.699999975040555 3.18162702023983 14.8183731362224 0.300000014249235 2.89878435432911 15.1012158021331 0.699999975040555 2.24975007586181 14.1033185645938 0.300000014249235 2.049749949947 14.4497286528349 0.699999975040555 1.16455624811351 13.6538166552782 0.300000014249235 1.06102868448943 14.0401870012283 0.699999975040555 5.57857346627754E-15 13.5004995390773 0.300000014249235 5.76040844443201E-15 13.9004997909069 0.699999975040555 -1.16455624811351 13.6538166552782 0.300000014249235 -1.06102868448943 14.0401870012283 0.699999975040555 -2.24975007586181 14.1033185645938 0.300000014249235 -2.049749949947 14.4497286528349 0.699999975040555 -3.18162702023983 14.8183731362224 0.300000014249235 -2.89878435432911 15.1012158021331 0.699999975040555 -3.89668135903776 15.7502498477697 0.300000014249235 -3.55027103796601 15.9502495080233 0.699999975040555 -4.3461830355227 16.835443675518 0.300000014249235 -3.95981315523386 16.9389713555574 0.300000014249235 3.0426662415266 -13.1847197189927 1.20000005699694 3.15000000409782 -14.0000004321337 1.20000005699694 3.0426662415266 -13.1847197189927 0.300000014249235 2.72798002697527 -12.4249998480082 1.20000005699694 2.72798002697527 -12.4249998480082 0.300000014249235 2.22738645970821 -11.7726139724255 1.20000005699694 2.22738645970821 -11.7726139724255 0.300000014249235 1.57500000204891 -11.2720197066665 1.20000005699694 1.57500000204891 -11.2720197066665 0.300000014249235 0.815280014649034 -10.9573332592845 1.20000005699694 0.815280014649034 -10.9573332592845 0.300000014249235 3.52575106829857E-15 -10.8500001952052 1.20000005699694 7.37059863841804E-15 -10.8500001952052 0.300000014249235 -0.815280014649034 -10.9573332592845 1.20000005699694 -0.815280014649034 -10.9573332592845 0.300000014249235 -1.57500000204891 -11.2720197066665 1.20000005699694 -1.57500000204891 -11.2720197066665 0.300000014249235 -2.22738645970821 -11.7726139724255 1.20000005699694 -2.22738645970821 -11.7726139724255 0.300000014249235 -2.72798002697527 -12.4249998480082 1.20000005699694 -2.72798002697527 -12.4249998480082 0.300000014249235 -3.0426662415266 -13.1847197189927 1.20000005699694 -3.0426662415266 -13.1847197189927 0.300000014249235 -3.15000000409782 -14.0000004321337 1.20000005699694 -3.15000000409782 -14.0000004321337 0.300000014249235 -3.0426662415266 -14.8152802139521 1.20000005699694 -3.0426662415266 -14.8152802139521 0.300000014249235 -2.72798002697527 -15.5750000849366 1.20000005699694 -2.72798002697527 -15.5750000849366 0.300000014249235 -2.22738645970821 -16.2273868918419 1.20000005699694 -2.22738645970821 -16.2273868918419 0.300000014249235 -1.57500000204891 -16.7279802262783 1.20000005699694 -1.57500000204891 -16.7279802262783 0.300000014249235 -0.815280014649034 -17.0426666736603 1.20000005699694 -0.815280014649034 -17.0426666736603 0.300000014249235 7.79448072587594E-15 -17.1499997377396 1.20000005699694 5.8996303861502E-15 -17.1499997377396 0.300000014249235 0.815280014649034 -17.0426666736603 1.20000005699694 0.815280014649034 -17.0426666736603 0.300000014249235 1.57500000204891 -16.7279802262783 1.20000005699694 1.57500000204891 -16.7279802262783 0.300000014249235 2.22738645970821 -16.2273868918419 1.20000005699694 2.22738645970821 -16.2273868918419 0.300000014249235 2.72798002697527 -15.5750000849366 1.20000005699694 2.72798002697527 -15.5750000849366 0.300000014249235 3.0426662415266 -14.8152802139521 1.20000005699694 3.0426662415266 -14.8152802139521 0.300000014249235 3.15000000409782 -14.0000004321337 1.20000005699694 3.0426662415266 -23.8152798265219 0.300000014249235 3.15000000409782 -23.0000000447035 0.300000014249235 3.0426662415266 -23.8152798265219 1.20000005699694 3.0426662415266 -22.1847202628851 0.300000014249235 2.72798002697527 -21.424999460578 0.300000014249235 3.0426662415266 -22.1847202628851 1.20000005699694 2.72798002697527 -21.424999460578 0.300000014249235 2.22738645970821 -20.7726135849953 1.20000005699694 2.22738645970821 -20.7726135849953 0.300000014249235 1.57500000204891 -20.2720202505589 1.20000005699694 1.57500000204891 -20.2720202505589 0.300000014249235 0.815280014649034 -19.9573338031769 1.20000005699694 0.815280014649034 -19.9573338031769 0.300000014249235 -3.41314304240381E-15 -19.8500007390976 1.20000005699694 4.31704320920506E-16 -19.8500007390976 0.300000014249235 -0.815280014649034 -19.9573338031769 1.20000005699694 -0.815280014649034 -19.9573338031769 0.300000014249235 -1.57500000204891 -20.2720202505589 1.20000005699694 -1.57500000204891 -20.2720202505589 0.300000014249235 -2.22738645970821 -20.7726135849953 1.20000005699694 -2.22738645970821 -20.7726135849953 0.300000014249235 -2.72798002697527 -21.424999460578 1.20000005699694 -2.72798002697527 -21.424999460578 0.300000014249235 -3.0426662415266 -22.1847202628851 1.20000005699694 -3.0426662415266 -22.1847202628851 0.300000014249235 -3.15000000409782 -23.0000000447035 1.20000005699694 -3.15000000409782 -23.0000000447035 0.300000014249235 -3.0426662415266 -23.8152798265219 1.20000005699694 -3.0426662415266 -23.8152798265219 0.300000014249235 -2.72798002697527 -24.575000628829 1.20000005699694 -2.72798002697527 -24.575000628829 0.300000014249235 -2.22738645970821 -25.2273865044117 1.20000005699694 -2.22738645970821 -25.2273865044117 0.300000014249235 -1.57500000204891 -25.7279798388481 1.20000005699694 -1.57500000204891 -25.7279798388481 0.300000014249235 -0.815280014649034 -26.0426662862301 1.20000005699694 -0.815280014649034 -26.0426662862301 0.300000014249235 8.55587080462653E-16 -26.1499993503094 1.20000005699694 -1.03926362115461E-15 -26.1499993503094 0.300000014249235 0.815280014649034 -26.0426662862301 1.20000005699694 0.815280014649034 -26.0426662862301 0.300000014249235 1.57500000204891 -25.7279798388481 1.20000005699694 1.57500000204891 -25.7279798388481 0.300000014249235 2.22738645970821 -25.2273865044117 1.20000005699694 2.22738645970821 -25.2273865044117 0.300000014249235 2.72798002697527 -24.575000628829 1.20000005699694 2.72798002697527 -24.575000628829 1.20000005699694 3.15000000409782 -23.0000000447035 1.20000005699694 3.15000000409782 -32.0000015199184 0.300000014249235 3.0426662415266 -31.1847198754549 0.300000014249235 3.15000000409782 -32.0000015199184 1.20000005699694 3.0426662415266 -31.1847198754549 0.300000014249235 2.72798002697527 -30.4249990731478 1.20000005699694 2.72798002697527 -30.4249990731478 0.300000014249235 2.22738645970821 -29.7726131975651 1.20000005699694 2.22738645970821 -29.7726131975651 0.300000014249235 1.57500000204891 -29.2720198631287 1.20000005699694 1.57500000204891 -29.2720198631287 0.300000014249235 0.815280014649034 -28.9573334157467 1.20000005699694 0.815280014649034 -28.9573334157467 0.300000014249235 -3.41314304240381E-15 -28.8500003516674 1.20000005699694 4.31704320920506E-16 -28.8500003516674 0.300000014249235 -0.815280014649034 -28.9573334157467 1.20000005699694 -0.815280014649034 -28.9573334157467 0.300000014249235 -1.57500000204891 -29.2720198631287 1.20000005699694 -1.57500000204891 -29.2720198631287 0.300000014249235 -2.22738645970821 -29.7726131975651 1.20000005699694 -2.22738645970821 -29.7726131975651 0.300000014249235 -2.72798002697527 -30.4249990731478 1.20000005699694 -2.72798002697527 -30.4249990731478 0.300000014249235 -3.0426662415266 -31.1847198754549 1.20000005699694 -3.0426662415266 -31.1847198754549 0.300000014249235 -3.15000000409782 -32.0000015199184 1.20000005699694 -3.15000000409782 -32.0000015199184 0.300000014249235 -3.0426662415266 -32.8152813017368 1.20000005699694 -3.0426662415266 -32.8152813017368 0.300000014249235 -2.72798002697527 -33.5749983787537 1.20000005699694 -2.72798002697527 -33.5749983787537 0.300000014249235 -2.22738645970821 -34.2273861169815 1.20000005699694 -2.22738645970821 -34.2273861169815 0.300000014249235 -1.57500000204891 -34.7279794514179 1.20000005699694 -1.57500000204891 -34.7279794514179 0.300000014249235 -0.815280014649034 -35.0426658987999 1.20000005699694 -0.815280014649034 -35.0426658987999 0.300000014249235 8.55587080462653E-16 -35.1499989628792 1.20000005699694 -1.03926362115461E-15 -35.1499989628792 0.300000014249235 0.815280014649034 -35.0426658987999 1.20000005699694 0.815280014649034 -35.0426658987999 0.300000014249235 1.57500000204891 -34.7279794514179 1.20000005699694 1.57500000204891 -34.7279794514179 0.300000014249235 2.22738645970821 -34.2273861169815 1.20000005699694 2.22738645970821 -34.2273861169815 0.300000014249235 2.72798002697527 -33.5749983787537 1.20000005699694 2.72798002697527 -33.5749983787537 0.300000014249235 3.0426662415266 -32.8152813017368 1.20000005699694 3.0426662415266 -32.8152813017368 1.20000005699694 1.57500000204891 -29.2720198631287 2.49999994412065 3.14662512391806 -28.8533754646778 2.49999994412065 2.22499994561076 -28.1461868435144 1.20000005699694 4.31704320920506E-16 -28.8500003516674 2.49999994412065 1.15174474194646 -27.7016293257475 2.49999994412065 5.11324073793915E-16 -27.5500006973743 1.20000005699694 -0.815280014649034 -28.9573334157467 2.49999994412065 -1.15174474194646 -27.7016293257475 1.20000005699694 -1.57500000204891 -29.2720198631287 2.49999994412065 -2.22499994561076 -28.1461868435144 1.20000005699694 -2.22738645970821 -29.7726131975651 2.49999994412065 -3.14662512391806 -28.8533754646778 1.20000005699694 -2.72798002697527 -30.4249990731478 2.49999994412065 -3.85381304658949 -29.7749992460012 1.20000005699694 -3.0426662415266 -31.1847198754549 2.49999994412065 -4.29836986586452 -30.8482553809881 1.20000005699694 -3.15000000409782 -32.0000015199184 2.49999994412065 -4.44999989122152 -32.0000015199184 1.20000005699694 0.815280014649034 -28.9573334157467 1.20000005699694 2.22738645970821 -29.7726131975651 2.49999994412065 3.85381304658949 -29.7749992460012 1.20000005699694 2.72798002697527 -30.4249990731478 2.49999994412065 4.29836986586452 -30.8482553809881 1.20000005699694 3.0426662415266 -31.1847198754549 2.49999994412065 4.44999989122152 -32.0000015199184 1.20000005699694 3.15000000409782 -32.0000015199184 2.49999994412065 4.29836986586452 -33.1517457962036 1.20000005699694 3.0426662415266 -32.8152813017368 2.49999994412065 3.85381304658949 -34.2249982059002 1.20000005699694 2.72798002697527 -33.5749983787537 2.49999994412065 3.14662512391806 -35.1466238498688 1.20000005699694 2.22738645970821 -34.2273861169815 2.49999994412065 2.22499994561076 -35.8538143336773 1.20000005699694 1.57500000204891 -34.7279794514179 2.49999994412065 1.15174474194646 -36.2983681261539 1.20000005699694 0.815280014649034 -35.0426658987999 2.49999994412065 -1.56671006547264E-15 -36.4499986171722 1.20000005699694 -1.03926362115461E-15 -35.1499989628792 2.49999994412065 -1.15174474194646 -36.2983681261539 1.20000005699694 -0.815280014649034 -35.0426658987999 2.49999994412065 -2.22499994561076 -35.8538143336773 1.20000005699694 -1.57500000204891 -34.7279794514179 2.49999994412065 -3.14662512391806 -35.1466238498688 1.20000005699694 -2.22738645970821 -34.2273861169815 2.49999994412065 -3.85381304658949 -34.2249982059002 1.20000005699694 -2.72798002697527 -33.5749983787537 2.49999994412065 -4.29836986586452 -33.1517457962036 1.20000005699694 -3.0426662415266 -32.8152813017368 1.20000005699694 1.57500000204891 -20.2720202505589 2.49999994412065 3.14662512391806 -19.8533739894629 2.49999994412065 2.22499994561076 -19.1461872309446 1.20000005699694 2.22738645970821 -20.7726135849953 2.49999994412065 3.85381304658949 -20.7749996334314 1.20000005699694 2.72798002697527 -21.424999460578 2.49999994412065 4.29836986586452 -21.8482557684183 1.20000005699694 3.0426662415266 -22.1847202628851 2.49999994412065 4.44999989122152 -23.0000000447035 1.20000005699694 3.15000000409782 -23.0000000447035 2.49999994412065 4.29836986586452 -24.1517443209887 1.20000005699694 3.0426662415266 -23.8152798265219 2.49999994412065 3.85381304658949 -25.2250004559755 1.20000005699694 2.72798002697527 -24.575000628829 2.49999994412065 3.14662512391806 -26.1466260999441 1.20000005699694 2.22738645970821 -25.2273865044117 2.49999994412065 2.22499994561076 -26.8538128584623 1.20000005699694 1.57500000204891 -25.7279798388481 2.49999994412065 1.15174474194646 -27.2983703762293 1.20000005699694 0.815280014649034 -26.0426662862301 2.49999994412065 -1.56671006547264E-15 -27.4500008672476 1.20000005699694 -1.03926362115461E-15 -26.1499993503094 2.49999994412065 -1.15174474194646 -27.2983703762293 1.20000005699694 -0.815280014649034 -26.0426662862301 2.49999994412065 -2.22499994561076 -26.8538128584623 1.20000005699694 -1.57500000204891 -25.7279798388481 2.49999994412065 -3.14662512391806 -26.1466260999441 1.20000005699694 -2.22738645970821 -25.2273865044117 2.49999994412065 -3.85381304658949 -25.2250004559755 1.20000005699694 -2.72798002697527 -24.575000628829 2.49999994412065 -4.29836986586452 -24.1517443209887 1.20000005699694 -3.0426662415266 -23.8152798265219 2.49999994412065 -4.44999989122152 -23.0000000447035 1.20000005699694 -3.15000000409782 -23.0000000447035 1.20000005699694 0.815280014649034 -19.9573338031769 2.49999994412065 1.15174474194646 -18.7016297131777 1.20000005699694 4.31704320920506E-16 -19.8500007390976 2.49999994412065 5.11324073793915E-16 -18.5499992221594 1.20000005699694 -0.815280014649034 -19.9573338031769 2.49999994412065 -1.15174474194646 -18.7016297131777 1.20000005699694 -1.57500000204891 -20.2720202505589 2.49999994412065 -2.22499994561076 -19.1461872309446 1.20000005699694 -2.22738645970821 -20.7726135849953 2.49999994412065 -3.14662512391806 -19.8533739894629 1.20000005699694 -2.72798002697527 -21.424999460578 2.49999994412065 -3.85381304658949 -20.7749996334314 1.20000005699694 -3.0426662415266 -22.1847202628851 2.49999994412065 -4.29836986586452 -21.8482557684183 1.20000005699694 -3.0426662415266 -14.8152802139521 2.49999994412065 -4.44999989122152 -14.0000004321337 2.49999994412065 -4.29836986586452 -15.1517447084188 1.20000005699694 -2.72798002697527 -15.5750000849366 2.49999994412065 -3.85381304658949 -16.2250008434057 1.20000005699694 -2.22738645970821 -16.2273868918419 2.49999994412065 -3.14662512391806 -17.1466246247292 1.20000005699694 -1.57500000204891 -16.7279802262783 2.49999994412065 -2.22499994561076 -17.8538132458925 1.20000005699694 -0.815280014649034 -17.0426666736603 2.49999994412065 -1.15174474194646 -18.2983707636595 1.20000005699694 5.8996303861502E-15 -17.1499997377396 2.49999994412065 5.37218363163944E-15 -18.4499993920326 1.20000005699694 0.815280014649034 -17.0426666736603 2.49999994412065 1.15174474194646 -18.2983707636595 1.20000005699694 1.57500000204891 -16.7279802262783 2.49999994412065 2.22499994561076 -17.8538132458925 1.20000005699694 2.22738645970821 -16.2273868918419 2.49999994412065 3.14662512391806 -17.1466246247292 1.20000005699694 2.72798002697527 -15.5750000849366 2.49999994412065 3.85381304658949 -16.2250008434057 1.20000005699694 3.0426662415266 -14.8152802139521 2.49999994412065 4.29836986586452 -15.1517447084188 1.20000005699694 3.15000000409782 -14.0000004321337 2.49999994412065 4.44999989122152 -14.0000004321337 1.20000005699694 3.0426662415266 -13.1847197189927 2.49999994412065 4.29836986586452 -12.8482552245259 1.20000005699694 2.72798002697527 -12.4249998480082 2.49999994412065 3.85381304658949 -11.7750000208616 1.20000005699694 2.22738645970821 -11.7726139724255 2.49999994412065 3.14662512391806 -10.853374376893 1.20000005699694 -3.15000000409782 -14.0000004321337 1.20000005699694 1.57500000204891 -11.2720197066665 2.49999994412065 2.22499994561076 -10.1461866870522 1.20000005699694 0.815280014649034 -10.9573332592845 2.49999994412065 1.15174474194646 -9.70163010060787 1.20000005699694 7.37059863841804E-15 -10.8500001952052 2.49999994412065 7.45021808109872E-15 -9.54999960958958 1.20000005699694 -0.815280014649034 -10.9573332592845 2.49999994412065 -1.15174474194646 -9.70163010060787 1.20000005699694 -1.57500000204891 -11.2720197066665 2.49999994412065 -2.22499994561076 -10.1461866870522 1.20000005699694 -2.22738645970821 -11.7726139724255 2.49999994412065 -3.14662512391806 -10.853374376893 1.20000005699694 -2.72798002697527 -12.4249998480082 2.49999994412065 -3.85381304658949 -11.7750000208616 1.20000005699694 -3.0426662415266 -13.1847197189927 2.49999994412065 -4.29836986586452 -12.8482552245259 0.300000014249235 3.0426662415266 -32.8152813017368 0.300000014249235 4.099499899894 -32.0000015199184 0.300000014249235 3.95981315523386 -33.0610275268555 0.300000014249235 2.72798002697527 -33.5749983787537 0.300000014249235 3.55027103796601 -34.0497493743896 0.300000014249235 1.57500000204891 -29.2720198631287 0.300000014249235 2.89878435432911 -29.1012153029442 0.300000014249235 2.22738645970821 -29.7726131975651 0.300000014249235 2.72798002697527 -30.4249990731478 0.300000014249235 3.55027103796601 -29.9502499401569 0.300000014249235 3.15000000409782 -32.0000015199184 0.300000014249235 3.95981315523386 -30.9389717876911 0.300000014249235 2.22738645970821 -34.2273861169815 0.300000014249235 2.89878435432911 -34.8987840116024 0.300000014249235 1.57500000204891 -34.7279794514179 0.300000014249235 2.049749949947 -35.550270229578 0.300000014249235 -2.22738645970821 -29.7726131975651 0.300000014249235 -3.55027103796601 -29.9502499401569 0.300000014249235 -2.89878435432911 -29.1012153029442 0.300000014249235 -1.57500000204891 -29.2720198631287 0.300000014249235 -2.049749949947 -28.4497290849686 0.300000014249235 0.815280014649034 -28.9573334157467 0.300000014249235 7.01672860101875E-16 -27.9005002230406 0.300000014249235 1.06102868448943 -28.040187433362 0.300000014249235 2.049749949947 -28.4497290849686 0.300000014249235 3.0426662415266 -31.1847198754549 0.300000014249235 1.06102868448943 -35.9598137438297 0.300000014249235 0.815280014649034 -35.0426658987999 0.300000014249235 8.55587080462653E-16 -35.1499989628792 0.300000014249235 -1.21268689626245E-15 -36.0995009541512 0.300000014249235 -0.815280014649034 -35.0426658987999 0.300000014249235 -1.06102868448943 -35.9598137438297 0.300000014249235 -1.57500000204891 -34.7279794514179 0.300000014249235 -2.049749949947 -35.550270229578 0.300000014249235 -2.72798002697527 -30.4249990731478 0.300000014249235 -3.95981315523386 -30.9389717876911 0.300000014249235 -3.41314304240381E-15 -28.8500003516674 0.300000014249235 -1.06102868448943 -28.040187433362 0.300000014249235 -2.22738645970821 -34.2273861169815 0.300000014249235 -2.89878435432911 -34.8987840116024 0.300000014249235 -2.72798002697527 -33.5749983787537 0.300000014249235 -3.55027103796601 -34.0497493743896 0.300000014249235 -3.95981315523386 -33.0610275268555 0.300000014249235 -3.0426662415266 -32.8152813017368 0.300000014249235 -4.099499899894 -32.0000015199184 0.300000014249235 -3.15000000409782 -32.0000015199184 0.300000014249235 -3.0426662415266 -31.1847198754549 0.300000014249235 -0.815280014649034 -28.9573334157467 0.300000014249235 -2.049749949947 -26.5502706170082 0.300000014249235 -2.22738645970821 -25.2273865044117 0.300000014249235 -1.57500000204891 -25.7279798388481 0.300000014249235 1.06102868448943 -26.9598122686148 0.300000014249235 1.57500000204891 -25.7279798388481 0.300000014249235 2.049749949947 -26.5502706170082 0.300000014249235 -4.099499899894 -23.0000000447035 0.300000014249235 -3.0426662415266 -22.1847202628851 0.300000014249235 -3.15000000409782 -23.0000000447035 0.300000014249235 2.049749949947 -19.4497294723988 0.300000014249235 2.22738645970821 -20.7726135849953 0.300000014249235 1.57500000204891 -20.2720202505589 0.300000014249235 -3.55027103796601 -25.0497497618198 0.300000014249235 -3.0426662415266 -23.8152798265219 0.300000014249235 -2.72798002697527 -24.575000628829 0.300000014249235 3.0426662415266 -23.8152798265219 0.300000014249235 4.099499899894 -23.0000000447035 0.300000014249235 3.95981315523386 -24.0610279142857 0.300000014249235 2.72798002697527 -24.575000628829 0.300000014249235 3.55027103796601 -25.0497497618198 0.300000014249235 2.22738645970821 -25.2273865044117 0.300000014249235 2.89878435432911 -25.8987843990326 0.300000014249235 -1.57500000204891 -20.2720202505589 0.300000014249235 -2.89878435432911 -20.1012156903744 0.300000014249235 -2.049749949947 -19.4497294723988 0.300000014249235 -0.815280014649034 -19.9573338031769 0.300000014249235 -1.06102868448943 -19.0401878207922 0.300000014249235 -2.72798002697527 -21.424999460578 0.300000014249235 -3.95981315523386 -21.9389721751213 0.300000014249235 -3.55027103796601 -20.9502503275871 0.300000014249235 -2.22738645970821 -20.7726135849953 0.300000014249235 -3.41314304240381E-15 -19.8500007390976 0.300000014249235 7.35874296889105E-16 -18.9005006104708 0.300000014249235 0.815280014649034 -19.9573338031769 0.300000014249235 1.06102868448943 -19.0401878207922 0.300000014249235 2.72798002697527 -21.424999460578 0.300000014249235 2.89878435432911 -20.1012156903744 0.300000014249235 3.55027103796601 -20.9502503275871 0.300000014249235 3.0426662415266 -22.1847202628851 0.300000014249235 3.95981315523386 -21.9389721751213 0.300000014249235 3.15000000409782 -23.0000000447035 0.300000014249235 0.815280014649034 -26.0426662862301 0.300000014249235 8.55587080462653E-16 -26.1499993503094 0.300000014249235 -1.17848545947522E-15 -27.0994994789362 0.300000014249235 -0.815280014649034 -26.0426662862301 0.300000014249235 -1.06102868448943 -26.9598122686148 0.300000014249235 -2.89878435432911 -25.8987843990326 0.300000014249235 -3.95981315523386 -24.0610279142857 0.300000014249235 0.815280014649034 -10.9573332592845 0.300000014249235 7.67476783890482E-15 -9.90050006657839 0.300000014249235 1.06102868448943 -10.0401872768998 0.300000014249235 1.57500000204891 -11.2720197066665 0.300000014249235 2.049749949947 -10.4497289285064 0.300000014249235 2.22738645970821 -11.7726139724255 0.300000014249235 2.89878435432911 -11.1012160778046 0.300000014249235 3.0426662415266 -14.8152802139521 0.300000014249235 4.099499899894 -14.0000004321337 0.300000014249235 3.95981315523386 -15.0610283017159 0.300000014249235 2.72798002697527 -15.5750000849366 0.300000014249235 3.55027103796601 -16.04975014925 0.300000014249235 3.52575106829857E-15 -10.8500001952052 0.300000014249235 -1.06102868448943 -10.0401872768998 0.300000014249235 2.72798002697527 -12.4249998480082 0.300000014249235 3.55027103796601 -11.9502497836947 0.300000014249235 3.0426662415266 -13.1847197189927 0.300000014249235 3.95981315523386 -12.9389716312289 0.300000014249235 3.15000000409782 -14.0000004321337 0.300000014249235 -4.099499899894 -14.0000004321337 0.300000014249235 -3.0426662415266 -13.1847197189927 0.300000014249235 -3.15000000409782 -14.0000004321337 0.300000014249235 2.89878435432911 -16.8987847864628 0.300000014249235 2.22738645970821 -16.2273868918419 0.300000014249235 -1.57500000204891 -11.2720197066665 0.300000014249235 -2.89878435432911 -11.1012160778046 0.300000014249235 -2.049749949947 -10.4497289285064 0.300000014249235 -0.815280014649034 -10.9573332592845 0.300000014249235 2.049749949947 -17.5502710044384 0.300000014249235 1.57500000204891 -16.7279802262783 0.300000014249235 0.815280014649034 -17.0426666736603 0.300000014249235 1.06102868448943 -17.959812656045 0.300000014249235 -0.815280014649034 -17.0426666736603 0.300000014249235 5.76040844443201E-15 -18.0994998663664 0.300000014249235 -1.06102868448943 -17.959812656045 0.300000014249235 -1.57500000204891 -16.7279802262783 0.300000014249235 -2.049749949947 -17.5502710044384 0.300000014249235 -3.95981315523386 -12.9389716312289 0.300000014249235 -2.72798002697527 -12.4249998480082 0.300000014249235 -3.55027103796601 -11.9502497836947 0.300000014249235 -2.22738645970821 -11.7726139724255 0.300000014249235 7.79448072587594E-15 -17.1499997377396 0.300000014249235 -2.22738645970821 -16.2273868918419 0.300000014249235 -2.89878435432911 -16.8987847864628 0.300000014249235 -2.72798002697527 -15.5750000849366 0.300000014249235 -3.55027103796601 -16.04975014925 0.300000014249235 -3.0426662415266 -14.8152802139521 0.300000014249235 -3.95981315523386 -15.0610283017159 0.699999975040555 2.24975007586181 -35.8966812491417 0.300000014249235 2.89878435432911 -34.8987840116024 0.699999975040555 3.18162702023983 -35.1816266775131 0.300000014249235 -3.55027103796601 -34.0497493743896 0.699999975040555 -4.3461830355227 -33.16455706954 0.300000014249235 -3.95981315523386 -33.0610275268555 0.300000014249235 -2.89878435432911 -34.8987840116024 0.699999975040555 -3.89668135903776 -34.2497490346432 0.300000014249235 -2.049749949947 -35.550270229578 0.699999975040555 -3.18162702023983 -35.1816266775131 0.300000014249235 -1.06102868448943 -35.9598137438297 0.699999975040555 -2.24975007586181 -35.8966812491417 0.300000014249235 -1.21268689626245E-15 -36.0995009541512 0.699999975040555 -1.16455624811351 -36.3461822271347 0.300000014249235 1.06102868448943 -35.9598137438297 0.699999975040555 -1.39452177101934E-15 -36.4995002746582 0.300000014249235 2.049749949947 -35.550270229578 0.699999975040555 1.16455624811351 -36.3461822271347 0.300000014249235 3.55027103796601 -34.0497493743896 0.300000014249235 3.95981315523386 -33.0610275268555 0.699999975040555 3.89668135903776 -34.2497490346432 0.300000014249235 4.099499899894 -32.0000015199184 0.699999975040555 4.3461830355227 -33.16455706954 0.300000014249235 3.95981315523386 -30.9389717876911 0.699999975040555 4.49950015172362 -32.0000015199184 0.300000014249235 3.55027103796601 -29.9502499401569 0.699999975040555 4.3461830355227 -30.8354441076517 0.300000014249235 2.89878435432911 -29.1012153029442 0.699999975040555 3.89668135903776 -29.7502502799034 0.300000014249235 2.049749949947 -28.4497290849686 0.699999975040555 3.18162702023983 -28.8183726370335 0.699999975040555 -4.49950015172362 -32.0000015199184 0.300000014249235 1.06102868448943 -28.040187433362 0.699999975040555 2.24975007586181 -28.1033180654049 0.699999975040555 1.16455624811351 -27.6538170874119 0.300000014249235 7.01672860101875E-16 -27.9005002230406 0.699999975040555 7.06627568573491E-16 -27.5005009025335 0.300000014249235 -4.099499899894 -32.0000015199184 0.300000014249235 -1.06102868448943 -28.040187433362 0.300000014249235 -2.049749949947 -28.4497290849686 0.699999975040555 -1.16455624811351 -27.6538170874119 0.300000014249235 -2.89878435432911 -29.1012153029442 0.699999975040555 -2.24975007586181 -28.1033180654049 0.300000014249235 -3.55027103796601 -29.9502499401569 0.699999975040555 -3.18162702023983 -28.8183726370335 0.699999975040555 -3.89668135903776 -29.7502502799034 0.300000014249235 -3.95981315523386 -30.9389717876911 0.699999975040555 -4.3461830355227 -30.8354441076517 0.699999975040555 -1.36032033423211E-15 -27.4995006620884 0.300000014249235 1.06102868448943 -26.9598122686148 0.699999975040555 1.16455624811351 -27.3461826145649 0.699999975040555 -1.16455624811351 -27.3461826145649 0.300000014249235 -1.17848545947522E-15 -27.0994994789362 0.699999975040555 -2.24975007586181 -26.8966816365719 0.300000014249235 -1.06102868448943 -26.9598122686148 0.699999975040555 -3.18162702023983 -26.1816270649433 0.300000014249235 -2.049749949947 -26.5502706170082 0.699999975040555 -4.3461830355227 -24.1645555943251 0.300000014249235 -3.55027103796601 -25.0497497618198 0.699999975040555 -3.89668135903776 -25.2497494220734 0.699999975040555 -4.49950015172362 -23.0000000447035 0.300000014249235 -3.95981315523386 -24.0610279142857 0.300000014249235 2.049749949947 -19.4497294723988 0.699999975040555 3.18162702023983 -19.8183730244637 0.300000014249235 2.89878435432911 -20.1012156903744 0.699999975040555 3.89668135903776 -20.7502506673336 0.300000014249235 3.55027103796601 -20.9502503275871 0.699999975040555 4.3461830355227 -21.8354444950819 0.300000014249235 3.95981315523386 -21.9389721751213 0.699999975040555 4.49950015172362 -23.0000000447035 0.300000014249235 4.099499899894 -23.0000000447035 0.699999975040555 4.3461830355227 -24.1645555943251 0.300000014249235 3.95981315523386 -24.0610279142857 0.699999975040555 3.89668135903776 -25.2497494220734 0.300000014249235 3.55027103796601 -25.0497497618198 0.699999975040555 3.18162702023983 -26.1816270649433 0.300000014249235 2.89878435432911 -25.8987843990326 0.699999975040555 2.24975007586181 -26.8966816365719 0.300000014249235 2.049749949947 -26.5502706170082 0.300000014249235 -2.89878435432911 -25.8987843990326 0.300000014249235 -4.099499899894 -23.0000000447035 0.699999975040555 2.24975007586181 -19.1033184528351 0.300000014249235 1.06102868448943 -19.0401878207922 0.699999975040555 1.16455624811351 -18.6538174748421 0.300000014249235 7.35874296889105E-16 -18.9005006104708 0.699999975040555 7.40829005360721E-16 -18.5004994273186 0.300000014249235 -1.06102868448943 -19.0401878207922 0.699999975040555 -1.16455624811351 -18.6538174748421 0.300000014249235 -2.049749949947 -19.4497294723988 0.699999975040555 -2.24975007586181 -19.1033184528351 0.300000014249235 -2.89878435432911 -20.1012156903744 0.699999975040555 -3.18162702023983 -19.8183730244637 0.300000014249235 -3.55027103796601 -20.9502503275871 0.699999975040555 -3.89668135903776 -20.7502506673336 0.300000014249235 -3.95981315523386 -21.9389721751213 0.699999975040555 -4.3461830355227 -21.8354444950819 0.699999975040555 -4.49950015172362 -14.0000004321337 0.300000014249235 -3.95981315523386 -15.0610283017159 0.699999975040555 -4.3461830355227 -15.1645559817553 0.300000014249235 -3.55027103796601 -16.04975014925 0.699999975040555 -3.89668135903776 -16.2497498095036 0.300000014249235 -2.89878435432911 -16.8987847864628 0.699999975040555 -3.18162702023983 -17.1816274523735 0.300000014249235 -2.049749949947 -17.5502710044384 0.699999975040555 -2.24975007586181 -17.8966820240021 0.300000014249235 -1.06102868448943 -17.959812656045 0.699999975040555 -1.16455624811351 -18.3461830019951 0.300000014249235 5.76040844443201E-15 -18.0994998663664 0.699999975040555 5.57857346627754E-15 -18.4994991868734 0.300000014249235 1.06102868448943 -17.959812656045 0.699999975040555 1.16455624811351 -18.3461830019951 0.300000014249235 2.049749949947 -17.5502710044384 0.699999975040555 2.24975007586181 -17.8966820240021 0.300000014249235 2.89878435432911 -16.8987847864628 0.699999975040555 3.18162702023983 -17.1816274523735 0.300000014249235 3.55027103796601 -16.04975014925 0.699999975040555 3.89668135903776 -16.2497498095036 0.300000014249235 3.95981315523386 -15.0610283017159 0.699999975040555 4.3461830355227 -15.1645559817553 0.300000014249235 4.099499899894 -14.0000004321337 0.699999975040555 4.49950015172362 -14.0000004321337 0.300000014249235 3.95981315523386 -12.9389716312289 0.699999975040555 4.3461830355227 -12.8354439511895 0.300000014249235 3.55027103796601 -11.9502497836947 0.699999975040555 3.89668135903776 -11.7502501234412 0.300000014249235 2.89878435432911 -11.1012160778046 0.699999975040555 3.18162702023983 -10.8183734118938 0.300000014249235 2.049749949947 -10.4497289285064 0.699999975040555 2.24975007586181 -10.1033188402653 0.300000014249235 1.06102868448943 -10.0401872768998 0.699999975040555 1.16455624811351 -9.65381693094969 0.300000014249235 7.67476783890482E-15 -9.90050006657839 0.699999975040555 7.67972265077401E-15 -9.50049981474876 0.300000014249235 -1.06102868448943 -10.0401872768998 0.699999975040555 -1.16455624811351 -9.65381693094969 0.300000014249235 -2.049749949947 -10.4497289285064 0.699999975040555 -2.24975007586181 -10.1033188402653 0.300000014249235 -2.89878435432911 -11.1012160778046 0.699999975040555 -3.18162702023983 -10.8183734118938 0.300000014249235 -3.55027103796601 -11.9502497836947 0.699999975040555 -3.89668135903776 -11.7502501234412 0.300000014249235 -3.95981315523386 -12.9389716312289 0.699999975040555 -4.3461830355227 -12.8354439511895 0.300000014249235 -4.099499899894 -14.0000004321337 0.300000014249235 3.0426662415266 -223.18471968174 1.20000005699694 3.15000000409782 -224.000006914139 1.20000005699694 3.0426662415266 -223.18471968174 0.300000014249235 2.72798002697527 -222.424998879433 1.20000005699694 2.72798002697527 -222.424998879433 0.300000014249235 2.22738645970821 -221.772611141205 1.20000005699694 2.22738645970821 -221.772611141205 0.300000014249235 1.57500000204891 -221.272021532059 1.20000005699694 1.57500000204891 -221.272021532059 0.300000014249235 0.815280014649034 -220.957338809967 1.20000005699694 0.815280014649034 -220.957338809967 0.300000014249235 -3.41314304240381E-15 -220.850005745888 1.20000005699694 4.31704320920506E-16 -220.850005745888 0.300000014249235 -0.815280014649034 -220.957338809967 1.20000005699694 -0.815280014649034 -220.957338809967 0.300000014249235 -1.57500000204891 -221.272021532059 1.20000005699694 -1.57500000204891 -221.272021532059 0.300000014249235 -2.22738645970821 -221.772611141205 1.20000005699694 -2.22738645970821 -221.772611141205 0.300000014249235 -2.72798002697527 -222.424998879433 1.20000005699694 -2.72798002697527 -222.424998879433 0.300000014249235 -3.0426662415266 -223.18471968174 1.20000005699694 -3.0426662415266 -223.18471968174 0.300000014249235 -3.15000000409782 -224.000006914139 1.20000005699694 -3.15000000409782 -224.000006914139 0.300000014249235 -3.0426662415266 -224.815279245377 1.20000005699694 -3.0426662415266 -224.815279245377 0.300000014249235 -2.72798002697527 -225.575000047684 1.20000005699694 -2.72798002697527 -225.575000047684 0.300000014249235 -2.22738645970821 -226.227387785912 1.20000005699694 -2.22738645970821 -226.227387785912 0.300000014249235 -1.57500000204891 -226.727977395058 1.20000005699694 -1.57500000204891 -226.727977395058 0.300000014249235 -0.815280014649034 -227.042660117149 1.20000005699694 -0.815280014649034 -227.042660117149 0.300000014249235 8.55587080462653E-16 -227.149993181229 1.20000005699694 -1.03926362115461E-15 -227.149993181229 0.300000014249235 0.815280014649034 -227.042660117149 1.20000005699694 0.815280014649034 -227.042660117149 0.300000014249235 1.57500000204891 -226.727977395058 1.20000005699694 1.57500000204891 -226.727977395058 0.300000014249235 2.22738645970821 -226.227387785912 1.20000005699694 2.22738645970821 -226.227387785912 0.300000014249235 2.72798002697527 -225.575000047684 1.20000005699694 2.72798002697527 -225.575000047684 0.300000014249235 3.0426662415266 -224.815279245377 1.20000005699694 3.0426662415266 -224.815279245377 0.300000014249235 3.15000000409782 -224.000006914139 0.300000014249235 1.57500000204891 -212.272018194199 1.20000005699694 2.22738645970821 -212.772607803345 1.20000005699694 1.57500000204891 -212.272018194199 0.300000014249235 2.22738645970821 -212.772607803345 1.20000005699694 2.72798002697527 -213.424995541573 0.300000014249235 2.72798002697527 -213.424995541573 1.20000005699694 3.0426662415266 -214.18471634388 0.300000014249235 3.0426662415266 -214.18471634388 1.20000005699694 3.15000000409782 -215.000003576279 0.300000014249235 -3.41314304240381E-15 -211.850002408028 1.20000005699694 0.815280014649034 -211.957335472107 1.20000005699694 4.31704320920506E-16 -211.850002408028 0.300000014249235 -0.815280014649034 -211.957335472107 1.20000005699694 -0.815280014649034 -211.957335472107 0.300000014249235 -1.57500000204891 -212.272018194199 1.20000005699694 -1.57500000204891 -212.272018194199 0.300000014249235 -2.22738645970821 -212.772607803345 1.20000005699694 -2.22738645970821 -212.772607803345 0.300000014249235 -2.72798002697527 -213.424995541573 1.20000005699694 -2.72798002697527 -213.424995541573 0.300000014249235 -3.0426662415266 -214.18471634388 1.20000005699694 -3.0426662415266 -214.18471634388 0.300000014249235 -3.15000000409782 -215.000003576279 1.20000005699694 -3.15000000409782 -215.000003576279 0.300000014249235 -2.72798002697527 -216.574996709824 1.20000005699694 -3.0426662415266 -215.815275907516 1.20000005699694 -2.72798002697527 -216.574996709824 0.300000014249235 -2.22738645970821 -217.227384448051 1.20000005699694 -2.22738645970821 -217.227384448051 0.300000014249235 -1.57500000204891 -217.727974057198 1.20000005699694 -1.57500000204891 -217.727974057198 0.300000014249235 -0.815280014649034 -218.04267168045 1.20000005699694 -0.815280014649034 -218.04267168045 0.300000014249235 8.55587080462653E-16 -218.15000474453 1.20000005699694 -1.03926362115461E-15 -218.15000474453 0.300000014249235 0.815280014649034 -218.04267168045 1.20000005699694 0.815280014649034 -218.04267168045 0.300000014249235 1.57500000204891 -217.727974057198 1.20000005699694 1.57500000204891 -217.727974057198 0.300000014249235 2.22738645970821 -217.227384448051 1.20000005699694 2.22738645970821 -217.227384448051 0.300000014249235 2.72798002697527 -216.574996709824 1.20000005699694 2.72798002697527 -216.574996709824 0.300000014249235 3.0426662415266 -215.815275907516 1.20000005699694 3.0426662415266 -215.815275907516 0.300000014249235 3.15000000409782 -215.000003576279 0.300000014249235 -3.0426662415266 -215.815275907516 0.300000014249235 0.815280014649034 -211.957335472107 1.20000005699694 3.0426662415266 -205.18471300602 0.300000014249235 2.72798002697527 -204.425007104874 0.300000014249235 3.0426662415266 -205.18471300602 1.20000005699694 2.72798002697527 -204.425007104874 0.300000014249235 2.22738645970821 -203.772619366646 1.20000005699694 2.22738645970821 -203.772619366646 0.300000014249235 1.57500000204891 -203.272014856339 1.20000005699694 1.57500000204891 -203.272014856339 0.300000014249235 0.815280014649034 -202.957332134247 1.20000005699694 0.815280014649034 -202.957332134247 0.300000014249235 -3.41314304240381E-15 -202.849999070168 1.20000005699694 3.15000000409782 -206.000000238419 1.20000005699694 4.31704320920506E-16 -202.849999070168 0.300000014249235 -0.815280014649034 -202.957332134247 1.20000005699694 -0.815280014649034 -202.957332134247 0.300000014249235 -1.57500000204891 -203.272014856339 1.20000005699694 -1.57500000204891 -203.272014856339 0.300000014249235 -2.22738645970821 -203.772619366646 1.20000005699694 -2.22738645970821 -203.772619366646 0.300000014249235 -2.72798002697527 -204.425007104874 1.20000005699694 -2.72798002697527 -204.425007104874 0.300000014249235 -3.0426662415266 -205.18471300602 1.20000005699694 -3.0426662415266 -205.18471300602 0.300000014249235 -3.15000000409782 -206.000000238419 1.20000005699694 -3.15000000409782 -206.000000238419 0.300000014249235 -3.0426662415266 -206.815272569656 1.20000005699694 -3.0426662415266 -206.815272569656 0.300000014249235 -2.72798002697527 -207.574993371964 1.20000005699694 -2.72798002697527 -207.574993371964 0.300000014249235 -2.22738645970821 -208.227381110191 1.20000005699694 -2.22738645970821 -208.227381110191 0.300000014249235 -1.57500000204891 -208.727985620499 1.20000005699694 -1.57500000204891 -208.727985620499 0.300000014249235 -0.815280014649034 -209.04266834259 1.20000005699694 -0.815280014649034 -209.04266834259 0.300000014249235 8.55587080462653E-16 -209.15000140667 1.20000005699694 -1.03926362115461E-15 -209.15000140667 0.300000014249235 0.815280014649034 -209.04266834259 1.20000005699694 0.815280014649034 -209.04266834259 0.300000014249235 1.57500000204891 -208.727985620499 1.20000005699694 1.57500000204891 -208.727985620499 0.300000014249235 2.22738645970821 -208.227381110191 1.20000005699694 2.22738645970821 -208.227381110191 0.300000014249235 2.72798002697527 -207.574993371964 1.20000005699694 2.72798002697527 -207.574993371964 0.300000014249235 3.0426662415266 -206.815272569656 1.20000005699694 3.0426662415266 -206.815272569656 0.300000014249235 3.15000000409782 -206.000000238419 2.49999994412065 -4.44999989122152 -206.000000238419 1.20000005699694 -3.0426662415266 -206.815272569656 1.20000005699694 -3.15000000409782 -206.000000238419 2.49999994412065 -4.29836986586452 -207.151740789413 1.20000005699694 -2.72798002697527 -207.574993371964 2.49999994412065 -3.85381304658949 -208.2249969244 1.20000005699694 -2.22738645970821 -208.227381110191 2.49999994412065 -3.14662512391806 -209.146618843079 1.20000005699694 -1.57500000204891 -208.727985620499 2.49999994412065 -2.22499994561076 -209.853813052177 1.20000005699694 -0.815280014649034 -209.04266834259 2.49999994412065 -1.15174474194646 -210.298374295235 1.20000005699694 -1.03926362115461E-15 -209.15000140667 2.49999994412065 -1.56671006547264E-15 -210.449993610382 1.20000005699694 0.815280014649034 -209.04266834259 2.49999994412065 1.15174474194646 -210.298374295235 1.20000005699694 1.57500000204891 -208.727985620499 2.49999994412065 2.22499994561076 -209.853813052177 1.20000005699694 2.22738645970821 -208.227381110191 2.49999994412065 3.14662512391806 -209.146618843079 1.20000005699694 2.72798002697527 -207.574993371964 2.49999994412065 3.85381304658949 -208.2249969244 1.20000005699694 3.0426662415266 -206.815272569656 2.49999994412065 4.29836986586452 -207.151740789413 1.20000005699694 3.15000000409782 -206.000000238419 2.49999994412065 4.44999989122152 -206.000000238419 1.20000005699694 3.0426662415266 -205.18471300602 2.49999994412065 4.29836986586452 -204.848259687424 1.20000005699694 2.72798002697527 -204.425007104874 2.49999994412065 3.85381304658949 -203.775003552437 1.20000005699694 2.22738645970821 -203.772619366646 2.49999994412065 3.14662512391806 -202.853381633759 1.20000005699694 1.57500000204891 -203.272014856339 2.49999994412065 2.22499994561076 -202.14618742466 1.20000005699694 0.815280014649034 -202.957332134247 2.49999994412065 1.15174474194646 -201.701626181602 1.20000005699694 4.31704320920506E-16 -202.849999070168 2.49999994412065 5.11324073793915E-16 -201.550006866455 1.20000005699694 -0.815280014649034 -202.957332134247 2.49999994412065 -1.15174474194646 -201.701626181602 1.20000005699694 -1.57500000204891 -203.272014856339 2.49999994412065 -2.22499994561076 -202.14618742466 1.20000005699694 -2.22738645970821 -203.772619366646 2.49999994412065 -3.14662512391806 -202.853381633759 1.20000005699694 -2.72798002697527 -204.425007104874 2.49999994412065 -3.85381304658949 -203.775003552437 1.20000005699694 -3.0426662415266 -205.18471300602 2.49999994412065 -4.29836986586452 -204.848259687424 2.49999994412065 -4.44999989122152 -215.000003576279 1.20000005699694 -3.0426662415266 -215.815275907516 1.20000005699694 -3.15000000409782 -215.000003576279 2.49999994412065 -4.29836986586452 -216.151744127274 1.20000005699694 -2.72798002697527 -216.574996709824 2.49999994412065 -3.85381304658949 -217.22500026226 1.20000005699694 -2.22738645970821 -217.227384448051 2.49999994412065 -3.14662512391806 -218.146622180939 1.20000005699694 -1.57500000204891 -217.727974057198 2.49999994412065 -2.22499994561076 -218.853816390038 1.20000005699694 -0.815280014649034 -218.04267168045 2.49999994412065 -1.15174474194646 -219.298362731934 1.20000005699694 -1.03926362115461E-15 -218.15000474453 2.49999994412065 -1.56671006547264E-15 -219.449996948242 1.20000005699694 0.815280014649034 -218.04267168045 2.49999994412065 1.15174474194646 -219.298362731934 1.20000005699694 1.57500000204891 -217.727974057198 2.49999994412065 2.22499994561076 -218.853816390038 1.20000005699694 2.22738645970821 -217.227384448051 2.49999994412065 3.14662512391806 -218.146622180939 1.20000005699694 2.72798002697527 -216.574996709824 2.49999994412065 3.85381304658949 -217.22500026226 1.20000005699694 3.0426662415266 -215.815275907516 2.49999994412065 4.29836986586452 -216.151744127274 1.20000005699694 3.15000000409782 -215.000003576279 2.49999994412065 4.44999989122152 -215.000003576279 1.20000005699694 3.0426662415266 -214.18471634388 2.49999994412065 4.29836986586452 -213.848248124123 1.20000005699694 2.72798002697527 -213.424995541573 2.49999994412065 3.85381304658949 -212.775006890297 1.20000005699694 2.22738645970821 -212.772607803345 2.49999994412065 3.14662512391806 -211.853370070457 1.20000005699694 1.57500000204891 -212.272018194199 2.49999994412065 2.22499994561076 -211.14619076252 1.20000005699694 0.815280014649034 -211.957335472107 2.49999994412065 1.15174474194646 -210.701629519463 1.20000005699694 4.31704320920506E-16 -211.850002408028 2.49999994412065 5.11324073793915E-16 -210.549995303154 1.20000005699694 -0.815280014649034 -211.957335472107 2.49999994412065 -1.15174474194646 -210.701629519463 1.20000005699694 -1.57500000204891 -212.272018194199 2.49999994412065 -2.22499994561076 -211.14619076252 1.20000005699694 -2.22738645970821 -212.772607803345 2.49999994412065 -3.14662512391806 -211.853370070457 1.20000005699694 -2.72798002697527 -213.424995541573 2.49999994412065 -3.85381304658949 -212.775006890297 1.20000005699694 -3.0426662415266 -214.18471634388 2.49999994412065 -4.29836986586452 -213.848248124123 1.20000005699694 4.31704320920506E-16 -220.850005745888 2.49999994412065 1.15174474194646 -219.701632857323 2.49999994412065 5.11324073793915E-16 -219.549998641014 1.20000005699694 -3.0426662415266 -224.815279245377 2.49999994412065 -4.44999989122152 -224.000006914139 2.49999994412065 -4.29836986586452 -225.151747465134 1.20000005699694 -2.72798002697527 -225.575000047684 2.49999994412065 -3.85381304658949 -226.225003600121 1.20000005699694 -2.22738645970821 -226.227387785912 2.49999994412065 -3.14662512391806 -227.146625518799 1.20000005699694 -1.57500000204891 -226.727977395058 2.49999994412065 -2.22499994561076 -227.853819727898 1.20000005699694 -0.815280014649034 -227.042660117149 2.49999994412065 -1.15174474194646 -228.298366069794 1.20000005699694 -1.03926362115461E-15 -227.149993181229 2.49999994412065 -1.56671006547264E-15 -228.450000286102 1.20000005699694 0.815280014649034 -227.042660117149 2.49999994412065 1.15174474194646 -228.298366069794 1.20000005699694 1.57500000204891 -226.727977395058 2.49999994412065 2.22499994561076 -227.853819727898 1.20000005699694 2.22738645970821 -226.227387785912 2.49999994412065 3.14662512391806 -227.146625518799 1.20000005699694 2.72798002697527 -225.575000047684 2.49999994412065 3.85381304658949 -226.225003600121 1.20000005699694 3.0426662415266 -224.815279245377 2.49999994412065 4.29836986586452 -225.151747465134 1.20000005699694 3.15000000409782 -224.000006914139 2.49999994412065 4.44999989122152 -224.000006914139 1.20000005699694 3.0426662415266 -223.18471968174 2.49999994412065 4.29836986586452 -222.848251461983 1.20000005699694 2.72798002697527 -222.424998879433 2.49999994412065 3.85381304658949 -221.774995326996 1.20000005699694 2.22738645970821 -221.772611141205 2.49999994412065 3.14662512391806 -220.853373408318 1.20000005699694 1.57500000204891 -221.272021532059 2.49999994412065 2.22499994561076 -220.14619410038 1.20000005699694 0.815280014649034 -220.957338809967 1.20000005699694 -0.815280014649034 -220.957338809967 2.49999994412065 -1.15174474194646 -219.701632857323 1.20000005699694 -1.57500000204891 -221.272021532059 2.49999994412065 -2.22499994561076 -220.14619410038 1.20000005699694 -2.22738645970821 -221.772611141205 2.49999994412065 -3.14662512391806 -220.853373408318 1.20000005699694 -2.72798002697527 -222.424998879433 2.49999994412065 -3.85381304658949 -221.774995326996 1.20000005699694 -3.0426662415266 -223.18471968174 2.49999994412065 -4.29836986586452 -222.848251461983 1.20000005699694 -3.15000000409782 -224.000006914139 0.300000014249235 7.35874296889105E-16 -201.900497078896 0.300000014249235 0.815280014649034 -202.957332134247 0.300000014249235 -3.41314304240381E-15 -202.849999070168 0.300000014249235 -2.89878435432911 -203.101217746735 0.300000014249235 -1.57500000204891 -203.272014856339 0.300000014249235 -2.22738645970821 -203.772619366646 0.300000014249235 -3.95981315523386 -207.061022520065 0.300000014249235 -3.15000000409782 -206.000000238419 0.300000014249235 -3.0426662415266 -206.815272569656 0.300000014249235 -2.89878435432911 -208.898782730103 0.300000014249235 -2.72798002697527 -207.574993371964 0.300000014249235 -2.22738645970821 -208.227381110191 0.300000014249235 -1.17848545947522E-15 -210.099503397942 0.300000014249235 -0.815280014649034 -209.04266834259 0.300000014249235 8.55587080462653E-16 -209.15000140667 0.300000014249235 2.049749949947 -209.550276398659 0.300000014249235 2.22738645970821 -208.227381110191 0.300000014249235 2.89878435432911 -208.898782730103 0.300000014249235 1.06102868448943 -202.040180563927 0.300000014249235 -0.815280014649034 -202.957332134247 0.300000014249235 -2.049749949947 -202.449724078178 0.300000014249235 -3.95981315523386 -204.938977956772 0.300000014249235 -2.72798002697527 -204.425007104874 0.300000014249235 -3.0426662415266 -205.18471300602 0.300000014249235 -4.099499899894 -206.000000238419 0.300000014249235 -3.55027103796601 -208.049744367599 0.300000014249235 -2.049749949947 -209.550276398659 0.300000014249235 -1.57500000204891 -208.727985620499 0.300000014249235 -1.06102868448943 -209.95981991291 0.300000014249235 0.815280014649034 -209.04266834259 0.300000014249235 1.57500000204891 -208.727985620499 0.300000014249235 3.55027103796601 -203.950256109238 0.300000014249235 3.0426662415266 -205.18471300602 0.300000014249235 2.72798002697527 -204.425007104874 0.300000014249235 -1.06102868448943 -202.040180563927 0.300000014249235 -3.55027103796601 -203.950256109238 0.300000014249235 1.06102868448943 -209.95981991291 0.300000014249235 3.95981315523386 -207.061022520065 0.300000014249235 3.15000000409782 -206.000000238419 0.300000014249235 4.099499899894 -206.000000238419 0.300000014249235 2.89878435432911 -203.101217746735 0.300000014249235 2.22738645970821 -203.772619366646 0.300000014249235 3.55027103796601 -208.049744367599 0.300000014249235 3.0426662415266 -206.815272569656 0.300000014249235 3.95981315523386 -204.938977956772 0.300000014249235 1.57500000204891 -203.272014856339 0.300000014249235 2.049749949947 -202.449724078178 0.300000014249235 2.72798002697527 -207.574993371964 0.300000014249235 -4.099499899894 -215.000003576279 0.300000014249235 -3.0426662415266 -214.18471634388 0.300000014249235 -3.15000000409782 -215.000003576279 0.300000014249235 2.049749949947 -211.449727416039 0.300000014249235 0.815280014649034 -211.957335472107 0.300000014249235 1.06102868448943 -211.040183901787 0.300000014249235 -2.049749949947 -218.550264835358 0.300000014249235 -0.815280014649034 -218.04267168045 0.300000014249235 -1.06102868448943 -218.959808349609 0.300000014249235 7.35874296889105E-16 -210.900500416756 0.300000014249235 -0.815280014649034 -211.957335472107 0.300000014249235 -1.06102868448943 -211.040183901787 0.300000014249235 -3.55027103796601 -217.04974770546 0.300000014249235 -3.0426662415266 -215.815275907516 0.300000014249235 -2.72798002697527 -216.574996709824 0.300000014249235 -1.17848545947522E-15 -219.099506735802 0.300000014249235 0.815280014649034 -218.04267168045 0.300000014249235 1.06102868448943 -218.959808349609 0.300000014249235 -3.41314304240381E-15 -211.850002408028 0.300000014249235 -2.89878435432911 -212.101221084595 0.300000014249235 -1.57500000204891 -212.272018194199 0.300000014249235 -2.22738645970821 -212.772607803345 0.300000014249235 -3.95981315523386 -216.061025857925 0.300000014249235 -2.89878435432911 -217.898786067963 0.300000014249235 -2.22738645970821 -217.227384448051 0.300000014249235 8.55587080462653E-16 -218.15000474453 0.300000014249235 2.049749949947 -218.550264835358 0.300000014249235 2.22738645970821 -217.227384448051 0.300000014249235 2.89878435432911 -217.898786067963 0.300000014249235 -2.049749949947 -211.449727416039 0.300000014249235 -3.95981315523386 -213.938966393471 0.300000014249235 -2.72798002697527 -213.424995541573 0.300000014249235 -1.57500000204891 -217.727974057198 0.300000014249235 1.57500000204891 -217.727974057198 0.300000014249235 3.55027103796601 -212.950244545937 0.300000014249235 3.0426662415266 -214.18471634388 0.300000014249235 2.72798002697527 -213.424995541573 0.300000014249235 -3.55027103796601 -212.950244545937 0.300000014249235 3.95981315523386 -216.061025857925 0.300000014249235 3.15000000409782 -215.000003576279 0.300000014249235 4.099499899894 -215.000003576279 0.300000014249235 2.89878435432911 -212.101221084595 0.300000014249235 2.22738645970821 -212.772607803345 0.300000014249235 3.55027103796601 -217.04974770546 0.300000014249235 3.0426662415266 -215.815275907516 0.300000014249235 3.95981315523386 -213.938966393471 0.300000014249235 1.57500000204891 -212.272018194199 0.300000014249235 2.72798002697527 -216.574996709824 0.300000014249235 -1.17848545947522E-15 -228.099495172501 0.300000014249235 0.815280014649034 -227.042660117149 0.300000014249235 1.06102868448943 -227.959811687469 0.300000014249235 -3.55027103796601 -226.04975104332 0.300000014249235 -3.0426662415266 -224.815279245377 0.300000014249235 -2.72798002697527 -225.575000047684 0.300000014249235 7.35874296889105E-16 -219.900503754616 0.300000014249235 -0.815280014649034 -220.957338809967 0.300000014249235 -1.06102868448943 -220.040187239647 0.300000014249235 -2.049749949947 -227.550268173218 0.300000014249235 -0.815280014649034 -227.042660117149 0.300000014249235 -1.06102868448943 -227.959811687469 0.300000014249235 2.049749949947 -220.449730753899 0.300000014249235 0.815280014649034 -220.957338809967 0.300000014249235 1.06102868448943 -220.040187239647 0.300000014249235 -3.41314304240381E-15 -220.850005745888 0.300000014249235 -2.89878435432911 -221.101209521294 0.300000014249235 -1.57500000204891 -221.272021532059 0.300000014249235 -2.22738645970821 -221.772611141205 0.300000014249235 -3.95981315523386 -225.061029195786 0.300000014249235 -3.15000000409782 -224.000006914139 0.300000014249235 -2.89878435432911 -226.898789405823 0.300000014249235 -2.22738645970821 -226.227387785912 0.300000014249235 8.55587080462653E-16 -227.149993181229 0.300000014249235 2.049749949947 -227.550268173218 0.300000014249235 2.22738645970821 -226.227387785912 0.300000014249235 2.89878435432911 -226.898789405823 0.300000014249235 -2.049749949947 -220.449730753899 0.300000014249235 -3.95981315523386 -222.938969731331 0.300000014249235 -2.72798002697527 -222.424998879433 0.300000014249235 -3.0426662415266 -223.18471968174 0.300000014249235 -4.099499899894 -224.000006914139 0.300000014249235 -1.57500000204891 -226.727977395058 0.300000014249235 1.57500000204891 -226.727977395058 0.300000014249235 3.55027103796601 -221.950247883797 0.300000014249235 3.0426662415266 -223.18471968174 0.300000014249235 2.72798002697527 -222.424998879433 0.300000014249235 3.0426662415266 -224.815279245377 0.300000014249235 3.55027103796601 -226.04975104332 0.300000014249235 2.72798002697527 -225.575000047684 0.300000014249235 -3.55027103796601 -221.950247883797 0.300000014249235 3.95981315523386 -225.061029195786 0.300000014249235 3.15000000409782 -224.000006914139 0.300000014249235 4.099499899894 -224.000006914139 0.300000014249235 2.89878435432911 -221.101209521294 0.300000014249235 2.22738645970821 -221.772611141205 0.300000014249235 3.95981315523386 -222.938969731331 0.300000014249235 1.57500000204891 -221.272021532059 0.300000014249235 -3.95981315523386 -225.061029195786 0.699999975040555 -4.49950015172362 -224.000006914139 0.300000014249235 -4.099499899894 -224.000006914139 0.699999975040555 -4.3461830355227 -225.16456246376 0.300000014249235 -3.55027103796601 -226.04975104332 0.699999975040555 -3.89668135903776 -226.249754428864 0.300000014249235 -2.89878435432911 -226.898789405823 0.699999975040555 -3.18162702023983 -227.181628346443 0.300000014249235 -2.049749949947 -227.550268173218 0.699999975040555 -2.24975007586181 -227.896675467491 0.300000014249235 -1.06102868448943 -227.959811687469 0.699999975040555 -1.16455624811351 -228.346183896065 0.300000014249235 -1.17848545947522E-15 -228.099495172501 0.699999975040555 -1.36032033423211E-15 -228.499501943588 0.300000014249235 1.06102868448943 -227.959811687469 0.699999975040555 1.16455624811351 -228.346183896065 0.300000014249235 2.049749949947 -227.550268173218 0.699999975040555 2.24975007586181 -227.896675467491 0.300000014249235 2.89878435432911 -226.898789405823 0.699999975040555 3.18162702023983 -227.181628346443 0.300000014249235 3.55027103796601 -226.04975104332 0.699999975040555 3.89668135903776 -226.249754428864 0.300000014249235 3.95981315523386 -225.061029195786 0.699999975040555 4.3461830355227 -225.16456246376 0.300000014249235 4.099499899894 -224.000006914139 0.699999975040555 4.49950015172362 -224.000006914139 0.300000014249235 3.95981315523386 -222.938969731331 0.699999975040555 4.3461830355227 -222.835436463356 0.300000014249235 3.55027103796601 -221.950247883797 0.699999975040555 3.89668135903776 -221.750244498253 0.300000014249235 2.89878435432911 -221.101209521294 0.699999975040555 3.18162702023983 -220.818370580673 0.300000014249235 2.049749949947 -220.449730753899 0.699999975040555 2.24975007586181 -220.103323459625 0.300000014249235 1.06102868448943 -220.040187239647 0.699999975040555 1.16455624811351 -219.653815031052 0.300000014249235 7.35874296889105E-16 -219.900503754616 0.699999975040555 7.40829005360721E-16 -219.500496983528 0.300000014249235 -1.06102868448943 -220.040187239647 0.699999975040555 -1.16455624811351 -219.653815031052 0.300000014249235 -2.049749949947 -220.449730753899 0.699999975040555 -2.24975007586181 -220.103323459625 0.300000014249235 -2.89878435432911 -221.101209521294 0.699999975040555 -3.18162702023983 -220.818370580673 0.300000014249235 -3.55027103796601 -221.950247883797 0.699999975040555 -3.89668135903776 -221.750244498253 0.300000014249235 -3.95981315523386 -222.938969731331 0.699999975040555 -4.3461830355227 -222.835436463356 0.300000014249235 -3.55027103796601 -217.04974770546 0.699999975040555 -4.3461830355227 -216.1645591259 0.300000014249235 -3.95981315523386 -216.061025857925 0.300000014249235 -2.89878435432911 -217.898786067963 0.699999975040555 -3.89668135903776 -217.249751091003 0.300000014249235 -2.049749949947 -218.550264835358 0.699999975040555 -3.18162702023983 -218.181625008583 0.300000014249235 -1.06102868448943 -218.959808349609 0.699999975040555 -2.24975007586181 -218.896687030792 0.300000014249235 -1.17848545947522E-15 -219.099506735802 0.699999975040555 -1.16455624811351 -219.346180558205 0.300000014249235 1.06102868448943 -218.959808349609 0.699999975040555 -1.36032033423211E-15 -219.499498605728 0.300000014249235 2.049749949947 -218.550264835358 0.699999975040555 1.16455624811351 -219.346180558205 0.300000014249235 2.89878435432911 -217.898786067963 0.699999975040555 2.24975007586181 -218.896687030792 0.300000014249235 3.55027103796601 -217.04974770546 0.699999975040555 3.18162702023983 -218.181625008583 0.300000014249235 3.95981315523386 -216.061025857925 0.699999975040555 3.89668135903776 -217.249751091003 0.300000014249235 4.099499899894 -215.000003576279 0.699999975040555 4.3461830355227 -216.1645591259 0.300000014249235 3.95981315523386 -213.938966393471 0.699999975040555 4.49950015172362 -215.000003576279 0.300000014249235 3.55027103796601 -212.950244545937 0.699999975040555 4.3461830355227 -213.835448026657 0.300000014249235 2.89878435432911 -212.101221084595 0.699999975040555 3.89668135903776 -212.750256061554 0.300000014249235 2.049749949947 -211.449727416039 0.699999975040555 3.18162702023983 -211.818367242813 0.300000014249235 1.06102868448943 -211.040183901787 0.699999975040555 2.24975007586181 -211.103320121765 0.300000014249235 7.35874296889105E-16 -210.900500416756 0.699999975040555 1.16455624811351 -210.653811693192 0.300000014249235 -1.06102868448943 -211.040183901787 0.699999975040555 7.40829005360721E-16 -210.500493645668 0.300000014249235 -2.049749949947 -211.449727416039 0.699999975040555 -1.16455624811351 -210.653811693192 0.300000014249235 -2.89878435432911 -212.101221084595 0.699999975040555 -2.24975007586181 -211.103320121765 0.300000014249235 -3.55027103796601 -212.950244545937 0.699999975040555 -3.18162702023983 -211.818367242813 0.300000014249235 -3.95981315523386 -213.938966393471 0.699999975040555 -3.89668135903776 -212.750256061554 0.300000014249235 -4.099499899894 -215.000003576279 0.699999975040555 -4.3461830355227 -213.835448026657 0.699999975040555 -4.49950015172362 -215.000003576279 0.699999975040555 -4.49950015172362 -206.000000238419 0.300000014249235 -3.95981315523386 -207.061022520065 0.699999975040555 -4.3461830355227 -207.16455578804 0.300000014249235 -3.55027103796601 -208.049744367599 0.699999975040555 -3.89668135903776 -208.249747753143 0.300000014249235 -2.89878435432911 -208.898782730103 0.699999975040555 -3.18162702023983 -209.181621670723 0.300000014249235 -2.049749949947 -209.550276398659 0.699999975040555 -2.24975007586181 -209.896683692932 0.300000014249235 -1.06102868448943 -209.95981991291 0.699999975040555 -1.16455624811351 -210.346177220345 0.300000014249235 -1.17848545947522E-15 -210.099503397942 0.699999975040555 -1.36032033423211E-15 -210.499495267868 0.300000014249235 1.06102868448943 -209.95981991291 0.699999975040555 1.16455624811351 -210.346177220345 0.300000014249235 2.049749949947 -209.550276398659 0.699999975040555 2.24975007586181 -209.896683692932 0.300000014249235 2.89878435432911 -208.898782730103 0.699999975040555 3.18162702023983 -209.181621670723 0.300000014249235 3.55027103796601 -208.049744367599 0.699999975040555 3.89668135903776 -208.249747753143 0.300000014249235 3.95981315523386 -207.061022520065 0.699999975040555 4.3461830355227 -207.16455578804 0.300000014249235 4.099499899894 -206.000000238419 0.699999975040555 4.49950015172362 -206.000000238419 0.300000014249235 3.95981315523386 -204.938977956772 0.699999975040555 4.3461830355227 -204.835444688797 0.300000014249235 3.55027103796601 -203.950256109238 0.699999975040555 3.89668135903776 -203.750252723694 0.300000014249235 2.89878435432911 -203.101217746735 0.699999975040555 3.18162702023983 -202.818378806114 0.300000014249235 2.049749949947 -202.449724078178 0.699999975040555 2.24975007586181 -202.103316783905 0.300000014249235 1.06102868448943 -202.040180563927 0.699999975040555 1.16455624811351 -201.653823256493 0.300000014249235 7.35874296889105E-16 -201.900497078896 0.699999975040555 7.40829005360721E-16 -201.500505208969 0.300000014249235 -1.06102868448943 -202.040180563927 0.699999975040555 -1.16455624811351 -201.653823256493 0.300000014249235 -2.049749949947 -202.449724078178 0.699999975040555 -2.24975007586181 -202.103316783905 0.300000014249235 -2.89878435432911 -203.101217746735 0.699999975040555 -3.18162702023983 -202.818378806114 0.300000014249235 -3.55027103796601 -203.950256109238 0.699999975040555 -3.89668135903776 -203.750252723694 0.300000014249235 -3.95981315523386 -204.938977956772 0.699999975040555 -4.3461830355227 -204.835444688797 0.300000014249235 -4.099499899894 -206.000000238419 0.300000014249235 3.0426662415266 -255.184710025787 1.20000005699694 3.15000000409782 -256.000012159348 1.20000005699694 3.0426662415266 -255.184710025787 0.300000014249235 2.72798002697527 -254.42498922348 1.20000005699694 2.72798002697527 -254.42498922348 0.300000014249235 2.22738645970821 -253.772616386414 1.20000005699694 2.22738645970821 -253.772616386414 0.300000014249235 1.57500000204891 -253.272026777267 1.20000005699694 1.57500000204891 -253.272026777267 0.300000014249235 0.815280014649034 -252.957344055176 1.20000005699694 0.815280014649034 -252.957344055176 0.300000014249235 3.15000000409782 -256.000012159348 0.300000014249235 -3.41314304240381E-15 -252.849996089935 1.20000005699694 4.31704320920506E-16 -252.849996089935 0.300000014249235 -0.815280014649034 -252.957344055176 1.20000005699694 -0.815280014649034 -252.957344055176 0.300000014249235 -1.57500000204891 -253.272026777267 1.20000005699694 -1.57500000204891 -253.272026777267 0.300000014249235 -2.22738645970821 -253.772616386414 1.20000005699694 -2.22738645970821 -253.772616386414 0.300000014249235 -2.72798002697527 -254.42498922348 1.20000005699694 -2.72798002697527 -254.42498922348 0.300000014249235 -3.0426662415266 -255.184710025787 1.20000005699694 -3.0426662415266 -255.184710025787 0.300000014249235 -3.15000000409782 -256.000012159348 1.20000005699694 -3.15000000409782 -256.000012159348 0.300000014249235 -3.0426662415266 -256.815284490585 1.20000005699694 -3.0426662415266 -256.815284490585 0.300000014249235 -2.72798002697527 -257.575005292892 1.20000005699694 -2.72798002697527 -257.575005292892 0.300000014249235 -2.22738645970821 -258.227378129959 1.20000005699694 -2.22738645970821 -258.227378129959 0.300000014249235 -1.57500000204891 -258.727967739105 1.20000005699694 -1.57500000204891 -258.727967739105 0.300000014249235 -0.815280014649034 -259.042680263519 1.20000005699694 -0.815280014649034 -259.042680263519 0.300000014249235 8.55587080462653E-16 -259.149998426437 1.20000005699694 -1.03926362115461E-15 -259.149998426437 0.300000014249235 0.815280014649034 -259.042680263519 1.20000005699694 0.815280014649034 -259.042680263519 0.300000014249235 1.57500000204891 -258.727967739105 1.20000005699694 1.57500000204891 -258.727967739105 0.300000014249235 2.22738645970821 -258.227378129959 1.20000005699694 2.22738645970821 -258.227378129959 0.300000014249235 2.72798002697527 -257.575005292892 1.20000005699694 2.72798002697527 -257.575005292892 0.300000014249235 3.0426662415266 -256.815284490585 1.20000005699694 3.0426662415266 -256.815284490585 1.20000005699694 3.0426662415266 -247.815281152725 0.300000014249235 3.15000000409782 -246.999993920326 0.300000014249235 3.0426662415266 -247.815281152725 1.20000005699694 2.72798002697527 -245.425000786781 0.300000014249235 2.22738645970821 -244.772613048553 0.300000014249235 2.72798002697527 -245.425000786781 1.20000005699694 2.22738645970821 -244.772613048553 0.300000014249235 1.57500000204891 -244.272023439407 1.20000005699694 1.57500000204891 -244.272023439407 0.300000014249235 0.815280014649034 -243.957340717316 1.20000005699694 0.815280014649034 -243.957340717316 0.300000014249235 -3.41314304240381E-15 -243.849992752075 1.20000005699694 4.31704320920506E-16 -243.849992752075 0.300000014249235 -0.815280014649034 -243.957340717316 1.20000005699694 -0.815280014649034 -243.957340717316 0.300000014249235 -1.57500000204891 -244.272023439407 1.20000005699694 -1.57500000204891 -244.272023439407 0.300000014249235 -2.22738645970821 -244.772613048553 1.20000005699694 -2.22738645970821 -244.772613048553 0.300000014249235 -2.72798002697527 -245.425000786781 1.20000005699694 -2.72798002697527 -245.425000786781 0.300000014249235 -3.0426662415266 -246.184721589088 1.20000005699694 -3.0426662415266 -246.184721589088 0.300000014249235 -3.15000000409782 -246.999993920326 1.20000005699694 -3.15000000409782 -246.999993920326 0.300000014249235 -3.0426662415266 -247.815281152725 1.20000005699694 -3.0426662415266 -247.815281152725 0.300000014249235 -2.72798002697527 -248.575001955032 1.20000005699694 -2.72798002697527 -248.575001955032 0.300000014249235 -2.22738645970821 -249.22738969326 1.20000005699694 -2.22738645970821 -249.22738969326 0.300000014249235 -1.57500000204891 -249.727979302406 1.20000005699694 -1.57500000204891 -249.727979302406 0.300000014249235 -0.815280014649034 -250.042676925659 1.20000005699694 -0.815280014649034 -250.042676925659 0.300000014249235 8.55587080462653E-16 -250.149995088577 1.20000005699694 -1.03926362115461E-15 -250.149995088577 0.300000014249235 0.815280014649034 -250.042676925659 1.20000005699694 0.815280014649034 -250.042676925659 0.300000014249235 1.57500000204891 -249.727979302406 1.20000005699694 1.57500000204891 -249.727979302406 0.300000014249235 2.22738645970821 -249.22738969326 1.20000005699694 2.22738645970821 -249.22738969326 0.300000014249235 2.72798002697527 -248.575001955032 1.20000005699694 2.72798002697527 -248.575001955032 1.20000005699694 3.15000000409782 -246.999993920326 1.20000005699694 3.0426662415266 -246.184721589088 0.300000014249235 3.0426662415266 -246.184721589088 1.20000005699694 -0.815280014649034 -234.957337379456 0.300000014249235 -1.57500000204891 -235.272020101547 0.300000014249235 -0.815280014649034 -234.957337379456 1.20000005699694 -1.57500000204891 -235.272020101547 0.300000014249235 -2.22738645970821 -235.772609710693 1.20000005699694 -2.22738645970821 -235.772609710693 0.300000014249235 -2.72798002697527 -236.424997448921 1.20000005699694 -2.72798002697527 -236.424997448921 0.300000014249235 -3.0426662415266 -237.184718251228 1.20000005699694 -3.0426662415266 -237.184718251228 0.300000014249235 -3.15000000409782 -238.000005483627 1.20000005699694 -3.15000000409782 -238.000005483627 0.300000014249235 -3.0426662415266 -238.815277814865 1.20000005699694 -3.0426662415266 -238.815277814865 0.300000014249235 -2.72798002697527 -239.574998617172 1.20000005699694 -2.72798002697527 -239.574998617172 0.300000014249235 -2.22738645970821 -240.2273863554 1.20000005699694 -2.22738645970821 -240.2273863554 0.300000014249235 -1.57500000204891 -240.727975964546 1.20000005699694 -1.57500000204891 -240.727975964546 0.300000014249235 -0.815280014649034 -241.042673587799 1.20000005699694 -0.815280014649034 -241.042673587799 0.300000014249235 8.55587080462653E-16 -241.150006651878 1.20000005699694 -1.03926362115461E-15 -241.150006651878 0.300000014249235 0.815280014649034 -241.042673587799 1.20000005699694 0.815280014649034 -241.042673587799 0.300000014249235 1.57500000204891 -240.727975964546 1.20000005699694 1.57500000204891 -240.727975964546 0.300000014249235 2.22738645970821 -240.2273863554 1.20000005699694 2.22738645970821 -240.2273863554 0.300000014249235 2.72798002697527 -239.574998617172 1.20000005699694 2.72798002697527 -239.574998617172 0.300000014249235 3.0426662415266 -238.815277814865 1.20000005699694 3.0426662415266 -238.815277814865 0.300000014249235 3.15000000409782 -238.000005483627 1.20000005699694 3.15000000409782 -238.000005483627 1.20000005699694 0.815280014649034 -234.957337379456 0.300000014249235 -3.41314304240381E-15 -234.850004315376 0.300000014249235 0.815280014649034 -234.957337379456 1.20000005699694 4.31704320920506E-16 -234.850004315376 1.20000005699694 1.57500000204891 -235.272020101547 0.300000014249235 1.57500000204891 -235.272020101547 1.20000005699694 2.22738645970821 -235.772609710693 0.300000014249235 2.22738645970821 -235.772609710693 1.20000005699694 2.72798002697527 -236.424997448921 0.300000014249235 2.72798002697527 -236.424997448921 1.20000005699694 3.0426662415266 -237.184718251228 0.300000014249235 3.0426662415266 -237.184718251228 2.49999994412065 -4.29836986586452 -239.151746034622 1.20000005699694 -2.72798002697527 -239.574998617172 1.20000005699694 -3.0426662415266 -238.815277814865 2.49999994412065 -3.85381304658949 -240.225002169609 1.20000005699694 -2.22738645970821 -240.2273863554 2.49999994412065 -3.14662512391806 -241.146624088287 1.20000005699694 -1.57500000204891 -240.727975964546 2.49999994412065 -2.22499994561076 -241.853818297386 1.20000005699694 -0.815280014649034 -241.042673587799 2.49999994412065 -1.15174474194646 -242.298364639282 1.20000005699694 -1.03926362115461E-15 -241.150006651878 2.49999994412065 -1.56671006547264E-15 -242.449998855591 1.20000005699694 0.815280014649034 -241.042673587799 2.49999994412065 1.15174474194646 -242.298364639282 1.20000005699694 1.57500000204891 -240.727975964546 2.49999994412065 2.22499994561076 -241.853818297386 1.20000005699694 2.22738645970821 -240.2273863554 2.49999994412065 3.14662512391806 -241.146624088287 1.20000005699694 2.72798002697527 -239.574998617172 2.49999994412065 3.85381304658949 -240.225002169609 1.20000005699694 3.0426662415266 -238.815277814865 2.49999994412065 4.29836986586452 -239.151746034622 1.20000005699694 3.15000000409782 -238.000005483627 2.49999994412065 4.44999989122152 -238.000005483627 1.20000005699694 3.0426662415266 -237.184718251228 2.49999994412065 4.29836986586452 -236.848250031471 1.20000005699694 2.72798002697527 -236.424997448921 2.49999994412065 3.85381304658949 -235.774993896484 1.20000005699694 2.22738645970821 -235.772609710693 2.49999994412065 3.14662512391806 -234.853371977806 1.20000005699694 1.57500000204891 -235.272020101547 2.49999994412065 2.22499994561076 -234.146192669868 1.20000005699694 0.815280014649034 -234.957337379456 2.49999994412065 1.15174474194646 -233.701631426811 1.20000005699694 4.31704320920506E-16 -234.850004315376 2.49999994412065 5.11324073793915E-16 -233.549997210503 1.20000005699694 -0.815280014649034 -234.957337379456 2.49999994412065 -1.15174474194646 -233.701631426811 1.20000005699694 -1.57500000204891 -235.272020101547 2.49999994412065 -2.22499994561076 -234.146192669868 1.20000005699694 -2.22738645970821 -235.772609710693 2.49999994412065 -3.14662512391806 -234.853371977806 1.20000005699694 -2.72798002697527 -236.424997448921 2.49999994412065 -3.85381304658949 -235.774993896484 1.20000005699694 -3.0426662415266 -237.184718251228 2.49999994412065 -4.29836986586452 -236.848250031471 1.20000005699694 -3.15000000409782 -238.000005483627 2.49999994412065 -4.44999989122152 -238.000005483627 1.20000005699694 -2.72798002697527 -248.575001955032 2.49999994412065 -4.29836986586452 -248.151749372482 2.49999994412065 -3.85381304658949 -249.225005507469 1.20000005699694 -2.22738645970821 -249.22738969326 2.49999994412065 -3.14662512391806 -250.146627426147 1.20000005699694 -1.57500000204891 -249.727979302406 2.49999994412065 -2.22499994561076 -250.853806734085 1.20000005699694 -0.815280014649034 -250.042676925659 2.49999994412065 -1.15174474194646 -251.298367977142 1.20000005699694 -1.03926362115461E-15 -250.149995088577 2.49999994412065 -1.56671006547264E-15 -251.450002193451 1.20000005699694 0.815280014649034 -250.042676925659 2.49999994412065 1.15174474194646 -251.298367977142 1.20000005699694 1.57500000204891 -249.727979302406 2.49999994412065 2.22499994561076 -250.853806734085 1.20000005699694 2.22738645970821 -249.22738969326 2.49999994412065 3.14662512391806 -250.146627426147 1.20000005699694 2.72798002697527 -248.575001955032 2.49999994412065 3.85381304658949 -249.225005507469 1.20000005699694 3.0426662415266 -247.815281152725 2.49999994412065 4.29836986586452 -248.151749372482 1.20000005699694 3.15000000409782 -246.999993920326 2.49999994412065 4.44999989122152 -246.999993920326 1.20000005699694 3.0426662415266 -246.184721589088 2.49999994412065 4.29836986586452 -245.848253369331 1.20000005699694 2.72798002697527 -245.425000786781 2.49999994412065 3.85381304658949 -244.774997234344 1.20000005699694 2.22738645970821 -244.772613048553 2.49999994412065 3.14662512391806 -243.853375315666 1.20000005699694 1.57500000204891 -244.272023439407 2.49999994412065 2.22499994561076 -243.146181106567 1.20000005699694 0.815280014649034 -243.957340717316 2.49999994412065 1.15174474194646 -242.701634764671 1.20000005699694 4.31704320920506E-16 -243.849992752075 2.49999994412065 5.11324073793915E-16 -242.550000548363 1.20000005699694 -0.815280014649034 -243.957340717316 2.49999994412065 -1.15174474194646 -242.701634764671 1.20000005699694 -1.57500000204891 -244.272023439407 2.49999994412065 -2.22499994561076 -243.146181106567 1.20000005699694 -2.22738645970821 -244.772613048553 2.49999994412065 -3.14662512391806 -243.853375315666 1.20000005699694 -2.72798002697527 -245.425000786781 2.49999994412065 -3.85381304658949 -244.774997234344 1.20000005699694 -3.0426662415266 -246.184721589088 2.49999994412065 -4.29836986586452 -245.848253369331 1.20000005699694 -3.15000000409782 -246.999993920326 2.49999994412065 -4.44999989122152 -246.999993920326 1.20000005699694 -3.0426662415266 -247.815281152725 2.49999994412065 -4.44999989122152 -256.000012159348 1.20000005699694 -3.0426662415266 -256.815284490585 1.20000005699694 -3.15000000409782 -256.000012159348 2.49999994412065 -4.29836986586452 -257.151752710342 1.20000005699694 -2.72798002697527 -257.575005292892 2.49999994412065 -3.85381304658949 -258.224993944168 1.20000005699694 -2.22738645970821 -258.227378129959 2.49999994412065 -3.14662512391806 -259.146630764008 1.20000005699694 -1.57500000204891 -258.727967739105 2.49999994412065 -2.22499994561076 -259.853810071945 1.20000005699694 -0.815280014649034 -259.042680263519 2.49999994412065 -1.15174474194646 -260.298371315002 1.20000005699694 -1.03926362115461E-15 -259.149998426437 2.49999994412065 -1.56671006547264E-15 -260.450005531311 1.20000005699694 0.815280014649034 -259.042680263519 2.49999994412065 1.15174474194646 -260.298371315002 1.20000005699694 1.57500000204891 -258.727967739105 2.49999994412065 2.22499994561076 -259.853810071945 1.20000005699694 2.22738645970821 -258.227378129959 2.49999994412065 3.14662512391806 -259.146630764008 1.20000005699694 2.72798002697527 -257.575005292892 2.49999994412065 3.85381304658949 -258.224993944168 1.20000005699694 3.0426662415266 -256.815284490585 2.49999994412065 4.29836986586452 -257.151752710342 1.20000005699694 3.15000000409782 -256.000012159348 2.49999994412065 4.44999989122152 -256.000012159348 1.20000005699694 3.0426662415266 -255.184710025787 2.49999994412065 4.29836986586452 -254.84824180603 1.20000005699694 2.72798002697527 -254.42498922348 2.49999994412065 3.85381304658949 -253.775000572205 1.20000005699694 2.22738645970821 -253.772616386414 2.49999994412065 3.14662512391806 -252.853363752365 1.20000005699694 1.57500000204891 -253.272026777267 2.49999994412065 2.22499994561076 -252.146184444427 1.20000005699694 0.815280014649034 -252.957344055176 2.49999994412065 1.15174474194646 -251.70162320137 1.20000005699694 4.31704320920506E-16 -252.849996089935 2.49999994412065 5.11324073793915E-16 -251.549988985062 1.20000005699694 -0.815280014649034 -252.957344055176 2.49999994412065 -1.15174474194646 -251.70162320137 1.20000005699694 -1.57500000204891 -253.272026777267 2.49999994412065 -2.22499994561076 -252.146184444427 1.20000005699694 -2.22738645970821 -253.772616386414 2.49999994412065 -3.14662512391806 -252.853363752365 1.20000005699694 -2.72798002697527 -254.42498922348 2.49999994412065 -4.29836986586452 -254.84824180603 1.20000005699694 -3.0426662415266 -255.184710025787 2.49999994412065 -3.85381304658949 -253.775000572205 0.300000014249235 -0.815280014649034 -234.957337379456 0.300000014249235 7.35874296889105E-16 -233.900502324104 0.300000014249235 -3.41314304240381E-15 -234.850004315376 0.300000014249235 -2.049749949947 -234.449729323387 0.300000014249235 -1.57500000204891 -235.272020101547 0.300000014249235 -3.95981315523386 -236.938968300819 0.300000014249235 -2.72798002697527 -236.424997448921 0.300000014249235 -3.0426662415266 -237.184718251228 0.300000014249235 -3.15000000409782 -238.000005483627 0.300000014249235 -3.95981315523386 -239.061027765274 0.300000014249235 -4.099499899894 -238.000005483627 0.300000014249235 -3.0426662415266 -238.815277814865 0.300000014249235 -3.55027103796601 -240.049749612808 0.300000014249235 -2.72798002697527 -239.574998617172 0.300000014249235 -2.89878435432911 -240.898787975311 0.300000014249235 -2.049749949947 -241.550266742706 0.300000014249235 -2.22738645970821 -240.2273863554 0.300000014249235 -1.57500000204891 -240.727975964546 0.300000014249235 -0.815280014649034 -241.042673587799 0.300000014249235 -1.17848545947522E-15 -242.099493741989 0.300000014249235 -1.06102868448943 -241.959810256958 0.300000014249235 0.815280014649034 -241.042673587799 0.300000014249235 8.55587080462653E-16 -241.150006651878 0.300000014249235 2.049749949947 -241.550266742706 0.300000014249235 1.57500000204891 -240.727975964546 0.300000014249235 3.55027103796601 -235.950246453285 0.300000014249235 3.0426662415266 -237.184718251228 0.300000014249235 2.72798002697527 -236.424997448921 0.300000014249235 -1.06102868448943 -234.040185809135 0.300000014249235 -2.89878435432911 -235.101222991943 0.300000014249235 -3.55027103796601 -235.950246453285 0.300000014249235 -2.22738645970821 -235.772609710693 0.300000014249235 2.89878435432911 -235.101222991943 0.300000014249235 2.22738645970821 -235.772609710693 0.300000014249235 0.815280014649034 -234.957337379456 0.300000014249235 1.06102868448943 -234.040185809135 0.300000014249235 2.22738645970821 -240.2273863554 0.300000014249235 3.55027103796601 -240.049749612808 0.300000014249235 3.0426662415266 -238.815277814865 0.300000014249235 3.95981315523386 -239.061027765274 0.300000014249235 3.95981315523386 -236.938968300819 0.300000014249235 3.15000000409782 -238.000005483627 0.300000014249235 1.06102868448943 -241.959810256958 0.300000014249235 1.57500000204891 -235.272020101547 0.300000014249235 2.049749949947 -234.449729323387 0.300000014249235 2.72798002697527 -239.574998617172 0.300000014249235 4.099499899894 -238.000005483627 0.300000014249235 2.89878435432911 -240.898787975311 0.300000014249235 2.89878435432911 -244.101211428642 0.300000014249235 2.72798002697527 -245.425000786781 0.300000014249235 2.22738645970821 -244.772613048553 0.300000014249235 2.22738645970821 -249.22738969326 0.300000014249235 3.55027103796601 -249.049752950668 0.300000014249235 2.89878435432911 -249.898791313171 0.300000014249235 -2.72798002697527 -245.425000786781 0.300000014249235 -3.95981315523386 -245.93897163868 0.300000014249235 -3.55027103796601 -244.950249791145 0.300000014249235 -2.22738645970821 -244.772613048553 0.300000014249235 -2.89878435432911 -244.101211428642 0.300000014249235 0.815280014649034 -243.957340717316 0.300000014249235 2.049749949947 -243.449732661247 0.300000014249235 1.57500000204891 -244.272023439407 0.300000014249235 3.0426662415266 -246.184721589088 0.300000014249235 3.55027103796601 -244.950249791145 0.300000014249235 3.95981315523386 -245.93897163868 0.300000014249235 3.15000000409782 -246.999993920326 0.300000014249235 4.099499899894 -246.999993920326 0.300000014249235 3.95981315523386 -248.061031103134 0.300000014249235 3.0426662415266 -247.815281152725 0.300000014249235 2.72798002697527 -248.575001955032 0.300000014249235 -3.0426662415266 -246.184721589088 0.300000014249235 -4.099499899894 -246.999993920326 0.300000014249235 -1.57500000204891 -244.272023439407 0.300000014249235 -2.049749949947 -243.449732661247 0.300000014249235 -0.815280014649034 -243.957340717316 0.300000014249235 -1.06102868448943 -243.040189146996 0.300000014249235 -0.815280014649034 -250.042676925659 0.300000014249235 -2.049749949947 -250.550270080566 0.300000014249235 -1.57500000204891 -249.727979302406 0.300000014249235 -2.22738645970821 -249.22738969326 0.300000014249235 -2.89878435432911 -249.898791313171 0.300000014249235 7.35874296889105E-16 -242.900505661964 0.300000014249235 -3.41314304240381E-15 -243.849992752075 0.300000014249235 1.06102868448943 -243.040189146996 0.300000014249235 2.049749949947 -250.550270080566 0.300000014249235 1.57500000204891 -249.727979302406 0.300000014249235 0.815280014649034 -250.042676925659 0.300000014249235 1.06102868448943 -250.959813594818 0.300000014249235 -2.72798002697527 -248.575001955032 0.300000014249235 -3.55027103796601 -249.049752950668 0.300000014249235 -3.0426662415266 -247.815281152725 0.300000014249235 -3.95981315523386 -248.061031103134 0.300000014249235 -3.15000000409782 -246.999993920326 0.300000014249235 -1.17848545947522E-15 -251.099497079849 0.300000014249235 8.55587080462653E-16 -250.149995088577 0.300000014249235 -1.06102868448943 -250.959813594818 0.300000014249235 0.815280014649034 -252.957344055176 0.300000014249235 2.049749949947 -252.449721097946 0.300000014249235 1.57500000204891 -253.272026777267 0.300000014249235 -2.22738645970821 -253.772616386414 0.300000014249235 -2.049749949947 -252.449721097946 0.300000014249235 -1.57500000204891 -253.272026777267 0.300000014249235 -3.55027103796601 -253.950238227844 0.300000014249235 -2.72798002697527 -254.42498922348 0.300000014249235 -3.0426662415266 -255.184710025787 0.300000014249235 -4.099499899894 -256.000012159348 0.300000014249235 -3.95981315523386 -254.938960075378 0.300000014249235 2.22738645970821 -258.227378129959 0.300000014249235 3.55027103796601 -258.049756288528 0.300000014249235 2.89878435432911 -258.898794651031 0.300000014249235 2.72798002697527 -257.575005292892 0.300000014249235 3.95981315523386 -257.061034440994 0.300000014249235 4.099499899894 -256.000012159348 0.300000014249235 3.0426662415266 -256.815284490585 0.300000014249235 3.15000000409782 -256.000012159348 0.300000014249235 3.95981315523386 -254.938960075378 0.300000014249235 2.72798002697527 -254.42498922348 0.300000014249235 3.55027103796601 -253.950238227844 0.300000014249235 -2.89878435432911 -253.101229667664 0.300000014249235 2.22738645970821 -253.772616386414 0.300000014249235 2.89878435432911 -253.101229667664 0.300000014249235 3.0426662415266 -255.184710025787 0.300000014249235 -3.15000000409782 -256.000012159348 0.300000014249235 -1.17848545947522E-15 -260.099500417709 0.300000014249235 0.815280014649034 -259.042680263519 0.300000014249235 1.06102868448943 -259.959816932678 0.300000014249235 -2.049749949947 -259.550273418427 0.300000014249235 -0.815280014649034 -259.042680263519 0.300000014249235 -1.06102868448943 -259.959816932678 0.300000014249235 1.06102868448943 -252.040177583694 0.300000014249235 -2.89878435432911 -258.898794651031 0.300000014249235 -2.72798002697527 -257.575005292892 0.300000014249235 -2.22738645970821 -258.227378129959 0.300000014249235 8.55587080462653E-16 -259.149998426437 0.300000014249235 2.049749949947 -259.550273418427 0.300000014249235 7.35874296889105E-16 -251.900494098663 0.300000014249235 -0.815280014649034 -252.957344055176 0.300000014249235 -1.06102868448943 -252.040177583694 0.300000014249235 -3.0426662415266 -256.815284490585 0.300000014249235 -3.95981315523386 -257.061034440994 0.300000014249235 -1.57500000204891 -258.727967739105 0.300000014249235 1.57500000204891 -258.727967739105 0.300000014249235 -3.41314304240381E-15 -252.849996089935 0.300000014249235 -3.55027103796601 -258.049756288528 0.300000014249235 -4.099499899894 -256.000012159348 0.699999975040555 -4.3461830355227 -254.835456609726 0.300000014249235 -3.95981315523386 -254.938960075378 0.300000014249235 -3.55027103796601 -258.049756288528 0.699999975040555 -4.3461830355227 -257.164567708969 0.300000014249235 -3.95981315523386 -257.061034440994 0.300000014249235 -2.89878435432911 -258.898794651031 0.699999975040555 -3.89668135903776 -258.249759674072 0.300000014249235 -2.049749949947 -259.550273418427 0.699999975040555 -3.18162702023983 -259.181618690491 0.300000014249235 -1.06102868448943 -259.959816932678 0.699999975040555 -2.24975007586181 -259.896695613861 0.300000014249235 -1.17848545947522E-15 -260.099500417709 0.699999975040555 -1.16455624811351 -260.346174240112 0.300000014249235 1.06102868448943 -259.959816932678 0.699999975040555 -1.36032033423211E-15 -260.499507188797 0.300000014249235 2.049749949947 -259.550273418427 0.699999975040555 1.16455624811351 -260.346174240112 0.300000014249235 2.89878435432911 -258.898794651031 0.699999975040555 2.24975007586181 -259.896695613861 0.300000014249235 3.55027103796601 -258.049756288528 0.699999975040555 3.18162702023983 -259.181618690491 0.300000014249235 3.95981315523386 -257.061034440994 0.699999975040555 3.89668135903776 -258.249759674072 0.300000014249235 4.099499899894 -256.000012159348 0.699999975040555 4.3461830355227 -257.164567708969 0.300000014249235 3.95981315523386 -254.938960075378 0.699999975040555 4.49950015172362 -256.000012159348 0.300000014249235 3.55027103796601 -253.950238227844 0.699999975040555 4.3461830355227 -254.835456609726 0.300000014249235 2.89878435432911 -253.101229667664 0.699999975040555 3.89668135903776 -253.750264644623 0.300000014249235 2.049749949947 -252.449721097946 0.699999975040555 3.18162702023983 -252.818375825882 0.300000014249235 1.06102868448943 -252.040177583694 0.699999975040555 2.24975007586181 -252.103328704834 0.300000014249235 7.35874296889105E-16 -251.900494098663 0.699999975040555 1.16455624811351 -251.65382027626 0.300000014249235 -1.06102868448943 -252.040177583694 0.699999975040555 7.40829005360721E-16 -251.500487327576 0.300000014249235 -2.049749949947 -252.449721097946 0.699999975040555 -1.16455624811351 -251.65382027626 0.300000014249235 -2.89878435432911 -253.101229667664 0.699999975040555 -2.24975007586181 -252.103328704834 0.300000014249235 -3.55027103796601 -253.950238227844 0.699999975040555 -3.18162702023983 -252.818375825882 0.699999975040555 -3.89668135903776 -253.750264644623 0.699999975040555 -4.49950015172362 -256.000012159348 0.300000014249235 -3.55027103796601 -249.049752950668 0.699999975040555 -4.3461830355227 -248.164549469948 0.300000014249235 -3.95981315523386 -248.061031103134 0.300000014249235 -2.89878435432911 -249.898791313171 0.699999975040555 -3.89668135903776 -249.249756336212 0.300000014249235 -2.049749949947 -250.550270080566 0.699999975040555 -3.18162702023983 -250.181615352631 0.300000014249235 -1.06102868448943 -250.959813594818 0.699999975040555 -2.24975007586181 -250.896692276001 0.300000014249235 -1.17848545947522E-15 -251.099497079849 0.699999975040555 -1.16455624811351 -251.346170902252 0.300000014249235 1.06102868448943 -250.959813594818 0.699999975040555 -1.36032033423211E-15 -251.499503850937 0.300000014249235 2.049749949947 -250.550270080566 0.699999975040555 1.16455624811351 -251.346170902252 0.300000014249235 2.89878435432911 -249.898791313171 0.699999975040555 2.24975007586181 -250.896692276001 0.300000014249235 3.55027103796601 -249.049752950668 0.699999975040555 3.18162702023983 -250.181615352631 0.300000014249235 3.95981315523386 -248.061031103134 0.699999975040555 3.89668135903776 -249.249756336212 0.300000014249235 4.099499899894 -246.999993920326 0.699999975040555 4.3461830355227 -248.164549469948 0.300000014249235 3.95981315523386 -245.93897163868 0.699999975040555 4.49950015172362 -246.999993920326 0.300000014249235 3.55027103796601 -244.950249791145 0.699999975040555 4.3461830355227 -245.835438370705 0.300000014249235 2.89878435432911 -244.101211428642 0.699999975040555 3.89668135903776 -244.750246405602 0.300000014249235 2.049749949947 -243.449732661247 0.699999975040555 3.18162702023983 -243.818372488022 0.300000014249235 1.06102868448943 -243.040189146996 0.699999975040555 2.24975007586181 -243.103325366974 0.300000014249235 7.35874296889105E-16 -242.900505661964 0.699999975040555 1.16455624811351 -242.6538169384 0.300000014249235 -1.06102868448943 -243.040189146996 0.699999975040555 7.40829005360721E-16 -242.500498890877 0.300000014249235 -2.049749949947 -243.449732661247 0.699999975040555 -1.16455624811351 -242.6538169384 0.300000014249235 -2.89878435432911 -244.101211428642 0.699999975040555 -2.24975007586181 -243.103325366974 0.300000014249235 -3.55027103796601 -244.950249791145 0.699999975040555 -3.18162702023983 -243.818372488022 0.300000014249235 -3.95981315523386 -245.93897163868 0.699999975040555 -3.89668135903776 -244.750246405602 0.300000014249235 -4.099499899894 -246.999993920326 0.699999975040555 -4.3461830355227 -245.835438370705 0.699999975040555 -4.49950015172362 -246.999993920326 0.300000014249235 -3.95981315523386 -239.061027765274 0.699999975040555 -4.49950015172362 -238.000005483627 0.300000014249235 -4.099499899894 -238.000005483627 0.300000014249235 -3.55027103796601 -240.049749612808 0.699999975040555 -4.3461830355227 -239.164561033249 0.300000014249235 -2.89878435432911 -240.898787975311 0.699999975040555 -3.89668135903776 -240.249752998352 0.300000014249235 -2.049749949947 -241.550266742706 0.699999975040555 -3.18162702023983 -241.181626915932 0.300000014249235 -1.06102868448943 -241.959810256958 0.699999975040555 -2.24975007586181 -241.89667403698 0.300000014249235 -1.17848545947522E-15 -242.099493741989 0.699999975040555 -1.16455624811351 -242.346182465553 0.300000014249235 1.06102868448943 -241.959810256958 0.699999975040555 -1.36032033423211E-15 -242.499500513077 0.300000014249235 2.049749949947 -241.550266742706 0.699999975040555 1.16455624811351 -242.346182465553 0.300000014249235 2.89878435432911 -240.898787975311 0.699999975040555 2.24975007586181 -241.89667403698 0.300000014249235 3.55027103796601 -240.049749612808 0.699999975040555 3.18162702023983 -241.181626915932 0.300000014249235 3.95981315523386 -239.061027765274 0.699999975040555 3.89668135903776 -240.249752998352 0.300000014249235 4.099499899894 -238.000005483627 0.699999975040555 4.3461830355227 -239.164561033249 0.300000014249235 3.95981315523386 -236.938968300819 0.699999975040555 4.49950015172362 -238.000005483627 0.300000014249235 3.55027103796601 -235.950246453285 0.699999975040555 4.3461830355227 -236.835449934006 0.300000014249235 2.89878435432911 -235.101222991943 0.699999975040555 3.89668135903776 -235.750243067741 0.300000014249235 2.049749949947 -234.449729323387 0.699999975040555 3.18162702023983 -234.818369150162 0.300000014249235 1.06102868448943 -234.040185809135 0.699999975040555 2.24975007586181 -234.103322029114 0.300000014249235 7.35874296889105E-16 -233.900502324104 0.699999975040555 1.16455624811351 -233.65381360054 0.300000014249235 -1.06102868448943 -234.040185809135 0.699999975040555 7.40829005360721E-16 -233.500495553017 0.300000014249235 -2.049749949947 -234.449729323387 0.699999975040555 -1.16455624811351 -233.65381360054 0.300000014249235 -2.89878435432911 -235.101222991943 0.699999975040555 -2.24975007586181 -234.103322029114 0.300000014249235 -3.55027103796601 -235.950246453285 0.699999975040555 -3.18162702023983 -234.818369150162 0.300000014249235 -3.95981315523386 -236.938968300819 0.699999975040555 -3.89668135903776 -235.750243067741 0.699999975040555 -4.3461830355227 -236.835449934006 35.6599986553192 -32.8949987888336 -4.00000018998981 30.9999994933605 -31.2650017440319 -4.00000018998981 30.9999994933605 -32.8949987888336 -4.00000018998981 42.4450002610683 -33.0949984490871 -4.00000018998981 37.4421961605549 -34.5799997448921 -4.00000018998981 42.4450002610683 -34.5799997448921 -4.00000018998981 37.1449999511242 -33.0949984490871 -4.00000018998981 36.9963310658932 -34.5234200358391 -4.00000018998981 37.1449999511242 -31.2650017440319 -4.00000018998981 36.5787334740162 -34.3572609126568 -4.00000018998981 36.2158752977848 -34.0920574963093 -4.00000018998981 35.7414707541466 -33.3369933068752 -4.00000018998981 35.9307639300823 -33.7446294724941 -4.00000018998981 38.4749993681908 -27.4749994277954 -465.000003576279 18.6950005590916 -27.4749994277954 -409.999996423721 13.175000436604 -27.4749994277954 -465.000003576279 13.175000436604 -27.4749994277954 14.9999996647239 17.4989365041256 -27.4749994277954 -12.0000001043081 17.4989365041256 -27.4749994277954 14.9999996647239 37.1449999511242 -27.4749994277954 -409.999996423721 38.4749993681908 -27.4749994277954 -12.0000001043081 18.6950005590916 -27.4749994277954 -12.0000001043081 37.1449999511242 -27.4749994277954 -12.0000001043081 38.4749993681908 -27.4749994277954 -12.0000001043081 37.1449999511242 -31.2650017440319 -12.0000001043081 37.1449999511242 -27.4749994277954 -12.0000001043081 38.4749993681908 -31.2650017440319 -12.0000001043081 42.8749993443489 -31.2650017440319 3.04923788644373 42.8749993443489 -31.275000423193 14.9999996647239 42.8749993443489 -31.275000423193 -465.000003576279 42.8749993443489 -11.374999769032 -465.000003576279 42.8749993443489 -13.4749999269843 3.04923788644373 42.8749993443489 -11.374999769032 8.59689153730869 42.8749993443489 -13.4749999269843 4.95958421379328 42.8749993443489 -31.2650017440319 14.9999996647239 38.4749993681908 -31.2650017440319 -12.0000001043081 38.4749993681908 -31.275000423193 14.9999996647239 38.4749993681908 -31.2650017440319 14.9999996647239 38.4749993681908 -27.4749994277954 -465.000003576279 38.4749993681908 -27.4749994277954 -12.0000001043081 38.4749993681908 -31.275000423193 -465.000003576279 30.4700005799532 -9.67499986290932 -118.900001049042 17.4989365041256 -9.67499986290932 -16.3000002503395 40.3489358723164 -9.67499986290932 -16.3000002503395 16.8500002473593 -9.67499986290932 -458.999991416931 14.8750003427267 -9.67499986290932 -465.000003576279 15.0499995797873 -9.67499986290932 -458.999991416931 41.1750003695488 -9.67499986290932 -465.000003576279 16.8500002473593 -9.67499986290932 -442.499995231628 41.1750003695488 -9.67499986290932 8.92393756657839 40.3489358723164 -9.67499986290932 -7.00000021606684 39.4510626792908 -9.67499986290932 8.92393756657839 20.4700008034706 -9.67499986290932 -165.099993348122 15.0499995797873 -9.67499986290932 -442.499995231628 39.4510626792908 -9.67499986290932 -7.00000021606684 30.4700005799532 -9.67499986290932 -165.099993348122 14.8750003427267 -9.67499986290932 14.9999996647239 20.4700008034706 -9.67499986290932 -118.900001049042 17.4989365041256 -9.67499986290932 14.9999996647239 17.4989365041256 -27.4749994277954 14.9999996647239 13.175000436604 -11.374999769032 14.9999996647239 13.175000436604 -27.4749994277954 14.9999996647239 14.8750003427267 -9.67499986290932 14.9999996647239 13.2329259067774 -10.9350075945258 14.9999996647239 13.4027572348714 -10.5250002816319 14.9999996647239 14.0249999240041 -9.90275666117668 14.9999996647239 13.6729180812836 -10.1729184389114 14.9999996647239 14.4350072368979 -9.73292626440525 14.9999996647239 17.4989365041256 -9.67499986290932 14.9999996647239 42.8749993443489 -31.275000423193 14.9999996647239 38.4749993681908 -31.2650017440319 14.9999996647239 38.4749993681908 -31.275000423193 14.9999996647239 42.8749993443489 -31.2650017440319 14.9999996647239 42.6472425460815 -10.5250002816319 -465.000003576279 42.8170748054981 -10.9350075945258 8.92393756657839 42.8170748054981 -10.9350075945258 -465.000003576279 42.3770807683468 -10.1729184389114 -465.000003576279 42.6472425460815 -10.5250002816319 8.92393756657839 42.0249998569489 -9.90275666117668 -465.000003576279 42.3770807683468 -10.1729184389114 8.92393756657839 42.8749993443489 -11.374999769032 8.59689153730869 42.8749993443489 -11.374999769032 -465.000003576279 42.8749993443489 -11.374999769032 8.92393756657839 41.1750003695488 -9.67499986290932 -465.000003576279 41.6149906814098 -9.73292626440525 8.92393756657839 41.6149906814098 -9.73292626440525 -465.000003576279 41.1750003695488 -9.67499986290932 8.92393756657839 42.0249998569489 -9.90275666117668 8.92393756657839 38.4749993681908 -31.275000423193 14.9999996647239 42.8749993443489 -31.275000423193 -465.000003576279 42.8749993443489 -31.275000423193 14.9999996647239 38.4749993681908 -31.275000423193 -465.000003576279 13.175000436604 -12.8608895465732 -463.795483112335 13.175000436604 -11.374999769032 -465.000003576279 13.175000436604 -13.2750002667308 -463.849991559982 13.175000436604 -11.374999769032 14.9999996647239 13.175000436604 -11.6750001907349 -462.249994277954 13.175000436604 -27.4749994277954 14.9999996647239 13.175000436604 -14.6606406196952 -461.450010538101 13.175000436604 -27.4749994277954 -465.000003576279 13.175000436604 -14.4063709303737 -461.118638515472 13.175000436604 -13.6891100555658 -463.795483112335 13.175000436604 -14.0749998390675 -460.864365100861 13.175000436604 -12.1436296030879 -463.381379842758 13.175000436604 -12.4749997630715 -463.63565325737 13.175000436604 -11.7295188829303 -461.835891008377 13.175000436604 -11.7295188829303 -462.664097547531 13.175000436604 -14.8750003427267 -462.249994277954 13.175000436604 -14.8204816505313 -461.835891008377 13.175000436604 -11.8893589824438 -461.450010538101 13.175000436604 -12.1436296030879 -461.118638515472 13.175000436604 -14.6606406196952 -463.050007820129 13.175000436604 -14.4063709303737 -463.381379842758 13.175000436604 -11.8893589824438 -463.050007820129 13.175000436604 -14.8204816505313 -462.664097547531 13.175000436604 -13.6891100555658 -460.704505443573 13.175000436604 -13.2750002667308 -460.649996995926 13.175000436604 -12.8608895465732 -460.704505443573 13.175000436604 -12.4749997630715 -460.864365100861 13.175000436604 -14.0749998390675 -463.63565325737 42.0249998569489 -9.90275666117668 -465.000003576279 42.8170748054981 -10.9350075945258 -465.000003576279 41.6149906814098 -9.73292626440525 -465.000003576279 42.3770807683468 -10.1729184389114 -465.000003576279 41.1750003695488 -9.67499986290932 -465.000003576279 42.6472425460815 -10.5250002816319 -465.000003576279 14.8750003427267 -9.67499986290932 -465.000003576279 42.8749993443489 -11.374999769032 -465.000003576279 13.175000436604 -11.374999769032 -465.000003576279 14.0249999240041 -9.90275666117668 -465.000003576279 13.4027572348714 -10.5250002816319 -465.000003576279 13.6729180812836 -10.1729184389114 -465.000003576279 13.2329259067774 -10.9350075945258 -465.000003576279 14.4350072368979 -9.73292626440525 -465.000003576279 38.4749993681908 -27.4749994277954 -465.000003576279 13.175000436604 -27.4749994277954 -465.000003576279 42.8749993443489 -31.275000423193 -465.000003576279 38.4749993681908 -31.275000423193 -465.000003576279 13.2329259067774 -10.9350075945258 -465.000003576279 13.4027572348714 -10.5250002816319 14.9999996647239 13.4027572348714 -10.5250002816319 -465.000003576279 13.6729180812836 -10.1729184389114 14.9999996647239 13.6729180812836 -10.1729184389114 -465.000003576279 14.0249999240041 -9.90275666117668 14.9999996647239 14.0249999240041 -9.90275666117668 -465.000003576279 14.4350072368979 -9.73292626440525 14.9999996647239 14.4350072368979 -9.73292626440525 -465.000003576279 14.8750003427267 -9.67499986290932 14.9999996647239 14.8750003427267 -9.67499986290932 -465.000003576279 13.175000436604 -11.374999769032 -465.000003576279 13.2329259067774 -10.9350075945258 14.9999996647239 13.175000436604 -11.374999769032 14.9999996647239 30.4700005799532 -9.26500000059605 -128.90000641346 20.4700008034706 -9.67499986290932 -118.900001049042 30.4700005799532 -9.67499986290932 -118.900001049042 20.4700008034706 -9.26500000059605 -128.90000641346 20.4700008034706 -9.26500000059605 -155.100002884865 30.4700005799532 -9.67499986290932 -165.099993348122 20.4700008034706 -9.67499986290932 -165.099993348122 30.4700005799532 -9.26500000059605 -155.100002884865 30.4700005799532 -9.26500000059605 -155.100002884865 20.4700008034706 -9.26500000059605 -128.90000641346 30.4700005799532 -9.26500000059605 -128.90000641346 20.4700008034706 -9.26500000059605 -155.100002884865 20.4700008034706 -9.26500000059605 -128.90000641346 20.4700008034706 -9.67499986290932 -165.099993348122 20.4700008034706 -9.67499986290932 -118.900001049042 20.4700008034706 -9.26500000059605 -155.100002884865 30.4700005799532 -9.67499986290932 -118.900001049042 30.4700005799532 -9.26500000059605 -155.100002884865 30.4700005799532 -9.26500000059605 -128.90000641346 30.4700005799532 -9.67499986290932 -165.099993348122 13.175000436604 -14.6606406196952 -463.050007820129 14.1749996691942 -14.8204816505313 -462.664097547531 14.1749996691942 -14.6606406196952 -463.050007820129 13.175000436604 -11.8893589824438 -463.050007820129 14.1749996691942 -12.1436296030879 -463.381379842758 14.1749996691942 -11.8893589824438 -463.050007820129 13.175000436604 -14.8204816505313 -461.835891008377 14.1749996691942 -14.6606406196952 -461.450010538101 14.1749996691942 -14.8204816505313 -461.835891008377 13.175000436604 -14.8750003427267 -462.249994277954 14.1749996691942 -14.8750003427267 -462.249994277954 13.175000436604 -14.6606406196952 -461.450010538101 14.1749996691942 -14.4063709303737 -461.118638515472 13.175000436604 -14.8204816505313 -462.664097547531 13.175000436604 -14.4063709303737 -463.381379842758 14.1749996691942 -14.4063709303737 -463.381379842758 13.175000436604 -12.4749997630715 -463.63565325737 14.1749996691942 -12.8608895465732 -463.795483112335 14.1749996691942 -12.4749997630715 -463.63565325737 13.175000436604 -14.0749998390675 -463.63565325737 14.1749996691942 -14.0749998390675 -463.63565325737 13.175000436604 -11.6750001907349 -462.249994277954 14.1749996691942 -11.7295188829303 -462.664097547531 14.1749996691942 -11.6750001907349 -462.249994277954 13.175000436604 -14.4063709303737 -461.118638515472 14.1749996691942 -14.0749998390675 -460.864365100861 13.175000436604 -11.7295188829303 -462.664097547531 13.175000436604 -13.6891100555658 -460.704505443573 14.1749996691942 -13.2750002667308 -460.649996995926 14.1749996691942 -13.6891100555658 -460.704505443573 13.175000436604 -13.2750002667308 -460.649996995926 14.1749996691942 -12.8608895465732 -460.704505443573 13.175000436604 -12.8608895465732 -460.704505443573 14.1749996691942 -12.4749997630715 -460.864365100861 13.175000436604 -12.4749997630715 -460.864365100861 14.1749996691942 -12.1436296030879 -461.118638515472 13.175000436604 -12.1436296030879 -461.118638515472 14.1749996691942 -11.8893589824438 -461.450010538101 13.175000436604 -11.8893589824438 -461.450010538101 14.1749996691942 -11.7295188829303 -461.835891008377 13.175000436604 -11.7295188829303 -461.835891008377 13.175000436604 -13.6891100555658 -463.795483112335 14.1749996691942 -13.6891100555658 -463.795483112335 13.175000436604 -13.2750002667308 -463.849991559982 14.1749996691942 -13.2750002667308 -463.849991559982 13.175000436604 -12.8608895465732 -463.795483112335 13.175000436604 -12.1436296030879 -463.381379842758 13.175000436604 -14.0749998390675 -460.864365100861 14.1749996691942 -13.2750002667308 -462.249994277954 14.1749996691942 -14.4063709303737 -463.381379842758 14.1749996691942 -14.6606406196952 -463.050007820129 14.1749996691942 -12.1436296030879 -461.118638515472 14.1749996691942 -11.8893589824438 -461.450010538101 14.1749996691942 -11.7295188829303 -461.835891008377 14.1749996691942 -11.6750001907349 -462.249994277954 14.1749996691942 -11.7295188829303 -462.664097547531 14.1749996691942 -12.8608895465732 -460.704505443573 14.1749996691942 -12.4749997630715 -460.864365100861 14.1749996691942 -13.2750002667308 -460.649996995926 14.1749996691942 -13.6891100555658 -460.704505443573 14.1749996691942 -14.0749998390675 -460.864365100861 14.1749996691942 -14.4063709303737 -461.118638515472 14.1749996691942 -14.6606406196952 -461.450010538101 14.1749996691942 -14.8204816505313 -461.835891008377 14.1749996691942 -14.8750003427267 -462.249994277954 14.1749996691942 -14.8204816505313 -462.664097547531 14.1749996691942 -14.0749998390675 -463.63565325737 14.1749996691942 -13.6891100555658 -463.795483112335 14.1749996691942 -13.2750002667308 -463.849991559982 14.1749996691942 -12.8608895465732 -463.795483112335 14.1749996691942 -12.4749997630715 -463.63565325737 14.1749996691942 -12.1436296030879 -463.381379842758 14.1749996691942 -11.8893589824438 -463.050007820129 13.0600677803159 -6.197115406394 -442.499995231628 13.2371336221695 -6.69204909354448 -458.999991416931 13.2371336221695 -6.69204909354448 -442.499995231628 13.0600677803159 -6.197115406394 -458.999991416931 13.0000002682209 -5.67490514367819 -442.499995231628 13.0000002682209 -5.67490514367819 -458.999991416931 13.5219488292933 -7.13385455310345 -458.999991416931 13.5219488292933 -7.13385455310345 -442.499995231628 13.0000002682209 -4.67499997466803 -442.499995231628 13.0000002682209 -5.67490514367819 -458.999991416931 13.0000002682209 -5.67490514367819 -442.499995231628 13.0000002682209 -0.675000017508864 -423.500001430511 13.0000002682209 -0.675000017508864 -458.999991416931 13.0000002682209 -4.67499997466803 -423.500001430511 14.8000000044703 -4.67499997466803 -442.499995231628 14.8000000044703 -0.675000017508864 -423.500001430511 14.8000000044703 -4.67499997466803 -423.500001430511 14.8000000044703 -0.675000017508864 -458.999991416931 14.8000000044703 -5.67490514367819 -458.999991416931 14.8000000044703 -5.67490514367819 -442.499995231628 14.8515505716205 -5.89602347463369 -458.999991416931 14.813058078289 -5.78842917457223 -442.499995231628 14.8515505716205 -5.89602347463369 -442.499995231628 14.813058078289 -5.78842917457223 -458.999991416931 14.8000000044703 -5.67490514367819 -442.499995231628 14.8000000044703 -5.67490514367819 -458.999991416931 14.9134667590261 -5.99206797778606 -458.999991416931 14.9134667590261 -5.99206797778606 -442.499995231628 14.9134667590261 -5.99206797778606 -458.999991416931 16.3280516862869 -7.71605083718896 -442.499995231628 16.3280516862869 -7.71605083718896 -458.999991416931 14.9134667590261 -5.99206797778606 -442.499995231628 16.3280516862869 -7.71605083718896 -458.999991416931 16.6128668934107 -8.15785583108664 -442.499995231628 16.6128668934107 -8.15785583108664 -458.999991416931 16.7899318039417 -8.65278951823711 -442.499995231628 16.7899318039417 -8.65278951823711 -458.999991416931 16.3280516862869 -7.71605083718896 -442.499995231628 16.8500002473593 -9.17499978095293 -442.499995231628 16.8500002473593 -9.17499978095293 -458.999991416931 16.8500002473593 -9.17499978095293 -458.999991416931 16.8500002473593 -9.67499986290932 -442.499995231628 16.8500002473593 -9.67499986290932 -458.999991416931 16.8500002473593 -9.17499978095293 -442.499995231628 15.0499995797873 -9.67499986290932 -458.999991416931 15.0499995797873 -9.17499978095293 -442.499995231628 15.0499995797873 -9.17499978095293 -458.999991416931 15.0499995797873 -9.67499986290932 -442.499995231628 15.0369415059686 -9.06147621572018 -458.999991416931 15.0499995797873 -9.17499978095293 -442.499995231628 15.0369415059686 -9.06147621572018 -442.499995231628 15.0499995797873 -9.17499978095293 -458.999991416931 14.9984490126371 -8.95388144999743 -458.999991416931 14.9984490126371 -8.95388144999743 -442.499995231628 14.9365328252316 -8.85783694684505 -458.999991416931 14.9365328252316 -8.85783694684505 -442.499995231628 14.9365328252316 -8.85783694684505 -458.999991416931 13.5219488292933 -7.13385455310345 -442.499995231628 13.5219488292933 -7.13385455310345 -458.999991416931 14.9365328252316 -8.85783694684505 -442.499995231628 16.3280516862869 -7.71605083718896 -442.499995231628 14.9984490126371 -8.95388144999743 -442.499995231628 16.6128668934107 -8.15785583108664 -442.499995231628 13.2371336221695 -6.69204909354448 -442.499995231628 14.813058078289 -5.78842917457223 -442.499995231628 13.0600677803159 -6.197115406394 -442.499995231628 13.0000002682209 -4.67499997466803 -442.499995231628 14.8000000044703 -5.67490514367819 -442.499995231628 14.8000000044703 -4.67499997466803 -442.499995231628 15.0369415059686 -9.06147621572018 -442.499995231628 16.8500002473593 -9.17499978095293 -442.499995231628 16.7899318039417 -8.65278951823711 -442.499995231628 13.0000002682209 -5.67490514367819 -442.499995231628 15.0499995797873 -9.17499978095293 -442.499995231628 16.8500002473593 -9.67499986290932 -442.499995231628 13.5219488292933 -7.13385455310345 -442.499995231628 14.8515505716205 -5.89602347463369 -442.499995231628 14.9365328252316 -8.85783694684505 -442.499995231628 14.9134667590261 -5.99206797778606 -442.499995231628 15.0499995797873 -9.67499986290932 -442.499995231628 14.9984490126371 -8.95388144999743 -458.999991416931 16.7899318039417 -8.65278951823711 -458.999991416931 15.0369415059686 -9.06147621572018 -458.999991416931 14.8000000044703 -0.675000017508864 -458.999991416931 13.0000002682209 -5.67490514367819 -458.999991416931 13.0000002682209 -0.675000017508864 -458.999991416931 13.2371336221695 -6.69204909354448 -458.999991416931 14.813058078289 -5.78842917457223 -458.999991416931 14.8515505716205 -5.89602347463369 -458.999991416931 14.9134667590261 -5.99206797778606 -458.999991416931 14.9365328252316 -8.85783694684505 -458.999991416931 13.5219488292933 -7.13385455310345 -458.999991416931 16.3280516862869 -7.71605083718896 -458.999991416931 16.6128668934107 -8.15785583108664 -458.999991416931 13.0600677803159 -6.197115406394 -458.999991416931 16.8500002473593 -9.67499986290932 -458.999991416931 15.0499995797873 -9.17499978095293 -458.999991416931 16.8500002473593 -9.17499978095293 -458.999991416931 14.8000000044703 -5.67490514367819 -458.999991416931 15.0499995797873 -9.67499986290932 -458.999991416931 13.0000002682209 -4.67499997466803 -442.499995231628 14.8000000044703 -4.67499997466803 -423.500001430511 13.0000002682209 -4.67499997466803 -423.500001430511 14.8000000044703 -4.67499997466803 -442.499995231628 13.0000002682209 -0.675000017508864 -458.999991416931 14.8000000044703 -0.675000017508864 -423.500001430511 14.8000000044703 -0.675000017508864 -458.999991416931 13.0000002682209 -0.675000017508864 -423.500001430511 14.8000000044703 -0.675000017508864 -423.500001430511 13.0000002682209 -4.67499997466803 -423.500001430511 14.8000000044703 -4.67499997466803 -423.500001430511 13.0000002682209 -0.675000017508864 -423.500001430511 42.8749993443489 -11.374999769032 8.59689153730869 42.8749993443489 -11.374999769032 8.92393756657839 42.8749993443489 -11.1861797049642 8.92393756657839 44.3749986588955 -31.2650017440319 28.999999165535 44.284999370575 -27.5749992579222 28.999999165535 44.284999370575 -31.2650017440319 28.999999165535 44.3749986588955 -27.5749992579222 28.999999165535 54.8408553004265 -27.5749992579222 2.59697530418634 54.8094846308231 -21.4750003069639 2.61905346997082 54.8408553004265 -21.4750003069639 2.59697530418634 54.8094846308231 -27.5749992579222 2.61905346997082 18.6950005590916 -30.7100005447865 -247.600004076958 18.6950005590916 -27.4749994277954 -12.0000001043081 18.6950005590916 -27.4749994277954 -409.999996423721 18.6950005590916 -30.7100005447865 -85.1999968290329 18.6950005590916 -30.7100005447865 -166.400000452995 18.6950005590916 -30.7100005447865 -12.0000001043081 18.6950005590916 -30.7100005447865 -328.799992799759 18.6950005590916 -30.7100005447865 -409.999996423721 37.1449999511242 -31.2650017440319 -12.0000001043081 37.1449999511242 -27.4749994277954 -409.999996423721 37.1449999511242 -27.4749994277954 -12.0000001043081 37.1449999511242 -33.0949984490871 -409.999996423721 37.1449999511242 -33.0949984490871 -4.00000018998981 37.1449999511242 -31.2650017440319 -4.00000018998981 35.6599986553192 -32.8949987888336 -409.999996423721 37.1449999511242 -33.0949984490871 -409.999996423721 35.7414707541466 -33.3369933068752 -409.999996423721 36.9963310658932 -34.5234200358391 -409.999996423721 37.4421961605549 -34.5799997448921 -409.999996423721 20.8800006657839 -32.8949987888336 -409.999996423721 18.7694523483515 -31.2755182385445 -409.999996423721 18.6950005590916 -30.7100005447865 -409.999996423721 37.1449999511242 -27.4749994277954 -409.999996423721 35.9307639300823 -33.7446294724941 -409.999996423721 36.5787334740162 -34.3572609126568 -409.999996423721 19.3349719047546 -32.2550274431705 -409.999996423721 20.3144811093807 -32.8205488622189 -409.999996423721 19.7874996811152 -32.6022654771805 -409.999996423721 18.6950005590916 -27.4749994277954 -409.999996423721 36.2158752977848 -34.0920574963093 -409.999996423721 42.4450002610683 -33.0949984490871 -409.999996423721 18.9877338707447 -31.8025015294552 -409.999996423721 42.4450002610683 -34.5799997448921 -409.999996423721 18.9877338707447 -31.8025015294552 -166.400000452995 18.7694523483515 -31.2755182385445 -85.1999968290329 18.7694523483515 -31.2755182385445 -166.400000452995 18.9877338707447 -31.8025015294552 -247.600004076958 18.7694523483515 -31.2755182385445 -247.600004076958 18.9877338707447 -31.8025015294552 -328.799992799759 18.7694523483515 -31.2755182385445 -328.799992799759 18.9877338707447 -31.8025015294552 -409.999996423721 18.7694523483515 -31.2755182385445 -409.999996423721 18.6950005590916 -30.7100005447865 -85.1999968290329 18.6950005590916 -30.7100005447865 -166.400000452995 18.6950005590916 -30.7100005447865 -247.600004076958 18.6950005590916 -30.7100005447865 -328.799992799759 18.6950005590916 -30.7100005447865 -409.999996423721 18.7666621059179 -31.2650017440319 -12.0000001043081 18.7694523483515 -31.2755182385445 -4.00000018998981 18.7666621059179 -31.2650017440319 -4.00000018998981 18.6950005590916 -30.7100005447865 -12.0000001043081 18.9877338707447 -31.8025015294552 -85.1999968290329 19.3349719047546 -32.2550274431705 -409.999996423721 19.3349719047546 -32.2550274431705 -328.799992799759 19.3349719047546 -32.2550274431705 -247.600004076958 19.3349719047546 -32.2550274431705 -166.400000452995 19.3349719047546 -32.2550274431705 -85.1999968290329 18.9877338707447 -31.8025015294552 -4.00000018998981 19.3349719047546 -32.2550274431705 -4.00000018998981 19.7874996811152 -32.6022654771805 -409.999996423721 19.7874996811152 -32.6022654771805 -328.799992799759 19.7874996811152 -32.6022654771805 -247.600004076958 19.7874996811152 -32.6022654771805 -166.400000452995 19.7874996811152 -32.6022654771805 -85.1999968290329 19.7874996811152 -32.6022654771805 -4.00000018998981 20.3144811093807 -32.8205488622189 -409.999996423721 20.3144811093807 -32.8205488622189 -328.799992799759 20.3144811093807 -32.8205488622189 -247.600004076958 20.3144811093807 -32.8205488622189 -166.400000452995 20.3144811093807 -32.8205488622189 -85.1999968290329 20.3144811093807 -32.8205488622189 -4.00000018998981 20.8800006657839 -32.8949987888336 -409.999996423721 20.8800006657839 -32.8949987888336 -328.799992799759 20.8800006657839 -32.8949987888336 -247.600004076958 20.8800006657839 -32.8949987888336 -166.400000452995 20.8800006657839 -32.8949987888336 -85.1999968290329 20.8800006657839 -32.8949987888336 -4.00000018998981 30.9999994933605 -32.8949987888336 -292.499989271164 20.8800006657839 -32.8949987888336 -328.799992799759 35.6599986553192 -32.8949987888336 -409.999996423721 35.6599986553192 -32.8949987888336 -4.00000018998981 20.8800006657839 -32.8949987888336 -247.600004076958 29.2000006884336 -32.8949987888336 -292.499989271164 20.8800006657839 -32.8949987888336 -166.400000452995 29.2000006884336 -32.8949987888336 -4.00000018998981 20.8800006657839 -32.8949987888336 -85.1999968290329 20.8800006657839 -32.8949987888336 -4.00000018998981 30.9999994933605 -32.8949987888336 -4.00000018998981 20.8800006657839 -32.8949987888336 -409.999996423721 37.1449999511242 -33.0949984490871 -409.999996423721 42.4450002610683 -33.0949984490871 -4.00000018998981 42.4450002610683 -33.0949984490871 -409.999996423721 37.1449999511242 -33.0949984490871 -4.00000018998981 42.4450002610683 -33.0949984490871 -409.999996423721 42.4450002610683 -34.5799997448921 -4.00000018998981 42.4450002610683 -34.5799997448921 -409.999996423721 42.4450002610683 -33.0949984490871 -4.00000018998981 42.4450002610683 -34.5799997448921 -409.999996423721 37.4421961605549 -34.5799997448921 -4.00000018998981 37.4421961605549 -34.5799997448921 -409.999996423721 42.4450002610683 -34.5799997448921 -4.00000018998981 36.9963310658932 -34.5234200358391 -409.999996423721 36.5787334740162 -34.3572609126568 -4.00000018998981 36.5787334740162 -34.3572609126568 -409.999996423721 36.2158752977848 -34.0920574963093 -4.00000018998981 36.2158752977848 -34.0920574963093 -409.999996423721 35.9307639300823 -33.7446294724941 -4.00000018998981 35.9307639300823 -33.7446294724941 -409.999996423721 35.7414707541466 -33.3369933068752 -4.00000018998981 35.7414707541466 -33.3369933068752 -409.999996423721 35.6599986553192 -32.8949987888336 -4.00000018998981 35.6599986553192 -32.8949987888336 -409.999996423721 36.9963310658932 -34.5234200358391 -4.00000018998981 37.4421961605549 -34.5799997448921 -409.999996423721 37.4421961605549 -34.5799997448921 -4.00000018998981 17.4989365041256 -27.4749994277954 -12.0000001043081 18.6950005590916 -30.7100005447865 -12.0000001043081 17.4989365041256 -31.2650017440319 -12.0000001043081 18.6950005590916 -27.4749994277954 -12.0000001043081 18.7666621059179 -31.2650017440319 -12.0000001043081 38.4749993681908 -31.2650017440319 14.9999996647239 30.9999994933605 -31.2650017440319 -4.00000018998981 37.1449999511242 -31.2650017440319 -4.00000018998981 44.284999370575 -31.2650017440319 28.999999165535 30.9999994933605 -31.2650017440319 27.7999993413687 13.0749996751547 -31.2650017440319 29.2000006884336 17.4989365041256 -31.2650017440319 15.3999999165535 29.2000006884336 -31.2650017440319 27.7999993413687 11.8456594645977 -31.2650017440319 31.9502428174019 13.0426716059446 -31.2650017440319 32.9999998211861 38.4749993681908 -31.2650017440319 -12.0000001043081 44.284999370575 -31.2650017440319 32.9999998211861 11.8456594645977 -31.2650017440319 29.2000006884336 42.8749993443489 -31.2650017440319 14.9999996647239 44.8749996721745 -31.2650017440319 8.21502599865198 44.8749996721745 -31.2650017440319 16.499999910593 42.8749993443489 -31.2650017440319 3.04923788644373 13.0749996751547 -31.2650017440319 15.3999999165535 18.7666621059179 -31.2650017440319 -4.00000018998981 17.4989365041256 -31.2650017440319 -12.0000001043081 18.7666621059179 -31.2650017440319 -12.0000001043081 29.2000006884336 -31.2650017440319 -4.00000018998981 44.3749986588955 -31.2650017440319 22.2150254994631 37.1449999511242 -31.2650017440319 -12.0000001043081 44.3749986588955 -31.2650017440319 28.999999165535 44.403113424778 -31.2650017440319 2.82133556902409 52.5958985090256 -8.70000012218952 25.000000372529 50.4229329526424 -9.70000028610229 25.000000372529 50.4229329526424 -8.70000012218952 25.000000372529 52.5958985090256 -9.70000028610229 25.000000372529 53.4350015223026 -8.70000012218952 26.0000005364418 52.5958985090256 -9.70000028610229 25.000000372529 52.5958985090256 -8.70000012218952 25.000000372529 53.4350015223026 -9.70000028610229 26.0000005364418 53.4350015223026 -9.70000028610229 26.0000005364418 53.4350015223026 -8.70000012218952 29.9999993294477 53.4350015223026 -9.70000028610229 29.9999993294477 53.4350015223026 -8.70000012218952 26.0000005364418 53.4350015223026 -9.70000028610229 29.9999993294477 50.4349991679192 -8.70000012218952 32.9999998211861 50.4349991679192 -9.70000028610229 32.9999998211861 53.4350015223026 -8.70000012218952 29.9999993294477 57.6762147247791 -8.70000012218952 0.601291307248175 54.8408553004265 -21.4750003069639 2.59697530418634 57.6762147247791 -21.4750003069639 0.601291307248175 54.8408553004265 -8.70000012218952 2.59697530418634 46.2139397859573 -19.7000000625849 -4.01772558689117 51.8684200942516 -13.4749999269843 -7.28234089910984 52.6135973632336 -19.7000000625849 -7.71257001906633 46.2139397859573 -13.4749999269843 -4.01772558689117 52.6135973632336 -8.70000012218952 -7.71257001906633 51.8684200942516 -8.70000012218952 -7.28234089910984 39.4510626792908 -8.11500009149313 -7.05447653308511 17.4989365041256 -8.11500009149313 -5.69909298792481 39.4510626792908 -8.11500009149313 -5.69909298792481 40.3489358723164 -8.11500009149313 -12.3875001445413 17.4989365041256 -8.11500009149313 -12.3875001445413 40.3489358723164 -8.11500009149313 -7.05447653308511 51.8684200942516 -8.70000012218952 -7.28234089910984 50.8590042591095 -13.4749999269843 2.60890112258494 49.6943518519402 -8.70000012218952 14.0212830156088 51.8684200942516 -13.4749999269843 -7.28234089910984 50.8590042591095 -19.7000000625849 2.60890112258494 49.6943518519402 -27.5749992579222 14.0212830156088 50.8590042591095 -27.5749992579222 2.60890112258494 54.1947297751904 -19.3748939782381 -14.1188511624932 52.6135973632336 -31.6167920827866 -7.71257001906633 54.1363172233105 -19.300838932395 -13.907365500927 54.2566925287247 -19.4000005722046 -14.3415182828903 56.1280772089958 -34.0749993920326 -20.3969031572342 53.8964495062828 -34.0749993920326 -13.0219925194979 54.0842935442924 -19.1815532743931 -13.7176783755422 54.0411248803139 -19.023023545742 -13.5593144223094 61.05687469244 -19.4000005722046 -32.6014459133148 61.05687469244 -34.0749993920326 -32.6014459133148 56.1280772089958 -19.4000005722046 -20.3969031572342 52.6135973632336 -19.7000000625849 -7.71257001906633 53.9821498095989 -18.3989573270082 -13.3415181189775 53.9888627827168 -18.6216495931149 -13.3663909509778 52.6135973632336 -8.70000012218952 -7.71257001906633 53.9848804473877 -8.70000012218952 -13.3516360074282 54.0088228881359 -18.8332125544548 -13.4402262046933 61.05687469244 -19.4000005722046 -32.6014459133148 62.4583773314953 -34.0749993920326 -31.9406427443027 61.05687469244 -34.0749993920326 -32.6014459133148 62.4583773314953 -19.4000005722046 -31.9406427443027 59.7251653671265 -18.3989573270082 -13.3415181189775 59.544000774622 -19.6100007742643 -12.1087245643139 59.7288198769093 -18.6216495931149 -13.3663909509778 57.6762147247791 -21.4750003069639 0.601291307248175 62.2928403317928 -21.4750003069639 -30.8141820132732 59.7571730613708 -19.023023545742 -13.5593144223094 59.7396716475487 -18.8332125544548 -13.4402262046933 59.0508095920086 -19.6100007742643 -8.75262636691332 58.8726401329041 -19.6100007742643 -7.54021946340799 59.0508095920086 -8.70000012218952 -8.75262636691332 58.8726401329041 -8.70000012218952 -7.54021946340799 62.4583773314953 -34.0749993920326 -31.9406427443027 62.4583773314953 -19.4000005722046 -31.9406427443027 59.544000774622 -8.70000012218952 -12.1087245643139 59.7266517579556 -8.70000012218952 -13.3516360074282 57.8248500823975 -19.6100007742643 -0.410138396546245 57.6762147247791 -8.70000012218952 0.601291307248175 58.2012832164764 -19.6100007742643 -2.97171412967145 62.2928403317928 -34.0749993920326 -30.8141820132732 57.8248500823975 -8.70000012218952 -0.410138396546245 59.8721206188202 -19.4000005722046 -14.3415182828903 59.7804449498653 -19.1815532743931 -13.7176783755422 58.4962069988251 -19.6100007742643 -4.97864373028278 59.8083175718784 -19.300838932395 -13.907365500927 58.2012832164764 -8.70000012218952 -2.97171412967145 58.4962069988251 -8.70000012218952 -4.97864373028278 59.8393976688385 -19.3748939782381 -14.1188511624932 51.5454523265362 -8.70000012218952 16.805412247777 54.8408553004265 -21.4750003069639 2.59697530418634 54.8408553004265 -8.70000012218952 2.59697530418634 51.5454523265362 -27.5749992579222 16.805412247777 54.8408553004265 -27.5749992579222 2.59697530418634 51.5454523265362 -27.5749992579222 16.805412247777 47.3446324467659 -27.5749992579222 26.6528092324734 49.6943518519402 -27.5749992579222 14.0212830156088 54.8094846308231 -27.5749992579222 2.61905346997082 51.0562025010586 -27.5749992579222 1.09830417204648 54.900411516428 -27.5749992579222 1.66322593577206 49.3270680308342 -27.5749992579222 32.9999998211861 45.8923354744911 -27.5749992579222 28.9318114519119 46.3749319314957 -27.5749992579222 28.7319142371416 47.3750084638596 -27.5749992579222 27.0000007003546 47.3068803548813 -27.5749992579222 27.5174863636494 54.8408553004265 -27.5749992579222 2.59697530418634 46.7892624437809 -27.5749992579222 28.4139905124903 47.1071116626263 -27.5749992579222 27.9997643083334 44.284999370575 -27.5749992579222 32.9999998211861 45.3743822872639 -27.5749992579222 28.999999165535 44.3749986588955 -27.5749992579222 28.999999165535 44.284999370575 -27.5749992579222 28.999999165535 50.8590042591095 -27.5749992579222 2.60890112258494 44.4635599851608 -19.7000000625849 1.96810788474977 50.8590042591095 -13.4749999269843 2.60890112258494 44.4635599851608 -13.4749999269843 1.96810788474977 50.8590042591095 -19.7000000625849 2.60890112258494 46.2139397859573 -19.7000000625849 -4.01772558689117 44.4635599851608 -13.4749999269843 1.96810788474977 46.2139397859573 -13.4749999269843 -4.01772558689117 44.4635599851608 -19.7000000625849 1.96810788474977 51.0562025010586 -27.5749992579222 1.09830417204648 55.0549402832985 -28.4612942487001 -0.296321260975674 55.0424344837666 -28.2518528401852 0.170271159731783 52.6135973632336 -31.6167920827866 -7.71257001906633 55.7640083134174 -34.0749993920326 -12.747548520565 53.7355691194534 -29.9268532544374 -3.76803078688681 54.754089564085 -28.8335215300322 -1.17304315790534 54.9569800496101 -28.6589041352272 -0.752685824409127 54.4577278196812 -28.9752800017595 -1.53364788275212 53.8964495062828 -34.0749993920326 -13.0219925194979 54.900411516428 -27.5749992579222 1.66322593577206 53.8146942853928 -29.39179725945 -2.55971099250019 54.0724731981754 -29.1614904999733 -2.00673379004002 53.7000708281994 -29.6521950513124 -3.15895560197532 39.4510626792908 -8.70000012218952 5.00103645026684 39.4510626792908 -8.11500009149313 -5.69909298792481 39.4510626792908 -7.81499966979027 -3.52624664083123 39.4510626792908 -9.67499986290932 8.92393756657839 39.4510626792908 -9.67499986290932 -7.00000021606684 39.4510626792908 -8.11500009149313 -7.05447653308511 39.4510626792908 -8.70000012218952 8.92393756657839 39.4510626792908 -7.81499966979027 -5.52098965272307 17.4989365041256 -9.67499986290932 -16.3000002503395 17.4989365041256 -8.11500009149313 -5.69909298792481 17.4989365041256 -8.11500009149313 -12.3875001445413 17.4989365041256 -27.4749994277954 14.9999996647239 17.4989365041256 -31.2650017440319 -12.0000001043081 17.4989365041256 -31.2650017440319 15.3999999165535 17.4989365041256 -9.67499986290932 14.9999996647239 17.4989365041256 -7.81499966979027 -3.52624664083123 17.4989365041256 -8.70000012218952 5.00103645026684 17.4989365041256 -27.4749994277954 -12.0000001043081 17.4989365041256 -8.78388155251741 -16.2688810378313 17.4989365041256 -8.70000012218952 15.3999999165535 17.4989365041256 -7.51500017940998 -14.9999996647239 17.4989365041256 -7.51500017940998 -12.3875001445413 17.4989365041256 -7.81499966979027 -5.52098965272307 41.6149906814098 -9.73292626440525 8.92393756657839 44.8749996721745 -8.70000012218952 8.92393756657839 42.0249998569489 -9.90275666117668 8.92393756657839 41.1750003695488 -9.67499986290932 8.92393756657839 39.4510626792908 -8.70000012218952 8.92393756657839 42.3770807683468 -10.1729184389114 8.92393756657839 42.6472425460815 -10.5250002816319 8.92393756657839 42.8170748054981 -10.9350075945258 8.92393756657839 42.8749993443489 -11.1861797049642 8.92393756657839 42.8749993443489 -11.374999769032 8.92393756657839 39.4510626792908 -9.67499986290932 8.92393756657839 44.8749996721745 -11.1861797049642 8.92393756657839 13.0426716059446 -8.70000012218952 32.9999998211861 11.8456594645977 -31.2650017440319 31.9502428174019 13.0426716059446 -31.2650017440319 32.9999998211861 11.8456594645977 -8.70000012218952 31.9502428174019 11.8456594645977 -31.2650017440319 29.2000006884336 11.8456594645977 -8.70000012218952 31.9502428174019 11.8456594645977 -8.70000012218952 29.2000006884336 11.8456594645977 -31.2650017440319 31.9502428174019 11.8456594645977 -8.70000012218952 29.2000006884336 13.0749996751547 -31.2650017440319 29.2000006884336 11.8456594645977 -31.2650017440319 29.2000006884336 13.0749996751547 -8.70000012218952 29.2000006884336 13.0749996751547 -31.2650017440319 15.3999999165535 13.0749996751547 -8.70000012218952 29.2000006884336 13.0749996751547 -8.70000012218952 15.3999999165535 13.0749996751547 -31.2650017440319 29.2000006884336 17.4989365041256 -8.70000012218952 15.3999999165535 13.0749996751547 -31.2650017440319 15.3999999165535 13.0749996751547 -8.70000012218952 15.3999999165535 17.4989365041256 -31.2650017440319 15.3999999165535 44.403113424778 -13.4749999269843 2.82133556902409 42.8749993443489 -31.2650017440319 3.04923788644373 42.8749993443489 -13.4749999269843 3.04923788644373 44.403113424778 -31.2650017440319 2.82133556902409 44.5901863276958 -13.4749999269843 4.95958421379328 44.403113424778 -31.2650017440319 2.82133556902409 44.403113424778 -13.4749999269843 2.82133556902409 44.8749996721745 -31.2650017440319 8.21502599865198 44.8749996721745 -11.5954698994756 8.21502599865198 44.8749996721745 -11.1861797049642 8.92393756657839 44.8749996721745 -8.70000012218952 16.499999910593 44.8749996721745 -31.2650017440319 16.499999910593 44.8749996721745 -11.5954698994756 8.21502599865198 44.8749996721745 -31.2650017440319 8.21502599865198 44.8749996721745 -8.70000012218952 8.92393756657839 44.8749996721745 -8.70000012218952 16.499999910593 44.3749986588955 -31.2650017440319 22.2150254994631 44.8749996721745 -31.2650017440319 16.499999910593 44.3749986588955 -8.70000012218952 22.2150254994631 44.3749986588955 -31.2650017440319 22.2150254994631 44.3749986588955 -27.5749992579222 28.999999165535 44.3749986588955 -31.2650017440319 28.999999165535 44.3749986588955 -8.70000012218952 22.2150254994631 44.3749986588955 -8.70000012218952 28.999999165535 45.3743822872639 -27.5749992579222 28.999999165535 44.3749986588955 -8.70000012218952 28.999999165535 45.3743822872639 -8.70000012218952 28.999999165535 44.3749986588955 -27.5749992579222 28.999999165535 47.3750084638596 -8.70000012218952 27.0000007003546 47.3068803548813 -27.5749992579222 27.5174863636494 47.3068803548813 -8.70000012218952 27.5174863636494 47.1071116626263 -27.5749992579222 27.9997643083334 47.1071116626263 -8.70000012218952 27.9997643083334 47.3446324467659 -8.70000012218952 26.6528092324734 47.3750084638596 -27.5749992579222 27.0000007003546 46.7892624437809 -8.70000012218952 28.4139905124903 46.3749319314957 -27.5749992579222 28.7319142371416 46.3749319314957 -8.70000012218952 28.7319142371416 45.8923354744911 -27.5749992579222 28.9318114519119 45.8923354744911 -8.70000012218952 28.9318114519119 45.3743822872639 -8.70000012218952 28.999999165535 45.3743822872639 -27.5749992579222 28.999999165535 47.3446324467659 -27.5749992579222 26.6528092324734 46.7892624437809 -27.5749992579222 28.4139905124903 47.3446324467659 -8.70000012218952 26.6528092324734 49.6943518519402 -27.5749992579222 14.0212830156088 47.3446324467659 -27.5749992579222 26.6528092324734 49.6943518519402 -8.70000012218952 14.0212830156088 50.4229329526424 -9.70000028610229 25.000000372529 49.3270680308342 -27.5749992579222 32.9999998211861 51.5454523265362 -27.5749992579222 16.805412247777 51.5454523265362 -8.70000012218952 16.805412247777 50.4229329526424 -8.70000012218952 25.000000372529 49.3270680308342 -9.70000028610229 32.9999998211861 49.3270680308342 -9.70000028610229 32.9999998211861 44.284999370575 -27.5749992579222 32.9999998211861 49.3270680308342 -27.5749992579222 32.9999998211861 50.4349991679192 -8.70000012218952 32.9999998211861 50.4349991679192 -9.70000028610229 32.9999998211861 13.0426716059446 -8.70000012218952 32.9999998211861 13.0426716059446 -31.2650017440319 32.9999998211861 44.284999370575 -31.2650017440319 32.9999998211861 62.2928403317928 -34.0749993920326 -30.8141820132732 61.05687469244 -34.0749993920326 -32.6014459133148 62.4583773314953 -34.0749993920326 -31.9406427443027 56.1280772089958 -34.0749993920326 -20.3969031572342 53.8964495062828 -34.0749993920326 -13.0219925194979 57.1705885231495 -34.0749993920326 -17.5580214709044 55.7640083134174 -34.0749993920326 -12.747548520565 50.8590042591095 -19.7000000625849 2.60890112258494 51.0562025010586 -27.5749992579222 1.09830417204648 50.8590042591095 -27.5749992579222 2.60890112258494 52.6135973632336 -19.7000000625849 -7.71257001906633 52.6135973632336 -31.6167920827866 -7.71257001906633 46.2139397859573 -19.7000000625849 -4.01772558689117 50.8590042591095 -19.7000000625849 2.60890112258494 44.4635599851608 -19.7000000625849 1.96810788474977 52.6135973632336 -19.7000000625849 -7.71257001906633 46.2139397859573 -13.4749999269843 -4.01772558689117 50.8590042591095 -13.4749999269843 2.60890112258494 51.8684200942516 -13.4749999269843 -7.28234089910984 44.4635599851608 -13.4749999269843 1.96810788474977 44.284999370575 -27.5749992579222 32.9999998211861 44.284999370575 -31.2650017440319 28.999999165535 44.284999370575 -27.5749992579222 28.999999165535 44.284999370575 -31.2650017440319 32.9999998211861 55.0424344837666 -21.4750003069639 0.170271159731783 54.900411516428 -27.5749992579222 1.66322593577206 55.0424344837666 -28.2518528401852 0.170271159731783 54.8094846308231 -21.4750003069639 2.61905346997082 54.8094846308231 -27.5749992579222 2.61905346997082 54.754089564085 -28.8335215300322 -1.17304315790534 54.4577278196812 -21.4750003069639 -1.53364788275212 54.754089564085 -21.4750003069639 -1.17304315790534 54.9569800496101 -21.4750003069639 -0.752685824409127 55.0549402832985 -28.4612942487001 -0.296321260975674 54.9569800496101 -28.6589041352272 -0.752685824409127 55.0424344837666 -28.2518528401852 0.170271159731783 55.0549402832985 -21.4750003069639 -0.296321260975674 55.0424344837666 -21.4750003069639 0.170271159731783 54.4577278196812 -28.9752800017595 -1.53364788275212 54.0724731981754 -29.1614904999733 -2.00673379004002 53.8146942853928 -21.4750003069639 -2.55971099250019 54.0724731981754 -21.4750003069639 -2.00673379004002 53.8146942853928 -29.39179725945 -2.55971099250019 53.7000708281994 -21.4750003069639 -3.15895560197532 54.4577278196812 -28.9752800017595 -1.53364788275212 54.4577278196812 -21.4750003069639 -1.53364788275212 53.7355691194534 -21.4750003069639 -3.76803078688681 53.7000708281994 -29.6521950513124 -3.15895560197532 53.7355691194534 -29.9268532544374 -3.76803078688681 57.1705885231495 -21.4750003069639 -17.5580214709044 55.7640083134174 -34.0749993920326 -12.747548520565 57.1705885231495 -34.0749993920326 -17.5580214709044 53.7355691194534 -29.9268532544374 -3.76803078688681 62.2928403317928 -21.4750003069639 -30.8141820132732 62.2928403317928 -34.0749993920326 -30.8141820132732 53.7355691194534 -21.4750003069639 -3.76803078688681 54.9569800496101 -21.4750003069639 -0.752685824409127 62.2928403317928 -21.4750003069639 -30.8141820132732 57.6762147247791 -21.4750003069639 0.601291307248175 54.4577278196812 -21.4750003069639 -1.53364788275212 54.754089564085 -21.4750003069639 -1.17304315790534 53.7355691194534 -21.4750003069639 -3.76803078688681 57.1705885231495 -21.4750003069639 -17.5580214709044 54.8408553004265 -21.4750003069639 2.59697530418634 55.0424344837666 -21.4750003069639 0.170271159731783 55.0549402832985 -21.4750003069639 -0.296321260975674 54.0724731981754 -21.4750003069639 -2.00673379004002 53.8146942853928 -21.4750003069639 -2.55971099250019 53.7000708281994 -21.4750003069639 -3.15895560197532 54.8094846308231 -21.4750003069639 2.61905346997082 62.4583773314953 -19.4000005722046 -31.9406427443027 56.1280772089958 -19.4000005722046 -20.3969031572342 59.8721206188202 -19.4000005722046 -14.3415182828903 54.2566925287247 -19.4000005722046 -14.3415182828903 61.05687469244 -19.4000005722046 -32.6014459133148 59.7288198769093 -18.6216495931149 -13.3663909509778 54.0088228881359 -18.8332125544548 -13.4402262046933 53.9888627827168 -18.6216495931149 -13.3663909509778 59.7396716475487 -18.8332125544548 -13.4402262046933 54.0411248803139 -19.023023545742 -13.5593144223094 59.7571730613708 -19.023023545742 -13.5593144223094 54.0842935442924 -19.1815532743931 -13.7176783755422 59.7804449498653 -19.1815532743931 -13.7176783755422 54.1363172233105 -19.300838932395 -13.907365500927 59.8083175718784 -19.300838932395 -13.907365500927 54.1947297751904 -19.3748939782381 -14.1188511624932 59.8393976688385 -19.3748939782381 -14.1188511624932 54.2566925287247 -19.4000005722046 -14.3415182828903 59.7251653671265 -18.3989573270082 -13.3415181189775 53.9821498095989 -18.3989573270082 -13.3415181189775 59.8721206188202 -19.4000005722046 -14.3415182828903 59.7251653671265 -18.3989573270082 -13.3415181189775 53.9848804473877 -8.70000012218952 -13.3516360074282 59.7266517579556 -8.70000012218952 -13.3516360074282 53.9821498095989 -18.3989573270082 -13.3415181189775 54.0692508220673 -8.70000012218952 -0.630630936939269 57.6762147247791 -8.70000012218952 0.601291307248175 57.8248500823975 -8.70000012218952 -0.410138396546245 56.545939296484 -8.70000012218952 -8.89968778938055 52.6135973632336 -8.70000012218952 -7.71257001906633 51.8684200942516 -8.70000012218952 -7.28234089910984 44.8749996721745 -8.70000012218952 16.499999910593 39.4510626792908 -8.70000012218952 8.92393756657839 13.0426716059446 -8.70000012218952 32.9999998211861 53.4350015223026 -8.70000012218952 29.9999993294477 47.3750084638596 -8.70000012218952 27.0000007003546 47.3068803548813 -8.70000012218952 27.5174863636494 54.8501238226891 -8.70000012218952 -5.94434188678861 50.4349991679192 -8.70000012218952 32.9999998211861 44.3749986588955 -8.70000012218952 28.999999165535 50.4229329526424 -8.70000012218952 25.000000372529 47.3446324467659 -8.70000012218952 26.6528092324734 13.0749996751547 -8.70000012218952 29.2000006884336 11.8456594645977 -8.70000012218952 31.9502428174019 53.9848804473877 -8.70000012218952 -13.3516360074282 59.544000774622 -8.70000012218952 -12.1087245643139 59.7266517579556 -8.70000012218952 -13.3516360074282 54.7406114637852 -8.70000012218952 -5.19913621246815 56.8611025810242 -8.70000012218952 -11.0443225130439 53.4350015223026 -8.70000012218952 26.0000005364418 47.1071116626263 -8.70000012218952 27.9997643083334 58.2012832164764 -8.70000012218952 -2.97171412967145 58.4962069988251 -8.70000012218952 -4.97864373028278 49.6943518519402 -8.70000012218952 14.0212830156088 54.8408553004265 -8.70000012218952 2.59697530418634 17.4989365041256 -8.70000012218952 15.3999999165535 44.3749986588955 -8.70000012218952 22.2150254994631 13.0749996751547 -8.70000012218952 15.3999999165535 52.5958985090256 -8.70000012218952 25.000000372529 46.3749319314957 -8.70000012218952 28.7319142371416 46.7892624437809 -8.70000012218952 28.4139905124903 44.8749996721745 -8.70000012218952 8.92393756657839 17.4989365041256 -8.70000012218952 5.00103645026684 39.4510626792908 -8.70000012218952 5.00103645026684 51.5454523265362 -8.70000012218952 16.805412247777 45.3743822872639 -8.70000012218952 28.999999165535 45.8923354744911 -8.70000012218952 28.9318114519119 58.8726401329041 -8.70000012218952 -7.54021946340799 59.0508095920086 -8.70000012218952 -8.75262636691332 54.1787631809711 -8.70000012218952 -1.37583666946739 11.8456594645977 -8.70000012218952 29.2000006884336 56.545939296484 -8.70000012218952 -8.89968778938055 56.8611025810242 -19.6100007742643 -11.0443225130439 56.8611025810242 -8.70000012218952 -11.0443225130439 56.545939296484 -19.6100007742643 -8.89968778938055 59.0508095920086 -8.70000012218952 -8.75262636691332 56.545939296484 -19.6100007742643 -8.89968778938055 56.545939296484 -8.70000012218952 -8.89968778938055 59.0508095920086 -19.6100007742643 -8.75262636691332 59.544000774622 -19.6100007742643 -12.1087245643139 56.8611025810242 -8.70000012218952 -11.0443225130439 56.8611025810242 -19.6100007742643 -11.0443225130439 59.544000774622 -8.70000012218952 -12.1087245643139 56.8611025810242 -19.6100007742643 -11.0443225130439 59.0508095920086 -19.6100007742643 -8.75262636691332 59.544000774622 -19.6100007742643 -12.1087245643139 56.545939296484 -19.6100007742643 -8.89968778938055 54.8501238226891 -8.70000012218952 -5.94434188678861 58.8726401329041 -19.6100007742643 -7.54021946340799 58.8726401329041 -8.70000012218952 -7.54021946340799 54.8501238226891 -19.6100007742643 -5.94434188678861 54.7406114637852 -8.70000012218952 -5.19913621246815 54.8501238226891 -19.6100007742643 -5.94434188678861 54.8501238226891 -8.70000012218952 -5.94434188678861 54.7406114637852 -19.6100007742643 -5.19913621246815 54.7406114637852 -19.6100007742643 -5.19913621246815 58.4962069988251 -8.70000012218952 -4.97864373028278 58.4962069988251 -19.6100007742643 -4.97864373028278 54.7406114637852 -8.70000012218952 -5.19913621246815 54.8501238226891 -19.6100007742643 -5.94434188678861 58.4962069988251 -19.6100007742643 -4.97864373028278 58.8726401329041 -19.6100007742643 -7.54021946340799 54.7406114637852 -19.6100007742643 -5.19913621246815 54.1787631809711 -8.70000012218952 -1.37583666946739 58.2012832164764 -19.6100007742643 -2.97171412967145 58.2012832164764 -8.70000012218952 -2.97171412967145 54.1787631809711 -19.6100007742643 -1.37583666946739 54.1787631809711 -19.6100007742643 -1.37583666946739 54.0692508220673 -8.70000012218952 -0.630630936939269 54.0692508220673 -19.6100007742643 -0.630630936939269 54.1787631809711 -8.70000012218952 -1.37583666946739 57.8248500823975 -8.70000012218952 -0.410138396546245 54.0692508220673 -19.6100007742643 -0.630630936939269 54.0692508220673 -8.70000012218952 -0.630630936939269 57.8248500823975 -19.6100007742643 -0.410138396546245 54.1787631809711 -19.6100007742643 -1.37583666946739 57.8248500823975 -19.6100007742643 -0.410138396546245 58.2012832164764 -19.6100007742643 -2.97171412967145 54.0692508220673 -19.6100007742643 -0.630630936939269 44.5901863276958 -13.4749999269843 4.95958421379328 42.8749993443489 -13.4749999269843 3.04923788644373 42.8749993443489 -13.4749999269843 4.95958421379328 44.403113424778 -13.4749999269843 2.82133556902409 44.8749996721745 -11.1861797049642 8.92393756657839 42.8749993443489 -11.374999769032 8.59689153730869 42.8749993443489 -11.1861797049642 8.92393756657839 44.8749996721745 -11.5954698994756 8.21502599865198 42.8749993443489 -13.4749999269843 4.95958421379328 44.5901863276958 -13.4749999269843 4.95958421379328 53.4350015223026 -9.70000028610229 26.0000005364418 50.4229329526424 -9.70000028610229 25.000000372529 52.5958985090256 -9.70000028610229 25.000000372529 50.4349991679192 -9.70000028610229 32.9999998211861 53.4350015223026 -9.70000028610229 29.9999993294477 49.3270680308342 -9.70000028610229 32.9999998211861 40.3489358723164 -9.67499986290932 -7.00000021606684 39.4510626792908 -8.11500009149313 -7.05447653308511 39.4510626792908 -9.67499986290932 -7.00000021606684 40.3489358723164 -8.11500009149313 -7.05447653308511 40.3489358723164 -9.67499986290932 -16.3000002503395 17.4989365041256 -8.78388155251741 -16.2688810378313 40.3489358723164 -8.78388155251741 -16.2688810378313 17.4989365041256 -9.67499986290932 -16.3000002503395 40.3489358723164 -7.51500017940998 -12.3875001445413 17.4989365041256 -8.11500009149313 -12.3875001445413 40.3489358723164 -8.11500009149313 -12.3875001445413 17.4989365041256 -7.51500017940998 -12.3875001445413 40.3489358723164 -7.51500017940998 -12.3875001445413 17.4989365041256 -7.51500017940998 -14.9999996647239 17.4989365041256 -7.51500017940998 -12.3875001445413 40.3489358723164 -7.51500017940998 -14.9999996647239 40.3489358723164 -8.78388155251741 -16.2688810378313 17.4989365041256 -7.51500017940998 -14.9999996647239 40.3489358723164 -7.51500017940998 -14.9999996647239 17.4989365041256 -8.78388155251741 -16.2688810378313 40.3489358723164 -8.78388155251741 -16.2688810378313 40.3489358723164 -8.11500009149313 -12.3875001445413 40.3489358723164 -9.67499986290932 -16.3000002503395 40.3489358723164 -9.67499986290932 -7.00000021606684 40.3489358723164 -7.51500017940998 -14.9999996647239 40.3489358723164 -8.11500009149313 -7.05447653308511 40.3489358723164 -7.51500017940998 -12.3875001445413 39.4510626792908 -8.11500009149313 -5.69909298792481 17.4989365041256 -7.81499966979027 -5.52098965272307 39.4510626792908 -7.81499966979027 -5.52098965272307 17.4989365041256 -8.11500009149313 -5.69909298792481 39.4510626792908 -7.81499966979027 -5.52098965272307 17.4989365041256 -7.81499966979027 -3.52624664083123 39.4510626792908 -7.81499966979027 -3.52624664083123 17.4989365041256 -7.81499966979027 -5.52098965272307 39.4510626792908 -8.70000012218952 5.00103645026684 17.4989365041256 -7.81499966979027 -3.52624664083123 17.4989365041256 -8.70000012218952 5.00103645026684 39.4510626792908 -7.81499966979027 -3.52624664083123 19.3349719047546 -32.2550274431705 -4.00000018998981 20.3144811093807 -32.8205488622189 -4.00000018998981 20.8800006657839 -32.8949987888336 -4.00000018998981 18.9877338707447 -31.8025015294552 -4.00000018998981 18.7694523483515 -31.2755182385445 -4.00000018998981 18.7666621059179 -31.2650017440319 -4.00000018998981 29.2000006884336 -31.2650017440319 -4.00000018998981 29.2000006884336 -32.8949987888336 -4.00000018998981 19.7874996811152 -32.6022654771805 -4.00000018998981</float_array><technique_common><accessor count="4843" source="#bau0025781348-1-mesh-positions-array" stride="3"><param name="X" type="float" /><param name="Y" type="float" /><param name="Z" type="float" /></accessor></technique_common></source><source id="bau0025781348-1-mesh-normals"><float_array id="bau0025781348-1-mesh-normals-array" count="14529">0 0 -1 0 0 -1 0 0 -1 0 0 -1 0 0 -1 0 0 -1 0 0 -1 0 0 -1 0 0 -1 0 0 -1 0 0 -1 0 0 -1 0 0 -1 0 0 -1 0 0 -1 0 0 -1 0 0 -1 0 0 -1 -1 1.71310243060255E-16 0 -1 1.71310243060255E-16 0 -1 1.71310243060255E-16 0 -1 1.71310243060255E-16 0 -1 1.71310243060255E-16 0 -1 1.71310243060255E-16 0 -1 1.71310243060255E-16 0 -1 1.71310243060255E-16 0 -1 1.71310243060255E-16 0 -1 1.71310243060255E-16 0 -1 1.71310243060255E-16 0 -1 1.71310243060255E-16 0 -1 1.71310243060255E-16 0 -1 1.71310243060255E-16 0 -1 1.71310243060255E-16 0 -1 1.71310243060255E-16 0 -1 1.71310243060255E-16 0 -1 1.71310243060255E-16 0 -1 1.71310243060255E-16 0 -1 1.71310243060255E-16 0 -1 1.71310243060255E-16 0 -1 1.71310243060255E-16 0 -1 1.71310243060255E-16 0 -1 1.71310243060255E-16 0 -1 1.71310243060255E-16 0 -1 1.71310243060255E-16 0 -1 1.71310243060255E-16 0 -1 1.71310243060255E-16 0 -1 1.71310243060255E-16 0 -1 1.71310243060255E-16 0 -1 1.71310243060255E-16 0 -1 1.71310243060255E-16 0 -1 1.71310243060255E-16 0 -1 1.71310243060255E-16 0 -1 1.71310243060255E-16 0 -1 1.71310243060255E-16 0 -1 1.71310243060255E-16 0 -1 1.71310243060255E-16 0 -1 1.71310243060255E-16 0 -1 1.71310243060255E-16 0 -1 1.71310243060255E-16 0 -1 1.71310243060255E-16 0 -1 1.71310243060255E-16 0 -1 1.71310243060255E-16 0 -1 1.71310243060255E-16 0 -1 1.71310243060255E-16 0 -1 1.71310243060255E-16 0 -1 1.71310243060255E-16 0 -1 1.71310243060255E-16 0 -1 1.71310243060255E-16 0 -1 1.71310243060255E-16 0 -1 1.71310243060255E-16 0 -1 1.71310243060255E-16 0 -1 1.71310243060255E-16 0 -1 1.71310243060255E-16 0 -1 1.71310243060255E-16 0 -1 1.71310243060255E-16 0 -1 1.71310243060255E-16 0 -1 1.71310243060255E-16 0 -1 1.71310243060255E-16 0 -1 1.71310243060255E-16 0 -1 1.71310243060255E-16 0 -1 1.71310243060255E-16 0 -1 1.71310243060255E-16 0 -1 1.71310243060255E-16 0 -1 1.71310243060255E-16 0 -1 1.71310243060255E-16 0 -1 1.71310243060255E-16 0 -1 1.71310243060255E-16 0 -1 1.71310243060255E-16 0 -1 1.71310243060255E-16 0 -1 1.71310243060255E-16 0 -1 1.71310243060255E-16 0 -1 1.71310243060255E-16 0 -1 1.71310243060255E-16 0 -1 1.71310243060255E-16 0 -1 1.71310243060255E-16 0 -1 1.71310243060255E-16 0 -1 1.71310243060255E-16 0 -1 1.71310243060255E-16 0 -1 1.71310243060255E-16 0 -1 1.71310243060255E-16 0 -1 1.71310243060255E-16 0 -1 1.71310243060255E-16 0 -1 1.71310243060255E-16 0 -1 1.71310243060255E-16 0 -1 1.71310243060255E-16 0 -1 1.71310243060255E-16 0 -1 1.71310243060255E-16 0 -1 1.71310243060255E-16 0 -1 1.71310243060255E-16 0 -1 1.71310243060255E-16 0 -1 1.71310243060255E-16 0 -1 1.71310243060255E-16 0 -1 1.71310243060255E-16 0 -1 1.71310243060255E-16 0 -1 1.71310243060255E-16 0 -1 1.71310243060255E-16 0 -1 1.71310243060255E-16 0 -1 1.71310243060255E-16 0 -1 1.71310243060255E-16 0 -1 1.71310243060255E-16 0 -1 1.71310243060255E-16 0 -1 1.71310243060255E-16 0 -1 1.71310243060255E-16 0 -1 1.71310243060255E-16 0 -1 1.71310243060255E-16 0 -1 1.71310243060255E-16 0 -1 1.71310243060255E-16 0 -1 1.71310243060255E-16 0 -1 1.71310243060255E-16 0 -1 1.71310243060255E-16 0 -1 1.71310243060255E-16 0 -1 1.71310243060255E-16 0 -1 1.71310243060255E-16 0 -1 1.71310243060255E-16 0 -1 1.71310243060255E-16 0 -1 1.71310243060255E-16 0 -1 1.71310243060255E-16 0 -1 1.71310243060255E-16 0 -1 1.71310243060255E-16 0 -1 1.71310243060255E-16 0 -1 1.71310243060255E-16 0 -1 1.71310243060255E-16 0 -1 1.71310243060255E-16 0 -1 1.71310243060255E-16 0 -1 1.71310243060255E-16 0 -1 1.71310243060255E-16 0 -1 1.71310243060255E-16 0 -1 1.71310243060255E-16 0 -1 1.71310243060255E-16 0 -1 1.71310243060255E-16 0 -1 1.71310243060255E-16 0 -1 1.71310243060255E-16 0 -1 1.71310243060255E-16 0 -1 1.71310243060255E-16 0 -1 1.71310243060255E-16 0 -1 1.71310243060255E-16 0 -1 1.71310243060255E-16 0 -1 1.71310243060255E-16 0 -1 1.71310243060255E-16 0 -1 1.71310243060255E-16 0 -1 1.71310243060255E-16 0 -1 1.71310243060255E-16 0 -1 1.71310243060255E-16 0 -1 1.71310243060255E-16 0 -1 1.71310243060255E-16 0 -1 1.71310243060255E-16 0 -1 1.71310243060255E-16 0 -1 1.71310243060255E-16 0 -1 1.71310243060255E-16 0 -1 1.71310243060255E-16 0 -1 1.71310243060255E-16 0 -1 1.71310243060255E-16 0 -1 1.71310243060255E-16 0 -1 1.71310243060255E-16 0 -1 1.71310243060255E-16 0 -1 1.71310243060255E-16 0 -1 1.71310243060255E-16 0 -1 1.71310243060255E-16 0 -1 1.71310243060255E-16 0 -1 1.71310243060255E-16 0 -1 1.71310243060255E-16 0 -1 1.71310243060255E-16 0 -1 1.71310243060255E-16 0 -1 1.71310243060255E-16 0 -1 1.71310243060255E-16 0 -1 1.71310243060255E-16 0 -1 1.71310243060255E-16 0 -1 1.71310243060255E-16 0 -1 1.71310243060255E-16 0 -1 1.71310243060255E-16 0 -1 1.71310243060255E-16 0 -1 1.71310243060255E-16 0 -1 1.71310243060255E-16 0 -1 1.71310243060255E-16 0 -1 1.71310243060255E-16 0 -1 1.71310243060255E-16 0 -1 1.71310243060255E-16 0 -1 1.71310243060255E-16 0 -1 1.71310243060255E-16 0 -1 1.71310243060255E-16 0 -1 1.71310243060255E-16 0 -1 1.71310243060255E-16 0 -1 1.71310243060255E-16 0 -1 1.71310243060255E-16 0 -1 1.71310243060255E-16 0 -1 1.71310243060255E-16 0 -1 1.71310243060255E-16 0 -1 1.71310243060255E-16 0 -1 1.71310243060255E-16 0 -1 1.71310243060255E-16 0 -1 1.71310243060255E-16 0 -1 1.71310243060255E-16 0 -1 1.71310243060255E-16 0 -1 1.71310243060255E-16 0 -1 1.71310243060255E-16 0 -1 1.71310243060255E-16 0 -1 1.71310243060255E-16 0 -1 1.71310243060255E-16 0 -1 1.71310243060255E-16 0 -1 1.71310243060255E-16 0 -1 1.71310243060255E-16 0 -1 1.71310243060255E-16 0 -1 1.71310243060255E-16 0 -1 1.71310243060255E-16 0 -1 1.71310243060255E-16 0 -1 1.71310243060255E-16 0 -1 1.71310243060255E-16 0 -1 1.71310243060255E-16 0 -1 1.71310243060255E-16 0 -1 1.71310243060255E-16 0 -1 1.71310243060255E-16 0 -1 1.71310243060255E-16 0 -1 1.71310243060255E-16 0 -1 1.71310243060255E-16 0 -1 1.71310243060255E-16 0 -1 1.71310243060255E-16 0 -1 1.71310243060255E-16 0 -1 1.71310243060255E-16 0 -1 1.71310243060255E-16 0 -1 1.71310243060255E-16 0 -1 1.71310243060255E-16 0 -1 1.71310243060255E-16 0 -1 1.71310243060255E-16 0 -1 1.71310243060255E-16 0 -1 1.71310243060255E-16 0 -1 1.71310243060255E-16 0 -1 1.71310243060255E-16 0 -1 1.71310243060255E-16 0 -1 1.71310243060255E-16 0 -1 1.71310243060255E-16 0 -1 1.71310243060255E-16 0 -1 1.71310243060255E-16 0 -1 1.71310243060255E-16 0 -1 1.71310243060255E-16 0 -1 1.71310243060255E-16 0 -1 1.71310243060255E-16 0 -1 1.71310243060255E-16 0 -1 1.71310243060255E-16 0 -1 1.71310243060255E-16 0 -1 1.71310243060255E-16 0 -1 1.71310243060255E-16 0 -1 1.71310243060255E-16 0 -1 1.71310243060255E-16 0 -1 1.71310243060255E-16 0 -1 1.71310243060255E-16 0 -1 1.71310243060255E-16 0 -1 1.71310243060255E-16 0 -1 1.71310243060255E-16 0 -1 1.71310243060255E-16 0 -1 1.71310243060255E-16 0 -1 1.71310243060255E-16 0 -1 1.71310243060255E-16 0 -1 1.71310243060255E-16 0 -1 1.71310243060255E-16 0 -1 1.71310243060255E-16 0 -1 1.71310243060255E-16 0 -1 1.71310243060255E-16 0 -1 1.71310243060255E-16 0 -1 1.71310243060255E-16 0 -1 1.71310243060255E-16 0 -1 1.71310243060255E-16 0 -1 1.71310243060255E-16 0 -1 1.71310243060255E-16 0 -1 1.71310243060255E-16 0 -1 1.71310243060255E-16 0 -1 1.71310243060255E-16 0 -1 1.71310243060255E-16 0 -1 1.71310243060255E-16 0 -1 1.71310243060255E-16 0 -1 1.71310243060255E-16 0 -1 1.71310243060255E-16 0 -1 1.71310243060255E-16 0 -1 1.71310243060255E-16 0 -1 1.71310243060255E-16 0 -1 1.71310243060255E-16 0 -1 1.71310243060255E-16 0 -1 1.71310243060255E-16 0 -1 1.71310243060255E-16 0 -1 1.71310243060255E-16 0 -1 1.71310243060255E-16 0 -1 1.71310243060255E-16 0 -1 1.71310243060255E-16 0 -1 1.71310243060255E-16 0 -1 1.71310243060255E-16 0 -1 1.71310243060255E-16 0 -1 1.71310243060255E-16 0 -1 1.71310243060255E-16 0 -1 1.71310243060255E-16 0 -1 1.71310243060255E-16 0 -1 1.71310243060255E-16 0 -1 1.71310243060255E-16 0 -1 1.71310243060255E-16 0 -1 1.71310243060255E-16 0 -1 1.71310243060255E-16 0 -1 1.71310243060255E-16 0 -1 1.71310243060255E-16 0 -1 1.71310243060255E-16 0 -1 1.71310243060255E-16 0 -1 1.71310243060255E-16 0 -1 1.71310243060255E-16 0 -1 1.71310243060255E-16 0 -1 1.71310243060255E-16 0 -1 1.71310243060255E-16 0 -1 1.71310243060255E-16 0 -1 1.71310243060255E-16 0 -1 1.71310243060255E-16 0 -1 1.71310243060255E-16 0 -1 1.71310243060255E-16 0 -1 1.71310243060255E-16 0 -1 1.71310243060255E-16 0 -1 1.71310243060255E-16 0 -1 1.71310243060255E-16 0 -1 1.71310243060255E-16 0 -1 1.71310243060255E-16 0 -1 1.71310243060255E-16 0 -1 1.71310243060255E-16 0 -1 1.71310243060255E-16 0 -1 1.71310243060255E-16 0 -1 1.71310243060255E-16 0 -1 1.71310243060255E-16 0 -1 1.71310243060255E-16 0 -1 1.71310243060255E-16 0 -1 1.71310243060255E-16 0 -1 1.71310243060255E-16 0 -1 1.71310243060255E-16 0 -1 1.71310243060255E-16 0 -1 1.71310243060255E-16 0 1 0 0 1 0 0 1 0 0 1 0 0 1 0 0 1 0 0 1 0 0 1 0 0 1 0 0 1 0 0 1 0 0 1 0 0 1 0 0 1 0 0 1 0 0 1 0 0 1 0 0 1 0 0 1 0 0 1 0 0 1 0 0 1 0 0 1 0 0 1 0 0 1 0 0 1 0 0 1 0 0 1 0 0 1 0 0 1 0 0 1 0 0 -0.258819043636322 -1.53497259293505E-16 -0.965925812721252 5.05321539244431E-16 2.99689957263328E-31 -1 5.05321539244431E-16 2.99689957263328E-31 -1 0.258819043636322 1.53497259293505E-16 -0.965925812721252 0.258819043636322 1.53497259293505E-16 -0.965925812721252 0.5 2.96533926386216E-16 -0.866025388240814 0.5 2.96533926386216E-16 -0.866025388240814 0.70710676908493 4.1936230641646E-16 -0.70710676908493 0.70710676908493 4.1936230641646E-16 -0.70710676908493 0.866025388240814 5.13611821276123E-16 -0.5 0.866025388240814 5.13611821276123E-16 -0.5 0.965925812721252 5.72859552475075E-16 -0.258819043636322 0.965925812721252 5.72859552475075E-16 -0.258819043636322 1 5.93067852772432E-16 0 1 5.93067852772432E-16 0 -0.5 -2.96533926386216E-16 -0.866025388240814 -0.258819043636322 -1.53497259293505E-16 -0.965925812721252 -0.70710676908493 -4.1936230641646E-16 -0.70710676908493 -0.5 -2.96533926386216E-16 -0.866025388240814 -0.866025388240814 -5.13611821276123E-16 -0.5 -0.70710676908493 -4.1936230641646E-16 -0.70710676908493 -0.965925812721252 -5.72859552475075E-16 -0.258819043636322 -0.866025388240814 -5.13611821276123E-16 -0.5 -1 -5.96311194867027E-16 0 -0.965925812721252 -5.72859552475075E-16 -0.258819043636322 -0.965925812721252 -5.72859552475075E-16 0.258819043636322 -1 -5.96311194867027E-16 0 -0.866025388240814 -5.13611821276123E-16 0.5 -0.965925812721252 -5.72859552475075E-16 0.258819043636322 -0.5 -2.96533926386216E-16 0.866025388240814 -0.70710676908493 -4.1936230641646E-16 0.70710676908493 -0.70710676908493 -4.1936230641646E-16 0.70710676908493 -0.258819043636322 -1.53497259293505E-16 0.965925812721252 -0.5 -2.96533926386216E-16 0.866025388240814 0.965925812721252 5.72859552475075E-16 0.258819043636322 -1.07187540788323E-15 -6.35694884684574E-31 1 -0.258819043636322 -1.53497259293505E-16 0.965925812721252 0.258819043636322 1.53497259293505E-16 0.965925812721252 -1.07187540788323E-15 -6.35694884684574E-31 1 0.5 2.96533926386216E-16 0.866025388240814 0.258819043636322 1.53497259293505E-16 0.965925812721252 0.70710676908493 4.1936230641646E-16 0.70710676908493 0.5 2.96533926386216E-16 0.866025388240814 0.866025388240814 5.13611821276123E-16 0.5 0.70710676908493 4.1936230641646E-16 0.70710676908493 0.965925812721252 5.72859552475075E-16 0.258819043636322 0.866025388240814 5.13611821276123E-16 0.5 -0.866025388240814 -5.13611821276123E-16 0.5 0 -1 0 0 -1 0 0 -1 0 0 -1 0 0 -1 0 0 -1 0 0 -1 0 0 -1 0 0 -1 0 0 -1 0 0 -1 0 0 -1 0 0 -1 0 0 -1 0 0 -1 0 0 -1 0 0 -1 0 0 -1 0 0 -1 0 0 -1 0 0 -1 0 0 -1 0 0 -1 0 0 -1 0 0 -1 0 0 -1 0 0 -1 0 0 -1 0 0 -1 0 0 -1 0 0 -1 0 0 -1 0 0 -1 0 0 -1 0 0 -1 0 0 -1 0 0 -1 0 0 -1 0 0 -1 0 0 -1 0 0 -1 0 0 -1 0 0 -1 0 0 -1 0 0 -1 0 0 -1 0 0 -1 0 0 -1 0 0 -1 0 0 -1 0 0 -1 0 0 -1 0 0 -1 0 0 -1 0 0 -1 0 0 -1 0 0 -1 0 0 -1 0 0 -1 0 0 -1 0 0 -1 0 0 -1 0 0 -1 0 0 -1 0 -1 1.21877532607392E-16 0 -1 1.21877532607392E-16 0 -1 1.21877532607392E-16 0 -1 1.21877532607392E-16 0 -1 1.21877532607392E-16 0 -1 1.21877532607392E-16 0 -1 1.21877532607392E-16 0 -1 1.21877532607392E-16 0 -1 1.21877532607392E-16 0 -1 1.21877532607392E-16 0 -1 1.21877532607392E-16 0 -1 1.21877532607392E-16 0 0.874157249927521 0.485642939805984 0 0.874157249927521 0.485642939805984 0 0.874157249927521 0.485642939805984 0 0.874157249927521 0.485642939805984 0 0.874157249927521 0.485642939805984 0 0.874157249927521 0.485642939805984 0 0.874157249927521 0.485642939805984 0 0.874157249927521 0.485642939805984 0 0.874157249927521 0.485642939805984 0 0.874157249927521 0.485642939805984 0 0.874157249927521 0.485642939805984 0 0.874157249927521 0.485642939805984 0 0.874157249927521 0.485642939805984 0 0.874157249927521 0.485642939805984 0 0.874157249927521 0.485642939805984 0 0.874157249927521 0.485642939805984 0 0.874157249927521 0.485642939805984 0 0.874157249927521 0.485642939805984 0 0.874157249927521 0.485642939805984 0 0.874157249927521 0.485642939805984 0 0.874157249927521 0.485642939805984 0 0.874157249927521 0.485642939805984 0 1 0 0 1 0 0 1 0 0 1 0 0 1 0 0 1 0 0 1 0 0 1 0 0 1 0 0 1 0 0 1 0 0 1 0 0 1 0 0 1 0 0 1 0 0 1 0 0 1 0 0 1 0 0 1 0 0 0 1 0 0 1 0 0 1 0 0 1 0 0 1 0 0 1 0 0 1 0 0 1 0 0 1 0 -1 1.21877532607392E-16 0 -1 1.21877532607392E-16 0 -1 1.21877532607392E-16 0 -1 1.21877532607392E-16 0 -1 1.21877532607392E-16 0 -1 1.21877532607392E-16 0 -1 1.21877532607392E-16 0 -1 1.21877532607392E-16 0 -1 1.21877532607392E-16 0 -1 1.21877532607392E-16 0 -1 1.21877532607392E-16 0 -0.866025388240814 -0.5 0 -0.965925812721252 -0.258819043636322 0 -0.965925812721252 -0.258819043636322 0 -0.70710676908493 -0.70710676908493 0 -0.866025388240814 -0.5 0 -0.16792631149292 -0.985799551010132 0 -3.61400715338575E-16 -1 0 -3.61400715338575E-16 -1 0 -0.258819043636322 -0.965925812721252 0 -0.256717890501022 -0.966486394405365 0 -0.5 -0.866025388240814 0 -0.5 -0.866025388240814 0 -0.70710676908493 -0.70710676908493 0 -0.52563089132309 -0.850712716579437 0 -1 0 0 -1 0 0 0.5 -0.866025388240814 0 0.70710676908493 -0.70710676908493 0 0.70710676908493 -0.70710676908493 0 0.258819043636322 -0.965925812721252 0 0 -1 0 0 -1 0 0.258819043636322 -0.965925812721252 0 0.5 -0.866025388240814 0 0.866025388240814 -0.5 0 0.866025388240814 -0.5 0 0.965925812721252 -0.258819043636322 0 0.965925812721252 -0.258819043636322 0 1 0 0 1 0 0 0 -1 0 0 -1 0 1 -6.42490160601911E-16 0 1 -6.42490160601911E-16 0 1 -6.42490160601911E-16 0 1 -6.42490160601911E-16 0 1 -6.42490160601911E-16 0 1 -6.42490160601911E-16 0 1 -6.42490160601911E-16 0 1 -6.42490160601911E-16 0 -1 7.70988235073941E-16 0 -1 7.70988235073941E-16 0 -1 7.70988235073941E-16 0 -1 7.70988235073941E-16 0 -1 7.70988235073941E-16 0 -1 7.70988235073941E-16 0 -1 7.70988235073941E-16 0 -1 7.70988235073941E-16 0 -0.965925812721252 0.258819043636322 0 -1 0 0 -0.965925812721252 0.258819043636322 0 -0.866025388240814 0.5 0 -0.866025388240814 0.5 0 -0.5 0.866025388240814 0 -0.70710676908493 0.70710676908493 0 -0.5 0.866025388240814 0 -0.258819043636322 0.965925812721252 0 -0.258819043636322 0.965925812721252 0 -0.70710676908493 0.70710676908493 0 -1 0 0 -3.46944695195361E-15 1 0 -3.46944695195361E-15 1 0 0 1 0 0 1 0 0 1 0 0 1 0 0 1 0 0 1 0 0 1 0 0 1 0 1 0 0 0.965925812721252 0.258819043636322 0 1 0 0 0.258819043636322 0.965925812721252 0 0 1 0 0.258819043636322 0.965925812721252 0 0.5 0.866025388240814 0 0.70710676908493 0.70710676908493 0 0.70710676908493 0.70710676908493 0 0.866025388240814 0.5 0 0.5 0.866025388240814 0 0.268682092428207 0.9632288813591 0 0.965925812721252 0.258819043636322 0 0.866025388240814 0.5 0 0 1 0 0.841009438037872 0.541020452976227 0 1 -1.1668543239896E-16 0 1 -1.1668543239896E-16 0 1 -1.1668543239896E-16 0 1 -1.1668543239896E-16 0 1 -1.1668543239896E-16 0 1 -1.1668543239896E-16 0 1 -1.1668543239896E-16 0 1 -1.1668543239896E-16 0 1 -1.1668543239896E-16 0 1 -1.1668543239896E-16 0 1 -1.1668543239896E-16 0 1 -1.1668543239896E-16 0 0.874157249927521 -0.485642939805984 0 0.874157249927521 -0.485642939805984 0 0.874157249927521 -0.485642939805984 0 0.874157249927521 -0.485642939805984 0 0.874157249927521 -0.485642939805984 0 0.874157249927521 -0.485642939805984 0 0.874157249927521 -0.485642939805984 0 0.874157249927521 -0.485642939805984 0 0.874157249927521 -0.485642939805984 0 0.874157249927521 -0.485642939805984 0 0.874157249927521 -0.485642939805984 0 0.874157249927521 -0.485642939805984 0 0.874157249927521 -0.485642939805984 0 0.874157249927521 -0.485642939805984 0 0.874157249927521 -0.485642939805984 0 1 -1.30528478621047E-16 0 1 -1.30528478621047E-16 0 1 -1.30528478621047E-16 0 1 -1.30528478621047E-16 0 1 -1.30528478621047E-16 0 1 -1.30528478621047E-16 0 1 -1.30528478621047E-16 0 1 -1.30528478621047E-16 0 1 -1.30528478621047E-16 0 1 -1.30528478621047E-16 0 1 -1.30528478621047E-16 0 1 -1.30528478621047E-16 0 1 -1.30528478621047E-16 0 1 -1.30528478621047E-16 0 1 -1.30528478621047E-16 0 1 -1.30528478621047E-16 0 1 -1.30528478621047E-16 0 1 -1.30528478621047E-16 0 1 -1.30528478621047E-16 0 1 -1.30528478621047E-16 0 1 -1.30528478621047E-16 0 1 -1.30528478621047E-16 0 1 -1.30528478621047E-16 0 1 -1.30528478621047E-16 0 1 -1.30528478621047E-16 0 1 -1.30528478621047E-16 0 1 -1.30528478621047E-16 0 1 -1.30528478621047E-16 0 1 -1.30528478621047E-16 0 1 -1.30528478621047E-16 0 1 -1.30528478621047E-16 0 1 -1.30528478621047E-16 0 1 -1.30528478621047E-16 0 1 -1.30528478621047E-16 0 1 -1.30528478621047E-16 0 1 -1.30528478621047E-16 0 1 -1.30528478621047E-16 0 1 -1.30528478621047E-16 0 1 -1.30528478621047E-16 0 1 -1.30528478621047E-16 0 1 -1.30528478621047E-16 0 1 -1.30528478621047E-16 0 1 -1.30528478621047E-16 0 1 -1.30528478621047E-16 0 1 -1.30528478621047E-16 0 1 -1.30528478621047E-16 0 1 -1.30528478621047E-16 0 1 -1.30528478621047E-16 0 1 -1.30528478621047E-16 0 1 -1.30528478621047E-16 0 1 -1.30528478621047E-16 0 1 -1.30528478621047E-16 0 1 -1.30528478621047E-16 0 1 -1.30528478621047E-16 0 1 -1.30528478621047E-16 0 1 -1.30528478621047E-16 0 1 -1.30528478621047E-16 0 1 -1.30528478621047E-16 0 1 -1.30528478621047E-16 0 1 -1.30528478621047E-16 0 1 -1.30528478621047E-16 0 1 -1.30528478621047E-16 0 1 -1.30528478621047E-16 0 1 -1.30528478621047E-16 0 1 -1.30528478621047E-16 0 1 -1.30528478621047E-16 0 1 -1.30528478621047E-16 0 1 -1.30528478621047E-16 0 1 -1.30528478621047E-16 0 1 -1.30528478621047E-16 0 1 -1.30528478621047E-16 0 1 -1.30528478621047E-16 0 1 -1.30528478621047E-16 0 1 -1.30528478621047E-16 0 1 -1.30528478621047E-16 0 1 -1.30528478621047E-16 0 1 -1.30528478621047E-16 0 1 -1.30528478621047E-16 0 1 -1.30528478621047E-16 0 1 -1.30528478621047E-16 0 1 -1.30528478621047E-16 0 1 -1.30528478621047E-16 0 1 -1.30528478621047E-16 0 1 -1.30528478621047E-16 0 1 -1.30528478621047E-16 0 1 -1.30528478621047E-16 0 1 -1.30528478621047E-16 0 1 -1.30528478621047E-16 0 1 -1.30528478621047E-16 0 1 -1.30528478621047E-16 0 1 -1.30528478621047E-16 0 1 -1.30528478621047E-16 0 1 -1.30528478621047E-16 0 1 -1.30528478621047E-16 0 1 -1.30528478621047E-16 0 1 -1.30528478621047E-16 0 1 -1.30528478621047E-16 0 1 -1.30528478621047E-16 0 1 -1.30528478621047E-16 0 1 -1.30528478621047E-16 0 1 -1.30528478621047E-16 0 1 -1.30528478621047E-16 0 1 -1.30528478621047E-16 0 1 -1.30528478621047E-16 0 1 -1.30528478621047E-16 0 1 -1.30528478621047E-16 0 1 -1.30528478621047E-16 0 1 -1.30528478621047E-16 0 1 -1.30528478621047E-16 0 1 -1.30528478621047E-16 0 1 -1.30528478621047E-16 0 1 -1.30528478621047E-16 0 1 -1.30528478621047E-16 0 1 -1.30528478621047E-16 0 1 -1.30528478621047E-16 0 1 -1.30528478621047E-16 0 1 -1.30528478621047E-16 0 1 -1.30528478621047E-16 0 1 -1.30528478621047E-16 0 1 -1.30528478621047E-16 0 1 -1.30528478621047E-16 0 1 -1.30528478621047E-16 0 1 -1.30528478621047E-16 0 1 -1.30528478621047E-16 0 1 -1.30528478621047E-16 0 1 -1.30528478621047E-16 0 1 -1.30528478621047E-16 0 1 -1.30528478621047E-16 0 1 -1.30528478621047E-16 0 1 -1.30528478621047E-16 0 1 -1.30528478621047E-16 0 1 -1.30528478621047E-16 0 1 -1.30528478621047E-16 0 1 -1.30528478621047E-16 0 1 -1.30528478621047E-16 0 1 -1.30528478621047E-16 0 1 -1.30528478621047E-16 0 1 -1.30528478621047E-16 0 1 -1.30528478621047E-16 0 1 -1.30528478621047E-16 0 1 -1.30528478621047E-16 0 1 -1.30528478621047E-16 0 1 -1.30528478621047E-16 0 1 -1.30528478621047E-16 0 1 -1.30528478621047E-16 0 1 -1.30528478621047E-16 0 1 -1.30528478621047E-16 0 1 -1.30528478621047E-16 0 1 -1.30528478621047E-16 0 1 -1.30528478621047E-16 0 1 -1.30528478621047E-16 0 1 -1.30528478621047E-16 0 1 -1.30528478621047E-16 0 1 -1.30528478621047E-16 0 1 -1.30528478621047E-16 0 1 -1.30528478621047E-16 0 1 -1.30528478621047E-16 0 1 -1.30528478621047E-16 0 1 -1.30528478621047E-16 0 1 -1.30528478621047E-16 0 1 -1.30528478621047E-16 0 1 -1.30528478621047E-16 0 1 -1.30528478621047E-16 0 1 -1.30528478621047E-16 0 1 -1.30528478621047E-16 0 1 -1.30528478621047E-16 0 1 -1.30528478621047E-16 0 1 -1.30528478621047E-16 0 1 -1.30528478621047E-16 0 1 -1.30528478621047E-16 0 1 -1.30528478621047E-16 0 1 -1.30528478621047E-16 0 1 -1.30528478621047E-16 0 1 -1.30528478621047E-16 0 1 -1.30528478621047E-16 0 1 -1.30528478621047E-16 0 1 -1.30528478621047E-16 0 1 -1.30528478621047E-16 0 1 -1.30528478621047E-16 0 1 -1.30528478621047E-16 0 1 -1.30528478621047E-16 0 1 -1.30528478621047E-16 0 1 -1.30528478621047E-16 0 1 -1.30528478621047E-16 0 1 -1.30528478621047E-16 0 1 -1.30528478621047E-16 0 1 -1.30528478621047E-16 0 1 -1.30528478621047E-16 0 1 -1.30528478621047E-16 0 1 -1.30528478621047E-16 0 1 -1.30528478621047E-16 0 1 -1.30528478621047E-16 0 1 -1.30528478621047E-16 0 1 -1.30528478621047E-16 0 1 -1.30528478621047E-16 0 1 -1.30528478621047E-16 0 1 -1.30528478621047E-16 0 1 -1.30528478621047E-16 0 1 -1.30528478621047E-16 0 1 -1.30528478621047E-16 0 1 -1.30528478621047E-16 0 1 -1.30528478621047E-16 0 1 -1.30528478621047E-16 0 1 -1.30528478621047E-16 0 1 -1.30528478621047E-16 0 1 -1.30528478621047E-16 0 1 -1.30528478621047E-16 0 1 -1.30528478621047E-16 0 1 -1.30528478621047E-16 0 1 -1.30528478621047E-16 0 1 -1.30528478621047E-16 0 1 -1.30528478621047E-16 0 1 -1.30528478621047E-16 0 1 -1.30528478621047E-16 0 1 -1.30528478621047E-16 0 1 -1.30528478621047E-16 0 1 -1.30528478621047E-16 0 1 -1.30528478621047E-16 0 1 -1.30528478621047E-16 0 1 -1.30528478621047E-16 0 1 -1.30528478621047E-16 0 1 -1.30528478621047E-16 0 1 -1.30528478621047E-16 0 1 -1.30528478621047E-16 0 1 -1.30528478621047E-16 0 1 -1.30528478621047E-16 0 1 -1.30528478621047E-16 0 1 -1.30528478621047E-16 0 1 -1.30528478621047E-16 0 1 -1.30528478621047E-16 0 1 -1.30528478621047E-16 0 1 -1.30528478621047E-16 0 1 -1.30528478621047E-16 0 1 -1.30528478621047E-16 0 1 -1.30528478621047E-16 0 1 -1.30528478621047E-16 0 1 -1.30528478621047E-16 0 1 -1.30528478621047E-16 0 1 -1.30528478621047E-16 0 1 -1.30528478621047E-16 0 1 -1.30528478621047E-16 0 1 -1.30528478621047E-16 0 1 -1.30528478621047E-16 0 1 -1.30528478621047E-16 0 1 -1.30528478621047E-16 0 1 -1.30528478621047E-16 0 1 -1.30528478621047E-16 0 1 -1.30528478621047E-16 0 1 -1.30528478621047E-16 0 1 -1.30528478621047E-16 0 1 -1.30528478621047E-16 0 1 -1.30528478621047E-16 0 1 -1.30528478621047E-16 0 1 -1.30528478621047E-16 0 1 -1.30528478621047E-16 0 1 -1.30528478621047E-16 0 1 -1.30528478621047E-16 0 1 -1.30528478621047E-16 0 1 -1.30528478621047E-16 0 1 -1.30528478621047E-16 0 1 -1.30528478621047E-16 0 1 -1.30528478621047E-16 0 1 -1.30528478621047E-16 0 1 -1.30528478621047E-16 0 1 -1.30528478621047E-16 0 1 -1.30528478621047E-16 0 1 -1.30528478621047E-16 0 1 -1.30528478621047E-16 0 1 -1.30528478621047E-16 0 1 -1.30528478621047E-16 0 1 -1.30528478621047E-16 0 1 -1.30528478621047E-16 0 1 -1.30528478621047E-16 0 1 -1.30528478621047E-16 0 1 -1.30528478621047E-16 0 1 -1.30528478621047E-16 0 1 -1.30528478621047E-16 0 1 -1.30528478621047E-16 0 1 -1.30528478621047E-16 0 1 -1.30528478621047E-16 0 1 -1.30528478621047E-16 0 1 -1.30528478621047E-16 0 1 -1.30528478621047E-16 0 1 -1.30528478621047E-16 0 1 -1.30528478621047E-16 0 1 -1.30528478621047E-16 0 1 -1.30528478621047E-16 0 1 -1.30528478621047E-16 0 1 -1.30528478621047E-16 0 1 -1.30528478621047E-16 0 1 -1.30528478621047E-16 0 1 -1.30528478621047E-16 0 1 -1.30528478621047E-16 0 1 -1.30528478621047E-16 0 1 -1.30528478621047E-16 0 1 -1.30528478621047E-16 0 1 -1.30528478621047E-16 0 1 -1.30528478621047E-16 0 1 -1.30528478621047E-16 0 1 -1.30528478621047E-16 0 1 -1.30528478621047E-16 0 1 -1.30528478621047E-16 0 1 -1.30528478621047E-16 0 1 -1.30528478621047E-16 0 1 -1.30528478621047E-16 0 1 -1.30528478621047E-16 0 1 -1.30528478621047E-16 0 1 -1.30528478621047E-16 0 1 -1.30528478621047E-16 0 1 -1.30528478621047E-16 0 1 -1.30528478621047E-16 0 1 -1.30528478621047E-16 0 1 -1.30528478621047E-16 0 1 -1.30528478621047E-16 0 1 -1.30528478621047E-16 0 1 -1.30528478621047E-16 0 1 -1.30528478621047E-16 0 1 -1.30528478621047E-16 0 1 -1.30528478621047E-16 0 1 -1.30528478621047E-16 0 1 -1.30528478621047E-16 0 1 -1.30528478621047E-16 0 1 -1.30528478621047E-16 0 1 -1.30528478621047E-16 0 1 -1.30528478621047E-16 0 1 -1.30528478621047E-16 0 1 -1.30528478621047E-16 0 1 -1.30528478621047E-16 0 1 -1.30528478621047E-16 0 1 -1.30528478621047E-16 0 0 0 -1 0 0 -1 0 0 -1 0 0 -1 0 0 -1 0 0 -1 0 0 -1 0 0 -1 0 0 -1 0 0 -1 0 0 -1 0 0 -1 0 0 -1 0 0 -1 0 0 -1 0 0 -1 0 0 -1 0 0 -1 0 0 1 0 0 1 0 0 1 0 0 1 0 0 1 0 0 1 0 0 1 0 0 1 0 0 1 0 0 1 0 0 1 -0.730769217014313 0.682624578475952 0 -0.730769217014313 0.682624578475952 0 -0.730769217014313 0.682624578475952 0 -0.730769217014313 0.682624578475952 0 -0.730769217014313 0.682624578475952 0 -0.730769217014313 0.682624578475952 0 -0.730769217014313 0.682624578475952 0 -0.730769217014313 0.682624578475952 0 -0.730769217014313 0.682624578475952 0 -0.730769217014313 0.682624578475952 0 -0.730769217014313 0.682624578475952 0 -0.730769217014313 0.682624578475952 0 -0.730769217014313 0.682624578475952 0 -0.730769217014313 0.682624578475952 0 -0.730769217014313 0.682624578475952 0 -0.730769217014313 -0.682624578475952 0 -0.730769217014313 -0.682624578475952 0 -0.730769217014313 -0.682624578475952 0 -0.730769217014313 -0.682624578475952 0 -0.730769217014313 -0.682624578475952 0 -0.730769217014313 -0.682624578475952 0 -0.730769217014313 -0.682624578475952 0 -0.730769217014313 -0.682624578475952 0 -0.730769217014313 -0.682624578475952 0 -0.730769217014313 -0.682624578475952 0 -0.730769217014313 -0.682624578475952 0 -0.730769217014313 -0.682624578475952 0 -0.730769217014313 -0.682624578475952 0 -0.730769217014313 -0.682624578475952 0 -0.730769217014313 -0.682624578475952 0 -0.730769217014313 -0.682624578475952 0 -0.730769217014313 -0.682624578475952 0 0.5 2.96533926386216E-16 0.866025388240814 0.70710676908493 4.1936230641646E-16 0.70710676908493 0.70710676908493 4.1936230641646E-16 0.70710676908493 0.866025388240814 5.13611821276123E-16 -0.5 0.965925812721252 5.72859552475075E-16 -0.258819043636322 0.965925812721252 5.72859552475075E-16 -0.258819043636322 0.70710676908493 4.1936230641646E-16 -0.70710676908493 0.866025388240814 5.13611821276123E-16 -0.5 0.5 2.96533926386216E-16 -0.866025388240814 0.70710676908493 4.1936230641646E-16 -0.70710676908493 0.258819043636322 1.53497259293505E-16 -0.965925812721252 0.5 2.96533926386216E-16 -0.866025388240814 5.05321539244431E-16 2.99689957263328E-31 -1 0.258819043636322 1.53497259293505E-16 -0.965925812721252 -0.258819043636322 -1.53497259293505E-16 -0.965925812721252 5.05321539244431E-16 2.99689957263328E-31 -1 -0.5 -2.96533926386216E-16 -0.866025388240814 -0.258819043636322 -1.53497259293505E-16 -0.965925812721252 -0.70710676908493 -4.1936230641646E-16 -0.70710676908493 -0.5 -2.96533926386216E-16 -0.866025388240814 -0.866025388240814 -5.13611821276123E-16 -0.5 -0.70710676908493 -4.1936230641646E-16 -0.70710676908493 -0.965925812721252 -5.72859552475075E-16 -0.258819043636322 -0.866025388240814 -5.13611821276123E-16 -0.5 -1 -5.93067852772432E-16 0 -0.965925812721252 -5.72859552475075E-16 -0.258819043636322 -0.965925812721252 -5.72859552475075E-16 0.258819043636322 -1 -5.93067852772432E-16 0 1 5.93067852772432E-16 0 0.965925812721252 5.72859552475075E-16 0.258819043636322 0.965925812721252 5.72859552475075E-16 0.258819043636322 1 5.93067852772432E-16 0 0.866025388240814 5.13611821276123E-16 0.5 0.866025388240814 5.13611821276123E-16 0.5 -0.866025388240814 -5.13611821276123E-16 0.5 -0.965925812721252 -5.72859552475075E-16 0.258819043636322 0.258819043636322 1.53497259293505E-16 0.965925812721252 0.5 2.96533926386216E-16 0.866025388240814 -1.07187540788323E-15 -6.35694884684574E-31 1 0.258819043636322 1.53497259293505E-16 0.965925812721252 -0.258819043636322 -1.53497259293505E-16 0.965925812721252 -1.07187540788323E-15 -6.35694884684574E-31 1 -0.5 -2.96533926386216E-16 0.866025388240814 -0.258819043636322 -1.53497259293505E-16 0.965925812721252 -0.70710676908493 -4.1936230641646E-16 0.70710676908493 -0.5 -2.96533926386216E-16 0.866025388240814 -0.866025388240814 -5.13611821276123E-16 0.5 -0.70710676908493 -4.1936230641646E-16 0.70710676908493 5.93067852772432E-16 -1 0 5.93067852772432E-16 -1 0 5.93067852772432E-16 -1 0 5.93067852772432E-16 -1 0 5.93067852772432E-16 -1 0 5.93067852772432E-16 -1 0 5.93067852772432E-16 -1 0 5.93067852772432E-16 -1 0 5.93067852772432E-16 -1 0 5.93067852772432E-16 -1 0 5.93067852772432E-16 -1 0 5.93067852772432E-16 -1 0 5.93067852772432E-16 -1 0 5.93067852772432E-16 -1 0 5.93067852772432E-16 -1 0 5.93067852772432E-16 -1 0 5.93067852772432E-16 -1 0 5.93067852772432E-16 -1 0 5.93067852772432E-16 -1 0 5.93067852772432E-16 -1 0 5.93067852772432E-16 -1 0 5.93067852772432E-16 -1 0 5.93067852772432E-16 -1 0 5.93067852772432E-16 -1 0 5.93067852772432E-16 -1 0 5.93067852772432E-16 -1 0 5.93067852772432E-16 -1 0 5.93067852772432E-16 -1 0 5.93067852772432E-16 -1 0 5.93067852772432E-16 -1 0 5.93067852772432E-16 -1 0 5.93067852772432E-16 -1 0 5.93067852772432E-16 -1 0 5.93067852772432E-16 -1 0 5.93067852772432E-16 -1 0 5.93067852772432E-16 -1 0 5.93067852772432E-16 -1 0 5.93067852772432E-16 -1 0 5.93067852772432E-16 -1 0 5.93067852772432E-16 -1 0 5.93067852772432E-16 -1 0 5.93067852772432E-16 -1 0 5.93067852772432E-16 -1 0 5.93067852772432E-16 -1 0 5.93067852772432E-16 -1 0 5.93067852772432E-16 -1 0 5.93067852772432E-16 -1 0 5.93067852772432E-16 -1 0 5.93067852772432E-16 -1 0 5.93067852772432E-16 -1 0 1.28469262116933E-16 0 1 1.28469262116933E-16 0 1 1.28469262116933E-16 0 1 1.28469262116933E-16 0 1 1.28469262116933E-16 0 1 1.28469262116933E-16 0 1 1.28469262116933E-16 0 1 1.28469262116933E-16 0 1 1.28469262116933E-16 0 1 1.28469262116933E-16 0 1 1.28469262116933E-16 0 1 1.28469262116933E-16 0 1 1.28469262116933E-16 0 1 1.28469262116933E-16 0 1 1.28469262116933E-16 0 1 1.28469262116933E-16 0 1 1.28469262116933E-16 0 1 1.28469262116933E-16 0 1 1.28469262116933E-16 0 1 1.28469262116933E-16 0 1 1.28469262116933E-16 0 1 0.758750915527344 0 0.651380836963654 0.758750915527344 0 0.651380836963654 0.758750915527344 0 0.651380836963654 0.758750915527344 0 0.651380836963654 0.758750915527344 0 0.651380836963654 0.758750915527344 0 0.651380836963654 0.758750915527344 0 0.651380836963654 0.758750915527344 0 0.651380836963654 0 0 -1 0 0 -1 0 0 -1 0 0 -1 -1 3.01691033546014E-16 -1.54197636426876E-16 -1 3.01691033546014E-16 -1.54197636426876E-16 -1 3.01691033546014E-16 -1.54197636426876E-16 -1 3.01691033546014E-16 -1.54197636426876E-16 1 -3.01691033546014E-16 -7.70988182134381E-17 1 -3.01691033546014E-16 -7.70988182134381E-17 1 -3.01691033546014E-16 -7.70988182134381E-17 1 -3.01691033546014E-16 -7.70988182134381E-17 -2.47178179583846E-31 -2.01858729824954E-15 -1 -2.47178179583846E-31 -2.01858729824954E-15 -1 -2.47178179583846E-31 -2.01858729824954E-15 -1 -2.47178179583846E-31 -2.01858729824954E-15 -1 -2.47178179583846E-31 -2.01858729824954E-15 -1 -2.47178179583846E-31 -2.01858729824954E-15 -1 -2.47178179583846E-31 -2.01858729824954E-15 -1 -2.47178179583846E-31 -2.01858729824954E-15 -1 -2.47178179583846E-31 -2.01858729824954E-15 -1 -2.47178179583846E-31 -2.01858729824954E-15 -1 0 0.405991077423096 -0.913877069950104 0 0.281426459550858 -0.959582805633545 4.98053354664834E-17 0.406736642122269 -0.913545429706573 9.09988803407874E-17 0.743144810199738 -0.669130623340607 0 0.866025388240814 -0.5 0 0.866025388240814 -0.5 0 0.207634493708611 -0.97820645570755 0 0.257999986410141 -0.966144919395447 0 -5.31660505195337E-16 -1 0 0.131552428007126 -0.991309225559235 2.54590095609102E-17 0.207911685109138 -0.978147625923157 9.09988803407874E-17 0.743144810199738 -0.669130623340607 0 0.587785243988037 -0.80901700258255 0 0.587785243988037 -0.80901700258255 0 0.509999990463257 -0.860174417495728 0 -5.31660505195337E-16 -1 1.06045739051935E-16 0.866025388240814 -0.5 1.06045739051935E-16 0.866025388240814 -0.5 1.06045739051935E-16 0.866025388240814 -0.5 1.06045739051935E-16 0.866025388240814 -0.5 3.16926674725282E-17 0.258819043636322 -0.965925812721252 0 2.45941363130766E-16 -1 3.16926674725282E-17 0.258819043636322 -0.965925812721252 0 0.5 -0.866025388240814 0 0.5 -0.866025388240814 0 2.45941363130766E-16 -1 6.12255332784559E-17 0.5 -0.866025388240814 6.12255332784559E-17 0.5 -0.866025388240814 6.12255332784559E-17 0.5 -0.866025388240814 6.12255332784559E-17 0.5 -0.866025388240814 0 0 1 0 0 1 0 0 1 0 0 1 0 0 1 0 0 1 0 0 1 0 0 1 0 0 1 0 0 1 0 0.25866436958313 0.965967237949371 0 0.499871343374252 0.866099655628204 0 0.281426459550858 0.959582805633545 0 0.509999990463257 0.860174417495728 8.65859842693803E-17 0.70710676908493 0.70710676908493 6.12255332784559E-17 0.5 0.866025388240814 8.65859842693803E-17 0.70710676908493 0.70710676908493 0 0.866025388240814 0.5 0 0.866025388240814 0.5 0 0.257999986410141 0.966144919395447 0 -2.78680107690474E-15 1 0 0.131552428007126 0.991309225559235 0 -1.96352168634853E-15 1 1.06045739051935E-16 0.866025388240814 0.5 1.06045739051935E-16 0.866025388240814 0.5 1.06045739051935E-16 0.866025388240814 0.5 1.06045739051935E-16 0.866025388240814 0.5 6.12255332784559E-17 0.5 0.866025388240814 6.12255332784559E-17 0.5 0.866025388240814 6.12255332784559E-17 0.5 0.866025388240814 6.12255332784559E-17 0.5 0.866025388240814 3.16926674725282E-17 0.258819043636322 0.965925812721252 0 -7.38684219586498E-15 1 3.16926674725282E-17 0.258819043636322 0.965925812721252 6.12255332784559E-17 0.5 0.866025388240814 6.12255332784559E-17 0.5 0.866025388240814 0 -7.38684219586498E-15 1 0 0 1 0 0 1 0 0 1 0 0 1 -3.15404258734045E-16 1 0 -3.15404258734045E-16 1 0 -3.15404258734045E-16 1 0 -3.15404258734045E-16 1 0 -3.01691033546014E-16 1 0 -3.01691033546014E-16 1 0 -3.01691033546014E-16 1 0 -3.01691033546014E-16 1 0 -3.01691033546014E-16 1 0 -3.01691033546014E-16 1 0 -3.01691033546014E-16 1 0 -3.01691033546014E-16 1 0 0.258819043636322 -0.965925812721252 0 0 -1 0 0 -1 0 0.5 -0.866025388240814 0 0.258819043636322 -0.965925812721252 0 0.70710676908493 -0.70710676908493 0 0.5 -0.866025388240814 0 0.866025388240814 -0.5 0 0.70710676908493 -0.70710676908493 0 0.965925812721252 -0.258819043636322 0 0.866025388240814 -0.5 0 1 0 0 0.965925812721252 -0.258819043636322 0 1 0 0 0 -1 0 0 -1 0 0 -1 0 0 -1 0 0 -1 0 0 -1 0 0 -1 0 0 -1 0 0 -1 0 0 -1 0 0 -1 0 0 -1 0 -1 3.01691033546014E-16 -1.54197636426876E-16 -1 3.01691033546014E-16 -1.54197636426876E-16 -1 3.01691033546014E-16 -1.54197636426876E-16 -1 3.01691033546014E-16 -1.54197636426876E-16 0 1 0 -0.258819043636322 0.965925812721252 0 0 1 0 -0.5 0.866025388240814 0 -0.258819043636322 0.965925812721252 0 -0.5 0.866025388240814 0 -0.70710676908493 0.70710676908493 0 -0.70710676908493 0.70710676908493 0 -0.866025388240814 0.5 0 -0.866025388240814 0.5 0 -0.965925812721252 0.258819043636322 0 -0.965925812721252 0.258819043636322 0 -1 0 0 -1 0 0 -1 0 0 -1 0 0 -1 0 0 -1 0 0 -1 0 0 -1 0 0 -1 0 0 -1 0 0 -1 0 0 -1 0 0 -1 0 0 -1 0 0 0 0 1 0 0 1 0 0 1 0 0 1 0 0 1 0 0 1 0 0 1 0 0 1 0 0 1 0 0 1 0 0 1 0 0 1 0 0 1 0 0 1 0 0 1 0 0 1 0 0 1 0 0 1 0 0 -1 0 0 -1 0 0 -1 0 0 -1 0 0 -1 0 0 -1 0 0 -1 0 0 -1 0 0 -1 0 0 -1 0 0 -1 0 0 -1 0 0 -1 0 0 -1 0 0 -1 0 0 -1 0 0 -1 0 0 -1 0 -1 0 0 -1 0 0 -1 0 0 -1 0 0 -0.939692616462708 -0.342020153999329 0 -0.939692616462708 -0.342020153999329 0 -0.939692616462708 -0.342020153999329 0 -0.939692616462708 -0.342020153999329 0 0 -1 0 0 -1 0 0 -1 0 0 -1 0 0.984807729721069 -0.173648178577423 0 0.984807729721069 -0.173648178577423 0 0.984807729721069 -0.173648178577423 0 0.984807729721069 -0.173648178577423 0 1 0 0 1 0 0 1 0 0 1 0 0 0.984807729721069 0.173648178577423 0 0.984807729721069 0.173648178577423 0 0.984807729721069 0.173648178577423 0 0.984807729721069 0.173648178577423 0 0 1 0 0 1 0 0 1 0 0 1 0 -0.939692616462708 0.342020153999329 0 -0.939692616462708 0.342020153999329 0 -0.939692616462708 0.342020153999329 0 -0.939692616462708 0.342020153999329 0 -1 0 0 -1 0 0 -1 0 0 -1 0 0.96115106344223 0 -0.276022881269455 0.96115106344223 0 -0.276022881269455 0.96115106344223 0 -0.276022881269455 0.96115106344223 0 -0.276022881269455 0 0 -1 0 0 -1 0 0 -1 0 0 -1 0 0 -1 -1 3.01691033546014E-16 -1.54197636426876E-16 -1 3.01691033546014E-16 -1.54197636426876E-16 -1 3.01691033546014E-16 -1.54197636426876E-16 -1 3.01691033546014E-16 -1.54197636426876E-16 0 0 -1 0 0 -1 0 0 -1 0 0 -1 0.96115106344223 0 0.276022881269455 0.96115106344223 0 0.276022881269455 0.96115106344223 0 0.276022881269455 0.96115106344223 0 0.276022881269455 -2.07131171108433E-15 0 1 -2.07131171108433E-15 0 1 -2.07131171108433E-15 0 1 -2.07131171108433E-15 0 1 -2.07131171108433E-15 0 1 -1 0 0 -1 0 0 -1 0 0 -1 0 0 -5.04646813974472E-15 0 1 -5.04646813974472E-15 0 1 -5.04646813974472E-15 0 1 -5.04646813974472E-15 0 1 0 0.476876616477966 -0.878970265388489 0 0.236353248357773 -0.971667170524597 0 0.236353248357773 -0.971667170524597 0 -0.0198744125664234 -0.999802470207214 0 -0.0198744125664234 -0.999802470207214 0 -0.27478152513504 -0.96150666475296 0 -0.27478152513504 -0.96150666475296 0 -0.511431038379669 -0.859324336051941 0 -0.511431038379669 -0.859324336051941 -9.91270587952209E-16 0.685714304447174 -0.72787082195282 0 0.476876616477966 -0.878970265388489 0 -0.714098870754242 -0.700044870376587 0 -0.714098870754242 -0.700044870376587 0 -0.869319021701813 -0.494251430034637 0 -0.869319021701813 -0.494251430034637 0 -0.966777920722961 -0.255617886781693 0 -0.966777920722961 -0.255617886781693 0 -1 -3.06161699911402E-16 0 -1 -3.06161699911402E-16 0 -0.966777920722961 0.255617886781693 0 -0.966777920722961 0.255617886781693 0 -0.869319021701813 0.494251430034637 0 -0.869319021701813 0.494251430034637 0 -0.714098870754242 0.700044870376587 0 -0.714098870754242 0.700044870376587 0 -0.511431038379669 0.859324336051941 0 -0.511431038379669 0.859324336051941 0 -0.27478152513504 0.96150666475296 0 -0.27478152513504 0.96150666475296 0 0.476876616477966 0.878970265388489 0 0.236353248357773 0.971667170524597 0 0.236353248357773 0.971667170524597 0 -0.0198744125664234 0.999802470207214 0 -0.0198744125664234 0.999802470207214 0 0.476876616477966 0.878970265388489 0 0.685714304447174 0.72787082195282 0 0.685714304447174 0.72787082195282 -9.91270587952209E-16 0.685714304447174 -0.72787082195282 0 1 0 0 1 0 0 1 0 0 1 0 1 0 0 1 0 0 1 0 0 1 0 0 1 0 0 1 0 0 1 0 0 1 0 0 1 0 0 1 0 0 1 0 0 1 0 0 1 0 0 1 0 0 1 0 0 1 0 0 1 0 0 1 0 0 1 0 0 -1.06045739051935E-16 -0.866025388240814 0.5 -8.65859842693803E-17 -0.70710676908493 0.70710676908493 -1.06045739051935E-16 -0.866025388240814 0.5 -1.18278648433186E-16 -0.965925812721252 0.258819043636322 -1.18278648433186E-16 -0.965925812721252 0.258819043636322 0 -1 0 0 -1 0 -8.65859842693803E-17 -0.70710676908493 0.70710676908493 -6.12255332784559E-17 -0.5 0.866025388240814 -6.12255332784559E-17 -0.5 0.866025388240814 -3.16926674725282E-17 -0.258819043636322 0.965925812721252 -3.16926674725282E-17 -0.258819043636322 0.965925812721252 -3.46875658201309E-32 -2.832769343194E-16 1 -3.46875658201309E-32 -2.832769343194E-16 1 3.16926674725282E-17 0.258819043636322 0.965925812721252 3.16926674725282E-17 0.258819043636322 0.965925812721252 6.12255332784559E-17 0.5 0.866025388240814 6.12255332784559E-17 0.5 0.866025388240814 8.65859842693803E-17 0.70710676908493 0.70710676908493 8.65859842693803E-17 0.70710676908493 0.70710676908493 1.06045739051935E-16 0.866025388240814 0.5 1.06045739051935E-16 0.866025388240814 0.5 1.18278648433186E-16 0.965925812721252 0.258819043636322 1.18278648433186E-16 0.965925812721252 0.258819043636322 0 1 0 1.22451066556912E-16 1 1.01064307848886E-15 1.18278648433186E-16 0.965925812721252 -0.258819043636322 1.18278648433186E-16 0.965925812721252 -0.258819043636322 1.06045739051935E-16 0.866025388240814 -0.5 1.06045739051935E-16 0.866025388240814 -0.5 8.65859842693803E-17 0.70710676908493 -0.70710676908493 8.65859842693803E-17 0.70710676908493 -0.70710676908493 6.12255332784559E-17 0.5 -0.866025388240814 6.12255332784559E-17 0.5 -0.866025388240814 3.16926674725282E-17 0.258819043636322 -0.965925812721252 3.16926674725282E-17 0.258819043636322 -0.965925812721252 1.31252290279199E-31 1.07187540788323E-15 -1 1.31252290279199E-31 1.07187540788323E-15 -1 -3.16926674725282E-17 -0.258819043636322 -0.965925812721252 -3.16926674725282E-17 -0.258819043636322 -0.965925812721252 -6.12255332784559E-17 -0.5 -0.866025388240814 -6.12255332784559E-17 -0.5 -0.866025388240814 -8.65859842693803E-17 -0.70710676908493 -0.70710676908493 -8.65859842693803E-17 -0.70710676908493 -0.70710676908493 -1.06045739051935E-16 -0.866025388240814 -0.5 -1.06045739051935E-16 -0.866025388240814 -0.5 -1.18278648433186E-16 -0.965925812721252 -0.258819043636322 -1.18278648433186E-16 -0.965925812721252 -0.258819043636322 3.16926674725282E-17 0.258819043636322 -0.965925812721252 6.12255332784559E-17 0.5 -0.866025388240814 3.16926674725282E-17 0.258819043636322 -0.965925812721252 8.65859842693803E-17 0.70710676908493 0.70710676908493 6.12255332784559E-17 0.5 0.866025388240814 8.65859842693803E-17 0.70710676908493 0.70710676908493 1.06045739051935E-16 0.866025388240814 0.5 1.06045739051935E-16 0.866025388240814 0.5 1.18278648433186E-16 0.965925812721252 0.258819043636322 1.18278648433186E-16 0.965925812721252 0.258819043636322 0 1 0 1.22451066556912E-16 1 5.665538686388E-16 1.18278648433186E-16 0.965925812721252 -0.258819043636322 1.18278648433186E-16 0.965925812721252 -0.258819043636322 1.06045739051935E-16 0.866025388240814 -0.5 1.06045739051935E-16 0.866025388240814 -0.5 8.65859842693803E-17 0.70710676908493 -0.70710676908493 8.65859842693803E-17 0.70710676908493 -0.70710676908493 6.12255332784559E-17 0.5 -0.866025388240814 1.31252290279199E-31 1.07187540788323E-15 -1 1.31252290279199E-31 1.07187540788323E-15 -1 -3.16926674725282E-17 -0.258819043636322 -0.965925812721252 -3.16926674725282E-17 -0.258819043636322 -0.965925812721252 -6.12255332784559E-17 -0.5 -0.866025388240814 -6.12255332784559E-17 -0.5 -0.866025388240814 -8.65859842693803E-17 -0.70710676908493 -0.70710676908493 -8.65859842693803E-17 -0.70710676908493 -0.70710676908493 -1.06045739051935E-16 -0.866025388240814 -0.5 -1.06045739051935E-16 -0.866025388240814 -0.5 -1.18278648433186E-16 -0.965925812721252 -0.258819043636322 -1.18278648433186E-16 -0.965925812721252 -0.258819043636322 0 -1 0 0 -1 0 3.16926674725282E-17 0.258819043636322 0.965925812721252 -3.46875658201309E-32 -2.832769343194E-16 1 3.16926674725282E-17 0.258819043636322 0.965925812721252 -3.46875658201309E-32 -2.832769343194E-16 1 -3.16926674725282E-17 -0.258819043636322 0.965925812721252 -3.16926674725282E-17 -0.258819043636322 0.965925812721252 -6.12255332784559E-17 -0.5 0.866025388240814 -6.12255332784559E-17 -0.5 0.866025388240814 -8.65859842693803E-17 -0.70710676908493 0.70710676908493 -8.65859842693803E-17 -0.70710676908493 0.70710676908493 -1.06045739051935E-16 -0.866025388240814 0.5 -1.06045739051935E-16 -0.866025388240814 0.5 -1.18278648433186E-16 -0.965925812721252 0.258819043636322 -1.18278648433186E-16 -0.965925812721252 0.258819043636322 6.12255332784559E-17 0.5 0.866025388240814 -8.65859842693803E-17 -0.70710676908493 0.70710676908493 -6.12255332784559E-17 -0.5 0.866025388240814 -8.65859842693803E-17 -0.70710676908493 0.70710676908493 -1.06045739051935E-16 -0.866025388240814 0.5 -1.06045739051935E-16 -0.866025388240814 0.5 -1.18278648433186E-16 -0.965925812721252 0.258819043636322 -1.18278648433186E-16 -0.965925812721252 0.258819043636322 0 -1 0 0 -1 0 -3.16926674725282E-17 -0.258819043636322 0.965925812721252 -3.46875658201309E-32 -2.832769343194E-16 1 -3.16926674725282E-17 -0.258819043636322 0.965925812721252 -3.46875658201309E-32 -2.832769343194E-16 1 3.16926674725282E-17 0.258819043636322 0.965925812721252 3.16926674725282E-17 0.258819043636322 0.965925812721252 6.12255332784559E-17 0.5 0.866025388240814 6.12255332784559E-17 0.5 0.866025388240814 8.65859842693803E-17 0.70710676908493 0.70710676908493 8.65859842693803E-17 0.70710676908493 0.70710676908493 1.06045739051935E-16 0.866025388240814 0.5 1.06045739051935E-16 0.866025388240814 0.5 1.18278648433186E-16 0.965925812721252 0.258819043636322 1.18278648433186E-16 0.965925812721252 0.258819043636322 0 1 1.22464685258517E-16 -1.18278648433186E-16 -0.965925812721252 -0.258819043636322 -1.18278648433186E-16 -0.965925812721252 -0.258819043636322 -1.06045739051935E-16 -0.866025388240814 -0.5 -1.06045739051935E-16 -0.866025388240814 -0.5 -8.65859842693803E-17 -0.70710676908493 -0.70710676908493 -8.65859842693803E-17 -0.70710676908493 -0.70710676908493 -6.12255332784559E-17 -0.5 -0.866025388240814 -6.12255332784559E-17 -0.5 -0.866025388240814 -3.16926674725282E-17 -0.258819043636322 -0.965925812721252 -3.16926674725282E-17 -0.258819043636322 -0.965925812721252 1.31252290279199E-31 1.07187540788323E-15 -1 1.31252290279199E-31 1.07187540788323E-15 -1 3.16926674725282E-17 0.258819043636322 -0.965925812721252 3.16926674725282E-17 0.258819043636322 -0.965925812721252 -6.12255332784559E-17 -0.5 0.866025388240814 1.22451066556912E-16 1 5.665538686388E-16 1.18278648433186E-16 0.965925812721252 -0.258819043636322 1.18278648433186E-16 0.965925812721252 -0.258819043636322 1.06045739051935E-16 0.866025388240814 -0.5 1.06045739051935E-16 0.866025388240814 -0.5 8.65859842693803E-17 0.70710676908493 -0.70710676908493 8.65859842693803E-17 0.70710676908493 -0.70710676908493 6.12255332784559E-17 0.5 -0.866025388240814 6.12255332784559E-17 0.5 -0.866025388240814 0.70710676908493 0.183012709021568 0.683012723922729 0.70710676908493 7.04232655293433E-17 0.70710676908493 0.70710676908493 0.183012709021568 0.683012723922729 0.70710676908493 7.04232655293433E-17 0.70710676908493 0.70710676908493 -0.183012709021568 0.683012723922729 0.70710676908493 -0.183012709021568 0.683012723922729 0.70710676908493 -0.353553384542465 0.61237245798111 0.70710676908493 -0.353553384542465 0.61237245798111 0.70710676908493 -0.5 0.5 0.70710676908493 -0.5 0.5 0.70710676908493 -0.61237245798111 0.353553384542465 0.70710676908493 -0.61237245798111 0.353553384542465 0.70710676908493 -0.683012723922729 0.183012709021568 0.70710676908493 -0.683012723922729 0.183012709021568 0.70710676908493 -0.70710676908493 3.33644636797134E-16 0.70710676908493 -0.70710676908493 3.33644636797134E-16 0.70710676908493 -0.683012723922729 -0.183012709021568 0.70710676908493 -0.683012723922729 -0.183012709021568 0.70710676908493 -0.61237245798111 -0.353553384542465 0.70710676908493 -0.61237245798111 -0.353553384542465 0.70710676908493 -0.5 -0.5 0.70710676908493 -0.5 -0.5 0.70710676908493 -0.353553384542465 -0.61237245798111 0.70710676908493 -0.353553384542465 -0.61237245798111 0.70710676908493 -0.183012709021568 -0.683012723922729 0.70710676908493 -0.183012709021568 -0.683012723922729 0.70710676908493 -5.57613700578327E-16 -0.70710676908493 0.70710676908493 -5.57613700578327E-16 -0.70710676908493 0.70710676908493 0.183012709021568 -0.683012723922729 0.70710676908493 0.183012709021568 -0.683012723922729 0.70710676908493 0.353553384542465 -0.61237245798111 0.70710676908493 0.353553384542465 -0.61237245798111 0.70710676908493 0.5 -0.5 0.70710676908493 0.5 -0.5 0.70710676908493 0.61237245798111 -0.353553384542465 0.70710676908493 0.61237245798111 -0.353553384542465 0.70710676908493 0.683012723922729 -0.183012709021568 0.70710676908493 0.683012723922729 -0.183012709021568 0.70710676908493 0.70710676908493 0 0.70710676908493 0.70710676908493 0 0.70710676908493 0.683012723922729 0.183012709021568 0.70710676908493 0.683012723922729 0.183012709021568 0.70710676908493 0.61237245798111 0.353553384542465 0.70710676908493 0.61237245798111 0.353553384542465 0.70710676908493 0.5 0.5 0.70710676908493 0.5 0.5 0.70710676908493 0.353553384542465 0.61237245798111 0.70710676908493 0.353553384542465 0.61237245798111 0.70710676908493 0.61237245798111 -0.353553384542465 0.70710676908493 0.683012723922729 -0.183012709021568 0.70710676908493 0.61237245798111 -0.353553384542465 0.70710676908493 0.5 -0.5 0.70710676908493 0.5 -0.5 0.70710676908493 0.353553384542465 -0.61237245798111 0.70710676908493 0.353553384542465 -0.61237245798111 0.70710676908493 0.183012709021568 -0.683012723922729 0.70710676908493 0.183012709021568 -0.683012723922729 0.70710676908493 -5.57613700578327E-16 -0.70710676908493 0.70710676908493 -5.57613700578327E-16 -0.70710676908493 0.70710676908493 -0.183012709021568 -0.683012723922729 0.70710676908493 -0.183012709021568 -0.683012723922729 0.70710676908493 -0.353553384542465 -0.61237245798111 0.70710676908493 -0.353553384542465 -0.61237245798111 0.70710676908493 -0.5 -0.5 0.70710676908493 -0.5 -0.5 0.70710676908493 -0.61237245798111 -0.353553384542465 0.70710676908493 -0.61237245798111 -0.353553384542465 0.70710676908493 -0.683012723922729 -0.183012709021568 0.70710676908493 -0.683012723922729 -0.183012709021568 0.70710676908493 0.683012723922729 0.183012709021568 0.70710676908493 0.70710676908493 0 0.70710676908493 0.683012723922729 0.183012709021568 0.70710676908493 -0.70710676908493 3.33644636797134E-16 0.70710676908493 -0.70710676908493 3.33644636797134E-16 0.70710676908493 -0.683012723922729 0.183012709021568 0.70710676908493 -0.683012723922729 0.183012709021568 0.70710676908493 0.70710676908493 0 0.70710676908493 0.683012723922729 -0.183012709021568 0.70710676908493 -0.61237245798111 0.353553384542465 0.70710676908493 -0.61237245798111 0.353553384542465 0.70710676908493 0.353553384542465 0.61237245798111 0.70710676908493 0.183012709021568 0.683012723922729 0.70710676908493 0.353553384542465 0.61237245798111 0.70710676908493 0.5 0.5 0.70710676908493 0.5 0.5 0.70710676908493 0.61237245798111 0.353553384542465 0.70710676908493 0.61237245798111 0.353553384542465 0.70710676908493 -0.5 0.5 0.70710676908493 -0.5 0.5 0.70710676908493 -0.353553384542465 0.61237245798111 0.70710676908493 -0.353553384542465 0.61237245798111 0.70710676908493 -0.183012709021568 0.683012723922729 0.70710676908493 -0.183012709021568 0.683012723922729 0.70710676908493 7.04232655293433E-17 0.70710676908493 0.70710676908493 7.04232655293433E-17 0.70710676908493 0.70710676908493 0.183012709021568 0.683012723922729 0.70710676908493 -0.683012723922729 -0.183012709021568 0.70710676908493 -0.70710676908493 3.33644636797134E-16 0.70710676908493 -0.683012723922729 -0.183012709021568 0.70710676908493 -0.683012723922729 0.183012709021568 0.70710676908493 -0.61237245798111 0.353553384542465 0.70710676908493 -0.683012723922729 0.183012709021568 0.70710676908493 -0.61237245798111 0.353553384542465 0.70710676908493 -0.5 0.5 0.70710676908493 -0.5 0.5 0.70710676908493 -0.353553384542465 0.61237245798111 0.70710676908493 -0.353553384542465 0.61237245798111 0.70710676908493 -0.183012709021568 0.683012723922729 0.70710676908493 -0.183012709021568 0.683012723922729 0.70710676908493 7.04232655293433E-17 0.70710676908493 0.70710676908493 0.70710676908493 0 0.70710676908493 0.683012723922729 0.183012709021568 0.70710676908493 0.70710676908493 0 0.70710676908493 0.683012723922729 0.183012709021568 0.70710676908493 0.61237245798111 0.353553384542465 0.70710676908493 0.61237245798111 0.353553384542465 0.70710676908493 0.5 0.5 0.70710676908493 0.5 0.5 0.70710676908493 0.353553384542465 0.61237245798111 0.70710676908493 0.353553384542465 0.61237245798111 0.70710676908493 0.183012709021568 0.683012723922729 0.70710676908493 7.04232655293433E-17 0.70710676908493 0.70710676908493 0.183012709021568 0.683012723922729 0.70710676908493 -0.61237245798111 -0.353553384542465 0.70710676908493 -0.61237245798111 -0.353553384542465 0.70710676908493 -0.5 -0.5 0.70710676908493 -0.5 -0.5 0.70710676908493 -0.353553384542465 -0.61237245798111 0.70710676908493 -0.353553384542465 -0.61237245798111 0.70710676908493 -0.183012709021568 -0.683012723922729 0.70710676908493 -0.183012709021568 -0.683012723922729 0.70710676908493 -5.57613700578327E-16 -0.70710676908493 0.70710676908493 -5.57613700578327E-16 -0.70710676908493 0.70710676908493 0.183012709021568 -0.683012723922729 0.70710676908493 0.183012709021568 -0.683012723922729 0.70710676908493 0.353553384542465 -0.61237245798111 0.70710676908493 0.353553384542465 -0.61237245798111 0.70710676908493 0.5 -0.5 0.70710676908493 0.5 -0.5 0.70710676908493 0.61237245798111 -0.353553384542465 0.70710676908493 0.61237245798111 -0.353553384542465 0.70710676908493 0.683012723922729 -0.183012709021568 0.70710676908493 0.683012723922729 -0.183012709021568 0.70710676908493 -0.70710676908493 3.33644636797134E-16 -1 1.71310243060255E-16 0 -1 1.71310243060255E-16 0 -1 1.71310243060255E-16 0 -1 1.71310243060255E-16 0 -1 1.71310243060255E-16 0 -1 1.71310243060255E-16 0 -1 1.71310243060255E-16 0 -1 1.71310243060255E-16 0 -1 1.71310243060255E-16 0 -1 1.71310243060255E-16 0 -1 1.71310243060255E-16 0 -1 1.71310243060255E-16 0 -1 1.71310243060255E-16 0 -1 1.71310243060255E-16 0 -1 1.71310243060255E-16 0 -1 1.71310243060255E-16 0 -1 1.71310243060255E-16 0 -1 1.71310243060255E-16 0 -1 1.71310243060255E-16 0 -1 1.71310243060255E-16 0 -1 1.71310243060255E-16 0 -1 1.71310243060255E-16 0 -1 1.71310243060255E-16 0 -1 1.71310243060255E-16 0 -1 1.71310243060255E-16 0 -1 1.71310243060255E-16 0 -1 1.71310243060255E-16 0 -1 1.71310243060255E-16 0 -1 1.71310243060255E-16 0 -1 1.71310243060255E-16 0 -1 1.71310243060255E-16 0 -1 1.71310243060255E-16 0 -1 1.71310243060255E-16 0 -1 1.71310243060255E-16 0 -1 1.71310243060255E-16 0 -1 1.71310243060255E-16 0 -1 1.71310243060255E-16 0 -1 1.71310243060255E-16 0 -1 1.71310243060255E-16 0 -1 1.71310243060255E-16 0 -1 1.71310243060255E-16 0 -1 1.71310243060255E-16 0 -1 1.71310243060255E-16 0 -1 1.71310243060255E-16 0 -1 1.71310243060255E-16 0 -1 1.71310243060255E-16 0 -1 1.71310243060255E-16 0 -1 1.71310243060255E-16 0 -1 1.71310243060255E-16 0 -1 1.71310243060255E-16 0 -1 1.71310243060255E-16 0 -1 1.71310243060255E-16 0 -1 1.71310243060255E-16 0 -1 1.71310243060255E-16 0 -1 1.71310243060255E-16 0 -1 1.71310243060255E-16 0 -1 1.71310243060255E-16 0 -1 1.71310243060255E-16 0 -1 1.71310243060255E-16 0 -1 1.71310243060255E-16 0 -1 1.71310243060255E-16 0 -1 1.71310243060255E-16 0 -1 1.71310243060255E-16 0 -1 1.71310243060255E-16 0 -1 1.71310243060255E-16 0 -1 1.71310243060255E-16 0 -1 1.71310243060255E-16 0 -1 1.71310243060255E-16 0 -1 1.71310243060255E-16 0 -1 1.71310243060255E-16 0 -1 1.71310243060255E-16 0 -1 1.71310243060255E-16 0 -1 1.71310243060255E-16 0 -1 1.71310243060255E-16 0 -1 1.71310243060255E-16 0 -1 1.71310243060255E-16 0 -1 1.71310243060255E-16 0 -1 1.71310243060255E-16 0 -1 1.71310243060255E-16 0 -1 1.71310243060255E-16 0 -1 1.71310243060255E-16 0 -1 1.71310243060255E-16 0 -1 1.71310243060255E-16 0 -1 1.71310243060255E-16 0 -1 1.71310243060255E-16 0 -1 1.71310243060255E-16 0 -1 1.71310243060255E-16 0 -1 1.71310243060255E-16 0 -1 1.71310243060255E-16 0 -1 1.71310243060255E-16 0 -1 1.71310243060255E-16 0 -1 1.71310243060255E-16 0 -1 1.71310243060255E-16 0 -1 1.71310243060255E-16 0 -1 1.71310243060255E-16 0 -1 1.71310243060255E-16 0 -1 1.71310243060255E-16 0 -1 1.71310243060255E-16 0 -1 1.71310243060255E-16 0 -1 1.71310243060255E-16 0 -1 1.71310243060255E-16 0 -1 1.71310243060255E-16 0 -1 1.71310243060255E-16 0 -1 1.71310243060255E-16 0 -1 1.71310243060255E-16 0 -1 1.71310243060255E-16 0 -1 1.71310243060255E-16 0 -1 1.71310243060255E-16 0 -1 1.71310243060255E-16 0 -1 1.71310243060255E-16 0 -1 1.71310243060255E-16 0 -1 1.71310243060255E-16 0 -1 1.71310243060255E-16 0 -1 1.71310243060255E-16 0 -1 1.71310243060255E-16 0 -1 1.71310243060255E-16 0 -1 1.71310243060255E-16 0 -1 1.71310243060255E-16 0 -1 1.71310243060255E-16 0 -1 1.71310243060255E-16 0 -1 1.71310243060255E-16 0 -1 1.71310243060255E-16 0 -1 1.71310243060255E-16 0 -1 1.71310243060255E-16 0 -1 1.71310243060255E-16 0 -1 1.71310243060255E-16 0 -1 1.71310243060255E-16 0 -1 1.71310243060255E-16 0 -1 1.71310243060255E-16 0 -1 1.71310243060255E-16 0 -1 1.71310243060255E-16 0 -1 1.71310243060255E-16 0 -1 1.71310243060255E-16 0 -1 1.71310243060255E-16 0 -1 1.71310243060255E-16 0 -1 1.71310243060255E-16 0 -1 1.71310243060255E-16 0 -1 1.71310243060255E-16 0 -1 1.71310243060255E-16 0 -1 1.71310243060255E-16 0 -1 1.71310243060255E-16 0 -1 1.71310243060255E-16 0 -1 1.71310243060255E-16 0 -1 1.71310243060255E-16 0 -0.70710676908493 -0.183012709021568 -0.683012723922729 -0.70710676908493 -3.58746080994655E-17 -0.70710676908493 -0.70710676908493 -3.58746080994655E-17 -0.70710676908493 -0.70710676908493 -0.5 -0.5 -0.70710676908493 -0.353553384542465 -0.61237245798111 -0.70710676908493 -0.353553384542465 -0.61237245798111 -0.70710676908493 -0.61237245798111 -0.353553384542465 -0.70710676908493 -0.5 -0.5 -0.70710676908493 -0.683012723922729 -0.183012709021568 -0.70710676908493 -0.61237245798111 -0.353553384542465 -0.70710676908493 -0.70710676908493 0 -0.70710676908493 -0.683012723922729 -0.183012709021568 -0.70710676908493 0.183012709021568 -0.683012723922729 -0.70710676908493 0.183012709021568 -0.683012723922729 -0.70710676908493 0.353553384542465 -0.61237245798111 -0.70710676908493 0.353553384542465 -0.61237245798111 -0.70710676908493 0.5 -0.5 -0.70710676908493 0.5 -0.5 -0.70710676908493 0.61237245798111 -0.353553384542465 -0.70710676908493 0.61237245798111 -0.353553384542465 -0.70710676908493 0.683012723922729 -0.183012709021568 -0.70710676908493 0.683012723922729 -0.183012709021568 -0.70710676908493 0.70710676908493 -4.00614105631713E-16 -0.70710676908493 0.70710676908493 -4.00614105631713E-16 -0.70710676908493 0.683012723922729 0.183012709021568 -0.70710676908493 0.683012723922729 0.183012709021568 -0.70710676908493 0.61237245798111 0.353553384542465 -0.70710676908493 0.61237245798111 0.353553384542465 -0.70710676908493 0.5 0.5 -0.70710676908493 0.5 0.5 -0.70710676908493 0.353553384542465 0.61237245798111 -0.70710676908493 0.353553384542465 0.61237245798111 -0.70710676908493 0.183012709021568 0.683012723922729 -0.70710676908493 0.183012709021568 0.683012723922729 -0.70710676908493 -0.70710676908493 0 -0.70710676908493 -0.183012709021568 -0.683012723922729 -0.70710676908493 5.92162374551817E-16 0.70710676908493 -0.70710676908493 -0.183012709021568 0.683012723922729 -0.70710676908493 5.92162374551817E-16 0.70710676908493 -0.70710676908493 -0.353553384542465 0.61237245798111 -0.70710676908493 -0.183012709021568 0.683012723922729 -0.70710676908493 -0.5 0.5 -0.70710676908493 -0.353553384542465 0.61237245798111 -0.70710676908493 -0.61237245798111 0.353553384542465 -0.70710676908493 -0.5 0.5 -0.70710676908493 -0.683012723922729 0.183012709021568 -0.70710676908493 -0.61237245798111 0.353553384542465 -0.70710676908493 -0.683012723922729 0.183012709021568 -0.70710676908493 -0.183012709021568 0.683012723922729 -0.70710676908493 5.92162374551817E-16 0.70710676908493 -0.70710676908493 5.92162374551817E-16 0.70710676908493 -0.70710676908493 0.183012709021568 0.683012723922729 -0.70710676908493 0.353553384542465 0.61237245798111 -0.70710676908493 0.353553384542465 0.61237245798111 -0.70710676908493 0.5 0.5 -0.70710676908493 0.5 0.5 -0.70710676908493 0.683012723922729 -0.183012709021568 -0.70710676908493 0.70710676908493 -2.99215685636782E-16 -0.70710676908493 0.70710676908493 -2.99215685636782E-16 -0.70710676908493 0.61237245798111 -0.353553384542465 -0.70710676908493 0.683012723922729 -0.183012709021568 -0.70710676908493 0.5 -0.5 -0.70710676908493 0.61237245798111 -0.353553384542465 -0.70710676908493 0.353553384542465 -0.61237245798111 -0.70710676908493 0.5 -0.5 -0.70710676908493 0.183012709021568 -0.683012723922729 -0.70710676908493 0.353553384542465 -0.61237245798111 -0.70710676908493 -3.58746080994655E-17 -0.70710676908493 -0.70710676908493 0.183012709021568 -0.683012723922729 -0.70710676908493 -0.183012709021568 -0.683012723922729 -0.70710676908493 -3.58746080994655E-17 -0.70710676908493 -0.70710676908493 -0.353553384542465 -0.61237245798111 -0.70710676908493 -0.183012709021568 -0.683012723922729 -0.70710676908493 -0.5 -0.5 -0.70710676908493 -0.353553384542465 -0.61237245798111 -0.70710676908493 -0.61237245798111 -0.353553384542465 -0.70710676908493 -0.5 -0.5 -0.70710676908493 -0.683012723922729 -0.183012709021568 -0.70710676908493 -0.61237245798111 -0.353553384542465 -0.70710676908493 -0.70710676908493 0 -0.70710676908493 -0.683012723922729 -0.183012709021568 -0.70710676908493 0.61237245798111 0.353553384542465 -0.70710676908493 0.61237245798111 0.353553384542465 -0.70710676908493 0.683012723922729 0.183012709021568 -0.70710676908493 0.683012723922729 0.183012709021568 -0.70710676908493 0.183012709021568 0.683012723922729 -0.70710676908493 -0.183012709021568 0.683012723922729 -0.70710676908493 -0.353553384542465 0.61237245798111 -0.70710676908493 -0.353553384542465 0.61237245798111 -0.70710676908493 -0.5 0.5 -0.70710676908493 -0.5 0.5 -0.70710676908493 -0.61237245798111 0.353553384542465 -0.70710676908493 -0.61237245798111 0.353553384542465 -0.70710676908493 -0.683012723922729 0.183012709021568 -0.70710676908493 -0.683012723922729 0.183012709021568 -0.70710676908493 -0.70710676908493 0 -0.70710676908493 -0.183012709021568 0.683012723922729 -0.70710676908493 -0.353553384542465 0.61237245798111 -0.70710676908493 -0.353553384542465 0.61237245798111 -0.70710676908493 -0.5 0.5 -0.70710676908493 -0.5 0.5 -0.70710676908493 -0.61237245798111 0.353553384542465 -0.70710676908493 -0.61237245798111 0.353553384542465 -0.70710676908493 -0.683012723922729 0.183012709021568 -0.70710676908493 -0.683012723922729 0.183012709021568 -0.70710676908493 -0.70710676908493 0 -0.70710676908493 -0.70710676908493 0 -0.70710676908493 -0.183012709021568 0.683012723922729 -0.70710676908493 5.92162374551817E-16 0.70710676908493 -0.70710676908493 5.92162374551817E-16 0.70710676908493 -0.70710676908493 0.183012709021568 0.683012723922729 -0.70710676908493 0.183012709021568 0.683012723922729 -0.70710676908493 0.353553384542465 0.61237245798111 -0.70710676908493 0.353553384542465 0.61237245798111 -0.70710676908493 0.5 0.5 -0.70710676908493 0.5 0.5 -0.70710676908493 0.61237245798111 0.353553384542465 -0.70710676908493 0.61237245798111 0.353553384542465 -0.70710676908493 0.683012723922729 0.183012709021568 -0.70710676908493 0.683012723922729 0.183012709021568 -0.70710676908493 0.70710676908493 0 -0.70710676908493 0.70710676908493 0 -0.70710676908493 0.683012723922729 -0.183012709021568 -0.70710676908493 0.683012723922729 -0.183012709021568 -0.70710676908493 0.61237245798111 -0.353553384542465 -0.70710676908493 0.61237245798111 -0.353553384542465 -0.70710676908493 0.5 -0.5 -0.70710676908493 0.5 -0.5 -0.70710676908493 0.353553384542465 -0.61237245798111 -0.70710676908493 0.353553384542465 -0.61237245798111 -0.70710676908493 0.183012709021568 -0.683012723922729 -0.70710676908493 0.183012709021568 -0.683012723922729 -0.70710676908493 -3.58746080994655E-17 -0.70710676908493 -0.70710676908493 -3.58746080994655E-17 -0.70710676908493 -0.70710676908493 -0.183012709021568 -0.683012723922729 -0.70710676908493 -0.183012709021568 -0.683012723922729 -0.70710676908493 -0.353553384542465 -0.61237245798111 -0.70710676908493 -0.353553384542465 -0.61237245798111 -0.70710676908493 -0.5 -0.5 -0.70710676908493 -0.5 -0.5 -0.70710676908493 -0.61237245798111 -0.353553384542465 -0.70710676908493 -0.61237245798111 -0.353553384542465 -0.70710676908493 -0.683012723922729 -0.183012709021568 -0.70710676908493 -0.683012723922729 -0.183012709021568 -1.18278648433186E-16 -0.965925812721252 -0.258819043636322 0 -1 0 -1.18278648433186E-16 -0.965925812721252 -0.258819043636322 -1.06045739051935E-16 -0.866025388240814 -0.5 -1.06045739051935E-16 -0.866025388240814 -0.5 -8.65859842693803E-17 -0.70710676908493 -0.70710676908493 -8.65859842693803E-17 -0.70710676908493 -0.70710676908493 -6.12255332784559E-17 -0.5 -0.866025388240814 -6.12255332784559E-17 -0.5 -0.866025388240814 -3.16926674725282E-17 -0.258819043636322 -0.965925812721252 -3.16926674725282E-17 -0.258819043636322 -0.965925812721252 1.31252290279199E-31 1.07187540788323E-15 -1 1.31252290279199E-31 1.07187540788323E-15 -1 3.16926674725282E-17 0.258819043636322 -0.965925812721252 3.16926674725282E-17 0.258819043636322 -0.965925812721252 6.12255332784559E-17 0.5 -0.866025388240814 6.12255332784559E-17 0.5 -0.866025388240814 8.65859842693803E-17 0.70710676908493 -0.70710676908493 8.65859842693803E-17 0.70710676908493 -0.70710676908493 1.06045739051935E-16 0.866025388240814 -0.5 1.06045739051935E-16 0.866025388240814 -0.5 1.18278648433186E-16 0.965925812721252 -0.258819043636322 1.18278648433186E-16 0.965925812721252 -0.258819043636322 1.22451066556912E-16 1 5.665538686388E-16 0 1 0 1.18278648433186E-16 0.965925812721252 0.258819043636322 1.18278648433186E-16 0.965925812721252 0.258819043636322 1.06045739051935E-16 0.866025388240814 0.5 1.06045739051935E-16 0.866025388240814 0.5 8.65859842693803E-17 0.70710676908493 0.70710676908493 8.65859842693803E-17 0.70710676908493 0.70710676908493 6.12255332784559E-17 0.5 0.866025388240814 6.12255332784559E-17 0.5 0.866025388240814 3.16926674725282E-17 0.258819043636322 0.965925812721252 3.16926674725282E-17 0.258819043636322 0.965925812721252 -3.46875658201309E-32 -2.832769343194E-16 1 -3.46875658201309E-32 -2.832769343194E-16 1 -3.16926674725282E-17 -0.258819043636322 0.965925812721252 -3.16926674725282E-17 -0.258819043636322 0.965925812721252 -6.12255332784559E-17 -0.5 0.866025388240814 -6.12255332784559E-17 -0.5 0.866025388240814 -8.65859842693803E-17 -0.70710676908493 0.70710676908493 -8.65859842693803E-17 -0.70710676908493 0.70710676908493 -1.06045739051935E-16 -0.866025388240814 0.5 -1.06045739051935E-16 -0.866025388240814 0.5 -1.18278648433186E-16 -0.965925812721252 0.258819043636322 -1.18278648433186E-16 -0.965925812721252 0.258819043636322 0 -1 0 -1.18278648433186E-16 -0.965925812721252 0.258819043636322 0 -1 0 -1.18278648433186E-16 -0.965925812721252 0.258819043636322 -1.18278648433186E-16 -0.965925812721252 -0.258819043636322 -1.06045739051935E-16 -0.866025388240814 -0.5 -1.18278648433186E-16 -0.965925812721252 -0.258819043636322 -1.06045739051935E-16 -0.866025388240814 -0.5 -8.65859842693803E-17 -0.70710676908493 -0.70710676908493 -8.65859842693803E-17 -0.70710676908493 -0.70710676908493 -6.12255332784559E-17 -0.5 -0.866025388240814 -6.12255332784559E-17 -0.5 -0.866025388240814 -3.16926674725282E-17 -0.258819043636322 -0.965925812721252 -3.16926674725282E-17 -0.258819043636322 -0.965925812721252 1.31252290279199E-31 1.07187540788323E-15 -1 1.31252290279199E-31 1.07187540788323E-15 -1 3.16926674725282E-17 0.258819043636322 -0.965925812721252 3.16926674725282E-17 0.258819043636322 -0.965925812721252 6.12255332784559E-17 0.5 -0.866025388240814 6.12255332784559E-17 0.5 -0.866025388240814 8.65859842693803E-17 0.70710676908493 -0.70710676908493 8.65859842693803E-17 0.70710676908493 -0.70710676908493 1.06045739051935E-16 0.866025388240814 -0.5 1.06045739051935E-16 0.866025388240814 -0.5 1.18278648433186E-16 0.965925812721252 -0.258819043636322 1.18278648433186E-16 0.965925812721252 -0.258819043636322 1.22451066556912E-16 1 1.01064307848886E-15 0 1 0 1.18278648433186E-16 0.965925812721252 0.258819043636322 1.18278648433186E-16 0.965925812721252 0.258819043636322 1.06045739051935E-16 0.866025388240814 0.5 1.06045739051935E-16 0.866025388240814 0.5 8.65859842693803E-17 0.70710676908493 0.70710676908493 8.65859842693803E-17 0.70710676908493 0.70710676908493 6.12255332784559E-17 0.5 0.866025388240814 6.12255332784559E-17 0.5 0.866025388240814 3.16926674725282E-17 0.258819043636322 0.965925812721252 3.16926674725282E-17 0.258819043636322 0.965925812721252 -3.46875658201309E-32 -2.832769343194E-16 1 -3.46875658201309E-32 -2.832769343194E-16 1 -3.16926674725282E-17 -0.258819043636322 0.965925812721252 -3.16926674725282E-17 -0.258819043636322 0.965925812721252 -6.12255332784559E-17 -0.5 0.866025388240814 -6.12255332784559E-17 -0.5 0.866025388240814 -8.65859842693803E-17 -0.70710676908493 0.70710676908493 -8.65859842693803E-17 -0.70710676908493 0.70710676908493 -1.06045739051935E-16 -0.866025388240814 0.5 -1.06045739051935E-16 -0.866025388240814 0.5 0 -1 0 0 -1 0 -1.18278648433186E-16 -0.965925812721252 -0.258819043636322 0 -1 0 -1.18278648433186E-16 -0.965925812721252 -0.258819043636322 -1.06045739051935E-16 -0.866025388240814 -0.5 -1.06045739051935E-16 -0.866025388240814 -0.5 -8.65859842693803E-17 -0.70710676908493 -0.70710676908493 -8.65859842693803E-17 -0.70710676908493 -0.70710676908493 -6.12255332784559E-17 -0.5 -0.866025388240814 -6.12255332784559E-17 -0.5 -0.866025388240814 -3.16926674725282E-17 -0.258819043636322 -0.965925812721252 -3.16926674725282E-17 -0.258819043636322 -0.965925812721252 1.31252290279199E-31 1.07187540788323E-15 -1 1.31252290279199E-31 1.07187540788323E-15 -1 3.16926674725282E-17 0.258819043636322 -0.965925812721252 3.16926674725282E-17 0.258819043636322 -0.965925812721252 6.12255332784559E-17 0.5 -0.866025388240814 6.12255332784559E-17 0.5 -0.866025388240814 8.65859842693803E-17 0.70710676908493 -0.70710676908493 8.65859842693803E-17 0.70710676908493 -0.70710676908493 1.06045739051935E-16 0.866025388240814 -0.5 1.06045739051935E-16 0.866025388240814 -0.5 1.18278648433186E-16 0.965925812721252 -0.258819043636322 1.18278648433186E-16 0.965925812721252 -0.258819043636322 1.22451066556912E-16 1 1.22464685258517E-16 0 1 0 1.18278648433186E-16 0.965925812721252 0.258819043636322 1.18278648433186E-16 0.965925812721252 0.258819043636322 1.06045739051935E-16 0.866025388240814 0.5 1.06045739051935E-16 0.866025388240814 0.5 8.65859842693803E-17 0.70710676908493 0.70710676908493 8.65859842693803E-17 0.70710676908493 0.70710676908493 6.12255332784559E-17 0.5 0.866025388240814 6.12255332784559E-17 0.5 0.866025388240814 3.16926674725282E-17 0.258819043636322 0.965925812721252 3.16926674725282E-17 0.258819043636322 0.965925812721252 -3.46875658201309E-32 -2.832769343194E-16 1 -3.46875658201309E-32 -2.832769343194E-16 1 -3.16926674725282E-17 -0.258819043636322 0.965925812721252 -3.16926674725282E-17 -0.258819043636322 0.965925812721252 -6.12255332784559E-17 -0.5 0.866025388240814 -6.12255332784559E-17 -0.5 0.866025388240814 -8.65859842693803E-17 -0.70710676908493 0.70710676908493 -8.65859842693803E-17 -0.70710676908493 0.70710676908493 -1.06045739051935E-16 -0.866025388240814 0.5 -1.06045739051935E-16 -0.866025388240814 0.5 -1.18278648433186E-16 -0.965925812721252 0.258819043636322 -1.18278648433186E-16 -0.965925812721252 0.258819043636322 0.70710676908493 -0.353553384542465 -0.61237245798111 0.70710676908493 -0.5 -0.5 0.70710676908493 -0.353553384542465 -0.61237245798111 0.70710676908493 -5.57613700578327E-16 -0.70710676908493 0.70710676908493 -0.183012709021568 -0.683012723922729 0.70710676908493 -5.57613700578327E-16 -0.70710676908493 0.70710676908493 0.183012709021568 -0.683012723922729 0.70710676908493 0.183012709021568 -0.683012723922729 0.70710676908493 0.353553384542465 -0.61237245798111 0.70710676908493 0.353553384542465 -0.61237245798111 0.70710676908493 0.5 -0.5 0.70710676908493 0.5 -0.5 0.70710676908493 0.61237245798111 -0.353553384542465 0.70710676908493 0.61237245798111 -0.353553384542465 0.70710676908493 0.683012723922729 -0.183012709021568 0.70710676908493 0.683012723922729 -0.183012709021568 0.70710676908493 0.70710676908493 0 0.70710676908493 0.70710676908493 0 0.70710676908493 -0.183012709021568 -0.683012723922729 0.70710676908493 -0.5 -0.5 0.70710676908493 -0.61237245798111 -0.353553384542465 0.70710676908493 -0.61237245798111 -0.353553384542465 0.70710676908493 -0.683012723922729 -0.183012709021568 0.70710676908493 -0.683012723922729 -0.183012709021568 0.70710676908493 -0.70710676908493 3.33644636797134E-16 0.70710676908493 -0.70710676908493 3.33644636797134E-16 0.70710676908493 -0.683012723922729 0.183012709021568 0.70710676908493 -0.683012723922729 0.183012709021568 0.70710676908493 -0.61237245798111 0.353553384542465 0.70710676908493 -0.61237245798111 0.353553384542465 0.70710676908493 -0.5 0.5 0.70710676908493 -0.5 0.5 0.70710676908493 -0.353553384542465 0.61237245798111 0.70710676908493 -0.353553384542465 0.61237245798111 0.70710676908493 -0.183012709021568 0.683012723922729 0.70710676908493 -0.183012709021568 0.683012723922729 0.70710676908493 7.04232655293433E-17 0.70710676908493 0.70710676908493 7.04232655293433E-17 0.70710676908493 0.70710676908493 0.183012709021568 0.683012723922729 0.70710676908493 0.183012709021568 0.683012723922729 0.70710676908493 0.353553384542465 0.61237245798111 0.70710676908493 0.353553384542465 0.61237245798111 0.70710676908493 0.5 0.5 0.70710676908493 0.5 0.5 0.70710676908493 0.61237245798111 0.353553384542465 0.70710676908493 0.61237245798111 0.353553384542465 0.70710676908493 0.683012723922729 0.183012709021568 0.70710676908493 0.683012723922729 0.183012709021568 0.70710676908493 -0.353553384542465 -0.61237245798111 0.70710676908493 -0.5 -0.5 0.70710676908493 -0.353553384542465 -0.61237245798111 0.70710676908493 -0.5 -0.5 0.70710676908493 -0.61237245798111 -0.353553384542465 0.70710676908493 -0.61237245798111 -0.353553384542465 0.70710676908493 -0.683012723922729 -0.183012709021568 0.70710676908493 -0.683012723922729 -0.183012709021568 0.70710676908493 -0.70710676908493 3.33644636797134E-16 0.70710676908493 -0.70710676908493 3.33644636797134E-16 0.70710676908493 -0.683012723922729 0.183012709021568 0.70710676908493 -0.683012723922729 0.183012709021568 0.70710676908493 -0.61237245798111 0.353553384542465 0.70710676908493 -0.61237245798111 0.353553384542465 0.70710676908493 -0.5 0.5 0.70710676908493 -0.5 0.5 0.70710676908493 -0.353553384542465 0.61237245798111 0.70710676908493 -0.353553384542465 0.61237245798111 0.70710676908493 -0.183012709021568 0.683012723922729 0.70710676908493 -0.183012709021568 0.683012723922729 0.70710676908493 7.04232655293433E-17 0.70710676908493 0.70710676908493 7.04232655293433E-17 0.70710676908493 0.70710676908493 0.183012709021568 0.683012723922729 0.70710676908493 0.183012709021568 0.683012723922729 0.70710676908493 0.353553384542465 0.61237245798111 0.70710676908493 0.353553384542465 0.61237245798111 0.70710676908493 0.5 0.5 0.70710676908493 0.5 0.5 0.70710676908493 0.61237245798111 0.353553384542465 0.70710676908493 0.61237245798111 0.353553384542465 0.70710676908493 0.683012723922729 0.183012709021568 0.70710676908493 0.683012723922729 0.183012709021568 0.70710676908493 0.70710676908493 0 0.70710676908493 0.70710676908493 0 0.70710676908493 -0.183012709021568 -0.683012723922729 0.70710676908493 -0.183012709021568 -0.683012723922729 0.70710676908493 -5.57613700578327E-16 -0.70710676908493 0.70710676908493 -5.57613700578327E-16 -0.70710676908493 0.70710676908493 0.183012709021568 -0.683012723922729 0.70710676908493 0.183012709021568 -0.683012723922729 0.70710676908493 0.353553384542465 -0.61237245798111 0.70710676908493 0.353553384542465 -0.61237245798111 0.70710676908493 0.5 -0.5 0.70710676908493 0.5 -0.5 0.70710676908493 0.61237245798111 -0.353553384542465 0.70710676908493 0.61237245798111 -0.353553384542465 0.70710676908493 0.683012723922729 -0.183012709021568 0.70710676908493 0.683012723922729 -0.183012709021568 0.70710676908493 0.683012723922729 0.183012709021568 0.70710676908493 0.70710676908493 0 0.70710676908493 0.683012723922729 0.183012709021568 0.70710676908493 0.61237245798111 0.353553384542465 0.70710676908493 0.61237245798111 0.353553384542465 0.70710676908493 0.5 0.5 0.70710676908493 0.5 0.5 0.70710676908493 0.353553384542465 0.61237245798111 0.70710676908493 0.353553384542465 0.61237245798111 0.70710676908493 0.183012709021568 0.683012723922729 0.70710676908493 0.183012709021568 0.683012723922729 0.70710676908493 7.04232655293433E-17 0.70710676908493 0.70710676908493 7.04232655293433E-17 0.70710676908493 0.70710676908493 -0.183012709021568 0.683012723922729 0.70710676908493 -0.183012709021568 0.683012723922729 0.70710676908493 -0.353553384542465 0.61237245798111 0.70710676908493 -0.353553384542465 0.61237245798111 0.70710676908493 -0.5 0.5 0.70710676908493 -0.5 0.5 0.70710676908493 -0.61237245798111 0.353553384542465 0.70710676908493 -0.61237245798111 0.353553384542465 0.70710676908493 -0.683012723922729 0.183012709021568 0.70710676908493 -0.683012723922729 0.183012709021568 0.70710676908493 -0.70710676908493 3.33644636797134E-16 0.70710676908493 -0.70710676908493 3.33644636797134E-16 0.70710676908493 -0.683012723922729 -0.183012709021568 0.70710676908493 -0.683012723922729 -0.183012709021568 0.70710676908493 -0.61237245798111 -0.353553384542465 0.70710676908493 -0.61237245798111 -0.353553384542465 0.70710676908493 -0.5 -0.5 0.70710676908493 -0.5 -0.5 0.70710676908493 0.70710676908493 0 0.70710676908493 -0.353553384542465 -0.61237245798111 0.70710676908493 -0.353553384542465 -0.61237245798111 0.70710676908493 -0.183012709021568 -0.683012723922729 0.70710676908493 -0.183012709021568 -0.683012723922729 0.70710676908493 -5.57613700578327E-16 -0.70710676908493 0.70710676908493 -5.57613700578327E-16 -0.70710676908493 0.70710676908493 0.183012709021568 -0.683012723922729 0.70710676908493 0.183012709021568 -0.683012723922729 0.70710676908493 0.353553384542465 -0.61237245798111 0.70710676908493 0.353553384542465 -0.61237245798111 0.70710676908493 0.5 -0.5 0.70710676908493 0.5 -0.5 0.70710676908493 0.61237245798111 -0.353553384542465 0.70710676908493 0.61237245798111 -0.353553384542465 0.70710676908493 0.683012723922729 -0.183012709021568 0.70710676908493 0.683012723922729 -0.183012709021568 -1 1.71310243060255E-16 0 -1 1.71310243060255E-16 0 -1 1.71310243060255E-16 0 -1 1.71310243060255E-16 0 -1 1.71310243060255E-16 0 -1 1.71310243060255E-16 0 -1 1.71310243060255E-16 0 -1 1.71310243060255E-16 0 -1 1.71310243060255E-16 0 -1 1.71310243060255E-16 0 -1 1.71310243060255E-16 0 -1 1.71310243060255E-16 0 -1 1.71310243060255E-16 0 -1 1.71310243060255E-16 0 -1 1.71310243060255E-16 0 -1 1.71310243060255E-16 0 -1 1.71310243060255E-16 0 -1 1.71310243060255E-16 0 -1 1.71310243060255E-16 0 -1 1.71310243060255E-16 0 -1 1.71310243060255E-16 0 -1 1.71310243060255E-16 0 -1 1.71310243060255E-16 0 -1 1.71310243060255E-16 0 -1 1.71310243060255E-16 0 -1 1.71310243060255E-16 0 -1 1.71310243060255E-16 0 -1 1.71310243060255E-16 0 -1 1.71310243060255E-16 0 -1 1.71310243060255E-16 0 -1 1.71310243060255E-16 0 -1 1.71310243060255E-16 0 -1 1.71310243060255E-16 0 -1 1.71310243060255E-16 0 -1 1.71310243060255E-16 0 -1 1.71310243060255E-16 0 -1 1.71310243060255E-16 0 -1 1.71310243060255E-16 0 -1 1.71310243060255E-16 0 -1 1.71310243060255E-16 0 -1 1.71310243060255E-16 0 -1 1.71310243060255E-16 0 -1 1.71310243060255E-16 0 -1 1.71310243060255E-16 0 -1 1.71310243060255E-16 0 -1 1.71310243060255E-16 0 -1 1.71310243060255E-16 0 -1 1.71310243060255E-16 0 -1 1.71310243060255E-16 0 -1 1.71310243060255E-16 0 -1 1.71310243060255E-16 0 -1 1.71310243060255E-16 0 -1 1.71310243060255E-16 0 -1 1.71310243060255E-16 0 -1 1.71310243060255E-16 0 -1 1.71310243060255E-16 0 -1 1.71310243060255E-16 0 -1 1.71310243060255E-16 0 -1 1.71310243060255E-16 0 -1 1.71310243060255E-16 0 -1 1.71310243060255E-16 0 -1 1.71310243060255E-16 0 -1 1.71310243060255E-16 0 -1 1.71310243060255E-16 0 -1 1.71310243060255E-16 0 -1 1.71310243060255E-16 0 -1 1.71310243060255E-16 0 -1 1.71310243060255E-16 0 -1 1.71310243060255E-16 0 -1 1.71310243060255E-16 0 -1 1.71310243060255E-16 0 -1 1.71310243060255E-16 0 -1 1.71310243060255E-16 0 -1 1.71310243060255E-16 0 -1 1.71310243060255E-16 0 -1 1.71310243060255E-16 0 -1 1.71310243060255E-16 0 -1 1.71310243060255E-16 0 -1 1.71310243060255E-16 0 -1 1.71310243060255E-16 0 -1 1.71310243060255E-16 0 -1 1.71310243060255E-16 0 -1 1.71310243060255E-16 0 -1 1.71310243060255E-16 0 -1 1.71310243060255E-16 0 -1 1.71310243060255E-16 0 -1 1.71310243060255E-16 0 -1 1.71310243060255E-16 0 -1 1.71310243060255E-16 0 -1 1.71310243060255E-16 0 -1 1.71310243060255E-16 0 -1 1.71310243060255E-16 0 -1 1.71310243060255E-16 0 -1 1.71310243060255E-16 0 -1 1.71310243060255E-16 0 -1 1.71310243060255E-16 0 -1 1.71310243060255E-16 0 -1 1.71310243060255E-16 0 -1 1.71310243060255E-16 0 -1 1.71310243060255E-16 0 -1 1.71310243060255E-16 0 -1 1.71310243060255E-16 0 -1 1.71310243060255E-16 0 -1 1.71310243060255E-16 0 -1 1.71310243060255E-16 0 -1 1.71310243060255E-16 0 -1 1.71310243060255E-16 0 -1 1.71310243060255E-16 0 -1 1.71310243060255E-16 0 -1 1.71310243060255E-16 0 -1 1.71310243060255E-16 0 -1 1.71310243060255E-16 0 -1 1.71310243060255E-16 0 -1 1.71310243060255E-16 0 -1 1.71310243060255E-16 0 -1 1.71310243060255E-16 0 -1 1.71310243060255E-16 0 -1 1.71310243060255E-16 0 -1 1.71310243060255E-16 0 -1 1.71310243060255E-16 0 -1 1.71310243060255E-16 0 -1 1.71310243060255E-16 0 -1 1.71310243060255E-16 0 -1 1.71310243060255E-16 0 -1 1.71310243060255E-16 0 -1 1.71310243060255E-16 0 -1 1.71310243060255E-16 0 -1 1.71310243060255E-16 0 -1 1.71310243060255E-16 0 -1 1.71310243060255E-16 0 -1 1.71310243060255E-16 0 -1 1.71310243060255E-16 0 -1 1.71310243060255E-16 0 -1 1.71310243060255E-16 0 -1 1.71310243060255E-16 0 -1 1.71310243060255E-16 0 -1 1.71310243060255E-16 0 -1 1.71310243060255E-16 0 -1 1.71310243060255E-16 0 -1 1.71310243060255E-16 0 -1 1.71310243060255E-16 0 -1 1.71310243060255E-16 0 -1 1.71310243060255E-16 0 -1 1.71310243060255E-16 0 -0.70710676908493 0.353553384542465 -0.61237245798111 -0.70710676908493 0.5 -0.5 -0.70710676908493 0.5 -0.5 -0.70710676908493 -0.61237245798111 -0.353553384542465 -0.70710676908493 -0.683012723922729 -0.183012709021568 -0.70710676908493 -0.683012723922729 -0.183012709021568 -0.70710676908493 -0.5 -0.5 -0.70710676908493 -0.61237245798111 -0.353553384542465 -0.70710676908493 -0.353553384542465 -0.61237245798111 -0.70710676908493 -0.5 -0.5 -0.70710676908493 -0.183012709021568 -0.683012723922729 -0.70710676908493 -0.353553384542465 -0.61237245798111 -0.70710676908493 -3.58746080994655E-17 -0.70710676908493 -0.70710676908493 -0.183012709021568 -0.683012723922729 -0.70710676908493 0.183012709021568 -0.683012723922729 -0.70710676908493 -3.58746080994655E-17 -0.70710676908493 -0.70710676908493 0.353553384542465 -0.61237245798111 -0.70710676908493 0.183012709021568 -0.683012723922729 -0.70710676908493 0.61237245798111 -0.353553384542465 -0.70710676908493 0.683012723922729 -0.183012709021568 -0.70710676908493 0.61237245798111 -0.353553384542465 -0.70710676908493 0.70710676908493 0 -0.70710676908493 0.683012723922729 -0.183012709021568 -0.70710676908493 0.683012723922729 0.183012709021568 -0.70710676908493 0.70710676908493 0 -0.70710676908493 0.61237245798111 0.353553384542465 -0.70710676908493 0.683012723922729 0.183012709021568 -0.70710676908493 0.5 0.5 -0.70710676908493 0.61237245798111 0.353553384542465 -0.70710676908493 0.353553384542465 0.61237245798111 -0.70710676908493 0.5 0.5 -0.70710676908493 -0.70710676908493 0 -0.70710676908493 0.183012709021568 0.683012723922729 -0.70710676908493 0.353553384542465 0.61237245798111 -0.70710676908493 0.183012709021568 0.683012723922729 -0.70710676908493 5.92162374551817E-16 0.70710676908493 -0.70710676908493 5.92162374551817E-16 0.70710676908493 -0.70710676908493 -0.70710676908493 0 -0.70710676908493 -0.183012709021568 0.683012723922729 -0.70710676908493 -0.353553384542465 0.61237245798111 -0.70710676908493 -0.183012709021568 0.683012723922729 -0.70710676908493 -0.5 0.5 -0.70710676908493 -0.353553384542465 0.61237245798111 -0.70710676908493 -0.61237245798111 0.353553384542465 -0.70710676908493 -0.5 0.5 -0.70710676908493 -0.61237245798111 0.353553384542465 -0.70710676908493 -0.683012723922729 0.183012709021568 -0.70710676908493 -0.683012723922729 0.183012709021568 -0.70710676908493 -3.58746080994655E-17 -0.70710676908493 -0.70710676908493 0.183012709021568 -0.683012723922729 -0.70710676908493 0.183012709021568 -0.683012723922729 -0.70710676908493 -0.183012709021568 -0.683012723922729 -0.70710676908493 -3.58746080994655E-17 -0.70710676908493 -0.70710676908493 -0.353553384542465 -0.61237245798111 -0.70710676908493 -0.183012709021568 -0.683012723922729 -0.70710676908493 -0.5 -0.5 -0.70710676908493 -0.353553384542465 -0.61237245798111 -0.70710676908493 -0.683012723922729 -0.183012709021568 -0.70710676908493 -0.61237245798111 -0.353553384542465 -0.70710676908493 -0.61237245798111 -0.353553384542465 -0.70710676908493 -0.70710676908493 0 -0.70710676908493 -0.683012723922729 -0.183012709021568 -0.70710676908493 0.353553384542465 0.61237245798111 -0.70710676908493 0.5 0.5 -0.70710676908493 0.5 0.5 -0.70710676908493 0.61237245798111 0.353553384542465 -0.70710676908493 0.61237245798111 0.353553384542465 -0.70710676908493 0.683012723922729 0.183012709021568 -0.70710676908493 0.683012723922729 0.183012709021568 -0.70710676908493 0.70710676908493 0 -0.70710676908493 0.70710676908493 0 -0.70710676908493 0.683012723922729 -0.183012709021568 -0.70710676908493 0.683012723922729 -0.183012709021568 -0.70710676908493 0.61237245798111 -0.353553384542465 -0.70710676908493 0.61237245798111 -0.353553384542465 -0.70710676908493 0.5 -0.5 -0.70710676908493 0.5 -0.5 -0.70710676908493 0.353553384542465 -0.61237245798111 -0.70710676908493 0.353553384542465 -0.61237245798111 -0.70710676908493 -0.5 -0.5 -0.70710676908493 -0.70710676908493 0 -0.70710676908493 0.353553384542465 0.61237245798111 -0.70710676908493 0.183012709021568 0.683012723922729 -0.70710676908493 0.183012709021568 0.683012723922729 -0.70710676908493 5.92162374551817E-16 0.70710676908493 -0.70710676908493 5.92162374551817E-16 0.70710676908493 -0.70710676908493 -0.183012709021568 0.683012723922729 -0.70710676908493 -0.183012709021568 0.683012723922729 -0.70710676908493 -0.353553384542465 0.61237245798111 -0.70710676908493 -0.353553384542465 0.61237245798111 -0.70710676908493 -0.5 0.5 -0.70710676908493 -0.5 0.5 -0.70710676908493 -0.61237245798111 0.353553384542465 -0.70710676908493 -0.61237245798111 0.353553384542465 -0.70710676908493 -0.683012723922729 0.183012709021568 -0.70710676908493 -0.683012723922729 0.183012709021568 -0.70710676908493 -0.70710676908493 0 -0.70710676908493 -0.683012723922729 -0.183012709021568 -0.70710676908493 -0.683012723922729 -0.183012709021568 -0.70710676908493 -0.61237245798111 -0.353553384542465 -0.70710676908493 -0.61237245798111 -0.353553384542465 -0.70710676908493 -0.5 -0.5 -0.70710676908493 -0.5 -0.5 -0.70710676908493 -0.353553384542465 -0.61237245798111 -0.70710676908493 -0.353553384542465 -0.61237245798111 -0.70710676908493 -0.183012709021568 -0.683012723922729 -0.70710676908493 -0.183012709021568 -0.683012723922729 -0.70710676908493 -3.58746080994655E-17 -0.70710676908493 -0.70710676908493 -3.58746080994655E-17 -0.70710676908493 -0.70710676908493 0.183012709021568 -0.683012723922729 -0.70710676908493 0.183012709021568 -0.683012723922729 -0.70710676908493 0.353553384542465 -0.61237245798111 -0.70710676908493 0.353553384542465 -0.61237245798111 -0.70710676908493 0.5 -0.5 -0.70710676908493 0.5 -0.5 -0.70710676908493 0.61237245798111 -0.353553384542465 -0.70710676908493 0.61237245798111 -0.353553384542465 -0.70710676908493 0.683012723922729 -0.183012709021568 -0.70710676908493 0.683012723922729 -0.183012709021568 -0.70710676908493 0.70710676908493 -2.99215685636782E-16 -0.70710676908493 0.70710676908493 -2.99215685636782E-16 -0.70710676908493 0.683012723922729 0.183012709021568 -0.70710676908493 0.683012723922729 0.183012709021568 -0.70710676908493 0.61237245798111 0.353553384542465 -0.70710676908493 0.61237245798111 0.353553384542465 -0.70710676908493 0.5 0.5 -0.70710676908493 0.5 0.5 -0.70710676908493 0.353553384542465 0.61237245798111 -0.70710676908493 0.353553384542465 0.61237245798111 -0.70710676908493 0.183012709021568 0.683012723922729 -0.70710676908493 0.183012709021568 0.683012723922729 -0.70710676908493 5.92162374551817E-16 0.70710676908493 -0.70710676908493 5.92162374551817E-16 0.70710676908493 -0.70710676908493 -0.183012709021568 0.683012723922729 -0.70710676908493 -0.183012709021568 0.683012723922729 -0.70710676908493 -0.353553384542465 0.61237245798111 -0.70710676908493 -0.353553384542465 0.61237245798111 -0.70710676908493 -0.5 0.5 -0.70710676908493 -0.5 0.5 -0.70710676908493 -0.61237245798111 0.353553384542465 -0.70710676908493 -0.61237245798111 0.353553384542465 -0.70710676908493 -0.683012723922729 0.183012709021568 -0.70710676908493 -0.683012723922729 0.183012709021568 -0.70710676908493 -0.70710676908493 0 -1.18278648433186E-16 -0.965925812721252 -0.258819043636322 0 -1 0 -1.18278648433186E-16 -0.965925812721252 -0.258819043636322 -1.06045739051935E-16 -0.866025388240814 -0.5 -1.06045739051935E-16 -0.866025388240814 -0.5 -8.65859842693803E-17 -0.70710676908493 -0.70710676908493 -8.65859842693803E-17 -0.70710676908493 -0.70710676908493 -6.12255332784559E-17 -0.5 -0.866025388240814 -6.12255332784559E-17 -0.5 -0.866025388240814 -3.16926674725282E-17 -0.258819043636322 -0.965925812721252 -3.16926674725282E-17 -0.258819043636322 -0.965925812721252 1.31252290279199E-31 1.07187540788323E-15 -1 1.31252290279199E-31 1.07187540788323E-15 -1 3.16926674725282E-17 0.258819043636322 -0.965925812721252 3.16926674725282E-17 0.258819043636322 -0.965925812721252 6.12255332784559E-17 0.5 -0.866025388240814 6.12255332784559E-17 0.5 -0.866025388240814 8.65859842693803E-17 0.70710676908493 -0.70710676908493 8.65859842693803E-17 0.70710676908493 -0.70710676908493 1.06045739051935E-16 0.866025388240814 -0.5 1.06045739051935E-16 0.866025388240814 -0.5 1.18278648433186E-16 0.965925812721252 -0.258819043636322 1.18278648433186E-16 0.965925812721252 -0.258819043636322 1.22451066556912E-16 1 1.22464685258517E-16 0 1 0 1.18278648433186E-16 0.965925812721252 0.258819043636322 1.18278648433186E-16 0.965925812721252 0.258819043636322 1.06045739051935E-16 0.866025388240814 0.5 1.06045739051935E-16 0.866025388240814 0.5 8.65859842693803E-17 0.70710676908493 0.70710676908493 8.65859842693803E-17 0.70710676908493 0.70710676908493 6.12255332784559E-17 0.5 0.866025388240814 6.12255332784559E-17 0.5 0.866025388240814 3.16926674725282E-17 0.258819043636322 0.965925812721252 3.16926674725282E-17 0.258819043636322 0.965925812721252 -3.46875658201309E-32 -2.832769343194E-16 1 -3.46875658201309E-32 -2.832769343194E-16 1 -3.16926674725282E-17 -0.258819043636322 0.965925812721252 -3.16926674725282E-17 -0.258819043636322 0.965925812721252 -6.12255332784559E-17 -0.5 0.866025388240814 -6.12255332784559E-17 -0.5 0.866025388240814 -8.65859842693803E-17 -0.70710676908493 0.70710676908493 -8.65859842693803E-17 -0.70710676908493 0.70710676908493 -1.06045739051935E-16 -0.866025388240814 0.5 -1.06045739051935E-16 -0.866025388240814 0.5 -1.18278648433186E-16 -0.965925812721252 0.258819043636322 -1.18278648433186E-16 -0.965925812721252 0.258819043636322 0 -1 0 -6.12255332784559E-17 -0.5 -0.866025388240814 -8.65859842693803E-17 -0.70710676908493 -0.70710676908493 -6.12255332784559E-17 -0.5 -0.866025388240814 -8.65859842693803E-17 -0.70710676908493 -0.70710676908493 -1.06045739051935E-16 -0.866025388240814 -0.5 -1.06045739051935E-16 -0.866025388240814 -0.5 -1.18278648433186E-16 -0.965925812721252 -0.258819043636322 -1.18278648433186E-16 -0.965925812721252 -0.258819043636322 0 -1 0 1.31252290279199E-31 1.07187540788323E-15 -1 -3.16926674725282E-17 -0.258819043636322 -0.965925812721252 1.31252290279199E-31 1.07187540788323E-15 -1 3.16926674725282E-17 0.258819043636322 -0.965925812721252 3.16926674725282E-17 0.258819043636322 -0.965925812721252 6.12255332784559E-17 0.5 -0.866025388240814 6.12255332784559E-17 0.5 -0.866025388240814 8.65859842693803E-17 0.70710676908493 -0.70710676908493 8.65859842693803E-17 0.70710676908493 -0.70710676908493 1.06045739051935E-16 0.866025388240814 -0.5 1.06045739051935E-16 0.866025388240814 -0.5 1.18278648433186E-16 0.965925812721252 -0.258819043636322 1.18278648433186E-16 0.965925812721252 -0.258819043636322 1.22451066556912E-16 1 1.22464685258517E-16 0 1 0 1.06045739051935E-16 0.866025388240814 0.5 1.18278648433186E-16 0.965925812721252 0.258819043636322 1.06045739051935E-16 0.866025388240814 0.5 8.65859842693803E-17 0.70710676908493 0.70710676908493 8.65859842693803E-17 0.70710676908493 0.70710676908493 6.12255332784559E-17 0.5 0.866025388240814 6.12255332784559E-17 0.5 0.866025388240814 3.16926674725282E-17 0.258819043636322 0.965925812721252 3.16926674725282E-17 0.258819043636322 0.965925812721252 -3.46875658201309E-32 -2.832769343194E-16 1 -3.46875658201309E-32 -2.832769343194E-16 1 -3.16926674725282E-17 -0.258819043636322 0.965925812721252 -3.16926674725282E-17 -0.258819043636322 0.965925812721252 -6.12255332784559E-17 -0.5 0.866025388240814 -6.12255332784559E-17 -0.5 0.866025388240814 -8.65859842693803E-17 -0.70710676908493 0.70710676908493 -8.65859842693803E-17 -0.70710676908493 0.70710676908493 -1.06045739051935E-16 -0.866025388240814 0.5 -1.06045739051935E-16 -0.866025388240814 0.5 -1.18278648433186E-16 -0.965925812721252 0.258819043636322 -1.18278648433186E-16 -0.965925812721252 0.258819043636322 0 -1 0 1.18278648433186E-16 0.965925812721252 0.258819043636322 -3.16926674725282E-17 -0.258819043636322 -0.965925812721252 -1.18278648433186E-16 -0.965925812721252 -0.258819043636322 -1.06045739051935E-16 -0.866025388240814 -0.5 -1.18278648433186E-16 -0.965925812721252 -0.258819043636322 -1.06045739051935E-16 -0.866025388240814 -0.5 -8.65859842693803E-17 -0.70710676908493 -0.70710676908493 -8.65859842693803E-17 -0.70710676908493 -0.70710676908493 -6.12255332784559E-17 -0.5 -0.866025388240814 -6.12255332784559E-17 -0.5 -0.866025388240814 -3.16926674725282E-17 -0.258819043636322 -0.965925812721252 -3.16926674725282E-17 -0.258819043636322 -0.965925812721252 1.31252290279199E-31 1.07187540788323E-15 -1 0 -1 0 1.31252290279199E-31 1.07187540788323E-15 -1 3.16926674725282E-17 0.258819043636322 -0.965925812721252 3.16926674725282E-17 0.258819043636322 -0.965925812721252 6.12255332784559E-17 0.5 -0.866025388240814 6.12255332784559E-17 0.5 -0.866025388240814 8.65859842693803E-17 0.70710676908493 -0.70710676908493 8.65859842693803E-17 0.70710676908493 -0.70710676908493 1.06045739051935E-16 0.866025388240814 -0.5 1.06045739051935E-16 0.866025388240814 -0.5 1.18278648433186E-16 0.965925812721252 -0.258819043636322 1.18278648433186E-16 0.965925812721252 -0.258819043636322 1.22451066556912E-16 1 1.22464685258517E-16 0 1 0 1.18278648433186E-16 0.965925812721252 0.258819043636322 1.18278648433186E-16 0.965925812721252 0.258819043636322 1.06045739051935E-16 0.866025388240814 0.5 1.06045739051935E-16 0.866025388240814 0.5 8.65859842693803E-17 0.70710676908493 0.70710676908493 8.65859842693803E-17 0.70710676908493 0.70710676908493 6.12255332784559E-17 0.5 0.866025388240814 6.12255332784559E-17 0.5 0.866025388240814 3.16926674725282E-17 0.258819043636322 0.965925812721252 3.16926674725282E-17 0.258819043636322 0.965925812721252 -3.46875658201309E-32 -2.832769343194E-16 1 -3.46875658201309E-32 -2.832769343194E-16 1 -3.16926674725282E-17 -0.258819043636322 0.965925812721252 -3.16926674725282E-17 -0.258819043636322 0.965925812721252 -6.12255332784559E-17 -0.5 0.866025388240814 -6.12255332784559E-17 -0.5 0.866025388240814 -8.65859842693803E-17 -0.70710676908493 0.70710676908493 -8.65859842693803E-17 -0.70710676908493 0.70710676908493 -1.06045739051935E-16 -0.866025388240814 0.5 -1.06045739051935E-16 -0.866025388240814 0.5 -1.18278648433186E-16 -0.965925812721252 0.258819043636322 -1.18278648433186E-16 -0.965925812721252 0.258819043636322 0 -1 0 0.70710676908493 0.70710676908493 0 0.70710676908493 0.683012723922729 0.183012709021568 0.70710676908493 0.70710676908493 0 0.70710676908493 0.683012723922729 0.183012709021568 0.70710676908493 0.61237245798111 0.353553384542465 0.70710676908493 0.61237245798111 0.353553384542465 0.70710676908493 0.5 0.5 0.70710676908493 0.5 0.5 0.70710676908493 0.353553384542465 0.61237245798111 0.70710676908493 0.353553384542465 0.61237245798111 0.70710676908493 0.183012709021568 0.683012723922729 0.70710676908493 0.183012709021568 0.683012723922729 0.70710676908493 7.04232655293433E-17 0.70710676908493 0.70710676908493 7.04232655293433E-17 0.70710676908493 0.70710676908493 -0.183012709021568 0.683012723922729 0.70710676908493 -0.183012709021568 0.683012723922729 0.70710676908493 -0.353553384542465 0.61237245798111 0.70710676908493 -0.353553384542465 0.61237245798111 0.70710676908493 -0.5 0.5 0.70710676908493 -0.5 0.5 0.70710676908493 -0.61237245798111 0.353553384542465 0.70710676908493 -0.61237245798111 0.353553384542465 0.70710676908493 -0.683012723922729 0.183012709021568 0.70710676908493 -0.683012723922729 0.183012709021568 0.70710676908493 -0.70710676908493 3.33644636797134E-16 0.70710676908493 -0.70710676908493 3.33644636797134E-16 0.70710676908493 -0.683012723922729 -0.183012709021568 0.70710676908493 -0.683012723922729 -0.183012709021568 0.70710676908493 -0.61237245798111 -0.353553384542465 0.70710676908493 -0.61237245798111 -0.353553384542465 0.70710676908493 -0.5 -0.5 0.70710676908493 -0.5 -0.5 0.70710676908493 -0.353553384542465 -0.61237245798111 0.70710676908493 -0.353553384542465 -0.61237245798111 0.70710676908493 -0.183012709021568 -0.683012723922729 0.70710676908493 -0.183012709021568 -0.683012723922729 0.70710676908493 -5.57613700578327E-16 -0.70710676908493 0.70710676908493 -5.57613700578327E-16 -0.70710676908493 0.70710676908493 0.183012709021568 -0.683012723922729 0.70710676908493 0.183012709021568 -0.683012723922729 0.70710676908493 0.353553384542465 -0.61237245798111 0.70710676908493 0.353553384542465 -0.61237245798111 0.70710676908493 0.5 -0.5 0.70710676908493 0.5 -0.5 0.70710676908493 0.61237245798111 -0.353553384542465 0.70710676908493 0.61237245798111 -0.353553384542465 0.70710676908493 0.683012723922729 -0.183012709021568 0.70710676908493 0.683012723922729 -0.183012709021568 0.70710676908493 0.70710676908493 0 0.70710676908493 0.683012723922729 0.183012709021568 0.70710676908493 0.70710676908493 0 0.70710676908493 0.683012723922729 0.183012709021568 0.70710676908493 0.61237245798111 0.353553384542465 0.70710676908493 0.61237245798111 0.353553384542465 0.70710676908493 0.5 0.5 0.70710676908493 0.5 0.5 0.70710676908493 0.353553384542465 0.61237245798111 0.70710676908493 0.353553384542465 0.61237245798111 0.70710676908493 0.183012709021568 0.683012723922729 0.70710676908493 0.183012709021568 0.683012723922729 0.70710676908493 7.04232655293433E-17 0.70710676908493 0.70710676908493 7.04232655293433E-17 0.70710676908493 0.70710676908493 -0.183012709021568 0.683012723922729 0.70710676908493 -0.183012709021568 0.683012723922729 0.70710676908493 -0.353553384542465 0.61237245798111 0.70710676908493 -0.353553384542465 0.61237245798111 0.70710676908493 -0.5 0.5 0.70710676908493 -0.5 0.5 0.70710676908493 -0.61237245798111 0.353553384542465 0.70710676908493 -0.61237245798111 0.353553384542465 0.70710676908493 -0.683012723922729 0.183012709021568 0.70710676908493 -0.683012723922729 0.183012709021568 0.70710676908493 -0.70710676908493 3.33644636797134E-16 0.70710676908493 -0.70710676908493 3.33644636797134E-16 0.70710676908493 -0.683012723922729 -0.183012709021568 0.70710676908493 -0.683012723922729 -0.183012709021568 0.70710676908493 -0.61237245798111 -0.353553384542465 0.70710676908493 -0.61237245798111 -0.353553384542465 0.70710676908493 -0.5 -0.5 0.70710676908493 -0.5 -0.5 0.70710676908493 -0.353553384542465 -0.61237245798111 0.70710676908493 -0.353553384542465 -0.61237245798111 0.70710676908493 -0.183012709021568 -0.683012723922729 0.70710676908493 -0.183012709021568 -0.683012723922729 0.70710676908493 -5.57613700578327E-16 -0.70710676908493 0.70710676908493 -5.57613700578327E-16 -0.70710676908493 0.70710676908493 0.183012709021568 -0.683012723922729 0.70710676908493 0.183012709021568 -0.683012723922729 0.70710676908493 0.353553384542465 -0.61237245798111 0.70710676908493 0.353553384542465 -0.61237245798111 0.70710676908493 0.5 -0.5 0.70710676908493 0.5 -0.5 0.70710676908493 0.61237245798111 -0.353553384542465 0.70710676908493 0.61237245798111 -0.353553384542465 0.70710676908493 0.683012723922729 -0.183012709021568 0.70710676908493 0.683012723922729 -0.183012709021568 0.70710676908493 -5.57613700578327E-16 -0.70710676908493 0.70710676908493 -0.183012709021568 -0.683012723922729 0.70710676908493 -5.57613700578327E-16 -0.70710676908493 0.70710676908493 0.683012723922729 0.183012709021568 0.70710676908493 0.70710676908493 0 0.70710676908493 0.683012723922729 0.183012709021568 0.70710676908493 0.61237245798111 0.353553384542465 0.70710676908493 0.61237245798111 0.353553384542465 0.70710676908493 0.5 0.5 0.70710676908493 0.5 0.5 0.70710676908493 0.353553384542465 0.61237245798111 0.70710676908493 0.353553384542465 0.61237245798111 0.70710676908493 0.183012709021568 0.683012723922729 0.70710676908493 0.183012709021568 0.683012723922729 0.70710676908493 7.04232655293433E-17 0.70710676908493 0.70710676908493 7.04232655293433E-17 0.70710676908493 0.70710676908493 -0.183012709021568 0.683012723922729 0.70710676908493 -0.183012709021568 0.683012723922729 0.70710676908493 -0.353553384542465 0.61237245798111 0.70710676908493 -0.353553384542465 0.61237245798111 0.70710676908493 -0.5 0.5 0.70710676908493 -0.5 0.5 0.70710676908493 -0.61237245798111 0.353553384542465 0.70710676908493 -0.61237245798111 0.353553384542465 0.70710676908493 -0.683012723922729 0.183012709021568 0.70710676908493 -0.683012723922729 0.183012709021568 0.70710676908493 -0.70710676908493 3.33644636797134E-16 0.70710676908493 -0.70710676908493 3.33644636797134E-16 0.70710676908493 -0.683012723922729 -0.183012709021568 0.70710676908493 -0.683012723922729 -0.183012709021568 0.70710676908493 -0.61237245798111 -0.353553384542465 0.70710676908493 -0.61237245798111 -0.353553384542465 0.70710676908493 -0.5 -0.5 0.70710676908493 -0.5 -0.5 0.70710676908493 -0.353553384542465 -0.61237245798111 0.70710676908493 -0.353553384542465 -0.61237245798111 0.70710676908493 -0.183012709021568 -0.683012723922729 0.70710676908493 0.183012709021568 -0.683012723922729 0.70710676908493 0.183012709021568 -0.683012723922729 0.70710676908493 0.353553384542465 -0.61237245798111 0.70710676908493 0.353553384542465 -0.61237245798111 0.70710676908493 0.5 -0.5 0.70710676908493 0.5 -0.5 0.70710676908493 0.61237245798111 -0.353553384542465 0.70710676908493 0.61237245798111 -0.353553384542465 0.70710676908493 0.683012723922729 -0.183012709021568 0.70710676908493 0.683012723922729 -0.183012709021568 0.70710676908493 0.70710676908493 0 -1 1.71310243060255E-16 0 -1 1.71310243060255E-16 0 -1 1.71310243060255E-16 0 -1 1.71310243060255E-16 0 -1 1.71310243060255E-16 0 -1 1.71310243060255E-16 0 -1 1.71310243060255E-16 0 -1 1.71310243060255E-16 0 -1 1.71310243060255E-16 0 -1 1.71310243060255E-16 0 -1 1.71310243060255E-16 0 -1 1.71310243060255E-16 0 -1 1.71310243060255E-16 0 -1 1.71310243060255E-16 0 -1 1.71310243060255E-16 0 -1 1.71310243060255E-16 0 -1 1.71310243060255E-16 0 -1 1.71310243060255E-16 0 -1 1.71310243060255E-16 0 -1 1.71310243060255E-16 0 -1 1.71310243060255E-16 0 -1 1.71310243060255E-16 0 -1 1.71310243060255E-16 0 -1 1.71310243060255E-16 0 -1 1.71310243060255E-16 0 -1 1.71310243060255E-16 0 -1 1.71310243060255E-16 0 -1 1.71310243060255E-16 0 -1 1.71310243060255E-16 0 -1 1.71310243060255E-16 0 -1 1.71310243060255E-16 0 -1 1.71310243060255E-16 0 -1 1.71310243060255E-16 0 -1 1.71310243060255E-16 0 -1 1.71310243060255E-16 0 -1 1.71310243060255E-16 0 -1 1.71310243060255E-16 0 -1 1.71310243060255E-16 0 -1 1.71310243060255E-16 0 -1 1.71310243060255E-16 0 -1 1.71310243060255E-16 0 -1 1.71310243060255E-16 0 -1 1.71310243060255E-16 0 -1 1.71310243060255E-16 0 -1 1.71310243060255E-16 0 -1 1.71310243060255E-16 0 -1 1.71310243060255E-16 0 -1 1.71310243060255E-16 0 -1 1.71310243060255E-16 0 -1 1.71310243060255E-16 0 -1 1.71310243060255E-16 0 -1 1.71310243060255E-16 0 -1 1.71310243060255E-16 0 -1 1.71310243060255E-16 0 -1 1.71310243060255E-16 0 -1 1.71310243060255E-16 0 -1 1.71310243060255E-16 0 -1 1.71310243060255E-16 0 -1 1.71310243060255E-16 0 -1 1.71310243060255E-16 0 -1 1.71310243060255E-16 0 -1 1.71310243060255E-16 0 -1 1.71310243060255E-16 0 -1 1.71310243060255E-16 0 -1 1.71310243060255E-16 0 -1 1.71310243060255E-16 0 -1 1.71310243060255E-16 0 -1 1.71310243060255E-16 0 -1 1.71310243060255E-16 0 -1 1.71310243060255E-16 0 -1 1.71310243060255E-16 0 -1 1.71310243060255E-16 0 -1 1.71310243060255E-16 0 -1 1.71310243060255E-16 0 -1 1.71310243060255E-16 0 -1 1.71310243060255E-16 0 -1 1.71310243060255E-16 0 -1 1.71310243060255E-16 0 -1 1.71310243060255E-16 0 -1 1.71310243060255E-16 0 -1 1.71310243060255E-16 0 -1 1.71310243060255E-16 0 -1 1.71310243060255E-16 0 -1 1.71310243060255E-16 0 -1 1.71310243060255E-16 0 -1 1.71310243060255E-16 0 -1 1.71310243060255E-16 0 -1 1.71310243060255E-16 0 -1 1.71310243060255E-16 0 -1 1.71310243060255E-16 0 -1 1.71310243060255E-16 0 -1 1.71310243060255E-16 0 -1 1.71310243060255E-16 0 -1 1.71310243060255E-16 0 -1 1.71310243060255E-16 0 -1 1.71310243060255E-16 0 -1 1.71310243060255E-16 0 -1 1.71310243060255E-16 0 -1 1.71310243060255E-16 0 -1 1.71310243060255E-16 0 -1 1.71310243060255E-16 0 -1 1.71310243060255E-16 0 -1 1.71310243060255E-16 0 -1 1.71310243060255E-16 0 -1 1.71310243060255E-16 0 -1 1.71310243060255E-16 0 -1 1.71310243060255E-16 0 -1 1.71310243060255E-16 0 -1 1.71310243060255E-16 0 -1 1.71310243060255E-16 0 -1 1.71310243060255E-16 0 -1 1.71310243060255E-16 0 -1 1.71310243060255E-16 0 -1 1.71310243060255E-16 0 -1 1.71310243060255E-16 0 -1 1.71310243060255E-16 0 -1 1.71310243060255E-16 0 -1 1.71310243060255E-16 0 -1 1.71310243060255E-16 0 -1 1.71310243060255E-16 0 -1 1.71310243060255E-16 0 -1 1.71310243060255E-16 0 -1 1.71310243060255E-16 0 -1 1.71310243060255E-16 0 -1 1.71310243060255E-16 0 -1 1.71310243060255E-16 0 -1 1.71310243060255E-16 0 -1 1.71310243060255E-16 0 -1 1.71310243060255E-16 0 -1 1.71310243060255E-16 0 -1 1.71310243060255E-16 0 -1 1.71310243060255E-16 0 -1 1.71310243060255E-16 0 -1 1.71310243060255E-16 0 -1 1.71310243060255E-16 0 -1 1.71310243060255E-16 0 -1 1.71310243060255E-16 0 -1 1.71310243060255E-16 0 -1 1.71310243060255E-16 0 -1 1.71310243060255E-16 0 -1 1.71310243060255E-16 0 -1 1.71310243060255E-16 0 -1 1.71310243060255E-16 0 -1 1.71310243060255E-16 0 -0.70710676908493 -0.683012723922729 -0.183012709021568 -0.70710676908493 -0.70710676908493 0 -0.70710676908493 -0.70710676908493 0 -0.70710676908493 -0.683012723922729 -0.183012709021568 -0.70710676908493 -0.61237245798111 -0.353553384542465 -0.70710676908493 -0.61237245798111 -0.353553384542465 -0.70710676908493 -0.5 -0.5 -0.70710676908493 -0.5 -0.5 -0.70710676908493 -0.353553384542465 -0.61237245798111 -0.70710676908493 -0.353553384542465 -0.61237245798111 -0.70710676908493 -0.183012709021568 -0.683012723922729 -0.70710676908493 -0.183012709021568 -0.683012723922729 -0.70710676908493 -3.58746080994655E-17 -0.70710676908493 -0.70710676908493 -3.58746080994655E-17 -0.70710676908493 -0.70710676908493 0.183012709021568 -0.683012723922729 -0.70710676908493 0.183012709021568 -0.683012723922729 -0.70710676908493 0.353553384542465 -0.61237245798111 -0.70710676908493 0.353553384542465 -0.61237245798111 -0.70710676908493 0.5 -0.5 -0.70710676908493 0.5 -0.5 -0.70710676908493 0.61237245798111 -0.353553384542465 -0.70710676908493 0.61237245798111 -0.353553384542465 -0.70710676908493 0.683012723922729 -0.183012709021568 -0.70710676908493 0.683012723922729 -0.183012709021568 -0.70710676908493 0.70710676908493 0 -0.70710676908493 0.70710676908493 0 -0.70710676908493 0.683012723922729 0.183012709021568 -0.70710676908493 0.683012723922729 0.183012709021568 -0.70710676908493 0.61237245798111 0.353553384542465 -0.70710676908493 0.61237245798111 0.353553384542465 -0.70710676908493 0.5 0.5 -0.70710676908493 0.5 0.5 -0.70710676908493 0.353553384542465 0.61237245798111 -0.70710676908493 0.353553384542465 0.61237245798111 -0.70710676908493 0.183012709021568 0.683012723922729 -0.70710676908493 0.183012709021568 0.683012723922729 -0.70710676908493 5.92162374551817E-16 0.70710676908493 -0.70710676908493 5.92162374551817E-16 0.70710676908493 -0.70710676908493 -0.183012709021568 0.683012723922729 -0.70710676908493 -0.183012709021568 0.683012723922729 -0.70710676908493 -0.353553384542465 0.61237245798111 -0.70710676908493 -0.353553384542465 0.61237245798111 -0.70710676908493 -0.5 0.5 -0.70710676908493 -0.5 0.5 -0.70710676908493 -0.61237245798111 0.353553384542465 -0.70710676908493 -0.61237245798111 0.353553384542465 -0.70710676908493 -0.683012723922729 0.183012709021568 -0.70710676908493 -0.683012723922729 0.183012709021568 -0.70710676908493 -0.61237245798111 -0.353553384542465 -0.70710676908493 -0.683012723922729 -0.183012709021568 -0.70710676908493 -0.683012723922729 -0.183012709021568 -0.70710676908493 -0.5 -0.5 -0.70710676908493 -0.61237245798111 -0.353553384542465 -0.70710676908493 -0.353553384542465 -0.61237245798111 -0.70710676908493 -0.5 -0.5 -0.70710676908493 -0.183012709021568 -0.683012723922729 -0.70710676908493 -0.353553384542465 -0.61237245798111 -0.70710676908493 -3.58746080994655E-17 -0.70710676908493 -0.70710676908493 -0.183012709021568 -0.683012723922729 -0.70710676908493 0.183012709021568 -0.683012723922729 -0.70710676908493 -3.58746080994655E-17 -0.70710676908493 -0.70710676908493 0.353553384542465 -0.61237245798111 -0.70710676908493 0.183012709021568 -0.683012723922729 -0.70710676908493 0.5 -0.5 -0.70710676908493 0.353553384542465 -0.61237245798111 -0.70710676908493 0.61237245798111 -0.353553384542465 -0.70710676908493 0.5 -0.5 -0.70710676908493 0.683012723922729 -0.183012709021568 -0.70710676908493 0.61237245798111 -0.353553384542465 -0.70710676908493 0.70710676908493 0 -0.70710676908493 0.683012723922729 -0.183012709021568 -0.70710676908493 0.683012723922729 0.183012709021568 -0.70710676908493 0.70710676908493 0 -0.70710676908493 0.61237245798111 0.353553384542465 -0.70710676908493 0.683012723922729 0.183012709021568 -0.70710676908493 0.5 0.5 -0.70710676908493 0.61237245798111 0.353553384542465 -0.70710676908493 0.353553384542465 0.61237245798111 -0.70710676908493 0.5 0.5 -0.70710676908493 0.183012709021568 0.683012723922729 -0.70710676908493 0.353553384542465 0.61237245798111 -0.70710676908493 5.92162374551817E-16 0.70710676908493 -0.70710676908493 0.183012709021568 0.683012723922729 -0.70710676908493 -0.183012709021568 0.683012723922729 -0.70710676908493 5.92162374551817E-16 0.70710676908493 -0.70710676908493 -0.353553384542465 0.61237245798111 -0.70710676908493 -0.183012709021568 0.683012723922729 -0.70710676908493 -0.5 0.5 -0.70710676908493 -0.353553384542465 0.61237245798111 -0.70710676908493 -0.61237245798111 0.353553384542465 -0.70710676908493 -0.5 0.5 -0.70710676908493 -0.683012723922729 0.183012709021568 -0.70710676908493 -0.61237245798111 0.353553384542465 -0.70710676908493 -0.70710676908493 0 -0.70710676908493 -0.683012723922729 0.183012709021568 -0.70710676908493 -0.70710676908493 0 -0.70710676908493 -0.70710676908493 0 -0.70710676908493 -0.683012723922729 -0.183012709021568 -0.70710676908493 -0.683012723922729 -0.183012709021568 -0.70710676908493 -0.61237245798111 -0.353553384542465 -0.70710676908493 -0.61237245798111 -0.353553384542465 -0.70710676908493 -0.5 -0.5 -0.70710676908493 -0.5 -0.5 -0.70710676908493 -0.353553384542465 -0.61237245798111 -0.70710676908493 -0.353553384542465 -0.61237245798111 -0.70710676908493 -0.183012709021568 -0.683012723922729 -0.70710676908493 -0.183012709021568 -0.683012723922729 -0.70710676908493 -3.58746080994655E-17 -0.70710676908493 -0.70710676908493 -3.58746080994655E-17 -0.70710676908493 -0.70710676908493 0.183012709021568 -0.683012723922729 -0.70710676908493 0.183012709021568 -0.683012723922729 -0.70710676908493 0.353553384542465 -0.61237245798111 -0.70710676908493 0.353553384542465 -0.61237245798111 -0.70710676908493 0.5 -0.5 -0.70710676908493 0.5 -0.5 -0.70710676908493 0.61237245798111 -0.353553384542465 -0.70710676908493 0.61237245798111 -0.353553384542465 -0.70710676908493 0.683012723922729 -0.183012709021568 -0.70710676908493 0.683012723922729 -0.183012709021568 -0.70710676908493 0.70710676908493 0 -0.70710676908493 0.70710676908493 0 -0.70710676908493 0.683012723922729 0.183012709021568 -0.70710676908493 0.683012723922729 0.183012709021568 -0.70710676908493 0.61237245798111 0.353553384542465 -0.70710676908493 0.61237245798111 0.353553384542465 -0.70710676908493 0.5 0.5 -0.70710676908493 0.5 0.5 -0.70710676908493 0.353553384542465 0.61237245798111 -0.70710676908493 0.353553384542465 0.61237245798111 -0.70710676908493 0.183012709021568 0.683012723922729 -0.70710676908493 0.183012709021568 0.683012723922729 -0.70710676908493 5.92162374551817E-16 0.70710676908493 -0.70710676908493 5.92162374551817E-16 0.70710676908493 -0.70710676908493 -0.183012709021568 0.683012723922729 -0.70710676908493 -0.183012709021568 0.683012723922729 -0.70710676908493 -0.353553384542465 0.61237245798111 -0.70710676908493 -0.353553384542465 0.61237245798111 -0.70710676908493 -0.5 0.5 -0.70710676908493 -0.5 0.5 -0.70710676908493 -0.61237245798111 0.353553384542465 -0.70710676908493 -0.61237245798111 0.353553384542465 -0.70710676908493 -0.683012723922729 0.183012709021568 -0.70710676908493 -0.683012723922729 0.183012709021568 -0.70710676908493 -0.70710676908493 0 -1.18278648433186E-16 -0.965925812721252 -0.258819043636322 0 -1 0 -1.18278648433186E-16 -0.965925812721252 -0.258819043636322 -1.06045739051935E-16 -0.866025388240814 -0.5 -1.06045739051935E-16 -0.866025388240814 -0.5 -8.65859842693803E-17 -0.70710676908493 -0.70710676908493 -8.65859842693803E-17 -0.70710676908493 -0.70710676908493 -6.12255332784559E-17 -0.5 -0.866025388240814 -6.12255332784559E-17 -0.5 -0.866025388240814 -3.16926674725282E-17 -0.258819043636322 -0.965925812721252 -3.16926674725282E-17 -0.258819043636322 -0.965925812721252 0 -1 0 1.31252290279199E-31 1.07187540788323E-15 -1 1.31252290279199E-31 1.07187540788323E-15 -1 3.16926674725282E-17 0.258819043636322 -0.965925812721252 3.16926674725282E-17 0.258819043636322 -0.965925812721252 6.12255332784559E-17 0.5 -0.866025388240814 6.12255332784559E-17 0.5 -0.866025388240814 8.65859842693803E-17 0.70710676908493 -0.70710676908493 8.65859842693803E-17 0.70710676908493 -0.70710676908493 1.06045739051935E-16 0.866025388240814 -0.5 1.06045739051935E-16 0.866025388240814 -0.5 1.18278648433186E-16 0.965925812721252 -0.258819043636322 1.18278648433186E-16 0.965925812721252 -0.258819043636322 1.22451066556912E-16 1 1.22464685258517E-16 0 1 0 1.18278648433186E-16 0.965925812721252 0.258819043636322 1.18278648433186E-16 0.965925812721252 0.258819043636322 1.06045739051935E-16 0.866025388240814 0.5 1.06045739051935E-16 0.866025388240814 0.5 8.65859842693803E-17 0.70710676908493 0.70710676908493 8.65859842693803E-17 0.70710676908493 0.70710676908493 6.12255332784559E-17 0.5 0.866025388240814 6.12255332784559E-17 0.5 0.866025388240814 3.16926674725282E-17 0.258819043636322 0.965925812721252 3.16926674725282E-17 0.258819043636322 0.965925812721252 -3.46875658201309E-32 -2.832769343194E-16 1 -3.46875658201309E-32 -2.832769343194E-16 1 -3.16926674725282E-17 -0.258819043636322 0.965925812721252 -3.16926674725282E-17 -0.258819043636322 0.965925812721252 -6.12255332784559E-17 -0.5 0.866025388240814 -6.12255332784559E-17 -0.5 0.866025388240814 -8.65859842693803E-17 -0.70710676908493 0.70710676908493 -8.65859842693803E-17 -0.70710676908493 0.70710676908493 -1.06045739051935E-16 -0.866025388240814 0.5 -1.06045739051935E-16 -0.866025388240814 0.5 -1.18278648433186E-16 -0.965925812721252 0.258819043636322 -1.18278648433186E-16 -0.965925812721252 0.258819043636322 -1.18278648433186E-16 -0.965925812721252 0.258819043636322 0 -1 0 -1.18278648433186E-16 -0.965925812721252 0.258819043636322 -1.06045739051935E-16 -0.866025388240814 -0.5 -8.65859842693803E-17 -0.70710676908493 -0.70710676908493 -1.06045739051935E-16 -0.866025388240814 -0.5 -8.65859842693803E-17 -0.70710676908493 -0.70710676908493 -6.12255332784559E-17 -0.5 -0.866025388240814 -6.12255332784559E-17 -0.5 -0.866025388240814 -3.16926674725282E-17 -0.258819043636322 -0.965925812721252 -3.16926674725282E-17 -0.258819043636322 -0.965925812721252 1.31252290279199E-31 1.07187540788323E-15 -1 1.31252290279199E-31 1.07187540788323E-15 -1 3.16926674725282E-17 0.258819043636322 -0.965925812721252 3.16926674725282E-17 0.258819043636322 -0.965925812721252 6.12255332784559E-17 0.5 -0.866025388240814 6.12255332784559E-17 0.5 -0.866025388240814 8.65859842693803E-17 0.70710676908493 -0.70710676908493 8.65859842693803E-17 0.70710676908493 -0.70710676908493 1.06045739051935E-16 0.866025388240814 -0.5 1.06045739051935E-16 0.866025388240814 -0.5 1.18278648433186E-16 0.965925812721252 -0.258819043636322 1.18278648433186E-16 0.965925812721252 -0.258819043636322 1.22451066556912E-16 1 1.22464685258517E-16 0 1 0 1.18278648433186E-16 0.965925812721252 0.258819043636322 1.18278648433186E-16 0.965925812721252 0.258819043636322 1.06045739051935E-16 0.866025388240814 0.5 1.06045739051935E-16 0.866025388240814 0.5 8.65859842693803E-17 0.70710676908493 0.70710676908493 8.65859842693803E-17 0.70710676908493 0.70710676908493 6.12255332784559E-17 0.5 0.866025388240814 6.12255332784559E-17 0.5 0.866025388240814 3.16926674725282E-17 0.258819043636322 0.965925812721252 3.16926674725282E-17 0.258819043636322 0.965925812721252 -3.46875658201309E-32 -2.832769343194E-16 1 -3.46875658201309E-32 -2.832769343194E-16 1 -3.16926674725282E-17 -0.258819043636322 0.965925812721252 -3.16926674725282E-17 -0.258819043636322 0.965925812721252 -6.12255332784559E-17 -0.5 0.866025388240814 -6.12255332784559E-17 -0.5 0.866025388240814 -8.65859842693803E-17 -0.70710676908493 0.70710676908493 -8.65859842693803E-17 -0.70710676908493 0.70710676908493 -1.06045739051935E-16 -0.866025388240814 0.5 -1.06045739051935E-16 -0.866025388240814 0.5 0 -1 0 -1.18278648433186E-16 -0.965925812721252 -0.258819043636322 -1.18278648433186E-16 -0.965925812721252 -0.258819043636322 3.16926674725282E-17 0.258819043636322 -0.965925812721252 6.12255332784559E-17 0.5 -0.866025388240814 3.16926674725282E-17 0.258819043636322 -0.965925812721252 6.12255332784559E-17 0.5 -0.866025388240814 8.65859842693803E-17 0.70710676908493 -0.70710676908493 8.65859842693803E-17 0.70710676908493 -0.70710676908493 1.06045739051935E-16 0.866025388240814 -0.5 1.06045739051935E-16 0.866025388240814 -0.5 1.18278648433186E-16 0.965925812721252 -0.258819043636322 1.18278648433186E-16 0.965925812721252 -0.258819043636322 1.22451066556912E-16 1 1.22464685258517E-16 0 1 0 1.18278648433186E-16 0.965925812721252 0.258819043636322 1.18278648433186E-16 0.965925812721252 0.258819043636322 1.06045739051935E-16 0.866025388240814 0.5 1.06045739051935E-16 0.866025388240814 0.5 8.65859842693803E-17 0.70710676908493 0.70710676908493 8.65859842693803E-17 0.70710676908493 0.70710676908493 6.12255332784559E-17 0.5 0.866025388240814 6.12255332784559E-17 0.5 0.866025388240814 3.16926674725282E-17 0.258819043636322 0.965925812721252 3.16926674725282E-17 0.258819043636322 0.965925812721252 -3.46875658201309E-32 -2.832769343194E-16 1 -3.46875658201309E-32 -2.832769343194E-16 1 -3.16926674725282E-17 -0.258819043636322 0.965925812721252 -3.16926674725282E-17 -0.258819043636322 0.965925812721252 -6.12255332784559E-17 -0.5 0.866025388240814 -6.12255332784559E-17 -0.5 0.866025388240814 -8.65859842693803E-17 -0.70710676908493 0.70710676908493 -8.65859842693803E-17 -0.70710676908493 0.70710676908493 -1.06045739051935E-16 -0.866025388240814 0.5 -1.06045739051935E-16 -0.866025388240814 0.5 -1.18278648433186E-16 -0.965925812721252 0.258819043636322 -1.18278648433186E-16 -0.965925812721252 0.258819043636322 0 -1 0 0 -1 0 -3.16926674725282E-17 -0.258819043636322 -0.965925812721252 1.31252290279199E-31 1.07187540788323E-15 -1 -3.16926674725282E-17 -0.258819043636322 -0.965925812721252 1.31252290279199E-31 1.07187540788323E-15 -1 -6.12255332784559E-17 -0.5 -0.866025388240814 -6.12255332784559E-17 -0.5 -0.866025388240814 -8.65859842693803E-17 -0.70710676908493 -0.70710676908493 -8.65859842693803E-17 -0.70710676908493 -0.70710676908493 -1.06045739051935E-16 -0.866025388240814 -0.5 -1.06045739051935E-16 -0.866025388240814 -0.5 -1.18278648433186E-16 -0.965925812721252 -0.258819043636322 -1.18278648433186E-16 -0.965925812721252 -0.258819043636322 0.70710676908493 0.683012723922729 0.183012709021568 0.70710676908493 0.61237245798111 0.353553384542465 0.70710676908493 0.683012723922729 0.183012709021568 0.70710676908493 0.61237245798111 0.353553384542465 0.70710676908493 0.5 0.5 0.70710676908493 0.5 0.5 0.70710676908493 0.353553384542465 0.61237245798111 0.70710676908493 0.353553384542465 0.61237245798111 0.70710676908493 0.183012709021568 0.683012723922729 0.70710676908493 0.183012709021568 0.683012723922729 0.70710676908493 7.04232655293433E-17 0.70710676908493 0.70710676908493 7.04232655293433E-17 0.70710676908493 0.70710676908493 -0.183012709021568 0.683012723922729 0.70710676908493 -0.183012709021568 0.683012723922729 0.70710676908493 -0.353553384542465 0.61237245798111 0.70710676908493 -0.353553384542465 0.61237245798111 0.70710676908493 -0.5 0.5 0.70710676908493 -0.5 0.5 0.70710676908493 -0.61237245798111 0.353553384542465 0.70710676908493 -0.61237245798111 0.353553384542465 0.70710676908493 -0.683012723922729 0.183012709021568 0.70710676908493 -0.683012723922729 0.183012709021568 0.70710676908493 -0.70710676908493 3.33644636797134E-16 0.70710676908493 -0.70710676908493 3.33644636797134E-16 0.70710676908493 -0.683012723922729 -0.183012709021568 0.70710676908493 -0.683012723922729 -0.183012709021568 0.70710676908493 -0.61237245798111 -0.353553384542465 0.70710676908493 -0.61237245798111 -0.353553384542465 0.70710676908493 -0.5 -0.5 0.70710676908493 -0.5 -0.5 0.70710676908493 -0.353553384542465 -0.61237245798111 0.70710676908493 -0.353553384542465 -0.61237245798111 0.70710676908493 -0.183012709021568 -0.683012723922729 0.70710676908493 -0.183012709021568 -0.683012723922729 0.70710676908493 -5.57613700578327E-16 -0.70710676908493 0.70710676908493 -5.57613700578327E-16 -0.70710676908493 0.70710676908493 0.183012709021568 -0.683012723922729 0.70710676908493 0.183012709021568 -0.683012723922729 0.70710676908493 0.353553384542465 -0.61237245798111 0.70710676908493 0.353553384542465 -0.61237245798111 0.70710676908493 0.5 -0.5 0.70710676908493 0.5 -0.5 0.70710676908493 0.61237245798111 -0.353553384542465 0.70710676908493 0.61237245798111 -0.353553384542465 0.70710676908493 0.683012723922729 -0.183012709021568 0.70710676908493 0.683012723922729 -0.183012709021568 0.70710676908493 0.70710676908493 0 0.70710676908493 0.70710676908493 0 0.70710676908493 0.61237245798111 0.353553384542465 0.70710676908493 0.683012723922729 0.183012709021568 0.70710676908493 0.61237245798111 0.353553384542465 0.70710676908493 0.5 0.5 0.70710676908493 0.5 0.5 0.70710676908493 0.353553384542465 0.61237245798111 0.70710676908493 0.353553384542465 0.61237245798111 0.70710676908493 0.183012709021568 0.683012723922729 0.70710676908493 0.183012709021568 0.683012723922729 0.70710676908493 7.04232655293433E-17 0.70710676908493 0.70710676908493 7.04232655293433E-17 0.70710676908493 0.70710676908493 -0.183012709021568 0.683012723922729 0.70710676908493 -0.183012709021568 0.683012723922729 0.70710676908493 -0.353553384542465 0.61237245798111 0.70710676908493 -0.353553384542465 0.61237245798111 0.70710676908493 -0.5 0.5 0.70710676908493 -0.5 0.5 0.70710676908493 -0.61237245798111 0.353553384542465 0.70710676908493 -0.61237245798111 0.353553384542465 0.70710676908493 -0.683012723922729 0.183012709021568 0.70710676908493 -0.683012723922729 0.183012709021568 0.70710676908493 -0.70710676908493 3.33644636797134E-16 0.70710676908493 -0.70710676908493 3.33644636797134E-16 0.70710676908493 -0.683012723922729 -0.183012709021568 0.70710676908493 -0.683012723922729 -0.183012709021568 0.70710676908493 -0.61237245798111 -0.353553384542465 0.70710676908493 -0.61237245798111 -0.353553384542465 0.70710676908493 -0.5 -0.5 0.70710676908493 -0.5 -0.5 0.70710676908493 -0.353553384542465 -0.61237245798111 0.70710676908493 -0.353553384542465 -0.61237245798111 0.70710676908493 -0.183012709021568 -0.683012723922729 0.70710676908493 -0.183012709021568 -0.683012723922729 0.70710676908493 -5.57613700578327E-16 -0.70710676908493 0.70710676908493 -5.57613700578327E-16 -0.70710676908493 0.70710676908493 0.183012709021568 -0.683012723922729 0.70710676908493 0.183012709021568 -0.683012723922729 0.70710676908493 0.353553384542465 -0.61237245798111 0.70710676908493 0.353553384542465 -0.61237245798111 0.70710676908493 0.5 -0.5 0.70710676908493 0.5 -0.5 0.70710676908493 0.61237245798111 -0.353553384542465 0.70710676908493 0.61237245798111 -0.353553384542465 0.70710676908493 0.683012723922729 -0.183012709021568 0.70710676908493 0.683012723922729 -0.183012709021568 0.70710676908493 0.70710676908493 0 0.70710676908493 0.70710676908493 0 0.70710676908493 0.683012723922729 0.183012709021568 0.70710676908493 0.70710676908493 0 0.70710676908493 0.683012723922729 0.183012709021568 0.70710676908493 0.70710676908493 0 0.70710676908493 0.683012723922729 0.183012709021568 0.70710676908493 0.61237245798111 0.353553384542465 0.70710676908493 0.61237245798111 0.353553384542465 0.70710676908493 0.5 0.5 0.70710676908493 0.5 0.5 0.70710676908493 0.353553384542465 0.61237245798111 0.70710676908493 0.353553384542465 0.61237245798111 0.70710676908493 0.183012709021568 0.683012723922729 0.70710676908493 0.183012709021568 0.683012723922729 0.70710676908493 7.04232655293433E-17 0.70710676908493 0.70710676908493 7.04232655293433E-17 0.70710676908493 0.70710676908493 -0.183012709021568 0.683012723922729 0.70710676908493 -0.183012709021568 0.683012723922729 0.70710676908493 -0.353553384542465 0.61237245798111 0.70710676908493 -0.353553384542465 0.61237245798111 0.70710676908493 -0.5 0.5 0.70710676908493 -0.5 0.5 0.70710676908493 -0.61237245798111 0.353553384542465 0.70710676908493 -0.61237245798111 0.353553384542465 0.70710676908493 -0.683012723922729 0.183012709021568 0.70710676908493 -0.683012723922729 0.183012709021568 0.70710676908493 -0.70710676908493 3.33644636797134E-16 0.70710676908493 -0.70710676908493 3.33644636797134E-16 0.70710676908493 -0.683012723922729 -0.183012709021568 0.70710676908493 -0.683012723922729 -0.183012709021568 0.70710676908493 -0.61237245798111 -0.353553384542465 0.70710676908493 -0.61237245798111 -0.353553384542465 0.70710676908493 -0.5 -0.5 0.70710676908493 -0.5 -0.5 0.70710676908493 -0.353553384542465 -0.61237245798111 0.70710676908493 -0.353553384542465 -0.61237245798111 0.70710676908493 -0.183012709021568 -0.683012723922729 0.70710676908493 -0.183012709021568 -0.683012723922729 0.70710676908493 -5.57613700578327E-16 -0.70710676908493 0.70710676908493 -5.57613700578327E-16 -0.70710676908493 0.70710676908493 0.183012709021568 -0.683012723922729 0.70710676908493 0.183012709021568 -0.683012723922729 0.70710676908493 0.353553384542465 -0.61237245798111 0.70710676908493 0.353553384542465 -0.61237245798111 0.70710676908493 0.5 -0.5 0.70710676908493 0.5 -0.5 0.70710676908493 0.61237245798111 -0.353553384542465 0.70710676908493 0.683012723922729 -0.183012709021568 0.70710676908493 0.683012723922729 -0.183012709021568 0.70710676908493 0.61237245798111 -0.353553384542465 -1 1.71310243060255E-16 0 -1 1.71310243060255E-16 0 -1 1.71310243060255E-16 0 -1 1.71310243060255E-16 0 -1 1.71310243060255E-16 0 -1 1.71310243060255E-16 0 -1 1.71310243060255E-16 0 -1 1.71310243060255E-16 0 -1 1.71310243060255E-16 0 -1 1.71310243060255E-16 0 -1 1.71310243060255E-16 0 -1 1.71310243060255E-16 0 -1 1.71310243060255E-16 0 -1 1.71310243060255E-16 0 -1 1.71310243060255E-16 0 -1 1.71310243060255E-16 0 -1 1.71310243060255E-16 0 -1 1.71310243060255E-16 0 -1 1.71310243060255E-16 0 -1 1.71310243060255E-16 0 -1 1.71310243060255E-16 0 -1 1.71310243060255E-16 0 -1 1.71310243060255E-16 0 -1 1.71310243060255E-16 0 -1 1.71310243060255E-16 0 -1 1.71310243060255E-16 0 -1 1.71310243060255E-16 0 -1 1.71310243060255E-16 0 -1 1.71310243060255E-16 0 -1 1.71310243060255E-16 0 -1 1.71310243060255E-16 0 -1 1.71310243060255E-16 0 -1 1.71310243060255E-16 0 -1 1.71310243060255E-16 0 -1 1.71310243060255E-16 0 -1 1.71310243060255E-16 0 -1 1.71310243060255E-16 0 -1 1.71310243060255E-16 0 -1 1.71310243060255E-16 0 -1 1.71310243060255E-16 0 -1 1.71310243060255E-16 0 -1 1.71310243060255E-16 0 -1 1.71310243060255E-16 0 -1 1.71310243060255E-16 0 -1 1.71310243060255E-16 0 -1 1.71310243060255E-16 0 -1 1.71310243060255E-16 0 -1 1.71310243060255E-16 0 -1 1.71310243060255E-16 0 -1 1.71310243060255E-16 0 -1 1.71310243060255E-16 0 -1 1.71310243060255E-16 0 -1 1.71310243060255E-16 0 -1 1.71310243060255E-16 0 -1 1.71310243060255E-16 0 -1 1.71310243060255E-16 0 -1 1.71310243060255E-16 0 -1 1.71310243060255E-16 0 -1 1.71310243060255E-16 0 -1 1.71310243060255E-16 0 -1 1.71310243060255E-16 0 -1 1.71310243060255E-16 0 -1 1.71310243060255E-16 0 -1 1.71310243060255E-16 0 -1 1.71310243060255E-16 0 -1 1.71310243060255E-16 0 -1 1.71310243060255E-16 0 -1 1.71310243060255E-16 0 -1 1.71310243060255E-16 0 -1 1.71310243060255E-16 0 -1 1.71310243060255E-16 0 -1 1.71310243060255E-16 0 -1 1.71310243060255E-16 0 -1 1.71310243060255E-16 0 -1 1.71310243060255E-16 0 -1 1.71310243060255E-16 0 -1 1.71310243060255E-16 0 -1 1.71310243060255E-16 0 -1 1.71310243060255E-16 0 -1 1.71310243060255E-16 0 -1 1.71310243060255E-16 0 -1 1.71310243060255E-16 0 -1 1.71310243060255E-16 0 -1 1.71310243060255E-16 0 -1 1.71310243060255E-16 0 -1 1.71310243060255E-16 0 -1 1.71310243060255E-16 0 -1 1.71310243060255E-16 0 -1 1.71310243060255E-16 0 -1 1.71310243060255E-16 0 -1 1.71310243060255E-16 0 -1 1.71310243060255E-16 0 -1 1.71310243060255E-16 0 -1 1.71310243060255E-16 0 -1 1.71310243060255E-16 0 -1 1.71310243060255E-16 0 -1 1.71310243060255E-16 0 -1 1.71310243060255E-16 0 -1 1.71310243060255E-16 0 -1 1.71310243060255E-16 0 -1 1.71310243060255E-16 0 -1 1.71310243060255E-16 0 -1 1.71310243060255E-16 0 -1 1.71310243060255E-16 0 -1 1.71310243060255E-16 0 -1 1.71310243060255E-16 0 -1 1.71310243060255E-16 0 -1 1.71310243060255E-16 0 -1 1.71310243060255E-16 0 -1 1.71310243060255E-16 0 -1 1.71310243060255E-16 0 -1 1.71310243060255E-16 0 -1 1.71310243060255E-16 0 -1 1.71310243060255E-16 0 -1 1.71310243060255E-16 0 -1 1.71310243060255E-16 0 -1 1.71310243060255E-16 0 -1 1.71310243060255E-16 0 -1 1.71310243060255E-16 0 -1 1.71310243060255E-16 0 -1 1.71310243060255E-16 0 -1 1.71310243060255E-16 0 -1 1.71310243060255E-16 0 -1 1.71310243060255E-16 0 -1 1.71310243060255E-16 0 -1 1.71310243060255E-16 0 -1 1.71310243060255E-16 0 -1 1.71310243060255E-16 0 -1 1.71310243060255E-16 0 -1 1.71310243060255E-16 0 -1 1.71310243060255E-16 0 -1 1.71310243060255E-16 0 -1 1.71310243060255E-16 0 -1 1.71310243060255E-16 0 -1 1.71310243060255E-16 0 -1 1.71310243060255E-16 0 -1 1.71310243060255E-16 0 -1 1.71310243060255E-16 0 -1 1.71310243060255E-16 0 -1 1.71310243060255E-16 0 -1 1.71310243060255E-16 0 -1 1.71310243060255E-16 0 -1 1.71310243060255E-16 0 -1 1.71310243060255E-16 0 -0.70710676908493 -0.70710676908493 0 -0.70710676908493 -0.683012723922729 0.183012709021568 -0.70710676908493 -0.683012723922729 0.183012709021568 -0.70710676908493 -0.61237245798111 -0.353553384542465 -0.70710676908493 -0.683012723922729 -0.183012709021568 -0.70710676908493 -0.683012723922729 -0.183012709021568 -0.70710676908493 -0.5 -0.5 -0.70710676908493 -0.61237245798111 -0.353553384542465 -0.70710676908493 -0.353553384542465 -0.61237245798111 -0.70710676908493 -0.5 -0.5 -0.70710676908493 -0.183012709021568 -0.683012723922729 -0.70710676908493 -0.353553384542465 -0.61237245798111 -0.70710676908493 -3.58746080994655E-17 -0.70710676908493 -0.70710676908493 -0.183012709021568 -0.683012723922729 -0.70710676908493 0.183012709021568 -0.683012723922729 -0.70710676908493 -3.58746080994655E-17 -0.70710676908493 -0.70710676908493 0.353553384542465 -0.61237245798111 -0.70710676908493 0.183012709021568 -0.683012723922729 -0.70710676908493 0.5 -0.5 -0.70710676908493 0.353553384542465 -0.61237245798111 -0.70710676908493 0.61237245798111 -0.353553384542465 -0.70710676908493 0.5 -0.5 -0.70710676908493 0.683012723922729 -0.183012709021568 -0.70710676908493 0.61237245798111 -0.353553384542465 -0.70710676908493 0.70710676908493 0 -0.70710676908493 0.683012723922729 -0.183012709021568 -0.70710676908493 0.683012723922729 0.183012709021568 -0.70710676908493 0.70710676908493 0 -0.70710676908493 0.61237245798111 0.353553384542465 -0.70710676908493 0.683012723922729 0.183012709021568 -0.70710676908493 0.5 0.5 -0.70710676908493 0.61237245798111 0.353553384542465 -0.70710676908493 0.353553384542465 0.61237245798111 -0.70710676908493 0.5 0.5 -0.70710676908493 0.183012709021568 0.683012723922729 -0.70710676908493 0.353553384542465 0.61237245798111 -0.70710676908493 5.92162374551817E-16 0.70710676908493 -0.70710676908493 0.183012709021568 0.683012723922729 -0.70710676908493 -0.183012709021568 0.683012723922729 -0.70710676908493 5.92162374551817E-16 0.70710676908493 -0.70710676908493 -0.353553384542465 0.61237245798111 -0.70710676908493 -0.183012709021568 0.683012723922729 -0.70710676908493 -0.5 0.5 -0.70710676908493 -0.353553384542465 0.61237245798111 -0.70710676908493 -0.61237245798111 0.353553384542465 -0.70710676908493 -0.5 0.5 -0.70710676908493 -0.61237245798111 0.353553384542465 -0.70710676908493 -0.70710676908493 0 -0.70710676908493 -0.61237245798111 -0.353553384542465 -0.70710676908493 -0.683012723922729 -0.183012709021568 -0.70710676908493 -0.683012723922729 -0.183012709021568 -0.70710676908493 -0.5 -0.5 -0.70710676908493 -0.61237245798111 -0.353553384542465 -0.70710676908493 -0.353553384542465 -0.61237245798111 -0.70710676908493 -0.5 -0.5 -0.70710676908493 -0.183012709021568 -0.683012723922729 -0.70710676908493 -0.353553384542465 -0.61237245798111 -0.70710676908493 -3.58746080994655E-17 -0.70710676908493 -0.70710676908493 -0.183012709021568 -0.683012723922729 -0.70710676908493 0.183012709021568 -0.683012723922729 -0.70710676908493 -3.58746080994655E-17 -0.70710676908493 -0.70710676908493 0.353553384542465 -0.61237245798111 -0.70710676908493 0.183012709021568 -0.683012723922729 -0.70710676908493 0.5 -0.5 -0.70710676908493 0.353553384542465 -0.61237245798111 -0.70710676908493 0.61237245798111 -0.353553384542465 -0.70710676908493 0.5 -0.5 -0.70710676908493 0.683012723922729 -0.183012709021568 -0.70710676908493 0.61237245798111 -0.353553384542465 -0.70710676908493 0.70710676908493 0 -0.70710676908493 0.683012723922729 -0.183012709021568 -0.70710676908493 0.683012723922729 0.183012709021568 -0.70710676908493 0.70710676908493 0 -0.70710676908493 0.61237245798111 0.353553384542465 -0.70710676908493 0.683012723922729 0.183012709021568 -0.70710676908493 0.5 0.5 -0.70710676908493 0.61237245798111 0.353553384542465 -0.70710676908493 0.353553384542465 0.61237245798111 -0.70710676908493 0.5 0.5 -0.70710676908493 0.183012709021568 0.683012723922729 -0.70710676908493 0.353553384542465 0.61237245798111 -0.70710676908493 5.92162374551817E-16 0.70710676908493 -0.70710676908493 0.183012709021568 0.683012723922729 -0.70710676908493 -0.183012709021568 0.683012723922729 -0.70710676908493 5.92162374551817E-16 0.70710676908493 -0.70710676908493 -0.353553384542465 0.61237245798111 -0.70710676908493 -0.183012709021568 0.683012723922729 -0.70710676908493 -0.5 0.5 -0.70710676908493 -0.353553384542465 0.61237245798111 -0.70710676908493 -0.61237245798111 0.353553384542465 -0.70710676908493 -0.5 0.5 -0.70710676908493 -0.683012723922729 0.183012709021568 -0.70710676908493 -0.61237245798111 0.353553384542465 -0.70710676908493 -0.70710676908493 0 -0.70710676908493 -0.683012723922729 0.183012709021568 -0.70710676908493 -0.70710676908493 0 -0.70710676908493 -0.683012723922729 -0.183012709021568 -0.70710676908493 -0.70710676908493 0 -0.70710676908493 -0.70710676908493 0 -0.70710676908493 -0.61237245798111 -0.353553384542465 -0.70710676908493 -0.683012723922729 -0.183012709021568 -0.70710676908493 -0.5 -0.5 -0.70710676908493 -0.61237245798111 -0.353553384542465 -0.70710676908493 -0.353553384542465 -0.61237245798111 -0.70710676908493 -0.5 -0.5 -0.70710676908493 -0.183012709021568 -0.683012723922729 -0.70710676908493 -0.353553384542465 -0.61237245798111 -0.70710676908493 -3.58746080994655E-17 -0.70710676908493 -0.70710676908493 -0.183012709021568 -0.683012723922729 -0.70710676908493 0.183012709021568 -0.683012723922729 -0.70710676908493 -3.58746080994655E-17 -0.70710676908493 -0.70710676908493 0.353553384542465 -0.61237245798111 -0.70710676908493 0.183012709021568 -0.683012723922729 -0.70710676908493 0.5 -0.5 -0.70710676908493 0.353553384542465 -0.61237245798111 -0.70710676908493 0.61237245798111 -0.353553384542465 -0.70710676908493 0.5 -0.5 -0.70710676908493 0.683012723922729 -0.183012709021568 -0.70710676908493 0.61237245798111 -0.353553384542465 -0.70710676908493 0.70710676908493 0 -0.70710676908493 0.683012723922729 -0.183012709021568 -0.70710676908493 0.683012723922729 0.183012709021568 -0.70710676908493 0.70710676908493 0 -0.70710676908493 0.61237245798111 0.353553384542465 -0.70710676908493 0.683012723922729 0.183012709021568 -0.70710676908493 0.5 0.5 -0.70710676908493 0.61237245798111 0.353553384542465 -0.70710676908493 0.353553384542465 0.61237245798111 -0.70710676908493 0.5 0.5 -0.70710676908493 0.183012709021568 0.683012723922729 -0.70710676908493 0.353553384542465 0.61237245798111 -0.70710676908493 5.92162374551817E-16 0.70710676908493 -0.70710676908493 0.183012709021568 0.683012723922729 -0.70710676908493 -0.183012709021568 0.683012723922729 -0.70710676908493 5.92162374551817E-16 0.70710676908493 -0.70710676908493 -0.353553384542465 0.61237245798111 -0.70710676908493 -0.183012709021568 0.683012723922729 -0.70710676908493 -0.5 0.5 -0.70710676908493 -0.353553384542465 0.61237245798111 -0.70710676908493 -0.61237245798111 0.353553384542465 -0.70710676908493 -0.5 0.5 -0.70710676908493 -0.683012723922729 0.183012709021568 -0.70710676908493 -0.61237245798111 0.353553384542465 -0.70710676908493 -0.683012723922729 0.183012709021568 0 0 1 0 0 1 0 0 1 0 0 1 0 0 1 0 0 1 0 0 1 0 0 1 0 0 1 0 0 1 0 0 1 0 0 1 0 0 1 -1.37132291584976E-16 -1 0 -1.37132291584976E-16 -1 0 -1.37132291584976E-16 -1 0 -1.37132291584976E-16 -1 0 -1.37132291584976E-16 -1 0 -1.37132291584976E-16 -1 0 -1.37132291584976E-16 -1 0 -1.37132291584976E-16 -1 0 -1.37132291584976E-16 -1 0 -1.37132291584976E-16 -1 0 0 0 -1 0 0 -1 0 0 -1 0 0 -1 1 0 0 1 0 0 1 0 0 1 0 0 1 0 0 1 0 0 1 0 0 1 0 0 -1 1.82602473384487E-15 0 -1 1.82602473384487E-15 0 -1 1.82602473384487E-15 0 -1 1.82602473384487E-15 0 -1 1.82602473384487E-15 0 -1 1.82602473384487E-15 0 -5.84081958167696E-17 1 0 -5.84081958167696E-17 1 0 -5.84081958167696E-17 1 0 -5.84081958167696E-17 1 0 -5.84081958167696E-17 1 0 -5.84081958167696E-17 1 0 -5.84081958167696E-17 1 0 -5.84081958167696E-17 1 0 -5.84081958167696E-17 1 0 -5.84081958167696E-17 1 0 -5.84081958167696E-17 1 0 -5.84081958167696E-17 1 0 -5.84081958167696E-17 1 0 -5.84081958167696E-17 1 0 -5.84081958167696E-17 1 0 -5.84081958167696E-17 1 0 -5.84081958167696E-17 1 0 -5.84081958167696E-17 1 0 0 0 1 0 0 1 0 0 1 0 0 1 0 0 1 0 0 1 0 0 1 0 0 1 0 0 1 0 0 1 0 0 1 0 0 1 0 0 1 0 0 1 0.866025388240814 0.5 0 0.965925812721252 0.258819043636322 0 0.965925812721252 0.258819043636322 0 0.70710676908493 0.70710676908493 0 0.866025388240814 0.5 0 0.5 0.866025388240814 0 0.70710676908493 0.70710676908493 0 1 0 0 1 0 0 1 0 0 0 1 0 0.258819043636322 0.965925812721252 0 0.258819043636322 0.965925812721252 0 0 1 0 0.5 0.866025388240814 0 3.15404258734045E-15 -1 0 3.15404258734045E-15 -1 0 3.15404258734045E-15 -1 0 3.15404258734045E-15 -1 0 -1 0 0 -1 0 0 -1 0 0 -1 0 0 -1 0 0 -1 0 0 -1 0 0 -1 0 0 -1 0 0 -1 0 0 -1 0 0 -1 0 0 -1 0 0 -1 0 0 -1 0 0 -1 0 0 -1 0 0 -1 0 0 -1 0 0 -1 0 0 -1 0 0 -1 0 0 -1 0 0 -1 0 0 -1 0 0 -1 0 0 -1 0 0 -1 0 0 0 0 -1 0 0 -1 0 0 -1 0 0 -1 0 0 -1 0 0 -1 0 0 -1 0 0 -1 0 0 -1 0 0 -1 0 0 -1 0 0 -1 0 0 -1 0 0 -1 0 0 -1 0 0 -1 0 0 -1 0 0 -1 -0.965925812721252 0.258819043636322 0 -0.866025388240814 0.5 0 -0.866025388240814 0.5 0 -0.70710676908493 0.70710676908493 0 -0.70710676908493 0.70710676908493 0 -0.5 0.866025388240814 0 -0.5 0.866025388240814 0 -0.258819043636322 0.965925812721252 0 -0.258819043636322 0.965925812721252 0 0 1 0 0 1 0 -1 0 0 -0.965925812721252 0.258819043636322 0 -1 0 0 0 0.999160587787628 0.0409655831754208 0 0.999160587787628 0.0409655831754208 0 0.999160587787628 0.0409655831754208 0 0.999160587787628 0.0409655831754208 0 0.999160587787628 -0.0409655831754208 0 0.999160587787628 -0.0409655831754208 0 0.999160587787628 -0.0409655831754208 0 0.999160587787628 -0.0409655831754208 0 1 0 0 1 0 0 1 0 0 1 0 -1 0 0 -1 0 0 -1 0 0 -1 0 0 1 0 0 1 0 0 1 0 0 1 0 0 1.87789321988647E-16 0.866025388240814 0.5 2.09451779333091E-16 0.965925812721252 0.258819043636322 1.87789321988647E-16 0.866025388240814 0.5 -1.87789321988647E-16 -0.866025388240814 0.5 -1.53329348246602E-16 -0.70710676908493 0.70710676908493 -1.87789321988647E-16 -0.866025388240814 0.5 2.09451779333091E-16 0.965925812721252 -0.258819043636322 1.87789321988647E-16 0.866025388240814 -0.5 2.09451779333091E-16 0.965925812721252 -0.258819043636322 2.16840434497101E-16 1 1.22464685258517E-16 2.16840434497101E-16 1 1.22464685258517E-16 1.87789321988647E-16 0.866025388240814 -0.5 1.53329348246602E-16 0.70710676908493 -0.70710676908493 2.09451779333091E-16 0.965925812721252 0.258819043636322 1.53329348246602E-16 0.70710676908493 0.70710676908493 1.53329348246602E-16 0.70710676908493 0.70710676908493 -1.0842021724855E-16 -0.5 0.866025388240814 -5.61224310864896E-17 -0.258819043636322 0.965925812721252 -1.0842021724855E-16 -0.5 0.866025388240814 1.0842021724855E-16 0.5 0.866025388240814 1.0842021724855E-16 0.5 0.866025388240814 -2.71050543121376E-16 -1 0 -2.09451779333091E-16 -0.965925812721252 0.258819043636322 -2.71050543121376E-16 -1 0 1.53329348246602E-16 0.70710676908493 -0.70710676908493 1.0842021724855E-16 0.5 -0.866025388240814 -2.09451779333091E-16 -0.965925812721252 0.258819043636322 5.61224310864896E-17 0.258819043636322 -0.965925812721252 2.3242593707001E-31 1.07187540788323E-15 -1 5.61224310864896E-17 0.258819043636322 -0.965925812721252 2.3242593707001E-31 1.07187540788323E-15 -1 -5.61224310864896E-17 -0.258819043636322 -0.965925812721252 -5.61224310864896E-17 -0.258819043636322 -0.965925812721252 -1.0842021724855E-16 -0.5 -0.866025388240814 -1.0842021724855E-16 -0.5 -0.866025388240814 -1.53329348246602E-16 -0.70710676908493 -0.70710676908493 -1.53329348246602E-16 -0.70710676908493 -0.70710676908493 -1.87789321988647E-16 -0.866025388240814 -0.5 -1.87789321988647E-16 -0.866025388240814 -0.5 -2.09451779333091E-16 -0.965925812721252 -0.258819043636322 -2.09451779333091E-16 -0.965925812721252 -0.258819043636322 5.61224310864896E-17 0.258819043636322 0.965925812721252 5.61224310864896E-17 0.258819043636322 0.965925812721252 -1.32776465641834E-32 -6.12323426292584E-17 1 -1.32776465641834E-32 -6.12323426292584E-17 1 -5.61224310864896E-17 -0.258819043636322 0.965925812721252 -1.53329348246602E-16 -0.70710676908493 0.70710676908493 1.0842021724855E-16 0.5 -0.866025388240814 -1 2.16840434497101E-16 0 -1 2.16840434497101E-16 0 -1 2.16840434497101E-16 0 -1 2.16840434497101E-16 0 -1 2.16840434497101E-16 0 -1 2.16840434497101E-16 0 -1 2.16840434497101E-16 0 -1 2.16840434497101E-16 0 -1 2.16840434497101E-16 0 -1 2.16840434497101E-16 0 -1 2.16840434497101E-16 0 -1 2.16840434497101E-16 0 -1 2.16840434497101E-16 0 -1 2.16840434497101E-16 0 -1 2.16840434497101E-16 0 -1 2.16840434497101E-16 0 -1 2.16840434497101E-16 0 -1 2.16840434497101E-16 0 -1 2.16840434497101E-16 0 -1 2.16840434497101E-16 0 -1 2.16840434497101E-16 0 -1 2.16840434497101E-16 0 -1 2.16840434497101E-16 0 -1 2.16840434497101E-16 0 -1 2.16840434497101E-16 0 -0.97388356924057 -0.227047935128212 0 -0.896898448467255 -0.442236512899399 0 -0.896898448467255 -0.442236512899399 0 -0.97388356924057 -0.227047935128212 0 -1 0 0 -1 0 0 -0.773065805435181 -0.634325802326202 0 -0.773065805435181 -0.634325802326202 0 -1 0 0 -1 0 0 -1 0 0 -1 0 0 -1 0 0 -1 0 0 1 -1.73488832976417E-15 0 1 -1.73488832976417E-15 0 1 -1.73488832976417E-15 0 1 -1.73488832976417E-15 0 1 -1.73488832976417E-15 0 1 -1.73488832976417E-15 0 0.896898448467255 0.442236512899399 0 0.97388356924057 0.227047935128212 0 0.896898448467255 0.442236512899399 0 0.97388356924057 0.227047935128212 0 1 0 0 1 0 0 0.773065805435181 0.634325802326202 0 0.773065805435181 0.634325802326202 0 0.773065805435181 0.634325802326202 0 0.773065805435181 0.634325802326202 0 0.773065805435181 0.634325802326202 0 0.773065805435181 0.634325802326202 0 0.773065805435181 0.634325802326202 0 0.896898448467255 0.442236512899399 0 0.896898448467255 0.442236512899399 0 0.97388356924057 0.227047935128212 0 0.97388356924057 0.227047935128212 0 0.773065805435181 0.634325802326202 0 1 0 0 1 0 0 1 0 0 1 0 0 1 0 0 1 0 0 -1 -3.46944695195361E-15 0 -1 -3.46944695195361E-15 0 -1 -3.46944695195361E-15 0 -1 -3.46944695195361E-15 0 -0.97388356924057 -0.227047935128212 0 -1 -3.46944695195361E-15 0 -0.97388356924057 -0.227047935128212 0 -1 -3.46944695195361E-15 0 -0.896898448467255 -0.442236512899399 0 -0.896898448467255 -0.442236512899399 0 -0.773065805435181 -0.634325802326202 0 -0.773065805435181 -0.634325802326202 0 -0.773065805435181 -0.634325802326202 0 -0.773065805435181 -0.634325802326202 0 -0.773065805435181 -0.634325802326202 0 -0.773065805435181 -0.634325802326202 0 0 0 1 0 0 1 0 0 1 0 0 1 0 0 1 0 0 1 0 0 1 0 0 1 0 0 1 0 0 1 0 0 1 0 0 1 0 0 1 0 0 1 0 0 1 0 0 1 0 0 1 0 0 1 0 0 1 0 0 1 0 0 -1 0 0 -1 0 0 -1 0 0 -1 0 0 -1 0 0 -1 0 0 -1 0 0 -1 0 0 -1 0 0 -1 0 0 -1 0 0 -1 0 0 -1 0 0 -1 0 0 -1 0 0 -1 0 0 -1 0 0 -1 0 0 -1 0 0 -1 0 -1 0 0 -1 0 0 -1 0 0 -1 0 0 1 0 0 1 0 0 1 0 0 1 0 0 0 1 0 0 1 0 0 1 0 0 1 -1 0 0 -1 0 0 -1 0 0 0 0 1 0 0 1 0 0 1 0 0 1 -0.575576305389404 7.13189764012851E-17 -0.817748069763184 -0.575576305389404 7.13189764012851E-17 -0.817748069763184 -0.575576305389404 7.13189764012851E-17 -0.817748069763184 -0.575576305389404 7.13189764012851E-17 -0.817748069763184 -1 -1.22464685258517E-16 0 -1 -1.22464685258517E-16 0 -1 -1.22464685258517E-16 0 -1 -1.22464685258517E-16 0 -1 -1.22464685258517E-16 0 -1 -1.22464685258517E-16 0 -1 -1.22464685258517E-16 0 -1 -1.22464685258517E-16 0 1 0 0 1 0 0 1 0 0 1 0 0 1 0 0 1 0 0 0 0 -1 0 0 -1 0 0 -1 0 0 -1 0 0 -1 0 0 -1 0 0 -1 0 0 -1 0 0 -1 0 0 -1 0 0 -1 0 0 -1 0 0 -1 0 0 -1 0 0 -1 0 0 -1 0 0 -1 0 0 -1 0 0 -1 -0.866025388240814 -0.5 0 -0.965925812721252 -0.258819043636322 0 -0.965925812721252 -0.258819043636322 0 -0.866025388240814 -0.5 0 -0.965925812721252 -0.258819043636322 0 -0.866025388240814 -0.5 0 -0.965925812721252 -0.258819043636322 0 -0.866025388240814 -0.5 0 -0.965925812721252 -0.258819043636322 0 -1 -1.22464685258517E-16 0 -1 -1.22464685258517E-16 0 -1 -1.22464685258517E-16 0 -1 -1.22464685258517E-16 0 -1 -1.22464685258517E-16 0 -0.9672030210495 -0.254004567861557 0 -0.965925812721252 -0.258819043636322 0 -0.9672030210495 -0.254004567861557 0 -1 -1.22464685258517E-16 0 -0.866025388240814 -0.5 0 -0.70710676908493 -0.70710676908493 0 -0.70710676908493 -0.70710676908493 0 -0.70710676908493 -0.70710676908493 0 -0.70710676908493 -0.70710676908493 0 -0.70710676908493 -0.70710676908493 0 -0.866025388240814 -0.5 0 -0.70710676908493 -0.70710676908493 0 -0.5 -0.866025388240814 0 -0.5 -0.866025388240814 0 -0.5 -0.866025388240814 0 -0.5 -0.866025388240814 0 -0.5 -0.866025388240814 0 -0.5 -0.866025388240814 0 -0.258819043636322 -0.965925812721252 0 -0.258819043636322 -0.965925812721252 0 -0.258819043636322 -0.965925812721252 0 -0.258819043636322 -0.965925812721252 0 -0.258819043636322 -0.965925812721252 0 -0.258819043636322 -0.965925812721252 0 6.12323426292584E-17 -1 0 6.12323426292584E-17 -1 0 6.12323426292584E-17 -1 0 6.12323426292584E-17 -1 0 6.12323426292584E-17 -1 0 6.12323426292584E-17 -1 0 0 -1 0 0 -1 0 0 -1 0 0 -1 0 0 -1 0 0 -1 0 0 -1 0 0 -1 0 0 -1 0 0 -1 0 0 -1 0 0 -1 0 0 1 0 0 1 0 0 1 0 0 1 0 1 0 0 1 0 0 1 0 0 1 0 0 0 -1 0 0 -1 0 0 -1 0 0 -1 0 -0.249784246087074 -0.96830153465271 0 -0.483732908964157 -0.875215649604797 0 -0.483732908964157 -0.875215649604797 0 -0.687014400959015 -0.726643800735474 0 -0.687014400959015 -0.726643800735474 0 -0.846741259098053 -0.53200489282608 0 -0.846741259098053 -0.53200489282608 0 -0.952787280082703 -0.30363854765892 0 -0.952787280082703 -0.30363854765892 0 -0.998429536819458 -0.0560224093496799 0 -0.998429536819458 -0.0560224093496799 0 -0.249784246087074 -0.96830153465271 0 0 -1 0 0 -1 0 0 0 -1 0 0 -1 0 0 -1 0 0 -1 0 0 -1 -1.23908823494026E-16 -1 0 -1.23908823494026E-16 -1 0 -1.23908823494026E-16 -1 0 -1.23908823494026E-16 -1 0 -1.23908823494026E-16 -1 0 -1.23908823494026E-16 -1 0 -1.23908823494026E-16 -1 0 -1.23908823494026E-16 -1 0 -1.23908823494026E-16 -1 0 -1.23908823494026E-16 -1 0 -1.23908823494026E-16 -1 0 -1.23908823494026E-16 -1 0 -1.23908823494026E-16 -1 0 -1.23908823494026E-16 -1 0 -1.23908823494026E-16 -1 0 -1.23908823494026E-16 -1 0 -1.23908823494026E-16 -1 0 -1.23908823494026E-16 -1 0 -1.23908823494026E-16 -1 0 -1.23908823494026E-16 -1 0 -1.23908823494026E-16 -1 0 -1.23908823494026E-16 -1 0 -1.23908823494026E-16 -1 0 -1.23908823494026E-16 -1 0 -1.23908823494026E-16 -1 0 -1.23908823494026E-16 -1 0 0 0 -1 0 0 -1 0 0 -1 0 0 -1 0.766044437885284 0 -0.642787635326385 0.766044437885284 0 -0.642787635326385 0.766044437885284 0 -0.642787635326385 0.766044437885284 0 -0.642787635326385 1 -1.23908823494026E-16 0 1 -1.23908823494026E-16 0 1 -1.23908823494026E-16 0 1 -1.23908823494026E-16 0 0.70710676908493 0 0.70710676908493 0.70710676908493 0 0.70710676908493 0.70710676908493 0 0.70710676908493 0.70710676908493 0 0.70710676908493 0.575576305389404 0 0.817748069763184 0.575576305389404 0 0.817748069763184 0.575576305389404 0 0.817748069763184 0.575576305389404 0 0.817748069763184 -0.5 0 -0.866025388240814 -0.5 0 -0.866025388240814 -0.5 0 -0.866025388240814 -0.5 0 -0.866025388240814 -0.5 0 -0.866025388240814 -0.5 0 -0.866025388240814 0 1 0 0 1 0 0 1 0 0 1 0 0 1 0 0 1 0 -0.994833052158356 0 -0.101524323225021 -0.994833052158356 0 -0.101524323225021 -0.994833052158356 0 -0.101524323225021 -0.994833052158356 0 -0.101524323225021 -0.994833052158356 0 -0.101524323225021 -0.994833052158356 0 -0.101524323225021 -0.994833052158356 0 -0.101524323225021 -0.9636589884758 -2.9909054313627E-17 -0.267135471105576 -0.977289438247681 -5.9818108627254E-17 -0.211908861994743 -0.964162528514862 -2.9909054313627E-17 -0.265312314033508 -0.963124811649323 -2.9909054313627E-17 -0.269055008888245 -0.946992158889771 0 -0.321256667375565 -0.966230392456055 -5.9818108627254E-17 -0.257679790258408 -0.964610993862152 -2.9909054313627E-17 -0.263677090406418 -0.96498316526413 -2.9909054313627E-17 -0.26231187582016 -0.904502511024475 -2.9909054313627E-17 -0.426468342542648 -0.904502511024475 -5.9818108627254E-17 -0.426468342542648 -0.946992158889771 0 -0.321256667375565 -0.977289438247681 -2.9909054313627E-17 -0.211908861994743 -0.965491592884064 -2.9909054313627E-17 -0.260434329509735 -0.965433716773987 -2.9909054313627E-17 -0.260648757219315 -0.977289438247681 -1.86931589460169E-18 -0.211908861994743 -0.965468049049377 -1.86931589460169E-18 -0.260521531105042 -0.96526163816452 -2.9909054313627E-17 -0.261285245418549 0.426468342542648 0 -0.904502511024475 0.426468342542648 0 -0.904502511024475 0.426468342542648 0 -0.904502511024475 0.426468342542648 0 -0.904502511024475 0.989374101161957 0 0.145392343401909 0.989374101161957 0 0.145392343401909 0.989374101161957 0 0.145392343401909 0.989374101161957 0 0.145392343401909 0.989374101161957 0 0.145392343401909 0.989374101161957 0 0.145392343401909 0.989374101161957 0 0.145392343401909 0.989374101161957 0 0.145392343401909 0.989374101161957 0 0.145392343401909 0.989374101161957 0 0.145392343401909 0.989374101161957 0 0.145392343401909 0.989374101161957 0 0.145392343401909 0.989374101161957 0 0.145392343401909 0.989374101161957 0 0.145392343401909 0.989374101161957 0 0.145392343401909 0.989374101161957 0 0.145392343401909 0.989374101161957 0 0.145392343401909 0.989374101161957 0 0.145392343401909 0.989374101161957 0 0.145392343401909 0.989374101161957 0 0.145392343401909 0.989374101161957 0 0.145392343401909 0.989374101161957 0 0.145392343401909 0.989374101161957 0 0.145392343401909 0.989374101161957 0 0.145392343401909 0.989374101161957 0 0.145392343401909 0.989374101161957 0 0.145392343401909 0.989374101161957 0 0.145392343401909 0.974142253398895 0 0.225935593247414 0.974142253398895 0 0.225935593247414 0.974142253398895 0 0.225935593247414 0.974142253398895 0 0.225935593247414 0.974142253398895 0 0.225935593247414 0 -1 0 0 -1 0 0 -1 0 0 -1 0 0 -1 0 0 -1 0 0 -1 0 0 -1 0 0 -1 0 0 -1 0 0 -1 0 0 -1 0 0 -1 0 0 -1 0 0 -1 0 0 -1 0 0 -1 0 0 -1 0 0 -1 0 -0.0996960997581482 0 0.995017945766449 -0.0996960997581482 0 0.995017945766449 -0.0996960997581482 0 0.995017945766449 -0.0996960997581482 0 0.995017945766449 -0.959805309772491 0 -0.280666708946228 -0.959805309772491 0 -0.280666708946228 -0.959805309772491 0 -0.280666708946228 -0.959805309772491 0 -0.280666708946228 -0.0598749071359634 -0.911266982555389 0.407440155744553 -0.0598749071359634 -0.911266982555389 0.407440155744553 -0.0598749071359634 -0.911266982555389 0.407440155744553 -0.0598749071359634 -0.911266982555389 0.407440155744553 -0.0598749071359634 -0.911266982555389 0.407440155744553 -0.0598749071359634 -0.911266982555389 0.407440155744553 -0.0598749071359634 -0.911266982555389 0.407440155744553 -0.0598749071359634 -0.911266982555389 0.407440155744553 -0.0598749071359634 -0.911266982555389 0.407440155744553 -0.0598749071359634 -0.911266982555389 0.407440155744553 -0.0598749071359634 -0.911266982555389 0.407440155744553 -0.0598749071359634 -0.911266982555389 0.407440155744553 -0.0598749071359634 -0.911266982555389 0.407440155744553 -0.0598749071359634 -0.911266982555389 0.407440155744553 1 0 0 1 0 0 1 0 0 1 0 0 1 0 0 1 0 0 1 0 0 1 0 0 -1 0 -1.26622147956768E-16 -1 0 -1.26622147956768E-16 -1 0 -1.26622147956768E-16 -1 0 -1.26622147956768E-16 -1 0 -1.26622147956768E-16 -1 0 -1.26622147956768E-16 -1 0 -1.26622147956768E-16 -1 0 -1.26622147956768E-16 -1 0 -1.26622147956768E-16 -1 0 -1.26622147956768E-16 -1 0 -1.26622147956768E-16 -1 0 -1.26622147956768E-16 -1 0 -1.26622147956768E-16 -1 0 -1.26622147956768E-16 -1 0 -1.26622147956768E-16 0 0 -1 0 0 -1 0 0 -1 0 0 -1 0 0 -1 0 0 -1 0 0 -1 0 0 -1 0 0 -1 0 0 -1 0 0 -1 0 0 -1 -0.659347534179688 0 0.751838266849518 -0.659347534179688 0 0.751838266849518 -0.659347534179688 0 0.751838266849518 -0.659347534179688 0 0.751838266849518 -1 0 0 -1 0 0 -1 0 0 -1 0 0 0 0 -1 0 0 -1 0 0 -1 0 0 -1 -1 0 0 -1 0 0 -1 0 0 -1 0 0 0 0 -1 0 0 -1 0 0 -1 0 0 -1 -0.116875469684601 -6.93889390390723E-17 -0.993146598339081 -0.178000003099442 -2.77555756156289E-16 -0.984030485153198 -0.178000003099442 -2.77555756156289E-16 -0.984030485153198 -0.116875469684601 -6.93889390390723E-17 -0.993146598339081 0.99619472026825 0 -0.087155744433403 0.99619472026825 0 -0.087155744433403 0.99619472026825 0 -0.087155744433403 0.99619472026825 0 -0.087155744433403 0.99619472026825 0 -0.087155744433403 1 0 0 1 0 0 1 0 0 1 0 0 1 0 0 1 0 0 0.99619472026825 0 0.087155744433403 0.99619472026825 0 0.087155744433403 0.99619472026825 0 0.087155744433403 0.99619472026825 0 0.087155744433403 1 0 0 1 0 0 1 0 0 1 0 0 1 0 0 0 0 -1 0 0 -1 0 0 -1 0 0 -1 -1 0 2.98709789915079E-15 -0.965925812721252 0 -0.258819043636322 -0.965925812721252 0 -0.258819043636322 -0.866025388240814 0 -0.5 -0.866025388240814 0 -0.5 -0.984807729721069 0 0.173648178577423 -1 0 2.98709789915079E-15 -0.70710676908493 0 -0.70710676908493 -0.5 0 -0.866025388240814 -0.5 0 -0.866025388240814 -0.258819043636322 0 -0.965925812721252 -0.258819043636322 0 -0.965925812721252 0 0 -1 6.12131057169329E-17 0 -1 -0.984807729721069 0 0.173648178577423 -0.70710676908493 0 -0.70710676908493 -0.983134746551514 0 -0.182882755994797 -0.983134746551514 0 -0.182882755994797 -0.983134746551514 0 -0.182882755994797 -0.983134746551514 0 -0.182882755994797 0.99074786901474 0 0.135715574026108 0.99074786901474 0 0.135715574026108 0.99074786901474 0 0.135715574026108 0.99074786901474 0 0.135715574026108 0.99074786901474 0 0.135715574026108 0.99074786901474 0 0.135715574026108 0 0 1 0 0 1 0 0 1 0 0 1 0 0 1 0 0 1 0 0 1 0 0 1 -1.23908823494026E-16 -1 0 -1.23908823494026E-16 -1 0 -1.23908823494026E-16 -1 0 -1.23908823494026E-16 -1 0 -1.23908823494026E-16 -1 0 -1.23908823494026E-16 -1 0 -1.23908823494026E-16 -1 0 -0.992415249347687 1.7945414721075E-16 -0.122930616140366 -0.990715265274048 1.49545122675625E-16 -0.135952994227409 -0.992415249347687 1.7945414721075E-16 -0.122930616140366 -0.977289438247681 1.7945414721075E-16 -0.21190881729126 -0.977289438247681 1.7945414721075E-16 -0.21190881729126 -1.23908823494026E-16 -1 0 -1.23908823494026E-16 -1 0 -1.23908823494026E-16 -1 0 -1.23908823494026E-16 -1 0 2.68498300502401E-16 1 2.74006836999804E-17 2.68498300502401E-16 1 2.74006836999804E-17 2.68498300502401E-16 1 2.74006836999804E-17 2.68498300502401E-16 1 2.74006836999804E-17 1 -1.23908823494026E-16 0 1 -1.23908823494026E-16 0 1 -1.23908823494026E-16 0 1 -1.23908823494026E-16 0 0.995505809783936 -1.23351952270766E-16 0.0947007387876511 0.995505809783936 -1.23351952270766E-16 0.0947007387876511 0.995505809783936 -1.23351952270766E-16 0.0947007387876511 0.995505809783936 -1.23351952270766E-16 0.0947007387876511 0.995505809783936 -1.23351952270766E-16 0.0947007387876511 0.842548310756683 0 -0.53862076997757 0.69164252281189 -8.5700609846373E-17 -0.722240030765533 0.842548310756683 -1.04399166559477E-16 -0.53862076997757 0.945859730243683 -1.17200362256442E-16 -0.32457560300827 0.99574089050293 0 -0.0921956300735474 0.945859730243683 0 -0.32457560300827 0.989374101161957 -1.22592176951968E-16 0.145392343401909 0.99574089050293 -1.23381082263217E-16 -0.0921956300735474 0.989374101161957 -1.22592176951968E-16 0.145392343401909 0.69164252281189 -8.5700609846373E-17 -0.722240030765533 0.847350418567657 0 -0.531034171581268 0.95153546333313 -1.17903637830679E-16 -0.307539045810699 0.847350418567657 -1.04994187352589E-16 -0.531034171581268 0.95153546333313 0 -0.307539045810699 0.997862815856934 -1.23644006584001E-16 -0.0653441175818443 0.69164252281189 -8.5700609846373E-17 -0.722240030765533 0.69164252281189 -8.5700609846373E-17 -0.722240030765533 0.983515441417694 -1.21866243246392E-16 0.180824041366577 0.997862815856934 0 -0.0653441175818443 0.983515441417694 -1.21866243246392E-16 0.180824041366577 0.953416705131531 -1.18136730709852E-16 0.301656424999237 0.965741634368896 -1.21601704269052E-16 0.2595055103302 0.953416705131531 -1.18136730709852E-16 0.301656424999237 0.983515441417694 -1.21866243246392E-16 0.180824041366577 0.908533871173859 -1.06401492889782E-16 0.417811244726181 0.908533871173859 -1.06401492889782E-16 0.417811244726181 0.983515441417694 -1.21866243246392E-16 0.180824041366577 -1.23908823494026E-16 -1 0 -1.23908823494026E-16 -1 0 -1.23908823494026E-16 -1 0 -1.23908823494026E-16 -1 0 -1.23908823494026E-16 -1 0 -1.23908823494026E-16 -1 0 -1.23908823494026E-16 -1 0 -1.23908823494026E-16 -1 0 -1.23908823494026E-16 -1 0 -1.23908823494026E-16 -1 0 -1.23908823494026E-16 -1 0 -1.23908823494026E-16 -1 0 -1.23908823494026E-16 -1 0 -1.23908823494026E-16 -1 0 0 1 1.90003320528981E-16 0 1 1.90003320528981E-16 0 1 1.90003320528981E-16 0 1 1.90003320528981E-16 0 1 1.90003320528981E-16 0 0.221649095416069 -0.975126504898071 0 0.433212280273438 -0.901291906833649 0 0.221649095416069 -0.975126504898071 0 0.433212280273438 -0.901291906833649 0 0.623023629188538 -0.782203018665314 0 0.623023629188538 -0.782203018665314 0 0.781552672386169 -0.623839259147644 0 0.781552672386169 -0.623839259147644 0 0.900839507579803 -0.434152245521545 0 0.900839507579803 -0.434152245521545 0 0.974894762039185 -0.222666218876839 0 0.974894762039185 -0.222666218876839 0 1 0 0 -0.00104319956153631 -0.999999463558197 0 -0.00104319956153631 -0.999999463558197 0 1 0 0 -0.00104319956153631 -0.999999463558197 0 -0.00104319956153631 -0.999999463558197 0 -0.00104319956153631 -0.999999463558197 0 -0.00104319956153631 -0.999999463558197 0 1 0 0 1 0 0 1 0 0 1 0 0 1 0 0 1 0 0 1 0 0 1 0 0 1 0 0 1 0 0 1 0 0 1 0 0 1 0 0 1 0 0 1 0 0 1 0 0 1 0 0 1 0 0 1 0 0 1 0 0 1 0 0 1 0 0 1 0 0 1 0 0 1 0 0 1 0 0 1 0 0 1 0 0 1 0 0 1 0 0 1 0 0 1 0 0 1 0 0 1 0 0 1 0 0 1 0 0 1 0 0 1 0 0 1 0 0 1 0 0 1 0 0 1 0 0 1 0 0 1 0 0 1 0 0 1 0 0.989374101161957 0 0.145392343401909 0.989374101161957 0 0.145392343401909 0.989374101161957 0 0.145392343401909 0.989374101161957 0 0.145392343401909 0.0586094558238983 0 -0.998281002044678 0.0586094558238983 0 -0.998281002044678 0.0586094558238983 0 -0.998281002044678 0.0586094558238983 0 -0.998281002044678 0.368773579597473 0 0.929519236087799 0.368773579597473 0 0.929519236087799 0.368773579597473 0 0.929519236087799 0.368773579597473 0 0.929519236087799 0 1 0 0 1 0 0 1 0 0 1 0 0.368773579597473 0 0.929519236087799 0.368773579597473 0 0.929519236087799 0.368773579597473 0 0.929519236087799 0.368773579597473 0 0.929519236087799 0.989374101161957 0 0.145392343401909 0.989374101161957 0 0.145392343401909 0.989374101161957 0 0.145392343401909 0.989374101161957 0 0.145392343401909 0.0586094558238983 0 -0.998281002044678 0.0586094558238983 0 -0.998281002044678 0.0586094558238983 0 -0.998281002044678 0.0586094558238983 0 -0.998281002044678 0 1 0 0 1 0 0 1 0 0 1 0 0.368773579597473 0 0.929519236087799 0.368773579597473 0 0.929519236087799 0.368773579597473 0 0.929519236087799 0.368773579597473 0 0.929519236087799 0.989374101161957 0 0.145392343401909 0.989374101161957 0 0.145392343401909 0.989374101161957 0 0.145392343401909 0.989374101161957 0 0.145392343401909 0.0586094558238983 0 -0.998281002044678 0.0586094558238983 0 -0.998281002044678 0.0586094558238983 0 -0.998281002044678 0.0586094558238983 0 -0.998281002044678 0 1 0 0 1 0 0 1 0 0 1 0 0 1 8.11282333528656E-16 0 1 8.11282333528656E-16 0 1 8.11282333528656E-16 0 1 8.11282333528656E-16 0 0.866025388240814 -0.5 0 0.866025388240814 -0.5 0 0.866025388240814 -0.5 0 0.866025388240814 -0.5 0 0.866025388240814 -0.5 0 0.866025388240814 -0.5 0 -1 0 0 -1 0 0 -1 0 0 -1 0 0 -1 0 0 -1 0 -1.26545015019008E-16 0.0348994955420494 0.999390840530396 -1.26545015019008E-16 0.0348994955420494 0.999390840530396 -1.26545015019008E-16 0.0348994955420494 0.999390840530396 -1.26545015019008E-16 0.0348994955420494 0.999390840530396 1.26545015019008E-16 0.0348994955420494 -0.999390840530396 1.26545015019008E-16 0.0348994955420494 -0.999390840530396 1.26545015019008E-16 0.0348994955420494 -0.999390840530396 1.26545015019008E-16 0.0348994955420494 -0.999390840530396 -1.26622147956768E-16 0 1 -1.26622147956768E-16 0 1 -1.26622147956768E-16 0 1 -1.26622147956768E-16 0 1 0 1 0 0 1 0 0 1 0 0 1 0 8.95353794614994E-17 0.70710676908493 -0.70710676908493 8.95353794614994E-17 0.70710676908493 -0.70710676908493 8.95353794614994E-17 0.70710676908493 -0.70710676908493 8.95353794614994E-17 0.70710676908493 -0.70710676908493 1 -4.63754078954751E-17 1.32801795937469E-15 1 -4.63754078954751E-17 1.32801795937469E-15 1 -4.63754078954751E-17 1.32801795937469E-15 1 -4.63754078954751E-17 1.32801795937469E-15 1 -4.63754078954751E-17 1.32801795937469E-15 1 -4.63754078954751E-17 1.32801795937469E-15 1 -4.63754078954751E-17 1.32801795937469E-15 0 0.510492324829102 -0.859882295131683 0 0.510492324829102 -0.859882295131683 0 0.510492324829102 -0.859882295131683 0 0.510492324829102 -0.859882295131683 0 1 0 0 1 0 0 1 0 0 1 0 0 0.994657516479492 0.103230051696301 0 0.994657516479492 0.103230051696301 0 0.994657516479492 0.103230051696301 0 0.994657516479492 0.103230051696301 0 0 1 0 0 1 0 0 1 0 0 1 0 0 1 0 0 1 0 0 1 0 0 1 0 0 1</float_array><technique_common><accessor count="4843" source="#bau0025781348-1-mesh-normals-array" stride="3"><param name="X" type="float" /><param name="Y" type="float" /><param name="Z" type="float" /></accessor></technique_common></source><vertices id="bau0025781348-1-mesh-vertices"><input semantic="POSITION" source="#bau0025781348-1-mesh-positions" /></vertices><triangles count="4182" material="ZincPlated-material"><input offset="0" semantic="VERTEX" source="#bau0025781348-1-mesh-vertices" /><input offset="1" semantic="NORMAL" source="#bau0025781348-1-mesh-normals" /><p>0 0 1 1 2 2 3 3 4 4 5 5 6 6 7 7 8 8 9 9 10 10 11 11 12 12 5 5 13 13 6 6 14 14 15 15 1 1 7 7 2 2 10 10 9 9 4 4 4 4 3 3 10 10 5 5 12 12 3 3 14 14 12 12 13 13 14 14 6 6 16 16 7 7 6 6 15 15 7 7 1 1 8 8 1 1 0 0 17 17 12 12 14 14 16 16 18 18 19 19 20 20 21 21 20 20 22 22 23 23 20 20 24 24 19 19 25 25 26 26 27 27 19 19 28 28 19 19 18 18 29 29 20 20 21 21 30 30 31 31 32 32 33 33 34 34 35 35 36 36 37 37 35 35 38 38 39 39 20 20 40 40 41 41 20 20 42 42 24 24 43 43 44 44 32 32 31 31 45 45 46 46 31 31 33 33 40 40 35 35 37 37 47 47 20 20 39 39 43 43 20 20 48 48 49 49 24 24 44 44 43 43 24 24 20 20 35 35 50 50 51 51 50 50 31 31 46 46 50 50 35 35 31 31 20 20 52 52 35 35 31 31 53 53 54 54 55 55 56 56 57 57 31 31 58 58 59 59 56 56 31 31 60 60 57 57 61 61 62 62 58 58 31 31 54 54 56 56 55 55 31 31 57 57 63 63 64 64 35 35 65 65 66 66 57 57 67 67 61 61 57 57 65 65 35 35 68 68 20 20 69 69 23 23 24 24 70 70 20 20 23 23 69 69 19 19 27 27 71 71 20 20 30 30 18 18 72 72 24 24 73 73 74 74 26 26 75 75 76 76 26 26 77 77 19 19 78 78 28 28 24 24 72 72 70 70 26 26 76 76 75 75 20 20 68 68 22 22 79 79 24 24 80 80 26 26 81 81 77 77 80 80 24 24 74 74 24 24 79 79 73 73 82 82 83 83 19 19 84 84 85 85 82 82 86 86 85 85 87 87 84 84 82 82 88 88 89 89 82 82 90 90 91 91 19 19 92 92 93 93 19 19 94 94 95 95 19 19 26 26 85 85 84 84 87 87 96 96 82 82 97 97 90 90 82 82 91 91 19 19 93 93 92 92 98 98 19 19 99 99 19 19 95 95 100 100 82 82 96 96 88 88 19 19 91 91 82 82 19 19 100 100 99 99 101 101 26 26 102 102 103 103 85 85 104 104 82 82 89 89 97 97 26 26 101 101 95 95 85 85 103 103 105 105 19 19 98 98 94 94 106 106 26 26 107 107 108 108 26 26 85 85 85 85 86 86 104 104 26 26 108 108 107 107 26 26 106 106 102 102 109 109 110 110 82 82 111 111 112 112 109 109 113 113 112 112 114 114 111 111 109 109 115 115 116 116 109 109 117 117 118 118 82 82 119 119 120 120 82 82 121 121 122 122 82 82 85 85 112 112 111 111 114 114 78 78 19 19 29 29 117 117 109 109 118 118 82 82 120 120 119 119 123 123 82 82 124 124 122 122 85 85 125 125 82 82 122 122 124 124 109 109 126 126 115 115 82 82 118 118 109 109 52 52 20 20 127 127 24 24 128 128 31 31 127 127 19 19 83 83 26 26 74 74 24 24 83 83 82 82 110 110 85 85 105 105 108 108 110 110 109 109 129 129 112 112 130 130 85 85 129 129 131 131 132 132 112 112 133 133 134 134 132 132 135 135 136 136 137 137 138 138 139 139 136 136 140 140 141 141 142 142 143 143 137 137 141 141 144 144 145 145 146 146 147 147 148 148 145 145 149 149 150 150 151 151 152 152 146 146 35 35 153 153 154 154 155 155 156 156 157 157 155 155 158 158 159 159 35 35 160 160 57 57 35 35 161 161 160 160 161 161 35 35 52 52 162 162 155 155 157 157 158 158 155 155 162 162 156 156 155 155 163 163 163 163 164 164 151 151 151 151 165 165 166 166 151 151 167 167 168 168 149 149 169 169 170 170 167 167 151 151 164 164 171 171 151 151 168 168 149 149 172 172 173 173 155 155 174 174 175 175 176 176 151 151 171 171 149 149 166 166 172 172 169 169 149 149 173 173 149 149 177 177 178 178 163 163 179 179 180 180 165 165 151 151 176 176 166 166 149 149 151 151 177 177 149 149 170 170 155 155 178 178 174 174 155 155 181 181 182 182 183 183 163 163 180 180 178 178 155 155 149 149 181 181 155 155 175 175 163 163 184 184 185 185 164 164 163 163 183 183 186 186 155 155 182 182 179 179 163 163 185 185 155 155 184 184 163 163 187 187 155 155 186 186 184 184 155 155 187 187 155 155 150 150 149 149 144 144 188 188 189 189 146 146 190 190 191 191 144 144 192 192 193 193 194 194 146 146 152 152 146 146 195 195 196 196 192 192 144 144 189 189 149 149 197 197 198 198 190 190 146 146 194 194 199 199 85 85 200 200 130 130 112 112 201 201 202 202 112 112 203 203 109 109 116 116 204 204 85 85 199 199 125 125 112 112 202 202 201 201 82 82 123 123 121 121 205 205 85 85 206 206 112 112 113 113 203 203 206 206 85 85 130 130 85 85 205 205 200 200 131 131 129 129 109 109 207 207 208 208 131 131 209 209 208 208 210 210 207 207 131 131 211 211 212 212 131 131 213 213 214 214 131 131 109 109 215 215 109 109 216 216 217 217 19 19 71 71 81 81 26 26 25 25 25 25 19 19 217 217 19 19 127 127 20 20 24 24 49 49 218 218 35 35 34 34 38 38 24 24 219 219 220 220 31 31 221 221 45 45 20 20 47 47 42 42 219 219 24 24 218 218 128 128 24 24 220 220 221 221 31 31 128 128 35 35 51 51 36 36 35 35 40 40 20 20 126 126 109 109 204 204 20 20 41 41 48 48 222 222 109 109 112 112 208 208 207 207 210 210 223 223 131 131 224 224 131 131 214 214 213 213 109 109 215 215 225 225 226 226 109 109 227 227 222 222 112 112 228 228 109 109 222 222 227 227 229 229 112 112 208 208 131 131 223 223 211 211 109 109 225 225 214 214 230 230 112 112 231 231 229 229 208 208 232 232 131 131 212 212 224 224 195 195 146 146 191 191 197 197 144 144 193 193 151 151 233 233 234 234 144 144 235 235 236 236 235 235 146 146 196 196 188 188 144 144 236 236 197 197 149 149 144 144 149 149 237 237 238 238 151 151 239 239 240 240 235 235 144 144 146 146 241 241 149 149 198 198 242 242 149 149 238 238 151 151 243 243 239 239 152 152 151 151 240 240 237 237 149 149 241 241 151 151 244 244 233 233 243 243 151 151 234 234 244 244 149 149 242 242 244 244 151 151 149 149 149 149 145 145 144 144 142 142 148 148 245 245 148 148 142 142 146 146 142 142 246 246 247 247 248 248 142 142 245 245 140 140 249 249 250 250 246 246 142 142 248 248 140 140 251 251 252 252 144 144 253 253 254 254 255 255 142 142 247 247 140 140 256 256 249 249 140 140 253 253 144 144 144 144 257 257 258 258 140 140 259 259 251 251 256 256 140 140 252 252 253 253 140 140 250 250 260 260 144 144 254 254 146 146 261 261 262 262 140 140 255 255 259 259 257 257 144 144 260 260 263 263 144 144 258 258 146 146 264 264 147 147 255 255 140 140 142 142 146 146 265 265 261 261 146 146 266 266 264 264 265 265 144 144 263 263 266 266 146 146 262 262 265 265 146 146 144 144 144 144 141 141 140 140 142 142 267 267 268 268 140 140 269 269 270 270 142 142 271 271 272 272 273 273 137 137 143 143 140 140 274 274 275 275 271 271 142 142 268 268 143 143 142 142 272 272 135 135 276 276 277 277 274 274 140 140 270 270 140 140 278 278 142 142 135 135 279 279 280 280 140 140 281 281 282 282 283 283 140 140 275 275 267 267 142 142 278 278 137 137 284 284 285 285 135 135 286 286 276 276 281 281 135 135 277 277 269 269 140 140 282 282 278 278 140 140 283 283 287 287 137 137 273 273 288 288 137 137 285 285 286 286 135 135 280 280 57 57 289 289 290 290 57 57 291 291 289 289 292 292 57 57 290 290 67 67 57 57 64 64 65 65 57 57 62 62 293 293 35 35 66 66 294 294 35 35 154 154 291 291 57 57 56 56 57 57 295 295 63 63 153 153 35 35 293 293 31 31 296 296 297 297 295 295 57 57 292 292 296 296 35 35 294 294 53 53 31 31 297 297 296 296 31 31 35 35 150 150 155 155 159 159 281 281 140 140 135 135 284 284 137 137 287 287 135 135 298 298 279 279 298 298 137 137 288 288 298 298 135 135 137 137 140 140 136 136 135 135 135 135 299 299 300 300 208 208 301 301 302 302 137 137 303 303 304 304 208 208 305 305 306 306 208 208 307 307 131 131 137 137 308 308 303 303 309 309 137 137 304 304 305 305 137 137 139 139 301 301 208 208 306 306 310 310 208 208 302 302 131 131 311 311 312 312 137 137 313 313 308 308 137 137 314 314 138 138 305 305 208 208 137 137 307 307 208 208 310 310 131 131 315 315 316 316 317 317 318 318 314 314 137 137 300 300 313 313 319 319 137 137 309 309 315 315 131 131 307 307 311 311 131 131 316 316 320 320 321 321 322 322 135 135 323 323 324 324 300 300 137 137 135 135 314 314 137 137 319 319 321 321 320 320 325 325 314 314 326 326 327 327 328 328 135 135 324 324 326 326 314 314 319 319 314 314 329 329 317 317 330 330 131 131 312 312 323 323 135 135 331 331 332 332 135 135 328 328 329 329 314 314 327 327 320 320 333 333 334 334 335 335 325 325 320 320 299 299 135 135 332 332 333 333 320 320 322 322 334 334 336 336 320 320 331 331 325 325 335 335 337 337 338 338 339 339 318 318 317 317 337 337 31 31 59 59 60 60 135 135 325 325 331 331 131 131 325 325 135 135 340 340 341 341 342 342 336 336 334 334 340 340 325 325 131 131 330 330 341 341 340 340 334 334 342 342 343 343 344 344 339 339 344 344 343 343 338 338 337 337 317 317 344 344 339 339 338 338 343 343 342 342 341 341 135 135 132 132 131 131 112 112 345 345 231 231 346 346 112 112 134 134 208 208 209 209 232 232 345 345 112 112 346 346 109 109 226 226 216 216 112 112 229 229 133 133 112 112 230 230 228 228 347 347 348 348 349 349 350 350 348 348 351 351 352 352 353 353 354 354 355 355 356 356 352 352 357 357 358 358 359 359 348 348 347 347 360 360 351 351 361 361 350 350 362 362 355 355 363 363 364 364 365 365 366 366 353 353 352 352 356 356 348 348 360 360 367 367 356 356 355 355 362 362 368 368 364 364 369 369 370 370 364 364 358 358 358 358 348 348 370 370 348 348 371 371 349 349 369 369 364 364 372 372 358 358 357 357 348 348 355 355 366 366 365 365 363 363 355 355 365 365 364 364 370 370 372 372 366 366 355 355 373 373 365 365 364 364 368 368 348 348 367 367 370 370 366 366 373 373 374 374 351 351 375 375 376 376 348 348 350 350 371 371 375 375 352 352 354 354 361 361 351 351 376 376 375 375 351 351 352 352 357 357 359 359 377 377 378 378 379 379 380 380 380 380 381 381 382 382 382 382 383 383 384 384 384 384 385 385 386 386 386 386 387 387 388 388 388 388 389 389 390 390 390 390 391 391 392 392 393 393 394 394 378 378 395 395 396 396 393 393 397 397 398 398 395 395 399 399 400 400 397 397 401 401 402 402 399 399 403 403 404 404 401 401 405 405 406 406 403 403 407 407 408 408 409 409 410 410 411 411 407 407 412 412 392 392 391 391 413 413 414 414 410 410 415 415 416 416 413 413 417 417 418 418 415 415 419 419 420 420 417 417 421 421 422 422 419 419 423 423 424 424 421 421 424 424 423 423 412 412 422 422 421 421 424 424 420 420 419 419 422 422 418 418 417 417 420 420 416 416 415 415 418 418 414 414 413 413 416 416 411 411 410 410 414 414 408 408 407 407 411 411 425 425 409 409 408 408 392 392 412 412 423 423 394 394 393 393 396 396 379 379 378 378 394 394 381 381 380 380 379 379 383 383 382 382 381 381 385 385 384 384 383 383 387 387 386 386 385 385 389 389 388 388 387 387 391 391 390 390 389 389 409 409 425 425 405 405 404 404 403 403 406 406 402 402 401 401 404 404 400 400 399 399 402 402 398 398 397 397 400 400 396 396 395 395 398 398 406 406 405 405 425 425 426 426 427 427 428 428 429 429 426 426 430 430 431 431 432 432 433 433 434 434 435 435 436 436 437 437 438 438 439 439 440 440 441 441 426 426 426 426 442 442 443 443 444 444 445 445 446 446 432 432 447 447 448 448 449 449 432 432 450 450 438 438 451 451 439 439 452 452 443 443 442 442 445 445 448 448 446 446 432 432 453 453 454 454 443 443 452 452 455 455 456 456 426 426 457 457 451 451 438 438 458 458 459 459 460 460 461 461 462 462 438 438 437 437 435 435 434 434 462 462 434 434 463 463 464 464 457 457 429 429 465 465 427 427 426 426 456 456 455 455 452 452 466 466 432 432 454 454 433 433 450 450 466 466 452 452 466 466 450 450 432 432 445 445 444 444 467 467 467 467 468 468 469 469 470 470 467 467 471 471 445 445 472 472 432 432 473 473 467 467 474 474 471 471 467 467 444 444 472 472 445 445 475 475 468 468 467 467 473 473 467 467 470 470 474 474 476 476 465 465 429 429 459 459 477 477 478 478 426 426 479 479 440 440 438 438 480 480 458 458 438 438 462 462 434 434 453 453 432 432 449 449 432 432 431 431 447 447 448 448 445 445 432 432 441 441 440 440 481 481 442 442 426 426 441 441 429 429 457 457 426 426 479 479 426 426 428 428 438 438 482 482 480 480 481 481 459 459 483 483 484 484 459 459 478 478 485 485 459 459 486 486 487 487 459 459 461 461 459 459 481 481 440 440 459 459 440 440 460 460 459 459 484 484 488 488 459 459 487 487 486 486 459 459 485 485 438 438 459 459 488 488 483 483 468 468 459 459 469 469 465 465 476 476 434 434 482 482 438 438 489 489 438 438 485 485 489 489 459 459 468 468 477 477 465 465 434 434 464 464 463 463 434 434 436 436 490 490 491 491 492 492 490 490 493 493 491 491 493 493 490 490 494 494 495 495 496 496 497 497 492 492 498 498 499 499 490 490 500 500 501 501 492 492 500 500 490 490 498 498 496 496 495 495 500 500 492 492 499 499 496 496 498 498 492 492 502 502 503 503 504 504 505 505 506 506 503 503 507 507 502 502 504 504 508 508 502 502 507 507 509 509 510 510 506 506 506 506 505 505 511 511 509 509 506 506 511 511 510 510 509 509 512 512 513 513 514 514 515 515 516 516 517 517 518 518 517 517 519 519 520 520 516 516 521 521 512 512 519 519 517 517 516 516 521 521 516 516 518 518 522 522 512 512 521 521 514 514 513 513 523 523 503 503 502 502 505 505 513 513 502 502 508 508 513 513 515 515 502 502 510 510 512 512 522 522 524 524 525 525 526 526 527 527 528 528 529 529 530 530 531 531 532 532 533 533 531 531 527 527 531 531 533 533 532 532 534 534 535 535 536 536 537 537 535 535 538 538 536 536 535 535 539 539 535 535 534 534 538 538 535 535 537 537 540 540 531 531 530 530 541 541 528 528 527 527 531 531 542 542 529 529 528 528 526 526 535 535 540 540 535 535 526 526 525 525 529 529 542 542 524 524 525 525 524 524 542 542 543 543 544 544 545 545 545 545 544 544 546 546 547 547 544 544 543 543 548 548 547 547 549 549 547 547 548 548 544 544 550 550 548 548 549 549 548 548 550 550 551 551 552 552 553 553 554 554 555 555 556 556 557 557 558 558 554 554 555 555 553 553 552 552 559 559 560 560 554 554 558 558 561 561 555 555 554 554 554 554 560 560 552 552 555 555 562 562 556 556 555 555 561 561 562 562 563 563 564 564 565 565 566 566 567 567 563 563 568 568 569 569 570 570 569 569 568 568 571 571 572 572 573 573 571 571 574 574 566 566 573 573 566 566 574 574 575 575 575 575 574 574 576 576 573 573 572 572 574 574 577 577 565 565 564 564 571 571 568 568 572 572 567 567 566 566 575 575 564 564 563 563 567 567 565 565 577 577 578 578 579 579 580 580 581 581 582 582 583 583 584 584 585 585 586 586 579 579 581 581 587 587 588 588 588 588 589 589 590 590 590 590 591 591 592 592 591 591 590 590 589 589 587 587 581 581 580 580 580 580 579 579 586 586 586 586 585 585 582 582 585 585 593 593 582 582 593 593 585 585 594 594 583 583 582 582 593 593 589 589 588 588 587 587 595 595 596 596 597 597 598 598 596 596 599 599 597 597 600 600 595 595 596 596 598 598 597 597 596 596 595 595 601 601 600 600 597 597 602 602 603 603 604 604 605 605 606 606 604 604 607 607 608 608 605 605 604 604 604 604 603 603 609 609 605 605 608 608 610 610 604 604 606 606 608 608 611 611 612 612 613 613 614 614 613 613 615 615 616 616 617 617 618 618 619 619 618 618 620 620 621 621 615 615 617 617 612 612 611 611 622 622 613 613 614 614 611 611 615 615 621 621 614 614 617 617 616 616 621 621 618 618 619 619 616 616 620 620 623 623 619 619 623 623 620 620 624 624 625 625 626 626 627 627 626 626 625 625 628 628 629 629 630 630 631 631 631 631 626 626 629 629 626 626 631 631 627 627 630 630 629 629 632 632 633 633 634 634 635 635 636 636 637 637 638 638 639 639 640 640 641 641 642 642 641 641 640 640 640 640 639 639 643 643 638 638 644 644 636 636 643 643 644 644 638 638 644 644 643 643 639 639 642 642 645 645 646 646 634 634 633 633 645 645 637 637 636 636 647 647 641 641 642 642 648 648 648 648 642 642 646 646 645 645 642 642 634 634 649 649 650 650 651 651 652 652 653 653 654 654 655 655 649 649 654 654 651 651 650 650 656 656 654 654 657 657 658 658 654 654 658 658 655 655 659 659 652 652 660 660 657 657 654 654 653 653 650 650 649 649 655 655 653 653 652 652 659 659 661 661 662 662 663 663 663 663 662 662 664 664 665 665 662 662 666 666 664 664 662 662 667 667 666 666 662 662 668 668 662 662 665 665 667 667 662 662 669 669 670 670 668 668 671 671 672 672 671 671 668 668 662 662 672 672 671 671 673 673 673 673 671 671 674 674 674 674 671 671 675 675 669 669 662 662 661 661 676 676 677 677 678 678 679 679 680 680 681 681 682 682 679 679 683 683 680 680 679 679 684 684 681 681 685 685 679 679 685 685 681 681 686 686 687 687 688 688 689 689 687 687 690 690 691 691 687 687 692 692 693 693 679 679 694 694 695 695 692 692 687 687 696 696 690 690 687 687 693 693 687 687 697 697 698 698 699 699 700 700 701 701 697 697 687 687 691 691 679 679 698 698 694 694 699 699 702 702 703 703 704 704 705 705 706 706 698 698 679 679 687 687 679 679 707 707 708 708 700 700 699 699 703 703 704 704 709 709 705 705 704 704 710 710 711 711 707 707 679 679 695 695 679 679 712 712 713 713 704 704 701 701 714 714 710 710 704 704 706 706 696 696 704 704 711 711 712 712 679 679 708 708 699 699 713 713 715 715 701 701 704 704 699 699 709 709 704 704 714 714 713 713 699 699 679 679 702 702 699 699 715 715 716 716 717 717 718 718 719 719 720 720 721 721 704 704 722 722 723 723 721 721 724 724 725 725 704 704 726 726 727 727 719 719 728 728 729 729 721 721 730 730 731 731 732 732 721 721 725 725 733 733 734 734 735 735 687 687 736 736 737 737 679 679 738 738 687 687 679 679 739 739 740 740 677 677 676 676 679 679 717 717 716 716 741 741 734 734 742 742 735 735 687 687 743 743 744 744 679 679 682 682 745 745 746 746 677 677 747 747 686 686 748 748 685 685 679 679 740 740 749 749 677 677 746 746 750 750 751 751 747 747 752 752 753 753 747 747 754 754 687 687 737 737 755 755 747 747 751 751 746 746 747 747 753 753 756 756 757 757 747 747 687 687 747 747 757 757 754 754 747 747 756 756 752 752 747 747 758 758 688 688 759 759 760 760 761 761 762 762 677 677 763 763 760 760 759 759 677 677 764 764 760 760 765 765 677 677 762 762 747 747 766 766 677 677 767 767 768 768 718 718 717 717 742 742 734 734 769 769 769 769 770 770 742 742 734 734 733 733 771 771 772 772 733 733 768 768 736 736 687 687 773 773 738 738 679 679 774 774 679 679 685 685 683 683 775 775 679 679 676 676 678 678 677 677 776 776 718 718 768 768 733 733 717 717 687 687 755 755 748 748 686 686 777 777 778 778 686 686 770 770 770 770 769 769 778 778 733 733 772 772 771 771 773 773 687 687 744 744 743 743 687 687 738 738 774 774 679 679 749 749 739 739 679 679 745 745 679 679 775 775 684 684 776 776 677 677 779 779 687 687 717 717 741 741 704 704 689 689 780 780 686 686 778 778 777 777 704 704 781 781 726 726 704 704 782 782 783 783 699 699 784 784 785 785 719 719 786 786 787 787 730 730 721 721 720 720 724 724 721 721 731 731 781 781 704 704 721 721 782 782 704 704 727 727 722 722 704 704 783 783 699 699 788 788 789 789 719 719 790 790 791 791 786 786 719 719 729 729 720 720 719 719 787 787 704 704 788 788 699 699 784 784 699 699 789 789 699 699 790 790 719 719 728 728 719 719 791 791 788 788 704 704 723 723 792 792 699 699 785 785 790 790 699 699 792 792 721 721 780 780 793 793 794 794 795 795 796 796 761 761 760 760 797 797 760 760 764 764 798 798 677 677 766 766 763 763 760 760 798 798 797 797 677 677 759 759 767 767 799 799 760 760 800 800 801 801 760 760 802 802 760 760 799 799 765 765 801 801 802 802 803 803 804 804 802 802 747 747 805 805 747 747 806 806 760 760 801 801 800 800 807 807 802 802 808 808 809 809 802 802 810 810 747 747 805 805 804 804 811 811 747 747 812 812 802 802 807 807 803 803 810 810 802 802 813 813 747 747 811 811 806 806 802 802 809 809 808 808 747 747 762 762 812 812 802 802 814 814 758 758 815 815 760 760 816 816 817 817 818 818 819 819 794 794 820 820 821 821 721 721 822 822 823 823 817 817 795 795 794 794 824 824 794 794 796 796 825 825 794 794 821 821 721 721 826 826 827 827 719 719 828 828 829 829 795 795 817 817 819 819 820 820 794 794 824 824 830 830 794 794 825 825 831 831 721 721 830 830 721 721 832 832 822 822 719 719 823 823 833 833 817 817 834 834 835 835 826 826 721 721 831 831 832 832 721 721 827 827 823 823 719 719 721 721 828 828 719 719 833 833 719 719 836 836 837 837 817 817 838 838 818 818 836 836 719 719 829 829 839 839 719 719 837 837 838 838 817 817 835 835 817 817 839 839 834 834 839 839 817 817 719 719 794 794 793 793 840 840 817 817 841 841 842 842 794 794 843 843 844 844 845 845 846 846 847 847 794 794 848 848 849 849 841 841 794 794 844 844 817 817 850 850 851 851 852 852 760 760 853 853 854 854 855 855 856 856 857 857 855 855 858 858 760 760 815 815 802 802 859 859 760 760 860 860 853 853 760 760 854 854 855 855 857 857 856 856 760 760 859 859 816 816 855 855 854 854 760 760 760 760 852 852 860 860 861 861 855 855 862 862 863 863 855 855 864 864 845 845 865 865 866 866 867 867 794 794 868 868 843 843 794 794 849 849 841 841 817 817 794 794 850 850 817 817 842 842 817 817 869 869 870 870 845 845 871 871 865 865 872 872 845 845 866 866 848 848 794 794 867 867 869 869 817 817 851 851 873 873 874 874 875 875 876 876 845 845 847 847 868 868 845 845 872 872 873 873 877 877 874 874 878 878 873 873 875 875 871 871 845 845 876 876 877 877 817 817 870 870 873 873 879 879 846 846 877 877 873 873 817 817 879 879 873 873 878 878 846 846 845 845 873 873 845 845 840 840 880 880 881 881 845 845 882 882 855 855 861 861 858 858 863 863 864 864 883 883 884 884 802 802 885 885 855 855 863 863 862 862 886 886 864 864 887 887 888 888 864 864 889 889 890 890 864 864 802 802 802 802 884 884 891 891 892 892 802 802 893 893 864 864 886 886 883 883 864 864 890 890 889 889 802 802 892 892 885 885 864 864 888 888 887 887 802 802 815 815 893 893 864 864 894 894 814 814 895 895 855 855 896 896 897 897 855 855 898 898 899 899 900 900 901 901 902 902 900 900 903 903 855 855 895 895 864 864 904 904 855 855 905 905 898 898 855 855 899 899 900 900 902 902 901 901 855 855 904 904 896 896 900 900 899 899 855 855 855 855 897 897 905 905 906 906 900 900 907 907 907 907 908 908 909 909 900 900 906 906 903 903 909 909 908 908 910 910 911 911 864 864 912 912 908 908 907 907 900 900 913 913 908 908 914 914 915 915 908 908 916 916 917 917 908 908 864 864 864 864 911 911 918 918 919 919 864 864 920 920 908 908 913 913 910 910 908 908 917 917 916 916 864 864 919 919 912 912 908 908 915 915 914 914 864 864 895 895 920 920 908 908 921 921 894 894 922 922 908 908 900 900 923 923 900 900 924 924 925 925 900 900 926 926 927 927 926 926 928 928 908 908 922 922 929 929 930 930 900 900 931 931 900 900 925 925 924 924 926 926 927 927 932 932 900 900 930 930 922 922 926 926 932 932 925 925 900 900 923 923 931 931 933 933 926 926 934 934 935 935 926 926 936 936 926 926 933 933 928 928 935 935 936 936 937 937 938 938 908 908 939 939 940 940 908 908 941 941 926 926 935 935 934 934 942 942 936 936 943 943 944 944 936 936 945 945 908 908 940 940 939 939 946 946 908 908 947 947 936 936 942 942 937 937 945 945 936 936 938 938 908 908 946 946 941 941 936 936 944 944 943 943 908 908 929 929 947 947 936 936 948 948 921 921 949 949 950 950 951 951 952 952 926 926 953 953 954 954 926 926 955 955 956 956 950 950 957 957 951 951 950 950 958 958 959 959 936 936 960 960 926 926 952 952 936 936 961 961 926 926 962 962 955 955 926 926 956 956 950 950 949 949 957 957 936 936 959 959 963 963 964 964 936 936 965 965 926 926 961 961 953 953 950 950 956 956 926 926 966 966 950 950 967 967 936 936 964 964 960 960 926 926 954 954 962 962 950 950 966 966 968 968 969 969 967 967 970 970 971 971 967 967 972 972 936 936 952 952 965 965 967 967 969 969 966 966 967 967 971 971 973 973 974 974 967 967 936 936 950 950 968 968 958 958 967 967 974 974 972 972 967 967 973 973 970 970 975 975 950 950 976 976 977 977 978 978 979 979 950 950 975 975 980 980 981 981 950 950 977 977 979 979 978 978 982 982 983 983 984 984 985 985 986 986 967 967 987 987 988 988 950 950 989 989 950 950 981 981 976 976 982 982 978 978 990 990 984 984 983 983 978 978 991 991 984 984 992 992 993 993 984 984 994 994 987 987 967 967 995 995 996 996 967 967 988 988 989 989 950 950 997 997 978 978 977 977 950 950 984 984 991 991 985 985 984 984 993 993 998 998 999 999 984 984 967 967 967 967 986 986 1000 1000 950 950 988 988 967 967 978 978 983 983 990 990 984 984 999 999 994 994 967 967 996 996 995 995 984 984 998 998 992 992 950 950 980 980 997 997 1001 1001 967 967 1002 1002 1002 1002 967 967 1003 1003 1003 1003 967 967 984 984 1004 1004 845 845 880 880 845 845 1004 1004 1005 1005 845 845 1005 1005 882 882 967 967 1001 1001 948 948 967 967 1000 1000 999 999 936 936 963 963 974 974 948 948 936 936 967 967 908 908 938 938 936 936 921 921 908 908 936 936 864 864 918 918 917 917 894 894 864 864 908 908 802 802 891 891 890 890 814 814 802 802 864 864 802 802 804 804 813 813 758 758 747 747 802 802 687 687 741 741 757 757 688 688 687 687 747 747 704 704 696 696 687 687 689 689 704 704 687 687 721 721 732 732 781 781 780 780 721 721 704 704 794 794 830 830 721 721 793 793 794 794 721 721 845 845 868 868 794 794 840 840 845 845 794 794 845 845 881 881 873 873 677 677 750 750 779 779 1006 1006 1007 1007 1008 1008 1009 1009 1010 1010 1011 1011 1012 1012 1013 1013 1014 1014 1015 1015 1014 1014 1016 1016 1017 1017 1018 1018 1019 1019 1019 1019 1020 1020 1021 1021 1021 1021 1008 1008 1007 1007 1010 1010 1009 1009 1006 1006 1013 1013 1012 1012 1022 1022 1018 1018 1017 1017 1023 1023 1008 1008 1021 1021 1020 1020 1016 1016 1017 1017 1015 1015 1007 1007 1006 1006 1009 1009 1020 1020 1019 1019 1018 1018 1017 1017 1016 1016 1023 1023 1014 1014 1015 1015 1012 1012 1024 1024 1025 1025 1026 1026 1027 1027 1026 1026 1028 1028 1029 1029 1028 1028 1030 1030 1030 1030 1031 1031 1029 1029 1026 1026 1027 1027 1024 1024 1031 1031 1032 1032 1033 1033 1025 1025 1024 1024 1034 1034 1031 1031 1030 1030 1032 1032 1028 1028 1029 1029 1027 1027 1035 1035 1036 1036 1037 1037 1038 1038 1036 1036 1039 1039 1037 1037 1036 1036 1040 1040 1036 1036 1035 1035 1039 1039 1036 1036 1038 1038 1041 1041 1042 1042 1036 1036 1043 1043 1036 1036 1042 1042 1040 1040 1042 1042 1043 1043 1044 1044 1044 1044 1043 1043 1045 1045 1045 1045 1043 1043 1046 1046 1046 1046 1043 1043 1047 1047 1047 1047 1043 1043 1048 1048 1048 1048 1043 1043 1049 1049 1050 1050 1051 1051 1052 1052 1053 1053 1051 1051 1054 1054 1055 1055 1056 1056 1057 1057 1051 1051 1058 1058 1057 1057 1059 1059 1057 1057 1058 1058 1051 1051 1060 1060 1058 1058 1061 1061 1057 1057 1059 1059 1060 1060 1051 1051 1050 1050 1062 1062 1057 1057 1061 1061 1063 1063 1057 1057 1062 1062 1055 1055 1057 1057 1063 1063 1056 1056 1055 1055 1064 1064 1065 1065 1054 1054 1051 1051 1054 1054 1065 1065 1066 1066 1051 1051 1053 1053 1052 1052 1067 1067 1068 1068 1069 1069 1070 1070 1071 1071 1072 1072 1073 1073 1074 1074 1070 1070 1075 1075 1076 1076 1073 1073 1077 1077 1078 1078 1075 1075 1079 1079 1080 1080 1077 1077 1081 1081 1082 1082 1079 1079 1083 1083 1084 1084 1081 1081 1085 1085 1086 1086 1083 1083 1087 1087 1088 1088 1085 1085 1089 1089 1090 1090 1087 1087 1091 1091 1092 1092 1089 1089 1093 1093 1094 1094 1091 1091 1095 1095 1096 1096 1097 1097 1096 1096 1095 1095 1098 1098 1099 1099 1097 1097 1096 1096 1069 1069 1100 1100 1099 1099 1101 1101 1102 1102 1093 1093 1103 1103 1104 1104 1067 1067 1105 1105 1106 1106 1103 1103 1107 1107 1108 1108 1105 1105 1109 1109 1110 1110 1107 1107 1111 1111 1112 1112 1109 1109 1113 1113 1114 1114 1111 1111 1102 1102 1101 1101 1113 1113 1097 1097 1099 1099 1100 1100 1100 1100 1069 1069 1068 1068 1068 1068 1067 1067 1104 1104 1104 1104 1103 1103 1106 1106 1098 1098 1072 1072 1071 1071 1071 1071 1070 1070 1074 1074 1074 1074 1073 1073 1076 1076 1076 1076 1075 1075 1078 1078 1078 1078 1077 1077 1080 1080 1080 1080 1079 1079 1082 1082 1082 1082 1081 1081 1084 1084 1084 1084 1083 1083 1086 1086 1086 1086 1085 1085 1088 1088 1088 1088 1087 1087 1090 1090 1106 1106 1105 1105 1108 1108 1090 1090 1089 1089 1092 1092 1092 1092 1091 1091 1094 1094 1094 1094 1093 1093 1102 1102 1108 1108 1107 1107 1110 1110 1110 1110 1109 1109 1112 1112 1112 1112 1111 1111 1114 1114 1114 1114 1113 1113 1101 1101 1072 1072 1098 1098 1095 1095 1115 1115 1116 1116 1117 1117 1115 1115 1118 1118 1119 1119 1115 1115 1120 1120 1118 1118 1115 1115 1121 1121 1120 1120 1115 1115 1122 1122 1121 1121 1115 1115 1123 1123 1122 1122 1115 1115 1124 1124 1123 1123 1115 1115 1125 1125 1124 1124 1115 1115 1126 1126 1125 1125 1115 1115 1127 1127 1126 1126 1115 1115 1128 1128 1127 1127 1115 1115 1129 1129 1128 1128 1115 1115 1130 1130 1129 1129 1115 1115 1131 1131 1130 1130 1115 1115 1132 1132 1131 1131 1115 1115 1133 1133 1132 1132 1115 1115 1134 1134 1133 1133 1115 1115 1135 1135 1134 1134 1115 1115 1136 1136 1135 1135 1115 1115 1137 1137 1136 1136 1115 1115 1117 1117 1138 1138 1115 1115 1138 1138 1139 1139 1115 1115 1119 1119 1116 1116 1137 1137 1115 1115 1139 1139 1140 1140 1141 1141 1142 1142 1141 1141 1140 1140 1143 1143 1141 1141 1143 1143 1144 1144 1141 1141 1145 1145 1146 1146 1141 1141 1147 1147 1145 1145 1141 1141 1148 1148 1142 1142 1141 1141 1146 1146 1149 1149 1141 1141 1149 1149 1150 1150 1141 1141 1150 1150 1151 1151 1141 1141 1151 1151 1152 1152 1141 1141 1152 1152 1153 1153 1141 1141 1154 1154 1155 1155 1141 1141 1155 1155 1156 1156 1141 1141 1156 1156 1157 1157 1141 1141 1157 1157 1158 1158 1141 1141 1158 1158 1159 1159 1141 1141 1153 1153 1154 1154 1141 1141 1159 1159 1160 1160 1141 1141 1160 1160 1161 1161 1141 1141 1161 1161 1162 1162 1141 1141 1162 1162 1163 1163 1141 1141 1163 1163 1164 1164 1141 1141 1164 1164 1148 1148 1141 1141 1144 1144 1147 1147 1165 1165 1166 1166 1167 1167 1168 1168 1169 1169 1170 1170 1165 1165 1171 1171 1172 1172 1172 1172 1168 1168 1170 1170 1173 1173 1174 1174 1175 1175 1176 1176 1177 1177 1178 1178 1179 1179 1180 1180 1181 1181 1174 1174 1173 1173 1169 1169 1179 1179 1177 1177 1182 1182 1168 1168 1172 1172 1171 1171 1166 1166 1165 1165 1183 1183 1169 1169 1168 1168 1174 1174 1177 1177 1179 1179 1181 1181 1173 1173 1176 1176 1178 1178 1171 1171 1165 1165 1167 1167 1177 1177 1176 1176 1182 1182 1176 1176 1173 1173 1175 1175 1166 1166 1183 1183 1184 1184 1180 1180 1179 1179 1185 1185 1186 1186 1187 1187 1188 1188 1189 1189 1187 1187 1186 1186 1190 1190 1191 1191 1189 1189 1192 1192 1190 1190 1193 1193 1187 1187 1189 1189 1191 1191 1191 1191 1190 1190 1192 1192 1194 1194 1195 1195 1196 1196 1195 1195 1194 1194 1197 1197 1198 1198 1199 1199 1200 1200 1199 1199 1198 1198 1201 1201 1202 1202 1203 1203 1204 1204 1203 1203 1202 1202 1205 1205 1206 1206 1207 1207 1208 1208 1209 1209 1210 1210 1211 1211 1207 1207 1210 1210 1208 1208 1210 1210 1209 1209 1212 1212 1209 1209 1213 1213 1212 1212 1210 1210 1207 1207 1211 1211 1207 1207 1206 1206 1214 1214 1213 1213 1209 1209 1215 1215 1216 1216 1217 1217 1218 1218 1219 1219 1220 1220 1221 1221 1222 1222 1216 1216 1223 1223 1224 1224 1225 1225 1226 1226 1222 1222 1223 1223 1226 1226 1220 1220 1219 1219 1227 1227 1227 1227 1228 1228 1229 1229 1218 1218 1230 1230 1216 1216 1229 1229 1230 1230 1218 1218 1230 1230 1229 1229 1228 1228 1216 1216 1222 1222 1217 1217 1228 1228 1227 1227 1219 1219 1226 1226 1225 1225 1222 1222 1225 1225 1224 1224 1231 1231 1232 1232 1233 1233 1234 1234 1233 1233 1232 1232 1235 1235 1236 1236 1237 1237 1238 1238 1239 1239 1238 1238 1240 1240 1237 1237 1236 1236 1241 1241 1238 1238 1239 1239 1236 1236 1242 1242 1243 1243 1244 1244 1243 1243 1242 1242 1245 1245 1246 1246 1247 1247 1248 1248 1249 1249 1250 1250 1251 1251 1250 1250 1252 1252 1251 1251 1247 1247 1246 1246 1253 1253 1252 1252 1250 1250 1254 1254 1246 1246 1249 1249 1253 1253 1249 1249 1246 1246 1255 1255 1250 1250 1249 1249 1255 1255 1256 1256 1257 1257 1258 1258 1259 1259 1260 1260 1261 1261 1258 1258 1257 1257 1261 1261 1259 1259 1261 1261 1257 1257 1260 1260 1259 1259 1262 1262 1260 1260 1263 1263 1264 1264 1257 1257 1256 1256 1265 1265 1266 1266 1267 1267 1268 1268 1267 1267 1265 1265 1256 1256 1267 1267 1266 1266 1265 1265 1263 1263 1260 1260 1262 1262 1269 1269 1270 1270 1271 1271 1270 1270 1269 1269 1272 1272 1273 1273 1274 1274 1275 1275 1274 1274 1273 1273 1276 1276 1277 1277 1278 1278 1279 1279 1280 1280 1279 1279 1281 1281 1279 1279 1280 1280 1277 1277 1278 1278 1277 1277 1282 1282 1283 1283 1284 1284 1285 1285 1284 1284 1283 1283 1286 1286 1287 1287 1288 1288 1289 1289 1288 1288 1287 1287 1290 1290 1291 1291 1292 1292 1293 1293 1291 1291 1294 1294 1295 1295 1294 1294 1291 1291 1293 1293 1293 1293 1296 1296 1294 1294 1296 1296 1293 1293 1297 1297 1292 1292 1291 1291 1298 1298 1299 1299 1300 1300 1301 1301 1302 1302 1303 1303 1299 1299 1304 1304 1305 1305 1302 1302 1306 1306 1307 1307 1304 1304 1308 1308 1309 1309 1306 1306 1310 1310 1311 1311 1308 1308 1309 1309 1308 1308 1311 1311 1307 1307 1306 1306 1309 1309 1305 1305 1304 1304 1307 1307 1303 1303 1302 1302 1305 1305 1300 1300 1299 1299 1303 1303 1311 1311 1310 1310 1312 1312 1313 1313 1314 1314 1315 1315 1316 1316 1317 1317 1318 1318 1314 1314 1313 1313 1319 1319 1320 1320 1314 1314 1321 1321 1322 1322 1316 1316 1323 1323 1314 1314 1316 1316 1315 1315 1316 1316 1322 1322 1317 1317 1316 1316 1314 1314 1320 1320 1315 1315 1316 1316 1318 1318 1318 1318 1317 1317 1324 1324 1325 1325 1326 1326 1327 1327 1326 1326 1325 1325 1328 1328 1329 1329 1330 1330 1331 1331 1332 1332 1333 1333 1334 1334 1335 1335 1334 1334 1336 1336 1333 1333 1332 1332 1330 1330 1334 1334 1335 1335 1332 1332 1336 1336 1337 1337 1335 1335 1338 1338 1339 1339 1337 1337 1340 1340 1341 1341 1339 1339 1341 1341 1340 1340 1342 1342 1339 1339 1338 1338 1340 1340 1337 1337 1336 1336 1338 1338 1330 1330 1329 1329 1333 1333 1343 1343 1344 1344 1345 1345 1345 1345 1346 1346 1343 1343 1344 1344 1347 1347 1348 1348 1346 1346 1349 1349 1350 1350 1344 1344 1343 1343 1351 1351 1351 1351 1343 1343 1352 1352 1346 1346 1345 1345 1349 1349 1347 1347 1344 1344 1351 1351 1352 1352 1343 1343 1353 1353 1348 1348 1347 1347 1354 1354 1355 1355 1356 1356 1357 1357 1358 1358 1359 1359 1360 1360 1361 1361 1358 1358 1362 1362 1363 1363 1364 1364 1365 1365 1357 1357 1364 1364 1355 1355 1359 1359 1358 1358 1366 1366 1358 1358 1361 1361 1366 1366 1367 1367 1362 1362 1368 1368 1367 1367 1369 1369 1363 1363 1364 1364 1357 1357 1365 1365 1359 1359 1370 1370 1360 1360 1364 1364 1363 1363 1369 1369 1369 1369 1367 1367 1368 1368 1356 1356 1355 1355 1371 1371 1362 1362 1367 1367 1361 1361 1370 1370 1359 1359 1372 1372 1373 1373 1374 1374 1375 1375 1374 1374 1376 1376 1377 1377 1378 1378 1379 1379 1380 1380 1381 1381 1382 1382 1383 1383 1384 1384 1376 1376 1385 1385 1379 1379 1378 1378 1386 1386 1374 1374 1373 1373 1387 1387 1388 1388 1375 1375 1389 1389 1376 1376 1384 1384 1377 1377 1376 1376 1374 1374 1387 1387 1388 1388 1390 1390 1381 1381 1390 1390 1388 1388 1389 1389 1382 1382 1381 1381 1390 1390 1375 1375 1388 1388 1373 1373 1382 1382 1378 1378 1383 1383 1378 1378 1382 1382 1386 1386 1391 1391 1392 1392 1393 1393 1392 1392 1391 1391 1394 1394 1395 1395 1396 1396 1397 1397 1396 1396 1395 1395 1398 1398 1399 1399 1400 1400 1401 1401 1400 1400 1399 1399 1402 1402 1403 1403 1404 1404 1405 1405 1404 1404 1403 1403 1406 1406 1407 1407 1408 1408 1409 1409 1408 1408 1407 1407 1410 1410 1411 1411 1412 1412 1413 1413 1412 1412 1411 1411 1414 1414 1415 1415 1416 1416 1417 1417 1416 1416 1415 1415 1418 1418 1419 1419 1420 1420 1421 1421 1420 1420 1419 1419 1422 1422 1423 1423 1424 1424 1425 1425 1424 1424 1423 1423 1426 1426 1427 1427 1428 1428 1429 1429 1428 1428 1427 1427 1430 1430 1431 1431 1432 1432 1433 1433 1432 1432 1431 1431 1434 1434 1432 1432 1434 1434 1435 1435 1436 1436 1437 1437 1438 1438 1437 1437 1436 1436 1439 1439 1440 1440 1441 1441 1442 1442 1441 1441 1440 1440 1443 1443 1444 1444 1445 1445 1446 1446 1445 1445 1444 1444 1447 1447 1448 1448 1449 1449 1450 1450 1451 1451 1449 1449 1448 1448 1449 1449 1451 1451 1452 1452 1453 1453 1454 1454 1455 1455 1454 1454 1453 1453 1456 1456 1457 1457 1458 1458 1459 1459 1458 1458 1457 1457 1460 1460 1461 1461 1462 1462 1463 1463 1463 1463 1464 1464 1465 1465 1465 1465 1466 1466 1467 1467 1467 1467 1468 1468 1469 1469 1470 1470 1471 1471 1461 1461 1469 1469 1472 1472 1473 1473 1473 1473 1474 1474 1475 1475 1475 1475 1476 1476 1477 1477 1477 1477 1478 1478 1479 1479 1479 1479 1480 1480 1481 1481 1481 1481 1482 1482 1483 1483 1483 1483 1484 1484 1485 1485 1485 1485 1486 1486 1487 1487 1487 1487 1488 1488 1489 1489 1490 1490 1491 1491 1492 1492 1489 1489 1493 1493 1494 1494 1494 1494 1492 1492 1491 1491 1491 1491 1490 1490 1495 1495 1495 1495 1496 1496 1497 1497 1496 1496 1495 1495 1490 1490 1492 1492 1494 1494 1493 1493 1493 1493 1489 1489 1488 1488 1488 1488 1487 1487 1486 1486 1486 1486 1485 1485 1484 1484 1484 1484 1483 1483 1482 1482 1480 1480 1479 1479 1478 1478 1478 1478 1477 1477 1476 1476 1476 1476 1475 1475 1474 1474 1474 1474 1473 1473 1472 1472 1472 1472 1469 1469 1468 1468 1468 1468 1467 1467 1466 1466 1466 1466 1465 1465 1464 1464 1464 1464 1463 1463 1462 1462 1462 1462 1461 1461 1471 1471 1471 1471 1470 1470 1498 1498 1482 1482 1481 1481 1480 1480 1499 1499 1500 1500 1501 1501 1500 1500 1499 1499 1502 1502 1503 1503 1504 1504 1505 1505 1503 1503 1505 1505 1506 1506 1503 1503 1507 1507 1508 1508 1509 1509 1510 1510 1511 1511 1503 1503 1512 1512 1513 1513 1503 1503 1514 1514 1515 1515 1510 1510 1509 1509 1503 1503 1516 1516 1509 1509 1517 1517 1504 1504 1503 1503 1515 1515 1514 1514 1503 1503 1518 1518 1519 1519 1503 1503 1508 1508 1517 1517 1509 1509 1520 1520 1509 1509 1516 1516 1521 1521 1503 1503 1519 1519 1518 1518 1507 1507 1503 1503 1513 1513 1512 1512 1503 1503 1509 1509 1520 1520 1509 1509 1511 1511 1522 1522 1523 1523 1524 1524 1525 1525 1524 1524 1526 1526 1527 1527 1526 1526 1528 1528 1526 1526 1527 1527 1525 1525 1524 1524 1525 1525 1522 1522 1523 1523 1522 1522 1529 1529 1530 1530 1529 1529 1531 1531 1532 1532 1531 1531 1533 1533 1534 1534 1533 1533 1535 1535 1536 1536 1535 1535 1537 1537 1538 1538 1537 1537 1539 1539 1540 1540 1539 1539 1541 1541 1542 1542 1541 1541 1543 1543 1544 1544 1543 1543 1545 1545 1546 1546 1545 1545 1547 1547 1548 1548 1547 1547 1549 1549 1550 1550 1549 1549 1551 1551 1535 1535 1536 1536 1534 1534 1537 1537 1538 1538 1536 1536 1539 1539 1540 1540 1538 1538 1541 1541 1542 1542 1540 1540 1543 1543 1544 1544 1542 1542 1545 1545 1546 1546 1544 1544 1547 1547 1548 1548 1546 1546 1549 1549 1550 1550 1548 1548 1551 1551 1552 1552 1550 1550 1553 1553 1554 1554 1552 1552 1533 1533 1534 1534 1532 1532 1555 1555 1556 1556 1554 1554 1557 1557 1558 1558 1556 1556 1559 1559 1560 1560 1558 1558 1552 1552 1551 1551 1553 1553 1554 1554 1553 1553 1555 1555 1531 1531 1532 1532 1530 1530 1556 1556 1555 1555 1557 1557 1558 1558 1557 1557 1559 1559 1560 1560 1559 1559 1561 1561 1562 1562 1561 1561 1563 1563 1564 1564 1563 1563 1565 1565 1566 1566 1565 1565 1567 1567 1568 1568 1567 1567 1569 1569 1528 1528 1569 1569 1527 1527 1561 1561 1562 1562 1560 1560 1563 1563 1564 1564 1562 1562 1565 1565 1566 1566 1564 1564 1567 1567 1568 1568 1566 1566 1569 1569 1528 1528 1568 1568 1529 1529 1530 1530 1523 1523 1570 1570 1571 1571 1572 1572 1573 1573 1574 1574 1575 1575 1576 1576 1575 1575 1577 1577 1578 1578 1577 1577 1579 1579 1580 1580 1579 1579 1581 1581 1582 1582 1581 1581 1583 1583 1584 1584 1583 1583 1585 1585 1586 1586 1585 1585 1587 1587 1588 1588 1587 1587 1571 1571 1589 1589 1572 1572 1590 1590 1591 1591 1590 1590 1592 1592 1593 1593 1592 1592 1594 1594 1595 1595 1594 1594 1596 1596 1597 1597 1596 1596 1598 1598 1599 1599 1598 1598 1600 1600 1601 1601 1600 1600 1602 1602 1603 1603 1604 1604 1605 1605 1606 1606 1607 1607 1604 1604 1608 1608 1609 1609 1607 1607 1610 1610 1611 1611 1609 1609 1612 1612 1613 1613 1611 1611 1614 1614 1615 1615 1613 1613 1616 1616 1602 1602 1615 1615 1602 1602 1616 1616 1601 1601 1615 1615 1614 1614 1616 1616 1613 1613 1612 1612 1614 1614 1611 1611 1610 1610 1612 1612 1609 1609 1608 1608 1610 1610 1607 1607 1606 1606 1608 1608 1604 1604 1603 1603 1606 1606 1605 1605 1617 1617 1603 1603 1574 1574 1573 1573 1617 1617 1575 1575 1576 1576 1573 1573 1577 1577 1578 1578 1576 1576 1600 1600 1601 1601 1599 1599 1598 1598 1599 1599 1597 1597 1596 1596 1597 1597 1595 1595 1594 1594 1595 1595 1593 1593 1592 1592 1593 1593 1591 1591 1590 1590 1591 1591 1589 1589 1572 1572 1589 1589 1570 1570 1571 1571 1570 1570 1588 1588 1587 1587 1588 1588 1586 1586 1585 1585 1586 1586 1584 1584 1583 1583 1584 1584 1582 1582 1581 1581 1582 1582 1580 1580 1579 1579 1580 1580 1578 1578 1617 1617 1605 1605 1574 1574 1618 1618 1619 1619 1620 1620 1621 1621 1620 1620 1622 1622 1623 1623 1622 1622 1624 1624 1625 1625 1624 1624 1626 1626 1624 1624 1625 1625 1623 1623 1622 1622 1623 1623 1621 1621 1627 1627 1628 1628 1629 1629 1630 1630 1631 1631 1628 1628 1632 1632 1633 1633 1631 1631 1634 1634 1635 1635 1633 1633 1636 1636 1637 1637 1635 1635 1638 1638 1639 1639 1637 1637 1640 1640 1641 1641 1639 1639 1642 1642 1626 1626 1643 1643 1644 1644 1643 1643 1645 1645 1646 1646 1645 1645 1647 1647 1648 1648 1647 1647 1649 1649 1650 1650 1649 1649 1651 1651 1652 1652 1651 1651 1653 1653 1654 1654 1653 1653 1655 1655 1620 1620 1621 1621 1618 1618 1619 1619 1618 1618 1656 1656 1629 1629 1656 1656 1627 1627 1628 1628 1627 1627 1630 1630 1631 1631 1630 1630 1632 1632 1633 1633 1632 1632 1634 1634 1635 1635 1634 1634 1636 1636 1637 1637 1636 1636 1638 1638 1639 1639 1638 1638 1640 1640 1641 1641 1640 1640 1657 1657 1658 1658 1657 1657 1659 1659 1660 1660 1659 1659 1661 1661 1662 1662 1661 1661 1663 1663 1664 1664 1663 1663 1665 1665 1655 1655 1665 1665 1654 1654 1653 1653 1654 1654 1652 1652 1651 1651 1652 1652 1650 1650 1649 1649 1650 1650 1648 1648 1647 1647 1648 1648 1646 1646 1645 1645 1646 1646 1644 1644 1643 1643 1644 1644 1642 1642 1626 1626 1642 1642 1625 1625 1665 1665 1655 1655 1664 1664 1663 1663 1664 1664 1662 1662 1661 1661 1662 1662 1660 1660 1659 1659 1660 1660 1658 1658 1656 1656 1629 1629 1619 1619 1657 1657 1658 1658 1641 1641 1666 1666 1667 1667 1668 1668 1669 1669 1670 1670 1667 1667 1671 1671 1672 1672 1670 1670 1673 1673 1674 1674 1672 1672 1675 1675 1676 1676 1674 1674 1677 1677 1678 1678 1676 1676 1679 1679 1680 1680 1678 1678 1681 1681 1682 1682 1680 1680 1683 1683 1684 1684 1682 1682 1685 1685 1686 1686 1684 1684 1687 1687 1688 1688 1686 1686 1689 1689 1690 1690 1688 1688 1691 1691 1692 1692 1690 1690 1693 1693 1694 1694 1692 1692 1695 1695 1696 1696 1694 1694 1697 1697 1698 1698 1696 1696 1699 1699 1700 1700 1698 1698 1701 1701 1702 1702 1700 1700 1703 1703 1704 1704 1702 1702 1704 1704 1703 1703 1705 1705 1702 1702 1701 1701 1703 1703 1700 1700 1699 1699 1701 1701 1698 1698 1697 1697 1699 1699 1696 1696 1695 1695 1697 1697 1694 1694 1693 1693 1695 1695 1692 1692 1691 1691 1693 1693 1690 1690 1689 1689 1691 1691 1688 1688 1687 1687 1689 1689 1686 1686 1685 1685 1687 1687 1705 1705 1706 1706 1704 1704 1707 1707 1708 1708 1706 1706 1709 1709 1710 1710 1708 1708 1711 1711 1712 1712 1710 1710 1713 1713 1668 1668 1712 1712 1706 1706 1705 1705 1707 1707 1708 1708 1707 1707 1709 1709 1710 1710 1709 1709 1711 1711 1712 1712 1711 1711 1713 1713 1668 1668 1713 1713 1666 1666 1667 1667 1666 1666 1669 1669 1670 1670 1669 1669 1671 1671 1672 1672 1671 1671 1673 1673 1674 1674 1673 1673 1675 1675 1676 1676 1675 1675 1677 1677 1678 1678 1677 1677 1679 1679 1680 1680 1679 1679 1681 1681 1684 1684 1683 1683 1685 1685 1682 1682 1681 1681 1683 1683 1714 1714 1715 1715 1716 1716 1717 1717 1716 1716 1718 1718 1719 1719 1718 1718 1720 1720 1721 1721 1720 1720 1722 1722 1723 1723 1722 1722 1724 1724 1725 1725 1724 1724 1726 1726 1727 1727 1726 1726 1728 1728 1729 1729 1728 1728 1730 1730 1731 1731 1730 1730 1732 1732 1733 1733 1732 1732 1734 1734 1735 1735 1736 1736 1737 1737 1738 1738 1734 1734 1739 1739 1740 1740 1739 1739 1741 1741 1742 1742 1743 1743 1736 1736 1744 1744 1741 1741 1745 1745 1746 1746 1747 1747 1748 1748 1749 1749 1748 1748 1750 1750 1751 1751 1750 1750 1752 1752 1737 1737 1752 1752 1735 1735 1736 1736 1735 1735 1742 1742 1753 1753 1745 1745 1754 1754 1755 1755 1754 1754 1756 1756 1757 1757 1756 1756 1758 1758 1759 1759 1758 1758 1760 1760 1761 1761 1760 1760 1747 1747 1715 1715 1714 1714 1743 1743 1716 1716 1717 1717 1714 1714 1718 1718 1719 1719 1717 1717 1720 1720 1721 1721 1719 1719 1722 1722 1723 1723 1721 1721 1724 1724 1725 1725 1723 1723 1726 1726 1727 1727 1725 1725 1728 1728 1729 1729 1727 1727 1730 1730 1731 1731 1729 1729 1732 1732 1733 1733 1731 1731 1734 1734 1738 1738 1733 1733 1739 1739 1740 1740 1738 1738 1741 1741 1744 1744 1740 1740 1745 1745 1753 1753 1744 1744 1754 1754 1755 1755 1753 1753 1756 1756 1757 1757 1755 1755 1758 1758 1759 1759 1757 1757 1760 1760 1761 1761 1759 1759 1747 1747 1746 1746 1761 1761 1748 1748 1749 1749 1746 1746 1750 1750 1751 1751 1749 1749 1752 1752 1737 1737 1751 1751 1743 1743 1742 1742 1715 1715 1762 1762 1763 1763 1764 1764 1765 1765 1766 1766 1767 1767 1768 1768 1769 1769 1766 1766 1770 1770 1771 1771 1769 1769 1772 1772 1773 1773 1771 1771 1774 1774 1775 1775 1773 1773 1776 1776 1777 1777 1778 1778 1779 1779 1780 1780 1777 1777 1781 1781 1782 1782 1780 1780 1783 1783 1784 1784 1782 1782 1785 1785 1786 1786 1784 1784 1787 1787 1788 1788 1775 1775 1786 1786 1785 1785 1788 1788 1784 1784 1783 1783 1785 1785 1782 1782 1781 1781 1783 1783 1780 1780 1779 1779 1781 1781 1777 1777 1776 1776 1779 1779 1789 1789 1764 1764 1790 1790 1791 1791 1790 1790 1792 1792 1793 1793 1792 1792 1794 1794 1795 1795 1794 1794 1796 1796 1797 1797 1796 1796 1798 1798 1799 1799 1798 1798 1800 1800 1801 1801 1800 1800 1802 1802 1803 1803 1802 1802 1804 1804 1805 1805 1804 1804 1806 1806 1807 1807 1806 1806 1808 1808 1778 1778 1808 1808 1776 1776 1808 1808 1778 1778 1807 1807 1806 1806 1807 1807 1805 1805 1804 1804 1805 1805 1803 1803 1802 1802 1803 1803 1801 1801 1800 1800 1801 1801 1799 1799 1798 1798 1799 1799 1797 1797 1796 1796 1797 1797 1795 1795 1794 1794 1795 1795 1793 1793 1792 1792 1793 1793 1791 1791 1790 1790 1791 1791 1789 1789 1764 1764 1789 1789 1762 1762 1763 1763 1762 1762 1809 1809 1767 1767 1809 1809 1765 1765 1766 1766 1765 1765 1768 1768 1769 1769 1768 1768 1770 1770 1771 1771 1770 1770 1772 1772 1773 1773 1772 1772 1774 1774 1775 1775 1774 1774 1787 1787 1788 1788 1787 1787 1786 1786 1809 1809 1767 1767 1763 1763 1810 1810 1811 1811 1812 1812 1813 1813 1812 1812 1814 1814 1815 1815 1816 1816 1817 1817 1818 1818 1817 1817 1819 1819 1820 1820 1819 1819 1821 1821 1822 1822 1821 1821 1823 1823 1824 1824 1825 1825 1811 1811 1812 1812 1813 1813 1810 1810 1826 1826 1814 1814 1827 1827 1828 1828 1827 1827 1816 1816 1817 1817 1818 1818 1815 1815 1821 1821 1822 1822 1820 1820 1829 1829 1823 1823 1830 1830 1831 1831 1830 1830 1832 1832 1833 1833 1832 1832 1834 1834 1835 1835 1834 1834 1836 1836 1835 1835 1837 1837 1838 1838 1839 1839 1837 1837 1840 1840 1841 1841 1840 1840 1842 1842 1843 1843 1842 1842 1844 1844 1845 1845 1844 1844 1846 1846 1847 1847 1846 1846 1848 1848 1811 1811 1810 1810 1824 1824 1827 1827 1828 1828 1826 1826 1819 1819 1820 1820 1818 1818 1832 1832 1833 1833 1831 1831 1849 1849 1850 1850 1851 1851 1848 1848 1852 1852 1847 1847 1825 1825 1824 1824 1853 1853 1854 1854 1851 1851 1855 1855 1840 1840 1841 1841 1839 1839 1816 1816 1815 1815 1828 1828 1853 1853 1856 1856 1825 1825 1850 1850 1849 1849 1856 1856 1851 1851 1854 1854 1849 1849 1857 1857 1855 1855 1852 1852 1844 1844 1845 1845 1843 1843 1837 1837 1835 1835 1836 1836 1823 1823 1829 1829 1822 1822 1814 1814 1826 1826 1813 1813 1855 1855 1857 1857 1854 1854 1852 1852 1848 1848 1857 1857 1846 1846 1847 1847 1845 1845 1842 1842 1843 1843 1841 1841 1830 1830 1831 1831 1829 1829 1834 1834 1835 1835 1833 1833 1837 1837 1839 1839 1838 1838 1856 1856 1853 1853 1850 1850 1858 1858 1859 1859 1860 1860 1861 1861 1862 1862 1863 1863 1864 1864 1865 1865 1862 1862 1859 1859 1858 1858 1866 1866 1860 1860 1867 1867 1858 1858 1868 1868 1866 1866 1869 1869 1862 1862 1861 1861 1864 1864 1870 1870 1863 1863 1871 1871 1872 1872 1873 1873 1874 1874 1875 1875 1874 1874 1876 1876 1877 1877 1878 1878 1867 1867 1866 1866 1868 1868 1859 1859 1879 1879 1869 1869 1865 1865 1863 1863 1870 1870 1861 1861 1880 1880 1881 1881 1882 1882 1883 1883 1882 1882 1884 1884 1874 1874 1875 1875 1872 1872 1885 1885 1876 1876 1878 1878 1867 1867 1860 1860 1877 1877 1865 1865 1864 1864 1879 1879 1886 1886 1887 1887 1888 1888 1889 1889 1888 1888 1890 1890 1891 1891 1890 1890 1892 1892 1893 1893 1892 1892 1881 1881 1882 1882 1883 1883 1880 1880 1894 1894 1884 1884 1873 1873 1876 1876 1885 1885 1875 1875 1869 1869 1879 1879 1868 1868 1895 1895 1871 1871 1896 1896 1897 1897 1896 1896 1898 1898 1899 1899 1900 1900 1901 1901 1902 1902 1901 1901 1903 1903 1904 1904 1903 1903 1887 1887 1888 1888 1889 1889 1886 1886 1892 1892 1893 1893 1891 1891 1884 1884 1894 1894 1883 1883 1878 1878 1877 1877 1885 1885 1896 1896 1897 1897 1895 1895 1905 1905 1898 1898 1900 1900 1901 1901 1902 1902 1899 1899 1887 1887 1886 1886 1904 1904 1881 1881 1880 1880 1893 1893 1871 1871 1895 1895 1870 1870 1903 1903 1904 1904 1902 1902 1873 1873 1872 1872 1894 1894 1898 1898 1905 1905 1897 1897 1890 1890 1891 1891 1889 1889 1900 1900 1899 1899 1905 1905 1906 1906 1907 1907 1908 1908 1909 1909 1910 1910 1911 1911 1912 1912 1913 1913 1914 1914 1915 1915 1916 1916 1917 1917 1918 1918 1917 1917 1910 1910 1919 1919 1920 1920 1921 1921 1922 1922 1923 1923 1907 1907 1924 1924 1925 1925 1916 1916 1917 1917 1918 1918 1915 1915 1910 1910 1909 1909 1918 1918 1926 1926 1911 1911 1920 1920 1927 1927 1928 1928 1929 1929 1930 1930 1914 1914 1931 1931 1907 1907 1906 1906 1922 1922 1932 1932 1933 1933 1925 1925 1916 1916 1915 1915 1924 1924 1911 1911 1926 1926 1909 1909 1920 1920 1919 1919 1926 1926 1934 1934 1935 1935 1928 1928 1936 1936 1937 1937 1938 1938 1914 1914 1930 1930 1912 1912 1939 1939 1940 1940 1923 1923 1941 1941 1908 1908 1933 1933 1925 1925 1924 1924 1932 1932 1928 1928 1927 1927 1934 1934 1936 1936 1929 1929 1942 1942 1943 1943 1944 1944 1945 1945 1946 1946 1931 1931 1940 1940 1923 1923 1922 1922 1939 1939 1908 1908 1941 1941 1906 1906 1933 1933 1932 1932 1941 1941 1921 1921 1947 1947 1919 1919 1935 1935 1934 1934 1947 1947 1929 1929 1936 1936 1927 1927 1937 1937 1936 1936 1942 1942 1938 1938 1948 1948 1949 1949 1950 1950 1945 1945 1913 1913 1931 1931 1946 1946 1930 1930 1940 1940 1939 1939 1946 1946 1948 1948 1938 1938 1937 1937 1951 1951 1952 1952 1944 1944 1945 1945 1950 1950 1943 1943 1913 1913 1912 1912 1950 1950 1953 1953 1948 1948 1952 1952 1944 1944 1943 1943 1951 1951 1948 1948 1953 1953 1949 1949 1952 1952 1951 1951 1953 1953 1947 1947 1921 1921 1935 1935 1954 1954 1955 1955 1956 1956 1957 1957 1958 1958 1959 1959 1960 1960 1961 1961 1957 1957 1962 1962 1963 1963 1960 1960 1964 1964 1965 1965 1962 1962 1956 1956 1966 1966 1967 1967 1967 1967 1968 1968 1969 1969 1969 1969 1970 1970 1971 1971 1971 1971 1972 1972 1973 1973 1973 1973 1974 1974 1975 1975 1975 1975 1976 1976 1977 1977 1977 1977 1978 1978 1979 1979 1979 1979 1980 1980 1981 1981 1981 1981 1982 1982 1983 1983 1983 1983 1984 1984 1985 1985 1985 1985 1986 1986 1987 1987 1965 1965 1964 1964 1988 1988 1963 1963 1962 1962 1965 1965 1961 1961 1960 1960 1963 1963 1958 1958 1957 1957 1961 1961 1989 1989 1959 1959 1958 1958 1955 1955 1954 1954 1989 1989 1966 1966 1956 1956 1955 1955 1968 1968 1967 1967 1966 1966 1970 1970 1969 1969 1968 1968 1972 1972 1971 1971 1970 1970 1974 1974 1973 1973 1972 1972 1976 1976 1975 1975 1974 1974 1978 1978 1977 1977 1976 1976 1980 1980 1979 1979 1978 1978 1982 1982 1981 1981 1980 1980 1984 1984 1983 1983 1982 1982 1986 1986 1985 1985 1984 1984 1990 1990 1987 1987 1986 1986 1991 1991 1992 1992 1990 1990 1987 1987 1990 1990 1992 1992 1993 1993 1994 1994 1991 1991 1995 1995 1996 1996 1993 1993 1997 1997 1998 1998 1995 1995 1999 1999 2000 2000 1997 1997 1988 1988 2001 2001 1999 1999 2001 2001 1988 1988 1964 1964 2000 2000 1999 1999 2001 2001 1998 1998 1997 1997 2000 2000 1996 1996 1995 1995 1998 1998 1994 1994 1993 1993 1996 1996 1992 1992 1991 1991 1994 1994 1959 1959 1989 1989 1954 1954 2002 2002 2003 2003 2004 2004 2005 2005 2006 2006 2007 2007 2007 2007 2008 2008 2009 2009 2010 2010 2011 2011 2012 2012 2013 2013 2014 2014 2010 2010 2015 2015 2016 2016 2013 2013 2017 2017 2018 2018 2015 2015 2019 2019 2020 2020 2017 2017 2021 2021 2022 2022 2019 2019 2023 2023 2024 2024 2021 2021 2025 2025 2026 2026 2023 2023 2027 2027 2028 2028 2025 2025 2029 2029 2030 2030 2027 2027 2031 2031 2032 2032 2029 2029 2033 2033 2034 2034 2031 2031 2009 2009 2035 2035 2036 2036 2036 2036 2037 2037 2038 2038 2012 2012 2038 2038 2037 2037 2037 2037 2036 2036 2035 2035 2035 2035 2009 2009 2008 2008 2008 2008 2007 2007 2006 2006 2006 2006 2005 2005 2039 2039 2039 2039 2004 2004 2003 2003 2003 2003 2002 2002 2040 2040 2040 2040 2041 2041 2042 2042 2042 2042 2043 2043 2044 2044 2044 2044 2045 2045 2046 2046 2046 2046 2047 2047 2048 2048 2048 2048 2049 2049 2033 2033 2049 2049 2048 2048 2047 2047 2047 2047 2046 2046 2045 2045 2045 2045 2044 2044 2043 2043 2043 2043 2042 2042 2041 2041 2041 2041 2040 2040 2002 2002 2038 2038 2012 2012 2011 2011 2011 2011 2010 2010 2014 2014 2014 2014 2013 2013 2016 2016 2016 2016 2015 2015 2018 2018 2018 2018 2017 2017 2020 2020 2020 2020 2019 2019 2022 2022 2022 2022 2021 2021 2024 2024 2024 2024 2023 2023 2026 2026 2026 2026 2025 2025 2028 2028 2028 2028 2027 2027 2030 2030 2030 2030 2029 2029 2032 2032 2032 2032 2031 2031 2034 2034 2034 2034 2033 2033 2049 2049 2004 2004 2039 2039 2005 2005 2050 2050 2051 2051 2052 2052 2052 2052 2053 2053 2054 2054 2054 2054 2055 2055 2056 2056 2056 2056 2057 2057 2058 2058 2058 2058 2059 2059 2060 2060 2059 2059 2058 2058 2057 2057 2057 2057 2056 2056 2055 2055 2055 2055 2054 2054 2053 2053 2053 2053 2052 2052 2051 2051 2051 2051 2050 2050 2061 2061 2061 2061 2062 2062 2063 2063 2063 2063 2064 2064 2065 2065 2065 2065 2066 2066 2067 2067 2067 2067 2068 2068 2069 2069 2069 2069 2070 2070 2071 2071 2071 2071 2072 2072 2073 2073 2073 2073 2074 2074 2075 2075 2075 2075 2076 2076 2077 2077 2077 2077 2078 2078 2079 2079 2079 2079 2080 2080 2081 2081 2081 2081 2082 2082 2083 2083 2083 2083 2084 2084 2085 2085 2085 2085 2086 2086 2087 2087 2087 2087 2088 2088 2089 2089 2089 2089 2090 2090 2091 2091 2091 2091 2092 2092 2093 2093 2093 2093 2094 2094 2095 2095 2095 2095 2096 2096 2097 2097 2097 2097 2060 2060 2059 2059 2064 2064 2063 2063 2062 2062 2066 2066 2065 2065 2064 2064 2068 2068 2067 2067 2066 2066 2070 2070 2069 2069 2068 2068 2072 2072 2071 2071 2070 2070 2074 2074 2073 2073 2072 2072 2076 2076 2075 2075 2074 2074 2078 2078 2077 2077 2076 2076 2080 2080 2079 2079 2078 2078 2082 2082 2081 2081 2080 2080 2084 2084 2083 2083 2082 2082 2086 2086 2085 2085 2084 2084 2088 2088 2087 2087 2086 2086 2090 2090 2089 2089 2088 2088 2092 2092 2091 2091 2090 2090 2094 2094 2093 2093 2092 2092 2096 2096 2095 2095 2094 2094 2062 2062 2061 2061 2050 2050 2060 2060 2097 2097 2096 2096 2098 2098 2099 2099 2100 2100 2101 2101 2100 2100 2102 2102 2103 2103 2102 2102 2104 2104 2105 2105 2104 2104 2106 2106 2107 2107 2106 2106 2108 2108 2100 2100 2101 2101 2098 2098 2102 2102 2103 2103 2101 2101 2104 2104 2105 2105 2103 2103 2106 2106 2107 2107 2105 2105 2108 2108 2109 2109 2107 2107 2110 2110 2111 2111 2109 2109 2112 2112 2113 2113 2111 2111 2114 2114 2115 2115 2113 2113 2116 2116 2117 2117 2115 2115 2118 2118 2119 2119 2117 2117 2120 2120 2121 2121 2119 2119 2122 2122 2123 2123 2121 2121 2124 2124 2125 2125 2123 2123 2126 2126 2127 2127 2125 2125 2128 2128 2129 2129 2127 2127 2130 2130 2131 2131 2129 2129 2132 2132 2133 2133 2131 2131 2134 2134 2135 2135 2133 2133 2111 2111 2110 2110 2112 2112 2136 2136 2137 2137 2135 2135 2138 2138 2139 2139 2137 2137 2140 2140 2141 2141 2139 2139 2142 2142 2143 2143 2141 2141 2144 2144 2145 2145 2143 2143 2145 2145 2144 2144 2099 2099 2143 2143 2142 2142 2144 2144 2141 2141 2140 2140 2142 2142 2139 2139 2138 2138 2140 2140 2137 2137 2136 2136 2138 2138 2135 2135 2134 2134 2136 2136 2133 2133 2132 2132 2134 2134 2131 2131 2130 2130 2132 2132 2129 2129 2128 2128 2130 2130 2127 2127 2126 2126 2128 2128 2125 2125 2124 2124 2126 2126 2123 2123 2122 2122 2124 2124 2121 2121 2120 2120 2122 2122 2119 2119 2118 2118 2120 2120 2117 2117 2116 2116 2118 2118 2115 2115 2114 2114 2116 2116 2113 2113 2112 2112 2114 2114 2099 2099 2098 2098 2145 2145 2109 2109 2108 2108 2110 2110 2146 2146 2147 2147 2148 2148 2149 2149 2150 2150 2151 2151 2152 2152 2153 2153 2150 2150 2154 2154 2155 2155 2153 2153 2156 2156 2157 2157 2155 2155 2158 2158 2159 2159 2157 2157 2160 2160 2161 2161 2159 2159 2162 2162 2163 2163 2161 2161 2164 2164 2165 2165 2163 2163 2166 2166 2167 2167 2165 2165 2168 2168 2169 2169 2167 2167 2170 2170 2171 2171 2169 2169 2172 2172 2173 2173 2171 2171 2174 2174 2175 2175 2173 2173 2176 2176 2177 2177 2175 2175 2178 2178 2179 2179 2177 2177 2180 2180 2181 2181 2179 2179 2182 2182 2183 2183 2181 2181 2184 2184 2185 2185 2183 2183 2186 2186 2187 2187 2185 2185 2188 2188 2189 2189 2187 2187 2190 2190 2191 2191 2189 2189 2192 2192 2148 2148 2191 2191 2147 2147 2146 2146 2193 2193 2148 2148 2192 2192 2146 2146 2191 2191 2190 2190 2192 2192 2189 2189 2188 2188 2190 2190 2187 2187 2186 2186 2188 2188 2185 2185 2184 2184 2186 2186 2183 2183 2182 2182 2184 2184 2181 2181 2180 2180 2182 2182 2179 2179 2178 2178 2180 2180 2177 2177 2176 2176 2178 2178 2175 2175 2174 2174 2176 2176 2173 2173 2172 2172 2174 2174 2171 2171 2170 2170 2172 2172 2169 2169 2168 2168 2170 2170 2167 2167 2166 2166 2168 2168 2165 2165 2164 2164 2166 2166 2163 2163 2162 2162 2164 2164 2161 2161 2160 2160 2162 2162 2159 2159 2158 2158 2160 2160 2151 2151 2193 2193 2149 2149 2150 2150 2149 2149 2152 2152 2153 2153 2152 2152 2154 2154 2155 2155 2154 2154 2156 2156 2157 2157 2156 2156 2158 2158 2193 2193 2151 2151 2147 2147 2194 2194 2195 2195 2196 2196 2197 2197 2198 2198 2195 2195 2199 2199 2200 2200 2198 2198 2201 2201 2202 2202 2200 2200 2203 2203 2204 2204 2202 2202 2205 2205 2206 2206 2204 2204 2207 2207 2208 2208 2206 2206 2209 2209 2210 2210 2208 2208 2211 2211 2212 2212 2210 2210 2213 2213 2214 2214 2212 2212 2215 2215 2216 2216 2214 2214 2217 2217 2218 2218 2216 2216 2219 2219 2220 2220 2218 2218 2221 2221 2222 2222 2220 2220 2223 2223 2224 2224 2222 2222 2225 2225 2226 2226 2224 2224 2227 2227 2228 2228 2226 2226 2229 2229 2230 2230 2228 2228 2231 2231 2232 2232 2230 2230 2233 2233 2234 2234 2232 2232 2235 2235 2236 2236 2234 2234 2237 2237 2238 2238 2236 2236 2239 2239 2240 2240 2238 2238 2241 2241 2196 2196 2240 2240 2204 2204 2203 2203 2205 2205 2196 2196 2241 2241 2194 2194 2240 2240 2239 2239 2241 2241 2238 2238 2237 2237 2239 2239 2236 2236 2235 2235 2237 2237 2234 2234 2233 2233 2235 2235 2232 2232 2231 2231 2233 2233 2230 2230 2229 2229 2231 2231 2228 2228 2227 2227 2229 2229 2226 2226 2225 2225 2227 2227 2224 2224 2223 2223 2225 2225 2222 2222 2221 2221 2223 2223 2220 2220 2219 2219 2221 2221 2218 2218 2217 2217 2219 2219 2216 2216 2215 2215 2217 2217 2214 2214 2213 2213 2215 2215 2212 2212 2211 2211 2213 2213 2210 2210 2209 2209 2211 2211 2208 2208 2207 2207 2209 2209 2195 2195 2194 2194 2197 2197 2198 2198 2197 2197 2199 2199 2200 2200 2199 2199 2201 2201 2202 2202 2201 2201 2203 2203 2206 2206 2205 2205 2207 2207 2242 2242 2243 2243 2244 2244 2245 2245 2246 2246 2247 2247 2248 2248 2247 2247 2249 2249 2250 2250 2249 2249 2251 2251 2252 2252 2251 2251 2253 2253 2254 2254 2253 2253 2255 2255 2256 2256 2255 2255 2257 2257 2258 2258 2257 2257 2259 2259 2257 2257 2258 2258 2256 2256 2255 2255 2256 2256 2254 2254 2253 2253 2254 2254 2252 2252 2251 2251 2252 2252 2250 2250 2249 2249 2250 2250 2248 2248 2247 2247 2248 2248 2245 2245 2246 2246 2245 2245 2260 2260 2244 2244 2260 2260 2242 2242 2243 2243 2242 2242 2261 2261 2262 2262 2261 2261 2263 2263 2264 2264 2263 2263 2265 2265 2266 2266 2265 2265 2267 2267 2268 2268 2267 2267 2269 2269 2270 2270 2269 2269 2271 2271 2272 2272 2271 2271 2273 2273 2274 2274 2273 2273 2275 2275 2276 2276 2275 2275 2277 2277 2278 2278 2277 2277 2279 2279 2280 2280 2279 2279 2281 2281 2282 2282 2281 2281 2283 2283 2284 2284 2283 2283 2285 2285 2286 2286 2285 2285 2287 2287 2288 2288 2287 2287 2289 2289 2259 2259 2289 2289 2258 2258 2261 2261 2262 2262 2243 2243 2263 2263 2264 2264 2262 2262 2265 2265 2266 2266 2264 2264 2267 2267 2268 2268 2266 2266 2269 2269 2270 2270 2268 2268 2271 2271 2272 2272 2270 2270 2273 2273 2274 2274 2272 2272 2275 2275 2276 2276 2274 2274 2277 2277 2278 2278 2276 2276 2279 2279 2280 2280 2278 2278 2281 2281 2282 2282 2280 2280 2283 2283 2284 2284 2282 2282 2285 2285 2286 2286 2284 2284 2287 2287 2288 2288 2286 2286 2289 2289 2259 2259 2288 2288 2260 2260 2244 2244 2246 2246 2290 2290 2291 2291 2292 2292 2293 2293 2294 2294 2291 2291 2295 2295 2296 2296 2294 2294 2297 2297 2298 2298 2296 2296 2299 2299 2300 2300 2298 2298 2301 2301 2302 2302 2300 2300 2303 2303 2304 2304 2302 2302 2305 2305 2306 2306 2304 2304 2307 2307 2308 2308 2306 2306 2309 2309 2310 2310 2308 2308 2311 2311 2312 2312 2310 2310 2313 2313 2314 2314 2312 2312 2315 2315 2316 2316 2314 2314 2317 2317 2318 2318 2316 2316 2319 2319 2320 2320 2318 2318 2321 2321 2322 2322 2320 2320 2322 2322 2321 2321 2323 2323 2320 2320 2319 2319 2321 2321 2318 2318 2317 2317 2319 2319 2316 2316 2315 2315 2317 2317 2314 2314 2313 2313 2315 2315 2312 2312 2311 2311 2313 2313 2310 2310 2309 2309 2311 2311 2308 2308 2307 2307 2309 2309 2324 2324 2292 2292 2325 2325 2306 2306 2305 2305 2307 2307 2304 2304 2303 2303 2305 2305 2302 2302 2301 2301 2303 2303 2300 2300 2299 2299 2301 2301 2298 2298 2297 2297 2299 2299 2296 2296 2295 2295 2297 2297 2294 2294 2293 2293 2295 2295 2291 2291 2290 2290 2293 2293 2292 2292 2324 2324 2290 2290 2325 2325 2326 2326 2324 2324 2327 2327 2328 2328 2326 2326 2329 2329 2330 2330 2328 2328 2331 2331 2332 2332 2330 2330 2333 2333 2334 2334 2332 2332 2335 2335 2336 2336 2334 2334 2337 2337 2323 2323 2336 2336 2323 2323 2337 2337 2322 2322 2336 2336 2335 2335 2337 2337 2334 2334 2333 2333 2335 2335 2332 2332 2331 2331 2333 2333 2330 2330 2329 2329 2331 2331 2328 2328 2327 2327 2329 2329 2326 2326 2325 2325 2327 2327 2338 2338 2339 2339 2340 2340 2341 2341 2340 2340 2342 2342 2343 2343 2342 2342 2344 2344 2345 2345 2344 2344 2346 2346 2347 2347 2346 2346 2348 2348 2349 2349 2348 2348 2350 2350 2351 2351 2350 2350 2352 2352 2353 2353 2352 2352 2354 2354 2355 2355 2354 2354 2356 2356 2357 2357 2356 2356 2358 2358 2359 2359 2358 2358 2360 2360 2361 2361 2360 2360 2362 2362 2363 2363 2362 2362 2364 2364 2365 2365 2364 2364 2366 2366 2367 2367 2366 2366 2368 2368 2339 2339 2338 2338 2369 2369 2370 2370 2368 2368 2371 2371 2372 2372 2371 2371 2373 2373 2374 2374 2373 2373 2375 2375 2376 2376 2375 2375 2377 2377 2378 2378 2377 2377 2379 2379 2380 2380 2379 2379 2381 2381 2382 2382 2381 2381 2383 2383 2384 2384 2383 2383 2385 2385 2385 2385 2369 2369 2384 2384 2383 2383 2384 2384 2382 2382 2381 2381 2382 2382 2380 2380 2379 2379 2380 2380 2378 2378 2377 2377 2378 2378 2376 2376 2375 2375 2376 2376 2374 2374 2373 2373 2374 2374 2372 2372 2371 2371 2372 2372 2370 2370 2368 2368 2370 2370 2367 2367 2366 2366 2367 2367 2365 2365 2364 2364 2365 2365 2363 2363 2362 2362 2363 2363 2361 2361 2360 2360 2361 2361 2359 2359 2358 2358 2359 2359 2357 2357 2356 2356 2357 2357 2355 2355 2354 2354 2355 2355 2353 2353 2352 2352 2353 2353 2351 2351 2350 2350 2351 2351 2349 2349 2348 2348 2349 2349 2347 2347 2346 2346 2347 2347 2345 2345 2344 2344 2345 2345 2343 2343 2342 2342 2343 2343 2341 2341 2340 2340 2341 2341 2338 2338 2369 2369 2385 2385 2339 2339 2386 2386 2387 2387 2388 2388 2389 2389 2388 2388 2390 2390 2391 2391 2392 2392 2393 2393 2394 2394 2392 2392 2395 2395 2396 2396 2397 2397 2387 2387 2388 2388 2389 2389 2386 2386 2398 2398 2390 2390 2399 2399 2400 2400 2399 2399 2401 2401 2402 2402 2403 2403 2404 2404 2405 2405 2404 2404 2406 2406 2407 2407 2408 2408 2409 2409 2391 2391 2409 2409 2410 2410 2392 2392 2394 2394 2393 2393 2411 2411 2395 2395 2397 2397 2387 2387 2386 2386 2396 2396 2399 2399 2400 2400 2398 2398 2400 2400 2412 2412 2413 2413 2414 2414 2412 2412 2415 2415 2416 2416 2415 2415 2417 2417 2418 2418 2417 2417 2419 2419 2420 2420 2421 2421 2403 2403 2404 2404 2405 2405 2402 2402 2422 2422 2423 2423 2408 2408 2409 2409 2391 2391 2407 2407 2395 2395 2411 2411 2394 2394 2390 2390 2398 2398 2389 2389 2412 2412 2414 2414 2413 2413 2417 2417 2418 2418 2416 2416 2424 2424 2419 2419 2425 2425 2426 2426 2425 2425 2427 2427 2426 2426 2428 2428 2429 2429 2429 2429 2430 2430 2431 2431 2432 2432 2430 2430 2421 2421 2403 2403 2402 2402 2420 2420 2433 2433 2406 2406 2423 2423 2408 2408 2407 2407 2422 2422 2397 2397 2396 2396 2411 2411 2415 2415 2416 2416 2414 2414 2425 2425 2426 2426 2424 2424 2430 2430 2429 2429 2428 2428 2421 2421 2420 2420 2432 2432 2423 2423 2422 2422 2433 2433 2412 2412 2400 2400 2401 2401 2428 2428 2426 2426 2427 2427 2406 2406 2433 2433 2405 2405 2419 2419 2424 2424 2418 2418 2392 2392 2391 2391 2410 2410 2430 2430 2432 2432 2431 2431 2434 2434 2435 2435 2436 2436 2437 2437 2438 2438 2439 2439 2440 2440 2441 2441 2442 2442 2443 2443 2444 2444 2445 2445 2446 2446 2447 2447 2448 2448 2449 2449 2450 2450 2451 2451 2452 2452 2451 2451 2453 2453 2451 2451 2452 2452 2449 2449 2454 2454 2453 2453 2455 2455 2456 2456 2457 2457 2458 2458 2459 2459 2458 2458 2460 2460 2453 2453 2454 2454 2452 2452 2438 2438 2455 2455 2439 2439 2461 2461 2462 2462 2463 2463 2464 2464 2463 2463 2457 2457 2458 2458 2459 2459 2456 2456 2465 2465 2460 2460 2466 2466 2467 2467 2466 2466 2468 2468 2445 2445 2468 2468 2443 2443 2469 2469 2470 2470 2471 2471 2472 2472 2471 2471 2473 2473 2474 2474 2473 2473 2450 2450 2455 2455 2438 2438 2454 2454 2441 2441 2440 2440 2462 2462 2463 2463 2464 2464 2461 2461 2460 2460 2465 2465 2459 2459 2468 2468 2445 2445 2467 2467 2471 2471 2472 2472 2469 2469 2450 2450 2449 2449 2474 2474 2438 2438 2437 2437 2475 2475 2476 2476 2437 2437 2477 2477 2478 2478 2477 2477 2479 2479 2436 2436 2479 2479 2434 2434 2435 2435 2434 2434 2480 2480 2448 2448 2480 2480 2446 2446 2447 2447 2446 2446 2481 2481 2442 2442 2481 2481 2440 2440 2462 2462 2461 2461 2441 2441 2466 2466 2467 2467 2465 2465 2444 2444 2443 2443 2470 2470 2473 2473 2474 2474 2472 2472 2437 2437 2476 2476 2475 2475 2479 2479 2436 2436 2478 2478 2480 2480 2448 2448 2435 2435 2481 2481 2442 2442 2447 2447 2457 2457 2456 2456 2464 2464 2470 2470 2469 2469 2444 2444 2477 2477 2478 2478 2476 2476 2482 2482 2483 2483 2484 2484 2485 2485 2484 2484 2486 2486 2484 2484 2485 2485 2482 2482 2487 2487 2486 2486 2488 2488 2489 2489 2490 2490 2491 2491 2492 2492 2491 2491 2493 2493 2494 2494 2495 2495 2483 2483 2486 2486 2487 2487 2485 2485 2496 2496 2488 2488 2497 2497 2498 2498 2497 2497 2499 2499 2500 2500 2499 2499 2490 2490 2491 2491 2492 2492 2489 2489 2501 2501 2502 2502 2503 2503 2483 2483 2482 2482 2494 2494 2497 2497 2498 2498 2496 2496 2490 2490 2489 2489 2500 2500 2492 2492 2504 2504 2505 2505 2506 2506 2507 2507 2508 2508 2509 2509 2508 2508 2495 2495 2488 2488 2496 2496 2487 2487 2504 2504 2492 2492 2493 2493 2505 2505 2510 2510 2511 2511 2512 2512 2510 2510 2513 2513 2514 2514 2515 2515 2516 2516 2517 2517 2516 2516 2518 2518 2502 2502 2501 2501 2519 2519 2520 2520 2519 2519 2521 2521 2522 2522 2521 2521 2507 2507 2508 2508 2509 2509 2506 2506 2499 2499 2500 2500 2498 2498 2510 2510 2512 2512 2511 2511 2523 2523 2513 2513 2515 2515 2516 2516 2517 2517 2514 2514 2519 2519 2520 2520 2502 2502 2507 2507 2506 2506 2522 2522 2510 2510 2505 2505 2504 2504 2515 2515 2514 2514 2523 2523 2524 2524 2518 2518 2525 2525 2526 2526 2525 2525 2527 2527 2528 2528 2527 2527 2529 2529 2503 2503 2529 2529 2501 2501 2521 2521 2522 2522 2520 2520 2513 2513 2523 2523 2512 2512 2529 2529 2503 2503 2528 2528 2495 2495 2494 2494 2509 2509 2527 2527 2528 2528 2526 2526 2518 2518 2524 2524 2517 2517 2525 2525 2526 2526 2524 2524 2530 2530 2531 2531 2532 2532 2533 2533 2534 2534 2535 2535 2536 2536 2537 2537 2533 2533 2538 2538 2539 2539 2536 2536 2540 2540 2541 2541 2538 2538 2542 2542 2543 2543 2540 2540 2544 2544 2545 2545 2542 2542 2546 2546 2547 2547 2544 2544 2531 2531 2530 2530 2546 2546 2548 2548 2532 2532 2531 2531 2549 2549 2550 2550 2548 2548 2551 2551 2552 2552 2549 2549 2553 2553 2554 2554 2551 2551 2555 2555 2556 2556 2553 2553 2557 2557 2558 2558 2555 2555 2559 2559 2560 2560 2557 2557 2561 2561 2535 2535 2534 2534 2534 2534 2533 2533 2537 2537 2537 2537 2536 2536 2539 2539 2539 2539 2538 2538 2541 2541 2541 2541 2540 2540 2543 2543 2543 2543 2542 2542 2545 2545 2545 2545 2544 2544 2547 2547 2547 2547 2546 2546 2530 2530 2562 2562 2563 2563 2559 2559 2532 2532 2548 2548 2550 2550 2550 2550 2549 2549 2552 2552 2552 2552 2551 2551 2554 2554 2554 2554 2553 2553 2556 2556 2556 2556 2555 2555 2558 2558 2558 2558 2557 2557 2560 2560 2560 2560 2559 2559 2563 2563 2563 2563 2562 2562 2564 2564 2564 2564 2565 2565 2566 2566 2565 2565 2564 2564 2562 2562 2535 2535 2561 2561 2567 2567 2568 2568 2566 2566 2565 2565 2569 2569 2570 2570 2568 2568 2571 2571 2572 2572 2569 2569 2573 2573 2574 2574 2571 2571 2566 2566 2568 2568 2570 2570 2570 2570 2569 2569 2572 2572 2572 2572 2571 2571 2574 2574 2574 2574 2573 2573 2575 2575 2575 2575 2576 2576 2577 2577 2577 2577 2567 2567 2561 2561 2567 2567 2577 2577 2576 2576 2576 2576 2575 2575 2573 2573 2578 2578 2579 2579 2580 2580 2581 2581 2582 2582 2578 2578 2583 2583 2584 2584 2581 2581 2585 2585 2586 2586 2583 2583 2587 2587 2588 2588 2589 2589 2590 2590 2591 2591 2587 2587 2592 2592 2593 2593 2594 2594 2594 2594 2595 2595 2596 2596 2596 2596 2597 2597 2598 2598 2598 2598 2599 2599 2600 2600 2600 2600 2601 2601 2602 2602 2602 2602 2603 2603 2604 2604 2604 2604 2605 2605 2606 2606 2606 2606 2607 2607 2608 2608 2608 2608 2580 2580 2579 2579 2579 2579 2578 2578 2582 2582 2582 2582 2581 2581 2584 2584 2584 2584 2583 2583 2586 2586 2586 2586 2585 2585 2609 2609 2609 2609 2589 2589 2588 2588 2588 2588 2587 2587 2591 2591 2589 2589 2609 2609 2585 2585 2580 2580 2608 2608 2607 2607 2607 2607 2606 2606 2605 2605 2591 2591 2590 2590 2610 2610 2605 2605 2604 2604 2603 2603 2603 2603 2602 2602 2601 2601 2601 2601 2600 2600 2599 2599 2599 2599 2598 2598 2597 2597 2597 2597 2596 2596 2595 2595 2595 2595 2594 2594 2593 2593 2593 2593 2592 2592 2611 2611 2611 2611 2612 2612 2613 2613 2613 2613 2614 2614 2615 2615 2615 2615 2616 2616 2617 2617 2617 2617 2618 2618 2619 2619 2619 2619 2620 2620 2621 2621 2621 2621 2622 2622 2623 2623 2623 2623 2624 2624 2625 2625 2625 2625 2610 2610 2590 2590 2610 2610 2625 2625 2624 2624 2624 2624 2623 2623 2622 2622 2622 2622 2621 2621 2620 2620 2620 2620 2619 2619 2618 2618 2618 2618 2617 2617 2616 2616 2616 2616 2615 2615 2614 2614 2614 2614 2613 2613 2612 2612 2612 2612 2611 2611 2592 2592 2626 2626 2627 2627 2628 2628 2628 2628 2629 2629 2630 2630 2630 2630 2631 2631 2632 2632 2632 2632 2633 2633 2634 2634 2634 2634 2635 2635 2636 2636 2636 2636 2637 2637 2638 2638 2638 2638 2639 2639 2640 2640 2640 2640 2641 2641 2642 2642 2642 2642 2643 2643 2644 2644 2644 2644 2645 2645 2646 2646 2646 2646 2647 2647 2648 2648 2648 2648 2649 2649 2650 2650 2650 2650 2651 2651 2652 2652 2652 2652 2653 2653 2654 2654 2654 2654 2655 2655 2656 2656 2656 2656 2657 2657 2658 2658 2658 2658 2659 2659 2660 2660 2660 2660 2661 2661 2662 2662 2662 2662 2663 2663 2664 2664 2664 2664 2665 2665 2666 2666 2666 2666 2667 2667 2668 2668 2668 2668 2669 2669 2670 2670 2670 2670 2671 2671 2672 2672 2673 2673 2672 2672 2671 2671 2671 2671 2670 2670 2669 2669 2669 2669 2668 2668 2667 2667 2667 2667 2666 2666 2665 2665 2665 2665 2664 2664 2663 2663 2663 2663 2662 2662 2661 2661 2661 2661 2660 2660 2659 2659 2659 2659 2658 2658 2657 2657 2657 2657 2656 2656 2655 2655 2627 2627 2626 2626 2673 2673 2629 2629 2628 2628 2627 2627 2631 2631 2630 2630 2629 2629 2633 2633 2632 2632 2631 2631 2635 2635 2634 2634 2633 2633 2637 2637 2636 2636 2635 2635 2639 2639 2638 2638 2637 2637 2641 2641 2640 2640 2639 2639 2643 2643 2642 2642 2641 2641 2645 2645 2644 2644 2643 2643 2647 2647 2646 2646 2645 2645 2649 2649 2648 2648 2647 2647 2651 2651 2650 2650 2649 2649 2653 2653 2652 2652 2651 2651 2655 2655 2654 2654 2653 2653 2672 2672 2673 2673 2626 2626 2674 2674 2675 2675 2676 2676 2677 2677 2676 2676 2678 2678 2679 2679 2678 2678 2680 2680 2681 2681 2680 2680 2682 2682 2683 2683 2682 2682 2684 2684 2685 2685 2684 2684 2686 2686 2687 2687 2686 2686 2688 2688 2689 2689 2688 2688 2690 2690 2691 2691 2690 2690 2692 2692 2693 2693 2692 2692 2694 2694 2695 2695 2694 2694 2696 2696 2697 2697 2696 2696 2698 2698 2699 2699 2698 2698 2700 2700 2701 2701 2700 2700 2702 2702 2703 2703 2702 2702 2704 2704 2705 2705 2704 2704 2706 2706 2707 2707 2706 2706 2708 2708 2709 2709 2708 2708 2710 2710 2711 2711 2710 2710 2712 2712 2713 2713 2712 2712 2714 2714 2715 2715 2714 2714 2716 2716 2717 2717 2716 2716 2718 2718 2719 2719 2718 2718 2720 2720 2721 2721 2720 2720 2675 2675 2720 2720 2721 2721 2719 2719 2718 2718 2719 2719 2717 2717 2716 2716 2717 2717 2715 2715 2714 2714 2715 2715 2713 2713 2712 2712 2713 2713 2711 2711 2710 2710 2711 2711 2709 2709 2708 2708 2709 2709 2707 2707 2706 2706 2707 2707 2705 2705 2704 2704 2705 2705 2703 2703 2702 2702 2703 2703 2701 2701 2700 2700 2701 2701 2699 2699 2698 2698 2699 2699 2697 2697 2696 2696 2697 2697 2695 2695 2694 2694 2695 2695 2693 2693 2692 2692 2693 2693 2691 2691 2690 2690 2691 2691 2689 2689 2688 2688 2689 2689 2687 2687 2686 2686 2687 2687 2685 2685 2684 2684 2685 2685 2683 2683 2682 2682 2683 2683 2681 2681 2680 2680 2681 2681 2679 2679 2678 2678 2679 2679 2677 2677 2676 2676 2677 2677 2674 2674 2675 2675 2674 2674 2721 2721 2722 2722 2723 2723 2724 2724 2725 2725 2726 2726 2723 2723 2727 2727 2728 2728 2726 2726 2729 2729 2730 2730 2728 2728 2731 2731 2732 2732 2733 2733 2734 2734 2733 2733 2735 2735 2736 2736 2735 2735 2737 2737 2738 2738 2737 2737 2739 2739 2740 2740 2739 2739 2741 2741 2742 2742 2741 2741 2743 2743 2744 2744 2743 2743 2745 2745 2746 2746 2747 2747 2748 2748 2749 2749 2748 2748 2750 2750 2751 2751 2750 2750 2752 2752 2753 2753 2752 2752 2754 2754 2755 2755 2754 2754 2756 2756 2757 2757 2756 2756 2758 2758 2759 2759 2758 2758 2760 2760 2761 2761 2760 2760 2762 2762 2763 2763 2762 2762 2764 2764 2765 2765 2764 2764 2766 2766 2767 2767 2766 2766 2730 2730 2766 2766 2767 2767 2765 2765 2764 2764 2765 2765 2763 2763 2762 2762 2763 2763 2761 2761 2760 2760 2761 2761 2759 2759 2758 2758 2759 2759 2757 2757 2756 2756 2757 2757 2755 2755 2754 2754 2755 2755 2753 2753 2752 2752 2753 2753 2751 2751 2750 2750 2751 2751 2749 2749 2748 2748 2749 2749 2746 2746 2747 2747 2746 2746 2768 2768 2745 2745 2768 2768 2744 2744 2743 2743 2744 2744 2742 2742 2741 2741 2742 2742 2740 2740 2739 2739 2740 2740 2738 2738 2737 2737 2738 2738 2736 2736 2735 2735 2736 2736 2734 2734 2733 2733 2734 2734 2731 2731 2732 2732 2731 2731 2769 2769 2724 2724 2769 2769 2722 2722 2723 2723 2722 2722 2725 2725 2726 2726 2725 2725 2727 2727 2728 2728 2727 2727 2729 2729 2730 2730 2729 2729 2767 2767 2769 2769 2724 2724 2732 2732 2768 2768 2745 2745 2747 2747 2770 2770 2771 2771 2772 2772 2773 2773 2774 2774 2771 2771 2775 2775 2776 2776 2774 2774 2777 2777 2778 2778 2776 2776 2779 2779 2780 2780 2778 2778 2772 2772 2781 2781 2770 2770 2771 2771 2770 2770 2773 2773 2774 2774 2773 2773 2775 2775 2776 2776 2775 2775 2777 2777 2778 2778 2777 2777 2779 2779 2780 2780 2779 2779 2782 2782 2783 2783 2782 2782 2784 2784 2785 2785 2784 2784 2786 2786 2787 2787 2786 2786 2788 2788 2789 2789 2788 2788 2790 2790 2791 2791 2790 2790 2792 2792 2793 2793 2792 2792 2794 2794 2795 2795 2794 2794 2796 2796 2797 2797 2796 2796 2798 2798 2799 2799 2798 2798 2800 2800 2801 2801 2800 2800 2802 2802 2803 2803 2802 2802 2804 2804 2805 2805 2804 2804 2806 2806 2807 2807 2806 2806 2808 2808 2809 2809 2808 2808 2810 2810 2811 2811 2810 2810 2812 2812 2813 2813 2812 2812 2814 2814 2815 2815 2814 2814 2816 2816 2817 2817 2816 2816 2781 2781 2816 2816 2817 2817 2815 2815 2814 2814 2815 2815 2813 2813 2812 2812 2813 2813 2811 2811 2810 2810 2811 2811 2809 2809 2808 2808 2809 2809 2807 2807 2806 2806 2807 2807 2805 2805 2804 2804 2805 2805 2803 2803 2802 2802 2803 2803 2801 2801 2800 2800 2801 2801 2799 2799 2798 2798 2799 2799 2797 2797 2796 2796 2797 2797 2795 2795 2794 2794 2795 2795 2793 2793 2792 2792 2793 2793 2791 2791 2790 2790 2791 2791 2789 2789 2788 2788 2789 2789 2787 2787 2786 2786 2787 2787 2785 2785 2784 2784 2785 2785 2783 2783 2782 2782 2783 2783 2780 2780 2781 2781 2772 2772 2817 2817 2818 2818 2819 2819 2820 2820 2821 2821 2822 2822 2819 2819 2823 2823 2824 2824 2822 2822 2825 2825 2826 2826 2824 2824 2827 2827 2828 2828 2826 2826 2829 2829 2830 2830 2828 2828 2831 2831 2832 2832 2830 2830 2833 2833 2834 2834 2832 2832 2835 2835 2836 2836 2834 2834 2837 2837 2838 2838 2836 2836 2839 2839 2840 2840 2838 2838 2841 2841 2842 2842 2840 2840 2843 2843 2844 2844 2842 2842 2845 2845 2846 2846 2844 2844 2847 2847 2848 2848 2846 2846 2849 2849 2850 2850 2848 2848 2851 2851 2852 2852 2850 2850 2853 2853 2854 2854 2852 2852 2855 2855 2856 2856 2854 2854 2857 2857 2858 2858 2856 2856 2859 2859 2860 2860 2858 2858 2861 2861 2862 2862 2860 2860 2863 2863 2864 2864 2862 2862 2865 2865 2820 2820 2864 2864 2820 2820 2865 2865 2818 2818 2864 2864 2863 2863 2865 2865 2862 2862 2861 2861 2863 2863 2860 2860 2859 2859 2861 2861 2858 2858 2857 2857 2859 2859 2856 2856 2855 2855 2857 2857 2854 2854 2853 2853 2855 2855 2852 2852 2851 2851 2853 2853 2850 2850 2849 2849 2851 2851 2848 2848 2847 2847 2849 2849 2846 2846 2845 2845 2847 2847 2844 2844 2843 2843 2845 2845 2842 2842 2841 2841 2843 2843 2840 2840 2839 2839 2841 2841 2838 2838 2837 2837 2839 2839 2836 2836 2835 2835 2837 2837 2834 2834 2833 2833 2835 2835 2832 2832 2831 2831 2833 2833 2830 2830 2829 2829 2831 2831 2828 2828 2827 2827 2829 2829 2826 2826 2825 2825 2827 2827 2824 2824 2823 2823 2825 2825 2822 2822 2821 2821 2823 2823 2819 2819 2818 2818 2821 2821 2866 2866 2867 2867 2868 2868 2869 2869 2870 2870 2867 2867 2871 2871 2872 2872 2870 2870 2873 2873 2874 2874 2872 2872 2875 2875 2876 2876 2874 2874 2877 2877 2878 2878 2876 2876 2879 2879 2880 2880 2878 2878 2881 2881 2882 2882 2880 2880 2883 2883 2884 2884 2882 2882 2885 2885 2886 2886 2884 2884 2887 2887 2888 2888 2886 2886 2889 2889 2890 2890 2888 2888 2891 2891 2892 2892 2890 2890 2893 2893 2894 2894 2892 2892 2895 2895 2896 2896 2894 2894 2897 2897 2898 2898 2896 2896 2899 2899 2900 2900 2898 2898 2901 2901 2902 2902 2900 2900 2903 2903 2904 2904 2902 2902 2905 2905 2906 2906 2904 2904 2907 2907 2908 2908 2906 2906 2909 2909 2910 2910 2908 2908 2911 2911 2912 2912 2910 2910 2913 2913 2868 2868 2912 2912 2868 2868 2913 2913 2866 2866 2912 2912 2911 2911 2913 2913 2910 2910 2909 2909 2911 2911 2908 2908 2907 2907 2909 2909 2906 2906 2905 2905 2907 2907 2904 2904 2903 2903 2905 2905 2902 2902 2901 2901 2903 2903 2900 2900 2899 2899 2901 2901 2898 2898 2897 2897 2899 2899 2896 2896 2895 2895 2897 2897 2894 2894 2893 2893 2895 2895 2892 2892 2891 2891 2893 2893 2890 2890 2889 2889 2891 2891 2888 2888 2887 2887 2889 2889 2886 2886 2885 2885 2887 2887 2884 2884 2883 2883 2885 2885 2882 2882 2881 2881 2883 2883 2880 2880 2879 2879 2881 2881 2878 2878 2877 2877 2879 2879 2876 2876 2875 2875 2877 2877 2874 2874 2873 2873 2875 2875 2872 2872 2871 2871 2873 2873 2870 2870 2869 2869 2871 2871 2867 2867 2866 2866 2869 2869 2914 2914 2915 2915 2916 2916 2917 2917 2918 2918 2919 2919 2920 2920 2919 2919 2921 2921 2922 2922 2921 2921 2923 2923 2924 2924 2923 2923 2925 2925 2926 2926 2925 2925 2927 2927 2928 2928 2927 2927 2929 2929 2930 2930 2929 2929 2931 2931 2932 2932 2931 2931 2933 2933 2934 2934 2933 2933 2935 2935 2936 2936 2935 2935 2937 2937 2938 2938 2937 2937 2939 2939 2940 2940 2939 2939 2941 2941 2942 2942 2941 2941 2943 2943 2944 2944 2943 2943 2945 2945 2946 2946 2945 2945 2947 2947 2948 2948 2947 2947 2949 2949 2950 2950 2949 2949 2915 2915 2951 2951 2916 2916 2952 2952 2953 2953 2952 2952 2954 2954 2955 2955 2954 2954 2956 2956 2957 2957 2956 2956 2958 2958 2959 2959 2958 2958 2960 2960 2961 2961 2960 2960 2918 2918 2960 2960 2961 2961 2959 2959 2958 2958 2959 2959 2957 2957 2956 2956 2957 2957 2955 2955 2954 2954 2955 2955 2953 2953 2952 2952 2953 2953 2951 2951 2916 2916 2951 2951 2914 2914 2915 2915 2914 2914 2950 2950 2949 2949 2950 2950 2948 2948 2947 2947 2948 2948 2946 2946 2945 2945 2946 2946 2944 2944 2943 2943 2944 2944 2942 2942 2941 2941 2942 2942 2940 2940 2939 2939 2940 2940 2938 2938 2937 2937 2938 2938 2936 2936 2935 2935 2936 2936 2934 2934 2933 2933 2934 2934 2932 2932 2931 2931 2932 2932 2930 2930 2929 2929 2930 2930 2928 2928 2927 2927 2928 2928 2926 2926 2925 2925 2926 2926 2924 2924 2923 2923 2924 2924 2922 2922 2921 2921 2922 2922 2920 2920 2919 2919 2920 2920 2917 2917 2918 2918 2917 2917 2961 2961 2962 2962 2963 2963 2964 2964 2965 2965 2966 2966 2967 2967 2968 2968 2969 2969 2970 2970 2971 2971 2972 2972 2973 2973 2974 2974 2975 2975 2976 2976 2977 2977 2978 2978 2979 2979 2963 2963 2962 2962 2980 2980 2981 2981 2962 2962 2964 2964 2982 2982 2981 2981 2966 2966 2983 2983 2984 2984 2985 2985 2969 2969 2968 2968 2986 2986 2970 2970 2987 2987 2968 2968 2972 2972 2971 2971 2987 2987 2988 2988 2973 2973 2989 2989 2975 2975 2974 2974 2990 2990 2991 2991 2974 2974 2976 2976 2977 2977 2991 2991 2992 2992 2993 2993 2994 2994 2995 2995 2981 2981 2982 2982 2996 2996 2966 2966 2965 2965 2982 2982 2997 2997 2967 2967 2984 2984 2985 2985 2986 2986 2983 2983 2973 2973 2988 2988 2971 2971 2975 2975 2988 2988 2989 2989 2991 2991 2977 2977 2998 2998 2978 2978 2977 2977 2992 2992 2999 2999 3000 3000 3001 3001 3002 3002 2995 2995 3003 3003 2967 2967 2997 2997 2965 2965 2984 2984 2983 2983 2997 2997 3004 3004 3005 3005 2999 2999 3006 3006 3000 3000 2994 2994 2995 2995 3002 3002 2993 2993 3002 3002 3007 3007 3008 3008 3004 3004 2978 2978 3009 3009 3000 3000 2999 2999 3005 3005 3000 3000 3006 3006 3001 3001 2994 2994 2993 2993 3006 3006 3007 3007 3002 3002 3003 3003 2963 2963 3008 3008 3007 3007 2978 2978 3004 3004 2979 2979 3005 3005 3004 3004 3009 3009 2987 2987 2970 2970 2972 2972 2962 2962 2981 2981 2996 2996 2988 2988 2975 2975 2990 2990 3008 3008 2963 2963 2980 2980 2986 2986 2985 2985 2969 2969 2974 2974 2991 2991 2998 2998 3010 3010 3011 3011 3012 3012 3013 3013 3014 3014 3015 3015 3016 3016 3017 3017 3018 3018 3019 3019 3020 3020 3021 3021 3022 3022 3023 3023 3024 3024 3025 3025 3026 3026 3027 3027 3019 3019 3014 3014 3028 3028 3029 3029 3030 3030 3031 3031 3032 3032 3012 3012 3023 3023 3033 3033 3024 3024 3034 3034 3025 3025 3017 3017 3035 3035 3036 3036 3037 3037 3038 3038 3014 3014 3019 3019 3015 3015 3020 3020 3019 3019 3028 3028 3039 3039 3020 3020 3030 3030 3040 3040 3041 3041 3011 3011 3012 3012 3032 3032 3010 3010 3023 3023 3022 3022 3032 3032 3024 3024 3033 3033 3022 3022 3016 3016 3034 3034 3042 3042 3017 3017 3025 3025 3018 3018 3026 3026 3025 3025 3035 3035 3036 3036 3026 3026 3043 3043 3044 3044 3045 3045 3046 3046 3020 3020 3039 3039 3021 3021 3030 3030 3029 3029 3039 3039 3047 3047 3031 3031 3041 3041 3011 3011 3010 3010 3040 3040 3034 3034 3016 3016 3033 3033 3017 3017 3016 3016 3042 3042 3026 3026 3036 3036 3027 3027 3037 3037 3036 3036 3043 3043 3048 3048 3049 3049 3050 3050 3051 3051 3046 3046 3052 3052 3031 3031 3047 3047 3029 3029 3041 3041 3040 3040 3047 3047 3053 3053 3054 3054 3048 3048 3055 3055 3049 3049 3045 3045 3046 3046 3051 3051 3044 3044 3051 3051 3056 3056 3013 3013 3053 3053 3037 3037 3057 3057 3049 3049 3048 3048 3054 3054 3049 3049 3055 3055 3050 3050 3045 3045 3044 3044 3055 3055 3056 3056 3051 3051 3052 3052 3014 3014 3013 3013 3056 3056 3037 3037 3053 3053 3038 3038 3054 3054 3053 3053 3057 3057 3058 3058 3059 3059 3060 3060 3061 3061 3062 3062 3063 3063 3064 3064 3065 3065 3066 3066 3067 3067 3068 3068 3069 3069 3070 3070 3071 3071 3072 3072 3064 3064 3071 3071 3073 3073 3074 3074 3075 3075 3076 3076 3077 3077 3078 3078 3062 3062 3079 3079 3063 3063 3080 3080 3058 3058 3068 3068 3081 3081 3082 3082 3083 3083 3084 3084 3071 3071 3064 3064 3072 3072 3065 3065 3064 3064 3073 3073 3085 3085 3065 3065 3075 3075 3086 3086 3087 3087 3088 3088 3078 3078 3077 3077 3089 3089 3062 3062 3061 3061 3077 3077 3063 3063 3079 3079 3061 3061 3067 3067 3080 3080 3090 3090 3068 3068 3058 3058 3069 3069 3059 3059 3058 3058 3081 3081 3082 3082 3059 3059 3091 3091 3092 3092 3093 3093 3094 3094 3095 3095 3096 3096 3097 3097 3065 3065 3085 3085 3066 3066 3075 3075 3074 3074 3085 3085 3098 3098 3076 3076 3087 3087 3088 3088 3089 3089 3086 3086 3080 3080 3067 3067 3079 3079 3068 3068 3067 3067 3090 3090 3059 3059 3082 3082 3060 3060 3083 3083 3082 3082 3091 3091 3099 3099 3100 3100 3101 3101 3102 3102 3094 3094 3103 3103 3076 3076 3098 3098 3074 3074 3087 3087 3086 3086 3098 3098 3096 3096 3095 3095 3099 3099 3104 3104 3100 3100 3093 3093 3094 3094 3102 3102 3092 3092 3102 3102 3105 3105 3070 3070 3096 3096 3083 3083 3097 3097 3100 3100 3099 3099 3095 3095 3100 3100 3104 3104 3101 3101 3093 3093 3092 3092 3104 3104 3105 3105 3102 3102 3103 3103 3071 3071 3070 3070 3105 3105 3083 3083 3096 3096 3084 3084 3089 3089 3088 3088 3078 3078 3106 3106 3107 3107 3108 3108 3109 3109 3110 3110 3111 3111 3111 3111 3112 3112 3113 3113 3113 3113 3114 3114 3115 3115 3115 3115 3116 3116 3117 3117 3117 3117 3118 3118 3119 3119 3119 3119 3120 3120 3121 3121 3121 3121 3122 3122 3123 3123 3123 3123 3124 3124 3125 3125 3125 3125 3126 3126 3127 3127 3127 3127 3128 3128 3129 3129 3129 3129 3130 3130 3131 3131 3131 3131 3132 3132 3133 3133 3133 3133 3134 3134 3135 3135 3135 3135 3136 3136 3137 3137 3137 3137 3138 3138 3139 3139 3139 3139 3140 3140 3141 3141 3141 3141 3142 3142 3143 3143 3143 3143 3144 3144 3145 3145 3145 3145 3146 3146 3147 3147 3147 3147 3148 3148 3149 3149 3149 3149 3150 3150 3151 3151 3151 3151 3152 3152 3153 3153 3153 3153 3108 3108 3107 3107 3108 3108 3153 3153 3152 3152 3152 3152 3151 3151 3150 3150 3150 3150 3149 3149 3148 3148 3148 3148 3147 3147 3146 3146 3146 3146 3145 3145 3144 3144 3144 3144 3143 3143 3142 3142 3142 3142 3141 3141 3140 3140 3140 3140 3139 3139 3138 3138 3138 3138 3137 3137 3136 3136 3136 3136 3135 3135 3134 3134 3134 3134 3133 3133 3132 3132 3132 3132 3131 3131 3130 3130 3130 3130 3129 3129 3128 3128 3128 3128 3127 3127 3126 3126 3126 3126 3125 3125 3124 3124 3124 3124 3123 3123 3122 3122 3122 3122 3121 3121 3120 3120 3120 3120 3119 3119 3118 3118 3118 3118 3117 3117 3116 3116 3116 3116 3115 3115 3114 3114 3114 3114 3113 3113 3112 3112 3112 3112 3111 3111 3110 3110 3110 3110 3109 3109 3106 3106 3107 3107 3106 3106 3109 3109 3154 3154 3155 3155 3156 3156 3157 3157 3158 3158 3154 3154 3159 3159 3160 3160 3157 3157 3161 3161 3162 3162 3159 3159 3163 3163 3164 3164 3161 3161 3165 3165 3166 3166 3163 3163 3167 3167 3168 3168 3165 3165 3169 3169 3170 3170 3167 3167 3171 3171 3172 3172 3169 3169 3173 3173 3174 3174 3171 3171 3175 3175 3176 3176 3173 3173 3177 3177 3178 3178 3175 3175 3179 3179 3180 3180 3177 3177 3181 3181 3182 3182 3179 3179 3183 3183 3184 3184 3181 3181 3185 3185 3186 3186 3183 3183 3187 3187 3188 3188 3185 3185 3189 3189 3190 3190 3187 3187 3191 3191 3192 3192 3189 3189 3193 3193 3194 3194 3191 3191 3195 3195 3196 3196 3193 3193 3197 3197 3198 3198 3195 3195 3199 3199 3200 3200 3197 3197 3200 3200 3199 3199 3201 3201 3198 3198 3197 3197 3200 3200 3196 3196 3195 3195 3198 3198 3194 3194 3193 3193 3196 3196 3192 3192 3191 3191 3194 3194 3190 3190 3189 3189 3192 3192 3188 3188 3187 3187 3190 3190 3186 3186 3185 3185 3188 3188 3184 3184 3183 3183 3186 3186 3182 3182 3181 3181 3184 3184 3180 3180 3179 3179 3182 3182 3178 3178 3177 3177 3180 3180 3176 3176 3175 3175 3178 3178 3174 3174 3173 3173 3176 3176 3172 3172 3171 3171 3174 3174 3170 3170 3169 3169 3172 3172 3168 3168 3167 3167 3170 3170 3166 3166 3165 3165 3168 3168 3164 3164 3163 3163 3166 3166 3162 3162 3161 3161 3164 3164 3160 3160 3159 3159 3162 3162 3158 3158 3157 3157 3160 3160 3155 3155 3154 3154 3158 3158 3201 3201 3156 3156 3155 3155 3156 3156 3201 3201 3199 3199 3202 3202 3203 3203 3204 3204 3204 3204 3205 3205 3206 3206 3206 3206 3207 3207 3208 3208 3208 3208 3209 3209 3210 3210 3210 3210 3211 3211 3212 3212 3212 3212 3213 3213 3214 3214 3214 3214 3215 3215 3216 3216 3216 3216 3217 3217 3218 3218 3218 3218 3219 3219 3220 3220 3220 3220 3221 3221 3222 3222 3222 3222 3223 3223 3224 3224 3224 3224 3225 3225 3226 3226 3226 3226 3227 3227 3228 3228 3228 3228 3229 3229 3230 3230 3230 3230 3231 3231 3232 3232 3232 3232 3233 3233 3234 3234 3234 3234 3235 3235 3236 3236 3236 3236 3237 3237 3238 3238 3238 3238 3239 3239 3240 3240 3240 3240 3241 3241 3242 3242 3242 3242 3243 3243 3244 3244 3244 3244 3245 3245 3246 3246 3246 3246 3247 3247 3248 3248 3248 3248 3249 3249 3202 3202 3249 3249 3248 3248 3247 3247 3247 3247 3246 3246 3245 3245 3245 3245 3244 3244 3243 3243 3243 3243 3242 3242 3241 3241 3241 3241 3240 3240 3239 3239 3239 3239 3238 3238 3237 3237 3237 3237 3236 3236 3235 3235 3235 3235 3234 3234 3233 3233 3233 3233 3232 3232 3231 3231 3231 3231 3230 3230 3229 3229 3229 3229 3228 3228 3227 3227 3227 3227 3226 3226 3225 3225 3225 3225 3224 3224 3223 3223 3223 3223 3222 3222 3221 3221 3221 3221 3220 3220 3219 3219 3219 3219 3218 3218 3217 3217 3217 3217 3216 3216 3215 3215 3215 3215 3214 3214 3213 3213 3213 3213 3212 3212 3211 3211 3211 3211 3210 3210 3209 3209 3209 3209 3208 3208 3207 3207 3207 3207 3206 3206 3205 3205 3205 3205 3204 3204 3203 3203 3203 3203 3202 3202 3249 3249 3250 3250 3251 3251 3252 3252 3253 3253 3252 3252 3254 3254 3255 3255 3254 3254 3256 3256 3257 3257 3256 3256 3258 3258 3259 3259 3258 3258 3260 3260 3251 3251 3250 3250 3261 3261 3252 3252 3253 3253 3250 3250 3254 3254 3255 3255 3253 3253 3256 3256 3257 3257 3255 3255 3258 3258 3259 3259 3257 3257 3260 3260 3262 3262 3259 3259 3263 3263 3264 3264 3262 3262 3265 3265 3266 3266 3264 3264 3267 3267 3268 3268 3266 3266 3269 3269 3270 3270 3268 3268 3271 3271 3272 3272 3270 3270 3273 3273 3274 3274 3272 3272 3275 3275 3276 3276 3274 3274 3277 3277 3278 3278 3276 3276 3279 3279 3280 3280 3278 3278 3281 3281 3282 3282 3280 3280 3283 3283 3284 3284 3282 3282 3285 3285 3286 3286 3284 3284 3287 3287 3288 3288 3286 3286 3289 3289 3290 3290 3288 3288 3291 3291 3292 3292 3290 3290 3293 3293 3294 3294 3292 3292 3295 3295 3296 3296 3294 3294 3297 3297 3261 3261 3296 3296 3261 3261 3297 3297 3251 3251 3296 3296 3295 3295 3297 3297 3294 3294 3293 3293 3295 3295 3292 3292 3291 3291 3293 3293 3290 3290 3289 3289 3291 3291 3288 3288 3287 3287 3289 3289 3286 3286 3285 3285 3287 3287 3284 3284 3283 3283 3285 3285 3282 3282 3281 3281 3283 3283 3280 3280 3279 3279 3281 3281 3278 3278 3277 3277 3279 3279 3276 3276 3275 3275 3277 3277 3274 3274 3273 3273 3275 3275 3272 3272 3271 3271 3273 3273 3270 3270 3269 3269 3271 3271 3268 3268 3267 3267 3269 3269 3266 3266 3265 3265 3267 3267 3264 3264 3263 3263 3265 3265 3262 3262 3260 3260 3263 3263 3298 3298 3299 3299 3300 3300 3301 3301 3302 3302 3303 3303 3304 3304 3305 3305 3302 3302 3306 3306 3307 3307 3305 3305 3308 3308 3309 3309 3307 3307 3310 3310 3311 3311 3309 3309 3312 3312 3313 3313 3311 3311 3314 3314 3315 3315 3313 3313 3316 3316 3317 3317 3315 3315 3318 3318 3319 3319 3317 3317 3320 3320 3321 3321 3319 3319 3322 3322 3323 3323 3321 3321 3324 3324 3325 3325 3323 3323 3326 3326 3327 3327 3325 3325 3328 3328 3329 3329 3327 3327 3330 3330 3331 3331 3329 3329 3332 3332 3333 3333 3331 3331 3334 3334 3335 3335 3333 3333 3336 3336 3337 3337 3335 3335 3338 3338 3339 3339 3337 3337 3340 3340 3341 3341 3339 3339 3342 3342 3300 3300 3341 3341 3299 3299 3298 3298 3343 3343 3300 3300 3342 3342 3298 3298 3341 3341 3340 3340 3342 3342 3339 3339 3338 3338 3340 3340 3337 3337 3336 3336 3338 3338 3335 3335 3334 3334 3336 3336 3333 3333 3332 3332 3334 3334 3331 3331 3330 3330 3332 3332 3329 3329 3328 3328 3330 3330 3327 3327 3326 3326 3328 3328 3325 3325 3324 3324 3326 3326 3323 3323 3322 3322 3324 3324 3321 3321 3320 3320 3322 3322 3319 3319 3318 3318 3320 3320 3317 3317 3316 3316 3318 3318 3315 3315 3314 3314 3316 3316 3313 3313 3312 3312 3314 3314 3311 3311 3310 3310 3312 3312 3309 3309 3308 3308 3310 3310 3307 3307 3306 3306 3308 3308 3305 3305 3304 3304 3306 3306 3302 3302 3301 3301 3304 3304 3303 3303 3344 3344 3301 3301 3345 3345 3343 3343 3344 3344 3343 3343 3345 3345 3299 3299 3344 3344 3303 3303 3345 3345 3346 3346 3347 3347 3348 3348 3349 3349 3350 3350 3347 3347 3351 3351 3352 3352 3350 3350 3353 3353 3354 3354 3352 3352 3355 3355 3356 3356 3354 3354 3357 3357 3358 3358 3356 3356 3359 3359 3360 3360 3358 3358 3361 3361 3362 3362 3360 3360 3363 3363 3364 3364 3362 3362 3365 3365 3366 3366 3364 3364 3367 3367 3368 3368 3366 3366 3369 3369 3370 3370 3368 3368 3371 3371 3372 3372 3370 3370 3373 3373 3374 3374 3372 3372 3375 3375 3376 3376 3374 3374 3377 3377 3378 3378 3376 3376 3379 3379 3380 3380 3378 3378 3380 3380 3379 3379 3381 3381 3378 3378 3377 3377 3379 3379 3376 3376 3375 3375 3377 3377 3374 3374 3373 3373 3375 3375 3372 3372 3371 3371 3373 3373 3370 3370 3369 3369 3371 3371 3368 3368 3367 3367 3369 3369 3382 3382 3383 3383 3384 3384 3366 3366 3365 3365 3367 3367 3364 3364 3363 3363 3365 3365 3362 3362 3361 3361 3363 3363 3360 3360 3359 3359 3361 3361 3358 3358 3357 3357 3359 3359 3356 3356 3355 3355 3357 3357 3354 3354 3353 3353 3355 3355 3352 3352 3351 3351 3353 3353 3350 3350 3349 3349 3351 3351 3347 3347 3346 3346 3349 3349 3348 3348 3385 3385 3346 3346 3383 3383 3382 3382 3385 3385 3384 3384 3386 3386 3382 3382 3387 3387 3388 3388 3386 3386 3389 3389 3390 3390 3388 3388 3391 3391 3392 3392 3390 3390 3393 3393 3381 3381 3392 3392 3381 3381 3393 3393 3380 3380 3392 3392 3391 3391 3393 3393 3390 3390 3389 3389 3391 3391 3388 3388 3387 3387 3389 3389 3385 3385 3348 3348 3383 3383 3386 3386 3384 3384 3387 3387 3394 3394 3395 3395 3396 3396 3397 3397 3398 3398 3395 3395 3399 3399 3400 3400 3398 3398 3401 3401 3402 3402 3400 3400 3403 3403 3404 3404 3402 3402 3405 3405 3406 3406 3404 3404 3407 3407 3408 3408 3406 3406 3409 3409 3410 3410 3408 3408 3411 3411 3412 3412 3410 3410 3413 3413 3414 3414 3412 3412 3415 3415 3416 3416 3414 3414 3417 3417 3418 3418 3416 3416 3419 3419 3420 3420 3418 3418 3421 3421 3422 3422 3420 3420 3423 3423 3424 3424 3422 3422 3425 3425 3426 3426 3424 3424 3427 3427 3428 3428 3426 3426 3429 3429 3430 3430 3428 3428 3431 3431 3432 3432 3430 3430 3433 3433 3434 3434 3432 3432 3435 3435 3436 3436 3434 3434 3437 3437 3438 3438 3436 3436 3439 3439 3440 3440 3438 3438 3440 3440 3439 3439 3441 3441 3438 3438 3437 3437 3439 3439 3436 3436 3435 3435 3437 3437 3434 3434 3433 3433 3435 3435 3432 3432 3431 3431 3433 3433 3430 3430 3429 3429 3431 3431 3428 3428 3427 3427 3429 3429 3426 3426 3425 3425 3427 3427 3424 3424 3423 3423 3425 3425 3422 3422 3421 3421 3423 3423 3420 3420 3419 3419 3421 3421 3418 3418 3417 3417 3419 3419 3416 3416 3415 3415 3417 3417 3414 3414 3413 3413 3415 3415 3412 3412 3411 3411 3413 3413 3410 3410 3409 3409 3411 3411 3408 3408 3407 3407 3409 3409 3406 3406 3405 3405 3407 3407 3404 3404 3403 3403 3405 3405 3402 3402 3401 3401 3403 3403 3400 3400 3399 3399 3401 3401 3398 3398 3397 3397 3399 3399 3395 3395 3394 3394 3397 3397 3396 3396 3441 3441 3394 3394 3441 3441 3396 3396 3440 3440 3442 3442 3443 3443 3444 3444 3445 3445 3444 3444 3446 3446 3447 3447 3446 3446 3448 3448 3449 3449 3448 3448 3450 3450 3451 3451 3450 3450 3452 3452 3453 3453 3452 3452 3454 3454 3455 3455 3454 3454 3456 3456 3457 3457 3456 3456 3458 3458 3459 3459 3458 3458 3460 3460 3461 3461 3460 3460 3462 3462 3463 3463 3462 3462 3464 3464 3465 3465 3464 3464 3466 3466 3467 3467 3466 3466 3468 3468 3469 3469 3468 3468 3470 3470 3471 3471 3470 3470 3472 3472 3473 3473 3472 3472 3474 3474 3475 3475 3474 3474 3476 3476 3477 3477 3476 3476 3478 3478 3479 3479 3478 3478 3480 3480 3481 3481 3480 3480 3482 3482 3483 3483 3482 3482 3484 3484 3485 3485 3484 3484 3486 3486 3487 3487 3486 3486 3488 3488 3486 3486 3487 3487 3485 3485 3489 3489 3488 3488 3443 3443 3484 3484 3485 3485 3483 3483 3482 3482 3483 3483 3481 3481 3480 3480 3481 3481 3479 3479 3478 3478 3479 3479 3477 3477 3476 3476 3477 3477 3475 3475 3474 3474 3475 3475 3473 3473 3472 3472 3473 3473 3471 3471 3470 3470 3471 3471 3469 3469 3468 3468 3469 3469 3467 3467 3466 3466 3467 3467 3465 3465 3464 3464 3465 3465 3463 3463 3462 3462 3463 3463 3461 3461 3460 3460 3461 3461 3459 3459 3458 3458 3459 3459 3457 3457 3456 3456 3457 3457 3455 3455 3454 3454 3455 3455 3453 3453 3452 3452 3453 3453 3451 3451 3450 3450 3451 3451 3449 3449 3448 3448 3449 3449 3447 3447 3446 3446 3447 3447 3445 3445 3444 3444 3445 3445 3442 3442 3443 3443 3442 3442 3489 3489 3488 3488 3489 3489 3487 3487 3490 3490 3491 3491 3492 3492 3493 3493 3494 3494 3491 3491 3495 3495 3496 3496 3494 3494 3497 3497 3498 3498 3496 3496 3499 3499 3500 3500 3498 3498 3501 3501 3502 3502 3500 3500 3503 3503 3504 3504 3502 3502 3505 3505 3506 3506 3504 3504 3507 3507 3508 3508 3506 3506 3509 3509 3510 3510 3508 3508 3511 3511 3512 3512 3510 3510 3513 3513 3514 3514 3512 3512 3515 3515 3516 3516 3514 3514 3517 3517 3518 3518 3516 3516 3519 3519 3520 3520 3518 3518 3521 3521 3522 3522 3520 3520 3523 3523 3524 3524 3522 3522 3525 3525 3526 3526 3524 3524 3527 3527 3528 3528 3526 3526 3529 3529 3530 3530 3528 3528 3531 3531 3532 3532 3530 3530 3533 3533 3534 3534 3532 3532 3535 3535 3492 3492 3536 3536 3492 3492 3535 3535 3490 3490 3494 3494 3493 3493 3495 3495 3536 3536 3537 3537 3535 3535 3534 3534 3533 3533 3537 3537 3532 3532 3531 3531 3533 3533 3530 3530 3529 3529 3531 3531 3528 3528 3527 3527 3529 3529 3526 3526 3525 3525 3527 3527 3524 3524 3523 3523 3525 3525 3522 3522 3521 3521 3523 3523 3520 3520 3519 3519 3521 3521 3518 3518 3517 3517 3519 3519 3516 3516 3515 3515 3517 3517 3514 3514 3513 3513 3515 3515 3512 3512 3511 3511 3513 3513 3510 3510 3509 3509 3511 3511 3508 3508 3507 3507 3509 3509 3506 3506 3505 3505 3507 3507 3504 3504 3503 3503 3505 3505 3502 3502 3501 3501 3503 3503 3500 3500 3499 3499 3501 3501 3498 3498 3497 3497 3499 3499 3496 3496 3495 3495 3497 3497 3491 3491 3490 3490 3493 3493 3537 3537 3536 3536 3534 3534 3538 3538 3539 3539 3540 3540 3541 3541 3538 3538 3542 3542 3543 3543 3544 3544 3545 3545 3546 3546 3547 3547 3548 3548 3549 3549 3550 3550 3547 3547 3551 3551 3552 3552 3550 3550 3553 3553 3554 3554 3555 3555 3556 3556 3557 3557 3558 3558 3559 3559 3557 3557 3560 3560 3561 3561 3559 3559 3562 3562 3563 3563 3564 3564 3565 3565 3538 3538 3541 3541 3566 3566 3542 3542 3567 3567 3541 3541 3568 3568 3569 3569 3544 3544 3545 3545 3548 3548 3543 3543 3570 3570 3565 3565 3571 3571 3572 3572 3539 3539 3573 3573 3574 3574 3561 3561 3562 3562 3569 3569 3568 3568 3567 3567 3544 3544 3543 3543 3568 3568 3575 3575 3576 3576 3577 3577 3578 3578 3579 3579 3564 3564 3565 3565 3570 3570 3563 3563 3559 3559 3561 3561 3580 3580 3556 3556 3553 3553 3555 3555 3570 3570 3581 3581 3582 3582 3575 3575 3574 3574 3583 3583 3579 3579 3577 3577 3576 3576 3579 3579 3578 3578 3584 3584 3554 3554 3553 3553 3552 3552 3581 3581 3570 3570 3571 3571 3564 3564 3563 3563 3578 3578 3561 3561 3574 3574 3585 3585 3557 3557 3556 3556 3560 3560 3552 3552 3551 3551 3554 3554 3547 3547 3546 3546 3549 3549 3567 3567 3542 3542 3569 3569 3539 3539 3572 3572 3540 3540 3557 3557 3559 3559 3580 3580 3550 3550 3549 3549 3551 3551 3574 3574 3575 3575 3585 3585 3539 3539 3538 3538 3566 3566 3553 3553 3556 3556 3558 3558 3582 3582 3572 3572 3573 3573 3548 3548 3545 3545 3546 3546 3572 3572 3582 3582 3581 3581 3577 3577 3579 3579 3584 3584 3576 3576 3575 3575 3583 3583 3586 3586 3587 3587 3588 3588 3589 3589 3590 3590 3591 3591 3592 3592 3593 3593 3594 3594 3595 3595 3594 3594 3596 3596 3597 3597 3598 3598 3599 3599 3599 3599 3586 3586 3588 3588 3600 3600 3601 3601 3602 3602 3603 3603 3602 3602 3604 3604 3603 3603 3605 3605 3606 3606 3590 3590 3589 3589 3607 3607 3608 3608 3609 3609 3593 3593 3594 3594 3595 3595 3592 3592 3610 3610 3596 3596 3611 3611 3612 3612 3611 3611 3613 3613 3586 3586 3599 3599 3598 3598 3587 3587 3586 3586 3601 3601 3602 3602 3603 3603 3600 3600 3590 3590 3606 3606 3605 3605 3614 3614 3615 3615 3616 3616 3617 3617 3615 3615 3618 3618 3593 3593 3592 3592 3608 3608 3611 3611 3612 3612 3610 3610 3612 3612 3619 3619 3620 3620 3597 3597 3619 3619 3621 3621 3605 3605 3603 3603 3604 3604 3589 3589 3622 3622 3623 3623 3624 3624 3622 3622 3625 3625 3615 3615 3617 3617 3616 3616 3626 3626 3618 3618 3627 3627 3628 3628 3627 3627 3629 3629 3630 3630 3629 3629 3609 3609 3596 3596 3610 3610 3595 3595 3619 3619 3597 3597 3620 3620 3601 3601 3600 3600 3587 3587 3622 3622 3624 3624 3623 3623 3624 3624 3631 3631 3632 3632 3614 3614 3631 3631 3633 3633 3618 3618 3626 3626 3617 3617 3629 3629 3630 3630 3628 3628 3619 3619 3612 3612 3613 3613 3622 3622 3589 3589 3591 3591 3631 3631 3614 3614 3632 3632 3627 3627 3628 3628 3626 3626 3598 3598 3597 3597 3621 3621 3615 3615 3614 3614 3633 3633 3631 3631 3624 3624 3625 3625 3609 3609 3608 3608 3630 3630 3606 3606 3590 3590 3607 3607 3634 3634 3635 3635 3636 3636 3637 3637 3638 3638 3639 3639 3640 3640 3637 3637 3641 3641 3642 3642 3643 3643 3644 3644 3645 3645 3646 3646 3647 3647 3648 3648 3649 3649 3646 3646 3650 3650 3651 3651 3652 3652 3653 3653 3654 3654 3655 3655 3637 3637 3640 3640 3656 3656 3657 3657 3635 3635 3658 3658 3650 3650 3659 3659 3653 3653 3646 3646 3645 3645 3648 3648 3643 3643 3642 3642 3660 3660 3641 3641 3644 3644 3640 3640 3651 3651 3650 3650 3649 3649 3659 3659 3650 3650 3652 3652 3654 3654 3653 3653 3659 3659 3654 3654 3658 3658 3655 3655 3661 3661 3662 3662 3663 3663 3664 3664 3665 3665 3666 3666 3635 3635 3634 3634 3667 3667 3668 3668 3669 3669 3670 3670 3661 3661 3665 3665 3671 3671 3672 3672 3645 3645 3647 3647 3673 3673 3674 3674 3675 3675 3643 3643 3676 3676 3677 3677 3664 3664 3670 3670 3678 3678 3665 3665 3661 3661 3666 3666 3662 3662 3661 3661 3671 3671 3672 3672 3662 3662 3679 3679 3658 3658 3654 3654 3657 3657 3673 3673 3634 3634 3680 3680 3638 3638 3637 3637 3656 3656 3676 3676 3643 3643 3660 3660 3677 3677 3669 3669 3681 3681 3670 3670 3664 3664 3668 3668 3665 3665 3664 3664 3678 3678 3662 3662 3672 3672 3663 3663 3645 3645 3672 3672 3679 3679 3649 3649 3648 3648 3651 3651 3635 3635 3657 3657 3636 3636 3634 3634 3673 3673 3667 3667 3674 3674 3673 3673 3680 3680 3638 3638 3674 3674 3639 3639 3644 3644 3641 3641 3642 3642 3669 3669 3677 3677 3676 3676 3669 3669 3668 3668 3681 3681 3674 3674 3638 3638 3675 3675 3682 3682 3683 3683 3684 3684 3685 3685 3686 3686 3687 3687 3688 3688 3689 3689 3685 3685 3690 3690 3691 3691 3688 3688 3692 3692 3693 3693 3690 3690 3694 3694 3695 3695 3692 3692 3696 3696 3697 3697 3694 3694 3698 3698 3699 3699 3696 3696 3700 3700 3701 3701 3698 3698 3702 3702 3703 3703 3700 3700 3704 3704 3705 3705 3702 3702 3706 3706 3707 3707 3704 3704 3708 3708 3709 3709 3706 3706 3710 3710 3711 3711 3708 3708 3712 3712 3713 3713 3710 3710 3714 3714 3715 3715 3712 3712 3716 3716 3717 3717 3714 3714 3718 3718 3719 3719 3716 3716 3720 3720 3721 3721 3718 3718 3722 3722 3723 3723 3720 3720 3724 3724 3725 3725 3722 3722 3726 3726 3727 3727 3724 3724 3684 3684 3728 3728 3726 3726 3683 3683 3682 3682 3729 3729 3728 3728 3684 3684 3683 3683 3727 3727 3726 3726 3728 3728 3725 3725 3724 3724 3727 3727 3723 3723 3722 3722 3725 3725 3721 3721 3720 3720 3723 3723 3719 3719 3718 3718 3721 3721 3717 3717 3716 3716 3719 3719 3715 3715 3714 3714 3717 3717 3713 3713 3712 3712 3715 3715 3711 3711 3710 3710 3713 3713 3709 3709 3708 3708 3711 3711 3707 3707 3706 3706 3709 3709 3705 3705 3704 3704 3707 3707 3703 3703 3702 3702 3705 3705 3701 3701 3700 3700 3703 3703 3699 3699 3698 3698 3701 3701 3697 3697 3696 3696 3699 3699 3695 3695 3694 3694 3697 3697 3693 3693 3692 3692 3695 3695 3691 3691 3690 3690 3693 3693 3689 3689 3688 3688 3691 3691 3686 3686 3685 3685 3689 3689 3729 3729 3687 3687 3686 3686 3687 3687 3729 3729 3682 3682 3730 3730 3731 3731 3732 3732 3733 3733 3734 3734 3730 3730 3735 3735 3736 3736 3733 3733 3737 3737 3738 3738 3735 3735 3739 3739 3740 3740 3737 3737 3741 3741 3742 3742 3739 3739 3743 3743 3744 3744 3741 3741 3745 3745 3746 3746 3743 3743 3747 3747 3748 3748 3745 3745 3749 3749 3750 3750 3747 3747 3751 3751 3752 3752 3749 3749 3753 3753 3754 3754 3751 3751 3755 3755 3756 3756 3753 3753 3757 3757 3758 3758 3755 3755 3759 3759 3760 3760 3757 3757 3761 3761 3762 3762 3759 3759 3763 3763 3764 3764 3761 3761 3765 3765 3766 3766 3763 3763 3767 3767 3768 3768 3765 3765 3769 3769 3770 3770 3767 3767 3771 3771 3772 3772 3769 3769 3773 3773 3774 3774 3771 3771 3775 3775 3776 3776 3773 3773 3776 3776 3775 3775 3777 3777 3774 3774 3773 3773 3776 3776 3772 3772 3771 3771 3774 3774 3770 3770 3769 3769 3772 3772 3768 3768 3767 3767 3770 3770 3766 3766 3765 3765 3768 3768 3764 3764 3763 3763 3766 3766 3762 3762 3761 3761 3764 3764 3760 3760 3759 3759 3762 3762 3758 3758 3757 3757 3760 3760 3756 3756 3755 3755 3758 3758 3754 3754 3753 3753 3756 3756 3752 3752 3751 3751 3754 3754 3750 3750 3749 3749 3752 3752 3748 3748 3747 3747 3750 3750 3746 3746 3745 3745 3748 3748 3744 3744 3743 3743 3746 3746 3742 3742 3741 3741 3744 3744 3740 3740 3739 3739 3742 3742 3738 3738 3737 3737 3740 3740 3736 3736 3735 3735 3738 3738 3734 3734 3733 3733 3736 3736 3731 3731 3730 3730 3734 3734 3777 3777 3732 3732 3731 3731 3732 3732 3777 3777 3775 3775 3778 3778 3779 3779 3780 3780 3781 3781 3782 3782 3778 3778 3783 3783 3784 3784 3781 3781 3785 3785 3786 3786 3783 3783 3787 3787 3788 3788 3785 3785 3789 3789 3790 3790 3787 3787 3791 3791 3792 3792 3789 3789 3793 3793 3794 3794 3791 3791 3795 3795 3796 3796 3793 3793 3797 3797 3798 3798 3795 3795 3799 3799 3800 3800 3797 3797 3801 3801 3802 3802 3799 3799 3803 3803 3804 3804 3801 3801 3805 3805 3806 3806 3803 3803 3807 3807 3808 3808 3805 3805 3809 3809 3810 3810 3807 3807 3811 3811 3812 3812 3809 3809 3813 3813 3814 3814 3811 3811 3815 3815 3816 3816 3813 3813 3817 3817 3818 3818 3815 3815 3819 3819 3820 3820 3817 3817 3821 3821 3822 3822 3819 3819 3823 3823 3824 3824 3821 3821 3780 3780 3825 3825 3823 3823 3825 3825 3780 3780 3779 3779 3824 3824 3823 3823 3825 3825 3822 3822 3821 3821 3824 3824 3820 3820 3819 3819 3822 3822 3818 3818 3817 3817 3820 3820 3816 3816 3815 3815 3818 3818 3814 3814 3813 3813 3816 3816 3812 3812 3811 3811 3814 3814 3810 3810 3809 3809 3812 3812 3808 3808 3807 3807 3810 3810 3806 3806 3805 3805 3808 3808 3804 3804 3803 3803 3806 3806 3802 3802 3801 3801 3804 3804 3800 3800 3799 3799 3802 3802 3798 3798 3797 3797 3800 3800 3796 3796 3795 3795 3798 3798 3794 3794 3793 3793 3796 3796 3792 3792 3791 3791 3794 3794 3790 3790 3789 3789 3792 3792 3788 3788 3787 3787 3790 3790 3786 3786 3785 3785 3788 3788 3784 3784 3783 3783 3786 3786 3782 3782 3781 3781 3784 3784 3779 3779 3778 3778 3782 3782 3826 3826 3827 3827 3828 3828 3829 3829 3830 3830 3831 3831 3832 3832 3833 3833 3830 3830 3827 3827 3826 3826 3834 3834 3835 3835 3832 3832 3836 3836 3830 3830 3829 3829 3832 3832 3832 3832 3837 3837 3838 3838 3833 3833 3832 3832 3835 3835 3826 3826 3832 3832 3834 3834 3832 3832 3826 3826 3837 3837 3832 3832 3838 3838 3836 3836 3839 3839 3840 3840 3841 3841 3842 3842 3843 3843 3844 3844 3840 3840 3839 3839 3845 3845 3840 3840 3843 3843 3841 3841 3843 3843 3842 3842 3841 3841 3846 3846 3845 3845 3839 3839 3843 3843 3840 3840 3847 3847 3845 3845 3846 3846 3848 3848 3849 3849 3850 3850 3851 3851 3850 3850 3849 3849 3852 3852 3853 3853 3854 3854 3855 3855 3856 3856 3857 3857 3855 3855 3855 3855 3857 3857 3853 3853 3857 3857 3858 3858 3859 3859 3854 3854 3853 3853 3860 3860 3857 3857 3856 3856 3858 3858 3861 3861 3862 3862 3863 3863 3864 3864 3861 3861 3865 3865 3866 3866 3861 3861 3864 3864 3861 3861 3866 3866 3862 3862 3867 3867 3868 3868 3869 3869 3870 3870 3871 3871 3872 3872 3873 3873 3874 3874 3869 3869 3869 3869 3875 3875 3873 3873 3876 3876 3877 3877 3875 3875 3874 3874 3873 3873 3870 3870 3878 3878 3874 3874 3879 3879 3871 3871 3870 3870 3873 3873 3871 3871 3879 3879 3872 3872 3877 3877 3876 3876 3880 3880 3874 3874 3878 3878 3881 3881 3869 3869 3881 3881 3867 3867 3881 3881 3869 3869 3874 3874 3879 3879 3871 3871 3882 3882 3878 3878 3882 3882 3883 3883 3875 3875 3869 3869 3876 3876 3868 3868 3882 3882 3884 3884 3882 3882 3878 3878 3879 3879 3882 3882 3868 3868 3883 3883 3868 3868 3867 3867 3883 3883 3885 3885 3886 3886 3887 3887 3888 3888 3889 3889 3886 3886 3890 3890 3891 3891 3892 3892 3886 3886 3885 3885 3888 3888 3890 3890 3893 3893 3891 3891 3889 3889 3888 3888 3890 3890 3893 3893 3890 3890 3888 3888 3888 3888 3885 3885 3894 3894 3895 3895 3896 3896 3897 3897 3896 3896 3895 3895 3898 3898 3899 3899 3900 3900 3901 3901 3902 3902 3903 3903 3899 3899 3904 3904 3905 3905 3902 3902 3901 3901 3906 3906 3907 3907 3906 3906 3900 3900 3908 3908 3906 3906 3901 3901 3900 3900 3900 3900 3899 3899 3903 3903 3909 3909 3910 3910 3911 3911 3910 3910 3909 3909 3912 3912 3903 3903 3902 3902 3905 3905 3905 3905 3904 3904 3913 3913 3913 3913 3911 3911 3910 3910 3911 3911 3913 3913 3904 3904 3914 3914 3915 3915 3916 3916 3915 3915 3914 3914 3917 3917 3918 3918 3919 3919 3920 3920 3921 3921 3922 3922 3923 3923 3924 3924 3925 3925 3926 3926 3927 3927 3919 3919 3925 3925 3926 3926 3925 3925 3928 3928 3919 3919 3927 3927 3920 3920 3929 3929 3919 3919 3930 3930 3923 3923 3922 3922 3931 3931 3922 3922 3919 3919 3932 3932 3933 3933 3925 3925 3934 3934 3923 3923 3935 3935 3936 3936 3925 3925 3937 3937 3938 3938 3939 3939 3919 3919 3929 3929 3934 3934 3925 3925 3924 3924 3932 3932 3919 3919 3939 3939 3925 3925 3933 3933 3940 3940 3923 3923 3931 3931 3935 3935 3941 3941 3923 3923 3942 3942 3943 3943 3923 3923 3944 3944 3925 3925 3938 3938 3945 3945 3919 3919 3918 3918 3930 3930 3925 3925 3941 3941 3928 3928 3923 3923 3943 3943 3942 3942 3923 3923 3941 3941 3925 3925 3925 3925 3940 3940 3937 3937 3922 3922 3921 3921 3919 3919 3923 3923 3936 3936 3944 3944 3927 3927 3925 3925 3945 3945 3946 3946 3947 3947 3948 3948 3947 3947 3946 3946 3949 3949 3948 3948 3947 3947 3950 3950 3947 3947 3949 3949 3951 3951 3952 3952 3953 3953 3954 3954 3955 3955 3956 3956 3957 3957 3958 3958 3952 3952 3954 3954 3953 3953 3952 3952 3950 3950 3952 3952 3958 3958 3956 3956 3956 3956 3959 3959 3952 3952 3960 3960 3954 3954 3953 3953 3954 3954 3960 3960 3961 3961 3960 3960 3962 3962 3963 3963 3962 3962 3960 3960 3953 3953 3959 3959 3956 3956 3955 3955 3950 3950 3947 3947 3953 3953 3964 3964 3965 3965 3966 3966 3966 3966 3967 3967 3968 3968 3968 3968 3969 3969 3970 3970 3970 3970 3971 3971 3972 3972 3972 3972 3973 3973 3974 3974 3973 3973 3972 3972 3971 3971 3971 3971 3970 3970 3969 3969 3969 3969 3968 3968 3967 3967 3975 3975 3976 3976 3964 3964 3976 3976 3975 3975 3977 3977 3965 3965 3964 3964 3976 3976 3967 3967 3966 3966 3965 3965 3978 3978 3979 3979 3980 3980 3979 3979 3978 3978 3981 3981 3982 3982 3983 3983 3984 3984 3983 3983 3982 3982 3985 3985 3986 3986 3987 3987 3988 3988 3987 3987 3986 3986 3989 3989 3990 3990 3991 3991 3992 3992 3991 3991 3990 3990 3993 3993 3994 3994 3995 3995 3996 3996 3995 3995 3994 3994 3997 3997 3998 3998 3999 3999 4000 4000 4001 4001 4002 4002 4003 4003 4004 4004 4005 4005 4006 4006 4007 4007 4006 4006 4008 4008 4009 4009 4010 4010 4005 4005 4011 4011 4008 4008 3999 3999 4012 4012 4000 4000 4013 4013 4014 4014 4015 4015 4016 4016 4017 4017 4013 4013 4018 4018 4019 4019 4020 4020 4021 4021 4000 4000 4012 4012 3998 3998 4022 4022 4023 4023 4010 4010 4020 4020 4019 4019 4024 4024 4025 4025 4026 4026 4027 4027 4028 4028 4029 4029 4026 4026 4030 4030 4031 4031 4029 4029 4032 4032 4033 4033 4031 4031 4034 4034 4035 4035 4033 4033 4036 4036 4037 4037 4035 4035 4038 4038 4021 4021 4037 4037 3999 3999 3998 3998 4011 4011 4039 4039 4018 4018 4040 4040 4041 4041 4040 4040 4042 4042 4024 4024 4003 4003 4020 4020 4043 4043 4042 4042 4015 4015 4044 4044 4016 4016 4002 4002 4008 4008 4011 4011 4007 4007 4006 4006 4007 4007 4004 4004 4005 4005 4004 4004 4009 4009 4010 4010 4009 4009 4022 4022 4023 4023 4022 4022 4045 4045 4013 4013 4017 4017 4012 4012 4026 4026 4025 4025 4028 4028 4029 4029 4028 4028 4030 4030 4031 4031 4030 4030 4032 4032 4033 4033 4032 4032 4034 4034 4035 4035 4034 4034 4036 4036 4037 4037 4036 4036 4038 4038 4021 4021 4038 4038 4019 4019 4003 4003 4024 4024 4001 4001 4002 4002 4001 4001 4044 4044 4016 4016 4044 4044 4014 4014 4015 4015 4014 4014 4043 4043 4042 4042 4043 4043 4041 4041 4040 4040 4041 4041 4039 4039 4018 4018 4039 4039 4017 4017 4045 4045 4027 4027 4023 4023 4027 4027 4045 4045 4025 4025 4046 4046 4047 4047 4048 4048 4046 4046 4049 4049 4050 4050 4046 4046 4050 4050 4051 4051 4046 4046 4051 4051 4052 4052 4046 4046 4052 4052 4053 4053 4046 4046 4054 4054 4055 4055 4046 4046 4056 4056 4054 4054 4046 4046 4057 4057 4056 4056 4046 4046 4058 4058 4057 4057 4046 4046 4059 4059 4058 4058 4046 4046 4060 4060 4059 4059 4046 4046 4061 4061 4060 4060 4046 4046 4062 4062 4061 4061 4046 4046 4063 4063 4062 4062 4046 4046 4048 4048 4063 4063 4046 4046 4064 4064 4047 4047 4046 4046 4065 4065 4064 4064 4046 4046 4066 4066 4065 4065 4046 4046 4067 4067 4066 4066 4046 4046 4068 4068 4067 4067 4046 4046 4069 4069 4068 4068 4046 4046 4070 4070 4069 4069 4070 4070 4046 4046 4053 4053 4046 4046 4055 4055 4049 4049 4071 4071 4072 4072 4073 4073 4074 4074 4075 4075 4076 4076 4073 4073 4077 4077 4078 4078 4072 4072 4071 4071 4074 4074 4077 4077 4073 4073 4072 4072 4075 4075 4074 4074 4071 4071 4079 4079 4080 4080 4081 4081 4079 4079 4082 4082 4083 4083 4080 4080 4079 4079 4083 4083 4082 4082 4079 4079 4084 4084 4085 4085 4086 4086 4087 4087 4086 4086 4085 4085 4088 4088 4089 4089 4085 4085 4090 4090 4085 4085 4089 4089 4088 4088 4091 4091 4092 4092 4093 4093 4094 4094 4095 4095 4092 4092 4095 4095 4094 4094 4096 4096 4097 4097 4093 4093 4098 4098 4092 4092 4091 4091 4094 4094 4093 4093 4097 4097 4091 4091 4099 4099 4100 4100 4101 4101 4100 4100 4099 4099 4102 4102 4103 4103 4104 4104 4105 4105 4106 4106 4105 4105 4104 4104 4105 4105 4106 4106 4107 4107 4104 4104 4103 4103 4108 4108 4109 4109 4107 4107 4106 4106 4107 4107 4109 4109 4110 4110 4111 4111 4112 4112 4113 4113 4112 4112 4111 4111 4114 4114 4115 4115 4116 4116 4117 4117 4116 4116 4115 4115 4118 4118 4119 4119 4120 4120 4121 4121 4120 4120 4119 4119 4122 4122 4121 4121 4123 4123 4119 4119 4124 4124 4125 4125 4123 4123 4125 4125 4124 4124 4126 4126 4123 4123 4121 4121 4124 4124 4127 4127 4128 4128 4129 4129 4128 4128 4127 4127 4130 4130 4131 4131 4132 4132 4133 4133 4134 4134 4135 4135 4136 4136 4137 4137 4138 4138 4139 4139 4140 4140 4141 4141 4142 4142 4138 4138 4137 4137 4143 4143 4135 4135 4143 4143 4136 4136 4144 4144 4145 4145 4141 4141 4146 4146 4147 4147 4134 4134 4143 4143 4135 4135 4138 4138 4132 4132 4142 4142 4133 4133 4132 4132 4131 4131 4148 4148 4149 4149 4148 4148 4131 4131 4147 4147 4146 4146 4149 4149 4148 4148 4149 4149 4146 4146 4145 4145 4144 4144 4150 4150 4141 4141 4140 4140 4144 4144 4135 4135 4134 4134 4147 4147 4142 4142 4132 4132 4140 4140 4151 4151 4152 4152 4153 4153 4154 4154 4155 4155 4156 4156 4157 4157 4158 4158 4159 4159 4160 4160 4161 4161 4162 4162 4151 4151 4163 4163 4164 4164 4163 4163 4151 4151 4161 4161 4159 4159 4162 4162 4157 4157 4162 4162 4159 4159 4160 4160 4158 4158 4157 4157 4165 4165 4166 4166 4167 4167 4168 4168 4153 4153 4168 4168 4167 4167 4158 4158 4155 4155 4169 4169 4161 4161 4160 4160 4163 4163 4152 4152 4151 4151 4164 4164 4168 4168 4153 4153 4152 4152 4155 4155 4154 4154 4169 4169 4167 4167 4166 4166 4170 4170 4155 4155 4158 4158 4165 4165 4171 4171 4172 4172 4173 4173 4172 4172 4171 4171 4174 4174 4175 4175 4176 4176 4177 4177 4176 4176 4175 4175 4178 4178 4179 4179 4180 4180 4181 4181 4180 4180 4179 4179 4182 4182 4183 4183 4184 4184 4185 4185 4186 4186 4187 4187 4188 4188 4187 4187 4186 4186 4189 4189 4190 4190 4191 4191 4192 4192 4191 4191 4190 4190 4193 4193 4194 4194 4195 4195 4196 4196 4197 4197 4195 4195 4198 4198 4195 4195 4194 4194 4198 4198 4195 4195 4197 4197 4199 4199 4194 4194 4196 4196 4200 4200 4200 4200 4196 4196 4201 4201 4202 4202 4203 4203 4204 4204 4203 4203 4202 4202 4205 4205 4202 4202 4206 4206 4205 4205 4206 4206 4202 4202 4207 4207 4208 4208 4209 4209 4210 4210 4211 4211 4209 4209 4212 4212 4213 4213 4214 4214 4215 4215 4213 4213 4216 4216 4208 4208 4210 4210 4209 4209 4217 4217 4209 4209 4211 4211 4218 4218 4219 4219 4220 4220 4221 4221 4216 4216 4213 4213 4222 4222 4217 4217 4209 4209 4223 4223 4224 4224 4212 4212 4209 4209 4209 4209 4208 4208 4216 4216 4213 4213 4215 4215 4222 4222 4209 4209 4218 4218 4223 4223 4220 4220 4219 4219 4213 4213 4213 4213 4225 4225 4214 4214 4212 4212 4224 4224 4226 4226 4225 4225 4213 4213 4219 4219 4227 4227 4228 4228 4229 4229 4230 4230 4229 4229 4231 4231 4232 4232 4231 4231 4233 4233 4234 4234 4233 4233 4235 4235 4229 4229 4236 4236 4237 4237 4231 4231 4237 4237 4238 4238 4233 4233 4238 4238 4239 4239 4235 4235 4239 4239 4240 4240 4241 4241 4242 4242 4243 4243 4236 4236 4241 4241 4244 4244 4228 4228 4241 4241 4236 4236 4241 4241 4228 4228 4242 4242 4239 4239 4235 4235 4233 4233 4238 4238 4233 4233 4231 4231 4237 4237 4231 4231 4229 4229 4236 4236 4229 4229 4228 4228 4233 4233 4234 4234 4232 4232 4231 4231 4232 4232 4230 4230 4229 4229 4230 4230 4227 4227 4228 4228 4227 4227 4245 4245 4245 4245 4242 4242 4228 4228 4232 4232 4246 4246 4247 4247 4230 4230 4247 4247 4248 4248 4227 4227 4248 4248 4249 4249 4245 4245 4249 4249 4250 4250 4251 4251 4250 4250 4252 4252 4247 4247 4253 4253 4254 4254 4248 4248 4254 4254 4255 4255 4249 4249 4255 4255 4256 4256 4250 4250 4256 4256 4257 4257 4252 4252 4257 4257 4258 4258 4254 4254 4259 4259 4260 4260 4255 4255 4260 4260 4261 4261 4256 4256 4261 4261 4262 4262 4257 4257 4262 4262 4263 4263 4258 4258 4263 4263 4264 4264 4260 4260 4265 4265 4266 4266 4261 4261 4266 4266 4267 4267 4262 4262 4267 4267 4268 4268 4263 4263 4268 4268 4269 4269 4264 4264 4269 4269 4270 4270 4246 4246 4232 4232 4234 4234 4247 4247 4230 4230 4232 4232 4269 4269 4264 4264 4263 4263 4248 4248 4227 4227 4230 4230 4249 4249 4245 4245 4227 4227 4250 4250 4251 4251 4245 4245 4253 4253 4247 4247 4246 4246 4254 4254 4248 4248 4247 4247 4255 4255 4249 4249 4248 4248 4256 4256 4250 4250 4249 4249 4257 4257 4252 4252 4250 4250 4259 4259 4254 4254 4253 4253 4260 4260 4255 4255 4254 4254 4261 4261 4256 4256 4255 4255 4262 4262 4257 4257 4256 4256 4263 4263 4258 4258 4257 4257 4265 4265 4260 4260 4259 4259 4266 4266 4261 4261 4260 4260 4267 4267 4262 4262 4261 4261 4268 4268 4263 4263 4262 4262 4242 4242 4245 4245 4251 4251 4271 4271 4272 4272 4273 4273 4274 4274 4271 4271 4273 4273 4275 4275 4276 4276 4277 4277 4277 4277 4278 4278 4279 4279 4278 4278 4277 4277 4276 4276 4272 4272 4271 4271 4276 4276 4279 4279 4278 4278 4280 4280 4271 4271 4274 4274 4281 4281 4273 4273 4272 4272 4282 4282 4276 4276 4275 4275 4272 4272 4283 4283 4284 4284 4285 4285 4284 4284 4283 4283 4286 4286 4287 4287 4288 4288 4289 4289 4288 4288 4287 4287 4290 4290 4291 4291 4292 4292 4293 4293 4292 4292 4291 4291 4294 4294 4295 4295 4296 4296 4297 4297 4297 4297 4298 4298 4299 4299 4299 4299 4300 4300 4301 4301 4301 4301 4302 4302 4303 4303 4303 4303 4304 4304 4305 4305 4304 4304 4303 4303 4302 4302 4306 4306 4307 4307 4308 4308 4296 4296 4295 4295 4306 4306 4298 4298 4297 4297 4296 4296 4300 4300 4299 4299 4298 4298 4302 4302 4301 4301 4300 4300 4307 4307 4306 4306 4295 4295</p></triangles><triangles count="384" material="__5-ks-dunkelgrau-material"><input offset="0" semantic="VERTEX" source="#bau0025781348-1-mesh-vertices" /><input offset="1" semantic="NORMAL" source="#bau0025781348-1-mesh-normals" /><p>4309 4309 4310 4310 4311 4311 4310 4310 4309 4309 4312 4312 4311 4311 4310 4310 4313 4313 4314 4314 4315 4315 4316 4316 4317 4317 4318 4318 4314 4314 4319 4319 4320 4320 4321 4321 4322 4322 4319 4319 4323 4323 4316 4316 4324 4324 4314 4314 4318 4318 4317 4317 4325 4325 4325 4325 4321 4321 4318 4318 4319 4319 4322 4322 4326 4326 4327 4327 4328 4328 4329 4329 4323 4323 4319 4319 4325 4325 4330 4330 4328 4328 4327 4327 4320 4320 4319 4319 4331 4331 4321 4321 4325 4325 4319 4319 4332 4332 4333 4333 4334 4334 4320 4320 4335 4335 4321 4321 4336 4336 4327 4327 4329 4329 4335 4335 4320 4320 4332 4332 4324 4324 4316 4316 4337 4337 4315 4315 4314 4314 4318 4318 4333 4333 4332 4332 4320 4320 4317 4317 4336 4336 4338 4338 4328 4328 4330 4330 4339 4339 4327 4327 4336 4336 4314 4314 4336 4336 4317 4317 4314 4314 4340 4340 4341 4341 4342 4342 4341 4341 4340 4340 4343 4343 4344 4344 4345 4345 4346 4346 4345 4345 4344 4344 4347 4347 4348 4348 4349 4349 4350 4350 4349 4349 4348 4348 4351 4351 4352 4352 4353 4353 4354 4354 4353 4353 4352 4352 4355 4355 4356 4356 4357 4357 4358 4358 4357 4357 4356 4356 4359 4359 4360 4360 4361 4361 4362 4362 4361 4361 4360 4360 4363 4363 4364 4364 4361 4361 4365 4365 4361 4361 4364 4364 4362 4362 4366 4366 4367 4367 4368 4368 4366 4366 4369 4369 4370 4370 4369 4369 4366 4366 4371 4371 4367 4367 4366 4366 4370 4370 4372 4372 4373 4373 4374 4374 4373 4373 4372 4372 4375 4375 4374 4374 4376 4376 4377 4377 4376 4376 4374 4374 4373 4373 4377 4377 4376 4376 4378 4378 4379 4379 4380 4380 4381 4381 4382 4382 4383 4383 4384 4384 4382 4382 4384 4384 4379 4379 4380 4380 4379 4379 4384 4384 4381 4381 4380 4380 4385 4385 4385 4385 4380 4380 4386 4386 4383 4383 4387 4387 4388 4388 4383 4383 4382 4382 4389 4389 4390 4390 4391 4391 4392 4392 4393 4393 4391 4391 4390 4390 4391 4391 4393 4393 4394 4394 4395 4395 4390 4390 4392 4392 4390 4390 4386 4386 4380 4380 4386 4386 4390 4390 4395 4395 4387 4387 4383 4383 4389 4389 4396 4396 4397 4397 4398 4398 4397 4397 4396 4396 4399 4399 4400 4400 4401 4401 4402 4402 4401 4401 4403 4403 4404 4404 4401 4401 4405 4405 4406 4406 4403 4403 4401 4401 4407 4407 4408 4408 4409 4409 4410 4410 4404 4404 4411 4411 4412 4412 4413 4413 4400 4400 4414 4414 4415 4415 4416 4416 4403 4403 4403 4403 4417 4417 4415 4415 4411 4411 4404 4404 4418 4418 4416 4416 4415 4415 4419 4419 4404 4404 4420 4420 4401 4401 4401 4401 4421 4421 4405 4405 4400 4400 4413 4413 4401 4401 4409 4409 4408 4408 4407 4407 4403 4403 4408 4408 4422 4422 4401 4401 4423 4423 4421 4421 4408 4408 4403 4403 4407 4407 4424 4424 4422 4422 4425 4425 4401 4401 4426 4426 4423 4423 4422 4422 4424 4424 4417 4417 4417 4417 4403 4403 4422 4422 4401 4401 4420 4420 4426 4426 4420 4420 4404 4404 4412 4412 4401 4401 4406 4406 4402 4402 4427 4427 4428 4428 4429 4429 4428 4428 4427 4427 4430 4430 4428 4428 4430 4430 4431 4431 4432 4432 4433 4433 4434 4434 4435 4435 4436 4436 4437 4437 4438 4438 4439 4439 4440 4440 4435 4435 4432 4432 4434 4434 4441 4441 4438 4438 4442 4442 4432 4432 4435 4435 4443 4443 4433 4433 4432 4432 4441 4441 4438 4438 4440 4440 4444 4444 4438 4438 4441 4441 4432 4432 4438 4438 4444 4444 4445 4445 4438 4438 4445 4445 4442 4442 4439 4439 4446 4446 4447 4447 4448 4448 4446 4446 4449 4449 4446 4446 4448 4448 4447 4447 4446 4446 4439 4439 4438 4438 4436 4436 4435 4435 4450 4450 4450 4450 4435 4435 4434 4434 4451 4451 4452 4452 4453 4453 4452 4452 4451 4451 4454 4454 4455 4455 4456 4456 4457 4457 4456 4456 4455 4455 4458 4458 4459 4459 4460 4460 4461 4461 4462 4462 4463 4463 4464 4464 4459 4459 4465 4465 4466 4466 4465 4465 4459 4459 4467 4467 4459 4459 4466 4466 4460 4460 4463 4463 4462 4462 4468 4468 4459 4459 4461 4461 4469 4469 4459 4459 4470 4470 4471 4471 4459 4459 4472 4472 4470 4470 4467 4467 4459 4459 4471 4471 4459 4459 4464 4464 4472 4472 4464 4464 4459 4459 4462 4462 4473 4473 4474 4474 4475 4475 4474 4474 4473 4473 4476 4476 4474 4474 4477 4477 4478 4478 4477 4477 4474 4474 4476 4476 4476 4476 4473 4473 4479 4479 4475 4475 4474 4474 4480 4480 4481 4481 4482 4482 4483 4483 4484 4484 4485 4485 4486 4486 4482 4482 4481 4481 4487 4487 4488 4488 4482 4482 4489 4489 4485 4485 4484 4484 4490 4490 4483 4483 4491 4491 4481 4481 4489 4489 4487 4487 4492 4492 4493 4493 4483 4483 4494 4494 4492 4492 4484 4484 4486 4486 4482 4482 4488 4488 4495 4495 4489 4489 4482 4482 4487 4487 4483 4483 4493 4493 4491 4491 4484 4484 4492 4492 4487 4487 4496 4496 4497 4497 4498 4498 4499 4499 4497 4497 4496 4496 4497 4497 4499 4499 4500 4500 4501 4501 4497 4497 4502 4502 4503 4503 4504 4504 4505 4505 4500 4500 4499 4499 4506 4506 4497 4497 4503 4503 4502 4502 4503 4503 4507 4507 4504 4504 4497 4497 4501 4501 4498 4498 4503 4503 4497 4497 4507 4507 4508 4508 4509 4509 4510 4510 4509 4509 4508 4508 4511 4511 4512 4512 4513 4513 4514 4514 4513 4513 4512 4512 4515 4515 4516 4516 4517 4517 4518 4518 4517 4517 4516 4516 4519 4519 4520 4520 4521 4521 4522 4522 4521 4521 4520 4520 4523 4523 4524 4524 4525 4525 4526 4526 4525 4525 4524 4524 4527 4527 4528 4528 4529 4529 4530 4530 4529 4529 4528 4528 4531 4531 4532 4532 4533 4533 4534 4534 4533 4533 4532 4532 4535 4535 4535 4535 4532 4532 4536 4536 4537 4537 4538 4538 4539 4539 4539 4539 4540 4540 4537 4537 4540 4540 4539 4539 4541 4541 4538 4538 4537 4537 4542 4542 4543 4543 4544 4544 4545 4545 4544 4544 4543 4543 4546 4546 4547 4547 4548 4548 4549 4549 4550 4550 4548 4548 4547 4547 4548 4548 4550 4550 4551 4551 4552 4552 4553 4553 4554 4554 4553 4553 4552 4552 4555 4555 4556 4556 4557 4557 4558 4558 4558 4558 4559 4559 4560 4560 4561 4561 4562 4562 4556 4556 4563 4563 4564 4564 4565 4565 4565 4565 4566 4566 4567 4567 4568 4568 4566 4566 4569 4569 4562 4562 4561 4561 4570 4570 4557 4557 4556 4556 4562 4562 4559 4559 4558 4558 4557 4557 4571 4571 4560 4560 4559 4559 4564 4564 4563 4563 4571 4571 4566 4566 4565 4565 4564 4564 4566 4566 4568 4568 4567 4567 4560 4560 4571 4571 4563 4563 4572 4572 4573 4573 4574 4574 4573 4573 4572 4572 4575 4575 4576 4576 4577 4577 4578 4578 4576 4576 4579 4579 4580 4580 4579 4579 4576 4576 4578 4578 4577 4577 4576 4576 4581 4581 4582 4582 4583 4583 4584 4584 4585 4585 4582 4582 4586 4586 4582 4582 4585 4585 4587 4587 4583 4583 4582 4582 4587 4587 4588 4588 4583 4583 4587 4587 4583 4583 4588 4588 4589 4589 4590 4590 4591 4591 4592 4592 4590 4590 4593 4593 4591 4591 4594 4594 4595 4595 4596 4596 4593 4593 4590 4590 4595 4595 4595 4595 4594 4594 4593 4593 4597 4597 4598 4598 4599 4599 4600 4600 4598 4598 4597 4597 4598 4598 4600 4600 4601 4601 4602 4602 4603 4603 4604 4604 4603 4603 4602 4602 4605 4605 4606 4606 4607 4607 4608 4608 4607 4607 4606 4606 4609 4609 4610 4610 4611 4611 4612 4612 4611 4611 4610 4610 4613 4613 4614 4614 4615 4615 4616 4616 4617 4617 4615 4615 4614 4614 4615 4615 4617 4617 4618 4618 4619 4619 4620 4620 4621 4621 4622 4622 4623 4623 4624 4624 4625 4625 4626 4626 4627 4627 4623 4623 4622 4622 4626 4626 4624 4624 4621 4621 4622 4622 4626 4626 4625 4625 4623 4623 4620 4620 4619 4619 4628 4628 4621 4621 4624 4624 4619 4619 4629 4629 4630 4630 4631 4631 4632 4632 4633 4633 4630 4630 4634 4634 4631 4631 4635 4635 4636 4636 4637 4637 4638 4638 4633 4633 4632 4632 4637 4637 4637 4637 4636 4636 4633 4633 4630 4630 4629 4629 4632 4632 4631 4631 4634 4634 4629 4629 4639 4639 4640 4640 4641 4641 4639 4639 4642 4642 4640 4640 4643 4643 4641 4641 4644 4644 4642 4642 4639 4639 4645 4645 4641 4641 4643 4643 4639 4639 4646 4646 4647 4647 4648 4648 4649 4649 4647 4647 4650 4650 4649 4649 4651 4651 4652 4652 4653 4653 4654 4654 4648 4648 4647 4647 4646 4646 4650 4650 4648 4648 4654 4654 4655 4655 4649 4649 4652 4652 4647 4647 4656 4656 4651 4651 4649 4649 4651 4651 4656 4656 4657 4657 4651 4651 4657 4657 4658 4658 4646 4646 4648 4648 4655 4655 4654 4654 4653 4653 4659 4659 4660 4660 4661 4661 4662 4662 4662 4662 4661 4661 4663 4663 4661 4661 4660 4660 4664 4664 4665 4665 4666 4666 4667 4667 4668 4668 4669 4669 4666 4666 4670 4670 4671 4671 4669 4669 4672 4672 4673 4673 4671 4671 4674 4674 4675 4675 4673 4673 4676 4676 4677 4677 4675 4675 4678 4678 4667 4667 4679 4679 4675 4675 4674 4674 4676 4676 4673 4673 4672 4672 4674 4674 4671 4671 4670 4670 4672 4672 4669 4669 4668 4668 4670 4670 4666 4666 4665 4665 4668 4668 4667 4667 4678 4678 4665 4665 4677 4677 4676 4676 4680 4680 4681 4681 4682 4682 4683 4683 4682 4682 4681 4681 4684 4684 4685 4685 4686 4686 4687 4687 4688 4688 4689 4689 4690 4690 4691 4691 4692 4692 4693 4693 4694 4694 4695 4695 4696 4696 4697 4697 4688 4688 4690 4690 4698 4698 4699 4699 4693 4693 4695 4695 4700 4700 4701 4701 4702 4702 4703 4703 4693 4693 4704 4704 4705 4705 4706 4706 4690 4690 4707 4707 4697 4697 4708 4708 4689 4689 4688 4688 4700 4700 4695 4695 4709 4709 4710 4710 4698 4698 4694 4694 4689 4689 4708 4708 4704 4704 4707 4707 4711 4711 4712 4712 4713 4713 4714 4714 4685 4685 4692 4692 4715 4715 4693 4693 4716 4716 4693 4693 4699 4699 4705 4705 4704 4704 4708 4708 4702 4702 4715 4715 4717 4717 4700 4700 4709 4709 4718 4718 4695 4695 4694 4694 4709 4709 4710 4710 4694 4694 4696 4696 4719 4719 4698 4698 4720 4720 4692 4692 4691 4691 4721 4721 4692 4692 4722 4722 4715 4715 4698 4698 4710 4710 4720 4720 4691 4691 4693 4693 4716 4716 4722 4722 4692 4692 4723 4723 4715 4715 4702 4702 4693 4693 4701 4701 4724 4724 4713 4713 4686 4686 4685 4685 4714 4714 4699 4699 4698 4698 4725 4725 4725 4725 4698 4698 4726 4726 4727 4727 4688 4688 4697 4697 4726 4726 4698 4698 4719 4719 4688 4688 4727 4727 4728 4728 4707 4707 4690 4690 4713 4713 4711 4711 4707 4707 4729 4729 4729 4729 4713 4713 4685 4685 4714 4714 4713 4713 4724 4724 4724 4724 4701 4701 4700 4700 4703 4703 4702 4702 4730 4730 4713 4713 4729 4729 4707 4707 4731 4731 4732 4732 4733 4733 4732 4732 4731 4731 4734 4734 4735 4735 4736 4736 4737 4737 4736 4736 4735 4735 4738 4738 4739 4739 4740 4740 4741 4741 4740 4740 4739 4739 4742 4742 4743 4743 4744 4744 4745 4745 4744 4744 4743 4743 4746 4746 4747 4747 4748 4748 4749 4749 4748 4748 4747 4747 4750 4750 4751 4751 4752 4752 4753 4753 4752 4752 4751 4751 4754 4754 4755 4755 4756 4756 4757 4757 4756 4756 4755 4755 4758 4758 4759 4759 4760 4760 4761 4761 4760 4760 4759 4759 4762 4762 4763 4763 4764 4764 4765 4765 4764 4764 4763 4763 4766 4766 4767 4767 4768 4768 4769 4769 4768 4768 4767 4767 4770 4770 4771 4771 4772 4772 4773 4773 4772 4772 4771 4771 4774 4774 4775 4775 4776 4776 4777 4777 4776 4776 4775 4775 4778 4778 4779 4779 4780 4780 4781 4781 4780 4780 4779 4779 4782 4782 4783 4783 4784 4784 4785 4785 4786 4786 4784 4784 4783 4783 4787 4787 4786 4786 4788 4788 4786 4786 4787 4787 4784 4784 4789 4789 4790 4790 4791 4791 4792 4792 4790 4790 4793 4793 4793 4793 4790 4790 4789 4789 4790 4790 4792 4792 4794 4794 4795 4795 4796 4796 4797 4797 4796 4796 4795 4795 4798 4798 4799 4799 4800 4800 4801 4801 4800 4800 4799 4799 4802 4802 4803 4803 4804 4804 4805 4805 4804 4804 4803 4803 4806 4806 4807 4807 4808 4808 4809 4809 4808 4808 4807 4807 4810 4810 4811 4811 4812 4812 4813 4813 4812 4812 4811 4811 4814 4814 4815 4815 4816 4816 4817 4817 4816 4816 4818 4818 4817 4817 4819 4819 4816 4816 4815 4815 4818 4818 4816 4816 4820 4820 4816 4816 4819 4819 4821 4821 4822 4822 4823 4823 4824 4824 4823 4823 4822 4822 4825 4825 4826 4826 4827 4827 4828 4828 4827 4827 4826 4826 4829 4829 4830 4830 4831 4831 4832 4832 4831 4831 4830 4830 4833 4833 4834 4834 4835 4835 4836 4836 4836 4836 4837 4837 4834 4834 4837 4837 4836 4836 4838 4838 4838 4838 4836 4836 4839 4839 4836 4836 4840 4840 4839 4839 4840 4840 4836 4836 4841 4841 4835 4835 4834 4834 4842 4842</p></triangles></mesh></geometry><geometry id="bau0086023263-2-mesh" name="bau0086023263-2"><mesh><source id="bau0086023263-2-mesh-positions"><float_array id="bau0086023263-2-mesh-positions-array" count="1404">64.4749999046326 -20.5300003290176 -95.6199988722801 64.4749999046326 -31.25 -68.7099993228912 64.4749999046326 -31.25 -78.7599980831146 64.4749999046326 -25.5963020026684 -251.212745904922 64.4749999046326 -21.4750003069639 -246.212750673294 64.4749999046326 -25.5963020026684 -245.12006342411 64.4749999046326 -19.1249996423721 -276.572346687317 64.4749999046326 -20.2028267085552 -246.212750673294 64.4749999046326 -20.2028267085552 -252.572327852249 64.4749999046326 -19.1249996423721 -25.1599997282028 64.4749999046326 -20.5300003290176 -99.6999964118004 64.4749999046326 -25.9148888289928 -252.572327852249 64.4749999046326 -32.7900014817715 -257.977187633514 64.4749999046326 -25.9148888289928 -263.071596622467 64.4749999046326 -25.3364164382219 -235.668137669563 64.4749999046326 -23.5301367938519 -173.120006918907 64.4749999046326 -31.25 -146.709993481636 64.4749999046326 -26.6100000590086 -173.120006918907 64.4749999046326 -29.0472190827131 -239.600107073784 64.4749999046326 -31.2350690364838 -228.120073676109 64.4749999046326 -31.2350690364838 -251.212745904922 64.4749999046326 -27.6436991989613 -245.12006342411 64.4749999046326 -27.6436991989613 -251.212745904922 64.4749999046326 -28.4022893756628 -241.223111748695 64.4749999046326 -27.7981515973806 -241.863250732422 64.4749999046326 -27.0534045994282 -242.332428693771 64.4749999046326 -26.2151546776295 -242.600962519646 64.4749999046326 -25.3364164382219 -242.651864886284 64.4749999046326 -23.5301367938519 -183.200001716614 64.4749999046326 -26.2151546776295 -235.719040036201 64.4749999046326 -23.5301367938519 -110.3900000453 64.4749999046326 -21.4750003069639 -251.212745904922 64.4749999046326 -28.8276132196188 -240.452483296394 64.4749999046326 -27.0534045994282 -235.987573862076 64.4749999046326 -27.7981515973806 -236.456736922264 64.4749999046326 -28.4022893756628 -237.096890807152 64.4749999046326 -28.8276132196188 -237.867519259453 64.4749999046326 -29.0472190827131 -238.719895482063 64.4749999046326 -31.25 -136.659994721413 64.4749999046326 -23.5301367938519 -99.6999964118004 64.4749999046326 -26.6100000590086 -95.6199988722801 64.4749999046326 -26.6100000590086 -110.3900000453 64.4749999046326 -32.7900014817715 -78.7599980831146 64.4749999046326 -32.7900014817715 -136.659994721413 64.4749999046326 -32.7900014817715 -252.572327852249 64.4749999046326 -32.7900014817715 -25.1877773553133 64.4749999046326 -32.4749983847141 -25.1599997282028 64.4749999046326 -28.141213580966 -276.572346687317 64.4749999046326 -24.1746492683887 -263.071596622467 64.4749999046326 -26.6100000590086 -183.200001716614 64.4749999046326 -32.7900014817715 -146.709993481636 64.4749999046326 -32.7900014817715 -228.120073676109 64.4749999046326 -24.1746492683887 -252.572327852249 64.4749999046326 -32.7900014817715 -68.7099993228912 67.2750025987625 -32.7900014817715 -252.660006284714 64.4749999046326 -32.7900014817715 -252.572327852249 67.2750025987625 -32.7900014817715 -252.572327852249 65.8502653241158 -32.7900014817715 -257.977187633514 64.4749999046326 -32.7900014817715 -257.977187633514 67.2750025987625 -32.7900014817715 -146.709993481636 64.4749999046326 -32.7900014817715 -228.120073676109 64.4749999046326 -32.7900014817715 -146.709993481636 67.2750025987625 -32.7900014817715 -228.120073676109 64.4749999046326 -32.7900014817715 -136.659994721413 67.2750025987625 -32.7900014817715 -78.7599980831146 67.2750025987625 -32.7900014817715 -136.659994721413 64.4749999046326 -32.7900014817715 -78.7599980831146 67.2750025987625 -32.7900014817715 -35.6097407639027 64.4749999046326 -32.7900014817715 -25.1877773553133 64.4824430346489 -32.7900014817715 -25.1877773553133 64.4749999046326 -32.7900014817715 -68.7099993228912 67.2750025987625 -32.7900014817715 -68.7099993228912 62.2749999165535 -19.1249996423721 -278.160005807877 52.7749992907047 -12.1750002726912 -278.160005807877 62.2749999165535 -12.1750002726912 -278.160005807877 52.7749992907047 -27.8696026653051 -278.160005807877 65.7749995589256 -27.8696026653051 -278.160005807877 65.7749995589256 -19.1249996423721 -278.160005807877 62.2749999165535 -10.3749996051192 -276.360005140305 52.7749992907047 -10.3749996051192 -26.9600003957748 62.2749999165535 -10.3749996051192 -26.9600003957748 52.7749992907047 -10.3749996051192 -276.360005140305 52.7749992907047 -34.2749990522861 -26.9600003957748 52.7749992907047 -32.9408757388592 -25.2213329076767 52.7749992907047 -32.4749983847141 -25.1599997282028 52.7749992907047 -27.8696026653051 -278.160005807877 52.7749992907047 -34.2749990522861 -258.159995079041 52.7749992907047 -12.1750002726912 -25.1599997282028 52.7749992907047 -28.6394506692886 -277.987062931061 52.7749992907047 -29.2613692581654 -277.501493692398 52.7749992907047 -29.4777154922485 -277.168691158295 52.7749992907047 -28.2641183584929 -278.116226196289 52.7749992907047 -29.6158585697412 -276.79654955864 52.7749992907047 -10.3749996051192 -276.360005140305 52.7749992907047 -11.7091257125139 -278.098672628403 52.7749992907047 -12.1750002726912 -278.160005807877 52.7749992907047 -10.3749996051192 -26.9600003957748 52.7749992907047 -11.2749999389052 -25.4011545330286 52.7749992907047 -11.7091257125139 -25.2213329076767 52.7749992907047 -10.616154409945 -26.0600000619888 52.7749992907047 -10.9022073447704 -25.6872083991766 52.7749992907047 -10.4363337159157 -26.4941249042749 52.7749992907047 -10.616154409945 -277.260005474091 52.7749992907047 -11.2749999389052 -277.918845415115 52.7749992907047 -28.9773438125849 -277.778774499893 52.7749992907047 -33.3749987185001 -25.4011545330286 52.7749992907047 -10.4363337159157 -276.825875043869 52.7749992907047 -34.0338461101055 -26.0600000619888 52.7749992907047 -33.7477922439575 -25.6872083991766 52.7749992907047 -10.9022073447704 -277.632802724838 52.7749992907047 -34.2136658728123 -26.4941249042749 67.2750025987625 -34.2749990522861 -252.660006284714 52.7749992907047 -34.2749990522861 -258.159995079041 65.801277756691 -34.2749990522861 -258.159995079041 52.7749992907047 -34.2749990522861 -26.9600003957748 67.2750025987625 -34.2749990522861 -35.6097407639027 64.9573057889938 -34.2749990522861 -26.9600003957748 64.4749999046326 -19.1249996423721 -276.572346687317 65.7749995589256 -19.1249996423721 -278.160005807877 62.2749999165535 -19.1249996423721 -278.160005807877 62.2749999165535 -19.1249996423721 -25.1599997282028 64.4749999046326 -19.1249996423721 -25.1599997282028 65.7749995589256 -19.1249996423721 -276.572346687317 62.2749999165535 -10.4363337159157 -276.825875043869 62.2749999165535 -11.2749999389052 -277.918845415115 62.2749999165535 -10.616154409945 -277.260005474091 62.2749999165535 -10.4363337159157 -26.4941249042749 62.2749999165535 -11.2749999389052 -25.4011545330286 62.2749999165535 -10.3749996051192 -26.9600003957748 62.2749999165535 -12.1750002726912 -25.1599997282028 62.2749999165535 -19.1249996423721 -25.1599997282028 62.2749999165535 -10.3749996051192 -276.360005140305 62.2749999165535 -10.9022073447704 -277.632802724838 62.2749999165535 -11.7091257125139 -25.2213329076767 62.2749999165535 -12.1750002726912 -278.160005807877 62.2749999165535 -19.1249996423721 -278.160005807877 62.2749999165535 -11.7091257125139 -278.098672628403 62.2749999165535 -10.616154409945 -26.0600000619888 62.2749999165535 -10.9022073447704 -25.6872083991766 62.2749999165535 -19.1249996423721 -25.1599997282028 64.4749999046326 -32.4749983847141 -25.1599997282028 64.4749999046326 -19.1249996423721 -25.1599997282028 52.7749992907047 -32.4749983847141 -25.1599997282028 52.7749992907047 -12.1750002726912 -25.1599997282028 62.2749999165535 -12.1750002726912 -25.1599997282028 65.7749995589256 -29.6158585697412 -276.79654955864 52.7749992907047 -29.4777154922485 -277.168691158295 65.7749995589256 -29.4777154922485 -277.168691158295 52.7749992907047 -29.2613692581654 -277.501493692398 65.7749995589256 -29.2613692581654 -277.501493692398 52.7749992907047 -28.9773438125849 -277.778774499893 65.7749995589256 -28.9773438125849 -277.778774499893 52.7749992907047 -28.6394506692886 -277.987062931061 65.7749995589256 -28.6394506692886 -277.987062931061 52.7749992907047 -28.2641183584929 -278.116226196289 65.7749995589256 -28.2641183584929 -278.116226196289 52.7749992907047 -27.8696026653051 -278.160005807877 65.7749995589256 -27.8696026653051 -278.160005807877 52.7749992907047 -29.6158585697412 -276.79654955864 52.7749992907047 -29.6158585697412 -276.79654955864 65.7749995589256 -34.2504791915417 -258.258074522018 52.7749992907047 -34.2749990522861 -258.159995079041 65.7749995589256 -29.6158585697412 -276.79654955864 65.801277756691 -34.2749990522861 -258.159995079041 52.7749992907047 -33.3749987185001 -25.4011545330286 64.4914507865906 -32.9410620033741 -25.2213831990957 52.7749992907047 -32.9408757388592 -25.2213329076767 64.7161528468132 -34.0338461101055 -26.0600000619888 52.7749992907047 -34.2136658728123 -26.4941249042749 64.832478761673 -34.2136658728123 -26.4941249042749 64.6162629127502 -33.7477922439575 -25.6872083991766 52.7749992907047 -34.0338461101055 -26.0600000619888 64.5396187901497 -33.3749987185001 -25.4011545330286 52.7749992907047 -33.7477922439575 -25.6872083991766 64.5746663212776 -33.5707701742649 -25.5319643765688 64.5117163658142 -33.1638306379318 -25.2970177680254 64.4749999046326 -32.7900014817715 -25.1877773553133 52.7749992907047 -32.4749983847141 -25.1599997282028 52.7749992907047 -34.2749990522861 -26.9600003957748 64.9573057889938 -34.2749990522861 -26.9600003957748 64.4749999046326 -32.4749983847141 -25.1599997282028 64.4824430346489 -32.7900014817715 -25.1877773553133 52.7749992907047 -10.4363337159157 -276.825875043869 62.2749999165535 -10.616154409945 -277.260005474091 52.7749992907047 -10.616154409945 -277.260005474091 62.2749999165535 -10.9022073447704 -277.632802724838 52.7749992907047 -10.9022073447704 -277.632802724838 62.2749999165535 -11.2749999389052 -277.918845415115 52.7749992907047 -11.2749999389052 -277.918845415115 62.2749999165535 -11.7091257125139 -278.098672628403 52.7749992907047 -11.7091257125139 -278.098672628403 62.2749999165535 -12.1750002726912 -278.160005807877 52.7749992907047 -12.1750002726912 -278.160005807877 62.2749999165535 -10.4363337159157 -276.825875043869 52.7749992907047 -10.3749996051192 -276.360005140305 62.2749999165535 -10.3749996051192 -276.360005140305 62.2749999165535 -10.4363337159157 -26.4941249042749 52.7749992907047 -10.616154409945 -26.0600000619888 62.2749999165535 -10.616154409945 -26.0600000619888 52.7749992907047 -10.9022073447704 -25.6872083991766 62.2749999165535 -10.9022073447704 -25.6872083991766 52.7749992907047 -11.2749999389052 -25.4011545330286 62.2749999165535 -11.2749999389052 -25.4011545330286 52.7749992907047 -11.7091257125139 -25.2213329076767 62.2749999165535 -11.7091257125139 -25.2213329076767 62.2749999165535 -10.3749996051192 -26.9600003957748 52.7749992907047 -10.4363337159157 -26.4941249042749 52.7749992907047 -12.1750002726912 -25.1599997282028 62.2749999165535 -12.1750002726912 -25.1599997282028 52.7749992907047 -10.3749996051192 -26.9600003957748 64.4749999046326 -27.7981515973806 -236.456736922264 66.4749965071678 -27.0534045994282 -235.987573862076 64.4749999046326 -27.0534045994282 -235.987573862076 66.4749965071678 -28.8276132196188 -237.867519259453 64.4749999046326 -29.0472190827131 -238.719895482063 66.4749965071678 -29.0472190827131 -238.719895482063 64.4749999046326 -25.3364164382219 -242.651864886284 66.4749965071678 -26.2151546776295 -242.600962519646 64.4749999046326 -26.2151546776295 -242.600962519646 66.4749965071678 -27.0534045994282 -242.332428693771 64.4749999046326 -27.0534045994282 -242.332428693771 66.4749965071678 -27.7981515973806 -241.863250732422 64.4749999046326 -27.7981515973806 -241.863250732422 66.4749965071678 -28.4022893756628 -241.223111748695 64.4749999046326 -28.4022893756628 -241.223111748695 66.4749965071678 -28.8276132196188 -240.452483296394 64.4749999046326 -28.8276132196188 -240.452483296394 66.4749965071678 -29.0472190827131 -239.600107073784 64.4749999046326 -29.0472190827131 -239.600107073784 64.4749999046326 -28.8276132196188 -237.867519259453 66.4749965071678 -25.3364164382219 -242.651864886284 66.4749965071678 -27.7981515973806 -236.456736922264 64.4749999046326 -28.4022893756628 -237.096890807152 66.4749965071678 -28.4022893756628 -237.096890807152 66.4749965071678 -26.2151546776295 -235.719040036201 64.4749999046326 -26.2151546776295 -235.719040036201 66.4749965071678 -25.3364164382219 -235.668137669563 64.4749999046326 -25.3364164382219 -235.668137669563 66.4749965071678 -27.0534045994282 -235.987573862076 66.4749965071678 -27.7981515973806 -241.863250732422 66.4749965071678 -27.0534045994282 -242.332428693771 66.4749965071678 -26.2151546776295 -235.719040036201 66.4749965071678 -25.3364164382219 -242.651864886284 66.4749965071678 -25.3364164382219 -235.668137669563 66.4749965071678 -26.2151546776295 -242.600962519646 66.4749965071678 -29.0472190827131 -238.719895482063 66.4749965071678 -28.8276132196188 -240.452483296394 66.4749965071678 -28.4022893756628 -241.223111748695 66.4749965071678 -27.7981515973806 -236.456736922264 66.4749965071678 -28.4022893756628 -237.096890807152 66.4749965071678 -28.8276132196188 -237.867519259453 66.4749965071678 -29.0472190827131 -239.600107073784 64.4749999046326 -25.3364164382219 -235.668137669563 66.4749965071678 -25.3364164382219 -242.651864886284 64.4749999046326 -25.3364164382219 -242.651864886284 66.4749965071678 -25.3364164382219 -235.668137669563 65.7749995589256 -32.7197797596455 -258.258074522018 64.4749999046326 -28.141213580966 -276.572346687317 64.4749999046326 -32.7900014817715 -257.977187633514 65.7749995589256 -28.141213580966 -276.572346687317 65.8502653241158 -32.7900014817715 -257.977187633514 64.4749999046326 -28.141213580966 -276.572346687317 65.7749995589256 -19.1249996423721 -276.572346687317 64.4749999046326 -19.1249996423721 -276.572346687317 65.7749995589256 -28.141213580966 -276.572346687317 67.2750025987625 -25.5963020026684 -251.212745904922 67.2750025987625 -25.9148888289928 -252.572327852249 67.2750025987625 -21.4750003069639 -251.212745904922 67.2750025987625 -24.1746492683887 -252.660006284714 67.2750025987625 -25.9148888289928 -252.660006284714 67.2750025987625 -27.6436991989613 -251.212745904922 67.2750025987625 -25.5963020026684 -245.12006342411 67.2750025987625 -27.6436991989613 -245.12006342411 67.2750025987625 -34.2749990522861 -35.6097407639027 67.2750025987625 -32.7900014817715 -68.7099993228912 67.2750025987625 -32.7900014817715 -35.6097407639027 67.2750025987625 -24.1746492683887 -252.572327852249 67.2750025987625 -20.2028267085552 -252.572327852249 67.2750025987625 -32.7900014817715 -252.572327852249 67.2750025987625 -34.2749990522861 -252.660006284714 67.2750025987625 -32.7900014817715 -252.660006284714 67.2750025987625 -32.7900014817715 -228.120073676109 67.2750025987625 -31.2350690364838 -251.212745904922 67.2750025987625 -31.25 -146.709993481636 67.2750025987625 -32.7900014817715 -136.659994721413 67.2750025987625 -32.7900014817715 -146.709993481636 67.2750025987625 -31.25 -136.659994721413 67.2750025987625 -32.7900014817715 -78.7599980831146 67.2750025987625 -31.25 -78.7599980831146 67.2750025987625 -31.25 -68.7099993228912 67.2750025987625 -20.2028267085552 -246.212750673294 67.2750025987625 -31.2350690364838 -228.120073676109 67.2750025987625 -21.4750003069639 -246.212750673294 64.6162629127502 -33.7477922439575 -25.6872083991766 64.9573057889938 -34.2749990522861 -26.9600003957748 64.5746663212776 -33.5707701742649 -25.5319643765688 64.5117163658142 -33.1638306379318 -25.2970177680254 64.4914507865906 -32.9410620033741 -25.2213831990957 67.2750025987625 -32.7900014817715 -35.6097407639027 67.2750025987625 -34.2749990522861 -35.6097407639027 64.4824430346489 -32.7900014817715 -25.1877773553133 64.832478761673 -34.2136658728123 -26.4941249042749 64.7161528468132 -34.0338461101055 -26.0600000619888 64.5396187901497 -33.3749987185001 -25.4011545330286 64.4749999046326 -26.6100000590086 -183.200001716614 67.2750025987625 -26.6100000590086 -173.120006918907 64.4749999046326 -26.6100000590086 -173.120006918907 67.2750025987625 -26.6100000590086 -183.200001716614 67.2750025987625 -26.6100000590086 -173.120006918907 64.4749999046326 -23.5301367938519 -173.120006918907 64.4749999046326 -26.6100000590086 -173.120006918907 67.2750025987625 -23.5301367938519 -173.120006918907 64.4749999046326 -23.5301367938519 -173.120006918907 67.2750025987625 -23.5301367938519 -183.200001716614 64.4749999046326 -23.5301367938519 -183.200001716614 67.2750025987625 -23.5301367938519 -173.120006918907 64.4749999046326 -26.6100000590086 -183.200001716614 67.2750025987625 -23.5301367938519 -183.200001716614 67.2750025987625 -26.6100000590086 -183.200001716614 64.4749999046326 -23.5301367938519 -183.200001716614 67.2750025987625 -26.6100000590086 -173.120006918907 67.2750025987625 -23.5301367938519 -183.200001716614 67.2750025987625 -23.5301367938519 -173.120006918907 67.2750025987625 -26.6100000590086 -183.200001716614 67.2750025987625 -26.6100000590086 -110.3900000453 64.4749999046326 -23.5301367938519 -110.3900000453 67.2750025987625 -23.5301367938519 -110.3900000453 64.4749999046326 -26.6100000590086 -110.3900000453 67.2750025987625 -26.6100000590086 -95.6199988722801 64.4749999046326 -26.6100000590086 -110.3900000453 67.2750025987625 -26.6100000590086 -110.3900000453 64.4749999046326 -26.6100000590086 -95.6199988722801 64.4749999046326 -26.6100000590086 -95.6199988722801 67.2750025987625 -20.5300003290176 -95.6199988722801 64.4749999046326 -20.5300003290176 -95.6199988722801 67.2750025987625 -26.6100000590086 -95.6199988722801 64.4749999046326 -20.5300003290176 -95.6199988722801 67.2750025987625 -20.5300003290176 -99.6999964118004 64.4749999046326 -20.5300003290176 -99.6999964118004 67.2750025987625 -20.5300003290176 -95.6199988722801 64.4749999046326 -23.5301367938519 -99.6999964118004 67.2750025987625 -20.5300003290176 -99.6999964118004 67.2750025987625 -23.5301367938519 -99.6999964118004 64.4749999046326 -20.5300003290176 -99.6999964118004 64.4749999046326 -23.5301367938519 -110.3900000453 67.2750025987625 -23.5301367938519 -99.6999964118004 67.2750025987625 -23.5301367938519 -110.3900000453 64.4749999046326 -23.5301367938519 -99.6999964118004 67.2750025987625 -20.5300003290176 -95.6199988722801 67.2750025987625 -23.5301367938519 -99.6999964118004 67.2750025987625 -20.5300003290176 -99.6999964118004 67.2750025987625 -26.6100000590086 -110.3900000453 67.2750025987625 -26.6100000590086 -95.6199988722801 67.2750025987625 -23.5301367938519 -110.3900000453 64.4749999046326 -32.7900014817715 -68.7099993228912 67.2750025987625 -31.25 -68.7099993228912 64.4749999046326 -31.25 -68.7099993228912 67.2750025987625 -32.7900014817715 -68.7099993228912 67.2750025987625 -31.25 -78.7599980831146 64.4749999046326 -31.25 -68.7099993228912 67.2750025987625 -31.25 -68.7099993228912 64.4749999046326 -31.25 -78.7599980831146 64.4749999046326 -32.7900014817715 -78.7599980831146 67.2750025987625 -31.25 -78.7599980831146 67.2750025987625 -32.7900014817715 -78.7599980831146 64.4749999046326 -31.25 -78.7599980831146 64.4749999046326 -32.7900014817715 -136.659994721413 67.2750025987625 -31.25 -136.659994721413 64.4749999046326 -31.25 -136.659994721413 67.2750025987625 -32.7900014817715 -136.659994721413 64.4749999046326 -31.25 -136.659994721413 67.2750025987625 -31.25 -146.709993481636 64.4749999046326 -31.25 -146.709993481636 67.2750025987625 -31.25 -136.659994721413 64.4749999046326 -32.7900014817715 -146.709993481636 67.2750025987625 -31.25 -146.709993481636 67.2750025987625 -32.7900014817715 -146.709993481636 64.4749999046326 -31.25 -146.709993481636 67.2750025987625 -25.9148888289928 -252.572327852249 64.4749999046326 -32.7900014817715 -252.572327852249 64.4749999046326 -25.9148888289928 -252.572327852249 67.2750025987625 -32.7900014817715 -252.572327852249 64.4749999046326 -31.2350690364838 -228.120073676109 67.2750025987625 -32.7900014817715 -228.120073676109 67.2750025987625 -31.2350690364838 -228.120073676109 64.4749999046326 -32.7900014817715 -228.120073676109 64.4749999046326 -31.2350690364838 -228.120073676109 67.2750025987625 -31.2350690364838 -251.212745904922 64.4749999046326 -31.2350690364838 -251.212745904922 67.2750025987625 -31.2350690364838 -228.120073676109 67.2750025987625 -31.2350690364838 -251.212745904922 64.4749999046326 -27.6436991989613 -251.212745904922 64.4749999046326 -31.2350690364838 -251.212745904922 67.2750025987625 -27.6436991989613 -251.212745904922 67.2750025987625 -27.6436991989613 -245.12006342411 64.4749999046326 -27.6436991989613 -251.212745904922 67.2750025987625 -27.6436991989613 -251.212745904922 64.4749999046326 -27.6436991989613 -245.12006342411 67.2750025987625 -27.6436991989613 -245.12006342411 64.4749999046326 -25.5963020026684 -245.12006342411 64.4749999046326 -27.6436991989613 -245.12006342411 67.2750025987625 -25.5963020026684 -245.12006342411 64.4749999046326 -25.5963020026684 -245.12006342411 67.2750025987625 -25.5963020026684 -251.212745904922 64.4749999046326 -25.5963020026684 -251.212745904922 67.2750025987625 -25.5963020026684 -245.12006342411 67.2750025987625 -21.4750003069639 -251.212745904922 64.4749999046326 -25.5963020026684 -251.212745904922 67.2750025987625 -25.5963020026684 -251.212745904922 64.4749999046326 -21.4750003069639 -251.212745904922 64.4749999046326 -21.4750003069639 -251.212745904922 67.2750025987625 -21.4750003069639 -246.212750673294 64.4749999046326 -21.4750003069639 -246.212750673294 67.2750025987625 -21.4750003069639 -251.212745904922 67.2750025987625 -21.4750003069639 -246.212750673294 64.4749999046326 -20.2028267085552 -246.212750673294 64.4749999046326 -21.4750003069639 -246.212750673294 67.2750025987625 -20.2028267085552 -246.212750673294 64.4749999046326 -20.2028267085552 -246.212750673294 67.2750025987625 -20.2028267085552 -252.572327852249 64.4749999046326 -20.2028267085552 -252.572327852249 67.2750025987625 -20.2028267085552 -246.212750673294 64.4749999046326 -24.1746492683887 -252.572327852249 67.2750025987625 -20.2028267085552 -252.572327852249 67.2750025987625 -24.1746492683887 -252.572327852249 64.4749999046326 -20.2028267085552 -252.572327852249 67.2750025987625 -24.1746492683887 -252.660006284714 64.4749999046326 -24.1746492683887 -252.572327852249 67.2750025987625 -24.1746492683887 -252.572327852249 64.4749999046326 -24.1746492683887 -263.071596622467 65.7749995589256 -24.1746492683887 -258.258074522018 65.7749995589256 -24.1746492683887 -263.071596622467 64.4749999046326 -24.1746492683887 -263.071596622467 65.7749995589256 -25.9148888289928 -263.071596622467 64.4749999046326 -25.9148888289928 -263.071596622467 65.7749995589256 -24.1746492683887 -263.071596622467 67.2750025987625 -25.9148888289928 -252.660006284714 64.4749999046326 -25.9148888289928 -252.572327852249 65.7749995589256 -25.9148888289928 -258.258074522018 64.4749999046326 -25.9148888289928 -263.071596622467 65.7749995589256 -25.9148888289928 -263.071596622467 67.2750025987625 -25.9148888289928 -252.572327852249 65.7749995589256 -24.1746492683887 -258.258074522018 67.2750025987625 -25.9148888289928 -252.660006284714 65.7749995589256 -25.9148888289928 -258.258074522018 67.2750025987625 -24.1746492683887 -252.660006284714 65.7749995589256 -24.1746492683887 -258.258074522018 65.7749995589256 -25.9148888289928 -263.071596622467 65.7749995589256 -24.1746492683887 -263.071596622467 65.7749995589256 -25.9148888289928 -258.258074522018 65.7749995589256 -28.141213580966 -276.572346687317 65.7749995589256 -29.4777154922485 -277.168691158295 65.7749995589256 -29.2613692581654 -277.501493692398 65.7749995589256 -28.2641183584929 -278.116226196289 65.7749995589256 -28.6394506692886 -277.987062931061 65.7749995589256 -32.7197797596455 -258.258074522018 65.7749995589256 -29.6158585697412 -276.79654955864 65.7749995589256 -28.9773438125849 -277.778774499893 65.7749995589256 -19.1249996423721 -276.572346687317 65.7749995589256 -27.8696026653051 -278.160005807877 65.7749995589256 -19.1249996423721 -278.160005807877 65.7749995589256 -34.2504791915417 -258.258074522018 65.7749995589256 -34.2504791915417 -258.258074522018 65.8502653241158 -32.7900014817715 -257.977187633514 65.801277756691 -34.2749990522861 -258.159995079041 65.7749995589256 -32.7197797596455 -258.258074522018 67.2750025987625 -34.2749990522861 -252.660006284714 67.2750025987625 -32.7900014817715 -252.660006284714</float_array><technique_common><accessor count="468" source="#bau0086023263-2-mesh-positions-array" stride="3"><param name="X" type="float" /><param name="Y" type="float" /><param name="Z" type="float" /></accessor></technique_common></source><source id="bau0086023263-2-mesh-normals"><float_array id="bau0086023263-2-mesh-normals-array" count="1404">1 9.16025580753176E-16 0 1 9.16025580753176E-16 0 1 9.16025580753176E-16 0 1 9.16025580753176E-16 0 1 9.16025580753176E-16 0 1 9.16025580753176E-16 0 1 9.16025580753176E-16 0 1 9.16025580753176E-16 0 1 9.16025580753176E-16 0 1 9.16025580753176E-16 0 1 9.16025580753176E-16 0 1 9.16025580753176E-16 0 1 9.16025580753176E-16 0 1 9.16025580753176E-16 0 1 9.16025580753176E-16 0 1 9.16025580753176E-16 0 1 9.16025580753176E-16 0 1 9.16025580753176E-16 0 1 9.16025580753176E-16 0 1 9.16025580753176E-16 0 1 9.16025580753176E-16 0 1 9.16025580753176E-16 0 1 9.16025580753176E-16 0 1 9.16025580753176E-16 0 1 9.16025580753176E-16 0 1 9.16025580753176E-16 0 1 9.16025580753176E-16 0 1 9.16025580753176E-16 0 1 9.16025580753176E-16 0 1 9.16025580753176E-16 0 1 9.16025580753176E-16 0 1 9.16025580753176E-16 0 1 9.16025580753176E-16 0 1 9.16025580753176E-16 0 1 9.16025580753176E-16 0 1 9.16025580753176E-16 0 1 9.16025580753176E-16 0 1 9.16025580753176E-16 0 1 9.16025580753176E-16 0 1 9.16025580753176E-16 0 1 9.16025580753176E-16 0 1 9.16025580753176E-16 0 1 9.16025580753176E-16 0 1 9.16025580753176E-16 0 1 9.16025580753176E-16 0 1 9.16025580753176E-16 0 1 9.16025580753176E-16 0 1 9.16025580753176E-16 0 1 9.16025580753176E-16 0 1 9.16025580753176E-16 0 1 9.16025580753176E-16 0 1 9.16025580753176E-16 0 1 9.16025580753176E-16 0 1 9.16025580753176E-16 0 -9.16025580753176E-16 1 0 -9.16025580753176E-16 1 0 -9.16025580753176E-16 1 0 -9.16025580753176E-16 1 0 -9.16025580753176E-16 1 0 -9.16025580753176E-16 1 0 -9.16025580753176E-16 1 0 -9.16025580753176E-16 1 0 -9.16025580753176E-16 1 0 -9.16025580753176E-16 1 0 -9.16025580753176E-16 1 0 -9.16025580753176E-16 1 0 -9.16025580753176E-16 1 0 -9.16025580753176E-16 1 0 -9.16025580753176E-16 1 0 -9.16025580753176E-16 1 0 -9.16025580753176E-16 1 0 -9.16025580753176E-16 1 0 0 -1.22464685258517E-16 -1 0 -1.22464685258517E-16 -1 0 -1.22464685258517E-16 -1 0 -1.22464685258517E-16 -1 0 -1.22464685258517E-16 -1 0 -1.22464685258517E-16 -1 1.82602476031465E-16 1 0 1.82602476031465E-16 1 0 1.82602476031465E-16 1 0 1.82602476031465E-16 1 0 -1 0 0 -1 0 0 -1 0 0 -1 0 0 -1 0 0 -1 0 0 -1 0 0 -1 0 0 -1 0 0 -1 0 0 -1 0 0 -1 0 0 -1 0 0 -1 0 0 -1 0 0 -1 0 0 -1 0 0 -1 0 0 -1 0 0 -1 0 0 -1 0 0 -1 0 0 -1 0 0 -1 0 0 -1 0 0 -1 0 0 -1 0 0 -1 0 0 -1 0 0 0 -1 0 0 -1 0 0 -1 0 0 -1 0 0 -1 0 0 -1 0 0 1 0 0 1 0 0 1 0 0 1 0 0 1 0 0 1 0 1 0 0 1 0 0 1 0 0 1 0 0 1 0 0 1 0 0 1 0 0 1 0 0 1 0 0 1 0 0 1 0 0 1 0 0 1 0 0 1 0 0 1 0 0 1 0 0 0 0 1 0 0 1 0 0 1 0 0 1 0 0 1 0 0 1 0 -0.970142483711243 -0.242535620927811 0 -0.893395960330963 -0.449270188808441 0 -0.893395960330963 -0.449270188808441 0 -0.773204207420349 -0.634157121181488 0 -0.773204207420349 -0.634157121181488 0 -0.61541223526001 -0.788205444812775 0 -0.61541223526001 -0.788205444812775 0 -0.42769318819046 -0.903923988342285 0 -0.42769318819046 -0.903923988342285 0 -0.219175755977631 -0.97568541765213 0 -0.219175755977631 -0.97568541765213 0 -1.22464685258517E-16 -1 0 -1.22464685258517E-16 -1 0 -0.970142483711243 -0.242535620927811 0 -0.970142483711243 -0.242535620927811 0 -0.970142483711243 -0.242535620927811 0 -0.970142483711243 -0.242535620927811 0 -0.970142483711243 -0.242535620927811 0 -0.970142483711243 -0.242535620927811 0 -0.5 0.866025388240814 0 -0.25892361998558 0.965897798538208 0 -0.258819043636322 0.965925812721252 0 -0.866025388240814 0.5 0 -0.965925812721252 0.258819043636322 0 -0.965925812721252 0.258819043636322 0 -0.70710676908493 0.70710676908493 0 -0.866025388240814 0.5 0 -0.5 0.866025388240814 0 -0.70710676908493 0.70710676908493 0 -0.608761429786682 0.793353319168091 0 -0.382683426141739 0.923879504203796 0 -0.174999997019768 0.984568417072296 0 3.43024902001176E-15 1 0 -1 -6.12323426292584E-17 0 -1 -6.12323426292584E-17 0 -1.22464685258517E-16 1 0 -0.174999997019768 0.984568417072296 1.76380436698731E-16 0.965925812721252 -0.258819043636322 1.58138377804638E-16 0.866025388240814 -0.5 1.58138377804638E-16 0.866025388240814 -0.5 1.2911943931329E-16 0.70710676908493 -0.70710676908493 1.2911943931329E-16 0.70710676908493 -0.70710676908493 9.13012380157327E-17 0.5 -0.866025388240814 9.13012380157327E-17 0.5 -0.866025388240814 4.72609973854417E-17 0.258819043636322 -0.965925812721252 4.72609973854417E-17 0.258819043636322 -0.965925812721252 9.22729622581215E-32 5.05321539244431E-16 -1 9.22729622581215E-32 5.05321539244431E-16 -1 1.76380436698731E-16 0.965925812721252 -0.258819043636322 1.82602476031465E-16 1 0 1.82602476031465E-16 1 0 1.76380436698731E-16 0.965925812721252 0.258819043636322 1.58138377804638E-16 0.866025388240814 0.5 1.58138377804638E-16 0.866025388240814 0.5 1.2911943931329E-16 0.70710676908493 0.70710676908493 1.2911943931329E-16 0.70710676908493 0.70710676908493 9.13012380157327E-17 0.5 0.866025388240814 9.13012380157327E-17 0.5 0.866025388240814 4.72609973854417E-17 0.258819043636322 0.965925812721252 4.72609973854417E-17 0.258819043636322 0.965925812721252 1.82602476031465E-16 1 1.65389218061151E-15 1.76380436698731E-16 0.965925812721252 0.258819043636322 3.35435306368725E-32 1.83697014652885E-16 1 3.35435306368725E-32 1.83697014652885E-16 1 1.82602476031465E-16 1 1.65389218061151E-15 5.81846572045443E-16 -0.635185897350311 0.772359251976013 3.86930367778158E-16 -0.422401249408722 0.906408965587616 3.86930367778158E-16 -0.422401249408722 0.906408965587616 8.51279123418886E-16 -0.929318070411682 0.369280308485031 9.08754755813064E-16 -0.99206268787384 0.1257444024086 9.08754755813064E-16 -0.99206268787384 0.1257444024086 -6.24425806573174E-17 0.0681668519973755 -0.99767392873764 1.67542124350166E-16 -0.18290114402771 -0.983131289482117 1.67542124350166E-16 -0.18290114402771 -0.983131289482117 3.86930367778158E-16 -0.422401249408722 -0.906408965587616 3.86930367778158E-16 -0.422401249408722 -0.906408965587616 5.81846572045443E-16 -0.635185897350311 -0.772359251976013 5.81846572045443E-16 -0.635185897350311 -0.772359251976013 7.39962900523673E-16 -0.807797193527222 -0.589460492134094 7.39962900523673E-16 -0.807797193527222 -0.589460492134094 8.51279123418886E-16 -0.929318070411682 -0.369280308485031 8.51279123418886E-16 -0.929318070411682 -0.369280308485031 9.08754755813064E-16 -0.99206268787384 -0.1257444024086 9.08754755813064E-16 -0.99206268787384 -0.1257444024086 8.51279123418886E-16 -0.929318070411682 0.369280308485031 -6.24425806573174E-17 0.0681668519973755 -0.99767392873764 5.81846572045443E-16 -0.635185897350311 0.772359251976013 7.39962900523673E-16 -0.807797193527222 0.589460492134094 7.39962900523673E-16 -0.807797193527222 0.589460492134094 1.67542124350166E-16 -0.18290114402771 0.983131289482117 1.67542124350166E-16 -0.18290114402771 0.983131289482117 -6.24425806573174E-17 0.0681668519973755 0.99767392873764 -6.24425806573174E-17 0.0681668519973755 0.99767392873764 1 9.16025580753176E-16 0 1 9.16025580753176E-16 0 1 9.16025580753176E-16 0 1 9.16025580753176E-16 0 1 9.16025580753176E-16 0 1 9.16025580753176E-16 0 1 9.16025580753176E-16 0 1 9.16025580753176E-16 0 1 9.16025580753176E-16 0 1 9.16025580753176E-16 0 1 9.16025580753176E-16 0 1 9.16025580753176E-16 0 1 9.16025580753176E-16 0 1 9.16025580753176E-16 0 -9.16025580753176E-16 1 0 -9.16025580753176E-16 1 0 -9.16025580753176E-16 1 0 -9.16025580753176E-16 1 0 -8.88675416281927E-16 0.970142483711243 0.242535620927811 -8.88675416281927E-16 0.970142483711243 0.242535620927811 -8.88675416281927E-16 0.970142483711243 0.242535620927811 -8.88675416281927E-16 0.970142483711243 0.242535620927811 -8.88675416281927E-16 0.970142483711243 0.242535620927811 0 0 1 0 0 1 0 0 1 0 0 1 1 9.16025580753176E-16 0 1 9.16025580753176E-16 0 1 9.16025580753176E-16 0 1 9.16025580753176E-16 0 1 9.16025580753176E-16 0 1 9.16025580753176E-16 0 1 9.16025580753176E-16 0 1 9.16025580753176E-16 0 1 9.16025580753176E-16 0 1 9.16025580753176E-16 0 1 9.16025580753176E-16 0 1 9.16025580753176E-16 0 1 9.16025580753176E-16 0 1 9.16025580753176E-16 0 1 9.16025580753176E-16 0 1 9.16025580753176E-16 0 1 9.16025580753176E-16 0 1 9.16025580753176E-16 0 1 9.16025580753176E-16 0 1 9.16025580753176E-16 0 1 9.16025580753176E-16 0 1 9.16025580753176E-16 0 1 9.16025580753176E-16 0 1 9.16025580753176E-16 0 1 9.16025580753176E-16 0 1 9.16025580753176E-16 0 1 9.16025580753176E-16 0 1 9.16025580753176E-16 0 0.965925812721252 8.84812787223769E-16 0.258819043636322 0.965925812721252 8.84812787223769E-16 0.258819043636322 0.965925812721252 8.84812787223769E-16 0.258819043636322 0.965925812721252 8.84812787223769E-16 0.258819043636322 0.965925812721252 8.84812787223769E-16 0.258819043636322 0.965925812721252 8.84812787223769E-16 0.258819043636322 0.965925812721252 8.84812787223769E-16 0.258819043636322 0.965925812721252 8.84812787223769E-16 0.258819043636322 0.965925812721252 8.84812787223769E-16 0.258819043636322 0.965925812721252 8.84812787223769E-16 0.258819043636322 0.965925812721252 8.84812787223769E-16 0.258819043636322 9.16025580753176E-16 -1 6.8838235274459E-16 9.16025580753176E-16 -1 6.8838235274459E-16 9.16025580753176E-16 -1 6.8838235274459E-16 9.16025580753176E-16 -1 6.8838235274459E-16 3.35435306368725E-32 1.83697014652885E-16 1 3.35435306368725E-32 1.83697014652885E-16 1 3.35435306368725E-32 1.83697014652885E-16 1 3.35435306368725E-32 1.83697014652885E-16 1 -9.16025580753176E-16 1 0 -9.16025580753176E-16 1 0 -9.16025580753176E-16 1 0 -9.16025580753176E-16 1 0 -8.25517671520331E-30 9.01194944407172E-15 -1 -8.25517671520331E-30 9.01194944407172E-15 -1 -8.25517671520331E-30 9.01194944407172E-15 -1 -8.25517671520331E-30 9.01194944407172E-15 -1 1 0 0 1 0 0 1 0 0 1 0 0 -8.25517671520331E-30 9.01194944407172E-15 -1 -8.25517671520331E-30 9.01194944407172E-15 -1 -8.25517671520331E-30 9.01194944407172E-15 -1 -8.25517671520331E-30 9.01194944407172E-15 -1 9.16025580753176E-16 -1 4.69796448040994E-16 9.16025580753176E-16 -1 4.69796448040994E-16 9.16025580753176E-16 -1 4.69796448040994E-16 9.16025580753176E-16 -1 4.69796448040994E-16 0 0 1 0 0 1 0 0 1 0 0 1 -9.16025580753176E-16 1 0 -9.16025580753176E-16 1 0 -9.16025580753176E-16 1 0 -9.16025580753176E-16 1 0 0 0 -1 0 0 -1 0 0 -1 0 0 -1 -9.16025580753176E-16 1 0 -9.16025580753176E-16 1 0 -9.16025580753176E-16 1 0 -9.16025580753176E-16 1 0 1 0 0 1 0 0 1 0 0 1 0 0 1 0 0 1 0 0 0 0 1 0 0 1 0 0 1 0 0 1 -9.16025580753176E-16 1 6.9043720173507E-16 -9.16025580753176E-16 1 6.9043720173507E-16 -9.16025580753176E-16 1 6.9043720173507E-16 -9.16025580753176E-16 1 6.9043720173507E-16 0 0 -1 0 0 -1 0 0 -1 0 0 -1 0 0 1 0 0 1 0 0 1 0 0 1 -9.16025580753176E-16 1 0 -9.16025580753176E-16 1 0 -9.16025580753176E-16 1 0 -9.16025580753176E-16 1 0 1.65096221788809E-29 -1.80231009831071E-14 -1 1.65096221788809E-29 -1.80231009831071E-14 -1 1.65096221788809E-29 -1.80231009831071E-14 -1 1.65096221788809E-29 -1.80231009831071E-14 -1 1.65096221788809E-29 -1.80231009831071E-14 -1 1.65096221788809E-29 -1.80231009831071E-14 -1 1.65096221788809E-29 -1.80231009831071E-14 -1 1.65096221788809E-29 -1.80231009831071E-14 -1 0 0 1 0 0 1 0 0 1 0 0 1 -9.16025580753176E-16 1 0 -9.16025580753176E-16 1 0 -9.16025580753176E-16 1 0 -9.16025580753176E-16 1 0 0 0 1 0 0 1 0 0 1 0 0 1 9.16025580753176E-16 -1 0 9.16025580753176E-16 -1 0 9.16025580753176E-16 -1 0 9.16025580753176E-16 -1 0 0 0 1 0 0 1 0 0 1 0 0 1 -9.16025580753176E-16 1 5.69445268543812E-16 -9.16025580753176E-16 1 5.69445268543812E-16 -9.16025580753176E-16 1 5.69445268543812E-16 -9.16025580753176E-16 1 5.69445268543812E-16 0 0 1 0 0 1 0 0 1 0 0 1 9.16025580753176E-16 -1 0 9.16025580753176E-16 -1 0 9.16025580753176E-16 -1 0 9.16025580753176E-16 -1 0 0 0 1 0 0 1 0 0 1 0 0 1 -9.16025580753176E-16 1 0 -9.16025580753176E-16 1 0 -9.16025580753176E-16 1 0 -9.16025580753176E-16 1 0 0 0 -1 0 0 -1 0 0 -1 0 0 -1 -9.16025580753176E-16 1 0 -9.16025580753176E-16 1 0 -9.16025580753176E-16 1 0 -9.16025580753176E-16 1 0 -9.16025580753176E-16 1 0 -9.16025580753176E-16 1 0 0 0 -1 0 0 -1 0 0 -1 0 0 -1 9.16025580753176E-16 -1 0 9.16025580753176E-16 -1 0 9.16025580753176E-16 -1 0 9.16025580753176E-16 -1 0 9.16025580753176E-16 -1 0 9.16025580753176E-16 -1 0 0.965925812721252 0 -0.258819043636322 0.965925812721252 0 -0.258819043636322 0.965925812721252 0 -0.258819043636322 0.965925812721252 0 -0.258819043636322 1 0 0 1 0 0 1 0 0 1 0 0 1 0 0 1 0 0 1 0 0 1 0 0 1 0 0 1 0 0 1 0 0 1 0 0 1 0 0 1 0 0 1 0 0 1 0 0 0.965925812721252 0 -0.258819043636322 0.965925812721252 0 -0.258819043636322 0.965925812721252 0 -0.258819043636322 0.965925812721252 0 -0.258819043636322 0.965925812721252 0 -0.258819043636322 0.965925812721252 0 -0.258819043636322</float_array><technique_common><accessor count="468" source="#bau0086023263-2-mesh-normals-array" stride="3"><param name="X" type="float" /><param name="Y" type="float" /><param name="Z" type="float" /></accessor></technique_common></source><vertices id="bau0086023263-2-mesh-vertices"><input semantic="POSITION" source="#bau0086023263-2-mesh-positions" /></vertices><triangles count="352" material="__5-ks-dunkelgrau-material"><input offset="0" semantic="VERTEX" source="#bau0086023263-2-mesh-vertices" /><input offset="1" semantic="NORMAL" source="#bau0086023263-2-mesh-normals" /><p>0 0 1 1 2 2 3 3 4 4 5 5 6 6 7 7 8 8 9 9 10 10 7 7 11 11 12 12 13 13 14 14 4 4 7 7 15 15 16 16 17 17 18 18 19 19 20 20 21 21 20 20 22 22 23 23 21 21 24 24 25 25 21 21 26 26 26 26 5 5 27 27 28 28 14 14 10 10 19 19 29 29 28 28 20 20 21 21 18 18 16 16 15 15 30 30 4 4 3 3 31 31 21 21 23 23 32 32 5 5 26 26 21 21 28 28 10 10 15 15 14 14 28 28 29 29 33 33 19 19 34 34 35 35 19 19 36 36 19 19 18 18 37 37 16 16 30 30 38 38 30 30 10 10 39 39 2 2 40 40 0 0 41 41 42 42 43 43 12 12 11 11 44 44 5 5 4 4 27 27 21 21 25 25 24 24 29 29 19 19 33 33 19 19 37 37 36 36 10 10 30 30 15 15 42 42 41 41 40 40 38 38 41 41 43 43 45 45 1 1 46 46 13 13 12 12 47 47 48 48 47 47 6 6 21 21 32 32 18 18 19 19 35 35 34 34 49 49 50 50 51 51 19 19 49 49 51 51 17 17 16 16 49 49 41 41 38 38 30 30 1 1 0 0 9 9 46 46 1 1 9 9 47 47 48 48 13 13 48 48 8 8 52 52 4 4 14 14 27 27 49 49 19 19 28 28 40 40 2 2 42 42 1 1 45 45 53 53 8 8 48 48 6 6 7 7 6 6 9 9 14 14 7 7 10 10 10 10 9 9 0 0 50 50 49 49 16 16 54 54 55 55 56 56 55 55 57 57 58 58 57 57 55 55 54 54 59 59 60 60 61 61 60 60 59 59 62 62 63 63 64 64 65 65 64 64 63 63 66 66 67 67 68 68 69 69 70 70 67 67 71 71 68 68 67 67 70 70 72 72 73 73 74 74 73 73 72 72 75 75 76 76 72 72 77 77 72 72 76 76 75 75 78 78 79 79 80 80 79 79 78 78 81 81 82 82 83 83 84 84 85 85 86 86 87 87 88 88 89 89 90 90 91 91 92 92 85 85 93 93 94 94 95 95 96 96 85 85 87 87 97 97 96 96 98 98 99 99 97 97 100 100 92 92 91 91 88 88 85 85 96 96 93 93 98 98 96 96 87 87 88 88 90 90 92 92 97 97 101 101 96 96 93 93 95 95 85 85 82 82 84 84 87 87 87 87 86 86 82 82 102 102 103 103 94 94 86 86 85 85 92 92 89 89 88 88 104 104 82 82 105 105 83 83 101 101 97 97 99 99 94 94 106 106 102 102 105 105 107 107 108 108 106 106 94 94 93 93 103 103 102 102 109 109 110 110 105 105 82 82 105 105 110 110 107 107 111 111 112 112 113 113 114 114 115 115 116 116 112 112 115 115 114 114 115 115 112 112 111 111 117 117 118 118 119 119 117 117 120 120 121 121 118 118 117 117 122 122 120 120 117 117 119 119 123 123 124 124 125 125 126 126 127 127 128 128 128 128 129 129 130 130 130 130 131 131 128 128 125 125 124 124 132 132 128 128 133 133 129 129 134 134 131 131 135 135 131 131 130 130 135 135 128 128 127 127 133 133 136 136 131 131 134 134 127 127 137 137 138 138 124 124 131 131 136 136 127 127 126 126 137 137 124 124 123 123 131 131 139 139 140 140 141 141 140 140 139 139 142 142 143 143 139 139 144 144 139 139 143 143 142 142 145 145 146 146 147 147 147 147 148 148 149 149 149 149 150 150 151 151 151 151 152 152 153 153 153 153 154 154 155 155 155 155 156 156 157 157 156 156 155 155 154 154 154 154 153 153 152 152 152 152 151 151 150 150 150 150 149 149 148 148 148 148 147 147 146 146 146 146 145 145 158 158 159 159 160 160 161 161 160 160 159 159 162 162 161 161 160 160 163 163 164 164 165 165 166 166 167 167 168 168 169 169 170 170 171 171 167 167 172 172 173 173 174 174 174 174 173 173 170 170 165 165 164 164 175 175 175 175 164 164 172 172 176 176 177 177 166 166 178 178 169 169 168 168 168 168 167 167 171 171 171 171 170 170 173 173 173 173 172 172 164 164 169 169 178 178 179 179 177 177 176 176 180 180 165 165 176 176 166 166 176 176 165 165 181 181 182 182 183 183 184 184 184 184 185 185 186 186 186 186 187 187 188 188 188 188 189 189 190 190 190 190 191 191 192 192 191 191 190 190 189 189 189 189 188 188 187 187 187 187 186 186 185 185 185 185 184 184 183 183 183 183 182 182 193 193 193 193 194 194 195 195 194 194 193 193 182 182 196 196 197 197 198 198 198 198 199 199 200 200 200 200 201 201 202 202 202 202 203 203 204 204 205 205 206 206 196 196 207 207 204 204 203 203 203 203 202 202 201 201 201 201 200 200 199 199 199 199 198 198 197 197 204 204 207 207 208 208 206 206 205 205 209 209 197 197 196 196 206 206 210 210 211 211 212 212 213 213 214 214 215 215 216 216 217 217 218 218 218 218 219 219 220 220 220 220 221 221 222 222 222 222 223 223 224 224 224 224 225 225 226 226 226 226 227 227 228 228 228 228 215 215 214 214 214 214 213 213 229 229 215 215 228 228 227 227 227 227 226 226 225 225 225 225 224 224 223 223 223 223 222 222 221 221 221 221 220 220 219 219 219 219 218 218 217 217 217 217 216 216 230 230 231 231 232 232 233 233 229 229 233 233 232 232 232 232 231 231 210 210 233 233 229 229 213 213 212 212 234 234 235 235 235 235 236 236 237 237 236 236 235 235 234 234 234 234 212 212 211 211 211 211 210 210 231 231 238 238 239 239 240 240 241 241 242 242 243 243 242 242 241 241 238 238 238 238 244 244 242 242 245 245 246 246 247 247 244 244 238 238 240 240 247 247 248 248 249 249 239 239 238 238 247 247 248 248 247 247 238 238 247 247 250 250 245 245 250 250 247 247 249 249 246 246 245 245 251 251 252 252 253 253 254 254 253 253 252 252 255 255 256 256 257 257 258 258 257 257 256 256 259 259 256 256 258 258 260 260 261 261 262 262 263 263 262 262 261 261 264 264 265 265 266 266 267 267 268 268 266 266 269 269 270 270 271 271 272 272 273 273 274 274 275 275 267 267 276 276 277 277 271 271 270 270 265 265 278 278 279 279 280 280 278 278 281 281 279 279 278 278 270 270 282 282 283 283 284 284 285 285 282 282 281 281 278 278 284 284 283 283 286 286 273 273 284 284 287 287 284 284 273 273 285 285 288 288 274 274 287 287 274 274 288 288 289 289 274 274 273 273 287 287 290 290 267 267 277 277 266 266 268 268 276 276 265 265 270 270 266 266 281 281 282 282 291 291 270 270 278 278 266 266 267 267 290 290 292 292 285 285 279 279 281 281 276 276 267 267 266 266 279 279 285 285 273 273 293 293 294 294 295 295 296 296 294 294 297 297 298 298 294 294 299 299 297 297 298 298 300 300 301 301 293 293 302 302 293 293 301 301 294 294 294 294 303 303 295 295 294 294 298 298 297 297 294 294 296 296 303 303 304 304 305 305 306 306 305 305 304 304 307 307 308 308 309 309 310 310 309 309 308 308 311 311 312 312 313 313 314 314 313 313 312 312 315 315 316 316 317 317 318 318 317 317 316 316 319 319 320 320 321 321 322 322 321 321 320 320 323 323 324 324 325 325 326 326 325 325 324 324 327 327 328 328 329 329 330 330 329 329 328 328 331 331 332 332 333 333 334 334 333 333 332 332 335 335 336 336 337 337 338 338 337 337 336 336 339 339 340 340 341 341 342 342 341 341 340 340 343 343 344 344 345 345 346 346 345 345 344 344 347 347 348 348 349 349 350 350 351 351 349 349 352 352 349 349 351 351 353 353 349 349 348 348 352 352 354 354 355 355 356 356 355 355 354 354 357 357 358 358 359 359 360 360 359 359 358 358 361 361 362 362 363 363 364 364 363 363 362 362 365 365 366 366 367 367 368 368 367 367 366 366 369 369 370 370 371 371 372 372 371 371 370 370 373 373 374 374 375 375 376 376 375 375 374 374 377 377 378 378 379 379 380 380 379 379 378 378 381 381 382 382 383 383 384 384 383 383 382 382 385 385 386 386 387 387 388 388 387 387 386 386 389 389 390 390 391 391 392 392 391 391 390 390 393 393 394 394 395 395 396 396 395 395 394 394 397 397 398 398 399 399 400 400 399 399 398 398 401 401 402 402 403 403 404 404 403 403 402 402 405 405 406 406 407 407 408 408 407 407 406 406 409 409 410 410 411 411 412 412 411 411 410 410 413 413 414 414 415 415 416 416 415 415 414 414 417 417 418 418 419 419 420 420 419 419 418 418 421 421 422 422 423 423 424 424 423 423 422 422 425 425 426 426 427 427 428 428 429 429 430 430 431 431 430 430 429 429 427 427 427 427 426 426 430 430 432 432 433 433 434 434 433 433 432 432 435 435 436 436 437 437 438 438 438 438 439 439 440 440 439 439 438 438 437 437 437 437 436 436 441 441 442 442 443 443 444 444 443 443 442 442 445 445 446 446 447 447 448 448 447 447 446 446 449 449 450 450 451 451 452 452 453 453 450 450 454 454 455 455 456 456 450 450 454 454 450 450 457 457 450 450 452 452 457 457 458 458 459 459 460 460 450 450 453 453 459 459 456 456 455 455 461 461 451 451 450 450 456 456 459 459 458 458 450 450 462 462 463 463 464 464 463 463 462 462 465 465 466 466 463 463 467 467 463 463 466 466 464 464</p></triangles></mesh></geometry></library_geometries><library_visual_scenes><visual_scene id="VisualSceneNode" name="VisualSceneNode"><node id="Main-Component-Node1" name="bau0086057622"><node id="bau0025781348-1" name="bau0025781348-1"><matrix sid="transform">1 0 0 0 0 1 0 0 0 0 1 0 0 0 0 1</matrix><instance_geometry url="#bau0025781348-1-mesh" name="bau0025781348-1"><bind_material><technique_common><instance_material symbol="ZincPlated-material" target="#ZincPlated-material" /><instance_material symbol="__5-ks-dunkelgrau-material" target="#__5-ks-dunkelgrau-material" /></technique_common></bind_material></instance_geometry></node><node id="bau0086023263-2" name="bau0086023263-2"><matrix sid="transform">1 0 0 -9.89999999999706 0 1 0 0 0 0 1 -24.84 0 0 0 1</matrix><instance_geometry url="#bau0086023263-2-mesh" name="bau0086023263-2"><bind_material><technique_common><instance_material symbol="__5-ks-dunkelgrau-material" target="#__5-ks-dunkelgrau-material" /></technique_common></bind_material></instance_geometry></node></node></visual_scene></library_visual_scenes><scene><instance_visual_scene url="#VisualSceneNode" /></scene></COLLADA>