<?xml version="1.0" encoding="utf-8"?><COLLADA xmlns:xsd="http://www.w3.org/2001/XMLSchema" xmlns:xsi="http://www.w3.org/2001/XMLSchema-instance" version="1.4.1" xmlns="http://www.collada.org/2005/11/COLLADASchema"><asset><contributor><author>bau05662</author><authoring_tool>Blum.Cape.SolidWorks.Export.Collada 25.0.0.0</authoring_tool></contributor><created>0001-01-01T00:00:00</created><modified>2026-02-23T08:20:28.4719161+01:00</modified><unit meter="0.001" name="millimeter" /></asset><library_effects><effect id="zincplated-effect"><profile_COMMON><technique sid="common"><phong><emission><color sid="emission">0 0 0 0</color></emission><ambient><color sid="ambient">0.408975652376015 0.419604810831399 0.486751175550744 1</color></ambient><diffuse><color sid="diffuse">0.408975652376015 0.419604810831399 0.486751175550744 1</color></diffuse><specular><color sid="specular">0.991136764316137 0.991136764316137 0.991136764316137 1</color></specular><shininess><float sid="shininess">0.1</float></shininess><reflective><color sid="reflective">1 1 1 1</color></reflective><reflectivity><float sid="reflectivity">1</float></reflectivity><transparent><color>1 1 1 1</color></transparent><transparency><float sid="transparency">1</float></transparency><index_of_refraction><float sid="index_of_refraction">1</float></index_of_refraction></phong></technique></profile_COMMON></effect><effect id="silkwhitematt-effect"><profile_COMMON><technique sid="common"><phong><emission><color sid="emission">0 0 0 0</color></emission><ambient><color sid="ambient">0.863669004656513 0.863669004656513 0.815527082421169 1</color></ambient><diffuse><color sid="diffuse">0.863669004656513 0.863669004656513 0.815527082421169 1</color></diffuse><specular><color sid="specular">0.991136764316137 0.991136764316137 0.991136764316137 1</color></specular><shininess><float sid="shininess">0.1</float></shininess><reflective><color sid="reflective">1 1 1 1</color></reflective><reflectivity><float sid="reflectivity">0</float></reflectivity><transparent><color>1 1 1 1</color></transparent><transparency><float sid="transparency">1</float></transparency><index_of_refraction><float sid="index_of_refraction">1</float></index_of_refraction></phong></technique></profile_COMMON></effect></library_effects><library_materials><material id="zincplated-material" name="zincplated"><instance_effect url="#zincplated-effect" /></material><material id="silkwhitematt-material" name="silkwhitematt"><instance_effect url="#silkwhitematt-effect" /></material></library_materials><library_geometries><geometry id="bau0026152251-mesh" name="bau0026152251"><mesh><source id="bau0026152251-mesh-positions"><float_array id="bau0026152251-mesh-positions-array" count="6561">11.400000192225 -11.0153211280704 -361.449986696243 11.9000002741814 -12.1499998494983 -362.584680318832 11.400000192225 -12.1499998494983 -362.584680318832 11.9000002741814 -13.7000000104308 -363.000005483627 11.400000192225 -13.7000000104308 -363.000005483627 11.9000002741814 -15.2500001713634 -362.584680318832 11.400000192225 -15.2500001713634 -362.584680318832 11.9000002741814 -16.3846779614687 -361.449986696243 11.400000192225 -16.3846779614687 -361.449986696243 11.9000002741814 -16.7999994009733 -359.899997711182 11.400000192225 -16.7999994009733 -359.899997711182 11.9000002741814 -16.3846779614687 -358.35000872612 11.400000192225 -16.3846779614687 -358.35000872612 11.9000002741814 -15.2500001713634 -357.215315103531 11.400000192225 -15.2500001713634 -357.215315103531 11.9000002741814 -13.7000000104308 -356.799989938736 11.400000192225 -13.7000000104308 -356.799989938736 11.9000002741814 -12.1499998494983 -357.215315103531 11.400000192225 -12.1499998494983 -357.215315103531 11.9000002741814 -11.0153211280704 -358.35000872612 11.400000192225 -11.0153211280704 -358.35000872612 11.9000002741814 -10.5999996885657 -359.899997711182 11.400000192225 -10.5999996885657 -359.899997711182 11.9000002741814 -11.0153211280704 -361.449986696243 11.400000192225 -10.5999996885657 -373.89999628067 11.9000002741814 -11.0153211280704 -375.449985265732 11.400000192225 -11.0153211280704 -375.449985265732 11.9000002741814 -12.1499998494983 -376.584678888321 11.400000192225 -12.1499998494983 -376.584678888321 11.9000002741814 -13.7000000104308 -377.000004053116 11.400000192225 -13.7000000104308 -377.000004053116 11.9000002741814 -15.2500001713634 -376.584678888321 11.400000192225 -15.2500001713634 -376.584678888321 11.9000002741814 -16.3846779614687 -375.449985265732 11.400000192225 -16.3846779614687 -375.449985265732 11.9000002741814 -16.7999994009733 -373.89999628067 11.400000192225 -16.7999994009733 -373.89999628067 11.9000002741814 -16.3846779614687 -372.350007295609 11.400000192225 -16.3846779614687 -372.350007295609 11.9000002741814 -15.2500001713634 -371.215313673019 11.400000192225 -15.2500001713634 -371.215313673019 11.9000002741814 -13.7000000104308 -370.799988508224 11.400000192225 -13.7000000104308 -370.799988508224 11.9000002741814 -12.1499998494983 -371.215313673019 11.400000192225 -12.1499998494983 -371.215313673019 11.9000002741814 -11.0153211280704 -372.350007295609 11.400000192225 -11.0153211280704 -372.350007295609 11.9000002741814 -10.5999996885657 -373.89999628067 11.9000002741814 -11.0153211280704 -65.4499977827072 11.400000192225 -10.5999996885657 -63.900001347065 11.9000002741814 -10.5999996885657 -63.900001347065 11.400000192225 -11.0153211280704 -65.4499977827072 11.9000002741814 -12.1499998494983 -66.5846765041351 11.400000192225 -12.1499998494983 -66.5846765041351 11.9000002741814 -13.7000000104308 -67.0000016689301 11.400000192225 -13.7000000104308 -67.0000016689301 11.9000002741814 -15.2500001713634 -66.5846765041351 11.400000192225 -15.2500001713634 -66.5846765041351 11.9000002741814 -16.3846779614687 -65.4499977827072 11.400000192225 -16.3846779614687 -65.4499977827072 11.9000002741814 -16.7999994009733 -63.900001347065 11.400000192225 -16.7999994009733 -63.900001347065 11.9000002741814 -16.3846779614687 -62.3500011861324 11.400000192225 -16.3846779614687 -62.3500011861324 11.9000002741814 -15.2500001713634 -61.2153224647045 11.400000192225 -15.2500001713634 -61.2153224647045 11.9000002741814 -13.7000000104308 -60.8000010251999 11.400000192225 -13.7000000104308 -60.8000010251999 11.9000002741814 -12.1499998494983 -61.2153224647045 11.400000192225 -12.1499998494983 -61.2153224647045 11.9000002741814 -11.0153211280704 -62.3500011861324 11.400000192225 -11.0153211280704 -62.3500011861324 11.400000192225 -10.5999996885657 -49.8999990522861 11.9000002741814 -11.0153211280704 -51.4499992132187 11.400000192225 -11.0153211280704 -51.4499992132187 11.9000002741814 -12.1499998494983 -52.5846779346466 11.400000192225 -12.1499998494983 -52.5846779346466 11.9000002741814 -13.7000000104308 -52.9999993741512 11.400000192225 -13.7000000104308 -52.9999993741512 11.9000002741814 -15.2500001713634 -52.5846779346466 11.400000192225 -15.2500001713634 -52.5846779346466 11.9000002741814 -16.3846779614687 -51.4499992132187 11.400000192225 -16.3846779614687 -51.4499992132187 11.9000002741814 -16.7999994009733 -49.8999990522861 11.400000192225 -16.7999994009733 -49.8999990522861 11.9000002741814 -16.3846779614687 -48.3499988913536 11.400000192225 -16.3846779614687 -48.3499988913536 11.400000192225 -15.2500001713634 -47.2153201699257 11.9000002741814 -13.7000000104308 -46.7999987304211 11.400000192225 -13.7000000104308 -46.7999987304211 11.9000002741814 -12.1499998494983 -47.2153201699257 11.400000192225 -12.1499998494983 -47.2153201699257 11.9000002741814 -11.0153211280704 -48.3499988913536 11.400000192225 -11.0153211280704 -48.3499988913536 11.9000002741814 -10.5999996885657 -49.8999990522861 11.9000002741814 -15.2500001713634 -47.2153201699257 11.9000002741814 -13.7000000104308 -172.800004482269 11.400000192225 -15.2500001713634 -173.215314745903 11.9000002741814 -15.2500001713634 -173.215314745903 11.400000192225 -16.3846779614687 -174.349993467331 11.9000002741814 -16.3846779614687 -174.349993467331 11.400000192225 -16.7999994009733 -175.899997353554 11.9000002741814 -16.7999994009733 -175.899997353554 11.400000192225 -16.3846779614687 -177.450001239777 11.9000002741814 -16.3846779614687 -177.450001239777 11.400000192225 -15.2500001713634 -178.584679961205 11.9000002741814 -15.2500001713634 -178.584679961205 11.400000192225 -13.7000000104308 -179.000005125999 11.9000002741814 -13.7000000104308 -179.000005125999 11.400000192225 -12.1499998494983 -178.584679961205 11.9000002741814 -12.1499998494983 -178.584679961205 11.400000192225 -11.0153211280704 -177.450001239777 11.9000002741814 -11.0153211280704 -177.450001239777 11.400000192225 -10.5999996885657 -175.899997353554 11.9000002741814 -10.5999996885657 -175.899997353554 11.9000002741814 -12.1499998494983 -173.215314745903 11.400000192225 -13.7000000104308 -172.800004482269 11.9000002741814 -11.0153211280704 -174.349993467331 11.400000192225 -12.1499998494983 -173.215314745903 11.400000192225 -11.0153211280704 -174.349993467331 11.9000002741814 -13.7000000104308 -186.800003051758 11.400000192225 -15.2500001713634 -187.215328216553 11.9000002741814 -15.2500001713634 -187.215328216553 11.400000192225 -16.3846779614687 -188.350006937981 11.9000002741814 -16.3846779614687 -188.350006937981 11.400000192225 -16.7999994009733 -189.899995923042 11.9000002741814 -16.7999994009733 -189.899995923042 11.400000192225 -16.3846779614687 -191.449999809265 11.9000002741814 -16.3846779614687 -191.449999809265 11.9000002741814 -12.1499998494983 -187.215328216553 11.400000192225 -13.7000000104308 -186.800003051758 11.9000002741814 -15.2500001713634 -192.584678530693 11.400000192225 -13.7000000104308 -193.000003695488 11.9000002741814 -13.7000000104308 -193.000003695488 11.400000192225 -12.1499998494983 -192.584678530693 11.9000002741814 -12.1499998494983 -192.584678530693 11.400000192225 -11.0153211280704 -191.449999809265 11.9000002741814 -11.0153211280704 -191.449999809265 11.400000192225 -10.5999996885657 -189.899995923042 11.9000002741814 -10.5999996885657 -189.899995923042 11.9000002741814 -11.0153211280704 -188.350006937981 11.400000192225 -12.1499998494983 -187.215328216553 11.400000192225 -11.0153211280704 -188.350006937981 11.400000192225 -15.2500001713634 -192.584678530693 11.5000000223517 213.799998164177 -438.899993896484 15.3999999165535 213.799998164177 -436.899989843369 11.5000000223517 213.799998164177 -436.899989843369 15.3999999165535 213.799998164177 -452.800005674362 11.5000000223517 213.799998164177 -452.800005674362 11.400000192225 -8.24999995529652 -56.8999983370304 11.400000192225 -6.69999979436398 -119.9000030756 11.400000192225 -6.69999979436398 -56.8999983370304 11.400000192225 -8.24999995529652 -4.90000005811453 11.400000192225 -6.69999979436398 -4.90000005811453 11.400000192225 -6.69999979436398 36.1000001430511 11.400000192225 -5.9000002220273 37.0000004768372 11.400000192225 -8.24999995529652 37.0000004768372 11.400000192225 -5.9000002220273 36.1000001430511 11.400000192225 -8.24999995529652 -119.9000030756 11.400000192225 -6.69999979436398 -182.899996638298 11.400000192225 -8.24999995529652 -182.899996638298 11.400000192225 -6.69999979436398 -274.899989366531 11.400000192225 -8.24999995529652 -274.899989366531 11.400000192225 -6.69999979436398 -366.899996995926 11.400000192225 -8.24999995529652 -366.899996995926 11.400000192225 -9.20000020414591 -409.249991178513 11.400000192225 -16.3846779614687 -375.449985265732 11.400000192225 -16.7999994009733 -373.89999628067 11.400000192225 -6.69999979436398 -440.400004386902 11.400000192225 -8.24999995529652 -431.349992752075 11.400000192225 -8.24999995529652 -440.400004386902 11.400000192225 -10.5999996885657 -359.899997711182 11.400000192225 -11.0153211280704 -188.350006937981 11.400000192225 -10.5999996885657 -189.899995923042 11.400000192225 -10.5999996885657 -175.899997353554 11.400000192225 -11.0153211280704 -62.3500011861324 11.400000192225 -10.5999996885657 -63.900001347065 11.400000192225 -10.5999996885657 -49.8999990522861 11.400000192225 -17.5999999046326 37.0000004768372 11.400000192225 -17.5999999046326 -4.90000005811453 11.400000192225 -15.2500001713634 -371.215313673019 11.400000192225 -17.5999999046326 -366.899996995926 11.400000192225 -16.3846779614687 -372.350007295609 11.400000192225 -13.7000000104308 -370.799988508224 11.400000192225 -12.1499998494983 -371.215313673019 11.400000192225 -10.5999996885657 -373.89999628067 11.400000192225 -8.24999995529652 -409.249991178513 11.400000192225 -12.1499998494983 -376.584678888321 11.400000192225 -11.0153211280704 -375.449985265732 11.400000192225 -6.69999979436398 -409.249991178513 11.400000192225 -9.20000020414591 -431.349992752075 11.400000192225 -17.5999999046326 -440.400004386902 11.400000192225 -11.0153211280704 -372.350007295609 11.400000192225 -15.2500001713634 -376.584678888321 11.400000192225 -13.7000000104308 -377.000004053116 11.400000192225 -6.69999979436398 -431.349992752075 11.400000192225 -17.5999999046326 -274.899989366531 11.400000192225 -15.2500001713634 -357.215315103531 11.400000192225 -13.7000000104308 -356.799989938736 11.400000192225 -13.7000000104308 -363.000005483627 11.400000192225 -12.1499998494983 -357.215315103531 11.400000192225 -11.0153211280704 -358.35000872612 11.400000192225 -11.0153211280704 -361.449986696243 11.400000192225 -16.7999994009733 -359.899997711182 11.400000192225 -16.3846779614687 -358.35000872612 11.400000192225 -12.1499998494983 -362.584680318832 11.400000192225 -16.7999994009733 -49.8999990522861 11.400000192225 -17.5999999046326 -56.8999983370304 11.400000192225 -13.7000000104308 -46.7999987304211 11.400000192225 -15.2500001713634 -47.2153201699257 11.400000192225 -16.3846779614687 -48.3499988913536 11.400000192225 -16.3846779614687 -51.4499992132187 11.400000192225 -11.0153211280704 -48.3499988913536 11.400000192225 -12.1499998494983 -47.2153201699257 11.400000192225 -15.2500001713634 -52.5846779346466 11.400000192225 -13.7000000104308 -52.9999993741512 11.400000192225 -12.1499998494983 -52.5846779346466 11.400000192225 -11.0153211280704 -51.4499992132187 11.400000192225 -16.3846779614687 -62.3500011861324 11.400000192225 -16.7999994009733 -63.900001347065 11.400000192225 -17.5999999046326 -119.9000030756 11.400000192225 -16.3846779614687 -65.4499977827072 11.400000192225 -13.7000000104308 -67.0000016689301 11.400000192225 -12.1499998494983 -66.5846765041351 11.400000192225 -15.2500001713634 -66.5846765041351 11.400000192225 -11.0153211280704 -65.4499977827072 11.400000192225 -13.7000000104308 -60.8000010251999 11.400000192225 -15.2500001713634 -61.2153224647045 11.400000192225 -12.1499998494983 -61.2153224647045 11.400000192225 -11.0153211280704 -174.349993467331 11.400000192225 -13.7000000104308 -172.800004482269 11.400000192225 -16.7999994009733 -175.899997353554 11.400000192225 -17.5999999046326 -182.899996638298 11.400000192225 -12.1499998494983 -173.215314745903 11.400000192225 -15.2500001713634 -173.215314745903 11.400000192225 -16.3846779614687 -174.349993467331 11.400000192225 -16.3846779614687 -177.450001239777 11.400000192225 -15.2500001713634 -178.584679961205 11.400000192225 -13.7000000104308 -179.000005125999 11.400000192225 -12.1499998494983 -178.584679961205 11.400000192225 -15.2500001713634 -362.584680318832 11.400000192225 -16.3846779614687 -361.449986696243 11.400000192225 -11.0153211280704 -177.450001239777 11.400000192225 -16.7999994009733 -189.899995923042 11.400000192225 -16.3846779614687 -191.449999809265 11.400000192225 -13.7000000104308 -186.800003051758 11.400000192225 -12.1499998494983 -187.215328216553 11.400000192225 -15.2500001713634 -187.215328216553 11.400000192225 -15.2500001713634 -192.584678530693 11.400000192225 -16.3846779614687 -188.350006937981 11.400000192225 -13.7000000104308 -193.000003695488 11.400000192225 -12.1499998494983 -192.584678530693 11.400000192225 -11.0153211280704 -191.449999809265 11.400000192225 213.799998164177 -452.800005674362 11.400000192225 214.399993419647 -453.000009059906 11.400000192225 214.399993419647 -452.800005674362 11.400000192225 213.799998164177 -453.000009059906 54.4999986886978 -5.9000002220273 36.1000001430511 17.000000923872 -5.9000002220273 -436.899989843369 17.000000923872 -5.9000002220273 36.1000001430511 11.5000000223517 -5.9000002220273 -438.899993896484 54.4999986886978 -5.9000002220273 -440.400004386902 11.5000000223517 -5.9000002220273 -440.400004386902 11.5000000223517 -5.9000002220273 -436.899989843369 53.8497939705849 -15.0058260187507 -440.400004386902 54.4999986886978 -13.8999996706843 -440.400004386902 54.2646534740925 -15.4720386490226 -440.400004386902 54.8489764332771 -15.6911984086037 -440.400004386902 55.4681047797203 -15.6127978116274 -440.400004386902 55.9793561697006 -15.2549063786864 -440.400004386902 56.2649108469486 -14.7000001743436 -440.400004386902 70.8750635385513 -13.8999996706843 -440.400004386902 70.7340016961098 -14.7000001743436 -440.400004386902 72.4999979138374 -14.4914295524359 -440.400004386902 72.226382791996 -15.2431838214397 -440.400004386902 53.7000000476837 -6.69999979436398 -440.400004386902 11.5000000223517 -5.9000002220273 -440.400004386902 54.4999986886978 -5.9000002220273 -440.400004386902 53.7000000476837 -14.3999997526407 -440.400004386902 11.5000000223517 -6.69999979436398 -440.400004386902 53.7000000476837 -6.69999979436398 36.1000001430511 34.000001847744 -6.69999979436398 5.84999984130263 53.7000000476837 -6.69999979436398 -440.400004386902 28.5999998450279 -6.69999979436398 -413.199990987778 15.8500000834465 -6.69999979436398 -409.249991178513 15.8500000834465 -6.69999979436398 -413.199990987778 28.5999998450279 -6.69999979436398 -427.39999294281 11.400000192225 -6.69999979436398 -366.899996995926 11.400000192225 -6.69999979436398 -409.249991178513 11.400000192225 -6.69999979436398 -4.90000005811453 25.000000372529 -6.69999979436398 24.550000205636 11.400000192225 -6.69999979436398 36.1000001430511 15.8500000834465 -6.69999979436398 -431.349992752075 15.8500000834465 -6.69999979436398 -427.39999294281 11.5000000223517 -6.69999979436398 -440.400004386902 11.400000192225 -6.69999979436398 -431.349992752075 25.000000372529 -6.69999979436398 5.84999984130263 34.000001847744 -6.69999979436398 24.550000205636 11.400000192225 -6.69999979436398 -440.400004386902 11.400000192225 -6.69999979436398 -56.8999983370304 11.400000192225 -6.69999979436398 -119.9000030756 11.400000192225 -6.69999979436398 -182.899996638298 11.400000192225 -6.69999979436398 -274.899989366531 11.3371983170509 -17.9487969726324 -448.500007390976 11.1566800624132 -18.2537846267223 37.0000004768372 11.1566800624132 -18.2537846267223 -448.500007390976 11.400000192225 -17.5999999046326 -56.8999983370304 11.3371983170509 -17.9487969726324 37.0000004768372 11.400000192225 -17.5999999046326 -119.9000030756 11.400000192225 -17.5999999046326 -4.90000005811453 11.400000192225 -17.5999999046326 -182.899996638298 11.400000192225 -17.5999999046326 -274.899989366531 11.400000192225 -17.5999999046326 -366.899996995926 11.400000192225 -17.5999999046326 37.0000004768372 11.400000192225 -17.5999999046326 -440.400004386902 11.400000192225 -17.5999999046326 -448.500007390976 10.881120339036 -18.4766538441181 37.0000004768372 10.881120339036 -18.4766538441181 -448.500007390976 11.400000192225 -5.9000002220273 37.0000004768372 17.000000923872 -5.9000002220273 36.1000001430511 17.000000923872 -5.9000002220273 37.0000004768372 11.400000192225 -5.9000002220273 36.1000001430511 7.49999983236194 -25.9949993342161 37.0000004768372 8.70999973267317 -25.9949993342161 37.0000004768372 8.70999973267317 -23.0000000447035 37.0000004768372 18.2499997317791 157.000005245209 37.0000004768372 16.0000007599592 13.0000002682209 37.0000004768372 18.2499997317791 2.49999994412065 37.0000004768372 7.49999983236194 -11.7124356329441 37.0000004768372 11.400000192225 -17.5999999046326 37.0000004768372 7.57839949801564 -11.2678091973066 37.0000004768372 17.000000923872 2.49999994412065 37.0000004768372 13.0000002682209 11.2679488956928 37.0000004768372 12.2679490596056 12.0000001043081 37.0000004768372 15.7320499420166 46.000000089407 37.0000004768372 14.9999996647239 46.7320494353771 37.0000004768372 20.5000005662441 213.300004601479 37.0000004768372 19.4000005722046 214.399993419647 37.0000004768372 18.2499997317791 214.399993419647 37.0000004768372 10.881120339036 -18.4766538441181 37.0000004768372 12.2679490596056 206.000000238419 37.0000004768372 8.500000461936 207.300007343292 37.0000004768372 12.0000001043081 204.999998211861 37.0000004768372 12.2679490596056 172.000005841255 37.0000004768372 7.49999983236194 157.000005245209 37.0000004768372 13.0000002682209 171.267956495285 37.0000004768372 8.500000461936 207.295447587967 37.0000004768372 12.0000001043081 172.999992966652 37.0000004768372 12.2679490596056 173.99999499321 37.0000004768372 13.0000002682209 203.267946839333 37.0000004768372 14.0000004321337 174.999997019768 37.0000004768372 14.0000004321337 202.999994158745 37.0000004768372 14.9999996647239 203.267946839333 37.0000004768372 13.0000002682209 174.73204433918 37.0000004768372 20.5000005662441 2.49999994412065 37.0000004768372 15.7320499420166 12.0000001043081 37.0000004768372 20.5000005662441 157.000005245209 37.0000004768372 19.9500005692244 214.25262093544 37.0000004768372 20.352628082037 213.850006461143 37.0000004768372 14.0000004321337 207.000002264977 37.0000004768372 8.60000029206276 214.399993419647 37.0000004768372 13.0000002682209 206.732049584389 37.0000004768372 7.63397477567196 207.800000905991 37.0000004768372 8.00000037997961 207.433968782425 37.0000004768372 8.62894579768181 -26.2975003570318 37.0000004768372 9.87831875681877 -23.0000000447035 37.0000004768372 11.400000192225 -8.24999995529652 37.0000004768372 8.19781515747309 -10.4792090132833 37.0000004768372 8.19781515747309 -10.5207907035947 37.0000004768372 12.0000001043081 13.0000002682209 37.0000004768372 14.9999996647239 43.2679504156113 37.0000004768372 14.0000004321337 43.0000014603138 37.0000004768372 15.7320499420166 43.9999997615814 37.0000004768372 15.7320499420166 142.000004649162 37.0000004768372 16.0000007599592 141.000002622604 37.0000004768372 14.9999996647239 11.2679488956928 37.0000004768372 8.40749964118004 -26.5189446508884 37.0000004768372 7.80249992385507 -26.5189446508884 37.0000004768372 8.10499954968691 -26.5999995172024 37.0000004768372 8.1809014081955 -10.4412212967873 37.0000004768372 8.1809014081955 -10.5587784200907 37.0000004768372 16.0000007599592 45.0000017881393 37.0000004768372 12.2679490596056 46.000000089407 37.0000004768372 13.0000002682209 46.7320494353771 37.0000004768372 14.0000004321337 10.9999999403954 37.0000004768372 7.58105469867587 -26.2975003570318 37.0000004768372 12.2679490596056 203.999996185303 37.0000004768372 16.0000007599592 172.999992966652 37.0000004768372 8.15000012516975 -10.413397103548 37.0000004768372 11.400000192225 -5.9000002220273 37.0000004768372 8.15000012516975 -10.5866026133299 37.0000004768372 7.49999983236194 206.200003623962 37.0000004768372 7.63112353160977 206.720843911171 37.0000004768372 15.7320499420166 206.000000238419 37.0000004768372 14.9999996647239 206.732049584389 37.0000004768372 7.49999983236194 208.299994468689 37.0000004768372 7.99323339015245 207.117512822151 37.0000004768372 16.0000007599592 204.999998211861 37.0000004768372 12.0000001043081 141.000002622604 37.0000004768372 12.2679490596056 140.000000596046 37.0000004768372 14.0000004321337 143.00000667572 37.0000004768372 13.0000002682209 142.732053995132 37.0000004768372 12.2679490596056 142.000004649162 37.0000004768372 13.0000002682209 139.267951250076 37.0000004768372 17.000000923872 -5.9000002220273 37.0000004768372 7.8041423112154 -10.1231886073947 37.0000004768372 7.57839949801564 -9.7321905195713 37.0000004768372 15.7320499420166 14.0000004321337 37.0000004768372 14.9999996647239 14.7320507094264 37.0000004768372 14.0000004321337 138.999998569489 37.0000004768372 14.0000004321337 46.9999983906746 37.0000004768372 14.9999996647239 139.267951250076 37.0000004768372 12.2679490596056 43.9999997615814 37.0000004768372 11.3371983170509 -17.9487969726324 37.0000004768372 11.1566800624132 -18.2537846267223 37.0000004768372 7.49999983236194 -9.28756408393383 37.0000004768372 12.2679490596056 14.0000004321337 37.0000004768372 14.9999996647239 142.732053995132 37.0000004768372 7.6473718509078 213.850006461143 37.0000004768372 7.49999983236194 213.300004601479 37.0000004768372 15.7320499420166 172.000005841255 37.0000004768372 14.9999996647239 171.267956495285 37.0000004768372 15.7320499420166 140.000000596046 37.0000004768372 12.0000001043081 45.0000017881393 37.0000004768372 13.0000002682209 43.2679504156113 37.0000004768372 13.0000002682209 14.7320507094264 37.0000004768372 14.0000004321337 14.9999996647239 37.0000004768372 7.8041423112154 -10.8768120408058 37.0000004768372 14.0000004321337 171.000003814697 37.0000004768372 15.7320499420166 173.99999499321 37.0000004768372 14.9999996647239 174.73204433918 37.0000004768372 8.05000029504299 214.25262093544 37.0000004768372 15.7320499420166 203.999996185303 37.0000004768372 72.226382791996 -15.2431838214397 -440.400004386902 72.4999979138374 -14.4914295524359 36.1000001430511 72.226382791996 -15.2431838214397 36.1000001430511 72.4999979138374 -14.4914295524359 -440.400004386902 70.8750635385513 -13.8999996706843 36.1000001430511 72.4999979138374 -14.4914295524359 -440.400004386902 70.8750635385513 -13.8999996706843 -440.400004386902 72.4999979138374 -14.4914295524359 36.1000001430511 64.4999966025352 -13.8999996706843 10.5019239708781 68.9999982714653 -13.8999996706843 -114.900000393391 63.40192258358 -13.8999996706843 11.5999998524785 68.5980767011642 -13.8999996706843 -113.399997353554 54.4999986886978 -13.8999996706843 36.1000001430511 64.4999966025352 -13.8999996706843 15.6980752944946 63.40192258358 -13.8999996706843 14.6000003442168 67.500002682209 -13.8999996706843 -112.301923334599 63.000001013279 -13.8999996706843 13.1000000983477 65.9999996423721 -13.8999996706843 16.100000590086 65.9999996423721 -13.8999996706843 10.0999996066093 64.4999966025352 -13.8999996706843 -112.301923334599 63.40192258358 -13.8999996706843 -113.399997353554 63.000001013279 -13.8999996706843 -114.900000393391 67.500002682209 -13.8999996706843 -217.301920056343 65.9999996423721 -13.8999996706843 -216.900005936623 70.8750635385513 -13.8999996706843 36.1000001430511 67.500002682209 -13.8999996706843 15.6980752944946 63.40192258358 -13.8999996706843 -358.399987220764 64.4999966025352 -13.8999996706843 -357.30192065239 65.9999996423721 -13.8999996706843 -111.900001764297 63.40192258358 -13.8999996706843 -361.400008201599 54.4999986886978 -13.8999996706843 -440.400004386902 63.000001013279 -13.8999996706843 -359.899997711182 64.4999966025352 -13.8999996706843 -362.498074769974 70.8750635385513 -13.8999996706843 -440.400004386902 65.9999996423721 -13.8999996706843 -362.899988889694 67.500002682209 -13.8999996706843 -362.498074769974 68.5980767011642 -13.8999996706843 -361.400008201599 68.9999982714653 -13.8999996706843 -219.899997115135 65.9999996423721 -13.8999996706843 -117.899999022484 67.500002682209 -13.8999996706843 -117.498077452183 63.40192258358 -13.8999996706843 -116.400003433228 64.4999966025352 -13.8999996706843 -117.498077452183 68.5980767011642 -13.8999996706843 -218.400001525879 68.9999982714653 -13.8999996706843 13.1000000983477 68.5980767011642 -13.8999996706843 14.6000003442168 64.4999966025352 -13.8999996706843 -217.301920056343 68.5980767011642 -13.8999996706843 11.5999998524785 67.500002682209 -13.8999996706843 10.5019239708781 68.5980767011642 -13.8999996706843 -116.400003433228 67.500002682209 -13.8999996706843 -357.30192065239 65.9999996423721 -13.8999996706843 -222.900003194809 67.500002682209 -13.8999996706843 -222.498074173927 64.4999966025352 -13.8999996706843 -222.498074173927 68.5980767011642 -13.8999996706843 -221.399992704391 63.40192258358 -13.8999996706843 -218.400001525879 63.000001013279 -13.8999996706843 -219.899997115135 65.9999996423721 -13.8999996706843 -356.900006532669 68.9999982714653 -13.8999996706843 -359.899997711182 68.5980767011642 -13.8999996706843 -358.399987220764 63.40192258358 -13.8999996706843 -221.399992704391 54.4999986886978 -13.8999996706843 -440.400004386902 54.4999986886978 -5.9000002220273 36.1000001430511 54.4999986886978 -13.8999996706843 36.1000001430511 54.4999986886978 -5.9000002220273 -440.400004386902 53.7000000476837 -14.3999997526407 36.1000001430511 53.7000000476837 -6.69999979436398 -440.400004386902 53.7000000476837 -14.3999997526407 -440.400004386902 53.7000000476837 -6.69999979436398 36.1000001430511 53.7000000476837 -14.3999997526407 36.1000001430511 53.8497939705849 -15.0058260187507 -440.400004386902 53.8497939705849 -15.0058260187507 36.1000001430511 53.7000000476837 -14.3999997526407 -440.400004386902 54.2646534740925 -15.4720386490226 -440.400004386902 54.2646534740925 -15.4720386490226 36.1000001430511 54.8489764332771 -15.6911984086037 -440.400004386902 55.9793561697006 -15.2549063786864 -440.400004386902 55.4681047797203 -15.6127978116274 36.1000001430511 55.4681047797203 -15.6127978116274 -440.400004386902 56.2649108469486 -14.7000001743436 -440.400004386902 55.9793561697006 -15.2549063786864 36.1000001430511 56.2649108469486 -14.7000001743436 36.1000001430511 54.8489764332771 -15.6911984086037 36.1000001430511 64.4999966025352 -14.7000001743436 -357.30192065239 67.500002682209 -14.7000001743436 -222.498074173927 63.40192258358 -14.7000001743436 -358.399987220764 65.9999996423721 -14.7000001743436 -216.900005936623 67.500002682209 -14.7000001743436 -117.498077452183 64.4999966025352 -14.7000001743436 -217.301920056343 68.5980767011642 -14.7000001743436 -218.400001525879 67.500002682209 -14.7000001743436 -217.301920056343 63.000001013279 -14.7000001743436 -359.899997711182 64.4999966025352 -14.7000001743436 -222.498074173927 56.2649108469486 -14.7000001743436 -440.400004386902 64.4999966025352 -14.7000001743436 -117.498077452183 63.000001013279 -14.7000001743436 -219.899997115135 65.9999996423721 -14.7000001743436 -117.899999022484 68.9999982714653 -14.7000001743436 -114.900000393391 70.7340016961098 -14.7000001743436 36.1000001430511 68.5980767011642 -14.7000001743436 -113.399997353554 65.9999996423721 -14.7000001743436 -222.900003194809 63.40192258358 -14.7000001743436 -221.399992704391 65.9999996423721 -14.7000001743436 -356.900006532669 68.5980767011642 -14.7000001743436 -358.399987220764 67.500002682209 -14.7000001743436 -357.30192065239 70.7340016961098 -14.7000001743436 -440.400004386902 68.9999982714653 -14.7000001743436 -359.899997711182 68.5980767011642 -14.7000001743436 -361.400008201599 67.500002682209 -14.7000001743436 -362.498074769974 68.9999982714653 -14.7000001743436 -219.899997115135 65.9999996423721 -14.7000001743436 10.0999996066093 64.4999966025352 -14.7000001743436 -112.301923334599 65.9999996423721 -14.7000001743436 -111.900001764297 63.40192258358 -14.7000001743436 -361.400008201599 67.500002682209 -14.7000001743436 -112.301923334599 65.9999996423721 -14.7000001743436 -362.899988889694 68.5980767011642 -14.7000001743436 -116.400003433228 67.500002682209 -14.7000001743436 10.5019239708781 68.9999982714653 -14.7000001743436 13.1000000983477 56.2649108469486 -14.7000001743436 36.1000001430511 65.9999996423721 -14.7000001743436 16.100000590086 63.000001013279 -14.7000001743436 -114.900000393391 63.40192258358 -14.7000001743436 -113.399997353554 68.5980767011642 -14.7000001743436 11.5999998524785 63.000001013279 -14.7000001743436 13.1000000983477 63.40192258358 -14.7000001743436 14.6000003442168 64.4999966025352 -14.7000001743436 -362.498074769974 64.4999966025352 -14.7000001743436 10.5019239708781 63.40192258358 -14.7000001743436 11.5999998524785 64.4999966025352 -14.7000001743436 15.6980752944946 63.40192258358 -14.7000001743436 -116.400003433228 63.40192258358 -14.7000001743436 -218.400001525879 68.5980767011642 -14.7000001743436 -221.399992704391 68.5980767011642 -14.7000001743436 14.6000003442168 67.500002682209 -14.7000001743436 15.6980752944946 70.7340016961098 -14.7000001743436 -440.400004386902 72.226382791996 -15.2431838214397 36.1000001430511 70.7340016961098 -14.7000001743436 36.1000001430511 72.226382791996 -15.2431838214397 -440.400004386902 53.8497939705849 -15.0058260187507 36.1000001430511 54.4999986886978 -13.8999996706843 36.1000001430511 53.7000000476837 -14.3999997526407 36.1000001430511 54.2646534740925 -15.4720386490226 36.1000001430511 54.8489764332771 -15.6911984086037 36.1000001430511 17.000000923872 -5.9000002220273 36.1000001430511 53.7000000476837 -6.69999979436398 36.1000001430511 54.4999986886978 -5.9000002220273 36.1000001430511 70.7340016961098 -14.7000001743436 36.1000001430511 72.4999979138374 -14.4914295524359 36.1000001430511 70.8750635385513 -13.8999996706843 36.1000001430511 56.2649108469486 -14.7000001743436 36.1000001430511 55.4681047797203 -15.6127978116274 36.1000001430511 11.400000192225 -6.69999979436398 36.1000001430511 55.9793561697006 -15.2549063786864 36.1000001430511 11.400000192225 -5.9000002220273 36.1000001430511 72.226382791996 -15.2431838214397 36.1000001430511 63.40192258358 -14.7000001743436 -358.399987220764 63.000001013279 -13.8999996706843 -359.899997711182 63.40192258358 -13.8999996706843 -358.399987220764 64.4999966025352 -14.7000001743436 -357.30192065239 64.4999966025352 -13.8999996706843 -357.30192065239 65.9999996423721 -14.7000001743436 -356.900006532669 65.9999996423721 -13.8999996706843 -356.900006532669 67.500002682209 -14.7000001743436 -357.30192065239 67.500002682209 -13.8999996706843 -357.30192065239 68.5980767011642 -14.7000001743436 -358.399987220764 68.5980767011642 -13.8999996706843 -358.399987220764 68.9999982714653 -14.7000001743436 -359.899997711182 68.9999982714653 -13.8999996706843 -359.899997711182 68.5980767011642 -14.7000001743436 -361.400008201599 68.5980767011642 -13.8999996706843 -361.400008201599 67.500002682209 -14.7000001743436 -362.498074769974 67.500002682209 -13.8999996706843 -362.498074769974 65.9999996423721 -14.7000001743436 -362.899988889694 65.9999996423721 -13.8999996706843 -362.899988889694 64.4999966025352 -14.7000001743436 -362.498074769974 64.4999966025352 -13.8999996706843 -362.498074769974 63.40192258358 -14.7000001743436 -361.400008201599 63.40192258358 -13.8999996706843 -361.400008201599 63.000001013279 -14.7000001743436 -359.899997711182 63.40192258358 -14.7000001743436 -218.400001525879 63.000001013279 -13.8999996706843 -219.899997115135 63.40192258358 -13.8999996706843 -218.400001525879 64.4999966025352 -14.7000001743436 -217.301920056343 64.4999966025352 -13.8999996706843 -217.301920056343 65.9999996423721 -14.7000001743436 -216.900005936623 65.9999996423721 -13.8999996706843 -216.900005936623 67.500002682209 -14.7000001743436 -217.301920056343 67.500002682209 -13.8999996706843 -217.301920056343 68.5980767011642 -14.7000001743436 -218.400001525879 68.5980767011642 -13.8999996706843 -218.400001525879 68.9999982714653 -14.7000001743436 -219.899997115135 68.9999982714653 -13.8999996706843 -219.899997115135 68.5980767011642 -14.7000001743436 -221.399992704391 68.5980767011642 -13.8999996706843 -221.399992704391 67.500002682209 -14.7000001743436 -222.498074173927 67.500002682209 -13.8999996706843 -222.498074173927 65.9999996423721 -14.7000001743436 -222.900003194809 65.9999996423721 -13.8999996706843 -222.900003194809 64.4999966025352 -14.7000001743436 -222.498074173927 64.4999966025352 -13.8999996706843 -222.498074173927 63.40192258358 -14.7000001743436 -221.399992704391 63.40192258358 -13.8999996706843 -221.399992704391 63.000001013279 -14.7000001743436 -219.899997115135 63.000001013279 -13.8999996706843 -114.900000393391 63.40192258358 -14.7000001743436 -113.399997353554 63.000001013279 -14.7000001743436 -114.900000393391 64.4999966025352 -14.7000001743436 -112.301923334599 63.40192258358 -13.8999996706843 -113.399997353554 64.4999966025352 -13.8999996706843 -112.301923334599 65.9999996423721 -14.7000001743436 -111.900001764297 65.9999996423721 -13.8999996706843 -111.900001764297 67.500002682209 -14.7000001743436 -112.301923334599 67.500002682209 -13.8999996706843 -112.301923334599 68.5980767011642 -14.7000001743436 -113.399997353554 68.5980767011642 -13.8999996706843 -113.399997353554 68.9999982714653 -14.7000001743436 -114.900000393391 68.9999982714653 -13.8999996706843 -114.900000393391 68.5980767011642 -14.7000001743436 -116.400003433228 68.5980767011642 -13.8999996706843 -116.400003433228 67.500002682209 -14.7000001743436 -117.498077452183 67.500002682209 -13.8999996706843 -117.498077452183 65.9999996423721 -14.7000001743436 -117.899999022484 65.9999996423721 -13.8999996706843 -117.899999022484 64.4999966025352 -14.7000001743436 -117.498077452183 64.4999966025352 -13.8999996706843 -117.498077452183 63.40192258358 -13.8999996706843 -116.400003433228 63.40192258358 -14.7000001743436 -116.400003433228 63.40192258358 -13.8999996706843 14.6000003442168 64.4999966025352 -14.7000001743436 15.6980752944946 63.40192258358 -14.7000001743436 14.6000003442168 64.4999966025352 -13.8999996706843 15.6980752944946 65.9999996423721 -14.7000001743436 16.100000590086 65.9999996423721 -13.8999996706843 16.100000590086 67.500002682209 -14.7000001743436 15.6980752944946 67.500002682209 -13.8999996706843 15.6980752944946 68.5980767011642 -14.7000001743436 14.6000003442168 68.5980767011642 -13.8999996706843 14.6000003442168 68.9999982714653 -14.7000001743436 13.1000000983477 68.9999982714653 -13.8999996706843 13.1000000983477 68.5980767011642 -14.7000001743436 11.5999998524785 68.5980767011642 -13.8999996706843 11.5999998524785 67.500002682209 -14.7000001743436 10.5019239708781 67.500002682209 -13.8999996706843 10.5019239708781 65.9999996423721 -14.7000001743436 10.0999996066093 65.9999996423721 -13.8999996706843 10.0999996066093 64.4999966025352 -14.7000001743436 10.5019239708781 64.4999966025352 -13.8999996706843 10.5019239708781 63.40192258358 -14.7000001743436 11.5999998524785 63.40192258358 -13.8999996706843 11.5999998524785 63.000001013279 -14.7000001743436 13.1000000983477 63.000001013279 -13.8999996706843 13.1000000983477 11.400000192225 214.399993419647 -452.800005674362 11.5000000223517 213.799998164177 -452.800005674362 11.400000192225 213.799998164177 -452.800005674362 15.3999999165535 214.399993419647 -452.800005674362 15.3999999165535 213.799998164177 -452.800005674362 25.000000372529 -12.5000001862645 24.550000205636 25.000000372529 -6.69999979436398 5.84999984130263 25.000000372529 -12.5000001862645 5.84999984130263 25.000000372529 -6.69999979436398 24.550000205636 25.000000372529 -6.69999979436398 24.550000205636 34.000001847744 -12.5000001862645 24.550000205636 34.000001847744 -6.69999979436398 24.550000205636 25.000000372529 -12.5000001862645 24.550000205636 34.000001847744 -12.5000001862645 5.84999984130263 34.000001847744 -6.69999979436398 24.550000205636 34.000001847744 -12.5000001862645 24.550000205636 34.000001847744 -6.69999979436398 5.84999984130263 25.000000372529 -12.5000001862645 5.84999984130263 34.000001847744 -6.69999979436398 5.84999984130263 34.000001847744 -12.5000001862645 5.84999984130263 25.000000372529 -6.69999979436398 5.84999984130263 25.000000372529 -12.5000001862645 5.84999984130263 34.000001847744 -12.5000001862645 24.550000205636 25.000000372529 -12.5000001862645 24.550000205636 34.000001847744 -12.5000001862645 5.84999984130263 9.90883354097605 -22.8623561561108 -448.500007390976 10.7000004500151 -22.9038186371326 -453.000009059906 10.7000004500151 -22.9038186371326 -448.500007390976 9.807582013309 -22.8570494800806 -453.000009059906 9.807582013309 -22.8570494800806 -448.500007390976 15.8500000834465 -9.20000020414591 -409.249991178513 11.400000192225 -8.24999995529652 -409.249991178513 11.400000192225 -9.20000020414591 -409.249991178513 15.8500000834465 -6.69999979436398 -409.249991178513 11.400000192225 -6.69999979436398 -409.249991178513 15.8500000834465 -9.20000020414591 -413.199990987778 15.8500000834465 -6.69999979436398 -409.249991178513 15.8500000834465 -9.20000020414591 -409.249991178513 15.8500000834465 -6.69999979436398 -413.199990987778 28.5999998450279 -9.20000020414591 -413.199990987778 15.8500000834465 -6.69999979436398 -413.199990987778 15.8500000834465 -9.20000020414591 -413.199990987778 28.5999998450279 -6.69999979436398 -413.199990987778 28.5999998450279 -6.69999979436398 -413.199990987778 28.5999998450279 -9.20000020414591 -427.39999294281 28.5999998450279 -6.69999979436398 -427.39999294281 28.5999998450279 -9.20000020414591 -413.199990987778 15.8500000834465 -9.20000020414591 -427.39999294281 28.5999998450279 -6.69999979436398 -427.39999294281 28.5999998450279 -9.20000020414591 -427.39999294281 15.8500000834465 -6.69999979436398 -427.39999294281 15.8500000834465 -9.20000020414591 -431.349992752075 15.8500000834465 -6.69999979436398 -427.39999294281 15.8500000834465 -9.20000020414591 -427.39999294281 15.8500000834465 -6.69999979436398 -431.349992752075 11.400000192225 -8.24999995529652 -431.349992752075 15.8500000834465 -6.69999979436398 -431.349992752075 15.8500000834465 -9.20000020414591 -431.349992752075 11.400000192225 -9.20000020414591 -431.349992752075 11.400000192225 -6.69999979436398 -431.349992752075 28.5999998450279 -9.20000020414591 -413.199990987778 15.8500000834465 -9.20000020414591 -427.39999294281 28.5999998450279 -9.20000020414591 -427.39999294281 11.400000192225 -9.20000020414591 -431.349992752075 15.8500000834465 -9.20000020414591 -431.349992752075 11.400000192225 -9.20000020414591 -409.249991178513 15.8500000834465 -9.20000020414591 -413.199990987778 15.8500000834465 -9.20000020414591 -409.249991178513 11.5000000223517 213.799998164177 -453.000009059906 11.400000192225 213.799998164177 -452.800005674362 11.5000000223517 213.799998164177 -452.800005674362 11.400000192225 213.799998164177 -453.000009059906 15.1000004261732 2.70000007003546 -453.000009059906 14.299999922514 3.89999989420176 -453.000009059906 15.1000004261732 3.89999989420176 -453.000009059906 14.299999922514 2.70000007003546 -453.000009059906 14.9999996647239 14.7320507094264 27.0000007003546 15.7320499420166 14.0000004321337 37.0000004768372 14.9999996647239 14.7320507094264 37.0000004768372 14.0000004321337 14.9999996647239 27.0000007003546 14.0000004321337 14.9999996647239 37.0000004768372 13.0000002682209 14.7320507094264 27.0000007003546 13.0000002682209 14.7320507094264 37.0000004768372 12.2679490596056 14.0000004321337 27.0000007003546 12.2679490596056 14.0000004321337 37.0000004768372 12.0000001043081 13.0000002682209 27.0000007003546 12.0000001043081 13.0000002682209 37.0000004768372 13.0000002682209 11.2679488956928 27.0000007003546 12.2679490596056 12.0000001043081 37.0000004768372 13.0000002682209 11.2679488956928 37.0000004768372 14.9999996647239 11.2679488956928 27.0000007003546 14.0000004321337 10.9999999403954 37.0000004768372 14.9999996647239 11.2679488956928 37.0000004768372 14.0000004321337 10.9999999403954 27.0000007003546 15.7320499420166 14.0000004321337 27.0000007003546 16.0000007599592 13.0000002682209 37.0000004768372 16.0000007599592 13.0000002682209 27.0000007003546 15.7320499420166 12.0000001043081 37.0000004768372 15.7320499420166 12.0000001043081 27.0000007003546 12.2679490596056 12.0000001043081 27.0000007003546 13.0000002682209 11.2679488956928 27.0000007003546 14.0000004321337 13.0000002682209 27.0000007003546 12.2679490596056 12.0000001043081 27.0000007003546 14.0000004321337 10.9999999403954 27.0000007003546 14.9999996647239 11.2679488956928 27.0000007003546 15.7320499420166 12.0000001043081 27.0000007003546 16.0000007599592 13.0000002682209 27.0000007003546 15.7320499420166 14.0000004321337 27.0000007003546 14.9999996647239 14.7320507094264 27.0000007003546 12.2679490596056 14.0000004321337 27.0000007003546 12.0000001043081 13.0000002682209 27.0000007003546 14.0000004321337 14.9999996647239 27.0000007003546 13.0000002682209 14.7320507094264 27.0000007003546 12.0000001043081 45.0000017881393 27.0000007003546 12.2679490596056 46.000000089407 37.0000004768372 12.0000001043081 45.0000017881393 37.0000004768372 12.2679490596056 46.000000089407 27.0000007003546 13.0000002682209 46.7320494353771 37.0000004768372 13.0000002682209 46.7320494353771 27.0000007003546 14.0000004321337 46.9999983906746 37.0000004768372 14.0000004321337 46.9999983906746 27.0000007003546 14.9999996647239 46.7320494353771 37.0000004768372 14.9999996647239 46.7320494353771 27.0000007003546 15.7320499420166 46.000000089407 37.0000004768372 15.7320499420166 46.000000089407 27.0000007003546 16.0000007599592 45.0000017881393 37.0000004768372 16.0000007599592 45.0000017881393 27.0000007003546 15.7320499420166 43.9999997615814 37.0000004768372 15.7320499420166 43.9999997615814 27.0000007003546 14.9999996647239 43.2679504156113 37.0000004768372 14.9999996647239 43.2679504156113 27.0000007003546 14.0000004321337 43.0000014603138 37.0000004768372 14.0000004321337 43.0000014603138 27.0000007003546 13.0000002682209 43.2679504156113 37.0000004768372 13.0000002682209 43.2679504156113 27.0000007003546 12.2679490596056 43.9999997615814 37.0000004768372 12.2679490596056 43.9999997615814 27.0000007003546 14.0000004321337 45.0000017881393 27.0000007003546 14.0000004321337 43.0000014603138 27.0000007003546 14.9999996647239 43.2679504156113 27.0000007003546 15.7320499420166 43.9999997615814 27.0000007003546 16.0000007599592 45.0000017881393 27.0000007003546 15.7320499420166 46.000000089407 27.0000007003546 14.9999996647239 46.7320494353771 27.0000007003546 13.0000002682209 43.2679504156113 27.0000007003546 12.2679490596056 43.9999997615814 27.0000007003546 14.0000004321337 46.9999983906746 27.0000007003546 13.0000002682209 46.7320494353771 27.0000007003546 12.2679490596056 46.000000089407 27.0000007003546 12.0000001043081 45.0000017881393 27.0000007003546 12.2679490596056 142.000004649162 37.0000004768372 12.0000001043081 141.000002622604 27.0000007003546 12.2679490596056 142.000004649162 27.0000007003546 13.0000002682209 142.732053995132 37.0000004768372 13.0000002682209 142.732053995132 27.0000007003546 14.0000004321337 143.00000667572 37.0000004768372 14.0000004321337 143.00000667572 27.0000007003546 14.9999996647239 142.732053995132 37.0000004768372 14.9999996647239 142.732053995132 27.0000007003546 15.7320499420166 142.000004649162 37.0000004768372 15.7320499420166 142.000004649162 27.0000007003546 16.0000007599592 141.000002622604 37.0000004768372 16.0000007599592 141.000002622604 27.0000007003546 15.7320499420166 140.000000596046 37.0000004768372 15.7320499420166 140.000000596046 27.0000007003546 14.9999996647239 139.267951250076 37.0000004768372 14.9999996647239 139.267951250076 27.0000007003546 14.0000004321337 138.999998569489 37.0000004768372 14.0000004321337 138.999998569489 27.0000007003546 13.0000002682209 139.267951250076 37.0000004768372 13.0000002682209 139.267951250076 27.0000007003546 12.2679490596056 140.000000596046 37.0000004768372 12.2679490596056 140.000000596046 27.0000007003546 12.0000001043081 141.000002622604 37.0000004768372 14.0000004321337 141.000002622604 27.0000007003546 13.0000002682209 139.267951250076 27.0000007003546 14.0000004321337 138.999998569489 27.0000007003546 14.9999996647239 139.267951250076 27.0000007003546 15.7320499420166 140.000000596046 27.0000007003546 16.0000007599592 141.000002622604 27.0000007003546 15.7320499420166 142.000004649162 27.0000007003546 14.9999996647239 142.732053995132 27.0000007003546 14.0000004321337 143.00000667572 27.0000007003546 13.0000002682209 142.732053995132 27.0000007003546 12.2679490596056 142.000004649162 27.0000007003546 12.0000001043081 141.000002622604 27.0000007003546 12.2679490596056 140.000000596046 27.0000007003546 14.9999996647239 174.73204433918 27.0000007003546 15.7320499420166 173.99999499321 37.0000004768372 14.9999996647239 174.73204433918 37.0000004768372 14.0000004321337 174.999997019768 27.0000007003546 14.0000004321337 174.999997019768 37.0000004768372 12.2679490596056 173.99999499321 27.0000007003546 13.0000002682209 174.73204433918 37.0000004768372 12.2679490596056 173.99999499321 37.0000004768372 13.0000002682209 174.73204433918 27.0000007003546 15.7320499420166 173.99999499321 27.0000007003546 16.0000007599592 172.999992966652 37.0000004768372 12.0000001043081 172.999992966652 27.0000007003546 16.0000007599592 172.999992966652 27.0000007003546 15.7320499420166 172.000005841255 37.0000004768372 15.7320499420166 172.000005841255 27.0000007003546 14.9999996647239 171.267956495285 37.0000004768372 14.9999996647239 171.267956495285 27.0000007003546 14.0000004321337 171.000003814697 37.0000004768372 14.0000004321337 171.000003814697 27.0000007003546 13.0000002682209 171.267956495285 37.0000004768372 13.0000002682209 171.267956495285 27.0000007003546 12.2679490596056 172.000005841255 37.0000004768372 12.2679490596056 172.000005841255 27.0000007003546 12.0000001043081 172.999992966652 37.0000004768372 14.0000004321337 172.999992966652 27.0000007003546 16.0000007599592 172.999992966652 27.0000007003546 15.7320499420166 173.99999499321 27.0000007003546 13.0000002682209 171.267956495285 27.0000007003546 14.0000004321337 171.000003814697 27.0000007003546 12.0000001043081 172.999992966652 27.0000007003546 12.2679490596056 172.000005841255 27.0000007003546 12.2679490596056 173.99999499321 27.0000007003546 13.0000002682209 174.73204433918 27.0000007003546 14.0000004321337 174.999997019768 27.0000007003546 14.9999996647239 174.73204433918 27.0000007003546 14.9999996647239 171.267956495285 27.0000007003546 15.7320499420166 172.000005841255 27.0000007003546 12.0000001043081 204.999998211861 37.0000004768372 12.2679490596056 203.999996185303 27.0000007003546 12.0000001043081 204.999998211861 27.0000007003546 12.2679490596056 203.999996185303 37.0000004768372 13.0000002682209 203.267946839333 27.0000007003546 13.0000002682209 203.267946839333 37.0000004768372 14.0000004321337 202.999994158745 27.0000007003546 14.0000004321337 202.999994158745 37.0000004768372 14.9999996647239 203.267946839333 27.0000007003546 14.9999996647239 203.267946839333 37.0000004768372 15.7320499420166 203.999996185303 27.0000007003546 16.0000007599592 204.999998211861 37.0000004768372 15.7320499420166 206.000000238419 27.0000007003546 16.0000007599592 204.999998211861 27.0000007003546 15.7320499420166 206.000000238419 37.0000004768372 14.9999996647239 206.732049584389 27.0000007003546 14.9999996647239 206.732049584389 37.0000004768372 14.0000004321337 207.000002264977 27.0000007003546 14.0000004321337 207.000002264977 37.0000004768372 13.0000002682209 206.732049584389 27.0000007003546 13.0000002682209 206.732049584389 37.0000004768372 12.2679490596056 206.000000238419 27.0000007003546 12.2679490596056 206.000000238419 37.0000004768372 15.7320499420166 203.999996185303 37.0000004768372 14.0000004321337 204.999998211861 27.0000007003546 13.0000002682209 206.732049584389 27.0000007003546 12.2679490596056 206.000000238419 27.0000007003546 12.0000001043081 204.999998211861 27.0000007003546 14.0000004321337 207.000002264977 27.0000007003546 14.9999996647239 206.732049584389 27.0000007003546 15.7320499420166 206.000000238419 27.0000007003546 16.0000007599592 204.999998211861 27.0000007003546 15.7320499420166 203.999996185303 27.0000007003546 14.9999996647239 203.267946839333 27.0000007003546 14.0000004321337 202.999994158745 27.0000007003546 13.0000002682209 203.267946839333 27.0000007003546 12.2679490596056 203.999996185303 27.0000007003546 19.4000005722046 214.399993419647 -436.899989843369 15.3999999165535 213.799998164177 -436.899989843369 15.3999999165535 214.399993419647 -436.899989843369 17.000000923872 2.49999994412065 -436.899989843369 11.5000000223517 -5.9000002220273 -436.899989843369 11.5000000223517 6.85000000521541 -436.899989843369 11.5000000223517 32.8500010073185 -436.899989843369 20.5000005662441 213.300004601479 -436.899989843369 20.5000005662441 2.49999994412065 -436.899989843369 19.9500005692244 214.25262093544 -436.899989843369 20.352628082037 213.850006461143 -436.899989843369 17.000000923872 -5.9000002220273 -436.899989843369 11.5000000223517 186.550006270409 -436.899989843369 11.5000000223517 213.799998164177 -436.899989843369 11.5000000223517 152.799993753433 -436.899989843369 11.5000000223517 122.550003230572 -436.899989843369 11.5000000223517 81.6999971866608 -436.899989843369 20.3000009059906 42.54499822855 7.44999991729856 20.3000009059906 39.1950011253357 7.44999991729856 20.3000009059906 39.6438166499138 5.77499996870756 20.3000009059906 39.6438166499138 9.12499986588955 20.3000009059906 40.8699996769428 10.3511847555637 20.3000009059906 42.54499822855 10.8000002801418 20.3000009059906 44.2200005054474 10.3511847555637 20.3000009059906 45.4461835324764 9.12499986588955 20.3000009059906 45.8949990570545 7.44999991729856 20.3000009059906 45.4461835324764 5.77499996870756 20.3000009059906 42.54499822855 4.10000002011657 20.3000009059906 44.2200005054474 4.54881507903337 20.3000009059906 40.8699996769428 4.54881507903337 20.3000009059906 26.5449993312359 13.399999588728 20.3000009059906 22.8950008749962 13.399999588728 20.3000009059906 23.3840066939592 11.5750003606081 20.3000009059906 23.3840066939592 15.2249997481704 20.3000009059906 24.720000103116 16.5609922260046 20.3000009059906 26.5449993312359 17.0499999076128 20.3000009059906 24.720000103116 10.2390069514513 20.3000009059906 26.5449993312359 9.75000020116568 20.3000009059906 28.3700004220009 10.2390069514513 20.3000009059906 29.7059919685125 11.5750003606081 20.3000009059906 30.1949996501207 13.399999588728 20.3000009059906 29.7059919685125 15.2249997481704 20.3000009059906 28.3700004220009 16.5609922260046 20.3000009059906 16.3449998944998 13.399999588728 20.3000009059906 16.3449998944998 16.6250001639128 20.3000009059906 14.7324996069074 16.1929316818714 20.3000009059906 14.7324996069074 10.6070684269071 20.3000009059906 13.5520678013563 11.7875002324581 20.3000009059906 16.3449998944998 10.1749999448657 20.3000009059906 17.9574992507696 10.6070684269071 20.3000009059906 13.5520678013563 15.0124998763204 20.3000009059906 13.1200002506375 13.399999588728 20.3000009059906 19.1379319876432 15.0124998763204 20.3000009059906 17.9574992507696 16.1929316818714 20.3000009059906 19.1379319876432 11.7875002324581 20.3000009059906 19.5700004696846 13.399999588728 19.4000005722046 42.54499822855 10.8000002801418 20.3000009059906 44.2200005054474 10.3511847555637 19.4000005722046 44.2200005054474 10.3511847555637 19.4000005722046 40.8699996769428 10.3511847555637 20.3000009059906 42.54499822855 10.8000002801418 19.4000005722046 39.6438166499138 9.12499986588955 20.3000009059906 40.8699996769428 10.3511847555637 20.3000009059906 45.4461835324764 9.12499986588955 19.4000005722046 45.4461835324764 9.12499986588955 20.3000009059906 45.8949990570545 7.44999991729856 19.4000005722046 45.8949990570545 7.44999991729856 20.3000009059906 45.4461835324764 5.77499996870756 19.4000005722046 45.4461835324764 5.77499996870756 20.3000009059906 44.2200005054474 4.54881507903337 19.4000005722046 44.2200005054474 4.54881507903337 20.3000009059906 42.54499822855 4.10000002011657 19.4000005722046 42.54499822855 4.10000002011657 20.3000009059906 40.8699996769428 4.54881507903337 19.4000005722046 40.8699996769428 4.54881507903337 20.3000009059906 39.6438166499138 5.77499996870756 19.4000005722046 39.6438166499138 5.77499996870756 20.3000009059906 39.1950011253357 7.44999991729856 19.4000005722046 39.1950011253357 7.44999991729856 20.3000009059906 39.6438166499138 9.12499986588955 19.4000005722046 28.3700004220009 16.5609922260046 20.3000009059906 29.7059919685125 15.2249997481704 19.4000005722046 29.7059919685125 15.2249997481704 19.4000005722046 26.5449993312359 17.0499999076128 20.3000009059906 28.3700004220009 16.5609922260046 19.4000005722046 24.720000103116 16.5609922260046 20.3000009059906 26.5449993312359 17.0499999076128 19.4000005722046 23.3840066939592 15.2249997481704 20.3000009059906 24.720000103116 16.5609922260046 19.4000005722046 22.8950008749962 13.399999588728 20.3000009059906 23.3840066939592 15.2249997481704 20.3000009059906 22.8950008749962 13.399999588728 19.4000005722046 30.1949996501207 13.399999588728 20.3000009059906 29.7059919685125 11.5750003606081 19.4000005722046 29.7059919685125 11.5750003606081 20.3000009059906 28.3700004220009 10.2390069514513 19.4000005722046 28.3700004220009 10.2390069514513 19.4000005722046 23.3840066939592 11.5750003606081 19.4000005722046 24.720000103116 10.2390069514513 20.3000009059906 23.3840066939592 11.5750003606081 19.4000005722046 26.5449993312359 9.75000020116568 20.3000009059906 24.720000103116 10.2390069514513 20.3000009059906 30.1949996501207 13.399999588728 20.3000009059906 26.5449993312359 9.75000020116568 19.4000005722046 16.3449998944998 16.6250001639128 20.3000009059906 17.9574992507696 16.1929316818714 19.4000005722046 17.9574992507696 16.1929316818714 19.4000005722046 13.1200002506375 13.399999588728 20.3000009059906 13.5520678013563 15.0124998763204 19.4000005722046 13.5520678013563 15.0124998763204 20.3000009059906 14.7324996069074 16.1929316818714 19.4000005722046 14.7324996069074 16.1929316818714 20.3000009059906 16.3449998944998 16.6250001639128 20.3000009059906 19.1379319876432 15.0124998763204 19.4000005722046 19.1379319876432 15.0124998763204 20.3000009059906 19.5700004696846 13.399999588728 19.4000005722046 19.5700004696846 13.399999588728 20.3000009059906 19.1379319876432 11.7875002324581 19.4000005722046 19.1379319876432 11.7875002324581 20.3000009059906 17.9574992507696 10.6070684269071 19.4000005722046 17.9574992507696 10.6070684269071 20.3000009059906 16.3449998944998 10.1749999448657 19.4000005722046 16.3449998944998 10.1749999448657 20.3000009059906 14.7324996069074 10.6070684269071 19.4000005722046 14.7324996069074 10.6070684269071 20.3000009059906 13.1200002506375 13.399999588728 19.4000005722046 13.5520678013563 11.7875002324581 20.3000009059906 13.5520678013563 11.7875002324581 19.4000005722046 51.3000003993511 4.72499988973141 19.4000005722046 45.4461835324764 9.12499986588955 19.4000005722046 47.2999997437 4.72499988973141 19.4000005722046 45.8949990570545 7.44999991729856 19.4000005722046 45.4461835324764 5.77499996870756 19.4000005722046 47.2999997437 2.09999992512167 19.4000005722046 44.2200005054474 4.54881507903337 19.4000005722046 42.54499822855 4.10000002011657 19.4000005722046 16.3449998944998 10.1749999448657 19.4000005722046 11.400000192225 5.59999980032444 19.4000005722046 11.400000192225 2.09999992512167 19.4000005722046 16.3449998944998 16.6250001639128 19.4000005722046 11.400000192225 18.8999995589256 19.4000005722046 14.7324996069074 16.1929316818714 19.4000005722046 17.9574992507696 16.1929316818714 19.4000005722046 17.9574992507696 10.6070684269071 19.4000005722046 26.5449993312359 9.75000020116568 19.4000005722046 39.6438166499138 5.77499996870756 19.4000005722046 28.3700004220009 10.2390069514513 19.4000005722046 39.6438166499138 9.12499986588955 19.4000005722046 29.7059919685125 11.5750003606081 19.4000005722046 39.1950011253357 7.44999991729856 19.4000005722046 23.3840066939592 15.2249997481704 19.4000005722046 22.8950008749962 13.399999588728 19.4000005722046 19.1379319876432 11.7875002324581 19.4000005722046 23.3840066939592 11.5750003606081 19.4000005722046 40.8699996769428 10.3511847555637 19.4000005722046 30.1949996501207 13.399999588728 19.4000005722046 26.5449993312359 17.0499999076128 19.4000005722046 47.2999997437 18.8999995589256 19.4000005722046 47.2999997437 16.2749998271465 19.4000005722046 42.54499822855 10.8000002801418 19.4000005722046 44.2200005054474 10.3511847555637 19.4000005722046 40.8699996769428 4.54881507903337 19.4000005722046 7.89999961853027 5.59999980032444 19.4000005722046 11.400000192225 15.3999999165535 19.4000005722046 7.89999961853027 15.3999999165535 19.4000005722046 51.3000003993511 16.2749998271465 19.4000005722046 24.720000103116 10.2390069514513 19.4000005722046 14.7324996069074 10.6070684269071 19.4000005722046 24.720000103116 16.5609922260046 19.4000005722046 13.5520678013563 11.7875002324581 19.4000005722046 19.1379319876432 15.0124998763204 19.4000005722046 13.5520678013563 15.0124998763204 19.4000005722046 29.7059919685125 15.2249997481704 19.4000005722046 19.5700004696846 13.399999588728 19.4000005722046 13.1200002506375 13.399999588728 19.4000005722046 28.3700004220009 16.5609922260046 20.5000005662441 47.2999997437 2.09999992512167 19.4000005722046 47.2999997437 4.72499988973141 19.4000005722046 47.2999997437 2.09999992512167 20.5000005662441 47.2999997437 4.72499988973141 19.4000005722046 11.400000192225 2.09999992512167 20.5000005662441 47.2999997437 2.09999992512167 19.4000005722046 47.2999997437 2.09999992512167 20.5000005662441 11.400000192225 2.09999992512167 19.4000005722046 11.400000192225 5.59999980032444 20.5000005662441 11.400000192225 2.09999992512167 19.4000005722046 11.400000192225 2.09999992512167 20.5000005662441 11.400000192225 5.59999980032444 20.5000005662441 11.400000192225 5.59999980032444 19.4000005722046 7.89999961853027 5.59999980032444 20.5000005662441 7.89999961853027 5.59999980032444 19.4000005722046 11.400000192225 5.59999980032444 20.5000005662441 7.89999961853027 15.3999999165535 19.4000005722046 7.89999961853027 5.59999980032444 19.4000005722046 7.89999961853027 15.3999999165535 20.5000005662441 7.89999961853027 5.59999980032444 20.5000005662441 11.400000192225 15.3999999165535 19.4000005722046 7.89999961853027 15.3999999165535 19.4000005722046 11.400000192225 15.3999999165535 20.5000005662441 7.89999961853027 15.3999999165535 19.4000005722046 11.400000192225 15.3999999165535 20.5000005662441 11.400000192225 18.8999995589256 20.5000005662441 11.400000192225 15.3999999165535 19.4000005722046 11.400000192225 18.8999995589256 20.5000005662441 47.2999997437 18.8999995589256 19.4000005722046 11.400000192225 18.8999995589256 19.4000005722046 47.2999997437 18.8999995589256 20.5000005662441 11.400000192225 18.8999995589256 19.4000005722046 47.2999997437 16.2749998271465 20.5000005662441 47.2999997437 18.8999995589256 19.4000005722046 47.2999997437 18.8999995589256 20.5000005662441 47.2999997437 16.2749998271465 19.4000005722046 51.3000003993511 16.2749998271465 20.5000005662441 47.2999997437 16.2749998271465 19.4000005722046 47.2999997437 16.2749998271465 20.5000005662441 51.3000003993511 16.2749998271465 19.4000005722046 51.3000003993511 4.72499988973141 20.5000005662441 51.3000003993511 16.2749998271465 19.4000005722046 51.3000003993511 16.2749998271465 20.5000005662441 51.3000003993511 4.72499988973141 20.5000005662441 47.2999997437 4.72499988973141 19.4000005722046 51.3000003993511 4.72499988973141 19.4000005722046 47.2999997437 4.72499988973141 20.5000005662441 51.3000003993511 4.72499988973141 19.6000002324581 21.7000003904104 -419.149994850159 19.6000002324581 23.4750006347895 -416.075617074966 19.6000002324581 21.7000003904104 -415.600001811981 19.6000002324581 19.9250001460314 -416.075617074966 19.6000002324581 21.7000003904104 -422.699987888336 19.6000002324581 23.4750006347895 -422.224402427673 19.6000002324581 18.6256095767021 -417.37499833107 19.6000002324581 19.9250001460314 -422.224402427673 19.6000002324581 18.1499999016523 -419.149994850159 19.6000002324581 18.6256095767021 -420.924991369247 19.6000002324581 24.7743893414736 -420.924991369247 19.6000002324581 25.2500008791685 -419.149994850159 19.6000002324581 24.7743893414736 -417.37499833107 19.6000002324581 23.4750006347895 -422.224402427673 20.5000005662441 21.7000003904104 -422.699987888336 20.5000005662441 23.4750006347895 -422.224402427673 19.6000002324581 24.7743893414736 -420.924991369247 20.5000005662441 24.7743893414736 -420.924991369247 19.6000002324581 25.2500008791685 -419.149994850159 20.5000005662441 25.2500008791685 -419.149994850159 19.6000002324581 24.7743893414736 -417.37499833107 20.5000005662441 24.7743893414736 -417.37499833107 19.6000002324581 21.7000003904104 -415.600001811981 20.5000005662441 23.4750006347895 -416.075617074966 20.5000005662441 21.7000003904104 -415.600001811981 19.6000002324581 19.9250001460314 -416.075617074966 20.5000005662441 19.9250001460314 -416.075617074966 19.6000002324581 18.6256095767021 -417.37499833107 20.5000005662441 18.6256095767021 -417.37499833107 19.6000002324581 18.1499999016523 -419.149994850159 20.5000005662441 18.1499999016523 -419.149994850159 19.6000002324581 21.7000003904104 -422.699987888336 20.5000005662441 19.9250001460314 -422.224402427673 19.6000002324581 19.9250001460314 -422.224402427673 20.5000005662441 18.6256095767021 -420.924991369247 19.6000002324581 18.6256095767021 -420.924991369247 19.6000002324581 23.4750006347895 -416.075617074966 9.807582013309 -22.8570494800806 -448.500007390976 9.90883354097605 -22.8623561561108 -448.500007390976 9.90521162748337 -22.8786934167147 -448.500007390976 9.90521162748337 -22.8786934167147 -448.500007390976 9.807582013309 -22.8570494800806 -453.000009059906 9.807582013309 -22.8570494800806 -448.500007390976 9.90521162748337 -22.8786934167147 -453.000009059906 11.9000002741814 -13.7000000104308 -189.899995923042 11.9000002741814 -11.0153211280704 -191.449999809265 11.9000002741814 -10.5999996885657 -189.899995923042 11.9000002741814 -11.0153211280704 -188.350006937981 11.9000002741814 -12.1499998494983 -192.584678530693 11.9000002741814 -13.7000000104308 -193.000003695488 11.9000002741814 -15.2500001713634 -192.584678530693 11.9000002741814 -16.3846779614687 -191.449999809265 11.9000002741814 -16.7999994009733 -189.899995923042 11.9000002741814 -16.3846779614687 -188.350006937981 11.9000002741814 -15.2500001713634 -187.215328216553 11.9000002741814 -13.7000000104308 -186.800003051758 11.9000002741814 -12.1499998494983 -187.215328216553 11.9000002741814 -13.7000000104308 -175.899997353554 11.9000002741814 -10.5999996885657 -175.899997353554 11.9000002741814 -11.0153211280704 -174.349993467331 11.9000002741814 -11.0153211280704 -177.450001239777 11.9000002741814 -12.1499998494983 -178.584679961205 11.9000002741814 -13.7000000104308 -179.000005125999 11.9000002741814 -15.2500001713634 -178.584679961205 11.9000002741814 -16.3846779614687 -177.450001239777 11.9000002741814 -16.7999994009733 -175.899997353554 11.9000002741814 -16.3846779614687 -174.349993467331 11.9000002741814 -15.2500001713634 -173.215314745903 11.9000002741814 -13.7000000104308 -172.800004482269 11.9000002741814 -12.1499998494983 -173.215314745903 11.9000002741814 -13.7000000104308 -49.8999990522861 11.9000002741814 -12.1499998494983 -52.5846779346466 11.9000002741814 -11.0153211280704 -51.4499992132187 11.9000002741814 -13.7000000104308 -52.9999993741512 11.9000002741814 -16.3846779614687 -51.4499992132187 11.9000002741814 -15.2500001713634 -52.5846779346466 11.9000002741814 -16.7999994009733 -49.8999990522861 11.9000002741814 -16.3846779614687 -48.3499988913536 11.9000002741814 -15.2500001713634 -47.2153201699257 11.9000002741814 -13.7000000104308 -46.7999987304211 11.9000002741814 -12.1499998494983 -47.2153201699257 11.9000002741814 -11.0153211280704 -48.3499988913536 11.9000002741814 -10.5999996885657 -49.8999990522861 11.9000002741814 -13.7000000104308 -63.900001347065 11.9000002741814 -10.5999996885657 -63.900001347065 11.9000002741814 -11.0153211280704 -62.3500011861324 11.9000002741814 -12.1499998494983 -66.5846765041351 11.9000002741814 -11.0153211280704 -65.4499977827072 11.9000002741814 -13.7000000104308 -67.0000016689301 11.9000002741814 -15.2500001713634 -66.5846765041351 11.9000002741814 -16.3846779614687 -65.4499977827072 11.9000002741814 -16.7999994009733 -63.900001347065 11.9000002741814 -15.2500001713634 -61.2153224647045 11.9000002741814 -16.3846779614687 -62.3500011861324 11.9000002741814 -13.7000000104308 -60.8000010251999 11.9000002741814 -12.1499998494983 -61.2153224647045 11.9000002741814 -13.7000000104308 -373.89999628067 11.9000002741814 -10.5999996885657 -373.89999628067 11.9000002741814 -11.0153211280704 -372.350007295609 11.9000002741814 -11.0153211280704 -375.449985265732 11.9000002741814 -16.3846779614687 -375.449985265732 11.9000002741814 -15.2500001713634 -376.584678888321 11.9000002741814 -12.1499998494983 -371.215313673019 11.9000002741814 -13.7000000104308 -370.799988508224 11.9000002741814 -15.2500001713634 -371.215313673019 11.9000002741814 -16.3846779614687 -372.350007295609 11.9000002741814 -16.7999994009733 -373.89999628067 11.9000002741814 -13.7000000104308 -377.000004053116 11.9000002741814 -12.1499998494983 -376.584678888321 11.9000002741814 -13.7000000104308 -359.899997711182 11.9000002741814 -16.7999994009733 -359.899997711182 11.9000002741814 -16.3846779614687 -361.449986696243 11.9000002741814 -12.1499998494983 -357.215315103531 11.9000002741814 -13.7000000104308 -356.799989938736 11.9000002741814 -16.3846779614687 -358.35000872612 11.9000002741814 -15.2500001713634 -362.584680318832 11.9000002741814 -13.7000000104308 -363.000005483627 11.9000002741814 -12.1499998494983 -362.584680318832 11.9000002741814 -11.0153211280704 -361.449986696243 11.9000002741814 -10.5999996885657 -359.899997711182 11.9000002741814 -15.2500001713634 -357.215315103531 11.9000002741814 -11.0153211280704 -358.35000872612 8.500000461936 207.295447587967 37.0000004768372 8.500000461936 207.300007343292 -453.000009059906 8.500000461936 207.295447587967 -453.000009059906 8.500000461936 207.300007343292 37.0000004768372 11.5000000223517 186.550006270409 -438.899993896484 11.5000000223517 184.499993920326 -449.000000953674 11.5000000223517 186.550006270409 -453.000009059906 11.5000000223517 173.299998044968 -449.000000953674 11.5000000223517 152.799993753433 -453.000009059906 11.5000000223517 32.8500010073185 -436.899989843369 11.5000000223517 6.85000000521541 -438.899993896484 11.5000000223517 32.8500010073185 -438.899993896484 11.5000000223517 122.550003230572 -436.899989843369 11.5000000223517 81.6999971866608 -438.899993896484 11.5000000223517 122.550003230572 -438.899993896484 11.5000000223517 152.799993753433 -438.899993896484 11.5000000223517 173.299998044968 -439.999997615814 11.5000000223517 132.30000436306 -437.799990177155 11.5000000223517 152.799993753433 -436.899989843369 11.5000000223517 124.600000679493 -437.799990177155 11.5000000223517 184.499993920326 -439.999997615814 11.5000000223517 120.49999833107 -449.000000953674 11.5000000223517 120.49999833107 -439.999997615814 11.5000000223517 186.550006270409 -436.899989843369 11.5000000223517 46.399999409914 -449.000000953674 11.5000000223517 46.399999409914 -438.899993896484 11.5000000223517 54.0999993681908 -437.799990177155 11.5000000223517 54.0999993681908 -438.899993896484 11.5000000223517 132.30000436306 -438.899993896484 11.5000000223517 124.600000679493 -449.000000953674 11.5000000223517 124.600000679493 -438.899993896484 11.5000000223517 213.799998164177 -438.899993896484 11.5000000223517 196.299999952316 -437.799990177155 11.5000000223517 196.299999952316 -438.899993896484 11.5000000223517 188.60000371933 -449.000000953674 11.5000000223517 188.60000371933 -438.899993896484 11.5000000223517 -5.9000002220273 -438.899993896484 11.5000000223517 6.85000000521541 -436.899989843369 11.5000000223517 -5.9000002220273 -436.899989843369 11.5000000223517 -17.5999999046326 -448.500007390976 11.5000000223517 -6.80000009015203 -440.400004386902 11.5000000223517 -17.5999999046326 -440.400004386902 11.5000000223517 3.89999989420176 -453.000009059906 11.5000000223517 4.00000018998981 -449.000000953674 11.5000000223517 3.89999989420176 -448.500007390976 11.5000000223517 4.00000018998981 -441.000014543533 11.5000000223517 5.59999980032444 -441.000014543533 11.5000000223517 122.550003230572 -453.000009059906 11.5000000223517 109.300002455711 -449.000000953674 11.5000000223517 81.6999971866608 -453.000009059906 11.5000000223517 -5.9000002220273 -440.400004386902 11.5000000223517 -6.80000009015203 -448.500007390976 11.5000000223517 -6.69999979436398 -440.400004386902 11.5000000223517 5.59999980032444 -449.000000953674 11.5000000223517 6.85000000521541 -453.000009059906 11.5000000223517 196.299999952316 -449.000000953674 11.5000000223517 213.799998164177 -452.800005674362 11.5000000223517 213.799998164177 -453.000009059906 11.5000000223517 188.60000371933 -437.799990177155 11.5000000223517 213.799998164177 -436.899989843369 11.5000000223517 132.30000436306 -449.000000953674 11.5000000223517 32.8500010073185 -453.000009059906 11.5000000223517 19.3000007420778 -439.999997615814 11.5000000223517 8.10000021010637 -439.999997615814 11.5000000223517 8.10000021010637 -449.000000953674 11.5000000223517 19.3000007420778 -449.000000953674 11.5000000223517 109.300002455711 -439.999997615814 11.5000000223517 81.6999971866608 -436.899989843369 11.5000000223517 54.0999993681908 -449.000000953674 11.5000000223517 46.399999409914 -437.799990177155 20.4000007361174 -6.69282022863626 -453.000009059906 15.1000004261732 2.40000011399388 -453.000009059906 19.9999995529652 -6.80000009015203 -453.000009059906 20.6928197294474 -6.3999998383224 -453.000009059906 12.7999996766448 -6.80000009015203 -453.000009059906 12.7999996766448 2.40000011399388 -453.000009059906 20.8000000566244 2.70000007003546 -453.000009059906 15.1000004261732 2.70000007003546 -453.000009059906 20.8000000566244 -6.00000005215406 -453.000009059906 7.1000000461936 93.699999153614 -453.000009059906 7.49999983236194 206.200003623962 -453.000009059906 7.1000000461936 133.633330464363 -453.000009059906 7.49999983236194 -9.28756408393383 -453.000009059906 7.1000000461936 53.766667842865 -453.000009059906 7.1000000461936 173.566669225693 -453.000009059906 8.19781515747309 -10.5207907035947 -453.000009059906 8.15000012516975 -10.413397103548 -453.000009059906 8.1809014081955 -10.5587784200907 -453.000009059906 7.49999983236194 208.299994468689 -453.000009059906 7.1000000461936 13.8333337381482 -453.000009059906 7.49999983236194 -11.7124356329441 -453.000009059906 8.19781515747309 -10.4792090132833 -453.000009059906 8.15000012516975 -10.5866026133299 -453.000009059906 11.5000000223517 213.799998164177 -453.000009059906 19.5000004023314 214.800000190735 -453.000009059906 11.400000192225 214.399993419647 -453.000009059906 14.299999922514 3.89999989420176 -453.000009059906 11.5000000223517 6.85000000521541 -453.000009059906 11.5000000223517 3.89999989420176 -453.000009059906 11.5000000223517 186.550006270409 -453.000009059906 14.299999922514 210.800006985664 -453.000009059906 9.90521162748337 -22.8786934167147 -453.000009059906 10.7000004500151 -22.9038186371326 -453.000009059906 9.807582013309 -22.8570494800806 -453.000009059906 11.5000000223517 152.799993753433 -453.000009059906 8.39999970048666 214.800000190735 -453.000009059906 11.5000000223517 122.550003230572 -453.000009059906 9.87831875681877 -23.0000000447035 -453.000009059906 10.7000004500151 -26.9000008702278 -453.000009059906 11.400000192225 213.799998164177 -453.000009059906 11.5000000223517 81.6999971866608 -453.000009059906 7.89999961853027 -26.9000008702278 -453.000009059906 8.40749964118004 -26.5189446508884 -453.000009059906 8.10499954968691 -26.5999995172024 -453.000009059906 20.8000000566244 213.499993085861 -453.000009059906 20.8000000566244 210.800006985664 -453.000009059906 11.5000000223517 32.8500010073185 -453.000009059906 8.70999973267317 -25.9949993342161 -453.000009059906 8.62894579768181 -26.2975003570318 -453.000009059906 8.00000037997961 207.433968782425 -453.000009059906 8.500000461936 207.295447587967 -453.000009059906 8.500000461936 207.300007343292 -453.000009059906 20.6258334219456 214.149996638298 -453.000009059906 20.1500002294779 214.625835418701 -453.000009059906 7.99323339015245 207.117512822151 -453.000009059906 7.63112353160977 206.720843911171 -453.000009059906 7.8041423112154 -10.8768120408058 -453.000009059906 7.8041423112154 -10.1231886073947 -453.000009059906 7.57839949801564 -9.7321905195713 -453.000009059906 8.70999973267317 -23.0000000447035 -453.000009059906 7.80249992385507 -26.5189446508884 -453.000009059906 7.49999983236194 -26.7928205430508 -453.000009059906 7.27416714653373 214.149996638298 -453.000009059906 8.05000029504299 214.25262093544 -453.000009059906 7.74999987334013 214.625835418701 -453.000009059906 7.58105469867587 -26.2975003570318 -453.000009059906 7.20717990770936 -26.4999996870756 -453.000009059906 7.6473718509078 213.850006461143 -453.000009059906 8.60000029206276 214.399993419647 -453.000009059906 7.63397477567196 207.800000905991 -453.000009059906 7.1000000461936 213.499993085861 -453.000009059906 7.57839949801564 -11.2678091973066 -453.000009059906 7.1000000461936 -26.1000003665686 -453.000009059906 7.49999983236194 -25.9949993342161 -453.000009059906 7.49999983236194 213.300004601479 -453.000009059906 8.1809014081955 -10.4412212967873 -453.000009059906 11.5000000223517 3.89999989420176 -448.500007390976 14.299999922514 3.89999989420176 -453.000009059906 11.5000000223517 3.89999989420176 -453.000009059906 15.1000004261732 3.89999989420176 -448.500007390976 15.1000004261732 3.89999989420176 -453.000009059906 10.7000004500151 -22.9038186371326 -448.500007390976 10.881120339036 -18.4766538441181 -448.500007390976 9.90883354097605 -22.8623561561108 -448.500007390976 11.1566800624132 -18.2537846267223 -448.500007390976 12.7999996766448 2.40000011399388 -448.500007390976 15.1000004261732 3.89999989420176 -448.500007390976 11.5000000223517 3.89999989420176 -448.500007390976 11.5000000223517 -6.80000009015203 -448.500007390976 12.6928202807903 -26.4999996870756 -448.500007390976 12.7999996766448 -26.1000003665686 -448.500007390976 12.0000001043081 -26.9000008702278 -448.500007390976 10.7000004500151 -26.9000008702278 -448.500007390976 12.4000003561378 -26.7928205430508 -448.500007390976 15.1000004261732 2.40000011399388 -448.500007390976 11.3371983170509 -17.9487969726324 -448.500007390976 11.5000000223517 -17.5999999046326 -448.500007390976 11.400000192225 -17.5999999046326 -448.500007390976 7.1000000461936 133.633330464363 -455.080062150955 7.1000000461936 93.699999153614 -453.000009059906 7.1000000461936 133.633330464363 -453.000009059906 7.1000000461936 93.699999153614 -455.080062150955 7.1000000461936 53.766667842865 -453.000009059906 7.1000000461936 53.766667842865 -455.080062150955 7.1000000461936 13.8333337381482 -453.000009059906 7.1000000461936 13.8333337381482 -455.080062150955 7.1000000461936 -26.1000003665686 -453.000009059906 7.1000000461936 201.57365500927 -455.080062150955 7.1000000461936 173.566669225693 -453.000009059906 7.1000000461936 202.424451708794 -455.000013113022 7.1000000461936 213.499993085861 -453.000009059906 7.1000000461936 -26.1000003665686 -455.080062150955 7.1000000461936 173.566669225693 -455.080062150955 7.1000000461936 213.499993085861 -455.000013113022 10.7000004500151 -26.9000008702278 -453.000009059906 7.89999961853027 -26.9000008702278 -455.164164304733 12.0000001043081 -26.9000008702278 -455.595076084137 12.0000001043081 -26.9000008702278 -448.500007390976 7.89999961853027 -26.9000008702278 -453.000009059906 10.7000004500151 -26.9000008702278 -448.500007390976 17.000000923872 -5.9000002220273 36.1000001430511 17.000000923872 2.49999994412065 37.0000004768372 17.000000923872 -5.9000002220273 37.0000004768372 17.000000923872 2.49999994412065 -436.899989843369 17.000000923872 -5.9000002220273 -436.899989843369 20.5000005662441 2.49999994412065 -436.899989843369 18.2499997317791 2.49999994412065 37.0000004768372 17.000000923872 2.49999994412065 -436.899989843369 20.5000005662441 2.49999994412065 37.0000004768372 17.000000923872 2.49999994412065 37.0000004768372 20.8000000566244 2.70000007003546 -453.999996185303 20.8000000566244 204.053536057472 -455.983519554138 20.8000000566244 206.287935376167 -455.245733261108 20.8000000566244 210.800006985664 -453.999996185303 20.8000000566244 208.599999547005 -455.000013113022 20.8000000566244 213.499993085861 -455.000013113022 20.8000000566244 213.499993085861 -453.000009059906 20.8000000566244 210.800006985664 -453.000009059906 20.8000000566244 -6.00000005215406 -453.000009059906 20.8000000566244 2.70000007003546 -453.000009059906 20.8000000566244 201.57365500927 -456.519991159439 20.8000000566244 -6.00000005215406 -456.519991159439 19.9999995529652 -6.80000009015203 -453.000009059906 12.7999996766448 -6.80000009015203 -455.679178237915 19.9999995529652 -6.80000009015203 -456.435918807983 12.7999996766448 -6.80000009015203 -453.000009059906 12.7999996766448 -26.1000003665686 -455.679178237915 12.7999996766448 -6.80000009015203 -453.000009059906 12.7999996766448 -26.1000003665686 -448.500007390976 12.7999996766448 -6.80000009015203 -455.679178237915 12.7999996766448 2.40000011399388 -448.500007390976 12.7999996766448 2.40000011399388 -453.000009059906 19.5000004023314 214.800000190735 -453.000009059906 8.39999970048666 214.800000190735 -455.000013113022 8.39999970048666 214.800000190735 -453.000009059906 19.5000004023314 214.800000190735 -455.000013113022 20.7193177193403 208.167985081673 -455.000013113022 8.39999970048666 214.800000190735 -455.000013113022 20.8000000566244 208.599999547005 -455.000013113022 10.523502714932 203.607112169266 -455.000013113022 7.1000000461936 213.499993085861 -455.000013113022 7.27416714653373 214.149996638298 -455.000013113022 14.526043087244 204.73450422287 -455.000013113022 7.74999987334013 214.625835418701 -455.000013113022 18.4086188673973 206.235095858574 -455.000013113022 8.77877231687307 203.111246228218 -455.000013113022 19.8973473161459 207.152172923088 -455.000013113022 19.5000004023314 214.800000190735 -455.000013113022 20.8000000566244 213.499993085861 -455.000013113022 20.5101016908884 207.780689001083 -455.000013113022 20.6258334219456 214.149996638298 -455.000013113022 20.1500002294779 214.625835418701 -455.000013113022 7.1000000461936 202.424451708794 -455.000013113022 7.49999983236194 -26.7928205430508 -455.122113227844 7.89999961853027 -26.9000008702278 -453.000009059906 7.49999983236194 -26.7928205430508 -453.000009059906 7.20717990770936 -26.4999996870756 -455.091327428818 7.89999961853027 -26.9000008702278 -455.164164304733 7.20717990770936 -26.4999996870756 -453.000009059906 7.1000000461936 -26.1000003665686 -453.000009059906 7.12725939229131 -26.3070557266474 -455.082923173904 7.1000000461936 -26.1000003665686 -455.080062150955 12.6928202807903 -26.4999996870756 -455.667912960052 12.7999996766448 -26.1000003665686 -448.500007390976 12.6928202807903 -26.4999996870756 -448.500007390976 12.7727407962084 -26.3070557266474 -455.676287412643 12.4000003561378 -26.7928205430508 -448.500007390976 12.0000001043081 -26.9000008702278 -455.595076084137 12.4000003561378 -26.7928205430508 -455.637127161026 12.7999996766448 -26.1000003665686 -455.679178237915 12.0000001043081 -26.9000008702278 -448.500007390976 20.8000000566244 -6.00000005215406 -453.000009059906 20.7727402448654 -6.20705541223288 -456.51713013649 20.8000000566244 -6.00000005215406 -456.519991159439 20.6928197294474 -6.3999998383224 -456.508725881577 20.6928197294474 -6.3999998383224 -453.000009059906 20.4000007361174 -6.69282022863626 -453.000009059906 19.9999995529652 -6.80000009015203 -456.435918807983 20.4000007361174 -6.69282022863626 -456.477969884872 19.9999995529652 -6.80000009015203 -453.000009059906 20.6258334219456 214.149996638298 -455.000013113022 20.8000000566244 213.499993085861 -453.000009059906 20.8000000566244 213.499993085861 -455.000013113022 20.6258334219456 214.149996638298 -453.000009059906 20.1500002294779 214.625835418701 -455.000013113022 20.1500002294779 214.625835418701 -453.000009059906 19.5000004023314 214.800000190735 -455.000013113022 19.5000004023314 214.800000190735 -453.000009059906 7.74999987334013 214.625835418701 -455.000013113022 8.39999970048666 214.800000190735 -453.000009059906 8.39999970048666 214.800000190735 -455.000013113022 7.27416714653373 214.149996638298 -455.000013113022 7.74999987334013 214.625835418701 -453.000009059906 7.27416714653373 214.149996638298 -453.000009059906 7.1000000461936 213.499993085861 -455.000013113022 7.1000000461936 213.499993085861 -453.000009059906 15.1000004261732 3.89999989420176 -448.500007390976 15.1000004261732 2.70000007003546 -453.000009059906 15.1000004261732 3.89999989420176 -453.000009059906 15.1000004261732 2.40000011399388 -448.500007390976 15.1000004261732 2.40000011399388 -453.000009059906 12.7999996766448 2.40000011399388 -448.500007390976 15.1000004261732 2.40000011399388 -453.000009059906 15.1000004261732 2.40000011399388 -448.500007390976 12.7999996766448 2.40000011399388 -453.000009059906 10.7000004500151 -22.9038186371326 -453.000009059906 10.7000004500151 -26.9000008702278 -448.500007390976 10.7000004500151 -22.9038186371326 -448.500007390976 10.7000004500151 -26.9000008702278 -453.000009059906 18.4086188673973 206.235095858574 -455.000013113022 20.8000000566244 204.053536057472 -455.983519554138 14.526043087244 204.73450422287 -455.000013113022 20.8000000566244 206.287935376167 -455.245733261108 20.5101016908884 207.780689001083 -455.000013113022 20.7193177193403 208.167985081673 -455.000013113022 10.523502714932 203.607112169266 -455.000013113022 19.8973473161459 207.152172923088 -455.000013113022 20.8000000566244 208.599999547005 -455.000013113022 20.8000000566244 201.57365500927 -456.519991159439 10.523502714932 203.607112169266 -455.000013113022 20.8000000566244 204.053536057472 -455.983519554138 8.77877231687307 203.111246228218 -455.000013113022 7.1000000461936 201.57365500927 -455.080062150955 7.1000000461936 202.424451708794 -455.000013113022 19.9999995529652 -6.80000009015203 -456.435918807983 20.8000000566244 -6.00000005215406 -456.519991159439 20.7727402448654 -6.20705541223288 -456.51713013649 12.7999996766448 -6.80000009015203 -455.679178237915 7.1000000461936 -26.1000003665686 -455.080062150955 7.1000000461936 13.8333337381482 -455.080062150955 7.89999961853027 -26.9000008702278 -455.164164304733 7.20717990770936 -26.4999996870756 -455.091327428818 7.12725939229131 -26.3070557266474 -455.082923173904 12.0000001043081 -26.9000008702278 -455.595076084137 12.6928202807903 -26.4999996870756 -455.667912960052 12.4000003561378 -26.7928205430508 -455.637127161026 7.1000000461936 93.699999153614 -455.080062150955 7.1000000461936 53.766667842865 -455.080062150955 20.6928197294474 -6.3999998383224 -456.508725881577 20.4000007361174 -6.69282022863626 -456.477969884872 12.7999996766448 -26.1000003665686 -455.679178237915 12.7727407962084 -26.3070557266474 -455.676287412643 7.1000000461936 173.566669225693 -455.080062150955 20.8000000566244 201.57365500927 -456.519991159439 7.1000000461936 133.633330464363 -455.080062150955 7.1000000461936 201.57365500927 -455.080062150955 7.49999983236194 -26.7928205430508 -455.122113227844 11.5000000223517 -17.5999999046326 -440.400004386902 11.400000192225 -17.5999999046326 -448.500007390976 11.5000000223517 -17.5999999046326 -448.500007390976 11.400000192225 -17.5999999046326 -440.400004386902 11.5000000223517 -6.80000009015203 -440.400004386902 11.400000192225 -6.69999979436398 -440.400004386902 11.400000192225 -8.24999995529652 -440.400004386902 11.5000000223517 -17.5999999046326 -440.400004386902 11.400000192225 -17.5999999046326 -440.400004386902 11.5000000223517 -6.69999979436398 -440.400004386902 18.580000847578 188.60000371933 -437.799990177155 18.580000847578 196.299999952316 -449.000000953674 18.580000847578 196.299999952316 -437.799990177155 18.580000847578 188.60000371933 -449.000000953674 18.580000847578 196.299999952316 -449.000000953674 11.5000000223517 196.299999952316 -438.899993896484 18.580000847578 196.299999952316 -437.799990177155 11.5000000223517 196.299999952316 -437.799990177155 11.5000000223517 196.299999952316 -449.000000953674 11.5000000223517 188.60000371933 -437.799990177155 18.580000847578 196.299999952316 -437.799990177155 11.5000000223517 196.299999952316 -437.799990177155 18.580000847578 188.60000371933 -437.799990177155 11.5000000223517 188.60000371933 -438.899993896484 18.580000847578 188.60000371933 -437.799990177155 11.5000000223517 188.60000371933 -437.799990177155 18.580000847578 188.60000371933 -449.000000953674 11.5000000223517 188.60000371933 -449.000000953674 18.580000847578 188.60000371933 -449.000000953674 11.5000000223517 196.299999952316 -449.000000953674 18.580000847578 196.299999952316 -449.000000953674 11.5000000223517 188.60000371933 -449.000000953674 18.580000847578 124.600000679493 -449.000000953674 18.580000847578 132.30000436306 -437.799990177155 18.580000847578 124.600000679493 -437.799990177155 18.580000847578 132.30000436306 -449.000000953674 18.580000847578 132.30000436306 -437.799990177155 11.5000000223517 132.30000436306 -438.899993896484 11.5000000223517 132.30000436306 -437.799990177155 18.580000847578 132.30000436306 -449.000000953674 11.5000000223517 132.30000436306 -449.000000953674 11.5000000223517 124.600000679493 -437.799990177155 18.580000847578 132.30000436306 -437.799990177155 11.5000000223517 132.30000436306 -437.799990177155 18.580000847578 124.600000679493 -437.799990177155 18.580000847578 124.600000679493 -449.000000953674 11.5000000223517 124.600000679493 -438.899993896484 11.5000000223517 124.600000679493 -449.000000953674 18.580000847578 124.600000679493 -437.799990177155 11.5000000223517 124.600000679493 -437.799990177155 18.580000847578 124.600000679493 -449.000000953674 11.5000000223517 132.30000436306 -449.000000953674 18.580000847578 132.30000436306 -449.000000953674 11.5000000223517 124.600000679493 -449.000000953674 18.580000847578 173.299998044968 -449.000000953674 18.580000847578 184.499993920326 -439.999997615814 18.580000847578 173.299998044968 -439.999997615814 18.580000847578 184.499993920326 -449.000000953674 11.5000000223517 184.499993920326 -439.999997615814 18.580000847578 184.499993920326 -449.000000953674 11.5000000223517 184.499993920326 -449.000000953674 18.580000847578 184.499993920326 -439.999997615814 18.580000847578 173.299998044968 -439.999997615814 11.5000000223517 184.499993920326 -439.999997615814 11.5000000223517 173.299998044968 -439.999997615814 18.580000847578 184.499993920326 -439.999997615814 11.5000000223517 173.299998044968 -439.999997615814 18.580000847578 173.299998044968 -449.000000953674 18.580000847578 173.299998044968 -439.999997615814 11.5000000223517 173.299998044968 -449.000000953674 18.580000847578 173.299998044968 -449.000000953674 11.5000000223517 184.499993920326 -449.000000953674 18.580000847578 184.499993920326 -449.000000953674 11.5000000223517 173.299998044968 -449.000000953674 18.580000847578 120.49999833107 -439.999997615814 18.580000847578 109.300002455711 -449.000000953674 18.580000847578 120.49999833107 -449.000000953674 18.580000847578 109.300002455711 -439.999997615814 11.5000000223517 120.49999833107 -439.999997615814 18.580000847578 120.49999833107 -449.000000953674 11.5000000223517 120.49999833107 -449.000000953674 18.580000847578 120.49999833107 -439.999997615814 18.580000847578 109.300002455711 -439.999997615814 11.5000000223517 120.49999833107 -439.999997615814 11.5000000223517 109.300002455711 -439.999997615814 18.580000847578 120.49999833107 -439.999997615814 11.5000000223517 109.300002455711 -449.000000953674 18.580000847578 109.300002455711 -439.999997615814 11.5000000223517 109.300002455711 -439.999997615814 18.580000847578 109.300002455711 -449.000000953674 18.580000847578 109.300002455711 -449.000000953674 11.5000000223517 120.49999833107 -449.000000953674 18.580000847578 120.49999833107 -449.000000953674 11.5000000223517 109.300002455711 -449.000000953674 18.580000847578 54.0999993681908 -437.799990177155 18.580000847578 46.399999409914 -449.000000953674 18.580000847578 54.0999993681908 -449.000000953674 18.580000847578 46.399999409914 -437.799990177155 11.5000000223517 46.399999409914 -438.899993896484 18.580000847578 46.399999409914 -449.000000953674 18.580000847578 46.399999409914 -437.799990177155 11.5000000223517 46.399999409914 -437.799990177155 11.5000000223517 46.399999409914 -449.000000953674 18.580000847578 46.399999409914 -449.000000953674 11.5000000223517 54.0999993681908 -449.000000953674 18.580000847578 54.0999993681908 -449.000000953674 11.5000000223517 46.399999409914 -449.000000953674 18.580000847578 54.0999993681908 -449.000000953674 11.5000000223517 54.0999993681908 -438.899993896484 18.580000847578 54.0999993681908 -437.799990177155 11.5000000223517 54.0999993681908 -449.000000953674 11.5000000223517 54.0999993681908 -437.799990177155 18.580000847578 46.399999409914 -437.799990177155 11.5000000223517 54.0999993681908 -437.799990177155 11.5000000223517 46.399999409914 -437.799990177155 18.580000847578 54.0999993681908 -437.799990177155 18.580000847578 19.3000007420778 -449.000000953674 18.580000847578 8.10000021010637 -439.999997615814 18.580000847578 8.10000021010637 -449.000000953674 18.580000847578 19.3000007420778 -439.999997615814 11.5000000223517 19.3000007420778 -439.999997615814 18.580000847578 19.3000007420778 -449.000000953674 11.5000000223517 19.3000007420778 -449.000000953674 18.580000847578 19.3000007420778 -439.999997615814 11.5000000223517 8.10000021010637 -439.999997615814 18.580000847578 19.3000007420778 -439.999997615814 11.5000000223517 19.3000007420778 -439.999997615814 18.580000847578 8.10000021010637 -439.999997615814 11.5000000223517 8.10000021010637 -439.999997615814 18.580000847578 8.10000021010637 -449.000000953674 18.580000847578 8.10000021010637 -439.999997615814 11.5000000223517 8.10000021010637 -449.000000953674 18.580000847578 8.10000021010637 -449.000000953674 11.5000000223517 19.3000007420778 -449.000000953674 18.580000847578 19.3000007420778 -449.000000953674 11.5000000223517 8.10000021010637 -449.000000953674 18.580000847578 4.00000018998981 -449.000000953674 18.580000847578 5.59999980032444 -441.000014543533 18.580000847578 4.00000018998981 -441.000014543533 18.580000847578 5.59999980032444 -449.000000953674 11.5000000223517 5.59999980032444 -441.000014543533 18.580000847578 5.59999980032444 -449.000000953674 11.5000000223517 5.59999980032444 -449.000000953674 18.580000847578 5.59999980032444 -441.000014543533 18.580000847578 4.00000018998981 -441.000014543533 11.5000000223517 5.59999980032444 -441.000014543533 11.5000000223517 4.00000018998981 -441.000014543533 18.580000847578 5.59999980032444 -441.000014543533 18.580000847578 4.00000018998981 -441.000014543533 11.5000000223517 4.00000018998981 -449.000000953674 18.580000847578 4.00000018998981 -449.000000953674 11.5000000223517 4.00000018998981 -441.000014543533 18.580000847578 4.00000018998981 -449.000000953674 11.5000000223517 5.59999980032444 -449.000000953674 18.580000847578 5.59999980032444 -449.000000953674 11.5000000223517 4.00000018998981 -449.000000953674 14.299999922514 2.70000007003546 -453.999996185303 20.8000000566244 210.800006985664 -453.999996185303 14.299999922514 210.800006985664 -453.999996185303 20.8000000566244 2.70000007003546 -453.999996185303 14.299999922514 210.800006985664 -453.999996185303 20.8000000566244 210.800006985664 -453.000009059906 14.299999922514 210.800006985664 -453.000009059906 20.8000000566244 210.800006985664 -453.999996185303 15.1000004261732 2.70000007003546 -453.000009059906 20.8000000566244 2.70000007003546 -453.999996185303 14.299999922514 2.70000007003546 -453.999996185303 14.299999922514 2.70000007003546 -453.000009059906 20.8000000566244 2.70000007003546 -453.000009059906 14.299999922514 3.89999989420176 -453.000009059906 14.299999922514 210.800006985664 -453.999996185303 14.299999922514 210.800006985664 -453.000009059906 14.299999922514 2.70000007003546 -453.999996185303 14.299999922514 2.70000007003546 -453.000009059906 15.3999999165535 213.799998164177 -452.800005674362 15.3999999165535 214.399993419647 -436.899989843369 15.3999999165535 213.799998164177 -436.899989843369 15.3999999165535 214.399993419647 -452.800005674362 8.00000037997961 207.433968782425 37.0000004768372 8.500000461936 207.300007343292 -453.000009059906 8.500000461936 207.300007343292 37.0000004768372 7.49999983236194 208.299994468689 37.0000004768372 7.63397477567196 207.800000905991 -453.000009059906 7.63397477567196 207.800000905991 37.0000004768372 8.00000037997961 207.433968782425 -453.000009059906 7.49999983236194 208.299994468689 -453.000009059906 7.49999983236194 213.300004601479 37.0000004768372 7.49999983236194 208.299994468689 -453.000009059906 7.49999983236194 208.299994468689 37.0000004768372 7.49999983236194 213.300004601479 -453.000009059906 8.60000029206276 214.399993419647 37.0000004768372 8.05000029504299 214.25262093544 -453.000009059906 8.05000029504299 214.25262093544 37.0000004768372 7.6473718509078 213.850006461143 -453.000009059906 7.6473718509078 213.850006461143 37.0000004768372 7.49999983236194 213.300004601479 -453.000009059906 8.60000029206276 214.399993419647 -453.000009059906 7.49999983236194 213.300004601479 37.0000004768372 19.4000005722046 214.399993419647 -436.899989843369 18.2499997317791 214.399993419647 37.0000004768372 19.4000005722046 214.399993419647 37.0000004768372 15.3999999165535 214.399993419647 -436.899989843369 8.60000029206276 214.399993419647 37.0000004768372 11.400000192225 214.399993419647 -452.800005674362 15.3999999165535 214.399993419647 -452.800005674362 8.60000029206276 214.399993419647 -453.000009059906 11.400000192225 214.399993419647 -453.000009059906 19.9500005692244 214.25262093544 -436.899989843369 20.352628082037 213.850006461143 37.0000004768372 20.352628082037 213.850006461143 -436.899989843369 19.4000005722046 214.399993419647 -436.899989843369 19.9500005692244 214.25262093544 37.0000004768372 19.4000005722046 214.399993419647 37.0000004768372 20.5000005662441 213.300004601479 37.0000004768372 20.5000005662441 213.300004601479 -436.899989843369 20.5000005662441 213.300004601479 37.0000004768372 20.5000005662441 24.7743893414736 -417.37499833107 20.5000005662441 213.300004601479 -436.899989843369 20.5000005662441 47.2999997437 2.09999992512167 20.5000005662441 51.3000003993511 4.72499988973141 20.5000005662441 47.2999997437 4.72499988973141 20.5000005662441 11.400000192225 2.09999992512167 20.5000005662441 18.1499999016523 -419.149994850159 20.5000005662441 23.4750006347895 -416.075617074966 20.5000005662441 21.7000003904104 -415.600001811981 20.5000005662441 2.49999994412065 -436.899989843369 20.5000005662441 18.6256095767021 -420.924991369247 20.5000005662441 23.4750006347895 -422.224402427673 20.5000005662441 18.6256095767021 -417.37499833107 20.5000005662441 19.9250001460314 -416.075617074966 20.5000005662441 7.89999961853027 15.3999999165535 20.5000005662441 11.400000192225 18.8999995589256 20.5000005662441 2.49999994412065 37.0000004768372 20.5000005662441 7.89999961853027 5.59999980032444 20.5000005662441 19.9250001460314 -422.224402427673 20.5000005662441 21.7000003904104 -422.699987888336 20.5000005662441 24.7743893414736 -420.924991369247 20.5000005662441 25.2500008791685 -419.149994850159 20.5000005662441 157.000005245209 37.0000004768372 20.5000005662441 47.2999997437 18.8999995589256 20.5000005662441 51.3000003993511 16.2749998271465 20.5000005662441 11.400000192225 5.59999980032444 20.5000005662441 47.2999997437 16.2749998271465 20.5000005662441 11.400000192225 15.3999999165535 7.63112353160977 206.720843911171 -453.000009059906 7.99323339015245 207.117512822151 37.0000004768372 7.99323339015245 207.117512822151 -453.000009059906 8.500000461936 207.295447587967 37.0000004768372 7.63112353160977 206.720843911171 37.0000004768372 7.49999983236194 206.200003623962 -453.000009059906 7.49999983236194 206.200003623962 37.0000004768372 8.500000461936 207.295447587967 -453.000009059906 9.51000023633242 -25.9949993342161 -40.6000018119812 8.70999973267317 -24.4999993592501 -40.6000018119812 9.51000023633242 -24.4999993592501 -40.6000018119812 8.40749964118004 -26.5189446508884 -40.6000018119812 8.90500005334616 -26.5999995172024 -40.6000018119812 8.10499954968691 -26.5999995172024 -40.6000018119812 8.70999973267317 -25.9949993342161 -40.6000018119812 9.20750014483929 -26.5189446508884 -40.6000018119812 8.62894579768181 -26.2975003570318 -40.6000018119812 9.42894537001848 -26.2975003570318 -40.6000018119812 7.79999978840351 -11.0999997705221 8.33152141422033 7.79999978840351 -11.0999997705221 -39.3315218389034 8.2999998703599 -11.0999997705221 7.64867383986712 8.2999998703599 -11.0999997705221 -38.6486724019051 7.65329925343394 -11.0999997705221 -40.3999984264374 7.79999978840351 -11.0999997705221 -40.3999984264374 7.65329925343394 -11.0999997705221 9.4999996945262 7.79999978840351 -11.0999997705221 9.4999996945262 7.57839949801564 -11.2678091973066 -40.3999984264374 7.79999978840351 -11.0999997705221 -40.3999984264374 7.65329925343394 -11.0999997705221 -40.3999984264374 7.79999978840351 -26.5174936503172 -40.3999984264374 7.49999983236194 -11.7124356329441 -40.3999984264374 7.49999983236194 -25.9949993342161 -40.3999984264374 7.58105469867587 -26.2975003570318 -40.3999984264374 7.79999978840351 -11.0999997705221 -39.3315218389034 7.79999978840351 -26.5174936503172 -40.3999984264374 7.79999978840351 -26.5174936503172 -39.3315218389034 7.79999978840351 -11.0999997705221 -40.3999984264374 8.2999998703599 -11.0999997705221 -38.6486724019051 8.10499954968691 -26.5999995172024 -38.9149859547615 8.2999998703599 -26.5999995172024 -38.6486724019051 7.80265918001533 -26.5190377831459 -39.3278896808624 7.79999978840351 -26.5174936503172 -39.3315218389034 7.79999978840351 -11.0999997705221 -39.3315218389034 8.2999998703599 -11.0999997705221 -38.6486724019051 8.2999998703599 -15.650000423193 -24.4999993592501 8.2999998703599 -15.650000423193 -6.50000013411045 8.2999998703599 -11.0999997705221 7.64867383986712 8.2999998703599 -15.650000423193 -37.5000014901161 8.2999998703599 -26.5999995172024 7.64867383986712 8.2999998703599 -15.650000423193 6.50000013411045 8.2999998703599 -22.350000217557 6.50000013411045 8.2999998703599 -22.350000217557 -24.4999993592501 8.2999998703599 -22.350000217557 -6.50000013411045 8.2999998703599 -26.5999995172024 -38.6486724019051 8.2999998703599 -22.350000217557 -37.5000014901161 8.10499954968691 -26.5999995172024 7.91498459875584 8.2999998703599 -11.0999997705221 7.64867383986712 8.2999998703599 -26.5999995172024 7.64867383986712 7.79999978840351 -26.5174936503172 8.33152141422033 7.80265918001533 -26.5190377831459 8.32788925617933 7.79999978840351 -11.0999997705221 8.33152141422033 7.79999978840351 -11.0999997705221 8.33152141422033 7.79999978840351 -26.5174936503172 9.4999996945262 7.79999978840351 -11.0999997705221 9.4999996945262 7.79999978840351 -26.5174936503172 8.33152141422033 8.90500005334616 -26.5999995172024 9.60000045597553 8.62894579768181 -26.2975003570318 9.60000045597553 8.40749964118004 -26.5189446508884 9.60000045597553 9.20750014483929 -26.5189446508884 9.60000045597553 8.70999973267317 -25.9949993342161 9.60000045597553 8.10499954968691 -26.5999995172024 9.60000045597553 9.42894537001848 -26.2975003570318 9.60000045597553 9.51000023633242 -25.9949993342161 9.60000045597553 8.70999973267317 -24.4999993592501 9.60000045597553 9.51000023633242 -24.4999993592501 9.60000045597553 8.2999998703599 -26.5999995172024 -38.6486724019051 8.90500005334616 -26.5999995172024 9.60000045597553 8.2999998703599 -26.5999995172024 7.64867383986712 8.10499954968691 -26.5999995172024 7.91498459875584 8.10499954968691 -26.5999995172024 -38.9149859547615 8.90500005334616 -26.5999995172024 -40.6000018119812 8.10499954968691 -26.5999995172024 -40.6000018119812 8.10499954968691 -26.5999995172024 9.60000045597553 9.20750014483929 -26.5189446508884 -40.6000018119812 8.90500005334616 -26.5999995172024 9.60000045597553 8.90500005334616 -26.5999995172024 -40.6000018119812 9.51000023633242 -25.9949993342161 -40.6000018119812 9.42894537001848 -26.2975003570318 9.60000045597553 9.42894537001848 -26.2975003570318 -40.6000018119812 9.51000023633242 -25.9949993342161 9.60000045597553 9.20750014483929 -26.5189446508884 9.60000045597553 9.51000023633242 -25.9949993342161 9.60000045597553 9.51000023633242 -24.4999993592501 -40.6000018119812 9.51000023633242 -24.4999993592501 9.60000045597553 9.51000023633242 -25.9949993342161 -40.6000018119812 9.90521162748337 -22.8786934167147 -448.500007390976 9.87831875681877 -23.0000000447035 -453.000009059906 9.90521162748337 -22.8786934167147 -453.000009059906 10.881120339036 -18.4766538441181 37.0000004768372 9.90883354097605 -22.8623561561108 -448.500007390976 10.881120339036 -18.4766538441181 -448.500007390976 9.87831875681877 -23.0000000447035 37.0000004768372 9.87831875681877 -23.0000000447035 -453.000009059906 8.70999973267317 -23.0000000447035 37.0000004768372 8.70999973267317 -23.0000000447035 -453.000009059906 9.87831875681877 -23.0000000447035 37.0000004768372 8.70999973267317 -23.0000000447035 -453.000009059906 8.70999973267317 -25.9949993342161 -383.571743965149 8.70999973267317 -25.9949993342161 -453.000009059906 8.70999973267317 -25.9949993342161 37.0000004768372 8.70999973267317 -24.4999993592501 9.60000045597553 8.70999973267317 -23.0000000447035 37.0000004768372 8.70999973267317 -25.9949993342161 9.60000045597553 8.70999973267317 -24.4999993592501 -40.6000018119812 8.70999973267317 -25.9949993342161 -105.858728289604 8.70999973267317 -25.9949993342161 -40.6000018119812 8.70999973267317 -25.9949993342161 -175.2869784832 8.70999973267317 -25.9949993342161 -314.143478870392 8.70999973267317 -25.9949993342161 -244.715243577957 7.58105469867587 -26.2975003570318 -453.000009059906 7.49999983236194 -25.9949993342161 -383.571743965149 7.49999983236194 -25.9949993342161 -453.000009059906 8.70999973267317 -25.9949993342161 -383.571743965149 8.62894579768181 -26.2975003570318 -314.143478870392 8.62894579768181 -26.2975003570318 -383.571743965149 8.70999973267317 -25.9949993342161 -105.858728289604 8.62894579768181 -26.2975003570318 -40.6000018119812 8.62894579768181 -26.2975003570318 -105.858728289604 7.58105469867587 -26.2975003570318 -105.858728289604 7.49999983236194 -25.9949993342161 -40.3999984264374 7.49999983236194 -25.9949993342161 -105.858728289604 7.79999978840351 -26.5174936503172 -40.3999984264374 7.80265918001533 -26.5190377831459 -39.3278896808624 7.79999978840351 -26.5174936503172 -39.3315218389034 7.58105469867587 -26.2975003570318 -40.3999984264374 8.70999973267317 -25.9949993342161 -453.000009059906 8.62894579768181 -26.2975003570318 -453.000009059906 7.58105469867587 -26.2975003570318 -383.571743965149 7.49999983236194 -25.9949993342161 -314.143478870392 7.58105469867587 -26.2975003570318 -314.143478870392 8.40749964118004 -26.5189446508884 -40.6000018119812 8.40749964118004 -26.5189446508884 -105.858728289604 8.10499954968691 -26.5999995172024 -40.6000018119812 8.10499954968691 -26.5999995172024 -105.858728289604 8.62894579768181 -26.2975003570318 -175.2869784832 8.40749964118004 -26.5189446508884 -175.2869784832 8.62894579768181 -26.2975003570318 -244.715243577957 8.40749964118004 -26.5189446508884 -244.715243577957 8.40749964118004 -26.5189446508884 -314.143478870392 8.40749964118004 -26.5189446508884 -383.571743965149 8.40749964118004 -26.5189446508884 -453.000009059906 8.10499954968691 -26.5999995172024 -175.2869784832 7.80249992385507 -26.5189446508884 -105.858728289604 8.10499954968691 -26.5999995172024 -244.715243577957 8.10499954968691 -26.5999995172024 -314.143478870392 8.10499954968691 -26.5999995172024 -383.571743965149 8.10499954968691 -26.5999995172024 -453.000009059906 7.49999983236194 -25.9949993342161 -244.715243577957 7.58105469867587 -26.2975003570318 -244.715243577957 7.49999983236194 -25.9949993342161 -175.2869784832 7.58105469867587 -26.2975003570318 -175.2869784832 7.80249992385507 -26.5189446508884 -453.000009059906 7.80249992385507 -26.5189446508884 -383.571743965149 7.80249992385507 -26.5189446508884 -314.143478870392 7.80249992385507 -26.5189446508884 -244.715243577957 7.80249992385507 -26.5189446508884 -175.2869784832 8.70999973267317 -25.9949993342161 -314.143478870392 8.70999973267317 -25.9949993342161 -244.715243577957 8.70999973267317 -25.9949993342161 -175.2869784832 8.10499954968691 -26.5999995172024 -38.9149859547615 8.70999973267317 -25.9949993342161 -40.6000018119812 8.10499954968691 -26.5999995172024 37.0000004768372 8.40749964118004 -26.5189446508884 9.60000045597553 8.40749964118004 -26.5189446508884 37.0000004768372 7.80265918001533 -26.5190377831459 8.32788925617933 7.79999978840351 -26.5174936503172 9.4999996945262 7.79999978840351 -26.5174936503172 8.33152141422033 7.58105469867587 -26.2975003570318 9.4999996945262 7.49999983236194 -25.9949993342161 37.0000004768372 7.49999983236194 -25.9949993342161 9.4999996945262 7.80249992385507 -26.5189446508884 37.0000004768372 7.58105469867587 -26.2975003570318 37.0000004768372 8.10499954968691 -26.5999995172024 9.60000045597553 8.10499954968691 -26.5999995172024 7.91498459875584 8.62894579768181 -26.2975003570318 9.60000045597553 8.70999973267317 -25.9949993342161 9.60000045597553 8.62894579768181 -26.2975003570318 37.0000004768372 8.70999973267317 -25.9949993342161 37.0000004768372 7.49999983236194 -25.9949993342161 -383.571743965149 7.49999983236194 -11.7124356329441 -453.000009059906 7.49999983236194 -25.9949993342161 -453.000009059906 7.49999983236194 -11.7124356329441 -354.999989271164 7.49999983236194 -11.7124356329441 -61.0000006854534 7.49999983236194 -25.9949993342161 -40.3999984264374 7.49999983236194 -11.7124356329441 -40.3999984264374 7.49999983236194 -25.9949993342161 -105.858728289604 7.49999983236194 -11.7124356329441 -158.999994397163 7.49999983236194 -11.7124356329441 -256.999999284744 7.49999983236194 -25.9949993342161 -175.2869784832 7.49999983236194 -25.9949993342161 -244.715243577957 7.49999983236194 -25.9949993342161 -314.143478870392 7.49999983236194 -25.9949993342161 9.4999996945262 7.49999983236194 -11.7124356329441 37.0000004768372 7.49999983236194 -11.7124356329441 9.4999996945262 7.49999983236194 -25.9949993342161 37.0000004768372 7.49999983236194 -11.7124356329441 -256.999999284744 7.57839949801564 -11.2678091973066 -158.999994397163 7.57839949801564 -11.2678091973066 -256.999999284744 7.49999983236194 -11.7124356329441 -158.999994397163 7.57839949801564 -11.2678091973066 -61.0000006854534 7.49999983236194 -11.7124356329441 -61.0000006854534 7.57839949801564 -11.2678091973066 -40.3999984264374 7.65329925343394 -11.0999997705221 9.4999996945262 7.57839949801564 -11.2678091973066 37.0000004768372 7.8041423112154 -10.8768120408058 37.0000004768372 7.49999983236194 -11.7124356329441 -354.999989271164 7.57839949801564 -11.2678091973066 -354.999989271164 7.8041423112154 -10.8768120408058 -61.0000006854534 7.65329925343394 -11.0999997705221 -40.3999984264374 7.49999983236194 -11.7124356329441 9.4999996945262 7.57839949801564 -11.2678091973066 9.4999996945262 7.49999983236194 -11.7124356329441 37.0000004768372 7.49999983236194 -11.7124356329441 -40.3999984264374 7.49999983236194 -11.7124356329441 -453.000009059906 7.8041423112154 -10.8768120408058 -158.999994397163 7.8041423112154 -10.8768120408058 -256.999999284744 7.8041423112154 -10.8768120408058 -354.999989271164 7.57839949801564 -11.2678091973066 -453.000009059906 8.15000012516975 -10.5866026133299 37.0000004768372 8.15000012516975 -10.5866026133299 -61.0000006854534 8.15000012516975 -10.5866026133299 -158.999994397163 8.15000012516975 -10.5866026133299 -256.999999284744 8.15000012516975 -10.5866026133299 -354.999989271164 7.8041423112154 -10.8768120408058 -453.000009059906 8.15000012516975 -10.5866026133299 -453.000009059906 8.1809014081955 -10.5587784200907 37.0000004768372 8.15000012516975 -10.5866026133299 -256.999999284744 8.15000012516975 -10.5866026133299 -158.999994397163 8.1809014081955 -10.4412212967873 -453.000009059906 8.19781515747309 -10.4792090132833 37.0000004768372 8.1809014081955 -10.4412212967873 37.0000004768372 8.19781515747309 -10.4792090132833 -453.000009059906 8.19781515747309 -10.5207907035947 37.0000004768372 8.19781515747309 -10.5207907035947 -453.000009059906 8.15000012516975 -10.5866026133299 -61.0000006854534 8.15000012516975 -10.5866026133299 37.0000004768372 8.1809014081955 -10.5587784200907 -453.000009059906 8.15000012516975 -10.5866026133299 -354.999989271164 8.15000012516975 -10.5866026133299 -453.000009059906 8.15000012516975 -10.413397103548 -453.000009059906 8.15000012516975 -10.413397103548 37.0000004768372 7.8041423112154 -10.1231886073947 -453.000009059906 7.57839949801564 -9.7321905195713 37.0000004768372 7.57839949801564 -9.7321905195713 -453.000009059906 8.15000012516975 -10.413397103548 -453.000009059906 7.8041423112154 -10.1231886073947 37.0000004768372 8.15000012516975 -10.413397103548 37.0000004768372 7.49999983236194 -9.28756408393383 37.0000004768372 7.49999983236194 -9.28756408393383 -453.000009059906 7.49999983236194 -9.28756408393383 -453.000009059906 7.49999983236194 157.000005245209 37.0000004768372 7.49999983236194 206.200003623962 -453.000009059906 7.49999983236194 206.200003623962 37.0000004768372 7.49999983236194 -9.28756408393383 37.0000004768372 9.39999986439943 -15.650000423193 -6.50000013411045 9.39999986439943 -22.350000217557 6.50000013411045 9.39999986439943 -15.650000423193 6.50000013411045 9.39999986439943 -22.350000217557 -6.50000013411045 9.39999986439943 -22.350000217557 6.50000013411045 8.2999998703599 -22.350000217557 -6.50000013411045 8.2999998703599 -22.350000217557 6.50000013411045 9.39999986439943 -22.350000217557 -6.50000013411045 8.2999998703599 -15.650000423193 -6.50000013411045 9.39999986439943 -22.350000217557 -6.50000013411045 9.39999986439943 -15.650000423193 -6.50000013411045 8.2999998703599 -22.350000217557 -6.50000013411045 9.39999986439943 -15.650000423193 -6.50000013411045 8.2999998703599 -15.650000423193 6.50000013411045 8.2999998703599 -15.650000423193 -6.50000013411045 9.39999986439943 -15.650000423193 6.50000013411045 8.2999998703599 -22.350000217557 6.50000013411045 9.39999986439943 -15.650000423193 6.50000013411045 9.39999986439943 -22.350000217557 6.50000013411045 8.2999998703599 -15.650000423193 6.50000013411045 9.39999986439943 -15.650000423193 -24.4999993592501 9.39999986439943 -22.350000217557 -37.5000014901161 9.39999986439943 -22.350000217557 -24.4999993592501 9.39999986439943 -15.650000423193 -37.5000014901161 8.2999998703599 -22.350000217557 -37.5000014901161 9.39999986439943 -22.350000217557 -24.4999993592501 9.39999986439943 -22.350000217557 -37.5000014901161 8.2999998703599 -22.350000217557 -24.4999993592501 8.2999998703599 -15.650000423193 -37.5000014901161 9.39999986439943 -22.350000217557 -37.5000014901161 9.39999986439943 -15.650000423193 -37.5000014901161 8.2999998703599 -22.350000217557 -37.5000014901161 9.39999986439943 -15.650000423193 -37.5000014901161 8.2999998703599 -15.650000423193 -24.4999993592501 8.2999998703599 -15.650000423193 -37.5000014901161 9.39999986439943 -15.650000423193 -24.4999993592501 9.39999986439943 -15.650000423193 -24.4999993592501 8.2999998703599 -22.350000217557 -24.4999993592501 8.2999998703599 -15.650000423193 -24.4999993592501 9.39999986439943 -22.350000217557 -24.4999993592501 7.49999983236194 -11.7124356329441 9.4999996945262 7.79999978840351 -26.5174936503172 9.4999996945262 7.49999983236194 -25.9949993342161 9.4999996945262 7.57839949801564 -11.2678091973066 9.4999996945262 7.79999978840351 -11.0999997705221 9.4999996945262 7.65329925343394 -11.0999997705221 9.4999996945262 7.58105469867587 -26.2975003570318 9.4999996945262 8.70999973267317 -24.4999993592501 9.60000045597553 9.51000023633242 -24.4999993592501 -40.6000018119812 8.70999973267317 -24.4999993592501 -40.6000018119812 9.51000023633242 -24.4999993592501 9.60000045597553</float_array><technique_common><accessor count="2187" source="#bau0026152251-mesh-positions-array" stride="3"><param name="X" type="float" /><param name="Y" type="float" /><param name="Z" type="float" /></accessor></technique_common></source><source id="bau0026152251-mesh-normals"><float_array id="bau0026152251-mesh-normals-array" count="6561">2.56805910638062E-16 0.866025388240814 -0.5 1.48266963193108E-16 0.5 -0.866025388240814 1.48266963193108E-16 0.5 -0.866025388240814 1.49844978631664E-31 5.05321539244431E-16 -1 1.49844978631664E-31 5.05321539244431E-16 -1 -1.48266963193108E-16 -0.5 -0.866025388240814 -1.48266963193108E-16 -0.5 -0.866025388240814 -2.56805910638062E-16 -0.866025388240814 -0.5 -2.56805910638062E-16 -0.866025388240814 -0.5 -2.96533926386216E-16 -1 -1.22464685258517E-16 -2.96533926386216E-16 -1 -1.22464685258517E-16 -2.56805910638062E-16 -0.866025388240814 0.5 -2.56805910638062E-16 -0.866025388240814 0.5 -1.48266963193108E-16 -0.5 0.866025388240814 -1.48266963193108E-16 -0.5 0.866025388240814 -5.8122247646747E-31 -1.96005393346247E-15 1 -5.8122247646747E-31 -1.96005393346247E-15 1 1.48266963193108E-16 0.5 0.866025388240814 1.48266963193108E-16 0.5 0.866025388240814 2.56805910638062E-16 0.866025388240814 0.5 2.56805910638062E-16 0.866025388240814 0.5 2.96533926386216E-16 1 0 2.96533926386216E-16 1 0 2.56805910638062E-16 0.866025388240814 -0.5 2.96533926386216E-16 1 0 2.56805910638062E-16 0.866025388240814 -0.5 2.56805910638062E-16 0.866025388240814 -0.5 1.48266963193108E-16 0.5 -0.866025388240814 1.48266963193108E-16 0.5 -0.866025388240814 1.49844978631664E-31 5.05321539244431E-16 -1 1.49844978631664E-31 5.05321539244431E-16 -1 -1.48266963193108E-16 -0.5 -0.866025388240814 -1.48266963193108E-16 -0.5 -0.866025388240814 -2.56805910638062E-16 -0.866025388240814 -0.5 -2.56805910638062E-16 -0.866025388240814 -0.5 -2.96533926386216E-16 -1 -1.22464685258517E-16 -2.96533926386216E-16 -1 -1.22464685258517E-16 -2.56805910638062E-16 -0.866025388240814 0.5 -2.56805910638062E-16 -0.866025388240814 0.5 -1.48266963193108E-16 -0.5 0.866025388240814 -1.48266963193108E-16 -0.5 0.866025388240814 -5.8122247646747E-31 -1.96005393346247E-15 1 -5.8122247646747E-31 -1.96005393346247E-15 1 1.48266963193108E-16 0.5 0.866025388240814 1.48266963193108E-16 0.5 0.866025388240814 2.56805910638062E-16 0.866025388240814 0.5 2.56805910638062E-16 0.866025388240814 0.5 2.96533926386216E-16 1 0 2.56805910638062E-16 0.866025388240814 -0.5 2.96533926386216E-16 1 0 2.96533926386216E-16 1 0 2.56805910638062E-16 0.866025388240814 -0.5 1.48266963193108E-16 0.5 -0.866025388240814 1.48266963193108E-16 0.5 -0.866025388240814 1.49844978631664E-31 5.05321539244431E-16 -1 1.49844978631664E-31 5.05321539244431E-16 -1 -1.48266963193108E-16 -0.5 -0.866025388240814 -1.48266963193108E-16 -0.5 -0.866025388240814 -2.56805910638062E-16 -0.866025388240814 -0.5 -2.56805910638062E-16 -0.866025388240814 -0.5 -2.96533926386216E-16 -1 -1.22464685258517E-16 -2.96533926386216E-16 -1 -1.22464685258517E-16 -2.56805910638062E-16 -0.866025388240814 0.5 -2.56805910638062E-16 -0.866025388240814 0.5 -1.48266963193108E-16 -0.5 0.866025388240814 -1.48266963193108E-16 -0.5 0.866025388240814 -5.8122247646747E-31 -1.96005393346247E-15 1 -5.8122247646747E-31 -1.96005393346247E-15 1 1.48266963193108E-16 0.5 0.866025388240814 1.48266963193108E-16 0.5 0.866025388240814 2.56805910638062E-16 0.866025388240814 0.5 2.56805910638062E-16 0.866025388240814 0.5 2.96533926386216E-16 1 0 2.56805910638062E-16 0.866025388240814 -0.5 2.56805910638062E-16 0.866025388240814 -0.5 1.48266963193108E-16 0.5 -0.866025388240814 1.48266963193108E-16 0.5 -0.866025388240814 1.49844978631664E-31 5.05321539244431E-16 -1 1.49844978631664E-31 5.05321539244431E-16 -1 -1.48266963193108E-16 -0.5 -0.866025388240814 -1.48266963193108E-16 -0.5 -0.866025388240814 -2.56805910638062E-16 -0.866025388240814 -0.5 -2.56805910638062E-16 -0.866025388240814 -0.5 -2.96533926386216E-16 -1 -1.22464685258517E-16 -2.96533926386216E-16 -1 -1.22464685258517E-16 -2.56805910638062E-16 -0.866025388240814 0.5 -2.56805910638062E-16 -0.866025388240814 0.5 -1.48266963193108E-16 -0.5 0.866025388240814 -5.8122247646747E-31 -1.96005393346247E-15 1 -5.8122247646747E-31 -1.96005393346247E-15 1 1.48266963193108E-16 0.5 0.866025388240814 1.48266963193108E-16 0.5 0.866025388240814 2.56805910638062E-16 0.866025388240814 0.5 2.56805910638062E-16 0.866025388240814 0.5 2.96533926386216E-16 1 0 -1.48266963193108E-16 -0.5 0.866025388240814 -3.17847442342287E-31 -1.07187540788323E-15 1 -1.48266963193108E-16 -0.5 0.866025388240814 -1.48266963193108E-16 -0.5 0.866025388240814 -2.56805910638062E-16 -0.866025388240814 0.5 -2.56805910638062E-16 -0.866025388240814 0.5 -2.96533926386216E-16 -1 -1.22464685258517E-16 -2.96533926386216E-16 -1 -1.22464685258517E-16 -2.56805910638062E-16 -0.866025388240814 -0.5 -2.56805910638062E-16 -0.866025388240814 -0.5 -1.48266963193108E-16 -0.5 -0.866025388240814 -1.48266963193108E-16 -0.5 -0.866025388240814 2.15688731285488E-31 7.27366144169463E-16 -1 2.15688731285488E-31 7.27366144169463E-16 -1 1.48266963193108E-16 0.5 -0.866025388240814 1.48266963193108E-16 0.5 -0.866025388240814 2.56805910638062E-16 0.866025388240814 -0.5 2.56805910638062E-16 0.866025388240814 -0.5 2.96533926386216E-16 1 0 2.96533926386216E-16 1 0 1.48266963193108E-16 0.5 0.866025388240814 -3.17847442342287E-31 -1.07187540788323E-15 1 2.56805910638062E-16 0.866025388240814 0.5 1.48266963193108E-16 0.5 0.866025388240814 2.56805910638062E-16 0.866025388240814 0.5 -3.17847442342287E-31 -1.07187540788323E-15 1 -1.48266963193108E-16 -0.5 0.866025388240814 -1.48266963193108E-16 -0.5 0.866025388240814 -2.56805910638062E-16 -0.866025388240814 0.5 -2.56805910638062E-16 -0.866025388240814 0.5 -2.96533926386216E-16 -1 -1.22464685258517E-16 -2.96533926386216E-16 -1 -1.22464685258517E-16 -2.56805910638062E-16 -0.866025388240814 -0.5 -2.56805910638062E-16 -0.866025388240814 -0.5 1.48266963193108E-16 0.5 0.866025388240814 -3.17847442342287E-31 -1.07187540788323E-15 1 -1.48266963193108E-16 -0.5 -0.866025388240814 2.15688731285488E-31 7.27366144169463E-16 -1 2.15688731285488E-31 7.27366144169463E-16 -1 1.48266963193108E-16 0.5 -0.866025388240814 1.48266963193108E-16 0.5 -0.866025388240814 2.56805910638062E-16 0.866025388240814 -0.5 2.56805910638062E-16 0.866025388240814 -0.5 2.96533926386216E-16 1 0 2.96533926386216E-16 1 0 2.56805910638062E-16 0.866025388240814 0.5 1.48266963193108E-16 0.5 0.866025388240814 2.56805910638062E-16 0.866025388240814 0.5 -1.48266963193108E-16 -0.5 -0.866025388240814 0 -1 0 0 -1 0 0 -1 0 0 -1 0 0 -1 0 1 -2.96533926386216E-16 0 1 -2.96533926386216E-16 0 1 -2.96533926386216E-16 0 1 -2.96533926386216E-16 0 1 -2.96533926386216E-16 0 1 -2.96533926386216E-16 0 1 -2.96533926386216E-16 0 1 -2.96533926386216E-16 0 1 -2.96533926386216E-16 0 1 -2.96533926386216E-16 0 1 -2.96533926386216E-16 0 1 -2.96533926386216E-16 0 1 -2.96533926386216E-16 0 1 -2.96533926386216E-16 0 1 -2.96533926386216E-16 0 1 -2.96533926386216E-16 0 1 -2.96533926386216E-16 0 1 -2.96533926386216E-16 0 1 -2.96533926386216E-16 0 1 -2.96533926386216E-16 0 1 -2.96533926386216E-16 0 1 -2.96533926386216E-16 0 1 -2.96533926386216E-16 0 1 -2.96533926386216E-16 0 1 -2.96533926386216E-16 0 1 -2.96533926386216E-16 0 1 -2.96533926386216E-16 0 1 -2.96533926386216E-16 0 1 -2.96533926386216E-16 0 1 -2.96533926386216E-16 0 1 -2.96533926386216E-16 0 1 -2.96533926386216E-16 0 1 -2.96533926386216E-16 0 1 -2.96533926386216E-16 0 1 -2.96533926386216E-16 0 1 -2.96533926386216E-16 0 1 -2.96533926386216E-16 0 1 -2.96533926386216E-16 0 1 -2.96533926386216E-16 0 1 -2.96533926386216E-16 0 1 -2.96533926386216E-16 0 1 -2.96533926386216E-16 0 1 -2.96533926386216E-16 0 1 -2.96533926386216E-16 0 1 -2.96533926386216E-16 0 1 -2.96533926386216E-16 0 1 -2.96533926386216E-16 0 1 -2.96533926386216E-16 0 1 -2.96533926386216E-16 0 1 -2.96533926386216E-16 0 1 -2.96533926386216E-16 0 1 -2.96533926386216E-16 0 1 -2.96533926386216E-16 0 1 -2.96533926386216E-16 0 1 -2.96533926386216E-16 0 1 -2.96533926386216E-16 0 1 -2.96533926386216E-16 0 1 -2.96533926386216E-16 0 1 -2.96533926386216E-16 0 1 -2.96533926386216E-16 0 1 -2.96533926386216E-16 0 1 -2.96533926386216E-16 0 1 -2.96533926386216E-16 0 1 -2.96533926386216E-16 0 1 -2.96533926386216E-16 0 1 -2.96533926386216E-16 0 1 -2.96533926386216E-16 0 1 -2.96533926386216E-16 0 1 -2.96533926386216E-16 0 1 -2.96533926386216E-16 0 1 -2.96533926386216E-16 0 1 -2.96533926386216E-16 0 1 -2.96533926386216E-16 0 1 -2.96533926386216E-16 0 1 -2.96533926386216E-16 0 1 -2.96533926386216E-16 0 1 -2.96533926386216E-16 0 1 -2.96533926386216E-16 0 1 -2.96533926386216E-16 0 1 -2.96533926386216E-16 0 1 -2.96533926386216E-16 0 1 -2.96533926386216E-16 0 1 -2.96533926386216E-16 0 1 -2.96533926386216E-16 0 1 -2.96533926386216E-16 0 1 -2.96533926386216E-16 0 1 -2.96533926386216E-16 0 1 -2.96533926386216E-16 0 1 -2.96533926386216E-16 0 1 -2.96533926386216E-16 0 1 -2.96533926386216E-16 0 1 -2.96533926386216E-16 0 1 -2.96533926386216E-16 0 1 -2.96533926386216E-16 0 1 -2.96533926386216E-16 0 1 -2.96533926386216E-16 0 1 -2.96533926386216E-16 0 1 -2.96533926386216E-16 0 1 -2.96533926386216E-16 0 1 -2.96533926386216E-16 0 1 -2.96533926386216E-16 0 1 -2.96533926386216E-16 0 1 -2.96533926386216E-16 0 1 -2.96533926386216E-16 0 1 -2.96533926386216E-16 0 1 -2.96533926386216E-16 0 1 -2.96533926386216E-16 0 1 -2.96533926386216E-16 0 2.96533926386216E-16 1 0 2.96533926386216E-16 1 0 2.96533926386216E-16 1 0 2.96533926386216E-16 1 0 2.96533926386216E-16 1 0 2.96533926386216E-16 1 0 2.96533926386216E-16 1 0 0 0 -1 0 0 -1 0 0 -1 0 0 -1 0 0 -1 0 0 -1 0 0 -1 0 0 -1 0 0 -1 0 0 -1 0 0 -1 0 0 -1 0 0 -1 0 0 -1 0 0 -1 0 0 -1 0 -1 0 0 -1 0 0 -1 0 0 -1 0 0 -1 0 0 -1 0 0 -1 0 0 -1 0 0 -1 0 0 -1 0 0 -1 0 0 -1 0 0 -1 0 0 -1 0 0 -1 0 0 -1 0 0 -1 0 0 -1 0 0 -1 0 0 -1 0 0 -1 0 0 -1 0 0 -1 0 0.937198042869568 -0.348797738552094 0 0.756680250167847 -0.653785109519958 0 0.756680250167847 -0.653785109519958 0 1 0 0 0.937198042869568 -0.348797738552094 0 1 0 0 1 0 0 1 0 0 1 0 0 1 0 0 1 0 0 1 0 0 1 0 0 0.481120467185974 -0.876654505729675 0 0.481120467185974 -0.876654505729675 0 0 -1 0 0 -1 0 0 -1 0 0 -1 0 0 0 1 0 0 1 0 0 1 0 0 1 0 0 1 0 0 1 0 0 1 0 0 1 0 0 1 0 0 1 0 0 1 0 0 1 0 0 1 0 0 1 0 0 1 0 0 1 0 0 1 0 0 1 0 0 1 0 0 1 0 0 1 0 0 1 0 0 1 0 0 1 0 0 1 0 0 1 0 0 1 0 0 1 0 0 1 0 0 1 0 0 1 0 0 1 0 0 1 0 0 1 0 0 1 0 0 1 0 0 1 0 0 1 0 0 1 0 0 1 0 0 1 0 0 1 0 0 1 0 0 1 0 0 1 0 0 1 0 0 1 0 0 1 0 0 1 0 0 1 0 0 1 0 0 1 0 0 1 0 0 1 0 0 1 0 0 1 0 0 1 0 0 1 0 0 1 0 0 1 0 0 1 0 0 1 0 0 1 0 0 1 0 0 1 0 0 1 0 0 1 0 0 1 0 0 1 0 0 1 0 0 1 0 0 1 0 0 1 0 0 1 0 0 1 0 0 1 0 0 1 0 0 1 0 0 1 0 0 1 0 0 1 0 0 1 0 0 1 0 0 1 0 0 1 0 0 1 0 0 1 0 0 1 0 0 1 0 0 1 0 0 1 0 0 1 0 0 1 0 0 1 0 0 1 0 0 1 0 0 1 0 0 1 0 0 1 0 0 1 0 0 1 0 0 1 0 0 1 0 0 1 0 0 1 0 0 1 0 0 1 0 0 1 0 0 1 0 0 1 0 0 1 0.939692616462708 -0.342020153999329 0 0.939692616462708 -0.342020153999329 0 0.939692616462708 -0.342020153999329 0 0.939692616462708 -0.342020153999329 0 0.342020153999329 0.939692616462708 0 0.342020153999329 0.939692616462708 0 0.342020153999329 0.939692616462708 0 0.342020153999329 0.939692616462708 0 -1.83697014652885E-16 1 0 -1.83697014652885E-16 1 0 -1.83697014652885E-16 1 0 -1.83697014652885E-16 1 0 -1.83697014652885E-16 1 0 -1.83697014652885E-16 1 0 -1.83697014652885E-16 1 0 -1.83697014652885E-16 1 0 -1.83697014652885E-16 1 0 -1.83697014652885E-16 1 0 -1.83697014652885E-16 1 0 -1.83697014652885E-16 1 0 -1.83697014652885E-16 1 0 -1.83697014652885E-16 1 0 -1.83697014652885E-16 1 0 -1.83697014652885E-16 1 0 -1.83697014652885E-16 1 0 -1.83697014652885E-16 1 0 -1.83697014652885E-16 1 0 -1.83697014652885E-16 1 0 -1.83697014652885E-16 1 0 -1.83697014652885E-16 1 0 -1.83697014652885E-16 1 0 -1.83697014652885E-16 1 0 -1.83697014652885E-16 1 0 -1.83697014652885E-16 1 0 -1.83697014652885E-16 1 0 -1.83697014652885E-16 1 0 -1.83697014652885E-16 1 0 -1.83697014652885E-16 1 0 -1.83697014652885E-16 1 0 -1.83697014652885E-16 1 0 -1.83697014652885E-16 1 0 -1.83697014652885E-16 1 0 -1.83697014652885E-16 1 0 -1.83697014652885E-16 1 0 -1.83697014652885E-16 1 0 -1.83697014652885E-16 1 0 -1.83697014652885E-16 1 0 -1.83697014652885E-16 1 0 -1.83697014652885E-16 1 0 -1.83697014652885E-16 1 0 -1.83697014652885E-16 1 0 -1.83697014652885E-16 1 0 -1.83697014652885E-16 1 0 -1.83697014652885E-16 1 0 -1.83697014652885E-16 1 0 -1.83697014652885E-16 1 0 -1.83697014652885E-16 1 0 -1.83697014652885E-16 1 0 -1.83697014652885E-16 1 0 -1.83697014652885E-16 1 0 1 -2.96533926386216E-16 0 1 -2.96533926386216E-16 0 1 -2.96533926386216E-16 0 1 -2.96533926386216E-16 0 -1 0 0 -1 0 0 -1 0 0 -1 0 0 -1 0 0 -0.884774029254913 -0.466020286083221 0 -0.884774029254913 -0.466020286083221 0 -1 0 0 -0.565650224685669 -0.824645280838013 0 -0.565650224685669 -0.824645280838013 0 -0.116171188652515 -0.99322921037674 0 0.753349542617798 -0.657620310783386 0 0.360079705715179 -0.932921528816223 0 0.360079705715179 -0.932921528816223 0 0.973008513450623 -0.230769231915474 0 0.753349542617798 -0.657620310783386 0 0.973008513450623 -0.230769231915474 0 -0.116171188652515 -0.99322921037674 0 0 -1 0 0 -1 0 0 -1 0 0 -1 0 0 -1 0 0 -1 0 0 -1 0 0 -1 0 0 -1 0 0 -1 0 0 -1 0 0 -1 0 0 -1 0 0 -1 0 0 -1 0 0 -1 0 0 -1 0 0 -1 0 0 -1 0 0 -1 0 0 -1 0 0 -1 0 0 -1 0 0 -1 0 0 -1 0 0 -1 0 0 -1 0 0 -1 0 0 -1 0 0 -1 0 0 -1 0 0 -1 0 0 -1 0 0 -1 0 0 -1 0 0 -1 0 0 -1 0 0 -1 0 0 -1 0 0 -1 0 0 -1 0 0 -1 0 0 -1 0 0 -1 0 0 -1 0 0 -1 0 0 -1 0 0 -1 0 0 -1 0 0 -1 0 0 -1 0 0 -1 0 -0.342020153999329 -0.939692616462708 0 -0.342020153999329 -0.939692616462708 0 -0.342020153999329 -0.939692616462708 0 -0.342020153999329 -0.939692616462708 0 0 0 1 0 0 1 0 0 1 0 0 1 0 0 1 0 0 1 0 0 1 0 0 1 0 0 1 0 0 1 0 0 1 0 0 1 0 0 1 0 0 1 0 0 1 0 0 1 0 0 1 0.866025388240814 1.03829258969763E-16 -0.5 1 1.19891703567224E-16 -2.44929370517034E-16 0.866025388240814 1.03829258969763E-16 -0.5 0.5 5.99458517836118E-17 -0.866025388240814 0.5 5.99458517836118E-17 -0.866025388240814 -1.83697014652885E-16 -2.20237477122675E-32 -1 -1.83697014652885E-16 -2.20237477122675E-32 -1 -0.5 -5.99458517836118E-17 -0.866025388240814 -0.5 -5.99458517836118E-17 -0.866025388240814 -0.866025388240814 -1.03829258969763E-16 -0.5 -0.866025388240814 -1.03829258969763E-16 -0.5 -1 -1.19891703567224E-16 1.22464685258517E-16 -1 -1.19891703567224E-16 1.22464685258517E-16 -0.866025388240814 -1.03829258969763E-16 0.5 -0.866025388240814 -1.03829258969763E-16 0.5 -0.5 -5.99458517836118E-17 0.866025388240814 -0.5 -5.99458517836118E-17 0.866025388240814 2.832769343194E-16 3.39625532306384E-32 1 2.832769343194E-16 3.39625532306384E-32 1 0.5 5.99458517836118E-17 0.866025388240814 0.5 5.99458517836118E-17 0.866025388240814 0.866025388240814 1.03829258969763E-16 0.5 0.866025388240814 1.03829258969763E-16 0.5 1 1.19891703567224E-16 -2.44929370517034E-16 0.866025388240814 1.03829258969763E-16 -0.5 1 1.19891703567224E-16 -2.44929370517034E-16 0.866025388240814 1.03829258969763E-16 -0.5 0.5 5.99458517836118E-17 -0.866025388240814 0.5 5.99458517836118E-17 -0.866025388240814 -1.83697014652885E-16 -2.20237477122675E-32 -1 -1.83697014652885E-16 -2.20237477122675E-32 -1 -0.5 -5.99458517836118E-17 -0.866025388240814 -0.5 -5.99458517836118E-17 -0.866025388240814 -0.866025388240814 -1.03829258969763E-16 -0.5 -0.866025388240814 -1.03829258969763E-16 -0.5 -1 -1.19891703567224E-16 1.22464685258517E-16 -1 -1.19891703567224E-16 1.22464685258517E-16 -0.866025388240814 -1.03829258969763E-16 0.5 -0.866025388240814 -1.03829258969763E-16 0.5 -0.5 -5.99458517836118E-17 0.866025388240814 -0.5 -5.99458517836118E-17 0.866025388240814 2.832769343194E-16 3.39625532306384E-32 1 2.832769343194E-16 3.39625532306384E-32 1 0.5 5.99458517836118E-17 0.866025388240814 0.5 5.99458517836118E-17 0.866025388240814 0.866025388240814 1.03829258969763E-16 0.5 0.866025388240814 1.03829258969763E-16 0.5 1 1.19891703567224E-16 -2.44929370517034E-16 1 1.19891703567224E-16 -2.44929370517034E-16 0.866025388240814 1.03829258969763E-16 -0.5 1 1.19891703567224E-16 -2.44929370517034E-16 0.5 5.99458517836118E-17 -0.866025388240814 0.866025388240814 1.03829258969763E-16 -0.5 0.5 5.99458517836118E-17 -0.866025388240814 -1.83697014652885E-16 -2.20237477122675E-32 -1 -1.83697014652885E-16 -2.20237477122675E-32 -1 -0.5 -5.99458517836118E-17 -0.866025388240814 -0.5 -5.99458517836118E-17 -0.866025388240814 -0.866025388240814 -1.03829258969763E-16 -0.5 -0.866025388240814 -1.03829258969763E-16 -0.5 -1 -1.19891703567224E-16 1.22464685258517E-16 -1 -1.19891703567224E-16 1.22464685258517E-16 -0.866025388240814 -1.03829258969763E-16 0.5 -0.866025388240814 -1.03829258969763E-16 0.5 -0.5 -5.99458517836118E-17 0.866025388240814 -0.5 -5.99458517836118E-17 0.866025388240814 2.832769343194E-16 3.39625532306384E-32 1 2.832769343194E-16 3.39625532306384E-32 1 0.5 5.99458517836118E-17 0.866025388240814 0.5 5.99458517836118E-17 0.866025388240814 0.866025388240814 1.03829258969763E-16 0.5 0.866025388240814 1.03829258969763E-16 0.5 0.866025388240814 1.03829258969763E-16 -0.5 0.5 5.99458517836118E-17 -0.866025388240814 0.866025388240814 1.03829258969763E-16 -0.5 0.5 5.99458517836118E-17 -0.866025388240814 -1.83697014652885E-16 -2.20237477122675E-32 -1 -1.83697014652885E-16 -2.20237477122675E-32 -1 -0.5 -5.99458517836118E-17 -0.866025388240814 -0.5 -5.99458517836118E-17 -0.866025388240814 -0.866025388240814 -1.03829258969763E-16 -0.5 -0.866025388240814 -1.03829258969763E-16 -0.5 -1 -1.19891703567224E-16 5.665538686388E-16 -1 -1.19891703567224E-16 5.665538686388E-16 -0.866025388240814 -1.03829258969763E-16 0.5 -0.866025388240814 -1.03829258969763E-16 0.5 -0.5 -5.99458517836118E-17 0.866025388240814 -0.5 -5.99458517836118E-17 0.866025388240814 2.832769343194E-16 3.39625532306384E-32 1 2.832769343194E-16 3.39625532306384E-32 1 0.5 5.99458517836118E-17 0.866025388240814 0.5 5.99458517836118E-17 0.866025388240814 0.866025388240814 1.03829258969763E-16 0.5 0.866025388240814 1.03829258969763E-16 0.5 1 1.19891703567224E-16 -2.44929370517034E-16 1 1.19891703567224E-16 -2.44929370517034E-16 0 0 -1 0 0 -1 0 0 -1 0 0 -1 0 0 -1 -1 0 0 -1 0 0 -1 0 0 -1 0 0 0 0 1 0 0 1 0 0 1 0 0 1 1 0 0 1 0 0 1 0 0 1 0 0 0 0 -1 0 0 -1 0 0 -1 0 0 -1 0 -1 0 0 -1 0 0 -1 0 0 -1 0 -0.0523359552025795 -0.998629510402679 0 -0.0523359552025795 -0.998629510402679 0 -0.0523359552025795 -0.998629510402679 0 -0.0523359552025795 -0.998629510402679 0 -0.0523359552025795 -0.998629510402679 0 0 0 1 0 0 1 0 0 1 0 0 1 0 0 1 1 -2.96533926386216E-16 0 1 -2.96533926386216E-16 0 1 -2.96533926386216E-16 0 1 -2.96533926386216E-16 0 0 0 1 0 0 1 0 0 1 0 0 1 1 -2.96533926386216E-16 0 1 -2.96533926386216E-16 0 1 -2.96533926386216E-16 0 1 -2.96533926386216E-16 0 0 0 -1 0 0 -1 0 0 -1 0 0 -1 1 0 0 1 0 0 1 0 0 1 0 0 0 0 -1 0 0 -1 0 0 -1 0 0 -1 0 0 -1 0 -1 0 0 -1 0 0 -1 0 0 -1 0 0 -1 0 0 -1 0 0 -1 0 0 -1 0 2.96533926386216E-16 1 0 2.96533926386216E-16 1 0 2.96533926386216E-16 1 0 2.96533926386216E-16 1 0 0 0 -1 0 0 -1 0 0 -1 0 0 -1 -0.5 -0.866025388240814 0 -0.866025388240814 -0.5 0 -0.5 -0.866025388240814 0 -1.07187540788323E-15 -1 0 -1.07187540788323E-15 -1 0 0.5 -0.866025388240814 0 0.5 -0.866025388240814 0 0.866025388240814 -0.5 0 0.866025388240814 -0.5 0 1 -2.44929370517034E-16 0 1 -2.44929370517034E-16 0 0.5 0.866025388240814 0 0.866025388240814 0.5 0 0.5 0.866025388240814 0 -0.5 0.866025388240814 0 6.12323426292584E-17 1 0 -0.5 0.866025388240814 0 6.12323426292584E-17 1 0 -0.866025388240814 -0.5 0 -1 1.01064307848886E-15 0 -1 1.01064307848886E-15 0 -0.866025388240814 0.5 0 -0.866025388240814 0.5 0 0.866025388240814 0.5 0 0 0 1 0 0 1 0 0 1 0 0 1 0 0 1 0 0 1 0 0 1 0 0 1 0 0 1 0 0 1 0 0 1 0 0 1 0 0 1 1 -2.44929370517034E-16 0 0.866025388240814 -0.5 0 1 -2.44929370517034E-16 0 0.866025388240814 -0.5 0 0.5 -0.866025388240814 0 0.5 -0.866025388240814 0 -1.07187540788323E-15 -1 0 -1.07187540788323E-15 -1 0 -0.5 -0.866025388240814 0 -0.5 -0.866025388240814 0 -0.866025388240814 -0.5 0 -0.866025388240814 -0.5 0 -1 1.22464685258517E-16 0 -1 1.22464685258517E-16 0 -0.866025388240814 0.5 0 -0.866025388240814 0.5 0 -0.5 0.866025388240814 0 -0.5 0.866025388240814 0 6.12323426292584E-17 1 0 6.12323426292584E-17 1 0 0.5 0.866025388240814 0 0.5 0.866025388240814 0 0.866025388240814 0.5 0 0.866025388240814 0.5 0 0 0 1 0 0 1 0 0 1 0 0 1 0 0 1 0 0 1 0 0 1 0 0 1 0 0 1 0 0 1 0 0 1 0 0 1 0 0 1 0.866025388240814 -0.5 0 1 -2.44929370517034E-16 0 0.866025388240814 -0.5 0 0.5 -0.866025388240814 0 0.5 -0.866025388240814 0 -1.07187540788323E-15 -1 0 -1.07187540788323E-15 -1 0 -0.5 -0.866025388240814 0 -0.5 -0.866025388240814 0 -0.866025388240814 -0.5 0 -0.866025388240814 -0.5 0 -1 1.22464685258517E-16 0 -1 1.22464685258517E-16 0 -0.866025388240814 0.5 0 -0.866025388240814 0.5 0 -0.5 0.866025388240814 0 -0.5 0.866025388240814 0 6.12323426292584E-17 1 0 6.12323426292584E-17 1 0 0.5 0.866025388240814 0 0.5 0.866025388240814 0 0.866025388240814 0.5 0 0.866025388240814 0.5 0 1 -2.44929370517034E-16 0 0 0 1 0 0 1 0 0 1 0 0 1 0 0 1 0 0 1 0 0 1 0 0 1 0 0 1 0 0 1 0 0 1 0 0 1 0 0 1 -0.5 -0.866025388240814 0 -0.866025388240814 -0.5 0 -0.5 -0.866025388240814 0 -1.07187540788323E-15 -1 0 -1.07187540788323E-15 -1 0 0.866025388240814 -0.5 0 0.5 -0.866025388240814 0 0.866025388240814 -0.5 0 0.5 -0.866025388240814 0 -0.866025388240814 -0.5 0 -1 1.22464685258517E-16 0 1 -2.44929370517034E-16 0 -1 1.22464685258517E-16 0 -0.866025388240814 0.5 0 -0.866025388240814 0.5 0 -0.5 0.866025388240814 0 -0.5 0.866025388240814 0 6.12323426292584E-17 1 0 6.12323426292584E-17 1 0 0.5 0.866025388240814 0 0.5 0.866025388240814 0 0.866025388240814 0.5 0 0.866025388240814 0.5 0 1 -2.44929370517034E-16 0 0 0 1 0 0 1 0 0 1 0 0 1 0 0 1 0 0 1 0 0 1 0 0 1 0 0 1 0 0 1 0 0 1 0 0 1 0 0 1 1 -2.44929370517034E-16 0 0.866025388240814 0.5 0 1 -2.44929370517034E-16 0 0.866025388240814 0.5 0 0.5 0.866025388240814 0 0.5 0.866025388240814 0 6.12323426292584E-17 1 0 6.12323426292584E-17 1 0 -0.5 0.866025388240814 0 -0.5 0.866025388240814 0 -0.866025388240814 0.5 0 -1 1.22464685258517E-16 0 -0.866025388240814 -0.5 0 -1 1.22464685258517E-16 0 -0.866025388240814 -0.5 0 -0.5 -0.866025388240814 0 -0.5 -0.866025388240814 0 -1.07187540788323E-15 -1 0 -1.07187540788323E-15 -1 0 0.5 -0.866025388240814 0 0.5 -0.866025388240814 0 0.866025388240814 -0.5 0 0.866025388240814 -0.5 0 -0.866025388240814 0.5 0 0 0 1 0 0 1 0 0 1 0 0 1 0 0 1 0 0 1 0 0 1 0 0 1 0 0 1 0 0 1 0 0 1 0 0 1 0 0 1 0 0 -1 0 0 -1 0 0 -1 0 0 -1 0 0 -1 0 0 -1 0 0 -1 0 0 -1 0 0 -1 0 0 -1 0 0 -1 0 0 -1 0 0 -1 0 0 -1 0 0 -1 0 0 -1 0 0 -1 1 -1.40843579678261E-16 0 1 -1.40843579678261E-16 0 1 -1.40843579678261E-16 0 1 -1.40843579678261E-16 0 1 -1.40843579678261E-16 0 1 -1.40843579678261E-16 0 1 -1.40843579678261E-16 0 1 -1.40843579678261E-16 0 1 -1.40843579678261E-16 0 1 -1.40843579678261E-16 0 1 -1.40843579678261E-16 0 1 -1.40843579678261E-16 0 1 -1.40843579678261E-16 0 1 -1.40843579678261E-16 0 1 -1.40843579678261E-16 0 1 -1.40843579678261E-16 0 1 -1.40843579678261E-16 0 1 -1.40843579678261E-16 0 1 -1.40843579678261E-16 0 1 -1.40843579678261E-16 0 1 -1.40843579678261E-16 0 1 -1.40843579678261E-16 0 1 -1.40843579678261E-16 0 1 -1.40843579678261E-16 0 1 -1.40843579678261E-16 0 1 -1.40843579678261E-16 0 1 -1.40843579678261E-16 0 1 -1.40843579678261E-16 0 1 -1.40843579678261E-16 0 1 -1.40843579678261E-16 0 1 -1.40843579678261E-16 0 1 -1.40843579678261E-16 0 1 -1.40843579678261E-16 0 1 -1.40843579678261E-16 0 1 -1.40843579678261E-16 0 1 -1.40843579678261E-16 0 1 -1.40843579678261E-16 0 1 -1.40843579678261E-16 0 1 -1.40843579678261E-16 0 2.15604560012497E-32 1.83697014652885E-16 1 5.86848248659421E-17 0.5 0.866025388240814 5.86848248659421E-17 0.5 0.866025388240814 -5.86848248659421E-17 -0.5 0.866025388240814 2.15604560012497E-32 1.83697014652885E-16 1 -1.01645098488484E-16 -0.866025388240814 0.5 -5.86848248659421E-17 -0.5 0.866025388240814 1.01645098488484E-16 0.866025388240814 0.5 1.01645098488484E-16 0.866025388240814 0.5 1.17369649731884E-16 1 -5.665538686388E-16 1.17369649731884E-16 1 -5.665538686388E-16 1.01645098488484E-16 0.866025388240814 -0.5 1.01645098488484E-16 0.866025388240814 -0.5 5.86848248659421E-17 0.5 -0.866025388240814 5.86848248659421E-17 0.5 -0.866025388240814 -7.18681817729392E-33 -6.12323426292584E-17 -1 -7.18681817729392E-33 -6.12323426292584E-17 -1 -5.86848248659421E-17 -0.5 -0.866025388240814 -5.86848248659421E-17 -0.5 -0.866025388240814 -1.01645098488484E-16 -0.866025388240814 -0.5 -1.01645098488484E-16 -0.866025388240814 -0.5 -1.17369649731884E-16 -1 0 -1.17369649731884E-16 -1 0 -1.01645098488484E-16 -0.866025388240814 0.5 5.86848248659421E-17 0.5 0.866025388240814 1.01645098488484E-16 0.866025388240814 0.5 1.01645098488484E-16 0.866025388240814 0.5 1.25805648959608E-31 1.07187540788323E-15 1 5.86848248659421E-17 0.5 0.866025388240814 -5.86848248659421E-17 -0.5 0.866025388240814 1.25805648959608E-31 1.07187540788323E-15 1 -1.01645098488484E-16 -0.866025388240814 0.5 -5.86848248659421E-17 -0.5 0.866025388240814 -1.17369649731884E-16 -1 0 -1.01645098488484E-16 -0.866025388240814 0.5 -1.17369649731884E-16 -1 0 1.17369649731884E-16 1 -1.01064307848886E-15 1.01645098488484E-16 0.866025388240814 -0.5 1.01645098488484E-16 0.866025388240814 -0.5 5.86848248659421E-17 0.5 -0.866025388240814 5.86848248659421E-17 0.5 -0.866025388240814 -1.01645098488484E-16 -0.866025388240814 -0.5 -5.86848248659421E-17 -0.5 -0.866025388240814 -1.01645098488484E-16 -0.866025388240814 -0.5 -7.18681817729392E-33 -6.12323426292584E-17 -1 -5.86848248659421E-17 -0.5 -0.866025388240814 1.17369649731884E-16 1 -1.01064307848886E-15 -7.18681817729392E-33 -6.12323426292584E-17 -1 1.25805648959608E-31 1.07187540788323E-15 1 5.86848248659421E-17 0.5 0.866025388240814 5.86848248659421E-17 0.5 0.866025388240814 -1.17369649731884E-16 -1 0 -1.01645098488484E-16 -0.866025388240814 0.5 -1.01645098488484E-16 -0.866025388240814 0.5 -5.86848248659421E-17 -0.5 0.866025388240814 -5.86848248659421E-17 -0.5 0.866025388240814 1.25805648959608E-31 1.07187540788323E-15 1 1.01645098488484E-16 0.866025388240814 0.5 1.01645098488484E-16 0.866025388240814 0.5 1.17369649731884E-16 1 -5.665538686388E-16 1.17369649731884E-16 1 -5.665538686388E-16 1.01645098488484E-16 0.866025388240814 -0.5 1.01645098488484E-16 0.866025388240814 -0.5 5.86848248659421E-17 0.5 -0.866025388240814 5.86848248659421E-17 0.5 -0.866025388240814 -7.18681817729392E-33 -6.12323426292584E-17 -1 -7.18681817729392E-33 -6.12323426292584E-17 -1 -5.86848248659421E-17 -0.5 -0.866025388240814 -5.86848248659421E-17 -0.5 -0.866025388240814 -1.17369649731884E-16 -1 0 -1.01645098488484E-16 -0.866025388240814 -0.5 -1.01645098488484E-16 -0.866025388240814 -0.5 1 -1.17369649731884E-16 0 1 -1.17369649731884E-16 0 1 -1.17369649731884E-16 0 1 -1.17369649731884E-16 0 1 -1.17369649731884E-16 0 1 -1.17369649731884E-16 0 1 -1.17369649731884E-16 0 1 -1.17369649731884E-16 0 1 -1.17369649731884E-16 0 1 -1.17369649731884E-16 0 1 -1.17369649731884E-16 0 1 -1.17369649731884E-16 0 1 -1.17369649731884E-16 0 1 -1.17369649731884E-16 0 1 -1.17369649731884E-16 0 1 -1.17369649731884E-16 0 1 -1.17369649731884E-16 0 1 -1.17369649731884E-16 0 1 -1.17369649731884E-16 0 1 -1.17369649731884E-16 0 1 -1.17369649731884E-16 0 1 -1.17369649731884E-16 0 1 -1.17369649731884E-16 0 1 -1.17369649731884E-16 0 1 -1.17369649731884E-16 0 1 -1.17369649731884E-16 0 1 -1.17369649731884E-16 0 1 -1.17369649731884E-16 0 1 -1.17369649731884E-16 0 1 -1.17369649731884E-16 0 1 -1.17369649731884E-16 0 1 -1.17369649731884E-16 0 1 -1.17369649731884E-16 0 1 -1.17369649731884E-16 0 1 -1.17369649731884E-16 0 1 -1.17369649731884E-16 0 1 -1.17369649731884E-16 0 1 -1.17369649731884E-16 0 1 -1.17369649731884E-16 0 1 -1.17369649731884E-16 0 1 -1.17369649731884E-16 0 1 -1.17369649731884E-16 0 1 -1.17369649731884E-16 0 1 -1.17369649731884E-16 0 1 -1.17369649731884E-16 0 1 -1.17369649731884E-16 0 1 -1.17369649731884E-16 0 1 -1.17369649731884E-16 0 0 -1 0 0 -1 0 0 -1 0 0 -1 0 -2.41035248879225E-32 -2.05364196852989E-16 1 -2.41035248879225E-32 -2.05364196852989E-16 1 -2.41035248879225E-32 -2.05364196852989E-16 1 -2.41035248879225E-32 -2.05364196852989E-16 1 1.17369649731884E-16 1 0 1.17369649731884E-16 1 0 1.17369649731884E-16 1 0 1.17369649731884E-16 1 0 -2.41035248879225E-32 -2.05364196852989E-16 1 -2.41035248879225E-32 -2.05364196852989E-16 1 -2.41035248879225E-32 -2.05364196852989E-16 1 -2.41035248879225E-32 -2.05364196852989E-16 1 1.17369649731884E-16 1 0 1.17369649731884E-16 1 0 1.17369649731884E-16 1 0 1.17369649731884E-16 1 0 1.16345082345094E-31 9.91270587952209E-16 -1 1.16345082345094E-31 9.91270587952209E-16 -1 1.16345082345094E-31 9.91270587952209E-16 -1 1.16345082345094E-31 9.91270587952209E-16 -1 1.17369649731884E-16 1 0 1.17369649731884E-16 1 0 1.17369649731884E-16 1 0 1.17369649731884E-16 1 0 1.16345082345094E-31 9.91270587952209E-16 -1 1.16345082345094E-31 9.91270587952209E-16 -1 1.16345082345094E-31 9.91270587952209E-16 -1 1.16345082345094E-31 9.91270587952209E-16 -1 -1.17369649731884E-16 -1 0 -1.17369649731884E-16 -1 0 -1.17369649731884E-16 -1 0 -1.17369649731884E-16 -1 0 1.16345082345094E-31 9.91270587952209E-16 -1 1.16345082345094E-31 9.91270587952209E-16 -1 1.16345082345094E-31 9.91270587952209E-16 -1 1.16345082345094E-31 9.91270587952209E-16 -1 -1.17369649731884E-16 -1 0 -1.17369649731884E-16 -1 0 -1.17369649731884E-16 -1 0 -1.17369649731884E-16 -1 0 -2.54504871303312E-32 -2.16840434497101E-16 1 -2.54504871303312E-32 -2.16840434497101E-16 1 -2.54504871303312E-32 -2.16840434497101E-16 1 -2.54504871303312E-32 -2.16840434497101E-16 1 1 -1.17369649731884E-16 0 1 -1.17369649731884E-16 0 1 -1.17369649731884E-16 0 1 -1.17369649731884E-16 0 1 -1.17369649731884E-16 0 1 -1.17369649731884E-16 0 1 -1.17369649731884E-16 0 1 -1.17369649731884E-16 0 1 -1.17369649731884E-16 0 1 -1.17369649731884E-16 0 1 -1.17369649731884E-16 0 1 -1.17369649731884E-16 0 1 -1.17369649731884E-16 0 -5.86848248659421E-17 -0.5 0.866025388240814 7.18681817729392E-33 6.12323426292584E-17 1 -5.86848248659421E-17 -0.5 0.866025388240814 -1.01645098488484E-16 -0.866025388240814 0.5 -1.01645098488484E-16 -0.866025388240814 0.5 -1.17369649731884E-16 -1 1.22464685258517E-16 -1.17369649731884E-16 -1 1.22464685258517E-16 -1.01645098488484E-16 -0.866025388240814 -0.5 -1.01645098488484E-16 -0.866025388240814 -0.5 -1.25805648959608E-31 -1.07187540788323E-15 -1 -5.86848248659421E-17 -0.5 -0.866025388240814 -1.25805648959608E-31 -1.07187540788323E-15 -1 5.86848248659421E-17 0.5 -0.866025388240814 5.86848248659421E-17 0.5 -0.866025388240814 1.01645098488484E-16 0.866025388240814 -0.5 1.01645098488484E-16 0.866025388240814 -0.5 1.17369649731884E-16 1 -2.44929370517034E-16 1.17369649731884E-16 1 -2.44929370517034E-16 7.18681817729392E-33 6.12323426292584E-17 1 5.86848248659421E-17 0.5 0.866025388240814 5.86848248659421E-17 0.5 0.866025388240814 1.01645098488484E-16 0.866025388240814 0.5 1.01645098488484E-16 0.866025388240814 0.5 -5.86848248659421E-17 -0.5 -0.866025388240814 0 0 -1 0 0 -1 0 0 -1 0.216439619660378 0.976296007633209 0 0.216439619660378 0.976296007633209 0 0.216439619660378 0.976296007633209 0 0.216439619660378 0.976296007633209 0 1 -2.96533926386216E-16 0 1 -2.96533926386216E-16 0 1 -2.96533926386216E-16 0 1 -2.96533926386216E-16 0 1 -2.96533926386216E-16 0 1 -2.96533926386216E-16 0 1 -2.96533926386216E-16 0 1 -2.96533926386216E-16 0 1 -2.96533926386216E-16 0 1 -2.96533926386216E-16 0 1 -2.96533926386216E-16 0 1 -2.96533926386216E-16 0 1 -2.96533926386216E-16 0 1 -2.96533926386216E-16 0 1 -2.96533926386216E-16 0 1 -2.96533926386216E-16 0 1 -2.96533926386216E-16 0 1 -2.96533926386216E-16 0 1 -2.96533926386216E-16 0 1 -2.96533926386216E-16 0 1 -2.96533926386216E-16 0 1 -2.96533926386216E-16 0 1 -2.96533926386216E-16 0 1 -2.96533926386216E-16 0 1 -2.96533926386216E-16 0 1 -2.96533926386216E-16 0 1 -2.96533926386216E-16 0 1 -2.96533926386216E-16 0 1 -2.96533926386216E-16 0 1 -2.96533926386216E-16 0 1 -2.96533926386216E-16 0 1 -2.96533926386216E-16 0 1 -2.96533926386216E-16 0 1 -2.96533926386216E-16 0 1 -2.96533926386216E-16 0 1 -2.96533926386216E-16 0 1 -2.96533926386216E-16 0 1 -2.96533926386216E-16 0 1 -2.96533926386216E-16 0 1 -2.96533926386216E-16 0 1 -2.96533926386216E-16 0 1 -2.96533926386216E-16 0 1 -2.96533926386216E-16 0 1 -2.96533926386216E-16 0 1 -2.96533926386216E-16 0 1 -2.96533926386216E-16 0 1 -2.96533926386216E-16 0 1 -2.96533926386216E-16 0 1 -2.96533926386216E-16 0 1 -2.96533926386216E-16 0 1 -2.96533926386216E-16 0 1 -2.96533926386216E-16 0 1 -2.96533926386216E-16 0 1 -2.96533926386216E-16 0 1 -2.96533926386216E-16 0 1 -2.96533926386216E-16 0 1 -2.96533926386216E-16 0 1 -2.96533926386216E-16 0 1 -2.96533926386216E-16 0 1 -2.96533926386216E-16 0 1 -2.96533926386216E-16 0 1 -2.96533926386216E-16 0 1 -2.96533926386216E-16 0 1 -2.96533926386216E-16 0 1 -2.96533926386216E-16 0 1 -2.96533926386216E-16 0 1 -2.96533926386216E-16 0 1 -2.96533926386216E-16 0 1 -2.96533926386216E-16 0 1 -2.96533926386216E-16 0 1 -2.96533926386216E-16 0 1 -2.96533926386216E-16 0 1 -2.96533926386216E-16 0 1 -2.96533926386216E-16 0 1 -2.96533926386216E-16 0 1 -2.96533926386216E-16 0 1 -2.96533926386216E-16 0 1 -2.96533926386216E-16 0 -1 8.43848696295687E-15 0 -1 8.43848696295687E-15 0 -1 8.43848696295687E-15 0 -1 8.43848696295687E-15 0 1 -1.40843579678261E-16 0 1 -1.40843579678261E-16 0 1 -1.40843579678261E-16 0 1 -1.40843579678261E-16 0 1 -1.40843579678261E-16 0 1 -1.40843579678261E-16 0 1 -1.40843579678261E-16 0 1 -1.40843579678261E-16 0 1 -1.40843579678261E-16 0 1 -1.40843579678261E-16 0 1 -1.40843579678261E-16 0 1 -1.40843579678261E-16 0 1 -1.40843579678261E-16 0 1 -1.40843579678261E-16 0 1 -1.40843579678261E-16 0 1 -1.40843579678261E-16 0 1 -1.40843579678261E-16 0 1 -1.40843579678261E-16 0 1 -1.40843579678261E-16 0 1 -1.40843579678261E-16 0 1 -1.40843579678261E-16 0 1 -1.40843579678261E-16 0 1 -1.40843579678261E-16 0 1 -1.40843579678261E-16 0 1 -1.40843579678261E-16 0 1 -1.40843579678261E-16 0 1 -1.40843579678261E-16 0 1 -1.40843579678261E-16 0 1 -1.40843579678261E-16 0 1 -1.40843579678261E-16 0 1 -1.40843579678261E-16 0 1 -1.40843579678261E-16 0 1 -1.40843579678261E-16 0 1 -1.40843579678261E-16 0 1 -1.40843579678261E-16 0 1 -1.40843579678261E-16 0 1 -1.40843579678261E-16 0 1 -1.40843579678261E-16 0 1 -1.40843579678261E-16 0 1 -1.40843579678261E-16 0 1 -1.40843579678261E-16 0 1 -1.40843579678261E-16 0 1 -1.40843579678261E-16 0 1 -1.40843579678261E-16 0 1 -1.40843579678261E-16 0 1 -1.40843579678261E-16 0 1 -1.40843579678261E-16 0 1 -1.40843579678261E-16 0 1 -1.40843579678261E-16 0 1 -1.40843579678261E-16 0 1 -1.40843579678261E-16 0 1 -1.40843579678261E-16 0 1 -1.40843579678261E-16 0 1 -1.40843579678261E-16 0 1 -1.40843579678261E-16 0 1 -1.40843579678261E-16 0 1 -1.40843579678261E-16 0 1 -1.40843579678261E-16 0 1 -1.40843579678261E-16 0 1 -1.40843579678261E-16 0 1 -1.40843579678261E-16 0 1 -1.40843579678261E-16 0 1 -1.40843579678261E-16 0 1 -1.40843579678261E-16 0 1 -1.40843579678261E-16 0 1 -1.40843579678261E-16 0 0 0 1 0 0 1 0 0 1 0 0 1 0 0 1 0 0 1 0 0 1 0 0 1 0 0 1 0 0 1 0 0 1 0 0 1 0 0 1 0 0 1 0 0 1 0 0 1 0 0 1 0 0 1 0 0 1 0 0 1 0 0 1 0 0 1 0 0 1 0 0 1 0 0 1 0 0 1 0 0 1 0 0 1 0 0 1 0 0 1 0 0 1 0 0 1 0 0 1 0 0 1 0 0 1 0 0 1 0 0 1 0 0 1 0 0 1 0 0 1 0 0 1 0 0 1 0 0 1 0 0 1 0 0 1 0 0 1 0 0 1 0 0 1 0 0 1 0 0 1 0 0 1 0 0 1 0 0 1 0 0 1 0 0 1 0 0 1 0 0 1 0 0 1 0 0 1 0 0 1 0 0 1 0 0 1 0 0 1 0 0 1 0 0 1 0 0 1 0 0 1 0 0 1 0 0 1 0 0 1 0 0 1 0 0 1 0 0 1 0 0 1 0 0 1 0 0 1 2.34422085625022E-16 1 0 2.34422085625022E-16 1 0 2.34422085625022E-16 1 0 2.34422085625022E-16 1 0 2.34422085625022E-16 1 0 0 0 1 0 0 1 0 0 1 0 0 1 0 0 1 0 0 1 0 0 1 0 0 1 0 0 1 0 0 1 0 0 1 0 0 1 0 0 1 0 0 1 0 0 1 0 0 1 0 0 1 -1 0 0 -1 0 0 -1 0 0 -1 0 0 -1 0 0 -1 0 0 -1 0 0 -1 0 0 -1 0 0 -1 0 0 -1 0 0 -1 0 0 -1 0 0 -1 0 0 -1 0 0 -1 0 0 -6.08674911281625E-16 -1 0 -6.08674911281625E-16 -1 0 -6.08674911281625E-16 -1 0 -6.08674911281625E-16 -1 0 -6.08674911281625E-16 -1 0 -6.08674911281625E-16 -1 0 1 0 0 1 0 0 1 0 0 1 0 0 1 0 0 0 -1 0 0 -1 0 0 -1 0 0 -1 0 0 -1 0 1 4.69690456426024E-17 0 1 4.69690456426024E-17 0 1 4.69690456426024E-17 0 1 4.69690456426024E-17 0 1 4.69690456426024E-17 0 1 4.69690456426024E-17 0 1 4.69690456426024E-17 0 1 4.69690456426024E-17 0 1 4.69690456426024E-17 0 1 4.69690456426024E-17 0 1 4.69690456426024E-17 0 1 4.69690456426024E-17 0 0 -1 0 0 -1 0 0 -1 0 0 -1 0 1 2.31296470522182E-15 0 1 2.31296470522182E-15 0 1 2.31296470522182E-15 0 1 2.31296470522182E-15 0 1 2.31296470522182E-15 0 1 2.31296470522182E-15 0 0 1 0 0 1 0 0 1 0 0 1 0 0 0 -1 0 0 -1 0 0 -1 0 0 -1 0 0 -1 0 0 -1 0 0 -1 0 0 -1 0 0 -1 0 0 -1 0 0 -1 0 0 -1 0 0 -1 0 0 -1 0 0 -1 0 0 -1 0 0 -1 -0.5 -0.866025388240814 0 6.12323426292584E-17 -1 0 -0.5 -0.866025388240814 0 -0.866025388240814 -0.5 0 6.12323426292584E-17 -1 0 -0.866025388240814 -0.5 0 -1 -1.22464685258517E-16 0 -0.965925812721252 -0.258819043636322 0 -1 -1.22464685258517E-16 0 0.866025388240814 -0.5 0 1 0 0 0.866025388240814 -0.5 0 0.965925812721252 -0.258819043636322 0 0.5 -0.866025388240814 0 6.12323426292584E-17 -1 0 0.5 -0.866025388240814 0 1 0 0 6.12323426292584E-17 -1 0 1 -1.0842021724855E-15 0 0.965925812721252 -0.258819043636322 0 1 -1.0842021724855E-15 0 0.866025388240814 -0.5 0 0.866025388240814 -0.5 0 0.5 -0.866025388240814 0 0 -1 0 0.5 -0.866025388240814 0 0 -1 0 0.866025388240814 0.5 0 1 2.44929370517034E-16 0 1 2.44929370517034E-16 0 0.866025388240814 0.5 0 0.5 0.866025388240814 0 0.5 0.866025388240814 0 0 1 0 0 1 0 -0.5 0.866025388240814 0 -1.83697014652885E-16 1 0 -1.83697014652885E-16 1 0 -0.866025388240814 0.5 0 -0.5 0.866025388240814 0 -0.866025388240814 0.5 0 -1 -1.22464685258517E-16 0 -1 -1.22464685258517E-16 0 1 2.31296470522182E-15 0 1 2.31296470522182E-15 0 1 2.31296470522182E-15 0 1 2.31296470522182E-15 0 1 2.31296470522182E-15 0 0 -1 0 0 -1 0 0 -1 0 0 -1 0 -1 0 0 -1 0 0 -1 0 0 -1 0 0 -0.104528464376926 0.20903667807579 -0.972305238246918 -0.104528464376926 0.41105055809021 -0.90559995174408 -0.104528464376926 0.329718023538589 -0.938274919986725 -0.104528464376926 0.20903667807579 -0.972305238246918 -0.104528464376926 0.073869526386261 -0.99177473783493 -0.104528464376926 0.039028488099575 -0.99375581741333 -0.104528464376926 0.41105055809021 -0.90559995174408 -0.104528464376926 0.129780143499374 -0.98601770401001 -0.104528464376926 3.16155471079141E-16 -0.994521915912628 -0.104528464376926 -3.58247756953407E-15 -0.994521915912628 -0.104528464376926 0.41105055809021 -0.90559995174408 -0.104528464376926 0.41105055809021 -0.90559995174408 -0.104528464376926 0.322847604751587 -0.940661072731018 -0.104528464376926 -3.58247756953407E-15 -0.994521915912628 -0.104528464376926 0.185553386807442 -0.977058708667755 -0.104528464376926 1.33333097353635E-16 -0.994521915912628 -0.104528464376926 1.33333097353635E-16 -0.994521915912628 -0.104528464376926 1.33333097353635E-16 -0.994521915912628 -0.104528464376926 1.33333097353635E-16 -0.994521915912628 -0.104528464376926 1.33333097353635E-16 -0.994521915912628 -0.104528464376926 1.33333097353635E-16 -0.994521915912628 -0.104528464376926 1.33333097353635E-16 -0.994521915912628 -0.104528464376926 1.33333097353635E-16 -0.994521915912628 -0.104528464376926 1.33333097353635E-16 -0.994521915912628 -0.104528464376926 1.33333097353635E-16 -0.994521915912628 -0.104528464376926 1.33333097353635E-16 -0.994521915912628 -0.104528464376926 1.33333097353635E-16 -0.994521915912628 -0.104528464376926 1.33333097353635E-16 -0.994521915912628 -0.104528464376926 1.33333097353635E-16 -0.994521915912628 -0.104528464376926 1.33333097353635E-16 -0.994521915912628 -0.104528464376926 1.33333097353635E-16 -0.994521915912628 -0.104528464376926 1.33333097353635E-16 -0.994521915912628 -0.104528464376926 1.33333097353635E-16 -0.994521915912628 -0.104528464376926 1.33333097353635E-16 -0.994521915912628 -0.104528464376926 1.33333097353635E-16 -0.994521915912628 -0.104528464376926 1.33333097353635E-16 -0.994521915912628 -0.104528464376926 1.33333097353635E-16 -0.994521915912628 -0.104528464376926 1.33333097353635E-16 -0.994521915912628 -2.96533926386216E-16 -1 0 -2.96533926386216E-16 -1 0 -2.96533926386216E-16 -1 0 -2.96533926386216E-16 -1 0 0 0 1 0 0 1 0 0 1 0 0 1 0 0 1 0 0 1 1 -1.40843579678261E-16 0 1 -1.40843579678261E-16 0 1 -1.40843579678261E-16 0 1 -1.40843579678261E-16 0 1.48266963193108E-16 1 0 1.48266963193108E-16 1 0 1.48266963193108E-16 1 0 1.48266963193108E-16 1 0 1.48266963193108E-16 1 0 -1.06889215356994E-30 -7.20924056264944E-15 1 -1.06889215356994E-30 -7.20924056264944E-15 1 -1.06889215356994E-30 -7.20924056264944E-15 1 -1.06889215356994E-30 -7.20924056264944E-15 1 -1.48266963193108E-16 -1 0 -1.48266963193108E-16 -1 0 -1.48266963193108E-16 -1 0 -1.48266963193108E-16 -1 0 -1.48266963193108E-16 -1 0 0 0 -1 0 0 -1 0 0 -1 0 0 -1 1 -1.54886022750088E-16 0 1 -1.54886022750088E-16 0 1 -1.54886022750088E-16 0 1 -1.54886022750088E-16 0 1.48266963193108E-16 1 0 1.48266963193108E-16 1 0 1.48266963193108E-16 1 0 1.48266963193108E-16 1 0 1.48266963193108E-16 1 0 0 0 1 0 0 1 0 0 1 0 0 1 -1.48266963193108E-16 -1 0 -1.48266963193108E-16 -1 0 -1.48266963193108E-16 -1 0 -1.48266963193108E-16 -1 0 -1.48266963193108E-16 -1 0 0 0 -1 0 0 -1 0 0 -1 0 0 -1 1 -1.54886022750088E-16 0 1 -1.54886022750088E-16 0 1 -1.54886022750088E-16 0 1 -1.54886022750088E-16 0 1.48266963193108E-16 1 0 1.48266963193108E-16 1 0 1.48266963193108E-16 1 0 1.48266963193108E-16 1 0 0 0 1 0 0 1 0 0 1 0 0 1 -1.48266963193108E-16 -1 0 -1.48266963193108E-16 -1 0 -1.48266963193108E-16 -1 0 -1.48266963193108E-16 -1 0 0 0 -1 0 0 -1 0 0 -1 0 0 -1 1 -1.54886022750088E-16 0 1 -1.54886022750088E-16 0 1 -1.54886022750088E-16 0 1 -1.54886022750088E-16 0 1.48266963193108E-16 1 0 1.48266963193108E-16 1 0 1.48266963193108E-16 1 0 1.48266963193108E-16 1 0 0 0 1 0 0 1 0 0 1 0 0 1 -1.48266963193108E-16 -1 0 -1.48266963193108E-16 -1 0 -1.48266963193108E-16 -1 0 -1.48266963193108E-16 -1 0 0 0 -1 0 0 -1 0 0 -1 0 0 -1 1 -1.54886022750088E-16 0 1 -1.54886022750088E-16 0 1 -1.54886022750088E-16 0 1 -1.54886022750088E-16 0 -1.48266963193108E-16 -1 0 -1.48266963193108E-16 -1 0 -1.48266963193108E-16 -1 0 -1.48266963193108E-16 -1 0 -1.48266963193108E-16 -1 0 0 0 -1 0 0 -1 0 0 -1 0 0 -1 1.48266963193108E-16 1 0 1.48266963193108E-16 1 0 1.48266963193108E-16 1 0 1.48266963193108E-16 1 0 1.48266963193108E-16 1 0 0 0 1 0 0 1 0 0 1 0 0 1 1 -1.54886022750088E-16 0 1 -1.54886022750088E-16 0 1 -1.54886022750088E-16 0 1 -1.54886022750088E-16 0 1.48266963193108E-16 1 0 1.48266963193108E-16 1 0 1.48266963193108E-16 1 0 1.48266963193108E-16 1 0 0 0 1 0 0 1 0 0 1 0 0 1 -1.48266963193108E-16 -1 0 -1.48266963193108E-16 -1 0 -1.48266963193108E-16 -1 0 -1.48266963193108E-16 -1 0 0 0 -1 0 0 -1 0 0 -1 0 0 -1 1 0 0 1 0 0 1 0 0 1 0 0 1.48266963193108E-16 1 0 1.48266963193108E-16 1 0 1.48266963193108E-16 1 0 1.48266963193108E-16 1 0 0 0 1 0 0 1 0 0 1 0 0 1 -1.48266963193108E-16 -1 -1.0842021724855E-16 -1.48266963193108E-16 -1 -1.0842021724855E-16 -1.48266963193108E-16 -1 -1.0842021724855E-16 -1.48266963193108E-16 -1 -1.0842021724855E-16 0 0 -1 0 0 -1 0 0 -1 0 0 -1 0 0 1 0 0 1 0 0 1 0 0 1 -2.83020982138563E-15 -1 0 -2.83020982138563E-15 -1 0 -2.83020982138563E-15 -1 0 -2.83020982138563E-15 -1 0 2.83020982138563E-15 1 0 2.83020982138563E-15 1 0 2.83020982138563E-15 1 0 2.83020982138563E-15 1 0 2.83020982138563E-15 1 0 1 -2.83424296876398E-15 0 1 -2.83424296876398E-15 0 1 -2.83424296876398E-15 0 1 -2.83424296876398E-15 0 1 -2.83424296876398E-15 0 1 0 0 1 0 0 1 0 0 1 0 0 -0.5 -0.866025388240814 0 -8.72097160383323E-15 -1 0 -8.72097160383323E-15 -1 0 -1 8.43848696295687E-15 0 -0.866025388240814 -0.5 0 -0.866025388240814 -0.5 0 -0.5 -0.866025388240814 0 -1 8.43848696295687E-15 0 -1 0 0 -1 0 0 -1 0 0 -1 0 0 1.83697014652885E-16 1 0 -0.5 0.866025388240814 0 -0.5 0.866025388240814 0 -0.866025388240814 0.5 0 -0.866025388240814 0.5 0 -1 2.44929370517034E-16 0 1.83697014652885E-16 1 0 -1 2.44929370517034E-16 0 0 1 0 0 1 0 0 1 0 0 1 0 0 1 0 0 1 0 0 1 0 0 1 0 0 1 0 0.5 0.866025388240814 0 0.866025388240814 0.5 0 0.866025388240814 0.5 0 1.83697014652885E-16 1 0 0.5 0.866025388240814 0 1.83697014652885E-16 1 0 1 -1.22464685258517E-16 0 1 -1.22464685258517E-16 0 1 -8.19038442173097E-17 0 1 -8.19038442173097E-17 0 1 -8.19038442173097E-17 0 1 -8.19038442173097E-17 0 1 -8.19038442173097E-17 0 1 -8.19038442173097E-17 0 1 -8.19038442173097E-17 0 1 -8.19038442173097E-17 0 1 -8.19038442173097E-17 0 1 -8.19038442173097E-17 0 1 -8.19038442173097E-17 0 1 -8.19038442173097E-17 0 1 -8.19038442173097E-17 0 1 -8.19038442173097E-17 0 1 -8.19038442173097E-17 0 1 -8.19038442173097E-17 0 1 -8.19038442173097E-17 0 1 -8.19038442173097E-17 0 1 -8.19038442173097E-17 0 1 -8.19038442173097E-17 0 1 -8.19038442173097E-17 0 1 -8.19038442173097E-17 0 1 -8.19038442173097E-17 0 1 -8.19038442173097E-17 0 1 -8.19038442173097E-17 0 1 -8.19038442173097E-17 0 1 -8.19038442173097E-17 0 1 -8.19038442173097E-17 0 1 -8.19038442173097E-17 0 -0.880796849727631 0.473494380712509 0 -0.551606178283691 0.834104716777802 0 -0.551606178283691 0.834104716777802 0 -0.0909090936183929 0.995859205722809 0 -0.880796849727631 0.473494380712509 0 -1 2.44929370517034E-16 0 -1 2.44929370517034E-16 0 -0.0909090936183929 0.995859205722809 0 0 0 -1 0 0 -1 0 0 -1 0 0 -1 0 0 -1 0 0 -1 0 0 -1 0 0 -1 0 0 -1 0 0 -1 0 -1 0 0 -1 0 0 -1 0 0 -1 0 0 -1 0 0 -1 0 0 -1 0 0 -1 0 0 0 1 0 0 1 0 0 1 0 0 1 0 0 1 0 0 1 0 0 1 -1 0 4.58201668135914E-15 -1 0 4.58201668135914E-15 -1 0 4.58201668135914E-15 -1 0 4.58201668135914E-15 -0.806830048561096 0 0.590783655643463 -0.806830048561096 0 0.590783655643463 -0.806830048561096 0 0.590783655643463 -0.806830048561096 0 0.590783655643463 -0.806830048561096 0 0.590783655643463 -0.806830048561096 0 0.590783655643463 -1 0 0 -1 0 0 -1 0 0 -1 0 0 -1 0 0 -1 0 0 -1 0 0 -1 0 0 -1 0 0 -1 0 0 -1 0 0 -1 0 0 -0.806830048561096 0 -0.590783655643463 -0.806830048561096 0 -0.590783655643463 -0.806830048561096 0 -0.590783655643463 -0.806830048561096 0 -0.590783655643463 -0.806830048561096 0 -0.590783655643463 -0.806830048561096 0 -0.590783655643463 -1 0 0 -1 0 0 -1 0 0 -1 0 0 0 0 1 0 0 1 0 0 1 0 0 1 0 0 1 0 0 1 0 0 1 0 0 1 0 0 1 0 0 1 -2.94781229929889E-15 -1 0 -2.94781229929889E-15 -1 0 -2.94781229929889E-15 -1 0 -2.94781229929889E-15 -1 0 -2.94781229929889E-15 -1 0 -2.94781229929889E-15 -1 0 -2.94781229929889E-15 -1 0 -2.94781229929889E-15 -1 0 0.5 -0.866025388240814 0 -6.12323426292584E-17 -1 0 -6.12323426292584E-17 -1 0 1 -1.22464685258517E-16 0 0.866025388240814 -0.5 0 0.866025388240814 -0.5 0 1 -1.22464685258517E-16 0 0.5 -0.866025388240814 0 1 -1.22464685258517E-16 0 1 -1.22464685258517E-16 0 1 -1.22464685258517E-16 0 1 -1.22464685258517E-16 0 0.976296007633209 -0.216439619660378 0 0.976296007633209 -0.216439619660378 0 0.976296007633209 -0.216439619660378 0 0.976296007633209 -0.216439619660378 0 0.976296007633209 -0.216439619660378 0 0.976296007633209 -0.216439619660378 0 0.976296007633209 -0.216439619660378 0 0 -1 0 0 -1 0 0 -1 0 0 -1 0 1 1.1209844723409E-15 0 1 1.1209844723409E-15 0 1 1.1209844723409E-15 0 1 1.1209844723409E-15 0 1 1.1209844723409E-15 0 1 1.1209844723409E-15 0 1 1.1209844723409E-15 0 1 1.1209844723409E-15 0 1 1.1209844723409E-15 0 1 1.1209844723409E-15 0 1 1.1209844723409E-15 0 1 1.1209844723409E-15 0 1 1.1209844723409E-15 0 -0.866025388240814 -0.5 0 -1 0 4.58201668135914E-15 -1 0 4.58201668135914E-15 1 -1.22464685258517E-16 0 0.866025388240814 -0.5 0 0.866025388240814 -0.5 0 1 -1.22464685258517E-16 0 0.866025388240814 -0.5 0 0.866025388240814 -0.5 0 -0.866025388240814 -0.5 0 -1 0 0 -1 0 4.58201668135914E-15 -0.504132211208344 -0.863626480102539 0 -0.49973663687706 -0.866177380084991 0 -0.504132211208344 -0.863626480102539 0 -0.866025388240814 -0.5 0 1 -1.22464685258517E-16 0 0.866025388240814 -0.5 0 -0.866025388240814 -0.5 0 -1 0 4.58201668135914E-15 -0.866025388240814 -0.5 0 0.5 -0.866025388240814 0 0.5 -0.866025388240814 0 -2.94781229929889E-15 -1 0 -6.12323426292584E-17 -1 0 0.866025388240814 -0.5 0 0.5 -0.866025388240814 0 0.866025388240814 -0.5 0 0.5 -0.866025388240814 0 0.5 -0.866025388240814 0 0.5 -0.866025388240814 0 0.5 -0.866025388240814 0 -6.12323426292584E-17 -1 0 -0.5 -0.866025388240814 0 -6.12323426292584E-17 -1 0 -6.12323426292584E-17 -1 0 -6.12323426292584E-17 -1 0 -6.12323426292584E-17 -1 0 -1 0 4.58201668135914E-15 -0.866025388240814 -0.5 0 -1 0 4.58201668135914E-15 -0.866025388240814 -0.5 0 -0.5 -0.866025388240814 0 -0.5 -0.866025388240814 0 -0.5 -0.866025388240814 0 -0.5 -0.866025388240814 0 -0.5 -0.866025388240814 0 1 -1.22464685258517E-16 0 1 -1.22464685258517E-16 0 1 -1.22464685258517E-16 0 -2.94781229929889E-15 -1 0 1 -1.22464685258517E-16 0 -5.8343921633243E-15 -1 0 0.5 -0.866025388240814 0 0.5 -0.866025388240814 0 -0.49973663687706 -0.866177380084991 0 -0.504132211208344 -0.863626480102539 0 -0.504132211208344 -0.863626480102539 0 -0.866025388240814 -0.5 0 -1 0 0 -1 0 0 -0.5 -0.866025388240814 0 -0.866025388240814 -0.5 0 -5.8343921633243E-15 -1 0 -5.8343921633243E-15 -1 0 0.866025388240814 -0.5 0 1 -1.22464685258517E-16 0 0.866025388240814 -0.5 0 1 -1.22464685258517E-16 0 -1 2.44929370517034E-16 0 -1 2.44929370517034E-16 0 -1 2.44929370517034E-16 0 -1 2.44929370517034E-16 0 -1 2.44929370517034E-16 0 -1 2.44929370517034E-16 0 -1 2.44929370517034E-16 0 -1 2.44929370517034E-16 0 -1 2.44929370517034E-16 0 -1 2.44929370517034E-16 0 -1 2.44929370517034E-16 0 -1 2.44929370517034E-16 0 -1 2.44929370517034E-16 0 -1 0 0 -1 0 0 -1 0 0 -1 0 0 -1 2.44929370517034E-16 0 -0.939692616462708 0.342020153999329 0 -0.939692616462708 0.342020153999329 0 -1 2.44929370517034E-16 0 -0.939692616462708 0.342020153999329 0 -1 2.44929370517034E-16 0 -0.939692616462708 0.342020153999329 0 -0.882077515125275 0.471104294061661 0 -0.939692616462708 0.342020153999329 0 -0.766044437885284 0.642787635326385 0 -1 2.44929370517034E-16 0 -0.939692616462708 0.342020153999329 0 -0.766044437885284 0.642787635326385 0 -0.882077515125275 0.471104294061661 0 -1 2.44929370517034E-16 0 -0.939692616462708 0.342020153999329 0 -1 2.44929370517034E-16 0 -1 2.44929370517034E-16 0 -1 2.44929370517034E-16 0 -0.766044437885284 0.642787635326385 0 -0.766044437885284 0.642787635326385 0 -0.766044437885284 0.642787635326385 0 -0.939692616462708 0.342020153999329 0 -0.5 0.866025388240814 0 -0.5 0.866025388240814 0 -0.5 0.866025388240814 0 -0.5 0.866025388240814 0 -0.5 0.866025388240814 0 -0.766044437885284 0.642787635326385 0 -0.5 0.866025388240814 0 -0.80901700258255 0.587785243988037 0 -0.5 0.866025388240814 0 -0.5 0.866025388240814 0 -0.80901700258255 -0.587785243988037 0 -0.978147625923157 -0.207911685109138 0 -0.80901700258255 -0.587785243988037 0 -0.978147625923157 -0.207911685109138 0 -0.978147625923157 0.207911685109138 0 -0.978147625923157 0.207911685109138 0 -0.5 0.866025388240814 0 -0.5 0.866025388240814 0 -0.80901700258255 0.587785243988037 0 -0.5 0.866025388240814 0 -0.5 0.866025388240814 0 -0.5 -0.866025388240814 0 -0.5 -0.866025388240814 0 -0.766044437885284 -0.642787635326385 0 -0.939692616462708 -0.342020153999329 0 -0.939692616462708 -0.342020153999329 0 -0.5 -0.866025388240814 0 -0.766044437885284 -0.642787635326385 0 -0.5 -0.866025388240814 0 -1 0 0 -1 0 0 -1 0 0 -1 0 0 -1 0 0 -1 0 0 -1 0 0 -1 0 0 -1 0 0 -1 0 0 -1 0 0 0 1 0 0 1 0 0 1 0 0 1 0 -3.74163271774766E-17 -1.2945698194277E-16 1 -3.74163271774766E-17 -1.2945698194277E-16 1 -3.74163271774766E-17 -1.2945698194277E-16 1 -3.74163271774766E-17 -1.2945698194277E-16 1 0 -1 0 0 -1 0 0 -1 0 0 -1 0 3.74163271774766E-17 1.2945698194277E-16 -1 3.74163271774766E-17 1.2945698194277E-16 -1 3.74163271774766E-17 1.2945698194277E-16 -1 3.74163271774766E-17 1.2945698194277E-16 -1 -1 0 0 -1 0 0 -1 0 0 -1 0 0 -9.98568932838499E-33 1 2.66880546982484E-16 -9.98568932838499E-33 1 2.66880546982484E-16 -9.98568932838499E-33 1 2.66880546982484E-16 -9.98568932838499E-33 1 2.66880546982484E-16 -3.74163271774766E-17 0 1 -3.74163271774766E-17 0 1 -3.74163271774766E-17 0 1 -3.74163271774766E-17 0 1 9.98568932838499E-33 -1 -2.66880546982484E-16 9.98568932838499E-33 -1 -2.66880546982484E-16 9.98568932838499E-33 -1 -2.66880546982484E-16 9.98568932838499E-33 -1 -2.66880546982484E-16 3.74163271774766E-17 0 -1 3.74163271774766E-17 0 -1 3.74163271774766E-17 0 -1 3.74163271774766E-17 0 -1 0 0 -1 0 0 -1 0 0 -1 0 0 -1 0 0 -1 0 0 -1 0 0 -1 -4.33680868994202E-15 1 0 -4.33680868994202E-15 1 0 -4.33680868994202E-15 1 0 -4.33680868994202E-15 1 0</float_array><technique_common><accessor count="2187" source="#bau0026152251-mesh-normals-array" stride="3"><param name="X" type="float" /><param name="Y" type="float" /><param name="Z" type="float" /></accessor></technique_common></source><vertices id="bau0026152251-mesh-vertices"><input semantic="POSITION" source="#bau0026152251-mesh-positions" /></vertices><triangles count="1227" material="zincplated-material"><input offset="0" semantic="VERTEX" source="#bau0026152251-mesh-vertices" /><input offset="1" semantic="NORMAL" source="#bau0026152251-mesh-normals" /><p>0 0 1 1 2 2 2 2 3 3 4 4 4 4 5 5 6 6 6 6 7 7 8 8 8 8 9 9 10 10 10 10 11 11 12 12 12 12 13 13 14 14 14 14 15 15 16 16 16 16 17 17 18 18 18 18 19 19 20 20 20 20 21 21 22 22 21 21 20 20 19 19 22 22 23 23 0 0 17 17 16 16 15 15 15 15 14 14 13 13 13 13 12 12 11 11 19 19 18 18 17 17 11 11 10 10 9 9 9 9 8 8 7 7 7 7 6 6 5 5 5 5 4 4 3 3 3 3 2 2 1 1 1 1 0 0 23 23 23 23 22 22 21 21 24 24 25 25 26 26 26 26 27 27 28 28 28 28 29 29 30 30 30 30 31 31 32 32 32 32 33 33 34 34 34 34 35 35 36 36 36 36 37 37 38 38 38 38 39 39 40 40 40 40 41 41 42 42 42 42 43 43 44 44 44 44 45 45 46 46 46 46 47 47 24 24 47 47 46 46 45 45 45 45 44 44 43 43 43 43 42 42 41 41 41 41 40 40 39 39 39 39 38 38 37 37 37 37 36 36 35 35 35 35 34 34 33 33 33 33 32 32 31 31 31 31 30 30 29 29 29 29 28 28 27 27 27 27 26 26 25 25 25 25 24 24 47 47 48 48 49 49 50 50 51 51 52 52 53 53 53 53 54 54 55 55 55 55 56 56 57 57 57 57 58 58 59 59 59 59 60 60 61 61 61 61 62 62 63 63 63 63 64 64 65 65 65 65 66 66 67 67 67 67 68 68 69 69 69 69 70 70 71 71 71 71 50 50 49 49 50 50 71 71 70 70 70 70 69 69 68 68 68 68 67 67 66 66 66 66 65 65 64 64 64 64 63 63 62 62 62 62 61 61 60 60 60 60 59 59 58 58 58 58 57 57 56 56 56 56 55 55 54 54 54 54 53 53 52 52 52 52 51 51 48 48 49 49 48 48 51 51 72 72 73 73 74 74 74 74 75 75 76 76 76 76 77 77 78 78 78 78 79 79 80 80 80 80 81 81 82 82 82 82 83 83 84 84 84 84 85 85 86 86 87 87 88 88 89 89 89 89 90 90 91 91 91 91 92 92 93 93 93 93 94 94 72 72 94 94 93 93 92 92 92 92 91 91 90 90 90 90 89 89 88 88 88 88 87 87 95 95 95 95 86 86 85 85 85 85 84 84 83 83 83 83 82 82 81 81 81 81 80 80 79 79 79 79 78 78 77 77 77 77 76 76 75 75 75 75 74 74 73 73 73 73 72 72 94 94 86 86 95 95 87 87 96 96 97 97 98 98 98 98 99 99 100 100 100 100 101 101 102 102 102 102 103 103 104 104 104 104 105 105 106 106 106 106 107 107 108 108 108 108 109 109 110 110 110 110 111 111 112 112 112 112 113 113 114 114 115 115 116 116 96 96 117 117 118 118 115 115 114 114 119 119 117 117 119 119 114 114 113 113 118 118 117 117 119 119 116 116 115 115 118 118 97 97 96 96 116 116 101 101 100 100 99 99 103 103 102 102 101 101 105 105 104 104 103 103 107 107 106 106 105 105 109 109 108 108 107 107 111 111 110 110 109 109 113 113 112 112 111 111 99 99 98 98 97 97 120 120 121 121 122 122 122 122 123 123 124 124 124 124 125 125 126 126 126 126 127 127 128 128 129 129 130 130 120 120 131 131 132 132 133 133 133 133 134 134 135 135 135 135 136 136 137 137 137 137 138 138 139 139 140 140 141 141 129 129 139 139 142 142 140 140 142 142 139 139 138 138 141 141 140 140 142 142 130 130 129 129 141 141 121 121 120 120 130 130 123 123 122 122 121 121 138 138 137 137 136 136 125 125 124 124 123 123 127 127 126 126 125 125 143 143 128 128 127 127 132 132 131 131 143 143 134 134 133 133 132 132 136 136 135 135 134 134 128 128 143 143 131 131 144 144 145 145 146 146 147 147 144 144 148 148 144 144 147 147 145 145 149 149 150 150 151 151 152 152 151 151 153 153 154 154 155 155 156 156 154 154 152 152 153 153 152 152 154 154 156 156 155 155 154 154 157 157 151 151 152 152 149 149 150 150 149 149 158 158 159 159 158 158 160 160 161 161 160 160 162 162 163 163 162 162 164 164 158 158 159 159 150 150 165 165 166 166 167 167 168 168 169 169 170 170 162 162 171 171 164 164 160 160 172 172 173 173 158 158 174 174 160 160 149 149 175 175 176 176 152 152 177 177 149 149 152 152 178 178 179 179 180 180 181 181 182 182 164 164 183 183 184 184 185 185 186 186 164 164 187 187 186 186 188 188 160 160 161 161 159 159 162 162 163 163 161 161 164 164 189 189 163 163 170 170 190 190 191 191 190 190 170 170 169 169 164 164 192 192 185 185 181 181 180 180 183 183 187 187 165 165 186 186 181 181 167 167 182 182 164 164 184 184 192 192 186 186 185 185 188 188 165 165 193 193 166 166 189 189 164 164 186 186 193 193 165 165 194 194 191 191 165 165 167 167 183 183 164 164 181 181 165 165 187 187 194 194 165 165 191 191 190 190 169 169 168 168 195 195 196 196 197 197 198 198 164 164 199 199 181 181 162 162 200 200 201 201 202 202 164 164 171 171 196 196 203 203 204 204 162 162 198 198 200 200 171 171 162 162 201 201 205 205 164 164 202 202 178 178 152 152 156 156 206 206 179 179 207 207 208 208 152 152 179 179 209 209 179 179 210 210 206 206 207 207 211 211 177 177 152 152 212 212 152 152 208 208 213 213 179 179 206 206 210 210 214 214 207 207 215 215 215 215 149 149 216 216 152 152 213 213 212 212 207 207 214 214 211 211 216 216 149 149 217 217 179 179 209 209 208 208 217 217 149 149 177 177 149 149 215 215 207 207 218 218 207 207 219 219 219 219 220 220 221 221 222 222 158 158 223 223 220 220 219 219 207 207 224 224 220 220 222 222 223 223 158 158 225 225 176 176 158 158 149 149 226 226 149 149 207 207 220 220 224 224 221 221 158 158 176 176 225 225 226 226 207 207 227 227 158 158 222 222 220 220 175 175 149 149 228 228 207 207 218 218 227 227 149 149 226 226 228 228 174 174 158 158 229 229 230 230 158 158 220 220 231 231 220 220 232 232 229 229 158 158 233 233 230 230 220 220 234 234 220 220 231 231 235 235 236 236 232 232 237 237 238 238 160 160 239 239 158 158 230 230 233 233 232 232 236 236 231 231 160 160 238 238 232 232 181 181 240 240 241 241 242 242 160 160 174 174 220 220 235 235 234 234 160 160 242 242 239 239 232 232 238 238 237 237 243 243 196 196 244 244 245 245 160 160 232 232 196 196 243 243 232 232 172 172 160 160 246 246 245 245 232 232 247 247 244 244 196 196 248 248 160 160 245 245 246 246 232 232 243 243 249 249 250 250 162 162 251 251 232 232 249 249 247 247 162 162 250 250 196 196 173 173 162 162 160 160 196 196 250 250 248 248 162 162 173 173 252 252 162 162 252 252 251 251 203 203 196 196 181 181 203 203 181 181 241 241 240 240 181 181 199 199 199 199 164 164 205 205 198 198 162 162 196 196 197 197 196 196 204 204 191 191 167 167 181 181 253 253 254 254 255 255 254 254 253 253 256 256 257 257 258 258 259 259 260 260 258 258 261 261 260 260 261 261 262 262 258 258 257 257 261 261 258 258 260 260 263 263 264 264 265 265 266 266 266 266 265 265 267 267 268 268 265 265 269 269 270 270 271 271 272 272 272 272 273 273 274 274 269 269 265 265 270 270 273 273 272 272 271 271 275 275 276 276 277 277 275 275 265 265 278 278 271 271 270 270 265 265 265 265 275 275 277 277 276 276 275 275 279 279 265 265 264 264 278 278 267 267 265 265 268 268 280 280 281 281 282 282 283 283 284 284 285 285 282 282 283 283 286 286 284 284 287 287 288 288 289 289 290 290 291 291 283 283 282 282 281 281 292 292 286 286 293 293 294 294 292 292 295 295 284 284 283 283 281 281 290 290 289 289 296 296 291 291 297 297 280 280 286 286 292 292 282 282 294 294 295 295 298 298 296 296 299 299 281 281 300 300 281 281 299 299 297 297 291 291 290 290 281 281 280 280 297 297 292 292 294 294 282 282 301 301 281 281 300 300 302 302 281 281 301 301 284 284 302 302 287 287 299 299 296 296 289 289 302 302 284 284 281 281 303 303 304 304 305 305 306 306 307 307 308 308 307 307 306 306 309 309 308 308 307 307 310 310 310 310 303 303 311 311 303 303 310 310 307 307 311 311 303 303 312 312 307 307 309 309 313 313 312 312 303 303 314 314 314 314 303 303 315 315 304 304 303 303 307 307 316 316 305 305 304 304 305 305 316 316 317 317 318 318 319 319 320 320 319 319 318 318 321 321 322 322 323 323 324 324 325 325 326 326 327 327 322 322 324 324 328 328 328 328 329 329 330 330 331 331 332 332 333 333 334 334 325 325 335 335 336 336 337 337 338 338 324 324 339 339 328 328 340 340 341 341 342 342 343 343 344 344 345 345 346 346 347 347 348 348 349 349 350 350 351 351 350 350 352 352 351 351 347 347 346 346 344 344 350 350 349 349 353 353 354 354 325 325 327 327 355 355 327 327 326 326 346 346 349 349 341 341 325 325 336 336 338 338 336 336 325 325 356 356 336 336 357 357 337 337 357 357 336 336 358 358 325 325 354 354 356 356 359 359 360 360 361 361 341 341 362 362 363 363 322 322 364 364 323 323 339 339 324 324 365 365 366 366 367 367 368 368 369 369 370 370 371 371 369 369 372 372 370 370 325 325 373 373 374 374 375 375 331 331 327 327 376 376 377 377 378 378 366 366 379 379 367 367 329 329 368 368 380 380 372 372 369 369 381 381 344 344 382 382 383 383 375 375 327 327 355 355 332 332 331 331 384 384 376 376 385 385 377 377 386 386 341 341 349 349 352 352 387 387 325 325 364 364 322 322 376 376 388 388 366 366 389 389 368 368 329 329 366 366 390 390 329 329 380 380 344 344 346 346 391 391 360 360 359 359 338 338 341 341 386 386 342 342 391 391 346 346 392 392 393 393 338 338 394 394 361 361 395 395 340 340 392 392 346 346 396 396 338 338 359 359 394 394 338 338 393 393 397 397 398 398 383 383 399 399 381 381 325 325 334 334 400 400 344 344 401 401 402 402 344 344 398 398 399 399 383 383 403 403 331 331 389 389 404 404 405 405 389 389 406 406 325 325 381 381 407 407 407 407 381 381 408 408 344 344 400 400 325 325 383 383 398 398 344 344 409 409 383 383 410 410 409 409 335 335 411 411 374 374 335 335 325 325 369 369 412 412 389 389 389 389 331 331 333 333 329 329 328 328 413 413 414 414 328 328 339 339 406 406 389 389 415 415 416 416 381 381 369 369 373 373 325 325 417 417 344 344 402 402 401 401 361 361 418 418 419 419 325 325 420 420 421 421 335 335 409 409 410 410 335 335 374 374 422 422 382 382 344 344 423 423 423 423 389 389 412 412 389 389 333 333 369 369 412 412 369 369 424 424 383 383 409 409 403 403 381 381 425 425 426 426 326 326 325 325 407 407 331 331 375 375 384 384 385 385 376 376 322 322 328 328 414 414 413 413 427 427 329 329 390 390 366 366 388 388 379 379 415 415 389 389 344 344 408 408 381 381 426 426 381 381 416 416 425 425 325 325 400 400 417 417 389 389 405 405 388 388 329 329 427 427 330 330 424 424 369 369 371 371 389 389 423 423 344 344 344 344 428 428 345 345 387 387 352 352 429 429 349 349 346 346 353 353 344 344 343 343 347 347 429 429 352 352 430 430 346 346 348 348 353 353 397 397 325 325 338 338 428 428 344 344 325 325 418 418 361 361 431 431 352 352 350 350 430 430 325 325 397 397 432 432 428 428 325 325 421 421 420 420 325 325 387 387 395 395 361 361 419 419 431 431 361 361 360 360 341 341 340 340 395 395 325 325 432 432 352 352 362 362 341 341 395 395 335 335 422 422 411 411 433 433 434 434 435 435 434 434 433 433 436 436 437 437 438 438 439 439 438 438 437 437 440 440 441 441 442 442 443 443 444 444 443 443 442 442 445 445 446 446 447 447 448 448 449 449 444 444 445 445 450 450 446 446 442 442 441 441 451 451 445 445 452 452 453 453 454 454 455 455 456 456 457 457 458 458 450 450 459 459 445 445 460 460 452 452 449 449 461 461 462 462 463 463 464 464 464 464 445 445 459 459 465 465 463 463 462 462 466 466 467 467 468 468 463 463 467 467 466 466 469 469 466 466 468 468 470 470 471 471 472 472 450 450 445 445 457 457 449 449 445 445 447 447 470 470 473 473 474 474 473 473 475 475 454 454 455 455 454 454 475 475 471 471 470 470 474 474 449 449 452 452 445 445 475 475 473 473 470 470 457 457 476 476 477 477 478 478 454 454 456 456 445 445 464 464 463 463 479 479 442 442 480 480 442 442 466 466 481 481 482 482 483 483 484 484 470 470 481 481 466 466 442 442 479 479 466 466 483 483 482 482 485 485 486 486 482 482 484 484 445 445 454 454 478 478 445 445 487 487 488 488 466 466 476 476 457 457 458 458 457 457 477 477 454 454 445 445 453 453 487 487 445 445 478 478 460 460 488 488 489 489 476 476 466 466 479 479 488 488 460 460 445 445 449 449 448 448 461 461 467 467 463 463 465 465 490 490 466 466 469 469 482 482 470 470 491 491 470 470 490 490 491 491 482 482 486 486 470 470 489 489 492 492 482 482 480 480 442 442 451 451 492 492 489 489 488 488 485 485 482 482 492 492 481 481 470 470 472 472 470 470 466 466 490 490 443 443 444 444 449 449 493 493 494 494 495 495 494 494 493 493 496 496 497 497 498 498 499 499 498 498 497 497 500 500 501 501 502 502 503 503 502 502 501 501 504 504 505 505 503 503 502 502 503 503 505 505 506 506 507 507 506 506 505 505 508 508 509 509 510 510 511 511 512 512 508 508 512 512 511 511 513 513 509 509 508 508 512 512 514 514 510 510 509 509 506 506 507 507 514 514 510 510 514 514 507 507 515 515 516 516 517 517 518 518 519 519 520 520 521 521 519 519 522 522 523 523 524 524 525 525 526 526 527 527 528 528 525 525 527 527 526 526 529 529 530 530 531 531 517 517 532 532 523 523 527 527 525 525 533 533 534 534 516 516 515 515 535 535 516 516 536 536 537 537 538 538 539 539 516 516 538 538 537 537 540 540 537 537 539 539 538 538 516 516 535 535 530 530 529 529 537 537 537 537 529 529 541 541 542 542 543 543 544 544 533 533 525 525 524 524 523 523 525 525 545 545 519 519 518 518 522 522 546 546 542 542 544 544 519 519 521 521 541 541 537 537 540 540 547 547 532 532 517 517 516 516 548 548 541 541 529 529 542 542 546 546 549 549 550 550 531 531 530 530 516 516 534 534 536 536 551 551 552 552 530 530 551 551 553 553 554 554 555 555 546 546 531 531 551 551 556 556 557 557 531 531 550 550 555 555 525 525 547 547 558 558 543 543 559 559 560 560 561 561 551 551 557 557 556 556 554 554 560 560 543 543 542 542 559 559 553 553 525 525 562 562 524 524 523 523 532 532 520 520 519 519 563 563 563 563 528 528 527 527 516 516 537 537 564 564 537 537 541 541 564 564 541 541 548 548 519 519 549 549 546 546 555 555 550 550 530 530 565 565 566 566 530 530 552 552 552 552 551 551 561 561 554 554 556 556 551 551 543 543 560 560 554 554 562 562 525 525 526 526 525 525 553 553 551 551 545 545 525 525 558 558 547 547 525 525 537 537 528 528 563 563 519 519 530 530 566 566 565 565 567 567 568 568 569 569 568 568 567 567 570 570 571 571 572 572 573 573 572 572 571 571 574 574 572 572 574 574 575 575 576 576 577 577 578 578 579 579 580 580 581 581 582 582 581 581 572 572 572 572 575 575 583 583 577 577 572 572 578 578 577 577 576 576 584 584 581 581 582 582 579 579 572 572 583 583 585 585 584 584 576 576 586 586 572 572 585 585 582 582 580 580 579 579 587 587 572 572 577 577 573 573 588 588 589 589 590 590 591 591 590 590 592 592 593 593 592 592 594 594 595 595 594 594 596 596 597 597 596 596 598 598 599 599 598 598 600 600 601 601 600 600 602 602 603 603 602 602 604 604 605 605 604 604 606 606 607 607 606 606 608 608 609 609 608 608 610 610 611 611 610 610 589 589 610 610 611 611 609 609 608 608 609 609 607 607 606 606 607 607 605 605 604 604 605 605 603 603 600 600 601 601 599 599 598 598 599 599 597 597 596 596 597 597 595 595 594 594 595 595 593 593 592 592 593 593 591 591 590 590 591 591 588 588 589 589 588 588 611 611 602 602 603 603 601 601 612 612 613 613 614 614 615 615 614 614 616 616 617 617 616 616 618 618 619 619 618 618 620 620 621 621 620 620 622 622 623 623 622 622 624 624 625 625 624 624 626 626 627 627 626 626 628 628 629 629 628 628 630 630 631 631 630 630 632 632 633 633 632 632 634 634 635 635 634 634 613 613 634 634 635 635 633 633 632 632 633 633 631 631 630 630 631 631 629 629 628 628 629 629 627 627 626 626 627 627 625 625 624 624 625 625 623 623 622 622 623 623 621 621 620 620 621 621 619 619 618 618 619 619 617 617 616 616 617 617 615 615 614 614 615 615 612 612 613 613 612 612 635 635 636 636 637 637 638 638 639 639 640 640 641 641 642 642 641 641 643 643 644 644 643 643 645 645 646 646 645 645 647 647 648 648 647 647 649 649 650 650 649 649 651 651 652 652 651 651 653 653 654 654 653 653 655 655 656 656 655 655 657 657 643 643 644 644 642 642 638 638 658 658 636 636 658 658 638 638 659 659 657 657 659 659 656 656 655 655 656 656 654 654 653 653 654 654 652 652 651 651 652 652 650 650 649 649 650 650 648 648 647 647 648 648 646 646 645 645 646 646 644 644 641 641 642 642 639 639 640 640 639 639 637 637 637 637 636 636 640 640 659 659 657 657 658 658 660 660 661 661 662 662 661 661 660 660 663 663 664 664 663 663 665 665 666 666 665 665 667 667 668 668 667 667 669 669 670 670 669 669 671 671 672 672 671 671 673 673 674 674 673 673 675 675 676 676 675 675 677 677 678 678 677 677 679 679 680 680 679 679 681 681 682 682 681 681 683 683 681 681 682 682 680 680 679 679 680 680 678 678 677 677 678 678 676 676 675 675 676 676 674 674 673 673 674 674 672 672 671 671 672 672 670 670 669 669 670 670 668 668 667 667 668 668 666 666 665 665 666 666 664 664 663 663 664 664 661 661 683 683 662 662 682 682 662 662 683 683 660 660 684 684 685 685 686 686 685 685 687 687 688 688 687 687 685 685 684 684 689 689 690 690 691 691 690 690 689 689 692 692 693 693 694 694 695 695 694 694 693 693 696 696 697 697 698 698 699 699 698 698 697 697 700 700 701 701 702 702 703 703 702 702 701 701 704 704 705 705 706 706 707 707 706 706 705 705 708 708 709 709 710 710 711 711 710 710 709 709 712 712 712 712 709 709 713 713 714 714 715 715 716 716 715 715 717 717 718 718 717 717 715 715 714 714 719 719 720 720 721 721 720 720 719 719 722 722 723 723 724 724 725 725 724 724 723 723 726 726 727 727 728 728 729 729 728 728 727 727 730 730 731 731 732 732 733 733 732 732 731 731 734 734 735 735 736 736 737 737 736 736 735 735 738 738 739 739 740 740 741 741 739 739 741 741 742 742 740 740 739 739 743 743 744 744 745 745 746 746 745 745 747 747 748 748 747 747 745 745 749 749 750 750 749 749 745 745 745 745 744 744 750 750 749 749 750 750 751 751 752 752 753 753 754 754 753 753 752 752 755 755 756 756 757 757 758 758 757 757 756 756 759 759 760 760 761 761 762 762 763 763 762 762 764 764 765 765 764 764 766 766 767 767 766 766 768 768 769 769 768 768 770 770 771 771 772 772 773 773 774 774 775 775 776 776 777 777 773 773 775 775 768 768 769 769 767 767 766 766 767 767 765 765 778 778 779 779 761 761 764 764 765 765 763 763 762 762 763 763 760 760 761 761 760 760 778 778 779 779 778 778 780 780 781 781 780 780 782 782 776 776 782 782 774 774 775 775 774 774 777 777 773 773 777 777 771 771 772 772 771 771 783 783 770 770 783 783 769 769 783 783 770 770 772 772 782 782 776 776 781 781 780 780 781 781 779 779 784 784 785 785 786 786 785 785 784 784 787 787 785 785 787 787 788 788 785 785 788 788 789 789 785 785 789 789 790 790 785 785 790 790 791 791 785 785 791 791 792 792 785 785 793 793 794 794 785 785 794 794 786 786 785 785 795 795 796 796 785 785 792 792 795 795 785 785 796 796 793 793 797 797 798 798 799 799 800 800 801 801 798 798 802 802 803 803 801 801 804 804 805 805 803 803 806 806 807 807 805 805 808 808 809 809 807 807 810 810 811 811 809 809 812 812 813 813 811 811 814 814 815 815 813 813 816 816 817 817 815 815 818 818 819 819 817 817 820 820 799 799 819 819 799 799 820 820 797 797 819 819 818 818 820 820 817 817 816 816 818 818 815 815 814 814 816 816 813 813 812 812 814 814 809 809 808 808 810 810 807 807 806 806 808 808 805 805 804 804 806 806 803 803 802 802 804 804 801 801 800 800 802 802 798 798 797 797 800 800 811 811 810 810 812 812 821 821 822 822 823 823 821 821 823 823 824 824 821 821 824 824 825 825 821 821 825 825 826 826 821 821 826 826 827 827 821 821 828 828 822 822 828 828 821 821 829 829 821 821 830 830 831 831 821 821 831 831 832 832 821 821 832 832 833 833 821 821 833 833 829 829 821 821 827 827 830 830 834 834 835 835 836 836 837 837 836 836 838 838 839 839 838 838 840 840 841 841 840 840 842 842 843 843 842 842 844 844 845 845 844 844 846 846 836 836 837 837 834 834 847 847 846 846 848 848 849 849 848 848 850 850 851 851 850 850 852 852 853 853 852 852 854 854 855 855 854 854 856 856 857 857 856 856 835 835 856 856 857 857 855 855 854 854 855 855 853 853 852 852 853 853 851 851 850 850 851 851 849 849 848 848 849 849 847 847 846 846 847 847 845 845 844 844 845 845 843 843 842 842 843 843 841 841 840 840 841 841 839 839 838 838 839 839 837 837 835 835 834 834 857 857 858 858 859 859 860 860 858 858 860 860 861 861 858 858 861 861 862 862 858 858 862 862 863 863 858 858 863 863 864 864 858 858 864 864 865 865 858 858 865 865 866 866 858 858 866 866 867 867 858 858 867 867 868 868 858 858 868 868 869 869 859 859 858 858 870 870 858 858 869 869 870 870 871 871 872 872 873 873 874 874 873 873 875 875 876 876 877 877 878 878 879 879 875 875 877 877 880 880 881 881 872 872 878 878 882 882 876 876 877 877 876 876 879 879 875 875 879 879 874 874 873 873 874 874 871 871 872 872 871 871 880 880 881 881 880 880 883 883 884 884 883 883 885 885 886 886 885 885 887 887 888 888 887 887 889 889 890 890 889 889 891 891 892 892 891 891 893 893 894 894 893 893 882 882 893 893 894 894 892 892 891 891 892 892 890 890 889 889 890 890 888 888 887 887 888 888 886 886 885 885 886 886 884 884 883 883 884 884 881 881 882 882 878 878 894 894 895 895 896 896 897 897 895 895 898 898 899 899 895 895 900 900 901 901 895 895 902 902 900 900 895 895 903 903 902 902 895 895 904 904 903 903 895 895 905 905 904 904 895 895 897 897 905 905 898 898 895 895 901 901 895 895 899 899 906 906 895 895 906 906 907 907 895 895 907 907 896 896 908 908 909 909 910 910 911 911 912 912 909 909 913 913 914 914 912 912 915 915 916 916 914 914 917 917 918 918 916 916 909 909 908 908 911 911 919 919 920 920 921 921 922 922 923 923 920 920 924 924 925 925 923 923 926 926 927 927 925 925 928 928 929 929 927 927 930 930 910 910 929 929 912 912 911 911 913 913 914 914 913 913 915 915 916 916 915 915 917 917 918 918 917 917 931 931 921 921 931 931 919 919 920 920 919 919 922 922 923 923 922 922 924 924 925 925 924 924 926 926 927 927 926 926 928 928 929 929 928 928 930 930 931 931 921 921 918 918 910 910 930 930 908 908 932 932 933 933 934 934 932 932 934 934 935 935 932 932 936 936 933 933 932 932 937 937 936 936 932 932 938 938 937 937 932 932 939 939 938 938 932 932 940 940 939 939 932 932 941 941 940 940 932 932 942 942 941 941 932 932 943 943 942 942 943 943 932 932 944 944 932 932 935 935 944 944 945 945 946 946 947 947 948 948 949 949 950 950 951 951 948 948 950 950 946 946 945 945 952 952 948 948 951 951 953 953 952 952 954 954 955 955 949 949 948 948 956 956 946 946 957 957 958 958 957 957 952 952 959 959 954 954 952 952 945 945 957 957 946 946 952 952 960 960 953 953 961 961 959 959 952 952 960 960 961 961 953 953 951 951 953 953 960 960 952 952 962 962 963 963 964 964 962 962 965 965 963 963 962 962 966 966 965 965 962 962 967 967 966 966 962 962 968 968 967 967 962 962 969 969 968 968 962 962 970 970 969 969 962 962 971 971 970 970 962 962 972 972 973 973 962 962 974 974 972 972 974 974 962 962 964 964 962 962 973 973 971 971 975 975 976 976 977 977 975 975 978 978 976 976 975 975 979 979 978 978 975 975 980 980 979 979 981 981 975 975 977 977 975 975 981 981 982 982 975 975 982 982 983 983 975 975 983 983 984 984 975 975 984 984 985 985 975 975 985 985 986 986 975 975 986 986 987 987 975 975 987 987 980 980 988 988 989 989 990 990 991 991 988 988 992 992 988 988 991 991 993 993 988 988 993 993 994 994 988 988 990 990 995 995 988 988 995 995 996 996 988 988 996 996 992 992 988 988 997 997 998 998 988 988 994 994 999 999 988 988 1000 1000 997 997 988 988 999 999 1000 1000 988 988 998 998 989 989 1001 1001 1002 1002 1003 1003 1004 1004 1005 1005 1001 1001 1006 1006 1007 1007 1004 1004 1003 1003 1008 1008 1009 1009 1009 1009 1010 1010 1011 1011 1011 1011 1012 1012 1013 1013 1013 1013 1014 1014 1015 1015 1015 1015 1016 1016 1017 1017 1017 1017 1018 1018 1019 1019 1019 1019 1020 1020 1021 1021 1021 1021 1022 1022 1023 1023 1024 1024 1023 1023 1022 1022 1007 1007 1006 1006 1024 1024 1005 1005 1004 1004 1007 1007 1008 1008 1003 1003 1002 1002 1010 1010 1009 1009 1008 1008 1012 1012 1011 1011 1010 1010 1014 1014 1013 1013 1012 1012 1016 1016 1015 1015 1014 1014 1018 1018 1017 1017 1016 1016 1020 1020 1019 1019 1018 1018 1022 1022 1021 1021 1020 1020 1002 1002 1001 1001 1005 1005 1023 1023 1024 1024 1006 1006 1025 1025 1026 1026 1027 1027 1028 1028 1029 1029 1025 1025 1030 1030 1031 1031 1028 1028 1032 1032 1033 1033 1030 1030 1034 1034 1035 1035 1032 1032 1035 1035 1034 1034 1036 1036 1037 1037 1038 1038 1039 1039 1039 1039 1040 1040 1041 1041 1042 1042 1036 1036 1034 1034 1043 1043 1044 1044 1042 1042 1045 1045 1046 1046 1043 1043 1027 1027 1047 1047 1037 1037 1041 1041 1048 1048 1045 1045 1036 1036 1042 1042 1044 1044 1044 1044 1043 1043 1046 1046 1046 1046 1045 1045 1048 1048 1033 1033 1032 1032 1035 1035 1031 1031 1030 1030 1033 1033 1029 1029 1028 1028 1031 1031 1026 1026 1025 1025 1029 1029 1047 1047 1027 1027 1026 1026 1038 1038 1037 1037 1047 1047 1040 1040 1039 1039 1038 1038 1048 1048 1041 1041 1040 1040 1049 1049 1050 1050 1051 1051 1052 1052 1053 1053 1054 1054 1054 1054 1055 1055 1056 1056 1056 1056 1057 1057 1049 1049 1051 1051 1058 1058 1059 1059 1059 1059 1060 1060 1061 1061 1061 1061 1062 1062 1063 1063 1063 1063 1064 1064 1065 1065 1065 1065 1066 1066 1067 1067 1067 1067 1068 1068 1069 1069 1070 1070 1071 1071 1072 1072 1072 1072 1069 1069 1068 1068 1068 1068 1067 1067 1066 1066 1066 1066 1065 1065 1064 1064 1064 1064 1063 1063 1062 1062 1062 1062 1061 1061 1060 1060 1060 1060 1059 1059 1058 1058 1058 1058 1051 1051 1050 1050 1050 1050 1049 1049 1057 1057 1057 1057 1056 1056 1055 1055 1055 1055 1054 1054 1053 1053 1071 1071 1070 1070 1052 1052 1069 1069 1072 1072 1071 1071 1053 1053 1052 1052 1070 1070 1073 1073 1074 1074 1075 1075 1075 1075 1076 1076 1077 1077 1078 1078 1079 1079 1080 1080 1081 1081 1082 1082 1083 1083 1084 1084 1085 1085 1086 1086 1087 1087 1085 1085 1084 1084 1088 1088 1083 1083 1089 1089 1089 1089 1090 1090 1091 1091 1092 1092 1093 1093 1094 1094 1085 1085 1087 1087 1095 1095 1096 1096 1097 1097 1098 1098 1090 1090 1089 1089 1083 1083 1099 1099 1100 1100 1092 1092 1094 1094 1093 1093 1090 1090 1101 1101 1102 1102 1085 1085 1076 1076 1075 1075 1074 1074 1079 1079 1075 1075 1077 1077 1103 1103 1104 1104 1105 1105 1083 1083 1088 1088 1081 1081 1075 1075 1079 1079 1078 1078 1104 1104 1103 1103 1099 1099 1074 1074 1103 1103 1105 1105 1083 1083 1106 1106 1090 1090 1107 1107 1108 1108 1109 1109 1103 1103 1074 1074 1110 1110 1074 1074 1073 1073 1110 1110 1083 1083 1080 1080 1106 1106 1111 1111 1097 1097 1088 1088 1112 1112 1082 1082 1081 1081 1080 1080 1083 1083 1078 1078 1111 1111 1088 1088 1089 1089 1085 1085 1113 1113 1101 1101 1114 1114 1082 1082 1112 1112 1115 1115 1096 1096 1087 1087 1085 1085 1116 1116 1086 1086 1117 1117 1103 1103 1102 1102 1082 1082 1114 1114 1107 1107 1108 1108 1107 1107 1114 1114 1097 1097 1096 1096 1118 1118 1119 1119 1108 1108 1114 1114 1095 1095 1087 1087 1096 1096 1102 1102 1120 1120 1117 1117 1100 1100 1099 1099 1103 1103 1118 1118 1096 1096 1115 1115 1116 1116 1108 1108 1119 1119 1085 1085 1095 1095 1113 1113 1102 1102 1101 1101 1120 1120 1103 1103 1117 1117 1100 1100 1093 1093 1092 1092 1100 1100 1091 1091 1090 1090 1093 1093 1098 1098 1097 1097 1111 1111 1116 1116 1085 1085 1108 1108 1121 1121 1122 1122 1123 1123 1122 1122 1121 1121 1124 1124 1125 1125 1126 1126 1127 1127 1126 1126 1125 1125 1128 1128 1129 1129 1130 1130 1131 1131 1130 1130 1129 1129 1132 1132 1133 1133 1134 1134 1135 1135 1134 1134 1133 1133 1136 1136 1137 1137 1138 1138 1139 1139 1138 1138 1137 1137 1140 1140 1141 1141 1142 1142 1143 1143 1142 1142 1141 1141 1144 1144 1145 1145 1146 1146 1147 1147 1146 1146 1145 1145 1148 1148 1149 1149 1150 1150 1151 1151 1150 1150 1149 1149 1152 1152 1153 1153 1154 1154 1155 1155 1154 1154 1153 1153 1156 1156 1157 1157 1158 1158 1159 1159 1158 1158 1157 1157 1160 1160 1161 1161 1162 1162 1163 1163 1162 1162 1161 1161 1164 1164 1165 1165 1166 1166 1167 1167 1166 1166 1165 1165 1168 1168 1169 1169 1170 1170 1171 1171 1169 1169 1171 1171 1172 1172 1169 1169 1173 1173 1174 1174 1169 1169 1172 1172 1175 1175 1169 1169 1176 1176 1173 1173 1169 1169 1177 1177 1178 1178 1169 1169 1174 1174 1179 1179 1169 1169 1179 1179 1180 1180 1169 1169 1181 1181 1170 1170 1169 1169 1180 1180 1181 1181 1169 1169 1175 1175 1177 1177 1176 1176 1169 1169 1178 1178 1182 1182 1183 1183 1184 1184 1185 1185 1184 1184 1186 1186 1187 1187 1186 1186 1188 1188 1189 1189 1188 1188 1190 1190 1191 1191 1192 1192 1193 1193 1194 1194 1193 1193 1195 1195 1193 1193 1194 1194 1191 1191 1196 1196 1195 1195 1197 1197 1198 1198 1197 1197 1199 1199 1195 1195 1196 1196 1194 1194 1197 1197 1198 1198 1196 1196 1200 1200 1201 1201 1183 1183 1202 1202 1203 1203 1201 1201 1204 1204 1199 1199 1203 1203 1199 1199 1204 1204 1198 1198 1203 1203 1202 1202 1204 1204 1201 1201 1200 1200 1202 1202 1183 1183 1182 1182 1200 1200 1184 1184 1185 1185 1182 1182 1186 1186 1187 1187 1185 1185 1188 1188 1189 1189 1187 1187 1190 1190 1205 1205 1189 1189 1192 1192 1191 1191 1205 1205 1205 1205 1190 1190 1192 1192 1206 1206 1207 1207 1208 1208 1209 1209 1210 1210 1211 1211 1210 1210 1209 1209 1212 1212 1213 1213 1214 1214 1215 1215 1213 1213 1215 1215 1216 1216 1213 1213 1217 1217 1214 1214 1213 1213 1218 1218 1217 1217 1213 1213 1219 1219 1218 1218 1213 1213 1220 1220 1219 1219 1213 1213 1221 1221 1220 1220 1213 1213 1222 1222 1221 1221 1213 1213 1223 1223 1222 1222 1213 1213 1224 1224 1223 1223 1213 1213 1225 1225 1224 1224 1225 1225 1213 1213 1216 1216 1226 1226 1227 1227 1228 1228 1226 1226 1229 1229 1227 1227 1226 1226 1230 1230 1229 1229 1226 1226 1231 1231 1230 1230 1226 1226 1232 1232 1231 1231 1226 1226 1233 1233 1232 1232 1226 1226 1234 1234 1233 1233 1226 1226 1235 1235 1234 1234 1226 1226 1236 1236 1235 1235 1226 1226 1237 1237 1236 1236 1226 1226 1238 1238 1237 1237 1238 1238 1226 1226 1228 1228 1239 1239 1240 1240 1241 1241 1239 1239 1242 1242 1240 1240 1239 1239 1243 1243 1244 1244 1239 1239 1245 1245 1243 1243 1239 1239 1246 1246 1245 1245 1239 1239 1247 1247 1246 1246 1239 1239 1248 1248 1247 1247 1239 1239 1249 1249 1248 1248 1249 1249 1239 1239 1250 1250 1239 1239 1251 1251 1250 1250 1239 1239 1241 1241 1251 1251 1239 1239 1244 1244 1242 1242 1252 1252 1253 1253 1254 1254 1252 1252 1255 1255 1256 1256 1252 1252 1257 1257 1255 1255 1252 1252 1258 1258 1257 1257 1252 1252 1259 1259 1258 1258 1252 1252 1260 1260 1259 1259 1252 1252 1261 1261 1262 1262 1252 1252 1263 1263 1261 1261 1252 1252 1262 1262 1260 1260 1252 1252 1264 1264 1263 1263 1252 1252 1256 1256 1253 1253 1264 1264 1252 1252 1254 1254 1265 1265 1266 1266 1267 1267 1265 1265 1268 1268 1266 1266 1265 1265 1269 1269 1270 1270 1265 1265 1271 1271 1272 1272 1265 1265 1272 1272 1273 1273 1265 1265 1273 1273 1274 1274 1265 1265 1274 1274 1275 1275 1265 1265 1275 1275 1269 1269 1265 1265 1270 1270 1276 1276 1265 1265 1276 1276 1277 1277 1265 1265 1277 1277 1268 1268 1271 1271 1265 1265 1267 1267 1278 1278 1279 1279 1280 1280 1278 1278 1281 1281 1282 1282 1278 1278 1283 1283 1279 1279 1278 1278 1284 1284 1285 1285 1278 1278 1285 1285 1286 1286 1278 1278 1286 1286 1287 1287 1278 1278 1287 1287 1288 1288 1278 1278 1289 1289 1283 1283 1278 1278 1288 1288 1290 1290 1281 1281 1278 1278 1290 1290 1278 1278 1282 1282 1289 1289 1278 1278 1280 1280 1284 1284</p></triangles><triangles count="737" material="silkwhitematt-material"><input offset="0" semantic="VERTEX" source="#bau0026152251-mesh-vertices" /><input offset="1" semantic="NORMAL" source="#bau0026152251-mesh-normals" /><p>1291 1291 1292 1292 1293 1293 1292 1292 1291 1291 1294 1294 1295 1295 1296 1296 1297 1297 1297 1297 1298 1298 1299 1299 1300 1300 1301 1301 1302 1302 1303 1303 1304 1304 1305 1305 1306 1306 1298 1298 1307 1307 1303 1303 1308 1308 1309 1309 1308 1308 1303 1303 1310 1310 1296 1296 1295 1295 1311 1311 1298 1298 1297 1297 1296 1296 1312 1312 1305 1305 1313 1313 1307 1307 1295 1295 1306 1306 1314 1314 1306 1306 1295 1295 1298 1298 1306 1306 1299 1299 1306 1306 1314 1314 1309 1309 1302 1302 1315 1315 1316 1316 1304 1304 1317 1317 1318 1318 1306 1306 1308 1308 1319 1319 1305 1305 1320 1320 1321 1321 1322 1322 1323 1323 1324 1324 1295 1295 1325 1325 1326 1326 1327 1327 1328 1328 1329 1329 1330 1330 1331 1331 1332 1332 1333 1333 1334 1334 1335 1335 1301 1301 1336 1336 1337 1337 1338 1338 1339 1339 1340 1340 1336 1336 1335 1335 1334 1334 1336 1336 1327 1327 1341 1341 1342 1342 1343 1343 1331 1331 1301 1301 1344 1344 1345 1345 1342 1342 1341 1341 1343 1343 1344 1344 1301 1301 1337 1337 1333 1333 1344 1344 1334 1334 1335 1335 1341 1341 1342 1342 1344 1344 1333 1333 1345 1345 1341 1341 1335 1335 1336 1336 1331 1331 1330 1330 1342 1342 1328 1328 1327 1327 1301 1301 1297 1297 1346 1346 1325 1325 1322 1322 1346 1346 1347 1347 1325 1325 1295 1295 1297 1297 1347 1347 1346 1346 1348 1348 1346 1346 1297 1297 1348 1348 1346 1346 1322 1322 1324 1324 1295 1295 1349 1349 1314 1314 1349 1349 1295 1295 1326 1326 1314 1314 1323 1323 1350 1350 1323 1323 1314 1314 1349 1349 1323 1323 1322 1322 1350 1350 1338 1338 1351 1351 1320 1320 1306 1306 1351 1351 1299 1299 1320 1320 1305 1305 1338 1338 1351 1351 1306 1306 1319 1319 1315 1315 1302 1302 1352 1352 1353 1353 1301 1301 1354 1354 1355 1355 1301 1301 1345 1345 1356 1356 1345 1345 1352 1352 1305 1305 1312 1312 1338 1338 1327 1327 1336 1336 1301 1301 1304 1304 1339 1339 1357 1357 1308 1308 1306 1306 1309 1309 1304 1304 1303 1303 1358 1358 1301 1301 1300 1300 1328 1328 1295 1295 1307 1307 1311 1311 1305 1305 1357 1357 1313 1313 1301 1301 1353 1353 1302 1302 1356 1356 1302 1302 1353 1353 1359 1359 1352 1352 1340 1340 1352 1352 1359 1359 1315 1315 1300 1300 1317 1317 1358 1358 1302 1302 1360 1360 1300 1300 1359 1359 1304 1304 1318 1318 1304 1304 1359 1359 1340 1340 1317 1317 1300 1300 1360 1360 1301 1301 1355 1355 1354 1354 1302 1302 1356 1356 1352 1352 1345 1345 1356 1356 1355 1355 1357 1357 1305 1305 1304 1304 1339 1339 1304 1304 1340 1340 1351 1351 1338 1338 1299 1299 1305 1305 1310 1310 1303 1303 1310 1310 1305 1305 1321 1321 1360 1360 1302 1302 1316 1316 1317 1317 1304 1304 1358 1358 1339 1339 1338 1338 1312 1312 1361 1361 1362 1362 1363 1363 1362 1362 1361 1361 1364 1364 1362 1362 1365 1365 1363 1363 1365 1365 1362 1362 1366 1366 1362 1362 1367 1367 1368 1368 1367 1367 1362 1362 1369 1369 1362 1362 1364 1364 1369 1369 1370 1370 1371 1371 1372 1372 1371 1371 1370 1370 1373 1373 1373 1373 1370 1370 1374 1374 1371 1371 1375 1375 1372 1372 1376 1376 1377 1377 1378 1378 1375 1375 1371 1371 1379 1379 1373 1373 1380 1380 1381 1381 1377 1377 1376 1376 1382 1382 1380 1380 1373 1373 1374 1374 1378 1378 1377 1377 1383 1383 1384 1384 1385 1385 1386 1386 1387 1387 1388 1388 1389 1389 1390 1390 1391 1391 1384 1384 1392 1392 1393 1393 1394 1394 1395 1395 1391 1391 1390 1390 1396 1396 1386 1386 1385 1385 1397 1397 1391 1391 1395 1395 1393 1393 1398 1398 1399 1399 1384 1384 1386 1386 1400 1400 1387 1387 1397 1397 1401 1401 1398 1398 1393 1393 1392 1392 1402 1402 1403 1403 1404 1404 1405 1405 1391 1391 1406 1406 1397 1397 1387 1387 1391 1391 1407 1407 1387 1387 1401 1401 1399 1399 1408 1408 1409 1409 1410 1410 1411 1411 1412 1412 1391 1391 1405 1405 1384 1384 1385 1385 1413 1413 1414 1414 1388 1388 1387 1387 1407 1407 1398 1398 1408 1408 1399 1399 1403 1403 1399 1399 1409 1409 1415 1415 1410 1410 1416 1416 1417 1417 1418 1418 1419 1419 1413 1413 1385 1385 1405 1405 1385 1385 1384 1384 1405 1405 1408 1408 1398 1398 1420 1420 1403 1403 1402 1402 1399 1399 1411 1411 1410 1410 1415 1415 1402 1402 1421 1421 1422 1422 1423 1423 1424 1424 1425 1425 1421 1421 1402 1402 1404 1404 1422 1422 1426 1426 1427 1427 1424 1424 1423 1423 1428 1428 1396 1396 1424 1424 1429 1429 1426 1426 1422 1422 1421 1421 1430 1430 1416 1416 1410 1410 1424 1424 1396 1396 1425 1425 1386 1386 1396 1396 1429 1429 1416 1416 1430 1430 1371 1371 1431 1431 1428 1428 1423 1423 1379 1379 1371 1371 1430 1430 1432 1432 1419 1419 1373 1373 1433 1433 1426 1426 1434 1434 1431 1431 1379 1379 1435 1435 1419 1419 1432 1432 1417 1417 1417 1417 1377 1377 1418 1418 1426 1426 1433 1433 1427 1427 1433 1433 1381 1381 1380 1380 1379 1379 1431 1431 1375 1375 1428 1428 1431 1431 1435 1435 1377 1377 1382 1382 1436 1436 1381 1381 1433 1433 1434 1434 1383 1383 1377 1377 1417 1417 1373 1373 1381 1381 1432 1432 1437 1437 1438 1438 1439 1439 1438 1438 1440 1440 1441 1441 1438 1438 1437 1437 1440 1440 1442 1442 1443 1443 1444 1444 1443 1443 1442 1442 1445 1445 1446 1446 1447 1447 1448 1448 1449 1449 1446 1446 1448 1448 1442 1442 1450 1450 1451 1451 1452 1452 1442 1442 1453 1453 1454 1454 1442 1442 1452 1452 1447 1447 1446 1446 1455 1455 1456 1456 1457 1457 1458 1458 1442 1442 1456 1456 1445 1445 1450 1450 1442 1442 1454 1454 1442 1442 1451 1451 1457 1457 1449 1449 1451 1451 1446 1446 1451 1451 1449 1449 1457 1457 1457 1457 1456 1456 1442 1442 1459 1459 1460 1460 1461 1461 1462 1462 1463 1463 1460 1460 1464 1464 1465 1465 1463 1463 1466 1466 1467 1467 1465 1465 1468 1468 1469 1469 1470 1470 1470 1470 1469 1469 1471 1471 1467 1467 1466 1466 1472 1472 1473 1473 1461 1461 1469 1469 1465 1465 1464 1464 1466 1466 1470 1470 1471 1471 1474 1474 1461 1461 1473 1473 1459 1459 1460 1460 1459 1459 1462 1462 1463 1463 1462 1462 1464 1464 1469 1469 1468 1468 1473 1473 1475 1475 1476 1476 1477 1477 1478 1478 1475 1475 1477 1477 1476 1476 1475 1475 1479 1479 1475 1475 1478 1478 1480 1480 1481 1481 1482 1482 1483 1483 1484 1484 1481 1481 1485 1485 1481 1481 1484 1484 1482 1482 1486 1486 1487 1487 1488 1488 1487 1487 1486 1486 1489 1489 1488 1488 1487 1487 1490 1490 1491 1491 1492 1492 1493 1493 1494 1494 1495 1495 1496 1496 1494 1494 1497 1497 1498 1498 1497 1497 1494 1494 1496 1496 1499 1499 1491 1491 1500 1500 1491 1491 1501 1501 1492 1492 1494 1494 1493 1493 1495 1495 1501 1501 1491 1491 1502 1502 1493 1493 1494 1494 1491 1491 1491 1491 1499 1499 1502 1502 1503 1503 1504 1504 1505 1505 1504 1504 1503 1503 1506 1506 1507 1507 1508 1508 1509 1509 1508 1508 1507 1507 1510 1510 1508 1508 1511 1511 1509 1509 1511 1511 1508 1508 1512 1512 1513 1513 1514 1514 1515 1515 1514 1514 1513 1513 1516 1516 1517 1517 1518 1518 1519 1519 1520 1520 1521 1521 1522 1522 1523 1523 1524 1524 1518 1518 1518 1518 1525 1525 1523 1523 1521 1521 1520 1520 1526 1526 1518 1518 1527 1527 1525 1525 1523 1523 1522 1522 1524 1524 1528 1528 1529 1529 1519 1519 1522 1522 1523 1523 1520 1520 1528 1528 1519 1519 1518 1518 1518 1518 1530 1530 1527 1527 1528 1528 1531 1531 1529 1529 1518 1518 1517 1517 1530 1530 1531 1531 1528 1528 1532 1532 1521 1521 1526 1526 1533 1533 1534 1534 1535 1535 1536 1536 1536 1536 1537 1537 1534 1534 1535 1535 1534 1534 1538 1538 1537 1537 1536 1536 1539 1539 1540 1540 1541 1541 1539 1539 1541 1541 1540 1540 1542 1542 1539 1539 1541 1541 1537 1537 1543 1543 1544 1544 1545 1545 1544 1544 1543 1543 1546 1546 1547 1547 1548 1548 1549 1549 1544 1544 1546 1546 1550 1550 1545 1545 1549 1549 1543 1543 1549 1549 1545 1545 1547 1547 1548 1548 1547 1547 1551 1551 1552 1552 1553 1553 1554 1554 1552 1552 1555 1555 1553 1553 1555 1555 1552 1552 1556 1556 1557 1557 1558 1558 1559 1559 1559 1559 1556 1556 1557 1557 1558 1558 1557 1557 1560 1560 1556 1556 1559 1559 1555 1555 1561 1561 1562 1562 1563 1563 1562 1562 1561 1561 1564 1564 1564 1564 1565 1565 1566 1566 1566 1566 1567 1567 1568 1568 1567 1567 1566 1566 1565 1565 1565 1565 1564 1564 1561 1561 1569 1569 1570 1570 1571 1571 1572 1572 1573 1573 1569 1569 1570 1570 1569 1569 1573 1573 1573 1573 1572 1572 1574 1574 1574 1574 1575 1575 1576 1576 1575 1575 1574 1574 1572 1572 1577 1577 1578 1578 1579 1579 1578 1578 1580 1580 1581 1581 1578 1578 1577 1577 1580 1580 1582 1582 1583 1583 1584 1584 1583 1583 1582 1582 1585 1585 1586 1586 1587 1587 1588 1588 1587 1587 1586 1586 1589 1589 1590 1590 1591 1591 1592 1592 1593 1593 1594 1594 1595 1595 1592 1592 1591 1591 1596 1596 1597 1597 1593 1593 1590 1590 1593 1593 1595 1595 1598 1598 1591 1591 1590 1590 1593 1593 1593 1593 1597 1597 1594 1594 1599 1599 1600 1600 1601 1601 1600 1600 1599 1599 1602 1602 1602 1602 1603 1603 1604 1604 1603 1603 1602 1602 1599 1599 1605 1605 1606 1606 1607 1607 1608 1608 1609 1609 1610 1610 1611 1611 1612 1612 1613 1613 1614 1614 1615 1615 1616 1616 1617 1617 1606 1606 1618 1618 1605 1605 1619 1619 1620 1620 1611 1611 1613 1613 1609 1609 1605 1605 1610 1610 1618 1618 1609 1609 1608 1608 1621 1621 1610 1610 1605 1605 1608 1608 1614 1614 1609 1609 1621 1621 1615 1615 1614 1614 1622 1622 1623 1623 1624 1624 1625 1625 1624 1624 1617 1617 1625 1625 1624 1624 1623 1623 1626 1626 1622 1622 1614 1614 1621 1621 1609 1609 1614 1614 1611 1611 1606 1606 1605 1605 1618 1618 1619 1619 1605 1605 1607 1607 1612 1612 1611 1611 1627 1627 1617 1617 1624 1624 1606 1606 1628 1628 1629 1629 1630 1630 1629 1629 1628 1628 1631 1631 1632 1632 1633 1633 1634 1634 1635 1635 1634 1634 1636 1636 1633 1633 1632 1632 1637 1637 1634 1634 1635 1635 1632 1632 1638 1638 1639 1639 1640 1640 1639 1639 1638 1638 1641 1641 1642 1642 1643 1643 1644 1644 1644 1644 1643 1643 1645 1645 1643 1643 1642 1642 1646 1646 1647 1647 1648 1648 1649 1649 1648 1648 1647 1647 1650 1650 1651 1651 1652 1652 1653 1653 1651 1651 1654 1654 1652 1652 1654 1654 1651 1651 1655 1655 1656 1656 1657 1657 1658 1658 1657 1657 1656 1656 1659 1659 1660 1660 1661 1661 1662 1662 1661 1661 1660 1660 1663 1663 1664 1664 1665 1665 1666 1666 1667 1667 1665 1665 1664 1664 1665 1665 1667 1667 1668 1668 1669 1669 1670 1670 1671 1671 1670 1670 1669 1669 1672 1672 1673 1673 1674 1674 1675 1675 1674 1674 1676 1676 1677 1677 1674 1674 1673 1673 1676 1676 1678 1678 1679 1679 1680 1680 1679 1679 1678 1678 1681 1681 1682 1682 1683 1683 1684 1684 1683 1683 1682 1682 1685 1685 1686 1686 1687 1687 1688 1688 1687 1687 1686 1686 1689 1689 1690 1690 1691 1691 1692 1692 1691 1691 1690 1690 1693 1693 1694 1694 1695 1695 1696 1696 1695 1695 1694 1694 1697 1697 1698 1698 1699 1699 1700 1700 1699 1699 1698 1698 1701 1701 1702 1702 1703 1703 1704 1704 1703 1703 1702 1702 1705 1705 1706 1706 1707 1707 1708 1708 1707 1707 1706 1706 1709 1709 1710 1710 1711 1711 1712 1712 1711 1711 1710 1710 1713 1713 1714 1714 1715 1715 1716 1716 1715 1715 1714 1714 1717 1717 1718 1718 1719 1719 1720 1720 1719 1719 1718 1718 1721 1721 1722 1722 1723 1723 1724 1724 1723 1723 1722 1722 1725 1725 1726 1726 1727 1727 1728 1728 1726 1726 1728 1728 1729 1729 1727 1727 1726 1726 1730 1730 1731 1731 1732 1732 1733 1733 1732 1732 1731 1731 1734 1734 1735 1735 1736 1736 1737 1737 1736 1736 1735 1735 1738 1738 1737 1737 1736 1736 1739 1739 1740 1740 1741 1741 1742 1742 1741 1741 1740 1740 1743 1743 1744 1744 1745 1745 1746 1746 1745 1745 1744 1744 1747 1747 1748 1748 1749 1749 1750 1750 1749 1749 1748 1748 1751 1751 1752 1752 1753 1753 1754 1754 1753 1753 1752 1752 1755 1755 1756 1756 1757 1757 1758 1758 1757 1757 1756 1756 1759 1759 1760 1760 1761 1761 1762 1762 1761 1761 1760 1760 1763 1763 1764 1764 1765 1765 1766 1766 1765 1765 1764 1764 1767 1767 1768 1768 1769 1769 1770 1770 1769 1769 1768 1768 1771 1771 1772 1772 1773 1773 1774 1774 1773 1773 1772 1772 1775 1775 1776 1776 1777 1777 1778 1778 1777 1777 1776 1776 1779 1779 1780 1780 1781 1781 1782 1782 1781 1781 1780 1780 1783 1783 1784 1784 1785 1785 1786 1786 1785 1785 1784 1784 1787 1787 1788 1788 1789 1789 1790 1790 1789 1789 1788 1788 1791 1791 1792 1792 1793 1793 1794 1794 1792 1792 1794 1794 1795 1795 1793 1793 1792 1792 1796 1796 1797 1797 1798 1798 1799 1799 1800 1800 1797 1797 1801 1801 1798 1798 1797 1797 1800 1800 1802 1802 1803 1803 1804 1804 1803 1803 1802 1802 1805 1805 1806 1806 1807 1807 1808 1808 1809 1809 1810 1810 1811 1811 1807 1807 1806 1806 1812 1812 1812 1812 1811 1811 1810 1810 1811 1811 1812 1812 1806 1806 1810 1810 1809 1809 1813 1813 1814 1814 1815 1815 1816 1816 1815 1815 1814 1814 1817 1817 1818 1818 1819 1819 1820 1820 1820 1820 1821 1821 1822 1822 1823 1823 1822 1822 1821 1821 1821 1821 1820 1820 1819 1819 1819 1819 1818 1818 1824 1824 1822 1822 1823 1823 1825 1825 1826 1826 1827 1827 1828 1828 1827 1827 1829 1829 1830 1830 1831 1831 1829 1829 1832 1832 1829 1829 1827 1827 1826 1826 1829 1829 1831 1831 1830 1830 1831 1831 1833 1833 1830 1830 1833 1833 1831 1831 1834 1834 1835 1835 1836 1836 1837 1837 1838 1838 1839 1839 1835 1835 1839 1839 1838 1838 1840 1840 1836 1836 1835 1835 1839 1839 1841 1841 1837 1837 1836 1836 1837 1837 1841 1841 1842 1842 1843 1843 1844 1844 1845 1845 1846 1846 1847 1847 1848 1848 1849 1849 1850 1850 1846 1846 1847 1847 1846 1846 1850 1850 1851 1851 1847 1847 1852 1852 1850 1850 1853 1853 1854 1854 1855 1855 1853 1853 1845 1845 1847 1847 1856 1856 1857 1857 1844 1844 1843 1843 1851 1851 1858 1858 1859 1859 1860 1860 1861 1861 1860 1860 1853 1853 1854 1854 1853 1853 1862 1862 1853 1853 1855 1855 1863 1863 1860 1860 1861 1861 1858 1858 1849 1849 1861 1861 1853 1853 1853 1853 1863 1863 1862 1862 1864 1864 1845 1845 1865 1865 1847 1847 1851 1851 1843 1843 1866 1866 1847 1847 1843 1843 1856 1856 1847 1847 1850 1850 1845 1845 1844 1844 1865 1865 1867 1867 1868 1868 1866 1866 1861 1861 1849 1849 1869 1869 1847 1847 1866 1866 1868 1868 1868 1868 1867 1867 1870 1870 1867 1867 1860 1860 1859 1859 1850 1850 1849 1849 1853 1853 1860 1860 1867 1867 1866 1866 1847 1847 1857 1857 1852 1852 1845 1845 1864 1864 1855 1855 1859 1859 1858 1858 1871 1871 1872 1872 1873 1873 1874 1874 1875 1875 1874 1874 1873 1873 1876 1876 1877 1877 1878 1878 1877 1877 1876 1876 1872 1872 1873 1873 1872 1872 1876 1876 1874 1874 1875 1875 1879 1879 1880 1880 1881 1881 1882 1882 1883 1883 1884 1884 1885 1885 1886 1886 1887 1887 1888 1888 1881 1881 1880 1880 1886 1886 1887 1887 1886 1886 1889 1889 1884 1884 1888 1888 1887 1887 1889 1889 1886 1886 1880 1880 1888 1888 1884 1884 1883 1883 1890 1890 1891 1891 1892 1892 1892 1892 1891 1891 1893 1893 1891 1891 1894 1894 1895 1895 1896 1896 1890 1890 1897 1897 1891 1891 1890 1890 1894 1894 1890 1890 1896 1896 1894 1894 1898 1898 1899 1899 1900 1900 1901 1901 1902 1902 1903 1903 1899 1899 1898 1898 1902 1902 1901 1901 1903 1903 1904 1904 1902 1902 1901 1901 1899 1899 1905 1905 1906 1906 1907 1907 1906 1906 1905 1905 1908 1908 1909 1909 1910 1910 1911 1911 1909 1909 1912 1912 1910 1910 1913 1913 1909 1909 1914 1914 1909 1909 1913 1913 1912 1912 1915 1915 1916 1916 1917 1917 1917 1917 1918 1918 1915 1915 1916 1916 1915 1915 1919 1919 1920 1920 1921 1921 1922 1922 1921 1921 1920 1920 1918 1918 1923 1923 1924 1924 1916 1916 1920 1920 1924 1924 1923 1923 1925 1925 1923 1923 1926 1926 1924 1924 1920 1920 1922 1922 1917 1917 1916 1916 1924 1924 1919 1919 1925 1925 1926 1926 1925 1925 1919 1919 1915 1915 1923 1923 1925 1925 1920 1920 1918 1918 1917 1917 1921 1921 1927 1927 1928 1928 1929 1929 1930 1930 1928 1928 1931 1931 1931 1931 1928 1928 1927 1927 1928 1928 1930 1930 1932 1932 1933 1933 1934 1934 1935 1935 1934 1934 1933 1933 1936 1936 1937 1937 1938 1938 1939 1939 1940 1940 1941 1941 1938 1938 1937 1937 1939 1939 1942 1942 1941 1941 1943 1943 1944 1944 1941 1941 1940 1940 1943 1943 1938 1938 1937 1937 1940 1940 1944 1944 1945 1945 1941 1941 1945 1945 1944 1944 1946 1946 1947 1947 1948 1948 1949 1949 1948 1948 1950 1950 1949 1949 1951 1951 1952 1952 1947 1947 1952 1952 1951 1951 1953 1953 1950 1950 1948 1948 1954 1954 1948 1948 1947 1947 1952 1952 1955 1955 1956 1956 1957 1957 1958 1958 1959 1959 1960 1960 1959 1959 1958 1958 1961 1961 1962 1962 1960 1960 1959 1959 1956 1956 1955 1955 1962 1962 1960 1960 1962 1962 1955 1955 1963 1963 1964 1964 1965 1965 1964 1964 1963 1963 1966 1966 1967 1967 1968 1968 1969 1969 1970 1970 1971 1971 1972 1972 1973 1973 1967 1967 1970 1970 1967 1967 1973 1973 1968 1968 1971 1971 1970 1970 1967 1967 1974 1974 1975 1975 1976 1976 1975 1975 1974 1974 1977 1977 1978 1978 1979 1979 1980 1980 1981 1981 1982 1982 1983 1983 1982 1982 1981 1981 1984 1984 1985 1985 1983 1983 1982 1982 1986 1986 1985 1985 1987 1987 1988 1988 1985 1985 1986 1986 1979 1979 1978 1978 1989 1989 1978 1978 1988 1988 1990 1990 1985 1985 1978 1978 1983 1983 1989 1989 1978 1978 1990 1990 1988 1988 1978 1978 1985 1985 1991 1991 1992 1992 1993 1993 1994 1994 1995 1995 1996 1996 1997 1997 1998 1998 1999 1999 2000 2000 2001 2001 2002 2002 2003 2003 2004 2004 2005 2005 2000 2000 2003 2003 2006 2006 2007 2007 1996 1996 2008 2008 1992 1992 1991 1991 2009 2009 2010 2010 2009 2009 2011 2011 1999 1999 2012 2012 2013 2013 2013 2013 2014 2014 2015 2015 2016 2016 2013 2013 2017 2017 2018 2018 2017 2017 2019 2019 1995 1995 2019 2019 2020 2020 1996 1996 2020 2020 2021 2021 2008 2008 2021 2021 2022 2022 2017 2017 2015 2015 2023 2023 2024 2024 2003 2003 2000 2000 2020 2020 2025 2025 2026 2026 2021 2021 2026 2026 2027 2027 2022 2022 2027 2027 2028 2028 2029 2029 2011 2011 2030 2030 2031 2031 2030 2030 2032 2032 2002 2002 2032 2032 2000 2000 2009 2009 2033 2033 2034 2034 2011 2011 2034 2034 2035 2035 2030 2030 2035 2035 2036 2036 2032 2032 2036 2036 2037 2037 2000 2000 2037 2037 2024 2024 2034 2034 2028 2028 2027 2027 2035 2035 2027 2027 2026 2026 2036 2036 2026 2026 2025 2025 2037 2037 2025 2025 2023 2023 2024 2024 2023 2023 2015 2015 2027 2027 2022 2022 2021 2021 2026 2026 2021 2021 2020 2020 2025 2025 2020 2020 2019 2019 2023 2023 2019 2019 2017 2017 2015 2015 2017 2017 2013 2013 2021 2021 2008 2008 1996 1996 2020 2020 1996 1996 1995 1995 2019 2019 1995 1995 2018 2018 2017 2017 2018 2018 2016 2016 2013 2013 2016 2016 1999 1999 1996 1996 2007 2007 1994 1994 1995 1995 1994 1994 2038 2038 2018 2018 2038 2038 2039 2039 2016 2016 2039 2039 2040 2040 1999 1999 2040 2040 1997 1997 2004 2004 2014 2014 2041 2041 2001 2001 2000 2000 2006 2006 1998 1998 1997 1997 2042 2042 2012 2012 1999 1999 1998 1998 2014 2014 2013 2013 2012 2012 2003 2003 2024 2024 2004 2004 2024 2024 2014 2014 2004 2004 2014 2014 2024 2024 2015 2015 2040 2040 1999 1999 2016 2016 2039 2039 2016 2016 2018 2018 2019 2019 2023 2023 2025 2025 2038 2038 2018 2018 1995 1995 2023 2023 2024 2024 2037 2037 2025 2025 2037 2037 2036 2036 2026 2026 2036 2036 2035 2035 2027 2027 2035 2035 2034 2034 2028 2028 2034 2034 2033 2033 2037 2037 2000 2000 2032 2032 2036 2036 2032 2032 2030 2030 2035 2035 2030 2030 2011 2011 2034 2034 2011 2011 2009 2009 2033 2033 2009 2009 1991 1991 2032 2032 2002 2002 2031 2031 2030 2030 2031 2031 2029 2029 2011 2011 2029 2029 2010 2010 2009 2009 2010 2010 1992 1992 2043 2043 2044 2044 2045 2045 2046 2046 2047 2047 2048 2048 2049 2049 2050 2050 2051 2051 2047 2047 2046 2046 2052 2052 2047 2047 2053 2053 2049 2049 2053 2053 2047 2047 2052 2052 2054 2054 2052 2052 2046 2046 2054 2054 2046 2046 2055 2055 2044 2044 2043 2043 2054 2054 2056 2056 2045 2045 2044 2044 2057 2057 2058 2058 2056 2056 2058 2058 2057 2057 2059 2059 2045 2045 2056 2056 2058 2058 2052 2052 2054 2054 2043 2043 2050 2050 2049 2049 2053 2053 2060 2060 2061 2061 2062 2062 2061 2061 2060 2060 2063 2063 2064 2064 2065 2065 2066 2066 2064 2064 2067 2067 2065 2065 2068 2068 2067 2067 2064 2064 2069 2069 2070 2070 2068 2068 2067 2067 2068 2068 2070 2070 2070 2070 2069 2069 2071 2071 2069 2069 2072 2072 2071 2071 2072 2072 2063 2063 2060 2060 2072 2072 2069 2069 2063 2063 2073 2073 2074 2074 2075 2075 2074 2074 2073 2073 2076 2076 2077 2077 2078 2078 2079 2079 2080 2080 2081 2081 2078 2078 2082 2082 2083 2083 2081 2081 2084 2084 2085 2085 2086 2086 2087 2087 2079 2079 2088 2088 2089 2089 2084 2084 2086 2086 2090 2090 2081 2081 2083 2083 2081 2081 2090 2090 2089 2089 2091 2091 2085 2085 2092 2092 2085 2085 2091 2091 2093 2093 2085 2085 2084 2084 2092 2092 2083 2083 2082 2082 2094 2094 2081 2081 2080 2080 2082 2082 2078 2078 2077 2077 2080 2080 2079 2079 2087 2087 2077 2077 2088 2088 2095 2095 2087 2087 2089 2089 2078 2078 2081 2081 2096 2096 2079 2079 2078 2078 2097 2097 2088 2088 2079 2079 2098 2098 2099 2099 2088 2088 2100 2100 2089 2089 2086 2086 2101 2101 2096 2096 2089 2089 2102 2102 2097 2097 2096 2096 2103 2103 2098 2098 2097 2097 2104 2104 2105 2105 2098 2098 2095 2095 2088 2088 2099 2099 2078 2078 2089 2089 2096 2096 2079 2079 2096 2096 2097 2097 2088 2088 2097 2097 2098 2098 2099 2099 2098 2098 2105 2105 2089 2089 2100 2100 2101 2101 2096 2096 2101 2101 2102 2102 2097 2097 2102 2102 2103 2103 2098 2098 2103 2103 2104 2104 2105 2105 2104 2104 2106 2106 2084 2084 2089 2089 2090 2090 2107 2107 2108 2108 2109 2109 2110 2110 2111 2111 2112 2112 2113 2113 2114 2114 2111 2111 2115 2115 2107 2107 2114 2114 2116 2116 2107 2107 2109 2109 2107 2107 2116 2116 2117 2117 2108 2108 2107 2107 2118 2118 2108 2108 2118 2118 2119 2119 2119 2119 2118 2118 2120 2120 2107 2107 2115 2115 2118 2118 2114 2114 2113 2113 2115 2115 2112 2112 2121 2121 2110 2110 2111 2111 2110 2110 2113 2113 2121 2121 2112 2112 2122 2122 2123 2123 2124 2124 2125 2125 2126 2126 2127 2127 2123 2123 2127 2127 2126 2126 2128 2128 2129 2129 2125 2125 2124 2124 2124 2124 2123 2123 2127 2127 2125 2125 2129 2129 2130 2130 2131 2131 2132 2132 2133 2133 2133 2133 2132 2132 2134 2134 2132 2132 2131 2131 2135 2135 2136 2136 2137 2137 2138 2138 2137 2137 2136 2136 2139 2139 2140 2140 2141 2141 2142 2142 2141 2141 2140 2140 2143 2143 2144 2144 2145 2145 2146 2146 2145 2145 2144 2144 2147 2147 2148 2148 2149 2149 2150 2150 2149 2149 2148 2148 2151 2151 2152 2152 2153 2153 2154 2154 2153 2153 2152 2152 2155 2155 2156 2156 2157 2157 2158 2158 2157 2157 2156 2156 2159 2159 2160 2160 2161 2161 2162 2162 2161 2161 2160 2160 2163 2163 2164 2164 2165 2165 2166 2166 2165 2165 2164 2164 2167 2167 2168 2168 2169 2169 2170 2170 2169 2169 2168 2168 2171 2171 2172 2172 2173 2173 2174 2174 2173 2173 2172 2172 2175 2175 2176 2176 2177 2177 2178 2178 2179 2179 2180 2180 2176 2176 2177 2177 2176 2176 2180 2180 2180 2180 2179 2179 2181 2181 2178 2178 2177 2177 2182 2182 2183 2183 2184 2184 2185 2185 2184 2184 2183 2183 2186 2186</p></triangles></mesh></geometry></library_geometries><library_visual_scenes><visual_scene id="VisualSceneNode" name="VisualSceneNode"><node id="Main-Component-Node1" name="bau0026152251"><instance_geometry url="#bau0026152251-mesh" name="bau0026152251"><bind_material><technique_common><instance_material symbol="zincplated-material" target="#zincplated-material" /><instance_material symbol="silkwhitematt-material" target="#silkwhitematt-material" /></technique_common></bind_material></instance_geometry></node></visual_scene></library_visual_scenes><scene><instance_visual_scene url="#VisualSceneNode" /></scene></COLLADA>