<?xml version="1.0" encoding="utf-8"?><COLLADA xmlns:xsd="http://www.w3.org/2001/XMLSchema" xmlns:xsi="http://www.w3.org/2001/XMLSchema-instance" version="1.4.1" xmlns="http://www.collada.org/2005/11/COLLADASchema"><asset><contributor><author>bau05662</author><authoring_tool>Blum.Cape.SolidWorks.Export.Collada 25.0.0.0</authoring_tool></contributor><created>0001-01-01T00:00:00</created><modified>2026-02-20T12:27:13.0305988+01:00</modified><unit meter="0.001" name="millimeter" /></asset><library_effects><effect id="zincplated-effect"><profile_COMMON><technique sid="common"><phong><emission><color sid="emission">0 0 0 0</color></emission><ambient><color sid="ambient">0.408975652376015 0.419604810831399 0.486751175550744 1</color></ambient><diffuse><color sid="diffuse">0.408975652376015 0.419604810831399 0.486751175550744 1</color></diffuse><specular><color sid="specular">0.991136764316137 0.991136764316137 0.991136764316137 1</color></specular><shininess><float sid="shininess">0.1</float></shininess><reflective><color sid="reflective">1 1 1 1</color></reflective><reflectivity><float sid="reflectivity">1</float></reflectivity><transparent><color>1 1 1 1</color></transparent><transparency><float sid="transparency">1</float></transparency><index_of_refraction><float sid="index_of_refraction">1</float></index_of_refraction></phong></technique></profile_COMMON></effect><effect id="oriongreymatt-effect"><profile_COMMON><technique sid="common"><phong><emission><color sid="emission">0 0 0 0</color></emission><ambient><color sid="ambient">0.113502777804244 0.116016134223458 0.106154548287322 1</color></ambient><diffuse><color sid="diffuse">0.113502777804244 0.116016134223458 0.106154548287322 1</color></diffuse><specular><color sid="specular">0.991136764316137 0.991136764316137 0.991136764316137 1</color></specular><shininess><float sid="shininess">0.1</float></shininess><reflective><color sid="reflective">1 1 1 1</color></reflective><reflectivity><float sid="reflectivity">0</float></reflectivity><transparent><color>1 1 1 1</color></transparent><transparency><float sid="transparency">1</float></transparency><index_of_refraction><float sid="index_of_refraction">1</float></index_of_refraction></phong></technique></profile_COMMON></effect></library_effects><library_materials><material id="zincplated-material" name="zincplated"><instance_effect url="#zincplated-effect" /></material><material id="oriongreymatt-material" name="oriongreymatt"><instance_effect url="#oriongreymatt-effect" /></material></library_materials><library_geometries><geometry id="bau0026152251-mesh" name="bau0026152251"><mesh><source id="bau0026152251-mesh-positions"><float_array id="bau0026152251-mesh-positions-array" count="5949">11.400000192225 -15.2500001713634 -357.215315103531 11.9000002741814 -13.7000000104308 -356.799989938736 11.400000192225 -13.7000000104308 -356.799989938736 11.9000002741814 -12.1499998494983 -357.215315103531 11.400000192225 -12.1499998494983 -357.215315103531 11.9000002741814 -11.0153211280704 -358.35000872612 11.400000192225 -11.0153211280704 -358.35000872612 11.9000002741814 -10.5999996885657 -359.899997711182 11.400000192225 -10.5999996885657 -359.899997711182 11.9000002741814 -15.2500001713634 -357.215315103531 11.400000192225 -16.3846779614687 -358.35000872612 11.9000002741814 -16.3846779614687 -358.35000872612 11.400000192225 -16.7999994009733 -359.899997711182 11.9000002741814 -16.7999994009733 -359.899997711182 11.400000192225 -16.3846779614687 -361.449986696243 11.9000002741814 -16.3846779614687 -361.449986696243 11.400000192225 -15.2500001713634 -362.584680318832 11.9000002741814 -15.2500001713634 -362.584680318832 11.400000192225 -13.7000000104308 -363.000005483627 11.9000002741814 -13.7000000104308 -363.000005483627 11.400000192225 -12.1499998494983 -362.584680318832 11.9000002741814 -12.1499998494983 -362.584680318832 11.400000192225 -11.0153211280704 -361.449986696243 11.9000002741814 -11.0153211280704 -361.449986696243 11.9000002741814 -16.7999994009733 -373.89999628067 11.400000192225 -16.3846779614687 -375.449985265732 11.9000002741814 -16.3846779614687 -375.449985265732 11.9000002741814 -15.2500001713634 -376.584678888321 11.400000192225 -13.7000000104308 -377.000004053116 11.9000002741814 -13.7000000104308 -377.000004053116 11.9000002741814 -16.3846779614687 -372.350007295609 11.400000192225 -16.7999994009733 -373.89999628067 11.9000002741814 -15.2500001713634 -371.215313673019 11.400000192225 -16.3846779614687 -372.350007295609 11.9000002741814 -13.7000000104308 -370.799988508224 11.400000192225 -15.2500001713634 -371.215313673019 11.9000002741814 -12.1499998494983 -371.215313673019 11.400000192225 -13.7000000104308 -370.799988508224 11.9000002741814 -11.0153211280704 -372.350007295609 11.400000192225 -12.1499998494983 -371.215313673019 11.9000002741814 -10.5999996885657 -373.89999628067 11.400000192225 -11.0153211280704 -372.350007295609 11.9000002741814 -11.0153211280704 -375.449985265732 11.400000192225 -10.5999996885657 -373.89999628067 11.400000192225 -12.1499998494983 -376.584678888321 11.9000002741814 -12.1499998494983 -376.584678888321 11.400000192225 -11.0153211280704 -375.449985265732 11.400000192225 -15.2500001713634 -376.584678888321 11.400000192225 -10.5999996885657 -63.900001347065 11.9000002741814 -11.0153211280704 -65.4499977827072 11.400000192225 -11.0153211280704 -65.4499977827072 11.9000002741814 -12.1499998494983 -66.5846765041351 11.400000192225 -12.1499998494983 -66.5846765041351 11.9000002741814 -13.7000000104308 -67.0000016689301 11.400000192225 -13.7000000104308 -67.0000016689301 11.9000002741814 -15.2500001713634 -66.5846765041351 11.400000192225 -15.2500001713634 -66.5846765041351 11.9000002741814 -16.3846779614687 -65.4499977827072 11.400000192225 -16.3846779614687 -65.4499977827072 11.9000002741814 -16.7999994009733 -63.900001347065 11.400000192225 -16.7999994009733 -63.900001347065 11.9000002741814 -16.3846779614687 -62.3500011861324 11.400000192225 -16.3846779614687 -62.3500011861324 11.9000002741814 -15.2500001713634 -61.2153224647045 11.400000192225 -15.2500001713634 -61.2153224647045 11.9000002741814 -13.7000000104308 -60.8000010251999 11.400000192225 -13.7000000104308 -60.8000010251999 11.9000002741814 -12.1499998494983 -61.2153224647045 11.400000192225 -12.1499998494983 -61.2153224647045 11.9000002741814 -11.0153211280704 -62.3500011861324 11.400000192225 -11.0153211280704 -62.3500011861324 11.9000002741814 -10.5999996885657 -63.900001347065 11.400000192225 -16.3846779614687 -48.3499988913536 11.9000002741814 -15.2500001713634 -47.2153201699257 11.400000192225 -15.2500001713634 -47.2153201699257 11.400000192225 -13.7000000104308 -46.7999987304211 11.9000002741814 -12.1499998494983 -47.2153201699257 11.400000192225 -12.1499998494983 -47.2153201699257 11.9000002741814 -11.0153211280704 -48.3499988913536 11.400000192225 -11.0153211280704 -48.3499988913536 11.9000002741814 -10.5999996885657 -49.8999990522861 11.400000192225 -10.5999996885657 -49.8999990522861 11.400000192225 -16.7999994009733 -49.8999990522861 11.9000002741814 -16.3846779614687 -48.3499988913536 11.9000002741814 -13.7000000104308 -46.7999987304211 11.9000002741814 -16.7999994009733 -49.8999990522861 11.400000192225 -16.3846779614687 -51.4499992132187 11.400000192225 -15.2500001713634 -52.5846779346466 11.9000002741814 -16.3846779614687 -51.4499992132187 11.400000192225 -13.7000000104308 -52.9999993741512 11.9000002741814 -15.2500001713634 -52.5846779346466 11.400000192225 -12.1499998494983 -52.5846779346466 11.9000002741814 -13.7000000104308 -52.9999993741512 11.400000192225 -11.0153211280704 -51.4499992132187 11.9000002741814 -12.1499998494983 -52.5846779346466 11.9000002741814 -11.0153211280704 -51.4499992132187 11.9000002741814 -13.7000000104308 -172.800004482269 11.400000192225 -15.2500001713634 -173.215314745903 11.9000002741814 -15.2500001713634 -173.215314745903 11.400000192225 -16.3846779614687 -174.349993467331 11.9000002741814 -16.3846779614687 -174.349993467331 11.400000192225 -16.7999994009733 -175.899997353554 11.9000002741814 -16.7999994009733 -175.899997353554 11.400000192225 -16.3846779614687 -177.450001239777 11.9000002741814 -16.3846779614687 -177.450001239777 11.9000002741814 -12.1499998494983 -173.215314745903 11.400000192225 -13.7000000104308 -172.800004482269 11.9000002741814 -15.2500001713634 -178.584679961205 11.400000192225 -13.7000000104308 -179.000005125999 11.9000002741814 -13.7000000104308 -179.000005125999 11.400000192225 -12.1499998494983 -178.584679961205 11.9000002741814 -12.1499998494983 -178.584679961205 11.400000192225 -11.0153211280704 -177.450001239777 11.9000002741814 -11.0153211280704 -177.450001239777 11.400000192225 -10.5999996885657 -175.899997353554 11.9000002741814 -10.5999996885657 -175.899997353554 11.400000192225 -15.2500001713634 -178.584679961205 11.9000002741814 -11.0153211280704 -174.349993467331 11.400000192225 -12.1499998494983 -173.215314745903 11.400000192225 -11.0153211280704 -174.349993467331 11.9000002741814 -13.7000000104308 -186.800003051758 11.400000192225 -15.2500001713634 -187.215328216553 11.9000002741814 -15.2500001713634 -187.215328216553 11.400000192225 -16.3846779614687 -188.350006937981 11.9000002741814 -16.3846779614687 -188.350006937981 11.400000192225 -16.7999994009733 -189.899995923042 11.9000002741814 -16.7999994009733 -189.899995923042 11.400000192225 -16.3846779614687 -191.449999809265 11.9000002741814 -16.3846779614687 -191.449999809265 11.9000002741814 -12.1499998494983 -187.215328216553 11.400000192225 -13.7000000104308 -186.800003051758 11.9000002741814 -15.2500001713634 -192.584678530693 11.400000192225 -13.7000000104308 -193.000003695488 11.9000002741814 -13.7000000104308 -193.000003695488 11.400000192225 -12.1499998494983 -192.584678530693 11.9000002741814 -12.1499998494983 -192.584678530693 11.400000192225 -11.0153211280704 -191.449999809265 11.9000002741814 -11.0153211280704 -191.449999809265 11.400000192225 -10.5999996885657 -189.899995923042 11.9000002741814 -10.5999996885657 -189.899995923042 11.9000002741814 -11.0153211280704 -188.350006937981 11.400000192225 -12.1499998494983 -187.215328216553 11.400000192225 -11.0153211280704 -188.350006937981 11.400000192225 -15.2500001713634 -192.584678530693 11.5000000223517 149.800002574921 -438.899993896484 15.3999999165535 149.800002574921 -436.899989843369 11.5000000223517 149.800002574921 -436.899989843369 15.3999999165535 149.800002574921 -452.800005674362 11.5000000223517 149.800002574921 -452.800005674362 11.400000192225 -8.24999995529652 -182.899996638298 11.400000192225 -11.0153211280704 -188.350006937981 11.400000192225 -10.5999996885657 -189.899995923042 11.400000192225 -8.24999995529652 -274.899989366531 11.400000192225 -10.5999996885657 -359.899997711182 11.400000192225 -8.24999995529652 -366.899996995926 11.400000192225 -6.69999979436398 -440.400004386902 11.400000192225 -8.24999995529652 -431.349992752075 11.400000192225 -8.24999995529652 -440.400004386902 11.400000192225 -9.20000020414591 -409.249991178513 11.400000192225 -16.3846779614687 -375.449985265732 11.400000192225 -16.7999994009733 -373.89999628067 11.400000192225 -6.69999979436398 -409.249991178513 11.400000192225 -8.24999995529652 -409.249991178513 11.400000192225 -17.5999999046326 37.0000004768372 11.400000192225 -8.24999995529652 -4.90000005811453 11.400000192225 -8.24999995529652 37.0000004768372 11.400000192225 -16.7999994009733 -49.8999990522861 11.400000192225 -17.5999999046326 -4.90000005811453 11.400000192225 -17.5999999046326 -56.8999983370304 11.400000192225 -13.7000000104308 -46.7999987304211 11.400000192225 -15.2500001713634 -47.2153201699257 11.400000192225 -16.3846779614687 -48.3499988913536 11.400000192225 -16.3846779614687 -51.4499992132187 11.400000192225 -10.5999996885657 -49.8999990522861 11.400000192225 -11.0153211280704 -48.3499988913536 11.400000192225 -12.1499998494983 -47.2153201699257 11.400000192225 -15.2500001713634 -52.5846779346466 11.400000192225 -13.7000000104308 -52.9999993741512 11.400000192225 -8.24999995529652 -56.8999983370304 11.400000192225 -12.1499998494983 -52.5846779346466 11.400000192225 -11.0153211280704 -51.4499992132187 11.400000192225 -6.69999979436398 -366.899996995926 11.400000192225 -13.7000000104308 -356.799989938736 11.400000192225 -17.5999999046326 -274.899989366531 11.400000192225 -13.7000000104308 -363.000005483627 11.400000192225 -12.1499998494983 -362.584680318832 11.400000192225 -8.24999995529652 -119.9000030756 11.400000192225 -10.5999996885657 -175.899997353554 11.400000192225 -16.7999994009733 -359.899997711182 11.400000192225 -17.5999999046326 -366.899996995926 11.400000192225 -16.3846779614687 -361.449986696243 11.400000192225 -11.0153211280704 -191.449999809265 11.400000192225 -12.1499998494983 -192.584678530693 11.400000192225 -13.7000000104308 -193.000003695488 11.400000192225 -15.2500001713634 -192.584678530693 11.400000192225 -17.5999999046326 -182.899996638298 11.400000192225 -16.3846779614687 -188.350006937981 11.400000192225 -15.2500001713634 -187.215328216553 11.400000192225 -16.7999994009733 -189.899995923042 11.400000192225 -13.7000000104308 -186.800003051758 11.400000192225 -12.1499998494983 -187.215328216553 11.400000192225 -16.3846779614687 -191.449999809265 11.400000192225 -13.7000000104308 -179.000005125999 11.400000192225 -15.2500001713634 -178.584679961205 11.400000192225 -11.0153211280704 -177.450001239777 11.400000192225 -12.1499998494983 -178.584679961205 11.400000192225 -17.5999999046326 -119.9000030756 11.400000192225 -16.3846779614687 -174.349993467331 11.400000192225 -15.2500001713634 -173.215314745903 11.400000192225 -16.3846779614687 -177.450001239777 11.400000192225 -16.7999994009733 -175.899997353554 11.400000192225 -13.7000000104308 -172.800004482269 11.400000192225 -12.1499998494983 -173.215314745903 11.400000192225 -11.0153211280704 -62.3500011861324 11.400000192225 -10.5999996885657 -63.900001347065 11.400000192225 -15.2500001713634 -357.215315103531 11.400000192225 -16.3846779614687 -358.35000872612 11.400000192225 -15.2500001713634 -362.584680318832 11.400000192225 -11.0153211280704 -358.35000872612 11.400000192225 -12.1499998494983 -357.215315103531 11.400000192225 -11.0153211280704 -361.449986696243 11.400000192225 -16.3846779614687 -62.3500011861324 11.400000192225 -16.7999994009733 -63.900001347065 11.400000192225 -16.3846779614687 -65.4499977827072 11.400000192225 -13.7000000104308 -67.0000016689301 11.400000192225 -12.1499998494983 -66.5846765041351 11.400000192225 -15.2500001713634 -66.5846765041351 11.400000192225 -11.0153211280704 -65.4499977827072 11.400000192225 -13.7000000104308 -60.8000010251999 11.400000192225 -15.2500001713634 -61.2153224647045 11.400000192225 -12.1499998494983 -61.2153224647045 11.400000192225 -11.0153211280704 -174.349993467331 11.400000192225 -6.69999979436398 -431.349992752075 11.400000192225 -17.5999999046326 -440.400004386902 11.400000192225 -9.20000020414591 -431.349992752075 11.400000192225 -12.1499998494983 -376.584678888321 11.400000192225 -13.7000000104308 -377.000004053116 11.400000192225 -13.7000000104308 -370.799988508224 11.400000192225 -15.2500001713634 -376.584678888321 11.400000192225 -11.0153211280704 -375.449985265732 11.400000192225 -10.5999996885657 -373.89999628067 11.400000192225 -12.1499998494983 -371.215313673019 11.400000192225 -15.2500001713634 -371.215313673019 11.400000192225 -16.3846779614687 -372.350007295609 11.400000192225 -11.0153211280704 -372.350007295609 11.400000192225 -6.69999979436398 -274.899989366531 11.400000192225 -6.69999979436398 -182.899996638298 11.400000192225 -6.69999979436398 -119.9000030756 11.400000192225 -6.69999979436398 -56.8999983370304 11.400000192225 -6.69999979436398 -4.90000005811453 11.400000192225 -6.69999979436398 36.1000001430511 11.400000192225 -5.9000002220273 37.0000004768372 11.400000192225 -5.9000002220273 36.1000001430511 11.400000192225 150.399997830391 -453.000009059906 11.400000192225 149.800002574921 -452.800005674362 11.400000192225 149.800002574921 -453.000009059906 11.400000192225 150.399997830391 -452.800005674362 54.4999986886978 -5.9000002220273 36.1000001430511 17.000000923872 -5.9000002220273 -436.899989843369 17.000000923872 -5.9000002220273 36.1000001430511 11.5000000223517 -5.9000002220273 -438.899993896484 54.4999986886978 -5.9000002220273 -440.400004386902 11.5000000223517 -5.9000002220273 -440.400004386902 11.5000000223517 -5.9000002220273 -436.899989843369 54.4999986886978 -13.8999996706843 -440.400004386902 53.8497939705849 -15.0058260187507 -440.400004386902 53.7000000476837 -14.3999997526407 -440.400004386902 54.2646534740925 -15.4720386490226 -440.400004386902 54.8489764332771 -15.6911984086037 -440.400004386902 11.5000000223517 -5.9000002220273 -440.400004386902 53.7000000476837 -6.69999979436398 -440.400004386902 11.5000000223517 -6.69999979436398 -440.400004386902 54.4999986886978 -5.9000002220273 -440.400004386902 70.8750635385513 -13.8999996706843 -440.400004386902 56.2649108469486 -14.7000001743436 -440.400004386902 72.4999979138374 -14.4914295524359 -440.400004386902 70.7340016961098 -14.7000001743436 -440.400004386902 55.9793561697006 -15.2549063786864 -440.400004386902 72.226382791996 -15.2431838214397 -440.400004386902 55.4681047797203 -15.6127978116274 -440.400004386902 53.7000000476837 -6.69999979436398 -440.400004386902 28.5999998450279 -6.69999979436398 -413.199990987778 28.5999998450279 -6.69999979436398 -427.39999294281 53.7000000476837 -6.69999979436398 36.1000001430511 34.000001847744 -6.69999979436398 5.84999984130263 15.8500000834465 -6.69999979436398 -409.249991178513 15.8500000834465 -6.69999979436398 -413.199990987778 11.400000192225 -6.69999979436398 -366.899996995926 11.400000192225 -6.69999979436398 -409.249991178513 11.400000192225 -6.69999979436398 -4.90000005811453 25.000000372529 -6.69999979436398 24.550000205636 11.400000192225 -6.69999979436398 36.1000001430511 15.8500000834465 -6.69999979436398 -431.349992752075 15.8500000834465 -6.69999979436398 -427.39999294281 11.400000192225 -6.69999979436398 -56.8999983370304 25.000000372529 -6.69999979436398 5.84999984130263 34.000001847744 -6.69999979436398 24.550000205636 11.5000000223517 -6.69999979436398 -440.400004386902 11.400000192225 -6.69999979436398 -431.349992752075 11.400000192225 -6.69999979436398 -440.400004386902 11.400000192225 -6.69999979436398 -274.899989366531 11.400000192225 -6.69999979436398 -182.899996638298 11.400000192225 -6.69999979436398 -119.9000030756 10.881120339036 -18.4766538441181 37.0000004768372 11.1566800624132 -18.2537846267223 -448.500007390976 11.1566800624132 -18.2537846267223 37.0000004768372 11.400000192225 -17.5999999046326 -440.400004386902 11.3371983170509 -17.9487969726324 -448.500007390976 11.400000192225 -17.5999999046326 -448.500007390976 11.400000192225 -17.5999999046326 -366.899996995926 11.3371983170509 -17.9487969726324 37.0000004768372 11.400000192225 -17.5999999046326 -4.90000005811453 11.400000192225 -17.5999999046326 37.0000004768372 11.400000192225 -17.5999999046326 -274.899989366531 11.400000192225 -17.5999999046326 -182.899996638298 11.400000192225 -17.5999999046326 -119.9000030756 11.400000192225 -17.5999999046326 -56.8999983370304 10.881120339036 -18.4766538441181 -448.500007390976 17.000000923872 -5.9000002220273 36.1000001430511 11.400000192225 -5.9000002220273 37.0000004768372 11.400000192225 -5.9000002220273 36.1000001430511 17.000000923872 -5.9000002220273 37.0000004768372 16.0000007599592 45.0000017881393 37.0000004768372 13.0000002682209 14.7320507094264 37.0000004768372 14.0000004321337 14.9999996647239 37.0000004768372 16.0000007599592 13.0000002682209 37.0000004768372 20.5000005662441 149.299994111061 37.0000004768372 15.7320499420166 14.0000004321337 37.0000004768372 7.57839949801564 -9.7321905195713 37.0000004768372 11.400000192225 -5.9000002220273 37.0000004768372 7.49999983236194 -9.28756408393383 37.0000004768372 11.3371983170509 -17.9487969726324 37.0000004768372 7.49999983236194 -11.7124356329441 37.0000004768372 11.1566800624132 -18.2537846267223 37.0000004768372 13.0000002682209 43.2679504156113 37.0000004768372 12.0000001043081 13.0000002682209 37.0000004768372 14.0000004321337 43.0000014603138 37.0000004768372 12.0000001043081 45.0000017881393 37.0000004768372 7.49999983236194 142.199993133545 37.0000004768372 14.9999996647239 46.7320494353771 37.0000004768372 15.7320499420166 140.000000596046 37.0000004768372 14.9999996647239 139.267951250076 37.0000004768372 13.0000002682209 46.7320494353771 37.0000004768372 12.2679490596056 140.000000596046 37.0000004768372 12.2679490596056 14.0000004321337 37.0000004768372 7.8041423112154 -10.1231886073947 37.0000004768372 8.500000461936 143.295451998711 37.0000004768372 12.2679490596056 142.000004649162 37.0000004768372 8.500000461936 143.299996852875 37.0000004768372 10.881120339036 -18.4766538441181 37.0000004768372 7.8041423112154 -10.8768120408058 37.0000004768372 11.400000192225 -17.5999999046326 37.0000004768372 8.15000012516975 -10.5866026133299 37.0000004768372 11.400000192225 -8.24999995529652 37.0000004768372 8.15000012516975 -10.413397103548 37.0000004768372 8.1809014081955 -10.4412212967873 37.0000004768372 14.9999996647239 14.7320507094264 37.0000004768372 12.2679490596056 46.000000089407 37.0000004768372 15.7320499420166 43.9999997615814 37.0000004768372 15.7320499420166 142.000004649162 37.0000004768372 20.352628082037 149.849995970726 37.0000004768372 19.9500005692244 150.252625346184 37.0000004768372 14.0000004321337 138.999998569489 37.0000004768372 13.0000002682209 139.267951250076 37.0000004768372 12.0000001043081 141.000002622604 37.0000004768372 8.05000029504299 150.252625346184 37.0000004768372 7.49999983236194 149.299994111061 37.0000004768372 8.60000029206276 150.399997830391 37.0000004768372 7.57839949801564 -11.2678091973066 37.0000004768372 7.63112353160977 142.720848321915 37.0000004768372 14.9999996647239 43.2679504156113 37.0000004768372 14.9999996647239 142.732053995132 37.0000004768372 13.0000002682209 142.732053995132 37.0000004768372 8.1173162907362 143.376126885414 37.0000004768372 19.4000005722046 150.399997830391 37.0000004768372 7.79289333149791 143.592894077301 37.0000004768372 7.57612055167556 143.917322158813 37.0000004768372 7.49999983236194 144.299998879433 37.0000004768372 7.6473718509078 149.849995970726 37.0000004768372 8.1809014081955 -10.5587784200907 37.0000004768372 8.19781515747309 -10.5207907035947 37.0000004768372 7.58105469867587 -26.2975003570318 37.0000004768372 8.40749964118004 -26.5189446508884 37.0000004768372 7.49999983236194 -25.9949993342161 37.0000004768372 14.0000004321337 143.00000667572 37.0000004768372 12.2679490596056 12.0000001043081 37.0000004768372 15.7320499420166 46.000000089407 37.0000004768372 12.2679490596056 43.9999997615814 37.0000004768372 16.0000007599592 141.000002622604 37.0000004768372 14.0000004321337 46.9999983906746 37.0000004768372 7.99323339015245 143.117517232895 37.0000004768372 17.000000923872 2.49999994412065 37.0000004768372 13.0000002682209 11.2679488956928 37.0000004768372 20.5000005662441 2.49999994412065 37.0000004768372 8.70999973267317 -23.0000000447035 37.0000004768372 15.7320499420166 12.0000001043081 37.0000004768372 14.9999996647239 11.2679488956928 37.0000004768372 8.62894579768181 -26.2975003570318 37.0000004768372 8.70999973267317 -25.9949993342161 37.0000004768372 14.0000004321337 10.9999999403954 37.0000004768372 7.80249992385507 -26.5189446508884 37.0000004768372 8.10499954968691 -26.5999995172024 37.0000004768372 9.87831875681877 -23.0000000447035 37.0000004768372 8.19781515747309 -10.4792090132833 37.0000004768372 17.000000923872 -5.9000002220273 37.0000004768372 72.4999979138374 -14.4914295524359 36.1000001430511 72.226382791996 -15.2431838214397 -440.400004386902 72.4999979138374 -14.4914295524359 -440.400004386902 72.226382791996 -15.2431838214397 36.1000001430511 70.8750635385513 -13.8999996706843 36.1000001430511 72.4999979138374 -14.4914295524359 -440.400004386902 70.8750635385513 -13.8999996706843 -440.400004386902 72.4999979138374 -14.4914295524359 36.1000001430511 54.4999986886978 -13.8999996706843 36.1000001430511 65.9999996423721 -13.8999996706843 16.100000590086 64.4999966025352 -13.8999996706843 15.6980752944946 63.000001013279 -13.8999996706843 13.1000000983477 63.40192258358 -13.8999996706843 14.6000003442168 64.4999966025352 -13.8999996706843 10.5019239708781 68.9999982714653 -13.8999996706843 -114.900000393391 63.40192258358 -13.8999996706843 11.5999998524785 63.000001013279 -13.8999996706843 -114.900000393391 67.500002682209 -13.8999996706843 -217.301920056343 65.9999996423721 -13.8999996706843 -216.900005936623 68.9999982714653 -13.8999996706843 -219.899997115135 65.9999996423721 -13.8999996706843 -117.899999022484 67.500002682209 -13.8999996706843 -117.498077452183 70.8750635385513 -13.8999996706843 36.1000001430511 68.5980767011642 -13.8999996706843 -113.399997353554 63.40192258358 -13.8999996706843 -116.400003433228 64.4999966025352 -13.8999996706843 -117.498077452183 67.500002682209 -13.8999996706843 -112.301923334599 65.9999996423721 -13.8999996706843 10.0999996066093 64.4999966025352 -13.8999996706843 -112.301923334599 63.40192258358 -13.8999996706843 -113.399997353554 65.9999996423721 -13.8999996706843 -111.900001764297 67.500002682209 -13.8999996706843 15.6980752944946 63.40192258358 -13.8999996706843 -358.399987220764 64.4999966025352 -13.8999996706843 -357.30192065239 68.5980767011642 -13.8999996706843 -218.400001525879 68.9999982714653 -13.8999996706843 13.1000000983477 68.5980767011642 -13.8999996706843 14.6000003442168 64.4999966025352 -13.8999996706843 -217.301920056343 63.40192258358 -13.8999996706843 -218.400001525879 63.000001013279 -13.8999996706843 -219.899997115135 70.8750635385513 -13.8999996706843 -440.400004386902 65.9999996423721 -13.8999996706843 -356.900006532669 68.5980767011642 -13.8999996706843 11.5999998524785 63.000001013279 -13.8999996706843 -359.899997711182 54.4999986886978 -13.8999996706843 -440.400004386902 63.40192258358 -13.8999996706843 -361.400008201599 64.4999966025352 -13.8999996706843 -362.498074769974 65.9999996423721 -13.8999996706843 -362.899988889694 67.500002682209 -13.8999996706843 -362.498074769974 68.5980767011642 -13.8999996706843 -361.400008201599 68.9999982714653 -13.8999996706843 -359.899997711182 67.500002682209 -13.8999996706843 -357.30192065239 68.5980767011642 -13.8999996706843 -358.399987220764 68.5980767011642 -13.8999996706843 -221.399992704391 63.40192258358 -13.8999996706843 -221.399992704391 67.500002682209 -13.8999996706843 10.5019239708781 64.4999966025352 -13.8999996706843 -222.498074173927 68.5980767011642 -13.8999996706843 -116.400003433228 65.9999996423721 -13.8999996706843 -222.900003194809 67.500002682209 -13.8999996706843 -222.498074173927 54.4999986886978 -5.9000002220273 36.1000001430511 54.4999986886978 -13.8999996706843 -440.400004386902 54.4999986886978 -5.9000002220273 -440.400004386902 54.4999986886978 -13.8999996706843 36.1000001430511 53.7000000476837 -6.69999979436398 -440.400004386902 53.7000000476837 -14.3999997526407 36.1000001430511 53.7000000476837 -6.69999979436398 36.1000001430511 53.7000000476837 -14.3999997526407 -440.400004386902 53.8497939705849 -15.0058260187507 36.1000001430511 54.2646534740925 -15.4720386490226 -440.400004386902 54.2646534740925 -15.4720386490226 36.1000001430511 54.8489764332771 -15.6911984086037 -440.400004386902 54.8489764332771 -15.6911984086037 36.1000001430511 55.4681047797203 -15.6127978116274 -440.400004386902 55.4681047797203 -15.6127978116274 36.1000001430511 55.9793561697006 -15.2549063786864 -440.400004386902 55.9793561697006 -15.2549063786864 36.1000001430511 56.2649108469486 -14.7000001743436 -440.400004386902 56.2649108469486 -14.7000001743436 36.1000001430511 53.8497939705849 -15.0058260187507 -440.400004386902 53.7000000476837 -14.3999997526407 36.1000001430511 53.7000000476837 -14.3999997526407 -440.400004386902 67.500002682209 -14.7000001743436 -117.498077452183 65.9999996423721 -14.7000001743436 -216.900005936623 67.500002682209 -14.7000001743436 -217.301920056343 65.9999996423721 -14.7000001743436 -222.900003194809 63.40192258358 -14.7000001743436 -358.399987220764 67.500002682209 -14.7000001743436 -222.498074173927 70.7340016961098 -14.7000001743436 -440.400004386902 67.500002682209 -14.7000001743436 -362.498074769974 65.9999996423721 -14.7000001743436 -362.899988889694 68.5980767011642 -14.7000001743436 -116.400003433228 68.9999982714653 -14.7000001743436 -219.899997115135 68.9999982714653 -14.7000001743436 -114.900000393391 65.9999996423721 -14.7000001743436 10.0999996066093 67.500002682209 -14.7000001743436 -112.301923334599 67.500002682209 -14.7000001743436 10.5019239708781 68.9999982714653 -14.7000001743436 13.1000000983477 68.5980767011642 -14.7000001743436 -113.399997353554 70.7340016961098 -14.7000001743436 36.1000001430511 63.000001013279 -14.7000001743436 13.1000000983477 63.40192258358 -14.7000001743436 -113.399997353554 63.40192258358 -14.7000001743436 11.5999998524785 64.4999966025352 -14.7000001743436 -112.301923334599 64.4999966025352 -14.7000001743436 10.5019239708781 63.000001013279 -14.7000001743436 -114.900000393391 56.2649108469486 -14.7000001743436 -440.400004386902 63.40192258358 -14.7000001743436 -116.400003433228 64.4999966025352 -14.7000001743436 -222.498074173927 63.000001013279 -14.7000001743436 -359.899997711182 64.4999966025352 -14.7000001743436 -217.301920056343 63.40192258358 -14.7000001743436 -218.400001525879 65.9999996423721 -14.7000001743436 -117.899999022484 63.000001013279 -14.7000001743436 -219.899997115135 68.5980767011642 -14.7000001743436 -221.399992704391 68.5980767011642 -14.7000001743436 11.5999998524785 68.5980767011642 -14.7000001743436 14.6000003442168 67.500002682209 -14.7000001743436 15.6980752944946 65.9999996423721 -14.7000001743436 16.100000590086 56.2649108469486 -14.7000001743436 36.1000001430511 64.4999966025352 -14.7000001743436 15.6980752944946 64.4999966025352 -14.7000001743436 -117.498077452183 63.40192258358 -14.7000001743436 -361.400008201599 64.4999966025352 -14.7000001743436 -362.498074769974 68.5980767011642 -14.7000001743436 -218.400001525879 65.9999996423721 -14.7000001743436 -111.900001764297 63.40192258358 -14.7000001743436 14.6000003442168 68.9999982714653 -14.7000001743436 -359.899997711182 68.5980767011642 -14.7000001743436 -358.399987220764 68.5980767011642 -14.7000001743436 -361.400008201599 67.500002682209 -14.7000001743436 -357.30192065239 65.9999996423721 -14.7000001743436 -356.900006532669 64.4999966025352 -14.7000001743436 -357.30192065239 63.40192258358 -14.7000001743436 -221.399992704391 70.7340016961098 -14.7000001743436 -440.400004386902 72.226382791996 -15.2431838214397 36.1000001430511 70.7340016961098 -14.7000001743436 36.1000001430511 72.226382791996 -15.2431838214397 -440.400004386902 54.4999986886978 -13.8999996706843 36.1000001430511 55.4681047797203 -15.6127978116274 36.1000001430511 55.9793561697006 -15.2549063786864 36.1000001430511 53.7000000476837 -6.69999979436398 36.1000001430511 53.7000000476837 -14.3999997526407 36.1000001430511 72.4999979138374 -14.4914295524359 36.1000001430511 70.7340016961098 -14.7000001743436 36.1000001430511 72.226382791996 -15.2431838214397 36.1000001430511 56.2649108469486 -14.7000001743436 36.1000001430511 11.400000192225 -6.69999979436398 36.1000001430511 17.000000923872 -5.9000002220273 36.1000001430511 11.400000192225 -5.9000002220273 36.1000001430511 70.8750635385513 -13.8999996706843 36.1000001430511 54.4999986886978 -5.9000002220273 36.1000001430511 54.8489764332771 -15.6911984086037 36.1000001430511 54.2646534740925 -15.4720386490226 36.1000001430511 53.8497939705849 -15.0058260187507 36.1000001430511 63.40192258358 -14.7000001743436 -358.399987220764 63.000001013279 -13.8999996706843 -359.899997711182 63.40192258358 -13.8999996706843 -358.399987220764 64.4999966025352 -14.7000001743436 -357.30192065239 64.4999966025352 -13.8999996706843 -357.30192065239 65.9999996423721 -14.7000001743436 -356.900006532669 65.9999996423721 -13.8999996706843 -356.900006532669 67.500002682209 -14.7000001743436 -357.30192065239 67.500002682209 -13.8999996706843 -357.30192065239 68.5980767011642 -14.7000001743436 -358.399987220764 68.5980767011642 -13.8999996706843 -358.399987220764 68.9999982714653 -14.7000001743436 -359.899997711182 68.9999982714653 -13.8999996706843 -359.899997711182 68.5980767011642 -14.7000001743436 -361.400008201599 68.5980767011642 -13.8999996706843 -361.400008201599 67.500002682209 -14.7000001743436 -362.498074769974 67.500002682209 -13.8999996706843 -362.498074769974 65.9999996423721 -14.7000001743436 -362.899988889694 65.9999996423721 -13.8999996706843 -362.899988889694 64.4999966025352 -14.7000001743436 -362.498074769974 64.4999966025352 -13.8999996706843 -362.498074769974 63.40192258358 -14.7000001743436 -361.400008201599 63.40192258358 -13.8999996706843 -361.400008201599 63.000001013279 -14.7000001743436 -359.899997711182 63.40192258358 -14.7000001743436 -218.400001525879 63.000001013279 -13.8999996706843 -219.899997115135 63.40192258358 -13.8999996706843 -218.400001525879 64.4999966025352 -14.7000001743436 -217.301920056343 64.4999966025352 -13.8999996706843 -217.301920056343 65.9999996423721 -14.7000001743436 -216.900005936623 65.9999996423721 -13.8999996706843 -216.900005936623 67.500002682209 -14.7000001743436 -217.301920056343 67.500002682209 -13.8999996706843 -217.301920056343 68.5980767011642 -14.7000001743436 -218.400001525879 68.5980767011642 -13.8999996706843 -218.400001525879 68.9999982714653 -14.7000001743436 -219.899997115135 68.9999982714653 -13.8999996706843 -219.899997115135 68.5980767011642 -14.7000001743436 -221.399992704391 68.5980767011642 -13.8999996706843 -221.399992704391 67.500002682209 -14.7000001743436 -222.498074173927 67.500002682209 -13.8999996706843 -222.498074173927 65.9999996423721 -14.7000001743436 -222.900003194809 65.9999996423721 -13.8999996706843 -222.900003194809 64.4999966025352 -14.7000001743436 -222.498074173927 64.4999966025352 -13.8999996706843 -222.498074173927 63.40192258358 -14.7000001743436 -221.399992704391 63.40192258358 -13.8999996706843 -221.399992704391 63.000001013279 -14.7000001743436 -219.899997115135 64.4999966025352 -14.7000001743436 -112.301923334599 63.40192258358 -13.8999996706843 -113.399997353554 64.4999966025352 -13.8999996706843 -112.301923334599 65.9999996423721 -14.7000001743436 -111.900001764297 65.9999996423721 -13.8999996706843 -111.900001764297 67.500002682209 -14.7000001743436 -112.301923334599 67.500002682209 -13.8999996706843 -112.301923334599 68.5980767011642 -14.7000001743436 -113.399997353554 68.5980767011642 -13.8999996706843 -113.399997353554 68.9999982714653 -14.7000001743436 -114.900000393391 68.9999982714653 -13.8999996706843 -114.900000393391 68.5980767011642 -14.7000001743436 -116.400003433228 68.5980767011642 -13.8999996706843 -116.400003433228 67.500002682209 -14.7000001743436 -117.498077452183 67.500002682209 -13.8999996706843 -117.498077452183 65.9999996423721 -14.7000001743436 -117.899999022484 65.9999996423721 -13.8999996706843 -117.899999022484 64.4999966025352 -14.7000001743436 -117.498077452183 64.4999966025352 -13.8999996706843 -117.498077452183 63.40192258358 -14.7000001743436 -116.400003433228 63.40192258358 -13.8999996706843 -116.400003433228 63.000001013279 -14.7000001743436 -114.900000393391 63.000001013279 -13.8999996706843 -114.900000393391 63.40192258358 -14.7000001743436 -113.399997353554 63.000001013279 -13.8999996706843 13.1000000983477 63.40192258358 -14.7000001743436 14.6000003442168 63.000001013279 -14.7000001743436 13.1000000983477 63.40192258358 -13.8999996706843 14.6000003442168 64.4999966025352 -14.7000001743436 15.6980752944946 64.4999966025352 -13.8999996706843 15.6980752944946 65.9999996423721 -14.7000001743436 16.100000590086 65.9999996423721 -13.8999996706843 16.100000590086 67.500002682209 -14.7000001743436 15.6980752944946 67.500002682209 -13.8999996706843 15.6980752944946 68.5980767011642 -14.7000001743436 14.6000003442168 68.5980767011642 -13.8999996706843 14.6000003442168 68.9999982714653 -14.7000001743436 13.1000000983477 68.9999982714653 -13.8999996706843 13.1000000983477 68.5980767011642 -14.7000001743436 11.5999998524785 68.5980767011642 -13.8999996706843 11.5999998524785 67.500002682209 -14.7000001743436 10.5019239708781 67.500002682209 -13.8999996706843 10.5019239708781 65.9999996423721 -14.7000001743436 10.0999996066093 65.9999996423721 -13.8999996706843 10.0999996066093 64.4999966025352 -14.7000001743436 10.5019239708781 64.4999966025352 -13.8999996706843 10.5019239708781 63.40192258358 -14.7000001743436 11.5999998524785 63.40192258358 -13.8999996706843 11.5999998524785 11.400000192225 150.399997830391 -452.800005674362 11.5000000223517 149.800002574921 -452.800005674362 11.400000192225 149.800002574921 -452.800005674362 15.3999999165535 150.399997830391 -452.800005674362 15.3999999165535 149.800002574921 -452.800005674362 25.000000372529 -12.5000001862645 24.550000205636 25.000000372529 -6.69999979436398 5.84999984130263 25.000000372529 -12.5000001862645 5.84999984130263 25.000000372529 -6.69999979436398 24.550000205636 34.000001847744 -12.5000001862645 24.550000205636 25.000000372529 -6.69999979436398 24.550000205636 25.000000372529 -12.5000001862645 24.550000205636 34.000001847744 -6.69999979436398 24.550000205636 34.000001847744 -12.5000001862645 5.84999984130263 34.000001847744 -6.69999979436398 24.550000205636 34.000001847744 -12.5000001862645 24.550000205636 34.000001847744 -6.69999979436398 5.84999984130263 25.000000372529 -12.5000001862645 5.84999984130263 34.000001847744 -6.69999979436398 5.84999984130263 34.000001847744 -12.5000001862645 5.84999984130263 25.000000372529 -6.69999979436398 5.84999984130263 25.000000372529 -12.5000001862645 5.84999984130263 34.000001847744 -12.5000001862645 24.550000205636 25.000000372529 -12.5000001862645 24.550000205636 34.000001847744 -12.5000001862645 5.84999984130263 9.807582013309 -22.8570494800806 -453.000009059906 9.90883354097605 -22.8623561561108 -448.500007390976 9.807582013309 -22.8570494800806 -448.500007390976 10.7000004500151 -22.9038186371326 -453.000009059906 10.7000004500151 -22.9038186371326 -448.500007390976 15.8500000834465 -9.20000020414591 -409.249991178513 11.400000192225 -8.24999995529652 -409.249991178513 11.400000192225 -9.20000020414591 -409.249991178513 15.8500000834465 -6.69999979436398 -409.249991178513 11.400000192225 -6.69999979436398 -409.249991178513 15.8500000834465 -6.69999979436398 -409.249991178513 15.8500000834465 -9.20000020414591 -413.199990987778 15.8500000834465 -6.69999979436398 -413.199990987778 15.8500000834465 -9.20000020414591 -409.249991178513 15.8500000834465 -6.69999979436398 -413.199990987778 28.5999998450279 -9.20000020414591 -413.199990987778 28.5999998450279 -6.69999979436398 -413.199990987778 15.8500000834465 -9.20000020414591 -413.199990987778 28.5999998450279 -9.20000020414591 -427.39999294281 28.5999998450279 -6.69999979436398 -413.199990987778 28.5999998450279 -9.20000020414591 -413.199990987778 28.5999998450279 -6.69999979436398 -427.39999294281 15.8500000834465 -9.20000020414591 -427.39999294281 28.5999998450279 -6.69999979436398 -427.39999294281 28.5999998450279 -9.20000020414591 -427.39999294281 15.8500000834465 -6.69999979436398 -427.39999294281 15.8500000834465 -6.69999979436398 -427.39999294281 15.8500000834465 -9.20000020414591 -431.349992752075 15.8500000834465 -6.69999979436398 -431.349992752075 15.8500000834465 -9.20000020414591 -427.39999294281 15.8500000834465 -6.69999979436398 -431.349992752075 11.400000192225 -8.24999995529652 -431.349992752075 11.400000192225 -6.69999979436398 -431.349992752075 15.8500000834465 -9.20000020414591 -431.349992752075 11.400000192225 -9.20000020414591 -431.349992752075 11.400000192225 -9.20000020414591 -431.349992752075 15.8500000834465 -9.20000020414591 -427.39999294281 11.400000192225 -9.20000020414591 -409.249991178513 28.5999998450279 -9.20000020414591 -413.199990987778 28.5999998450279 -9.20000020414591 -427.39999294281 15.8500000834465 -9.20000020414591 -413.199990987778 15.8500000834465 -9.20000020414591 -409.249991178513 15.8500000834465 -9.20000020414591 -431.349992752075 11.400000192225 149.800002574921 -452.800005674362 11.5000000223517 149.800002574921 -453.000009059906 11.400000192225 149.800002574921 -453.000009059906 11.5000000223517 149.800002574921 -452.800005674362 15.1000004261732 2.70000007003546 -453.000009059906 14.299999922514 3.89999989420176 -453.000009059906 15.1000004261732 3.89999989420176 -453.000009059906 14.299999922514 2.70000007003546 -453.000009059906 15.7320499420166 14.0000004321337 37.0000004768372 14.9999996647239 14.7320507094264 27.0000007003546 15.7320499420166 14.0000004321337 27.0000007003546 14.0000004321337 10.9999999403954 37.0000004768372 14.9999996647239 11.2679488956928 27.0000007003546 14.0000004321337 10.9999999403954 27.0000007003546 12.0000001043081 13.0000002682209 27.0000007003546 12.2679490596056 14.0000004321337 37.0000004768372 12.0000001043081 13.0000002682209 37.0000004768372 12.2679490596056 14.0000004321337 27.0000007003546 13.0000002682209 14.7320507094264 37.0000004768372 14.9999996647239 11.2679488956928 37.0000004768372 15.7320499420166 12.0000001043081 27.0000007003546 16.0000007599592 13.0000002682209 37.0000004768372 16.0000007599592 13.0000002682209 27.0000007003546 13.0000002682209 11.2679488956928 37.0000004768372 13.0000002682209 11.2679488956928 27.0000007003546 12.2679490596056 12.0000001043081 37.0000004768372 12.2679490596056 12.0000001043081 27.0000007003546 15.7320499420166 12.0000001043081 37.0000004768372 14.9999996647239 14.7320507094264 37.0000004768372 14.0000004321337 14.9999996647239 27.0000007003546 14.0000004321337 14.9999996647239 37.0000004768372 13.0000002682209 14.7320507094264 27.0000007003546 13.0000002682209 11.2679488956928 27.0000007003546 14.0000004321337 13.0000002682209 27.0000007003546 12.2679490596056 12.0000001043081 27.0000007003546 12.2679490596056 14.0000004321337 27.0000007003546 12.0000001043081 13.0000002682209 27.0000007003546 14.0000004321337 14.9999996647239 27.0000007003546 13.0000002682209 14.7320507094264 27.0000007003546 14.9999996647239 14.7320507094264 27.0000007003546 15.7320499420166 14.0000004321337 27.0000007003546 16.0000007599592 13.0000002682209 27.0000007003546 15.7320499420166 12.0000001043081 27.0000007003546 14.9999996647239 11.2679488956928 27.0000007003546 14.0000004321337 10.9999999403954 27.0000007003546 12.0000001043081 45.0000017881393 37.0000004768372 12.2679490596056 43.9999997615814 27.0000007003546 12.0000001043081 45.0000017881393 27.0000007003546 12.2679490596056 43.9999997615814 37.0000004768372 13.0000002682209 43.2679504156113 27.0000007003546 13.0000002682209 43.2679504156113 37.0000004768372 14.0000004321337 43.0000014603138 27.0000007003546 14.0000004321337 43.0000014603138 37.0000004768372 14.9999996647239 43.2679504156113 27.0000007003546 14.9999996647239 43.2679504156113 37.0000004768372 15.7320499420166 43.9999997615814 27.0000007003546 15.7320499420166 43.9999997615814 37.0000004768372 16.0000007599592 45.0000017881393 27.0000007003546 15.7320499420166 46.000000089407 37.0000004768372 14.9999996647239 46.7320494353771 27.0000007003546 15.7320499420166 46.000000089407 27.0000007003546 14.9999996647239 46.7320494353771 37.0000004768372 14.0000004321337 46.9999983906746 27.0000007003546 14.0000004321337 46.9999983906746 37.0000004768372 13.0000002682209 46.7320494353771 27.0000007003546 13.0000002682209 46.7320494353771 37.0000004768372 12.2679490596056 46.000000089407 27.0000007003546 12.2679490596056 46.000000089407 37.0000004768372 16.0000007599592 45.0000017881393 37.0000004768372 14.0000004321337 45.0000017881393 27.0000007003546 13.0000002682209 46.7320494353771 27.0000007003546 12.2679490596056 46.000000089407 27.0000007003546 12.0000001043081 45.0000017881393 27.0000007003546 12.2679490596056 43.9999997615814 27.0000007003546 14.0000004321337 46.9999983906746 27.0000007003546 14.9999996647239 46.7320494353771 27.0000007003546 15.7320499420166 46.000000089407 27.0000007003546 16.0000007599592 45.0000017881393 27.0000007003546 15.7320499420166 43.9999997615814 27.0000007003546 14.9999996647239 43.2679504156113 27.0000007003546 14.0000004321337 43.0000014603138 27.0000007003546 13.0000002682209 43.2679504156113 27.0000007003546 12.2679490596056 140.000000596046 37.0000004768372 13.0000002682209 139.267951250076 27.0000007003546 12.2679490596056 140.000000596046 27.0000007003546 13.0000002682209 139.267951250076 37.0000004768372 14.0000004321337 138.999998569489 27.0000007003546 14.0000004321337 138.999998569489 37.0000004768372 14.9999996647239 139.267951250076 27.0000007003546 14.9999996647239 139.267951250076 37.0000004768372 15.7320499420166 140.000000596046 27.0000007003546 15.7320499420166 140.000000596046 37.0000004768372 16.0000007599592 141.000002622604 27.0000007003546 12.0000001043081 141.000002622604 37.0000004768372 15.7320499420166 142.000004649162 37.0000004768372 14.9999996647239 142.732053995132 27.0000007003546 15.7320499420166 142.000004649162 27.0000007003546 14.9999996647239 142.732053995132 37.0000004768372 14.0000004321337 143.00000667572 27.0000007003546 14.0000004321337 143.00000667572 37.0000004768372 13.0000002682209 142.732053995132 27.0000007003546 13.0000002682209 142.732053995132 37.0000004768372 12.2679490596056 142.000004649162 27.0000007003546 12.2679490596056 142.000004649162 37.0000004768372 12.0000001043081 141.000002622604 27.0000007003546 16.0000007599592 141.000002622604 37.0000004768372 14.0000004321337 141.000002622604 27.0000007003546 12.0000001043081 141.000002622604 27.0000007003546 12.2679490596056 140.000000596046 27.0000007003546 13.0000002682209 142.732053995132 27.0000007003546 12.2679490596056 142.000004649162 27.0000007003546 14.0000004321337 143.00000667572 27.0000007003546 14.9999996647239 142.732053995132 27.0000007003546 15.7320499420166 142.000004649162 27.0000007003546 16.0000007599592 141.000002622604 27.0000007003546 15.7320499420166 140.000000596046 27.0000007003546 14.9999996647239 139.267951250076 27.0000007003546 14.0000004321337 138.999998569489 27.0000007003546 13.0000002682209 139.267951250076 27.0000007003546 11.5000000223517 32.8500010073185 -436.899989843369 20.5000005662441 2.49999994412065 -436.899989843369 17.000000923872 2.49999994412065 -436.899989843369 15.3999999165535 149.800002574921 -436.899989843369 19.4000005722046 150.399997830391 -436.899989843369 20.5000005662441 149.299994111061 -436.899989843369 19.9500005692244 150.252625346184 -436.899989843369 15.3999999165535 150.399997830391 -436.899989843369 11.5000000223517 -5.9000002220273 -436.899989843369 17.000000923872 -5.9000002220273 -436.899989843369 20.352628082037 149.849995970726 -436.899989843369 11.5000000223517 149.800002574921 -436.899989843369 20.3000009059906 42.54499822855 7.44999991729856 20.3000009059906 44.2200005054474 10.3511847555637 20.3000009059906 42.54499822855 10.8000002801418 20.3000009059906 45.4461835324764 9.12499986588955 20.3000009059906 45.8949990570545 7.44999991729856 20.3000009059906 45.4461835324764 5.77499996870756 20.3000009059906 44.2200005054474 4.54881507903337 20.3000009059906 40.8699996769428 10.3511847555637 20.3000009059906 39.6438166499138 9.12499986588955 20.3000009059906 39.1950011253357 7.44999991729856 20.3000009059906 42.54499822855 4.10000002011657 20.3000009059906 40.8699996769428 4.54881507903337 20.3000009059906 39.6438166499138 5.77499996870756 20.3000009059906 26.5449993312359 13.399999588728 20.3000009059906 22.8950008749962 13.399999588728 20.3000009059906 23.3840066939592 11.5750003606081 20.3000009059906 28.3700004220009 10.2390069514513 20.3000009059906 29.7059919685125 11.5750003606081 20.3000009059906 30.1949996501207 13.399999588728 20.3000009059906 24.720000103116 10.2390069514513 20.3000009059906 26.5449993312359 9.75000020116568 20.3000009059906 23.3840066939592 15.2249997481704 20.3000009059906 24.720000103116 16.5609922260046 20.3000009059906 26.5449993312359 17.0499999076128 20.3000009059906 28.3700004220009 16.5609922260046 20.3000009059906 29.7059919685125 15.2249997481704 20.3000009059906 16.3449998944998 13.399999588728 20.3000009059906 14.7324996069074 10.6070684269071 20.3000009059906 16.3449998944998 10.1749999448657 20.3000009059906 13.5520678013563 11.7875002324581 20.3000009059906 17.9574992507696 10.6070684269071 20.3000009059906 19.1379319876432 11.7875002324581 20.3000009059906 13.1200002506375 13.399999588728 20.3000009059906 13.5520678013563 15.0124998763204 20.3000009059906 14.7324996069074 16.1929316818714 20.3000009059906 16.3449998944998 16.6250001639128 20.3000009059906 17.9574992507696 16.1929316818714 20.3000009059906 19.1379319876432 15.0124998763204 20.3000009059906 19.5700004696846 13.399999588728 20.3000009059906 44.2200005054474 10.3511847555637 19.4000005722046 42.54499822855 10.8000002801418 20.3000009059906 42.54499822855 10.8000002801418 19.4000005722046 40.8699996769428 4.54881507903337 20.3000009059906 39.6438166499138 5.77499996870756 19.4000005722046 39.6438166499138 5.77499996870756 19.4000005722046 42.54499822855 4.10000002011657 20.3000009059906 40.8699996769428 4.54881507903337 19.4000005722046 44.2200005054474 4.54881507903337 20.3000009059906 42.54499822855 4.10000002011657 19.4000005722046 45.4461835324764 5.77499996870756 20.3000009059906 44.2200005054474 4.54881507903337 19.4000005722046 45.8949990570545 7.44999991729856 20.3000009059906 45.4461835324764 5.77499996870756 19.4000005722046 45.4461835324764 9.12499986588955 20.3000009059906 45.8949990570545 7.44999991729856 19.4000005722046 44.2200005054474 10.3511847555637 20.3000009059906 45.4461835324764 9.12499986588955 19.4000005722046 40.8699996769428 10.3511847555637 19.4000005722046 39.6438166499138 9.12499986588955 20.3000009059906 40.8699996769428 10.3511847555637 19.4000005722046 39.1950011253357 7.44999991729856 20.3000009059906 39.6438166499138 9.12499986588955 20.3000009059906 39.1950011253357 7.44999991729856 19.4000005722046 28.3700004220009 10.2390069514513 20.3000009059906 26.5449993312359 9.75000020116568 19.4000005722046 26.5449993312359 9.75000020116568 19.4000005722046 23.3840066939592 11.5750003606081 20.3000009059906 22.8950008749962 13.399999588728 19.4000005722046 22.8950008749962 13.399999588728 20.3000009059906 23.3840066939592 11.5750003606081 19.4000005722046 24.720000103116 10.2390069514513 20.3000009059906 24.720000103116 10.2390069514513 20.3000009059906 28.3700004220009 10.2390069514513 19.4000005722046 29.7059919685125 11.5750003606081 20.3000009059906 29.7059919685125 11.5750003606081 19.4000005722046 30.1949996501207 13.399999588728 20.3000009059906 30.1949996501207 13.399999588728 19.4000005722046 29.7059919685125 15.2249997481704 20.3000009059906 29.7059919685125 15.2249997481704 19.4000005722046 28.3700004220009 16.5609922260046 20.3000009059906 28.3700004220009 16.5609922260046 19.4000005722046 26.5449993312359 17.0499999076128 20.3000009059906 26.5449993312359 17.0499999076128 19.4000005722046 24.720000103116 16.5609922260046 20.3000009059906 24.720000103116 16.5609922260046 19.4000005722046 23.3840066939592 15.2249997481704 20.3000009059906 23.3840066939592 15.2249997481704 20.3000009059906 19.5700004696846 13.399999588728 19.4000005722046 19.1379319876432 15.0124998763204 20.3000009059906 19.1379319876432 15.0124998763204 20.3000009059906 19.1379319876432 11.7875002324581 19.4000005722046 19.5700004696846 13.399999588728 20.3000009059906 17.9574992507696 10.6070684269071 19.4000005722046 19.1379319876432 11.7875002324581 20.3000009059906 16.3449998944998 10.1749999448657 19.4000005722046 17.9574992507696 10.6070684269071 20.3000009059906 14.7324996069074 10.6070684269071 19.4000005722046 16.3449998944998 10.1749999448657 20.3000009059906 13.5520678013563 11.7875002324581 19.4000005722046 14.7324996069074 10.6070684269071 20.3000009059906 13.1200002506375 13.399999588728 19.4000005722046 13.5520678013563 11.7875002324581 19.4000005722046 17.9574992507696 16.1929316818714 20.3000009059906 17.9574992507696 16.1929316818714 19.4000005722046 13.1200002506375 13.399999588728 19.4000005722046 16.3449998944998 16.6250001639128 19.4000005722046 14.7324996069074 16.1929316818714 20.3000009059906 16.3449998944998 16.6250001639128 19.4000005722046 13.5520678013563 15.0124998763204 20.3000009059906 14.7324996069074 16.1929316818714 20.3000009059906 13.5520678013563 15.0124998763204 19.4000005722046 42.54499822855 10.8000002801418 19.4000005722046 47.2999997437 16.2749998271465 19.4000005722046 40.8699996769428 10.3511847555637 19.4000005722046 47.2999997437 4.72499988973141 19.4000005722046 44.2200005054474 4.54881507903337 19.4000005722046 47.2999997437 2.09999992512167 19.4000005722046 11.400000192225 2.09999992512167 19.4000005722046 17.9574992507696 10.6070684269071 19.4000005722046 16.3449998944998 10.1749999448657 19.4000005722046 45.8949990570545 7.44999991729856 19.4000005722046 45.4461835324764 9.12499986588955 19.4000005722046 45.4461835324764 5.77499996870756 19.4000005722046 28.3700004220009 10.2390069514513 19.4000005722046 39.6438166499138 5.77499996870756 19.4000005722046 29.7059919685125 11.5750003606081 19.4000005722046 39.6438166499138 9.12499986588955 19.4000005722046 30.1949996501207 13.399999588728 19.4000005722046 26.5449993312359 17.0499999076128 19.4000005722046 47.2999997437 18.8999995589256 19.4000005722046 11.400000192225 18.8999995589256 19.4000005722046 24.720000103116 16.5609922260046 19.4000005722046 23.3840066939592 15.2249997481704 19.4000005722046 24.720000103116 10.2390069514513 19.4000005722046 26.5449993312359 9.75000020116568 19.4000005722046 13.5520678013563 15.0124998763204 19.4000005722046 11.400000192225 15.3999999165535 19.4000005722046 13.1200002506375 13.399999588728 19.4000005722046 7.89999961853027 5.59999980032444 19.4000005722046 13.5520678013563 11.7875002324581 19.4000005722046 11.400000192225 5.59999980032444 19.4000005722046 40.8699996769428 4.54881507903337 19.4000005722046 29.7059919685125 15.2249997481704 19.4000005722046 28.3700004220009 16.5609922260046 19.4000005722046 19.1379319876432 11.7875002324581 19.4000005722046 14.7324996069074 10.6070684269071 19.4000005722046 17.9574992507696 16.1929316818714 19.4000005722046 19.1379319876432 15.0124998763204 19.4000005722046 39.1950011253357 7.44999991729856 19.4000005722046 16.3449998944998 16.6250001639128 19.4000005722046 14.7324996069074 16.1929316818714 19.4000005722046 19.5700004696846 13.399999588728 19.4000005722046 22.8950008749962 13.399999588728 19.4000005722046 23.3840066939592 11.5750003606081 19.4000005722046 42.54499822855 4.10000002011657 19.4000005722046 51.3000003993511 4.72499988973141 19.4000005722046 51.3000003993511 16.2749998271465 19.4000005722046 7.89999961853027 15.3999999165535 19.4000005722046 44.2200005054474 10.3511847555637 19.4000005722046 47.2999997437 4.72499988973141 20.5000005662441 47.2999997437 2.09999992512167 20.5000005662441 47.2999997437 4.72499988973141 19.4000005722046 47.2999997437 2.09999992512167 20.5000005662441 47.2999997437 2.09999992512167 19.4000005722046 11.400000192225 2.09999992512167 20.5000005662441 11.400000192225 2.09999992512167 19.4000005722046 47.2999997437 2.09999992512167 20.5000005662441 11.400000192225 2.09999992512167 19.4000005722046 11.400000192225 5.59999980032444 20.5000005662441 11.400000192225 5.59999980032444 19.4000005722046 11.400000192225 2.09999992512167 19.4000005722046 7.89999961853027 5.59999980032444 20.5000005662441 11.400000192225 5.59999980032444 19.4000005722046 11.400000192225 5.59999980032444 20.5000005662441 7.89999961853027 5.59999980032444 20.5000005662441 7.89999961853027 15.3999999165535 19.4000005722046 7.89999961853027 5.59999980032444 19.4000005722046 7.89999961853027 15.3999999165535 20.5000005662441 7.89999961853027 5.59999980032444 20.5000005662441 11.400000192225 15.3999999165535 19.4000005722046 7.89999961853027 15.3999999165535 19.4000005722046 11.400000192225 15.3999999165535 20.5000005662441 7.89999961853027 15.3999999165535 19.4000005722046 11.400000192225 15.3999999165535 20.5000005662441 11.400000192225 18.8999995589256 20.5000005662441 11.400000192225 15.3999999165535 19.4000005722046 11.400000192225 18.8999995589256 19.4000005722046 11.400000192225 18.8999995589256 20.5000005662441 47.2999997437 18.8999995589256 20.5000005662441 11.400000192225 18.8999995589256 19.4000005722046 47.2999997437 18.8999995589256 20.5000005662441 47.2999997437 18.8999995589256 19.4000005722046 47.2999997437 16.2749998271465 20.5000005662441 47.2999997437 16.2749998271465 19.4000005722046 47.2999997437 18.8999995589256 19.4000005722046 47.2999997437 16.2749998271465 20.5000005662441 51.3000003993511 16.2749998271465 20.5000005662441 47.2999997437 16.2749998271465 19.4000005722046 51.3000003993511 16.2749998271465 19.4000005722046 51.3000003993511 4.72499988973141 20.5000005662441 51.3000003993511 16.2749998271465 19.4000005722046 51.3000003993511 16.2749998271465 20.5000005662441 51.3000003993511 4.72499988973141 20.5000005662441 51.3000003993511 4.72499988973141 19.4000005722046 47.2999997437 4.72499988973141 20.5000005662441 47.2999997437 4.72499988973141 19.4000005722046 51.3000003993511 4.72499988973141 19.6000002324581 21.7000003904104 -419.149994850159 19.6000002324581 24.7743893414736 -417.37499833107 19.6000002324581 23.4750006347895 -416.075617074966 19.6000002324581 21.7000003904104 -415.600001811981 19.6000002324581 25.2500008791685 -419.149994850159 19.6000002324581 24.7743893414736 -420.924991369247 19.6000002324581 19.9250001460314 -416.075617074966 19.6000002324581 18.6256095767021 -417.37499833107 19.6000002324581 23.4750006347895 -422.224402427673 19.6000002324581 21.7000003904104 -422.699987888336 19.6000002324581 18.1499999016523 -419.149994850159 19.6000002324581 18.6256095767021 -420.924991369247 19.6000002324581 19.9250001460314 -422.224402427673 20.5000005662441 18.6256095767021 -420.924991369247 19.6000002324581 19.9250001460314 -422.224402427673 19.6000002324581 18.6256095767021 -420.924991369247 20.5000005662441 18.1499999016523 -419.149994850159 19.6000002324581 18.1499999016523 -419.149994850159 20.5000005662441 19.9250001460314 -422.224402427673 19.6000002324581 21.7000003904104 -422.699987888336 20.5000005662441 21.7000003904104 -422.699987888336 19.6000002324581 23.4750006347895 -422.224402427673 20.5000005662441 23.4750006347895 -422.224402427673 19.6000002324581 24.7743893414736 -420.924991369247 20.5000005662441 24.7743893414736 -420.924991369247 19.6000002324581 25.2500008791685 -419.149994850159 20.5000005662441 25.2500008791685 -419.149994850159 19.6000002324581 24.7743893414736 -417.37499833107 20.5000005662441 24.7743893414736 -417.37499833107 19.6000002324581 23.4750006347895 -416.075617074966 20.5000005662441 23.4750006347895 -416.075617074966 20.5000005662441 21.7000003904104 -415.600001811981 19.6000002324581 19.9250001460314 -416.075617074966 19.6000002324581 21.7000003904104 -415.600001811981 20.5000005662441 19.9250001460314 -416.075617074966 19.6000002324581 18.6256095767021 -417.37499833107 20.5000005662441 18.6256095767021 -417.37499833107 9.807582013309 -22.8570494800806 -448.500007390976 9.90883354097605 -22.8623561561108 -448.500007390976 9.90521162748337 -22.8786934167147 -448.500007390976 9.807582013309 -22.8570494800806 -453.000009059906 9.90521162748337 -22.8786934167147 -448.500007390976 9.90521162748337 -22.8786934167147 -453.000009059906 9.807582013309 -22.8570494800806 -448.500007390976 11.9000002741814 -12.1499998494983 -187.215328216553 11.9000002741814 -13.7000000104308 -189.899995923042 11.9000002741814 -11.0153211280704 -188.350006937981 11.9000002741814 -13.7000000104308 -186.800003051758 11.9000002741814 -10.5999996885657 -189.899995923042 11.9000002741814 -15.2500001713634 -187.215328216553 11.9000002741814 -16.3846779614687 -188.350006937981 11.9000002741814 -16.7999994009733 -189.899995923042 11.9000002741814 -16.3846779614687 -191.449999809265 11.9000002741814 -15.2500001713634 -192.584678530693 11.9000002741814 -13.7000000104308 -193.000003695488 11.9000002741814 -12.1499998494983 -192.584678530693 11.9000002741814 -11.0153211280704 -191.449999809265 11.9000002741814 -13.7000000104308 -175.899997353554 11.9000002741814 -12.1499998494983 -178.584679961205 11.9000002741814 -11.0153211280704 -177.450001239777 11.9000002741814 -13.7000000104308 -179.000005125999 11.9000002741814 -15.2500001713634 -178.584679961205 11.9000002741814 -16.3846779614687 -177.450001239777 11.9000002741814 -16.7999994009733 -175.899997353554 11.9000002741814 -16.3846779614687 -174.349993467331 11.9000002741814 -15.2500001713634 -173.215314745903 11.9000002741814 -13.7000000104308 -172.800004482269 11.9000002741814 -12.1499998494983 -173.215314745903 11.9000002741814 -11.0153211280704 -174.349993467331 11.9000002741814 -10.5999996885657 -175.899997353554 11.9000002741814 -13.7000000104308 -49.8999990522861 11.9000002741814 -10.5999996885657 -49.8999990522861 11.9000002741814 -11.0153211280704 -48.3499988913536 11.9000002741814 -11.0153211280704 -51.4499992132187 11.9000002741814 -12.1499998494983 -47.2153201699257 11.9000002741814 -13.7000000104308 -46.7999987304211 11.9000002741814 -15.2500001713634 -47.2153201699257 11.9000002741814 -16.3846779614687 -48.3499988913536 11.9000002741814 -16.7999994009733 -49.8999990522861 11.9000002741814 -16.3846779614687 -51.4499992132187 11.9000002741814 -15.2500001713634 -52.5846779346466 11.9000002741814 -13.7000000104308 -52.9999993741512 11.9000002741814 -12.1499998494983 -52.5846779346466 11.9000002741814 -13.7000000104308 -63.900001347065 11.9000002741814 -12.1499998494983 -66.5846765041351 11.9000002741814 -11.0153211280704 -65.4499977827072 11.9000002741814 -12.1499998494983 -61.2153224647045 11.9000002741814 -13.7000000104308 -60.8000010251999 11.9000002741814 -15.2500001713634 -61.2153224647045 11.9000002741814 -16.3846779614687 -62.3500011861324 11.9000002741814 -16.7999994009733 -63.900001347065 11.9000002741814 -16.3846779614687 -65.4499977827072 11.9000002741814 -10.5999996885657 -63.900001347065 11.9000002741814 -11.0153211280704 -62.3500011861324 11.9000002741814 -15.2500001713634 -66.5846765041351 11.9000002741814 -13.7000000104308 -67.0000016689301 11.9000002741814 -13.7000000104308 -373.89999628067 11.9000002741814 -12.1499998494983 -371.215313673019 11.9000002741814 -13.7000000104308 -370.799988508224 11.9000002741814 -15.2500001713634 -371.215313673019 11.9000002741814 -16.3846779614687 -372.350007295609 11.9000002741814 -16.7999994009733 -373.89999628067 11.9000002741814 -16.3846779614687 -375.449985265732 11.9000002741814 -15.2500001713634 -376.584678888321 11.9000002741814 -13.7000000104308 -377.000004053116 11.9000002741814 -12.1499998494983 -376.584678888321 11.9000002741814 -11.0153211280704 -375.449985265732 11.9000002741814 -10.5999996885657 -373.89999628067 11.9000002741814 -11.0153211280704 -372.350007295609 11.9000002741814 -13.7000000104308 -359.899997711182 11.9000002741814 -15.2500001713634 -357.215315103531 11.9000002741814 -16.3846779614687 -358.35000872612 11.9000002741814 -13.7000000104308 -356.799989938736 11.9000002741814 -10.5999996885657 -359.899997711182 11.9000002741814 -11.0153211280704 -358.35000872612 11.9000002741814 -12.1499998494983 -357.215315103531 11.9000002741814 -11.0153211280704 -361.449986696243 11.9000002741814 -12.1499998494983 -362.584680318832 11.9000002741814 -13.7000000104308 -363.000005483627 11.9000002741814 -15.2500001713634 -362.584680318832 11.9000002741814 -16.3846779614687 -361.449986696243 11.9000002741814 -16.7999994009733 -359.899997711182 8.500000461936 143.295451998711 37.0000004768372 8.500000461936 143.299996852875 -453.000009059906 8.500000461936 143.295451998711 -453.000009059906 8.500000461936 143.299996852875 37.0000004768372 11.5000000223517 149.800002574921 -453.000009059906 11.5000000223517 109.300002455711 -449.000000953674 11.5000000223517 54.0999993681908 -449.000000953674 11.5000000223517 5.59999980032444 -449.000000953674 11.5000000223517 3.89999989420176 -453.000009059906 11.5000000223517 8.10000021010637 -449.000000953674 11.5000000223517 4.00000018998981 -449.000000953674 11.5000000223517 5.59999980032444 -441.000014543533 11.5000000223517 8.10000021010637 -439.999997615814 11.5000000223517 19.3000007420778 -449.000000953674 11.5000000223517 32.8500010073185 -453.000009059906 11.5000000223517 -6.69999979436398 -440.400004386902 11.5000000223517 -17.5999999046326 -448.500007390976 11.5000000223517 3.89999989420176 -448.500007390976 11.5000000223517 -5.9000002220273 -440.400004386902 11.5000000223517 4.00000018998981 -441.000014543533 11.5000000223517 120.49999833107 -439.999997615814 11.5000000223517 124.600000679493 -449.000000953674 11.5000000223517 124.600000679493 -438.899993896484 11.5000000223517 132.30000436306 -449.000000953674 11.5000000223517 109.300002455711 -439.999997615814 11.5000000223517 54.0999993681908 -438.899993896484 11.5000000223517 120.49999833107 -449.000000953674 11.5000000223517 54.0999993681908 -437.799990177155 11.5000000223517 32.8500010073185 -438.899993896484 11.5000000223517 46.399999409914 -437.799990177155 11.5000000223517 32.8500010073185 -436.899989843369 11.5000000223517 149.800002574921 -436.899989843369 11.5000000223517 124.600000679493 -437.799990177155 11.5000000223517 132.30000436306 -437.799990177155 11.5000000223517 149.800002574921 -438.899993896484 11.5000000223517 19.3000007420778 -439.999997615814 11.5000000223517 149.800002574921 -452.800005674362 11.5000000223517 46.399999409914 -449.000000953674 11.5000000223517 132.30000436306 -438.899993896484 11.5000000223517 46.399999409914 -438.899993896484 11.5000000223517 -5.9000002220273 -438.899993896484 11.5000000223517 -5.9000002220273 -436.899989843369 11.5000000223517 -17.5999999046326 -440.400004386902 20.4000007361174 -6.69282022863626 -453.000009059906 15.1000004261732 2.40000011399388 -453.000009059906 19.9999995529652 -6.80000009015203 -453.000009059906 12.7999996766448 -6.80000009015203 -453.000009059906 12.7999996766448 2.40000011399388 -453.000009059906 20.8000000566244 2.70000007003546 -453.000009059906 15.1000004261732 2.70000007003546 -453.000009059906 20.8000000566244 -6.00000005215406 -453.000009059906 20.6928197294474 -6.3999998383224 -453.000009059906 8.19781515747309 -10.5207907035947 -453.000009059906 8.15000012516975 -10.413397103548 -453.000009059906 8.1809014081955 -10.5587784200907 -453.000009059906 7.49999983236194 -9.28756408393383 -453.000009059906 7.1000000461936 -26.1000003665686 -453.000009059906 7.49999983236194 -11.7124356329441 -453.000009059906 8.19781515747309 -10.4792090132833 -453.000009059906 7.49999983236194 142.199993133545 -453.000009059906 7.1000000461936 149.499997496605 -453.000009059906 8.15000012516975 -10.5866026133299 -453.000009059906 7.49999983236194 144.299998879433 -453.000009059906 7.57839949801564 -11.2678091973066 -453.000009059906 7.8041423112154 -10.8768120408058 -453.000009059906 7.63112353160977 142.720848321915 -453.000009059906 11.5000000223517 149.800002574921 -453.000009059906 19.5000004023314 150.800004601479 -453.000009059906 11.400000192225 150.399997830391 -453.000009059906 14.299999922514 3.89999989420176 -453.000009059906 11.5000000223517 32.8500010073185 -453.000009059906 11.5000000223517 3.89999989420176 -453.000009059906 14.299999922514 146.799996495247 -453.000009059906 8.39999970048666 150.800004601479 -453.000009059906 9.90521162748337 -22.8786934167147 -453.000009059906 10.7000004500151 -22.9038186371326 -453.000009059906 9.807582013309 -22.8570494800806 -453.000009059906 11.400000192225 149.800002574921 -453.000009059906 9.87831875681877 -23.0000000447035 -453.000009059906 10.7000004500151 -26.9000008702278 -453.000009059906 20.8000000566244 149.499997496605 -453.000009059906 20.8000000566244 146.799996495247 -453.000009059906 7.89999961853027 -26.9000008702278 -453.000009059906 8.40749964118004 -26.5189446508884 -453.000009059906 8.10499954968691 -26.5999995172024 -453.000009059906 20.6258334219456 150.150001049042 -453.000009059906 20.1500002294779 150.625839829445 -453.000009059906 8.70999973267317 -25.9949993342161 -453.000009059906 8.62894579768181 -26.2975003570318 -453.000009059906 7.99323339015245 143.117517232895 -453.000009059906 7.79289333149791 143.592894077301 -453.000009059906 7.57612055167556 143.917322158813 -453.000009059906 7.80249992385507 -26.5189446508884 -453.000009059906 7.49999983236194 -26.7928205430508 -453.000009059906 7.27416714653373 150.150001049042 -453.000009059906 8.05000029504299 150.252625346184 -453.000009059906 7.74999987334013 150.625839829445 -453.000009059906 8.70999973267317 -23.0000000447035 -453.000009059906 7.58105469867587 -26.2975003570318 -453.000009059906 7.20717990770936 -26.4999996870756 -453.000009059906 7.6473718509078 149.849995970726 -453.000009059906 8.60000029206276 150.399997830391 -453.000009059906 7.8041423112154 -10.1231886073947 -453.000009059906 7.57839949801564 -9.7321905195713 -453.000009059906 8.1173162907362 143.376126885414 -453.000009059906 8.500000461936 143.295451998711 -453.000009059906 8.500000461936 143.299996852875 -453.000009059906 7.49999983236194 -25.9949993342161 -453.000009059906 8.1809014081955 -10.4412212967873 -453.000009059906 7.49999983236194 149.299994111061 -453.000009059906 14.299999922514 3.89999989420176 -453.000009059906 11.5000000223517 3.89999989420176 -448.500007390976 15.1000004261732 3.89999989420176 -448.500007390976 15.1000004261732 3.89999989420176 -453.000009059906 11.5000000223517 3.89999989420176 -453.000009059906 12.0000001043081 -26.9000008702278 -448.500007390976 10.7000004500151 -22.9038186371326 -448.500007390976 10.7000004500151 -26.9000008702278 -448.500007390976 11.3371983170509 -17.9487969726324 -448.500007390976 11.5000000223517 -17.5999999046326 -448.500007390976 11.400000192225 -17.5999999046326 -448.500007390976 12.4000003561378 -26.7928205430508 -448.500007390976 12.6928202807903 -26.4999996870756 -448.500007390976 10.881120339036 -18.4766538441181 -448.500007390976 11.1566800624132 -18.2537846267223 -448.500007390976 12.7999996766448 -26.1000003665686 -448.500007390976 9.90883354097605 -22.8623561561108 -448.500007390976 12.7999996766448 2.40000011399388 -448.500007390976 11.5000000223517 3.89999989420176 -448.500007390976 15.1000004261732 3.89999989420176 -448.500007390976 15.1000004261732 2.40000011399388 -448.500007390976 7.1000000461936 -26.1000003665686 -453.000009059906 7.1000000461936 137.573644518852 -455.080062150955 7.1000000461936 -26.1000003665686 -455.080062150955 7.1000000461936 138.424441218376 -455.000013113022 7.1000000461936 149.499997496605 -453.000009059906 7.1000000461936 149.499997496605 -455.000013113022 7.89999961853027 -26.9000008702278 -455.164164304733 10.7000004500151 -26.9000008702278 -453.000009059906 7.89999961853027 -26.9000008702278 -453.000009059906 12.0000001043081 -26.9000008702278 -448.500007390976 12.0000001043081 -26.9000008702278 -455.595076084137 10.7000004500151 -26.9000008702278 -448.500007390976 17.000000923872 -5.9000002220273 36.1000001430511 17.000000923872 2.49999994412065 37.0000004768372 17.000000923872 -5.9000002220273 37.0000004768372 17.000000923872 2.49999994412065 -436.899989843369 17.000000923872 -5.9000002220273 -436.899989843369 20.5000005662441 2.49999994412065 -436.899989843369 17.000000923872 2.49999994412065 37.0000004768372 17.000000923872 2.49999994412065 -436.899989843369 20.5000005662441 2.49999994412065 37.0000004768372 20.8000000566244 137.573644518852 -456.519991159439 20.8000000566244 2.70000007003546 -453.999996185303 20.8000000566244 -6.00000005215406 -456.519991159439 20.8000000566244 146.799996495247 -453.999996185303 20.8000000566244 142.28792488575 -455.245733261108 20.8000000566244 144.600003957748 -455.000013113022 20.8000000566244 140.053540468216 -455.983519554138 20.8000000566244 -6.00000005215406 -453.000009059906 20.8000000566244 2.70000007003546 -453.000009059906 20.8000000566244 149.499997496605 -453.000009059906 20.8000000566244 149.499997496605 -455.000013113022 20.8000000566244 146.799996495247 -453.000009059906 12.7999996766448 -6.80000009015203 -455.679178237915 19.9999995529652 -6.80000009015203 -453.000009059906 12.7999996766448 -6.80000009015203 -453.000009059906 19.9999995529652 -6.80000009015203 -456.435918807983 12.7999996766448 -6.80000009015203 -453.000009059906 12.7999996766448 -26.1000003665686 -455.679178237915 12.7999996766448 -6.80000009015203 -455.679178237915 12.7999996766448 -26.1000003665686 -448.500007390976 12.7999996766448 2.40000011399388 -448.500007390976 12.7999996766448 2.40000011399388 -453.000009059906 8.39999970048666 150.800004601479 -455.000013113022 19.5000004023314 150.800004601479 -453.000009059906 19.5000004023314 150.800004601479 -455.000013113022 8.39999970048666 150.800004601479 -453.000009059906 14.526043087244 140.734508633614 -455.000013113022 7.27416714653373 150.150001049042 -455.000013113022 7.74999987334013 150.625839829445 -455.000013113022 20.6258334219456 150.150001049042 -455.000013113022 19.5000004023314 150.800004601479 -455.000013113022 20.1500002294779 150.625839829445 -455.000013113022 8.39999970048666 150.800004601479 -455.000013113022 20.7193177193403 144.167989492416 -455.000013113022 20.5101016908884 143.780693411827 -455.000013113022 20.8000000566244 149.499997496605 -455.000013113022 19.8973473161459 143.152177333832 -455.000013113022 20.8000000566244 144.600003957748 -455.000013113022 10.523502714932 139.607116580009 -455.000013113022 7.1000000461936 149.499997496605 -455.000013113022 8.77877231687307 139.111250638962 -455.000013113022 7.1000000461936 138.424441218376 -455.000013113022 18.4086188673973 142.235100269318 -455.000013113022 7.12725939229131 -26.3070557266474 -455.082923173904 7.1000000461936 -26.1000003665686 -453.000009059906 7.1000000461936 -26.1000003665686 -455.080062150955 7.20717990770936 -26.4999996870756 -455.091327428818 7.49999983236194 -26.7928205430508 -453.000009059906 7.20717990770936 -26.4999996870756 -453.000009059906 7.49999983236194 -26.7928205430508 -455.122113227844 7.89999961853027 -26.9000008702278 -453.000009059906 7.89999961853027 -26.9000008702278 -455.164164304733 12.0000001043081 -26.9000008702278 -455.595076084137 12.4000003561378 -26.7928205430508 -448.500007390976 12.0000001043081 -26.9000008702278 -448.500007390976 12.7999996766448 -26.1000003665686 -448.500007390976 12.6928202807903 -26.4999996870756 -455.667912960052 12.7727407962084 -26.3070557266474 -455.676287412643 12.7999996766448 -26.1000003665686 -455.679178237915 12.6928202807903 -26.4999996870756 -448.500007390976 12.4000003561378 -26.7928205430508 -455.637127161026 20.6928197294474 -6.3999998383224 -456.508725881577 20.8000000566244 -6.00000005215406 -453.000009059906 20.6928197294474 -6.3999998383224 -453.000009059906 20.4000007361174 -6.69282022863626 -456.477969884872 19.9999995529652 -6.80000009015203 -456.435918807983 20.4000007361174 -6.69282022863626 -453.000009059906 19.9999995529652 -6.80000009015203 -453.000009059906 20.7727402448654 -6.20705541223288 -456.51713013649 20.8000000566244 -6.00000005215406 -456.519991159439 19.5000004023314 150.800004601479 -455.000013113022 20.1500002294779 150.625839829445 -453.000009059906 20.1500002294779 150.625839829445 -455.000013113022 20.6258334219456 150.150001049042 -453.000009059906 20.8000000566244 149.499997496605 -453.000009059906 20.6258334219456 150.150001049042 -455.000013113022 20.8000000566244 149.499997496605 -455.000013113022 19.5000004023314 150.800004601479 -453.000009059906 7.74999987334013 150.625839829445 -453.000009059906 7.27416714653373 150.150001049042 -455.000013113022 7.27416714653373 150.150001049042 -453.000009059906 8.39999970048666 150.800004601479 -453.000009059906 7.74999987334013 150.625839829445 -455.000013113022 8.39999970048666 150.800004601479 -455.000013113022 7.1000000461936 149.499997496605 -455.000013113022 7.1000000461936 149.499997496605 -453.000009059906 15.1000004261732 3.89999989420176 -448.500007390976 15.1000004261732 2.70000007003546 -453.000009059906 15.1000004261732 3.89999989420176 -453.000009059906 15.1000004261732 2.40000011399388 -448.500007390976 15.1000004261732 2.40000011399388 -453.000009059906 12.7999996766448 2.40000011399388 -448.500007390976 15.1000004261732 2.40000011399388 -453.000009059906 15.1000004261732 2.40000011399388 -448.500007390976 12.7999996766448 2.40000011399388 -453.000009059906 10.7000004500151 -26.9000008702278 -448.500007390976 10.7000004500151 -22.9038186371326 -453.000009059906 10.7000004500151 -26.9000008702278 -453.000009059906 10.7000004500151 -22.9038186371326 -448.500007390976 20.8000000566244 142.28792488575 -455.245733261108 20.7193177193403 144.167989492416 -455.000013113022 20.8000000566244 144.600003957748 -455.000013113022 20.5101016908884 143.780693411827 -455.000013113022 19.8973473161459 143.152177333832 -455.000013113022 18.4086188673973 142.235100269318 -455.000013113022 14.526043087244 140.734508633614 -455.000013113022 20.8000000566244 140.053540468216 -455.983519554138 10.523502714932 139.607116580009 -455.000013113022 20.8000000566244 137.573644518852 -456.519991159439 10.523502714932 139.607116580009 -455.000013113022 20.8000000566244 140.053540468216 -455.983519554138 7.1000000461936 137.573644518852 -455.080062150955 8.77877231687307 139.111250638962 -455.000013113022 7.1000000461936 138.424441218376 -455.000013113022 7.1000000461936 137.573644518852 -455.080062150955 20.8000000566244 -6.00000005215406 -456.519991159439 12.7999996766448 -6.80000009015203 -455.679178237915 7.1000000461936 -26.1000003665686 -455.080062150955 20.8000000566244 137.573644518852 -456.519991159439 7.20717990770936 -26.4999996870756 -455.091327428818 7.89999961853027 -26.9000008702278 -455.164164304733 7.49999983236194 -26.7928205430508 -455.122113227844 7.12725939229131 -26.3070557266474 -455.082923173904 12.0000001043081 -26.9000008702278 -455.595076084137 12.7999996766448 -26.1000003665686 -455.679178237915 19.9999995529652 -6.80000009015203 -456.435918807983 12.7727407962084 -26.3070557266474 -455.676287412643 20.6928197294474 -6.3999998383224 -456.508725881577 20.4000007361174 -6.69282022863626 -456.477969884872 20.7727402448654 -6.20705541223288 -456.51713013649 12.6928202807903 -26.4999996870756 -455.667912960052 12.4000003561378 -26.7928205430508 -455.637127161026 11.5000000223517 -17.5999999046326 -440.400004386902 11.400000192225 -17.5999999046326 -448.500007390976 11.5000000223517 -17.5999999046326 -448.500007390976 11.400000192225 -17.5999999046326 -440.400004386902 11.400000192225 -8.24999995529652 -440.400004386902 11.5000000223517 -6.69999979436398 -440.400004386902 11.400000192225 -6.69999979436398 -440.400004386902 11.5000000223517 -17.5999999046326 -440.400004386902 11.400000192225 -17.5999999046326 -440.400004386902 18.580000847578 120.49999833107 -449.000000953674 18.580000847578 109.300002455711 -439.999997615814 18.580000847578 109.300002455711 -449.000000953674 18.580000847578 120.49999833107 -439.999997615814 18.580000847578 120.49999833107 -449.000000953674 11.5000000223517 120.49999833107 -439.999997615814 18.580000847578 120.49999833107 -439.999997615814 11.5000000223517 120.49999833107 -449.000000953674 11.5000000223517 120.49999833107 -439.999997615814 18.580000847578 109.300002455711 -439.999997615814 18.580000847578 120.49999833107 -439.999997615814 11.5000000223517 109.300002455711 -439.999997615814 18.580000847578 109.300002455711 -449.000000953674 11.5000000223517 109.300002455711 -439.999997615814 11.5000000223517 109.300002455711 -449.000000953674 18.580000847578 109.300002455711 -439.999997615814 11.5000000223517 120.49999833107 -449.000000953674 18.580000847578 109.300002455711 -449.000000953674 11.5000000223517 109.300002455711 -449.000000953674 18.580000847578 120.49999833107 -449.000000953674 18.580000847578 54.0999993681908 -437.799990177155 18.580000847578 46.399999409914 -449.000000953674 18.580000847578 54.0999993681908 -449.000000953674 18.580000847578 46.399999409914 -437.799990177155 18.580000847578 46.399999409914 -437.799990177155 11.5000000223517 54.0999993681908 -437.799990177155 11.5000000223517 46.399999409914 -437.799990177155 18.580000847578 54.0999993681908 -437.799990177155 11.5000000223517 46.399999409914 -438.899993896484 18.580000847578 46.399999409914 -437.799990177155 11.5000000223517 46.399999409914 -437.799990177155 18.580000847578 46.399999409914 -449.000000953674 11.5000000223517 46.399999409914 -449.000000953674 18.580000847578 46.399999409914 -449.000000953674 11.5000000223517 54.0999993681908 -449.000000953674 18.580000847578 54.0999993681908 -449.000000953674 11.5000000223517 46.399999409914 -449.000000953674 11.5000000223517 54.0999993681908 -438.899993896484 18.580000847578 54.0999993681908 -449.000000953674 11.5000000223517 54.0999993681908 -449.000000953674 18.580000847578 54.0999993681908 -437.799990177155 11.5000000223517 54.0999993681908 -437.799990177155 18.580000847578 124.600000679493 -437.799990177155 18.580000847578 132.30000436306 -449.000000953674 18.580000847578 132.30000436306 -437.799990177155 18.580000847578 124.600000679493 -449.000000953674 18.580000847578 124.600000679493 -449.000000953674 11.5000000223517 124.600000679493 -438.899993896484 11.5000000223517 124.600000679493 -449.000000953674 18.580000847578 124.600000679493 -437.799990177155 11.5000000223517 124.600000679493 -437.799990177155 11.5000000223517 132.30000436306 -449.000000953674 18.580000847578 124.600000679493 -449.000000953674 11.5000000223517 124.600000679493 -449.000000953674 18.580000847578 132.30000436306 -449.000000953674 18.580000847578 132.30000436306 -437.799990177155 11.5000000223517 132.30000436306 -438.899993896484 11.5000000223517 132.30000436306 -437.799990177155 18.580000847578 132.30000436306 -449.000000953674 11.5000000223517 132.30000436306 -449.000000953674 18.580000847578 124.600000679493 -437.799990177155 11.5000000223517 132.30000436306 -437.799990177155 11.5000000223517 124.600000679493 -437.799990177155 18.580000847578 132.30000436306 -437.799990177155 18.580000847578 19.3000007420778 -449.000000953674 18.580000847578 8.10000021010637 -439.999997615814 18.580000847578 8.10000021010637 -449.000000953674 18.580000847578 19.3000007420778 -439.999997615814 11.5000000223517 19.3000007420778 -439.999997615814 18.580000847578 19.3000007420778 -449.000000953674 11.5000000223517 19.3000007420778 -449.000000953674 18.580000847578 19.3000007420778 -439.999997615814 18.580000847578 19.3000007420778 -439.999997615814 11.5000000223517 8.10000021010637 -439.999997615814 18.580000847578 8.10000021010637 -439.999997615814 11.5000000223517 19.3000007420778 -439.999997615814 11.5000000223517 8.10000021010637 -439.999997615814 18.580000847578 8.10000021010637 -449.000000953674 18.580000847578 8.10000021010637 -439.999997615814 11.5000000223517 8.10000021010637 -449.000000953674 18.580000847578 8.10000021010637 -449.000000953674 11.5000000223517 19.3000007420778 -449.000000953674 18.580000847578 19.3000007420778 -449.000000953674 11.5000000223517 8.10000021010637 -449.000000953674 18.580000847578 5.59999980032444 -441.000014543533 18.580000847578 4.00000018998981 -449.000000953674 18.580000847578 5.59999980032444 -449.000000953674 18.580000847578 4.00000018998981 -441.000014543533 11.5000000223517 5.59999980032444 -441.000014543533 18.580000847578 5.59999980032444 -449.000000953674 11.5000000223517 5.59999980032444 -449.000000953674 18.580000847578 5.59999980032444 -441.000014543533 18.580000847578 4.00000018998981 -441.000014543533 11.5000000223517 5.59999980032444 -441.000014543533 11.5000000223517 4.00000018998981 -441.000014543533 18.580000847578 5.59999980032444 -441.000014543533 18.580000847578 4.00000018998981 -441.000014543533 11.5000000223517 4.00000018998981 -449.000000953674 18.580000847578 4.00000018998981 -449.000000953674 11.5000000223517 4.00000018998981 -441.000014543533 11.5000000223517 5.59999980032444 -449.000000953674 18.580000847578 4.00000018998981 -449.000000953674 11.5000000223517 4.00000018998981 -449.000000953674 18.580000847578 5.59999980032444 -449.000000953674 20.8000000566244 146.799996495247 -453.999996185303 14.299999922514 2.70000007003546 -453.999996185303 20.8000000566244 2.70000007003546 -453.999996185303 14.299999922514 146.799996495247 -453.999996185303 20.8000000566244 146.799996495247 -453.000009059906 14.299999922514 146.799996495247 -453.999996185303 20.8000000566244 146.799996495247 -453.999996185303 14.299999922514 146.799996495247 -453.000009059906 20.8000000566244 2.70000007003546 -453.999996185303 15.1000004261732 2.70000007003546 -453.000009059906 20.8000000566244 2.70000007003546 -453.000009059906 14.299999922514 2.70000007003546 -453.999996185303 14.299999922514 2.70000007003546 -453.000009059906 14.299999922514 2.70000007003546 -453.999996185303 14.299999922514 3.89999989420176 -453.000009059906 14.299999922514 2.70000007003546 -453.000009059906 14.299999922514 146.799996495247 -453.999996185303 14.299999922514 146.799996495247 -453.000009059906 15.3999999165535 149.800002574921 -452.800005674362 15.3999999165535 150.399997830391 -436.899989843369 15.3999999165535 149.800002574921 -436.899989843369 15.3999999165535 150.399997830391 -452.800005674362 7.79289333149791 143.592894077301 37.0000004768372 8.1173162907362 143.376126885414 -453.000009059906 8.1173162907362 143.376126885414 37.0000004768372 7.57612055167556 143.917322158813 37.0000004768372 7.79289333149791 143.592894077301 -453.000009059906 7.57612055167556 143.917322158813 -453.000009059906 8.500000461936 143.299996852875 -453.000009059906 8.500000461936 143.299996852875 37.0000004768372 7.49999983236194 144.299998879433 37.0000004768372 7.49999983236194 144.299998879433 -453.000009059906 7.49999983236194 149.299994111061 37.0000004768372 7.49999983236194 144.299998879433 -453.000009059906 7.49999983236194 144.299998879433 37.0000004768372 7.49999983236194 149.299994111061 -453.000009059906 8.05000029504299 150.252625346184 -453.000009059906 8.60000029206276 150.399997830391 37.0000004768372 8.60000029206276 150.399997830391 -453.000009059906 7.49999983236194 149.299994111061 -453.000009059906 7.6473718509078 149.849995970726 37.0000004768372 7.6473718509078 149.849995970726 -453.000009059906 7.49999983236194 149.299994111061 37.0000004768372 8.05000029504299 150.252625346184 37.0000004768372 8.60000029206276 150.399997830391 -453.000009059906 11.400000192225 150.399997830391 -452.800005674362 11.400000192225 150.399997830391 -453.000009059906 15.3999999165535 150.399997830391 -436.899989843369 15.3999999165535 150.399997830391 -452.800005674362 8.60000029206276 150.399997830391 37.0000004768372 19.4000005722046 150.399997830391 37.0000004768372 19.4000005722046 150.399997830391 -436.899989843369 19.9500005692244 150.252625346184 37.0000004768372 19.4000005722046 150.399997830391 -436.899989843369 19.4000005722046 150.399997830391 37.0000004768372 19.9500005692244 150.252625346184 -436.899989843369 20.352628082037 149.849995970726 37.0000004768372 20.352628082037 149.849995970726 -436.899989843369 20.5000005662441 149.299994111061 37.0000004768372 20.5000005662441 149.299994111061 -436.899989843369 20.5000005662441 51.3000003993511 4.72499988973141 20.5000005662441 23.4750006347895 -416.075617074966 20.5000005662441 149.299994111061 37.0000004768372 20.5000005662441 11.400000192225 18.8999995589256 20.5000005662441 7.89999961853027 15.3999999165535 20.5000005662441 11.400000192225 15.3999999165535 20.5000005662441 24.7743893414736 -420.924991369247 20.5000005662441 149.299994111061 -436.899989843369 20.5000005662441 25.2500008791685 -419.149994850159 20.5000005662441 7.89999961853027 5.59999980032444 20.5000005662441 2.49999994412065 37.0000004768372 20.5000005662441 2.49999994412065 -436.899989843369 20.5000005662441 24.7743893414736 -417.37499833107 20.5000005662441 47.2999997437 2.09999992512167 20.5000005662441 18.1499999016523 -419.149994850159 20.5000005662441 18.6256095767021 -420.924991369247 20.5000005662441 11.400000192225 2.09999992512167 20.5000005662441 21.7000003904104 -415.600001811981 20.5000005662441 21.7000003904104 -422.699987888336 20.5000005662441 23.4750006347895 -422.224402427673 20.5000005662441 51.3000003993511 16.2749998271465 20.5000005662441 47.2999997437 18.8999995589256 20.5000005662441 47.2999997437 16.2749998271465 20.5000005662441 19.9250001460314 -422.224402427673 20.5000005662441 19.9250001460314 -416.075617074966 20.5000005662441 18.6256095767021 -417.37499833107 20.5000005662441 47.2999997437 4.72499988973141 20.5000005662441 11.400000192225 5.59999980032444 7.63112353160977 142.720848321915 37.0000004768372 7.49999983236194 142.199993133545 -453.000009059906 7.49999983236194 142.199993133545 37.0000004768372 7.63112353160977 142.720848321915 -453.000009059906 7.99323339015245 143.117517232895 37.0000004768372 7.99323339015245 143.117517232895 -453.000009059906 8.500000461936 143.295451998711 37.0000004768372 8.500000461936 143.295451998711 -453.000009059906 8.90500005334616 -26.5999995172024 -40.6000018119812 8.62894579768181 -26.2975003570318 -40.6000018119812 9.20750014483929 -26.5189446508884 -40.6000018119812 8.40749964118004 -26.5189446508884 -40.6000018119812 8.10499954968691 -26.5999995172024 -40.6000018119812 8.70999973267317 -25.9949993342161 -40.6000018119812 8.70999973267317 -24.4999993592501 -40.6000018119812 9.51000023633242 -25.9949993342161 -40.6000018119812 9.42894537001848 -26.2975003570318 -40.6000018119812 9.51000023633242 -24.4999993592501 -40.6000018119812 8.2999998703599 -11.0999997705221 7.64867383986712 7.79999978840351 -11.0999997705221 -39.3315218389034 8.2999998703599 -11.0999997705221 -38.6486724019051 7.65329925343394 -11.0999997705221 -40.3999984264374 7.79999978840351 -11.0999997705221 -40.3999984264374 7.65329925343394 -11.0999997705221 9.4999996945262 7.79999978840351 -11.0999997705221 8.33152141422033 7.79999978840351 -11.0999997705221 9.4999996945262 7.79999978840351 -11.0999997705221 -40.3999984264374 7.57839949801564 -11.2678091973066 -40.3999984264374 7.49999983236194 -11.7124356329441 -40.3999984264374 7.79999978840351 -26.5174936503172 -40.3999984264374 7.49999983236194 -25.9949993342161 -40.3999984264374 7.65329925343394 -11.0999997705221 -40.3999984264374 7.58105469867587 -26.2975003570318 -40.3999984264374 7.79999978840351 -26.5174936503172 -40.3999984264374 7.79999978840351 -11.0999997705221 -39.3315218389034 7.79999978840351 -11.0999997705221 -40.3999984264374 7.79999978840351 -26.5174936503172 -39.3315218389034 8.2999998703599 -11.0999997705221 -38.6486724019051 8.10499954968691 -26.5999995172024 -38.9149859547615 8.2999998703599 -26.5999995172024 -38.6486724019051 7.79999978840351 -26.5174936503172 -39.3315218389034 7.79999978840351 -11.0999997705221 -39.3315218389034 7.80265918001533 -26.5190377831459 -39.3278896808624 8.2999998703599 -11.0999997705221 7.64867383986712 8.2999998703599 -15.650000423193 -6.50000013411045 8.2999998703599 -15.650000423193 6.50000013411045 8.2999998703599 -26.5999995172024 7.64867383986712 8.2999998703599 -22.350000217557 6.50000013411045 8.2999998703599 -22.350000217557 -24.4999993592501 8.2999998703599 -22.350000217557 -6.50000013411045 8.2999998703599 -15.650000423193 -24.4999993592501 8.2999998703599 -26.5999995172024 -38.6486724019051 8.2999998703599 -22.350000217557 -37.5000014901161 8.2999998703599 -11.0999997705221 -38.6486724019051 8.2999998703599 -15.650000423193 -37.5000014901161 8.10499954968691 -26.5999995172024 7.91498459875584 8.2999998703599 -11.0999997705221 7.64867383986712 8.2999998703599 -26.5999995172024 7.64867383986712 7.80265918001533 -26.5190377831459 8.32788925617933 7.79999978840351 -26.5174936503172 8.33152141422033 7.79999978840351 -11.0999997705221 8.33152141422033 7.79999978840351 -11.0999997705221 8.33152141422033 7.79999978840351 -26.5174936503172 9.4999996945262 7.79999978840351 -11.0999997705221 9.4999996945262 7.79999978840351 -26.5174936503172 8.33152141422033 8.70999973267317 -25.9949993342161 9.60000045597553 9.20750014483929 -26.5189446508884 9.60000045597553 9.42894537001848 -26.2975003570318 9.60000045597553 8.62894579768181 -26.2975003570318 9.60000045597553 8.90500005334616 -26.5999995172024 9.60000045597553 8.70999973267317 -24.4999993592501 9.60000045597553 9.51000023633242 -25.9949993342161 9.60000045597553 9.51000023633242 -24.4999993592501 9.60000045597553 8.40749964118004 -26.5189446508884 9.60000045597553 8.10499954968691 -26.5999995172024 9.60000045597553 8.10499954968691 -26.5999995172024 7.91498459875584 8.90500005334616 -26.5999995172024 9.60000045597553 8.10499954968691 -26.5999995172024 9.60000045597553 8.10499954968691 -26.5999995172024 -38.9149859547615 8.90500005334616 -26.5999995172024 -40.6000018119812 8.2999998703599 -26.5999995172024 -38.6486724019051 8.2999998703599 -26.5999995172024 7.64867383986712 8.10499954968691 -26.5999995172024 -40.6000018119812 9.42894537001848 -26.2975003570318 -40.6000018119812 9.20750014483929 -26.5189446508884 9.60000045597553 9.20750014483929 -26.5189446508884 -40.6000018119812 8.90500005334616 -26.5999995172024 9.60000045597553 9.42894537001848 -26.2975003570318 9.60000045597553 8.90500005334616 -26.5999995172024 -40.6000018119812 9.51000023633242 -25.9949993342161 -40.6000018119812 9.51000023633242 -25.9949993342161 9.60000045597553 9.51000023633242 -25.9949993342161 9.60000045597553 9.51000023633242 -24.4999993592501 -40.6000018119812 9.51000023633242 -24.4999993592501 9.60000045597553 9.51000023633242 -25.9949993342161 -40.6000018119812 9.90521162748337 -22.8786934167147 -448.500007390976 9.87831875681877 -23.0000000447035 37.0000004768372 9.87831875681877 -23.0000000447035 -453.000009059906 10.881120339036 -18.4766538441181 37.0000004768372 9.90883354097605 -22.8623561561108 -448.500007390976 10.881120339036 -18.4766538441181 -448.500007390976 9.90521162748337 -22.8786934167147 -453.000009059906 9.87831875681877 -23.0000000447035 -453.000009059906 8.70999973267317 -23.0000000447035 37.0000004768372 8.70999973267317 -23.0000000447035 -453.000009059906 9.87831875681877 -23.0000000447035 37.0000004768372 8.70999973267317 -25.9949993342161 -175.2869784832 8.70999973267317 -24.4999993592501 -40.6000018119812 8.70999973267317 -25.9949993342161 -105.858728289604 8.70999973267317 -23.0000000447035 37.0000004768372 8.70999973267317 -24.4999993592501 9.60000045597553 8.70999973267317 -25.9949993342161 37.0000004768372 8.70999973267317 -25.9949993342161 9.60000045597553 8.70999973267317 -25.9949993342161 -40.6000018119812 8.70999973267317 -23.0000000447035 -453.000009059906 8.70999973267317 -25.9949993342161 -383.571743965149 8.70999973267317 -25.9949993342161 -453.000009059906 8.70999973267317 -25.9949993342161 -314.143478870392 8.70999973267317 -25.9949993342161 -244.715243577957 8.40749964118004 -26.5189446508884 -40.6000018119812 8.62894579768181 -26.2975003570318 -105.858728289604 8.62894579768181 -26.2975003570318 -40.6000018119812 8.70999973267317 -25.9949993342161 -105.858728289604 8.70999973267317 -25.9949993342161 -40.6000018119812 8.10499954968691 -26.5999995172024 -40.6000018119812 8.40749964118004 -26.5189446508884 -105.858728289604 8.10499954968691 -26.5999995172024 -105.858728289604 7.58105469867587 -26.2975003570318 -105.858728289604 7.49999983236194 -25.9949993342161 -40.3999984264374 7.49999983236194 -25.9949993342161 -105.858728289604 7.79999978840351 -26.5174936503172 -40.3999984264374 7.80265918001533 -26.5190377831459 -39.3278896808624 7.79999978840351 -26.5174936503172 -39.3315218389034 7.58105469867587 -26.2975003570318 -40.3999984264374 7.80249992385507 -26.5189446508884 -105.858728289604 7.58105469867587 -26.2975003570318 -244.715243577957 7.49999983236194 -25.9949993342161 -175.2869784832 7.49999983236194 -25.9949993342161 -244.715243577957 7.49999983236194 -25.9949993342161 -383.571743965149 7.58105469867587 -26.2975003570318 -453.000009059906 7.58105469867587 -26.2975003570318 -383.571743965149 7.49999983236194 -25.9949993342161 -314.143478870392 7.58105469867587 -26.2975003570318 -314.143478870392 7.58105469867587 -26.2975003570318 -175.2869784832 7.80249992385507 -26.5189446508884 -453.000009059906 7.80249992385507 -26.5189446508884 -383.571743965149 7.80249992385507 -26.5189446508884 -314.143478870392 7.80249992385507 -26.5189446508884 -244.715243577957 7.80249992385507 -26.5189446508884 -175.2869784832 8.10499954968691 -26.5999995172024 -453.000009059906 8.10499954968691 -26.5999995172024 -383.571743965149 8.10499954968691 -26.5999995172024 -314.143478870392 8.10499954968691 -26.5999995172024 -244.715243577957 8.10499954968691 -26.5999995172024 -175.2869784832 8.40749964118004 -26.5189446508884 -453.000009059906 8.40749964118004 -26.5189446508884 -383.571743965149 8.40749964118004 -26.5189446508884 -314.143478870392 8.40749964118004 -26.5189446508884 -244.715243577957 8.40749964118004 -26.5189446508884 -175.2869784832 8.62894579768181 -26.2975003570318 -453.000009059906 8.62894579768181 -26.2975003570318 -383.571743965149 8.62894579768181 -26.2975003570318 -314.143478870392 7.49999983236194 -25.9949993342161 -453.000009059906 8.70999973267317 -25.9949993342161 -175.2869784832 8.62894579768181 -26.2975003570318 -175.2869784832 8.70999973267317 -25.9949993342161 -244.715243577957 8.62894579768181 -26.2975003570318 -244.715243577957 8.70999973267317 -25.9949993342161 -314.143478870392 8.70999973267317 -25.9949993342161 -383.571743965149 8.70999973267317 -25.9949993342161 -453.000009059906 8.10499954968691 -26.5999995172024 -38.9149859547615 8.10499954968691 -26.5999995172024 9.60000045597553 7.80265918001533 -26.5190377831459 8.32788925617933 8.10499954968691 -26.5999995172024 7.91498459875584 7.49999983236194 -25.9949993342161 37.0000004768372 7.58105469867587 -26.2975003570318 9.4999996945262 7.58105469867587 -26.2975003570318 37.0000004768372 7.79999978840351 -26.5174936503172 9.4999996945262 7.79999978840351 -26.5174936503172 8.33152141422033 7.80249992385507 -26.5189446508884 37.0000004768372 8.10499954968691 -26.5999995172024 37.0000004768372 8.40749964118004 -26.5189446508884 9.60000045597553 8.40749964118004 -26.5189446508884 37.0000004768372 8.62894579768181 -26.2975003570318 9.60000045597553 8.62894579768181 -26.2975003570318 37.0000004768372 8.70999973267317 -25.9949993342161 9.60000045597553 8.70999973267317 -25.9949993342161 37.0000004768372 7.49999983236194 -25.9949993342161 9.4999996945262 7.49999983236194 -11.7124356329441 -61.0000006854534 7.49999983236194 -25.9949993342161 -40.3999984264374 7.49999983236194 -11.7124356329441 -40.3999984264374 7.49999983236194 -11.7124356329441 -453.000009059906 7.49999983236194 -25.9949993342161 -383.571743965149 7.49999983236194 -11.7124356329441 -354.999989271164 7.49999983236194 -25.9949993342161 -105.858728289604 7.49999983236194 -11.7124356329441 -158.999994397163 7.49999983236194 -11.7124356329441 -256.999999284744 7.49999983236194 -25.9949993342161 -175.2869784832 7.49999983236194 -25.9949993342161 -244.715243577957 7.49999983236194 -25.9949993342161 -314.143478870392 7.49999983236194 -25.9949993342161 -453.000009059906 7.49999983236194 -11.7124356329441 37.0000004768372 7.49999983236194 -25.9949993342161 9.4999996945262 7.49999983236194 -25.9949993342161 37.0000004768372 7.49999983236194 -11.7124356329441 9.4999996945262 8.15000012516975 -10.5866026133299 -61.0000006854534 7.8041423112154 -10.8768120408058 -158.999994397163 7.8041423112154 -10.8768120408058 -61.0000006854534 8.15000012516975 -10.5866026133299 -256.999999284744 7.8041423112154 -10.8768120408058 -354.999989271164 7.8041423112154 -10.8768120408058 -256.999999284744 7.57839949801564 -11.2678091973066 -453.000009059906 7.57839949801564 -11.2678091973066 -354.999989271164 7.57839949801564 -11.2678091973066 -256.999999284744 7.57839949801564 -11.2678091973066 -158.999994397163 8.15000012516975 -10.5866026133299 37.0000004768372 7.8041423112154 -10.8768120408058 37.0000004768372 8.15000012516975 -10.5866026133299 -158.999994397163 8.15000012516975 -10.5866026133299 -354.999989271164 7.8041423112154 -10.8768120408058 -453.000009059906 7.57839949801564 -11.2678091973066 -61.0000006854534 7.49999983236194 -11.7124356329441 -453.000009059906 7.49999983236194 -11.7124356329441 -354.999989271164 7.49999983236194 -11.7124356329441 -256.999999284744 7.49999983236194 -11.7124356329441 -158.999994397163 7.49999983236194 -11.7124356329441 -61.0000006854534 7.57839949801564 -11.2678091973066 -40.3999984264374 7.49999983236194 -11.7124356329441 -40.3999984264374 7.57839949801564 -11.2678091973066 37.0000004768372 7.65329925343394 -11.0999997705221 9.4999996945262 7.57839949801564 -11.2678091973066 9.4999996945262 7.49999983236194 -11.7124356329441 9.4999996945262 7.49999983236194 -11.7124356329441 37.0000004768372 7.65329925343394 -11.0999997705221 -40.3999984264374 8.15000012516975 -10.5866026133299 -453.000009059906 8.19781515747309 -10.5207907035947 -453.000009059906 8.1809014081955 -10.5587784200907 37.0000004768372 8.19781515747309 -10.5207907035947 37.0000004768372 8.15000012516975 -10.5866026133299 -61.0000006854534 8.15000012516975 -10.5866026133299 -158.999994397163 8.15000012516975 -10.5866026133299 37.0000004768372 8.15000012516975 -10.5866026133299 -256.999999284744 8.1809014081955 -10.5587784200907 -453.000009059906 8.15000012516975 -10.5866026133299 -354.999989271164 8.15000012516975 -10.5866026133299 -453.000009059906 8.19781515747309 -10.4792090132833 -453.000009059906 8.19781515747309 -10.4792090132833 37.0000004768372 8.1809014081955 -10.4412212967873 -453.000009059906 8.1809014081955 -10.4412212967873 37.0000004768372 8.15000012516975 -10.413397103548 -453.000009059906 8.15000012516975 -10.413397103548 37.0000004768372 7.57839949801564 -9.7321905195713 -453.000009059906 7.49999983236194 -9.28756408393383 37.0000004768372 7.49999983236194 -9.28756408393383 -453.000009059906 7.8041423112154 -10.1231886073947 -453.000009059906 7.57839949801564 -9.7321905195713 37.0000004768372 8.15000012516975 -10.413397103548 -453.000009059906 7.8041423112154 -10.1231886073947 37.0000004768372 8.15000012516975 -10.413397103548 37.0000004768372 7.49999983236194 142.199993133545 37.0000004768372 7.49999983236194 -9.28756408393383 -453.000009059906 7.49999983236194 -9.28756408393383 37.0000004768372 7.49999983236194 142.199993133545 -453.000009059906 9.39999986439943 -15.650000423193 -6.50000013411045 9.39999986439943 -22.350000217557 6.50000013411045 9.39999986439943 -15.650000423193 6.50000013411045 9.39999986439943 -22.350000217557 -6.50000013411045 8.2999998703599 -22.350000217557 -6.50000013411045 9.39999986439943 -22.350000217557 6.50000013411045 9.39999986439943 -22.350000217557 -6.50000013411045 8.2999998703599 -22.350000217557 6.50000013411045 9.39999986439943 -22.350000217557 -6.50000013411045 8.2999998703599 -15.650000423193 -6.50000013411045 8.2999998703599 -22.350000217557 -6.50000013411045 9.39999986439943 -15.650000423193 -6.50000013411045 9.39999986439943 -15.650000423193 -6.50000013411045 8.2999998703599 -15.650000423193 6.50000013411045 8.2999998703599 -15.650000423193 -6.50000013411045 9.39999986439943 -15.650000423193 6.50000013411045 9.39999986439943 -15.650000423193 6.50000013411045 8.2999998703599 -22.350000217557 6.50000013411045 8.2999998703599 -15.650000423193 6.50000013411045 9.39999986439943 -22.350000217557 6.50000013411045 9.39999986439943 -22.350000217557 -37.5000014901161 9.39999986439943 -15.650000423193 -24.4999993592501 9.39999986439943 -15.650000423193 -37.5000014901161 9.39999986439943 -22.350000217557 -24.4999993592501 8.2999998703599 -22.350000217557 -37.5000014901161 9.39999986439943 -22.350000217557 -24.4999993592501 9.39999986439943 -22.350000217557 -37.5000014901161 8.2999998703599 -22.350000217557 -24.4999993592501 9.39999986439943 -22.350000217557 -37.5000014901161 8.2999998703599 -15.650000423193 -37.5000014901161 8.2999998703599 -22.350000217557 -37.5000014901161 9.39999986439943 -15.650000423193 -37.5000014901161 9.39999986439943 -15.650000423193 -37.5000014901161 8.2999998703599 -15.650000423193 -24.4999993592501 8.2999998703599 -15.650000423193 -37.5000014901161 9.39999986439943 -15.650000423193 -24.4999993592501 9.39999986439943 -15.650000423193 -24.4999993592501 8.2999998703599 -22.350000217557 -24.4999993592501 8.2999998703599 -15.650000423193 -24.4999993592501 9.39999986439943 -22.350000217557 -24.4999993592501 7.49999983236194 -25.9949993342161 9.4999996945262 7.79999978840351 -26.5174936503172 9.4999996945262 7.58105469867587 -26.2975003570318 9.4999996945262 7.57839949801564 -11.2678091973066 9.4999996945262 7.79999978840351 -11.0999997705221 9.4999996945262 7.49999983236194 -11.7124356329441 9.4999996945262 7.65329925343394 -11.0999997705221 9.4999996945262 9.51000023633242 -24.4999993592501 -40.6000018119812 8.70999973267317 -24.4999993592501 9.60000045597553 9.51000023633242 -24.4999993592501 9.60000045597553 8.70999973267317 -24.4999993592501 -40.6000018119812</float_array><technique_common><accessor count="1983" source="#bau0026152251-mesh-positions-array" stride="3"><param name="X" type="float" /><param name="Y" type="float" /><param name="Z" type="float" /></accessor></technique_common></source><source id="bau0026152251-mesh-normals"><float_array id="bau0026152251-mesh-normals-array" count="5949">-1.48266963193108E-16 -0.5 0.866025388240814 -5.8122247646747E-31 -1.96005393346247E-15 1 -5.8122247646747E-31 -1.96005393346247E-15 1 1.48266963193108E-16 0.5 0.866025388240814 1.48266963193108E-16 0.5 0.866025388240814 2.56805910638062E-16 0.866025388240814 0.5 2.56805910638062E-16 0.866025388240814 0.5 2.96533926386216E-16 1 0 2.96533926386216E-16 1 0 -1.48266963193108E-16 -0.5 0.866025388240814 -2.56805910638062E-16 -0.866025388240814 0.5 -2.56805910638062E-16 -0.866025388240814 0.5 -2.96533926386216E-16 -1 -1.22464685258517E-16 -2.96533926386216E-16 -1 -1.22464685258517E-16 -2.56805910638062E-16 -0.866025388240814 -0.5 -2.56805910638062E-16 -0.866025388240814 -0.5 -1.48266963193108E-16 -0.5 -0.866025388240814 -1.48266963193108E-16 -0.5 -0.866025388240814 1.49844978631664E-31 5.05321539244431E-16 -1 1.49844978631664E-31 5.05321539244431E-16 -1 1.48266963193108E-16 0.5 -0.866025388240814 1.48266963193108E-16 0.5 -0.866025388240814 2.56805910638062E-16 0.866025388240814 -0.5 2.56805910638062E-16 0.866025388240814 -0.5 -2.96533926386216E-16 -1 -1.22464685258517E-16 -2.56805910638062E-16 -0.866025388240814 -0.5 -2.56805910638062E-16 -0.866025388240814 -0.5 -1.48266963193108E-16 -0.5 -0.866025388240814 1.49844978631664E-31 5.05321539244431E-16 -1 1.49844978631664E-31 5.05321539244431E-16 -1 -2.56805910638062E-16 -0.866025388240814 0.5 -2.96533926386216E-16 -1 -1.22464685258517E-16 -1.48266963193108E-16 -0.5 0.866025388240814 -2.56805910638062E-16 -0.866025388240814 0.5 -5.8122247646747E-31 -1.96005393346247E-15 1 -1.48266963193108E-16 -0.5 0.866025388240814 1.48266963193108E-16 0.5 0.866025388240814 -5.8122247646747E-31 -1.96005393346247E-15 1 2.56805910638062E-16 0.866025388240814 0.5 1.48266963193108E-16 0.5 0.866025388240814 2.96533926386216E-16 1 0 2.56805910638062E-16 0.866025388240814 0.5 2.56805910638062E-16 0.866025388240814 -0.5 2.96533926386216E-16 1 0 1.48266963193108E-16 0.5 -0.866025388240814 1.48266963193108E-16 0.5 -0.866025388240814 2.56805910638062E-16 0.866025388240814 -0.5 -1.48266963193108E-16 -0.5 -0.866025388240814 2.96533926386216E-16 1 0 2.56805910638062E-16 0.866025388240814 -0.5 2.56805910638062E-16 0.866025388240814 -0.5 1.48266963193108E-16 0.5 -0.866025388240814 1.48266963193108E-16 0.5 -0.866025388240814 1.49844978631664E-31 5.05321539244431E-16 -1 1.49844978631664E-31 5.05321539244431E-16 -1 -1.48266963193108E-16 -0.5 -0.866025388240814 -1.48266963193108E-16 -0.5 -0.866025388240814 -2.56805910638062E-16 -0.866025388240814 -0.5 -2.56805910638062E-16 -0.866025388240814 -0.5 -2.96533926386216E-16 -1 -1.22464685258517E-16 -2.96533926386216E-16 -1 -1.22464685258517E-16 -2.56805910638062E-16 -0.866025388240814 0.5 -2.56805910638062E-16 -0.866025388240814 0.5 -1.48266963193108E-16 -0.5 0.866025388240814 -1.48266963193108E-16 -0.5 0.866025388240814 -5.8122247646747E-31 -1.96005393346247E-15 1 -5.8122247646747E-31 -1.96005393346247E-15 1 1.48266963193108E-16 0.5 0.866025388240814 1.48266963193108E-16 0.5 0.866025388240814 2.56805910638062E-16 0.866025388240814 0.5 2.56805910638062E-16 0.866025388240814 0.5 2.96533926386216E-16 1 0 -2.56805910638062E-16 -0.866025388240814 0.5 -1.48266963193108E-16 -0.5 0.866025388240814 -1.48266963193108E-16 -0.5 0.866025388240814 -5.8122247646747E-31 -1.96005393346247E-15 1 1.48266963193108E-16 0.5 0.866025388240814 1.48266963193108E-16 0.5 0.866025388240814 2.56805910638062E-16 0.866025388240814 0.5 2.56805910638062E-16 0.866025388240814 0.5 2.96533926386216E-16 1 0 2.96533926386216E-16 1 0 -2.96533926386216E-16 -1 -1.22464685258517E-16 -2.56805910638062E-16 -0.866025388240814 0.5 -5.8122247646747E-31 -1.96005393346247E-15 1 -2.96533926386216E-16 -1 -1.22464685258517E-16 -2.56805910638062E-16 -0.866025388240814 -0.5 -1.48266963193108E-16 -0.5 -0.866025388240814 -2.56805910638062E-16 -0.866025388240814 -0.5 1.49844978631664E-31 5.05321539244431E-16 -1 -1.48266963193108E-16 -0.5 -0.866025388240814 1.48266963193108E-16 0.5 -0.866025388240814 1.49844978631664E-31 5.05321539244431E-16 -1 2.56805910638062E-16 0.866025388240814 -0.5 1.48266963193108E-16 0.5 -0.866025388240814 2.56805910638062E-16 0.866025388240814 -0.5 -3.17847442342287E-31 -1.07187540788323E-15 1 -1.48266963193108E-16 -0.5 0.866025388240814 -1.48266963193108E-16 -0.5 0.866025388240814 -2.56805910638062E-16 -0.866025388240814 0.5 -2.56805910638062E-16 -0.866025388240814 0.5 -2.96533926386216E-16 -1 -1.22464685258517E-16 -2.96533926386216E-16 -1 -1.22464685258517E-16 -2.56805910638062E-16 -0.866025388240814 -0.5 -2.56805910638062E-16 -0.866025388240814 -0.5 1.48266963193108E-16 0.5 0.866025388240814 -3.17847442342287E-31 -1.07187540788323E-15 1 -1.48266963193108E-16 -0.5 -0.866025388240814 2.15688731285488E-31 7.27366144169463E-16 -1 2.15688731285488E-31 7.27366144169463E-16 -1 1.48266963193108E-16 0.5 -0.866025388240814 1.48266963193108E-16 0.5 -0.866025388240814 2.56805910638062E-16 0.866025388240814 -0.5 2.56805910638062E-16 0.866025388240814 -0.5 2.96533926386216E-16 1 0 2.96533926386216E-16 1 0 -1.48266963193108E-16 -0.5 -0.866025388240814 2.56805910638062E-16 0.866025388240814 0.5 1.48266963193108E-16 0.5 0.866025388240814 2.56805910638062E-16 0.866025388240814 0.5 -3.17847442342287E-31 -1.07187540788323E-15 1 -1.48266963193108E-16 -0.5 0.866025388240814 -1.48266963193108E-16 -0.5 0.866025388240814 -2.56805910638062E-16 -0.866025388240814 0.5 -2.56805910638062E-16 -0.866025388240814 0.5 -2.96533926386216E-16 -1 -1.22464685258517E-16 -2.96533926386216E-16 -1 -1.22464685258517E-16 -2.56805910638062E-16 -0.866025388240814 -0.5 -2.56805910638062E-16 -0.866025388240814 -0.5 1.48266963193108E-16 0.5 0.866025388240814 -3.17847442342287E-31 -1.07187540788323E-15 1 -1.48266963193108E-16 -0.5 -0.866025388240814 2.15688731285488E-31 7.27366144169463E-16 -1 2.15688731285488E-31 7.27366144169463E-16 -1 1.48266963193108E-16 0.5 -0.866025388240814 1.48266963193108E-16 0.5 -0.866025388240814 2.56805910638062E-16 0.866025388240814 -0.5 2.56805910638062E-16 0.866025388240814 -0.5 2.96533926386216E-16 1 0 2.96533926386216E-16 1 0 2.56805910638062E-16 0.866025388240814 0.5 1.48266963193108E-16 0.5 0.866025388240814 2.56805910638062E-16 0.866025388240814 0.5 -1.48266963193108E-16 -0.5 -0.866025388240814 0 -1 0 0 -1 0 0 -1 0 0 -1 0 0 -1 0 1 -2.96533926386216E-16 0 1 -2.96533926386216E-16 0 1 -2.96533926386216E-16 0 1 -2.96533926386216E-16 0 1 -2.96533926386216E-16 0 1 -2.96533926386216E-16 0 1 -2.96533926386216E-16 0 1 -2.96533926386216E-16 0 1 -2.96533926386216E-16 0 1 -2.96533926386216E-16 0 1 -2.96533926386216E-16 0 1 -2.96533926386216E-16 0 1 -2.96533926386216E-16 0 1 -2.96533926386216E-16 0 1 -2.96533926386216E-16 0 1 -2.96533926386216E-16 0 1 -2.96533926386216E-16 0 1 -2.96533926386216E-16 0 1 -2.96533926386216E-16 0 1 -2.96533926386216E-16 0 1 -2.96533926386216E-16 0 1 -2.96533926386216E-16 0 1 -2.96533926386216E-16 0 1 -2.96533926386216E-16 0 1 -2.96533926386216E-16 0 1 -2.96533926386216E-16 0 1 -2.96533926386216E-16 0 1 -2.96533926386216E-16 0 1 -2.96533926386216E-16 0 1 -2.96533926386216E-16 0 1 -2.96533926386216E-16 0 1 -2.96533926386216E-16 0 1 -2.96533926386216E-16 0 1 -2.96533926386216E-16 0 1 -2.96533926386216E-16 0 1 -2.96533926386216E-16 0 1 -2.96533926386216E-16 0 1 -2.96533926386216E-16 0 1 -2.96533926386216E-16 0 1 -2.96533926386216E-16 0 1 -2.96533926386216E-16 0 1 -2.96533926386216E-16 0 1 -2.96533926386216E-16 0 1 -2.96533926386216E-16 0 1 -2.96533926386216E-16 0 1 -2.96533926386216E-16 0 1 -2.96533926386216E-16 0 1 -2.96533926386216E-16 0 1 -2.96533926386216E-16 0 1 -2.96533926386216E-16 0 1 -2.96533926386216E-16 0 1 -2.96533926386216E-16 0 1 -2.96533926386216E-16 0 1 -2.96533926386216E-16 0 1 -2.96533926386216E-16 0 1 -2.96533926386216E-16 0 1 -2.96533926386216E-16 0 1 -2.96533926386216E-16 0 1 -2.96533926386216E-16 0 1 -2.96533926386216E-16 0 1 -2.96533926386216E-16 0 1 -2.96533926386216E-16 0 1 -2.96533926386216E-16 0 1 -2.96533926386216E-16 0 1 -2.96533926386216E-16 0 1 -2.96533926386216E-16 0 1 -2.96533926386216E-16 0 1 -2.96533926386216E-16 0 1 -2.96533926386216E-16 0 1 -2.96533926386216E-16 0 1 -2.96533926386216E-16 0 1 -2.96533926386216E-16 0 1 -2.96533926386216E-16 0 1 -2.96533926386216E-16 0 1 -2.96533926386216E-16 0 1 -2.96533926386216E-16 0 1 -2.96533926386216E-16 0 1 -2.96533926386216E-16 0 1 -2.96533926386216E-16 0 1 -2.96533926386216E-16 0 1 -2.96533926386216E-16 0 1 -2.96533926386216E-16 0 1 -2.96533926386216E-16 0 1 -2.96533926386216E-16 0 1 -2.96533926386216E-16 0 1 -2.96533926386216E-16 0 1 -2.96533926386216E-16 0 1 -2.96533926386216E-16 0 1 -2.96533926386216E-16 0 1 -2.96533926386216E-16 0 1 -2.96533926386216E-16 0 1 -2.96533926386216E-16 0 1 -2.96533926386216E-16 0 1 -2.96533926386216E-16 0 1 -2.96533926386216E-16 0 1 -2.96533926386216E-16 0 1 -2.96533926386216E-16 0 1 -2.96533926386216E-16 0 1 -2.96533926386216E-16 0 1 -2.96533926386216E-16 0 1 -2.96533926386216E-16 0 1 -2.96533926386216E-16 0 1 -2.96533926386216E-16 0 1 -2.96533926386216E-16 0 1 -2.96533926386216E-16 0 1 -2.96533926386216E-16 0 1 -2.96533926386216E-16 0 1 -2.96533926386216E-16 0 2.96533926386216E-16 1 0 2.96533926386216E-16 1 0 2.96533926386216E-16 1 0 2.96533926386216E-16 1 0 2.96533926386216E-16 1 0 2.96533926386216E-16 1 0 2.96533926386216E-16 1 0 0 0 -1 0 0 -1 0 0 -1 0 0 -1 0 0 -1 0 0 -1 0 0 -1 0 0 -1 0 0 -1 0 0 -1 0 0 -1 0 0 -1 0 0 -1 0 0 -1 0 0 -1 0 0 -1 0 -1 0 0 -1 0 0 -1 0 0 -1 0 0 -1 0 0 -1 0 0 -1 0 0 -1 0 0 -1 0 0 -1 0 0 -1 0 0 -1 0 0 -1 0 0 -1 0 0 -1 0 0 -1 0 0 -1 0 0 -1 0 0 -1 0 0 -1 0 0 -1 0 0 -1 0 0 -1 0 0.481120467185974 -0.876654505729675 0 0.756680250167847 -0.653785109519958 0 0.756680250167847 -0.653785109519958 0 1 0 0 0.937198042869568 -0.348797738552094 0 1 0 0 1 0 0 0.937198042869568 -0.348797738552094 0 1 0 0 1 0 0 1 0 0 1 0 0 1 0 0 1 0 0 0.481120467185974 -0.876654505729675 0 0 -1 0 0 -1 0 0 -1 0 0 -1 0 0 0 1 0 0 1 0 0 1 0 0 1 0 0 1 0 0 1 0 0 1 0 0 1 0 0 1 0 0 1 0 0 1 0 0 1 0 0 1 0 0 1 0 0 1 0 0 1 0 0 1 0 0 1 0 0 1 0 0 1 0 0 1 0 0 1 0 0 1 0 0 1 0 0 1 0 0 1 0 0 1 0 0 1 0 0 1 0 0 1 0 0 1 0 0 1 0 0 1 0 0 1 0 0 1 0 0 1 0 0 1 0 0 1 0 0 1 0 0 1 0 0 1 0 0 1 0 0 1 0 0 1 0 0 1 0 0 1 0 0 1 0 0 1 0 0 1 0 0 1 0 0 1 0 0 1 0 0 1 0 0 1 0 0 1 0 0 1 0 0 1 0 0 1 0 0 1 0 0 1 0 0 1 0 0 1 0 0 1 0 0 1 0 0 1 0 0 1 0 0 1 0 0 1 0 0 1 0 0 1 0 0 1 0 0 1 0 0 1 0 0 1 0 0 1 0 0 1 0 0 1 0 0 1 0 0 1 0 0 1 0 0 1 0 0 1 0 0 1 0.939692616462708 -0.342020153999329 0 0.939692616462708 -0.342020153999329 0 0.939692616462708 -0.342020153999329 0 0.939692616462708 -0.342020153999329 0 0.342020153999329 0.939692616462708 0 0.342020153999329 0.939692616462708 0 0.342020153999329 0.939692616462708 0 0.342020153999329 0.939692616462708 0 -1.83697014652885E-16 1 0 -1.83697014652885E-16 1 0 -1.83697014652885E-16 1 0 -1.83697014652885E-16 1 0 -1.83697014652885E-16 1 0 -1.83697014652885E-16 1 0 -1.83697014652885E-16 1 0 -1.83697014652885E-16 1 0 -1.83697014652885E-16 1 0 -1.83697014652885E-16 1 0 -1.83697014652885E-16 1 0 -1.83697014652885E-16 1 0 -1.83697014652885E-16 1 0 -1.83697014652885E-16 1 0 -1.83697014652885E-16 1 0 -1.83697014652885E-16 1 0 -1.83697014652885E-16 1 0 -1.83697014652885E-16 1 0 -1.83697014652885E-16 1 0 -1.83697014652885E-16 1 0 -1.83697014652885E-16 1 0 -1.83697014652885E-16 1 0 -1.83697014652885E-16 1 0 -1.83697014652885E-16 1 0 -1.83697014652885E-16 1 0 -1.83697014652885E-16 1 0 -1.83697014652885E-16 1 0 -1.83697014652885E-16 1 0 -1.83697014652885E-16 1 0 -1.83697014652885E-16 1 0 -1.83697014652885E-16 1 0 -1.83697014652885E-16 1 0 -1.83697014652885E-16 1 0 -1.83697014652885E-16 1 0 -1.83697014652885E-16 1 0 -1.83697014652885E-16 1 0 -1.83697014652885E-16 1 0 -1.83697014652885E-16 1 0 -1.83697014652885E-16 1 0 -1.83697014652885E-16 1 0 -1.83697014652885E-16 1 0 -1.83697014652885E-16 1 0 -1.83697014652885E-16 1 0 -1.83697014652885E-16 1 0 -1.83697014652885E-16 1 0 -1.83697014652885E-16 1 0 -1.83697014652885E-16 1 0 -1.83697014652885E-16 1 0 -1.83697014652885E-16 1 0 -1.83697014652885E-16 1 0 -1.83697014652885E-16 1 0 -1.83697014652885E-16 1 0 1 -2.96533926386216E-16 0 1 -2.96533926386216E-16 0 1 -2.96533926386216E-16 0 1 -2.96533926386216E-16 0 -1 0 0 -1 0 0 -1 0 0 -1 0 0 -0.884774029254913 -0.466020286083221 0 -0.565650224685669 -0.824645280838013 0 -0.565650224685669 -0.824645280838013 0 -0.116171188652515 -0.99322921037674 0 -0.116171188652515 -0.99322921037674 0 0.360079705715179 -0.932921528816223 0 0.360079705715179 -0.932921528816223 0 0.753349542617798 -0.657620310783386 0 0.753349542617798 -0.657620310783386 0 0.973008513450623 -0.230769231915474 0 0.973008513450623 -0.230769231915474 0 -0.884774029254913 -0.466020286083221 0 -1 0 0 -1 0 0 0 -1 0 0 -1 0 0 -1 0 0 -1 0 0 -1 0 0 -1 0 0 -1 0 0 -1 0 0 -1 0 0 -1 0 0 -1 0 0 -1 0 0 -1 0 0 -1 0 0 -1 0 0 -1 0 0 -1 0 0 -1 0 0 -1 0 0 -1 0 0 -1 0 0 -1 0 0 -1 0 0 -1 0 0 -1 0 0 -1 0 0 -1 0 0 -1 0 0 -1 0 0 -1 0 0 -1 0 0 -1 0 0 -1 0 0 -1 0 0 -1 0 0 -1 0 0 -1 0 0 -1 0 0 -1 0 0 -1 0 0 -1 0 0 -1 0 0 -1 0 0 -1 0 0 -1 0 0 -1 0 0 -1 0 0 -1 0 0 -1 0 0 -1 0 0 -1 0 0 -1 0 -0.342020153999329 -0.939692616462708 0 -0.342020153999329 -0.939692616462708 0 -0.342020153999329 -0.939692616462708 0 -0.342020153999329 -0.939692616462708 0 0 0 1 0 0 1 0 0 1 0 0 1 0 0 1 0 0 1 0 0 1 0 0 1 0 0 1 0 0 1 0 0 1 0 0 1 0 0 1 0 0 1 0 0 1 0 0 1 0 0 1 0.866025388240814 1.03829258969763E-16 -0.5 1 1.19891703567224E-16 -2.44929370517034E-16 0.866025388240814 1.03829258969763E-16 -0.5 0.5 5.99458517836118E-17 -0.866025388240814 0.5 5.99458517836118E-17 -0.866025388240814 -1.83697014652885E-16 -2.20237477122675E-32 -1 -1.83697014652885E-16 -2.20237477122675E-32 -1 -0.5 -5.99458517836118E-17 -0.866025388240814 -0.5 -5.99458517836118E-17 -0.866025388240814 -0.866025388240814 -1.03829258969763E-16 -0.5 -0.866025388240814 -1.03829258969763E-16 -0.5 -1 -1.19891703567224E-16 1.22464685258517E-16 -1 -1.19891703567224E-16 1.22464685258517E-16 -0.866025388240814 -1.03829258969763E-16 0.5 -0.866025388240814 -1.03829258969763E-16 0.5 -0.5 -5.99458517836118E-17 0.866025388240814 -0.5 -5.99458517836118E-17 0.866025388240814 2.832769343194E-16 3.39625532306384E-32 1 2.832769343194E-16 3.39625532306384E-32 1 0.5 5.99458517836118E-17 0.866025388240814 0.5 5.99458517836118E-17 0.866025388240814 0.866025388240814 1.03829258969763E-16 0.5 0.866025388240814 1.03829258969763E-16 0.5 1 1.19891703567224E-16 -2.44929370517034E-16 0.866025388240814 1.03829258969763E-16 -0.5 1 1.19891703567224E-16 -2.44929370517034E-16 0.866025388240814 1.03829258969763E-16 -0.5 0.5 5.99458517836118E-17 -0.866025388240814 0.5 5.99458517836118E-17 -0.866025388240814 -1.83697014652885E-16 -2.20237477122675E-32 -1 -1.83697014652885E-16 -2.20237477122675E-32 -1 -0.5 -5.99458517836118E-17 -0.866025388240814 -0.5 -5.99458517836118E-17 -0.866025388240814 -0.866025388240814 -1.03829258969763E-16 -0.5 -0.866025388240814 -1.03829258969763E-16 -0.5 -1 -1.19891703567224E-16 1.22464685258517E-16 -1 -1.19891703567224E-16 1.22464685258517E-16 -0.866025388240814 -1.03829258969763E-16 0.5 -0.866025388240814 -1.03829258969763E-16 0.5 -0.5 -5.99458517836118E-17 0.866025388240814 -0.5 -5.99458517836118E-17 0.866025388240814 2.832769343194E-16 3.39625532306384E-32 1 2.832769343194E-16 3.39625532306384E-32 1 0.5 5.99458517836118E-17 0.866025388240814 0.5 5.99458517836118E-17 0.866025388240814 0.866025388240814 1.03829258969763E-16 0.5 0.866025388240814 1.03829258969763E-16 0.5 1 1.19891703567224E-16 -2.44929370517034E-16 0.5 5.99458517836118E-17 -0.866025388240814 0.866025388240814 1.03829258969763E-16 -0.5 0.5 5.99458517836118E-17 -0.866025388240814 -1.83697014652885E-16 -2.20237477122675E-32 -1 -1.83697014652885E-16 -2.20237477122675E-32 -1 -0.5 -5.99458517836118E-17 -0.866025388240814 -0.5 -5.99458517836118E-17 -0.866025388240814 -0.866025388240814 -1.03829258969763E-16 -0.5 -0.866025388240814 -1.03829258969763E-16 -0.5 -1 -1.19891703567224E-16 1.22464685258517E-16 -1 -1.19891703567224E-16 1.22464685258517E-16 -0.866025388240814 -1.03829258969763E-16 0.5 -0.866025388240814 -1.03829258969763E-16 0.5 -0.5 -5.99458517836118E-17 0.866025388240814 -0.5 -5.99458517836118E-17 0.866025388240814 2.832769343194E-16 3.39625532306384E-32 1 2.832769343194E-16 3.39625532306384E-32 1 0.5 5.99458517836118E-17 0.866025388240814 0.5 5.99458517836118E-17 0.866025388240814 0.866025388240814 1.03829258969763E-16 0.5 0.866025388240814 1.03829258969763E-16 0.5 1 1.19891703567224E-16 -2.44929370517034E-16 1 1.19891703567224E-16 -2.44929370517034E-16 0.866025388240814 1.03829258969763E-16 -0.5 1 1.19891703567224E-16 -2.44929370517034E-16 0.866025388240814 1.03829258969763E-16 -0.5 1 1.19891703567224E-16 -2.44929370517034E-16 0.866025388240814 1.03829258969763E-16 -0.5 0.5 5.99458517836118E-17 -0.866025388240814 0.5 5.99458517836118E-17 -0.866025388240814 -1.83697014652885E-16 -2.20237477122675E-32 -1 -1.83697014652885E-16 -2.20237477122675E-32 -1 -0.5 -5.99458517836118E-17 -0.866025388240814 -0.5 -5.99458517836118E-17 -0.866025388240814 -0.866025388240814 -1.03829258969763E-16 -0.5 -0.866025388240814 -1.03829258969763E-16 -0.5 -1 -1.19891703567224E-16 5.665538686388E-16 -1 -1.19891703567224E-16 5.665538686388E-16 -0.866025388240814 -1.03829258969763E-16 0.5 -0.866025388240814 -1.03829258969763E-16 0.5 -0.5 -5.99458517836118E-17 0.866025388240814 -0.5 -5.99458517836118E-17 0.866025388240814 2.832769343194E-16 3.39625532306384E-32 1 2.832769343194E-16 3.39625532306384E-32 1 0.5 5.99458517836118E-17 0.866025388240814 0.5 5.99458517836118E-17 0.866025388240814 0.866025388240814 1.03829258969763E-16 0.5 0.866025388240814 1.03829258969763E-16 0.5 0 0 -1 0 0 -1 0 0 -1 0 0 -1 0 0 -1 -1 0 0 -1 0 0 -1 0 0 -1 0 0 0 0 1 0 0 1 0 0 1 0 0 1 1 0 0 1 0 0 1 0 0 1 0 0 0 0 -1 0 0 -1 0 0 -1 0 0 -1 0 -1 0 0 -1 0 0 -1 0 0 -1 0 -0.0523359552025795 -0.998629510402679 0 -0.0523359552025795 -0.998629510402679 0 -0.0523359552025795 -0.998629510402679 0 -0.0523359552025795 -0.998629510402679 0 -0.0523359552025795 -0.998629510402679 0 0 0 1 0 0 1 0 0 1 0 0 1 0 0 1 1 -2.96533926386216E-16 0 1 -2.96533926386216E-16 0 1 -2.96533926386216E-16 0 1 -2.96533926386216E-16 0 0 0 1 0 0 1 0 0 1 0 0 1 1 -2.96533926386216E-16 0 1 -2.96533926386216E-16 0 1 -2.96533926386216E-16 0 1 -2.96533926386216E-16 0 0 0 -1 0 0 -1 0 0 -1 0 0 -1 1 0 0 1 0 0 1 0 0 1 0 0 0 0 -1 0 0 -1 0 0 -1 0 0 -1 0 0 -1 0 -1 0 0 -1 0 0 -1 0 0 -1 0 0 -1 0 0 -1 0 0 -1 0 0 -1 0 2.96533926386216E-16 1 0 2.96533926386216E-16 1 0 2.96533926386216E-16 1 0 2.96533926386216E-16 1 0 0 0 -1 0 0 -1 0 0 -1 0 0 -1 -0.866025388240814 -0.5 0 -0.5 -0.866025388240814 0 -0.866025388240814 -0.5 0 6.12323426292584E-17 1 0 -0.5 0.866025388240814 0 6.12323426292584E-17 1 0 1 -2.44929370517034E-16 0 0.866025388240814 -0.5 0 1 -2.44929370517034E-16 0 0.866025388240814 -0.5 0 0.5 -0.866025388240814 0 -0.5 0.866025388240814 0 -0.866025388240814 0.5 0 -1 1.01064307848886E-15 0 -1 1.01064307848886E-15 0 0.5 0.866025388240814 0 0.5 0.866025388240814 0 0.866025388240814 0.5 0 0.866025388240814 0.5 0 -0.866025388240814 0.5 0 -0.5 -0.866025388240814 0 -1.07187540788323E-15 -1 0 -1.07187540788323E-15 -1 0 0.5 -0.866025388240814 0 0 0 1 0 0 1 0 0 1 0 0 1 0 0 1 0 0 1 0 0 1 0 0 1 0 0 1 0 0 1 0 0 1 0 0 1 0 0 1 1 -2.44929370517034E-16 0 0.866025388240814 0.5 0 1 -2.44929370517034E-16 0 0.866025388240814 0.5 0 0.5 0.866025388240814 0 0.5 0.866025388240814 0 6.12323426292584E-17 1 0 6.12323426292584E-17 1 0 -0.5 0.866025388240814 0 -0.5 0.866025388240814 0 -0.866025388240814 0.5 0 -0.866025388240814 0.5 0 -1 1.22464685258517E-16 0 -0.866025388240814 -0.5 0 -0.5 -0.866025388240814 0 -0.866025388240814 -0.5 0 -0.5 -0.866025388240814 0 -1.07187540788323E-15 -1 0 -1.07187540788323E-15 -1 0 0.5 -0.866025388240814 0 0.5 -0.866025388240814 0 0.866025388240814 -0.5 0 0.866025388240814 -0.5 0 -1 1.22464685258517E-16 0 0 0 1 0 0 1 0 0 1 0 0 1 0 0 1 0 0 1 0 0 1 0 0 1 0 0 1 0 0 1 0 0 1 0 0 1 0 0 1 0.866025388240814 0.5 0 0.5 0.866025388240814 0 0.866025388240814 0.5 0 0.5 0.866025388240814 0 6.12323426292584E-17 1 0 6.12323426292584E-17 1 0 -0.5 0.866025388240814 0 -0.5 0.866025388240814 0 -0.866025388240814 0.5 0 -0.866025388240814 0.5 0 -1 1.22464685258517E-16 0 1 -2.44929370517034E-16 0 -0.866025388240814 -0.5 0 -0.5 -0.866025388240814 0 -0.866025388240814 -0.5 0 -0.5 -0.866025388240814 0 -1.07187540788323E-15 -1 0 -1.07187540788323E-15 -1 0 0.5 -0.866025388240814 0 0.5 -0.866025388240814 0 0.866025388240814 -0.5 0 0.866025388240814 -0.5 0 1 -2.44929370517034E-16 0 -1 1.22464685258517E-16 0 0 0 1 0 0 1 0 0 1 0 0 1 0 0 1 0 0 1 0 0 1 0 0 1 0 0 1 0 0 1 0 0 1 0 0 1 0 0 1 0 0 -1 0 0 -1 0 0 -1 0 0 -1 0 0 -1 0 0 -1 0 0 -1 0 0 -1 0 0 -1 0 0 -1 0 0 -1 0 0 -1 1 -1.40843579678261E-16 0 1 -1.40843579678261E-16 0 1 -1.40843579678261E-16 0 1 -1.40843579678261E-16 0 1 -1.40843579678261E-16 0 1 -1.40843579678261E-16 0 1 -1.40843579678261E-16 0 1 -1.40843579678261E-16 0 1 -1.40843579678261E-16 0 1 -1.40843579678261E-16 0 1 -1.40843579678261E-16 0 1 -1.40843579678261E-16 0 1 -1.40843579678261E-16 0 1 -1.40843579678261E-16 0 1 -1.40843579678261E-16 0 1 -1.40843579678261E-16 0 1 -1.40843579678261E-16 0 1 -1.40843579678261E-16 0 1 -1.40843579678261E-16 0 1 -1.40843579678261E-16 0 1 -1.40843579678261E-16 0 1 -1.40843579678261E-16 0 1 -1.40843579678261E-16 0 1 -1.40843579678261E-16 0 1 -1.40843579678261E-16 0 1 -1.40843579678261E-16 0 1 -1.40843579678261E-16 0 1 -1.40843579678261E-16 0 1 -1.40843579678261E-16 0 1 -1.40843579678261E-16 0 1 -1.40843579678261E-16 0 1 -1.40843579678261E-16 0 1 -1.40843579678261E-16 0 1 -1.40843579678261E-16 0 1 -1.40843579678261E-16 0 1 -1.40843579678261E-16 0 1 -1.40843579678261E-16 0 1 -1.40843579678261E-16 0 1 -1.40843579678261E-16 0 5.86848248659421E-17 0.5 0.866025388240814 2.15604560012497E-32 1.83697014652885E-16 1 2.15604560012497E-32 1.83697014652885E-16 1 -5.86848248659421E-17 -0.5 -0.866025388240814 -1.01645098488484E-16 -0.866025388240814 -0.5 -1.01645098488484E-16 -0.866025388240814 -0.5 -7.18681817729392E-33 -6.12323426292584E-17 -1 -5.86848248659421E-17 -0.5 -0.866025388240814 5.86848248659421E-17 0.5 -0.866025388240814 -7.18681817729392E-33 -6.12323426292584E-17 -1 1.01645098488484E-16 0.866025388240814 -0.5 5.86848248659421E-17 0.5 -0.866025388240814 1.17369649731884E-16 1 -5.665538686388E-16 1.01645098488484E-16 0.866025388240814 -0.5 1.01645098488484E-16 0.866025388240814 0.5 1.17369649731884E-16 1 -5.665538686388E-16 5.86848248659421E-17 0.5 0.866025388240814 1.01645098488484E-16 0.866025388240814 0.5 -5.86848248659421E-17 -0.5 0.866025388240814 -1.01645098488484E-16 -0.866025388240814 0.5 -5.86848248659421E-17 -0.5 0.866025388240814 -1.17369649731884E-16 -1 0 -1.01645098488484E-16 -0.866025388240814 0.5 -1.17369649731884E-16 -1 0 5.86848248659421E-17 0.5 -0.866025388240814 -7.18681817729392E-33 -6.12323426292584E-17 -1 -7.18681817729392E-33 -6.12323426292584E-17 -1 -1.01645098488484E-16 -0.866025388240814 -0.5 -1.17369649731884E-16 -1 0 -1.17369649731884E-16 -1 0 -1.01645098488484E-16 -0.866025388240814 -0.5 -5.86848248659421E-17 -0.5 -0.866025388240814 -5.86848248659421E-17 -0.5 -0.866025388240814 5.86848248659421E-17 0.5 -0.866025388240814 1.01645098488484E-16 0.866025388240814 -0.5 1.01645098488484E-16 0.866025388240814 -0.5 1.17369649731884E-16 1 -1.01064307848886E-15 1.17369649731884E-16 1 -1.01064307848886E-15 1.01645098488484E-16 0.866025388240814 0.5 1.01645098488484E-16 0.866025388240814 0.5 5.86848248659421E-17 0.5 0.866025388240814 5.86848248659421E-17 0.5 0.866025388240814 1.25805648959608E-31 1.07187540788323E-15 1 1.25805648959608E-31 1.07187540788323E-15 1 -5.86848248659421E-17 -0.5 0.866025388240814 -5.86848248659421E-17 -0.5 0.866025388240814 -1.01645098488484E-16 -0.866025388240814 0.5 -1.01645098488484E-16 -0.866025388240814 0.5 1.17369649731884E-16 1 -5.665538686388E-16 1.01645098488484E-16 0.866025388240814 0.5 1.01645098488484E-16 0.866025388240814 0.5 1.01645098488484E-16 0.866025388240814 -0.5 1.17369649731884E-16 1 -5.665538686388E-16 5.86848248659421E-17 0.5 -0.866025388240814 1.01645098488484E-16 0.866025388240814 -0.5 -7.18681817729392E-33 -6.12323426292584E-17 -1 5.86848248659421E-17 0.5 -0.866025388240814 -5.86848248659421E-17 -0.5 -0.866025388240814 -7.18681817729392E-33 -6.12323426292584E-17 -1 -1.01645098488484E-16 -0.866025388240814 -0.5 -5.86848248659421E-17 -0.5 -0.866025388240814 -1.17369649731884E-16 -1 0 -1.01645098488484E-16 -0.866025388240814 -0.5 5.86848248659421E-17 0.5 0.866025388240814 5.86848248659421E-17 0.5 0.866025388240814 -1.17369649731884E-16 -1 0 1.25805648959608E-31 1.07187540788323E-15 1 -5.86848248659421E-17 -0.5 0.866025388240814 1.25805648959608E-31 1.07187540788323E-15 1 -1.01645098488484E-16 -0.866025388240814 0.5 -5.86848248659421E-17 -0.5 0.866025388240814 -1.01645098488484E-16 -0.866025388240814 0.5 1 -1.17369649731884E-16 0 1 -1.17369649731884E-16 0 1 -1.17369649731884E-16 0 1 -1.17369649731884E-16 0 1 -1.17369649731884E-16 0 1 -1.17369649731884E-16 0 1 -1.17369649731884E-16 0 1 -1.17369649731884E-16 0 1 -1.17369649731884E-16 0 1 -1.17369649731884E-16 0 1 -1.17369649731884E-16 0 1 -1.17369649731884E-16 0 1 -1.17369649731884E-16 0 1 -1.17369649731884E-16 0 1 -1.17369649731884E-16 0 1 -1.17369649731884E-16 0 1 -1.17369649731884E-16 0 1 -1.17369649731884E-16 0 1 -1.17369649731884E-16 0 1 -1.17369649731884E-16 0 1 -1.17369649731884E-16 0 1 -1.17369649731884E-16 0 1 -1.17369649731884E-16 0 1 -1.17369649731884E-16 0 1 -1.17369649731884E-16 0 1 -1.17369649731884E-16 0 1 -1.17369649731884E-16 0 1 -1.17369649731884E-16 0 1 -1.17369649731884E-16 0 1 -1.17369649731884E-16 0 1 -1.17369649731884E-16 0 1 -1.17369649731884E-16 0 1 -1.17369649731884E-16 0 1 -1.17369649731884E-16 0 1 -1.17369649731884E-16 0 1 -1.17369649731884E-16 0 1 -1.17369649731884E-16 0 1 -1.17369649731884E-16 0 1 -1.17369649731884E-16 0 1 -1.17369649731884E-16 0 1 -1.17369649731884E-16 0 1 -1.17369649731884E-16 0 1 -1.17369649731884E-16 0 1 -1.17369649731884E-16 0 1 -1.17369649731884E-16 0 1 -1.17369649731884E-16 0 1 -1.17369649731884E-16 0 1 -1.17369649731884E-16 0 0 -1 0 0 -1 0 0 -1 0 0 -1 0 -2.41035248879225E-32 -2.05364196852989E-16 1 -2.41035248879225E-32 -2.05364196852989E-16 1 -2.41035248879225E-32 -2.05364196852989E-16 1 -2.41035248879225E-32 -2.05364196852989E-16 1 1.17369649731884E-16 1 0 1.17369649731884E-16 1 0 1.17369649731884E-16 1 0 1.17369649731884E-16 1 0 -2.41035248879225E-32 -2.05364196852989E-16 1 -2.41035248879225E-32 -2.05364196852989E-16 1 -2.41035248879225E-32 -2.05364196852989E-16 1 -2.41035248879225E-32 -2.05364196852989E-16 1 1.17369649731884E-16 1 0 1.17369649731884E-16 1 0 1.17369649731884E-16 1 0 1.17369649731884E-16 1 0 1.16345082345094E-31 9.91270587952209E-16 -1 1.16345082345094E-31 9.91270587952209E-16 -1 1.16345082345094E-31 9.91270587952209E-16 -1 1.16345082345094E-31 9.91270587952209E-16 -1 1.17369649731884E-16 1 0 1.17369649731884E-16 1 0 1.17369649731884E-16 1 0 1.17369649731884E-16 1 0 1.16345082345094E-31 9.91270587952209E-16 -1 1.16345082345094E-31 9.91270587952209E-16 -1 1.16345082345094E-31 9.91270587952209E-16 -1 1.16345082345094E-31 9.91270587952209E-16 -1 -1.17369649731884E-16 -1 0 -1.17369649731884E-16 -1 0 -1.17369649731884E-16 -1 0 -1.17369649731884E-16 -1 0 1.16345082345094E-31 9.91270587952209E-16 -1 1.16345082345094E-31 9.91270587952209E-16 -1 1.16345082345094E-31 9.91270587952209E-16 -1 1.16345082345094E-31 9.91270587952209E-16 -1 -1.17369649731884E-16 -1 0 -1.17369649731884E-16 -1 0 -1.17369649731884E-16 -1 0 -1.17369649731884E-16 -1 0 -2.54504871303312E-32 -2.16840434497101E-16 1 -2.54504871303312E-32 -2.16840434497101E-16 1 -2.54504871303312E-32 -2.16840434497101E-16 1 -2.54504871303312E-32 -2.16840434497101E-16 1 1 -1.17369649731884E-16 0 1 -1.17369649731884E-16 0 1 -1.17369649731884E-16 0 1 -1.17369649731884E-16 0 1 -1.17369649731884E-16 0 1 -1.17369649731884E-16 0 1 -1.17369649731884E-16 0 1 -1.17369649731884E-16 0 1 -1.17369649731884E-16 0 1 -1.17369649731884E-16 0 1 -1.17369649731884E-16 0 1 -1.17369649731884E-16 0 1 -1.17369649731884E-16 0 1.01645098488484E-16 0.866025388240814 0.5 5.86848248659421E-17 0.5 0.866025388240814 1.01645098488484E-16 0.866025388240814 0.5 1.17369649731884E-16 1 -2.44929370517034E-16 1.17369649731884E-16 1 -2.44929370517034E-16 5.86848248659421E-17 0.5 0.866025388240814 7.18681817729392E-33 6.12323426292584E-17 1 7.18681817729392E-33 6.12323426292584E-17 1 -5.86848248659421E-17 -0.5 0.866025388240814 -5.86848248659421E-17 -0.5 0.866025388240814 -1.01645098488484E-16 -0.866025388240814 0.5 -1.01645098488484E-16 -0.866025388240814 0.5 -1.17369649731884E-16 -1 1.22464685258517E-16 -1.17369649731884E-16 -1 1.22464685258517E-16 -1.01645098488484E-16 -0.866025388240814 -0.5 -1.01645098488484E-16 -0.866025388240814 -0.5 -5.86848248659421E-17 -0.5 -0.866025388240814 -5.86848248659421E-17 -0.5 -0.866025388240814 -1.25805648959608E-31 -1.07187540788323E-15 -1 5.86848248659421E-17 0.5 -0.866025388240814 -1.25805648959608E-31 -1.07187540788323E-15 -1 5.86848248659421E-17 0.5 -0.866025388240814 1.01645098488484E-16 0.866025388240814 -0.5 1.01645098488484E-16 0.866025388240814 -0.5 0 0 -1 0 0 -1 0 0 -1 0.216439619660378 0.976296007633209 0 0.216439619660378 0.976296007633209 0 0.216439619660378 0.976296007633209 0 0.216439619660378 0.976296007633209 0 1 -2.96533926386216E-16 0 1 -2.96533926386216E-16 0 1 -2.96533926386216E-16 0 1 -2.96533926386216E-16 0 1 -2.96533926386216E-16 0 1 -2.96533926386216E-16 0 1 -2.96533926386216E-16 0 1 -2.96533926386216E-16 0 1 -2.96533926386216E-16 0 1 -2.96533926386216E-16 0 1 -2.96533926386216E-16 0 1 -2.96533926386216E-16 0 1 -2.96533926386216E-16 0 1 -2.96533926386216E-16 0 1 -2.96533926386216E-16 0 1 -2.96533926386216E-16 0 1 -2.96533926386216E-16 0 1 -2.96533926386216E-16 0 1 -2.96533926386216E-16 0 1 -2.96533926386216E-16 0 1 -2.96533926386216E-16 0 1 -2.96533926386216E-16 0 1 -2.96533926386216E-16 0 1 -2.96533926386216E-16 0 1 -2.96533926386216E-16 0 1 -2.96533926386216E-16 0 1 -2.96533926386216E-16 0 1 -2.96533926386216E-16 0 1 -2.96533926386216E-16 0 1 -2.96533926386216E-16 0 1 -2.96533926386216E-16 0 1 -2.96533926386216E-16 0 1 -2.96533926386216E-16 0 1 -2.96533926386216E-16 0 1 -2.96533926386216E-16 0 1 -2.96533926386216E-16 0 1 -2.96533926386216E-16 0 1 -2.96533926386216E-16 0 1 -2.96533926386216E-16 0 1 -2.96533926386216E-16 0 1 -2.96533926386216E-16 0 1 -2.96533926386216E-16 0 1 -2.96533926386216E-16 0 1 -2.96533926386216E-16 0 1 -2.96533926386216E-16 0 1 -2.96533926386216E-16 0 1 -2.96533926386216E-16 0 1 -2.96533926386216E-16 0 1 -2.96533926386216E-16 0 1 -2.96533926386216E-16 0 1 -2.96533926386216E-16 0 1 -2.96533926386216E-16 0 1 -2.96533926386216E-16 0 1 -2.96533926386216E-16 0 1 -2.96533926386216E-16 0 1 -2.96533926386216E-16 0 1 -2.96533926386216E-16 0 1 -2.96533926386216E-16 0 1 -2.96533926386216E-16 0 1 -2.96533926386216E-16 0 1 -2.96533926386216E-16 0 1 -2.96533926386216E-16 0 1 -2.96533926386216E-16 0 1 -2.96533926386216E-16 0 1 -2.96533926386216E-16 0 1 -2.96533926386216E-16 0 1 -2.96533926386216E-16 0 1 -2.96533926386216E-16 0 1 -2.96533926386216E-16 0 1 -2.96533926386216E-16 0 1 -2.96533926386216E-16 0 1 -2.96533926386216E-16 0 1 -2.96533926386216E-16 0 1 -2.96533926386216E-16 0 1 -2.96533926386216E-16 0 1 -2.96533926386216E-16 0 1 -2.96533926386216E-16 0 1 -2.96533926386216E-16 0 -1 2.53154617359036E-14 0 -1 2.53154617359036E-14 0 -1 2.53154617359036E-14 0 -1 2.53154617359036E-14 0 1 -1.40843579678261E-16 0 1 -1.40843579678261E-16 0 1 -1.40843579678261E-16 0 1 -1.40843579678261E-16 0 1 -1.40843579678261E-16 0 1 -1.40843579678261E-16 0 1 -1.40843579678261E-16 0 1 -1.40843579678261E-16 0 1 -1.40843579678261E-16 0 1 -1.40843579678261E-16 0 1 -1.40843579678261E-16 0 1 -1.40843579678261E-16 0 1 -1.40843579678261E-16 0 1 -1.40843579678261E-16 0 1 -1.40843579678261E-16 0 1 -1.40843579678261E-16 0 1 -1.40843579678261E-16 0 1 -1.40843579678261E-16 0 1 -1.40843579678261E-16 0 1 -1.40843579678261E-16 0 1 -1.40843579678261E-16 0 1 -1.40843579678261E-16 0 1 -1.40843579678261E-16 0 1 -1.40843579678261E-16 0 1 -1.40843579678261E-16 0 1 -1.40843579678261E-16 0 1 -1.40843579678261E-16 0 1 -1.40843579678261E-16 0 1 -1.40843579678261E-16 0 1 -1.40843579678261E-16 0 1 -1.40843579678261E-16 0 1 -1.40843579678261E-16 0 1 -1.40843579678261E-16 0 1 -1.40843579678261E-16 0 1 -1.40843579678261E-16 0 1 -1.40843579678261E-16 0 1 -1.40843579678261E-16 0 1 -1.40843579678261E-16 0 1 -1.40843579678261E-16 0 0 0 1 0 0 1 0 0 1 0 0 1 0 0 1 0 0 1 0 0 1 0 0 1 0 0 1 0 0 1 0 0 1 0 0 1 0 0 1 0 0 1 0 0 1 0 0 1 0 0 1 0 0 1 0 0 1 0 0 1 0 0 1 0 0 1 0 0 1 0 0 1 0 0 1 0 0 1 0 0 1 0 0 1 0 0 1 0 0 1 0 0 1 0 0 1 0 0 1 0 0 1 0 0 1 0 0 1 0 0 1 0 0 1 0 0 1 0 0 1 0 0 1 0 0 1 0 0 1 0 0 1 0 0 1 0 0 1 0 0 1 0 0 1 0 0 1 0 0 1 0 0 1 0 0 1 0 0 1 0 0 1 0 0 1 0 0 1 0 0 1 0 0 1 0 0 1 0 0 1 0 0 1 0 0 1 0 0 1 0 0 1 0 0 1 0 0 1 0 0 1 2.34422085625022E-16 1 0 2.34422085625022E-16 1 0 2.34422085625022E-16 1 0 2.34422085625022E-16 1 0 2.34422085625022E-16 1 0 0 0 1 0 0 1 0 0 1 0 0 1 0 0 1 0 0 1 0 0 1 0 0 1 0 0 1 0 0 1 0 0 1 0 0 1 0 0 1 0 0 1 0 0 1 0 0 1 -1 0 0 -1 0 0 -1 0 0 -1 0 0 -1 0 0 -1 0 0 -6.08674911281625E-16 -1 0 -6.08674911281625E-16 -1 0 -6.08674911281625E-16 -1 0 -6.08674911281625E-16 -1 0 -6.08674911281625E-16 -1 0 -6.08674911281625E-16 -1 0 1 0 0 1 0 0 1 0 0 1 0 0 1 0 0 0 -1 0 0 -1 0 0 -1 0 0 -1 0 1 6.60427750856136E-17 0 1 6.60427750856136E-17 0 1 6.60427750856136E-17 0 1 6.60427750856136E-17 0 1 6.60427750856136E-17 0 1 6.60427750856136E-17 0 1 6.60427750856136E-17 0 1 6.60427750856136E-17 0 1 6.60427750856136E-17 0 1 6.60427750856136E-17 0 1 6.60427750856136E-17 0 1 6.60427750856136E-17 0 0 -1 0 0 -1 0 0 -1 0 0 -1 0 1 2.31296470522182E-15 0 1 2.31296470522182E-15 0 1 2.31296470522182E-15 0 1 2.31296470522182E-15 0 1 2.31296470522182E-15 0 1 2.31296470522182E-15 0 0 1 0 0 1 0 0 1 0 0 1 0 0 0 -1 0 0 -1 0 0 -1 0 0 -1 0 0 -1 0 0 -1 0 0 -1 0 0 -1 0 0 -1 0 0 -1 0 0 -1 0 0 -1 0 0 -1 0 0 -1 0 0 -1 0 0 -1 0 0 -1 -0.965925812721252 -0.258819043636322 0 -1 -1.22464685258517E-16 0 -1 -1.22464685258517E-16 0 -0.866025388240814 -0.5 0 -0.5 -0.866025388240814 0 -0.866025388240814 -0.5 0 -0.5 -0.866025388240814 0 6.12323426292584E-17 -1 0 6.12323426292584E-17 -1 0 6.12323426292584E-17 -1 0 0.5 -0.866025388240814 0 6.12323426292584E-17 -1 0 1 0 0 0.866025388240814 -0.5 0 0.965925812721252 -0.258819043636322 0 1 0 0 0.866025388240814 -0.5 0 0.5 -0.866025388240814 0 0.866025388240814 -0.5 0 1 -1.0842021724855E-15 0 0.866025388240814 -0.5 0 0.5 -0.866025388240814 0 0 -1 0 0.5 -0.866025388240814 0 0 -1 0 0.965925812721252 -0.258819043636322 0 1 -1.0842021724855E-15 0 0 1 0 0.5 0.866025388240814 0 0.5 0.866025388240814 0 0.866025388240814 0.5 0 1 2.44929370517034E-16 0 0.866025388240814 0.5 0 1 2.44929370517034E-16 0 0 1 0 -0.5 0.866025388240814 0 -0.866025388240814 0.5 0 -0.866025388240814 0.5 0 -1.83697014652885E-16 1 0 -0.5 0.866025388240814 0 -1.83697014652885E-16 1 0 -1 -1.22464685258517E-16 0 -1 -1.22464685258517E-16 0 1 2.31296470522182E-15 0 1 2.31296470522182E-15 0 1 2.31296470522182E-15 0 1 2.31296470522182E-15 0 1 2.31296470522182E-15 0 0 -1 0 0 -1 0 0 -1 0 0 -1 0 -1 0 0 -1 0 0 -1 0 0 -1 0 0 -0.104528464376926 0.20903667807579 -0.972305238246918 -0.104528464376926 0.039028488099575 -0.99375581741333 -0.104528464376926 3.16155471079141E-16 -0.994521915912628 -0.104528464376926 0.073869526386261 -0.99177473783493 -0.104528464376926 0.129780143499374 -0.98601770401001 -0.104528464376926 0.20903667807579 -0.972305238246918 -0.104528464376926 0.329718023538589 -0.938274919986725 -0.104528464376926 0.41105055809021 -0.90559995174408 -0.104528464376926 0.41105055809021 -0.90559995174408 -0.104528464376926 -3.58247756953407E-15 -0.994521915912628 -0.104528464376926 0.41105055809021 -0.90559995174408 -0.104528464376926 0.41105055809021 -0.90559995174408 -0.104528464376926 -3.58247756953407E-15 -0.994521915912628 -0.104528464376926 0.322847604751587 -0.940661072731018 -0.104528464376926 0.185553386807442 -0.977058708667755 -0.104528464376926 1.34501870471948E-16 -0.994521915912628 -0.104528464376926 1.34501870471948E-16 -0.994521915912628 -0.104528464376926 1.34501870471948E-16 -0.994521915912628 -0.104528464376926 1.34501870471948E-16 -0.994521915912628 -0.104528464376926 1.34501870471948E-16 -0.994521915912628 -0.104528464376926 1.34501870471948E-16 -0.994521915912628 -0.104528464376926 1.34501870471948E-16 -0.994521915912628 -0.104528464376926 1.34501870471948E-16 -0.994521915912628 -0.104528464376926 1.34501870471948E-16 -0.994521915912628 -0.104528464376926 1.34501870471948E-16 -0.994521915912628 -0.104528464376926 1.34501870471948E-16 -0.994521915912628 -0.104528464376926 1.34501870471948E-16 -0.994521915912628 -0.104528464376926 1.34501870471948E-16 -0.994521915912628 -0.104528464376926 1.34501870471948E-16 -0.994521915912628 -0.104528464376926 1.34501870471948E-16 -0.994521915912628 -0.104528464376926 1.34501870471948E-16 -0.994521915912628 -0.104528464376926 1.34501870471948E-16 -0.994521915912628 -0.104528464376926 1.34501870471948E-16 -0.994521915912628 -2.96533926386216E-16 -1 0 -2.96533926386216E-16 -1 0 -2.96533926386216E-16 -1 0 -2.96533926386216E-16 -1 0 0 0 1 0 0 1 0 0 1 0 0 1 0 0 1 1 -1.40843579678261E-16 0 1 -1.40843579678261E-16 0 1 -1.40843579678261E-16 0 1 -1.40843579678261E-16 0 2.96533926386216E-16 1 0 2.96533926386216E-16 1 0 2.96533926386216E-16 1 0 2.96533926386216E-16 1 0 0 0 1 0 0 1 0 0 1 0 0 1 -2.96533926386216E-16 -1 1.54197647014788E-15 -2.96533926386216E-16 -1 1.54197647014788E-15 -2.96533926386216E-16 -1 1.54197647014788E-15 -2.96533926386216E-16 -1 1.54197647014788E-15 0 0 -1 0 0 -1 0 0 -1 0 0 -1 1 -2.25288767582795E-16 0 1 -2.25288767582795E-16 0 1 -2.25288767582795E-16 0 1 -2.25288767582795E-16 0 0 0 1 0 0 1 0 0 1 0 0 1 -2.96533926386216E-16 -1 0 -2.96533926386216E-16 -1 0 -2.96533926386216E-16 -1 0 -2.96533926386216E-16 -1 0 -2.96533926386216E-16 -1 0 0 0 -1 0 0 -1 0 0 -1 0 0 -1 2.96533926386216E-16 1 0 2.96533926386216E-16 1 0 2.96533926386216E-16 1 0 2.96533926386216E-16 1 0 2.96533926386216E-16 1 0 1 -4.5057753516559E-16 0 1 -4.5057753516559E-16 0 1 -4.5057753516559E-16 0 1 -4.5057753516559E-16 0 -2.96533926386216E-16 -1 1.2390881820007E-15 -2.96533926386216E-16 -1 1.2390881820007E-15 -2.96533926386216E-16 -1 1.2390881820007E-15 -2.96533926386216E-16 -1 1.2390881820007E-15 -2.96533926386216E-16 -1 1.2390881820007E-15 0 0 -1 0 0 -1 0 0 -1 0 0 -1 2.96533926386216E-16 1 0 2.96533926386216E-16 1 0 2.96533926386216E-16 1 0 2.96533926386216E-16 1 0 2.96533926386216E-16 1 0 0 0 1 0 0 1 0 0 1 0 0 1 1 -1.54886022750088E-16 0 1 -1.54886022750088E-16 0 1 -1.54886022750088E-16 0 1 -1.54886022750088E-16 0 2.96533926386216E-16 1 0 2.96533926386216E-16 1 0 2.96533926386216E-16 1 0 2.96533926386216E-16 1 0 0 0 1 0 0 1 0 0 1 0 0 1 -1.48266963193108E-16 -1 0 -1.48266963193108E-16 -1 0 -1.48266963193108E-16 -1 0 -1.48266963193108E-16 -1 0 0 0 -1 0 0 -1 0 0 -1 0 0 -1 1 0 0 1 0 0 1 0 0 1 0 0 1.48266963193108E-16 1 0 1.48266963193108E-16 1 0 1.48266963193108E-16 1 0 1.48266963193108E-16 1 0 0 0 1 0 0 1 0 0 1 0 0 1 -1.48266963193108E-16 -1 -1.0842021724855E-16 -1.48266963193108E-16 -1 -1.0842021724855E-16 -1.48266963193108E-16 -1 -1.0842021724855E-16 -1.48266963193108E-16 -1 -1.0842021724855E-16 0 0 -1 0 0 -1 0 0 -1 0 0 -1 0 0 1 0 0 1 0 0 1 0 0 1 -2.83020982138563E-15 -1 0 -2.83020982138563E-15 -1 0 -2.83020982138563E-15 -1 0 -2.83020982138563E-15 -1 0 2.83020982138563E-15 1 0 2.83020982138563E-15 1 0 2.83020982138563E-15 1 0 2.83020982138563E-15 1 0 2.83020982138563E-15 1 0 1 -2.84104612563809E-15 0 1 -2.84104612563809E-15 0 1 -2.84104612563809E-15 0 1 -2.84104612563809E-15 0 1 -2.84104612563809E-15 0 1 0 0 1 0 0 1 0 0 1 0 0 -0.70710676908493 -0.70710676908493 0 -0.382683426141739 -0.923879504203796 0 -0.382683426141739 -0.923879504203796 0 -0.923879504203796 -0.382683426141739 0 -0.70710676908493 -0.70710676908493 0 -0.923879504203796 -0.382683426141739 0 8.59850758031921E-15 -1 0 8.59850758031921E-15 -1 0 -1 2.53154617359036E-14 0 -1 2.53154617359036E-14 0 -1 0 0 -1 0 0 -1 0 0 -1 0 0 -0.5 0.866025388240814 0 1.83697014652885E-16 1 0 1.83697014652885E-16 1 0 -1 2.44929370517034E-16 0 -0.866025388240814 0.5 0 -0.866025388240814 0.5 0 -1 2.44929370517034E-16 0 -0.5 0.866025388240814 0 0 1 0 0 1 0 0 1 0 0 1 0 0 1 0 0 1 0 0 1 0 0 1 0 0.5 0.866025388240814 0 1.83697014652885E-16 1 0 1.83697014652885E-16 1 0 0.5 0.866025388240814 0 0.866025388240814 0.5 0 0.866025388240814 0.5 0 1 -1.22464685258517E-16 0 1 -1.22464685258517E-16 0 1 -1.17369649731884E-16 0 1 -1.17369649731884E-16 0 1 -1.17369649731884E-16 0 1 -1.17369649731884E-16 0 1 -1.17369649731884E-16 0 1 -1.17369649731884E-16 0 1 -1.17369649731884E-16 0 1 -1.17369649731884E-16 0 1 -1.17369649731884E-16 0 1 -1.17369649731884E-16 0 1 -1.17369649731884E-16 0 1 -1.17369649731884E-16 0 1 -1.17369649731884E-16 0 1 -1.17369649731884E-16 0 1 -1.17369649731884E-16 0 1 -1.17369649731884E-16 0 1 -1.17369649731884E-16 0 1 -1.17369649731884E-16 0 1 -1.17369649731884E-16 0 1 -1.17369649731884E-16 0 1 -1.17369649731884E-16 0 1 -1.17369649731884E-16 0 1 -1.17369649731884E-16 0 1 -1.17369649731884E-16 0 1 -1.17369649731884E-16 0 1 -1.17369649731884E-16 0 1 -1.17369649731884E-16 0 1 -1.17369649731884E-16 0 -0.880796849727631 0.473494380712509 0 -1 2.44929370517034E-16 0 -1 2.44929370517034E-16 0 -0.880796849727631 0.473494380712509 0 -0.551606178283691 0.834104716777802 0 -0.551606178283691 0.834104716777802 0 -0.0909090936183929 0.995859205722809 0 -0.0909090936183929 0.995859205722809 0 0 0 -1 0 0 -1 0 0 -1 0 0 -1 0 0 -1 0 0 -1 0 0 -1 0 0 -1 0 0 -1 0 0 -1 0 -1 0 0 -1 0 0 -1 0 0 -1 0 0 -1 0 0 -1 0 0 -1 0 0 -1 0 0 0 1 0 0 1 0 0 1 0 0 1 0 0 1 0 0 1 0 0 1 -1 0 4.58201668135914E-15 -1 0 4.58201668135914E-15 -1 0 4.58201668135914E-15 -1 0 4.58201668135914E-15 -0.806830048561096 0 0.590783655643463 -0.806830048561096 0 0.590783655643463 -0.806830048561096 0 0.590783655643463 -0.806830048561096 0 0.590783655643463 -0.806830048561096 0 0.590783655643463 -0.806830048561096 0 0.590783655643463 -1 0 0 -1 0 0 -1 0 0 -1 0 0 -1 0 0 -1 0 0 -1 0 0 -1 0 0 -1 0 0 -1 0 0 -1 0 0 -1 0 0 -0.806830048561096 0 -0.590783655643463 -0.806830048561096 0 -0.590783655643463 -0.806830048561096 0 -0.590783655643463 -0.806830048561096 0 -0.590783655643463 -0.806830048561096 0 -0.590783655643463 -0.806830048561096 0 -0.590783655643463 -1 0 0 -1 0 0 -1 0 0 -1 0 0 0 0 1 0 0 1 0 0 1 0 0 1 0 0 1 0 0 1 0 0 1 0 0 1 0 0 1 0 0 1 -2.94781229929889E-15 -1 0 -2.94781229929889E-15 -1 0 -2.94781229929889E-15 -1 0 -2.94781229929889E-15 -1 0 -2.94781229929889E-15 -1 0 -2.94781229929889E-15 -1 0 -2.94781229929889E-15 -1 0 -2.94781229929889E-15 -1 0 0.866025388240814 -0.5 0 0.5 -0.866025388240814 0 0.5 -0.866025388240814 0 -6.12323426292584E-17 -1 0 0.866025388240814 -0.5 0 -6.12323426292584E-17 -1 0 1 -1.22464685258517E-16 0 1 -1.22464685258517E-16 0 1 -1.22464685258517E-16 0 1 -1.22464685258517E-16 0 1 -1.22464685258517E-16 0 1 -1.22464685258517E-16 0 0.976296007633209 -0.216439619660378 0 0.976296007633209 -0.216439619660378 0 0.976296007633209 -0.216439619660378 0 0.976296007633209 -0.216439619660378 0 0.976296007633209 -0.216439619660378 0 0.976296007633209 -0.216439619660378 0 0.976296007633209 -0.216439619660378 0 0 -1 0 0 -1 0 0 -1 0 0 -1 0 1 1.1209844723409E-15 0 1 1.1209844723409E-15 0 1 1.1209844723409E-15 0 1 1.1209844723409E-15 0 1 1.1209844723409E-15 0 1 1.1209844723409E-15 0 1 1.1209844723409E-15 0 1 1.1209844723409E-15 0 1 1.1209844723409E-15 0 1 1.1209844723409E-15 0 1 1.1209844723409E-15 0 1 1.1209844723409E-15 0 1 1.1209844723409E-15 0 0.5 -0.866025388240814 0 0.866025388240814 -0.5 0 0.866025388240814 -0.5 0 1 -1.22464685258517E-16 0 1 -1.22464685258517E-16 0 -2.94781229929889E-15 -1 0 0.5 -0.866025388240814 0 -6.12323426292584E-17 -1 0 -0.866025388240814 -0.5 0 -1 0 0 -1 0 4.58201668135914E-15 -0.504132211208344 -0.863626480102539 0 -0.49973663687706 -0.866177380084991 0 -0.504132211208344 -0.863626480102539 0 -0.866025388240814 -0.5 0 -0.5 -0.866025388240814 0 -0.866025388240814 -0.5 0 -1 0 4.58201668135914E-15 -1 0 4.58201668135914E-15 -1 0 4.58201668135914E-15 -0.866025388240814 -0.5 0 -0.866025388240814 -0.5 0 -1 0 4.58201668135914E-15 -0.866025388240814 -0.5 0 -0.866025388240814 -0.5 0 -0.5 -0.866025388240814 0 -0.5 -0.866025388240814 0 -0.5 -0.866025388240814 0 -0.5 -0.866025388240814 0 -0.5 -0.866025388240814 0 -6.12323426292584E-17 -1 0 -6.12323426292584E-17 -1 0 -6.12323426292584E-17 -1 0 -6.12323426292584E-17 -1 0 -6.12323426292584E-17 -1 0 0.5 -0.866025388240814 0 0.5 -0.866025388240814 0 0.5 -0.866025388240814 0 0.5 -0.866025388240814 0 0.5 -0.866025388240814 0 0.866025388240814 -0.5 0 0.866025388240814 -0.5 0 0.866025388240814 -0.5 0 -1 0 4.58201668135914E-15 1 -1.22464685258517E-16 0 0.866025388240814 -0.5 0 1 -1.22464685258517E-16 0 0.866025388240814 -0.5 0 1 -1.22464685258517E-16 0 1 -1.22464685258517E-16 0 1 -1.22464685258517E-16 0 -2.94781229929889E-15 -1 0 -5.8343921633243E-15 -1 0 -0.49973663687706 -0.866177380084991 0 -5.8343921633243E-15 -1 0 -1 0 0 -0.866025388240814 -0.5 0 -0.866025388240814 -0.5 0 -0.504132211208344 -0.863626480102539 0 -0.504132211208344 -0.863626480102539 0 -0.5 -0.866025388240814 0 -5.8343921633243E-15 -1 0 0.5 -0.866025388240814 0 0.5 -0.866025388240814 0 0.866025388240814 -0.5 0 0.866025388240814 -0.5 0 1 -1.22464685258517E-16 0 1 -1.22464685258517E-16 0 -1 0 0 -1 2.44929370517034E-16 0 -1 2.44929370517034E-16 0 -1 2.44929370517034E-16 0 -1 2.44929370517034E-16 0 -1 2.44929370517034E-16 0 -1 2.44929370517034E-16 0 -1 2.44929370517034E-16 0 -1 2.44929370517034E-16 0 -1 2.44929370517034E-16 0 -1 2.44929370517034E-16 0 -1 2.44929370517034E-16 0 -1 2.44929370517034E-16 0 -1 2.44929370517034E-16 0 -1 0 0 -1 0 0 -1 0 0 -1 0 0 -0.5 0.866025388240814 0 -0.766044437885284 0.642787635326385 0 -0.766044437885284 0.642787635326385 0 -0.5 0.866025388240814 0 -0.766044437885284 0.642787635326385 0 -0.766044437885284 0.642787635326385 0 -0.939692616462708 0.342020153999329 0 -0.939692616462708 0.342020153999329 0 -0.939692616462708 0.342020153999329 0 -0.939692616462708 0.342020153999329 0 -0.5 0.866025388240814 0 -0.766044437885284 0.642787635326385 0 -0.5 0.866025388240814 0 -0.5 0.866025388240814 0 -0.766044437885284 0.642787635326385 0 -0.939692616462708 0.342020153999329 0 -1 2.44929370517034E-16 0 -1 2.44929370517034E-16 0 -1 2.44929370517034E-16 0 -1 2.44929370517034E-16 0 -1 2.44929370517034E-16 0 -0.939692616462708 0.342020153999329 0 -1 2.44929370517034E-16 0 -0.939692616462708 0.342020153999329 0 -0.882077515125275 0.471104294061661 0 -0.939692616462708 0.342020153999329 0 -1 2.44929370517034E-16 0 -1 2.44929370517034E-16 0 -0.882077515125275 0.471104294061661 0 -0.5 0.866025388240814 0 -0.978147625923157 0.207911685109138 0 -0.80901700258255 0.587785243988037 0 -0.978147625923157 0.207911685109138 0 -0.5 0.866025388240814 0 -0.5 0.866025388240814 0 -0.5 0.866025388240814 0 -0.5 0.866025388240814 0 -0.80901700258255 0.587785243988037 0 -0.5 0.866025388240814 0 -0.5 0.866025388240814 0 -0.978147625923157 -0.207911685109138 0 -0.978147625923157 -0.207911685109138 0 -0.80901700258255 -0.587785243988037 0 -0.80901700258255 -0.587785243988037 0 -0.5 -0.866025388240814 0 -0.5 -0.866025388240814 0 -0.939692616462708 -0.342020153999329 0 -1 0 0 -1 0 0 -0.766044437885284 -0.642787635326385 0 -0.939692616462708 -0.342020153999329 0 -0.5 -0.866025388240814 0 -0.766044437885284 -0.642787635326385 0 -0.5 -0.866025388240814 0 -1 0 0 -1 0 0 -1 0 0 -1 0 0 -1 0 0 -1 0 0 -1 0 0 -1 0 0 0 1 0 0 1 0 0 1 0 0 1 0 -3.74163271774766E-17 -1.2945698194277E-16 1 -3.74163271774766E-17 -1.2945698194277E-16 1 -3.74163271774766E-17 -1.2945698194277E-16 1 -3.74163271774766E-17 -1.2945698194277E-16 1 0 -1 0 0 -1 0 0 -1 0 0 -1 0 3.74163271774766E-17 1.2945698194277E-16 -1 3.74163271774766E-17 1.2945698194277E-16 -1 3.74163271774766E-17 1.2945698194277E-16 -1 3.74163271774766E-17 1.2945698194277E-16 -1 -1 0 0 -1 0 0 -1 0 0 -1 0 0 -9.98568932838499E-33 1 2.66880546982484E-16 -9.98568932838499E-33 1 2.66880546982484E-16 -9.98568932838499E-33 1 2.66880546982484E-16 -9.98568932838499E-33 1 2.66880546982484E-16 -3.74163271774766E-17 0 1 -3.74163271774766E-17 0 1 -3.74163271774766E-17 0 1 -3.74163271774766E-17 0 1 9.98568932838499E-33 -1 -2.66880546982484E-16 9.98568932838499E-33 -1 -2.66880546982484E-16 9.98568932838499E-33 -1 -2.66880546982484E-16 9.98568932838499E-33 -1 -2.66880546982484E-16 3.74163271774766E-17 0 -1 3.74163271774766E-17 0 -1 3.74163271774766E-17 0 -1 3.74163271774766E-17 0 -1 0 0 -1 0 0 -1 0 0 -1 0 0 -1 0 0 -1 0 0 -1 0 0 -1 -4.33680868994202E-15 1 0 -4.33680868994202E-15 1 0 -4.33680868994202E-15 1 0 -4.33680868994202E-15 1 0</float_array><technique_common><accessor count="1983" source="#bau0026152251-mesh-normals-array" stride="3"><param name="X" type="float" /><param name="Y" type="float" /><param name="Z" type="float" /></accessor></technique_common></source><vertices id="bau0026152251-mesh-vertices"><input semantic="POSITION" source="#bau0026152251-mesh-positions" /></vertices><triangles count="1117" material="zincplated-material"><input offset="0" semantic="VERTEX" source="#bau0026152251-mesh-vertices" /><input offset="1" semantic="NORMAL" source="#bau0026152251-mesh-normals" /><p>0 0 1 1 2 2 2 2 3 3 4 4 4 4 5 5 6 6 6 6 7 7 8 8 5 5 4 4 3 3 3 3 2 2 1 1 1 1 0 0 9 9 9 9 10 10 11 11 11 11 12 12 13 13 13 13 14 14 15 15 15 15 16 16 17 17 17 17 18 18 19 19 19 19 20 20 21 21 21 21 22 22 23 23 23 23 8 8 7 7 7 7 6 6 5 5 8 8 23 23 22 22 22 22 21 21 20 20 20 20 19 19 18 18 18 18 17 17 16 16 16 16 15 15 14 14 14 14 13 13 12 12 12 12 11 11 10 10 10 10 9 9 0 0 24 24 25 25 26 26 27 27 28 28 29 29 30 30 31 31 24 24 32 32 33 33 30 30 34 34 35 35 32 32 36 36 37 37 34 34 38 38 39 39 36 36 40 40 41 41 38 38 42 42 43 43 40 40 41 41 40 40 43 43 39 39 38 38 41 41 37 37 36 36 39 39 35 35 34 34 37 37 29 29 44 44 45 45 45 45 46 46 42 42 26 26 47 47 27 27 43 43 42 42 46 46 46 46 45 45 44 44 44 44 29 29 28 28 28 28 27 27 47 47 47 47 26 26 25 25 25 25 24 24 31 31 31 31 30 30 33 33 33 33 32 32 35 35 48 48 49 49 50 50 50 50 51 51 52 52 52 52 53 53 54 54 54 54 55 55 56 56 56 56 57 57 58 58 58 58 59 59 60 60 60 60 61 61 62 62 62 62 63 63 64 64 64 64 65 65 66 66 66 66 67 67 68 68 68 68 69 69 70 70 70 70 71 71 48 48 71 71 70 70 69 69 69 69 68 68 67 67 67 67 66 66 65 65 65 65 64 64 63 63 63 63 62 62 61 61 51 51 50 50 49 49 53 53 52 52 51 51 55 55 54 54 53 53 49 49 48 48 71 71 57 57 56 56 55 55 61 61 60 60 59 59 59 59 58 58 57 57 72 72 73 73 74 74 75 75 76 76 77 77 77 77 78 78 79 79 79 79 80 80 81 81 82 82 83 83 72 72 80 80 79 79 78 78 78 78 77 77 76 76 76 76 75 75 84 84 84 84 74 74 73 73 73 73 72 72 83 83 83 83 82 82 85 85 86 86 85 85 82 82 87 87 88 88 86 86 89 89 90 90 87 87 91 91 92 92 89 89 93 93 94 94 91 91 95 95 81 81 80 80 94 94 93 93 95 95 92 92 91 91 94 94 90 90 89 89 92 92 88 88 87 87 90 90 85 85 86 86 88 88 81 81 95 95 93 93 74 74 84 84 75 75 96 96 97 97 98 98 98 98 99 99 100 100 100 100 101 101 102 102 102 102 103 103 104 104 105 105 106 106 96 96 107 107 108 108 109 109 109 109 110 110 111 111 111 111 112 112 113 113 113 113 114 114 115 115 114 114 113 113 112 112 112 112 111 111 110 110 110 110 109 109 108 108 108 108 107 107 116 116 116 116 104 104 103 103 103 103 102 102 101 101 101 101 100 100 99 99 117 117 118 118 105 105 115 115 119 119 117 117 119 119 115 115 114 114 118 118 117 117 119 119 106 106 105 105 118 118 97 97 96 96 106 106 99 99 98 98 97 97 104 104 116 116 107 107 120 120 121 121 122 122 122 122 123 123 124 124 124 124 125 125 126 126 126 126 127 127 128 128 129 129 130 130 120 120 131 131 132 132 133 133 133 133 134 134 135 135 135 135 136 136 137 137 137 137 138 138 139 139 140 140 141 141 129 129 139 139 142 142 140 140 142 142 139 139 138 138 141 141 140 140 142 142 130 130 129 129 141 141 121 121 120 120 130 130 123 123 122 122 121 121 125 125 124 124 123 123 127 127 126 126 125 125 143 143 128 128 127 127 132 132 131 131 143 143 134 134 133 133 132 132 136 136 135 135 134 134 128 128 143 143 131 131 138 138 137 137 136 136 144 144 145 145 146 146 147 147 144 144 148 148 144 144 147 147 145 145 149 149 150 150 151 151 152 152 153 153 154 154 155 155 156 156 157 157 158 158 159 159 160 160 161 161 154 154 162 162 163 163 164 164 165 165 166 166 167 167 168 168 169 169 164 164 167 167 170 170 167 167 171 171 166 166 168 168 172 172 173 173 164 164 174 174 164 164 169 169 175 175 167 167 166 166 171 171 176 176 168 168 177 177 177 177 178 178 179 179 164 164 175 175 174 174 168 168 176 176 172 172 179 179 178 178 180 180 181 181 152 152 154 154 167 167 170 170 169 169 180 180 178 178 173 173 182 182 152 152 183 183 184 184 154 154 185 185 186 186 187 187 149 149 188 188 189 189 190 190 188 188 183 183 189 189 152 152 191 191 192 192 152 152 151 151 191 191 183 183 193 193 194 194 151 151 152 152 149 149 152 152 193 193 183 183 195 195 196 196 197 197 193 193 152 152 192 192 195 195 198 198 196 196 149 149 199 199 200 200 201 201 183 183 194 194 199 199 195 195 197 197 150 150 149 149 200 200 183 183 198 198 195 195 199 199 149 149 195 195 198 198 183 183 201 201 195 195 202 202 203 203 149 149 204 204 205 205 206 206 207 207 208 208 204 204 149 149 187 187 149 149 202 202 195 195 195 195 209 209 210 210 186 186 211 211 212 212 178 178 213 213 214 214 164 164 173 173 178 178 164 164 163 163 167 167 215 215 183 183 216 216 189 189 217 217 190 190 153 153 152 152 218 218 152 152 182 182 219 219 183 183 188 188 216 216 220 220 154 154 153 153 152 152 219 219 218 218 154 154 184 184 189 189 217 217 189 189 184 184 202 202 149 149 205 205 221 221 168 168 222 222 222 222 206 206 223 223 224 224 186 186 225 225 206 206 222 222 168 168 226 226 206 206 224 224 225 225 186 186 227 227 214 214 186 186 178 178 228 228 178 178 168 168 206 206 226 226 223 223 186 186 214 214 227 227 228 228 168 168 229 229 186 186 224 224 206 206 213 213 178 178 230 230 168 168 221 221 229 229 178 178 228 228 230 230 187 187 186 186 231 231 211 211 186 186 206 206 210 210 206 206 195 195 231 231 186 186 212 212 211 211 206 206 208 208 206 206 210 210 207 207 209 209 195 195 203 203 185 185 154 154 220 220 183 183 215 215 182 182 156 156 155 155 232 232 158 158 233 233 234 234 158 158 235 235 236 236 237 237 154 154 189 189 233 233 158 158 160 160 238 238 158 158 236 236 235 235 162 162 239 239 240 240 162 162 154 154 154 154 237 237 241 241 242 242 189 189 243 243 233 233 160 160 189 189 158 158 238 238 159 159 162 162 240 240 239 239 154 154 241 241 244 244 189 189 160 160 243 243 235 235 158 158 162 162 189 189 242 242 237 237 154 154 244 244 240 240 234 234 157 157 156 156 157 157 234 234 233 233 154 154 161 161 181 181 152 152 181 181 245 245 149 149 245 245 246 246 186 186 246 246 247 247 178 178 247 247 248 248 164 164 248 248 249 249 250 250 251 251 165 165 250 250 164 164 249 249 164 164 250 250 165 165 251 251 250 250 252 252 248 248 164 164 178 178 247 247 178 178 186 186 246 246 186 186 149 149 245 245 149 149 152 152 178 178 177 177 168 168 253 253 254 254 255 255 254 254 253 253 256 256 257 257 258 258 259 259 260 260 258 258 261 261 260 260 261 261 262 262 258 258 257 257 261 261 258 258 260 260 263 263 264 264 265 265 266 266 267 267 264 264 268 268 269 269 270 270 271 271 264 264 270 270 272 272 273 273 274 274 264 264 270 270 264 264 266 266 270 270 269 269 272 272 275 275 276 276 273 273 277 277 264 264 274 274 276 276 275 275 278 278 274 274 273 273 276 276 279 279 264 264 277 277 268 268 264 264 279 279 265 265 264 264 267 267 280 280 281 281 282 282 283 283 284 284 280 280 281 281 285 285 286 286 285 285 287 287 288 288 289 289 290 290 291 291 281 281 280 280 284 284 292 292 282 282 293 293 294 294 295 295 289 289 285 285 281 281 284 284 290 290 289 289 295 295 291 291 296 296 283 283 282 282 292 292 280 280 297 297 298 298 299 299 295 295 294 294 284 284 300 300 285 285 284 284 285 285 300 300 287 287 300 300 284 284 301 301 301 301 284 284 302 302 292 292 297 297 280 280 284 284 283 283 296 296 296 296 291 291 290 290 302 302 284 284 294 294 297 297 292 292 298 298 303 303 304 304 305 305 306 306 307 307 308 308 309 309 307 307 306 306 310 310 311 311 312 312 313 313 307 307 309 309 307 307 314 314 310 310 314 314 307 307 313 313 315 315 310 310 314 314 310 310 316 316 311 311 316 316 310 310 315 315 307 307 305 305 304 304 304 304 303 303 317 317 305 305 307 307 310 310 318 318 319 319 320 320 319 319 318 318 321 321 322 322 323 323 324 324 325 325 326 326 327 327 328 328 329 329 330 330 331 331 332 332 333 333 334 334 335 335 336 336 329 329 337 337 338 338 339 339 340 340 341 341 342 342 343 343 338 338 322 322 344 344 323 323 345 345 329 329 328 328 346 346 347 347 348 348 333 333 332 332 349 349 350 350 351 351 352 352 353 353 354 354 355 355 330 330 329 329 338 338 326 326 356 356 327 327 338 338 357 357 342 342 358 358 335 335 322 322 359 359 360 360 361 361 342 342 362 362 363 363 347 347 346 346 364 364 365 365 366 366 367 367 351 351 350 350 368 368 329 329 345 345 354 354 343 343 369 369 338 338 335 335 358 358 370 370 335 335 370 370 336 336 361 361 371 371 359 359 348 348 347 347 372 372 373 373 374 374 375 375 376 376 374 374 377 377 366 366 365 365 378 378 352 352 351 351 379 379 380 380 351 351 353 353 354 354 353 353 329 329 381 381 382 382 383 383 374 374 384 384 371 371 351 351 332 332 331 331 329 329 385 385 335 335 322 322 326 326 386 386 371 371 361 361 374 374 387 387 335 335 334 334 360 360 359 359 326 326 374 374 372 372 384 384 372 372 374 374 348 348 337 337 329 329 387 387 357 357 338 338 337 337 339 339 388 388 340 340 339 339 362 362 389 389 343 343 342 342 363 363 343 343 390 390 369 369 344 344 322 322 335 335 386 386 326 326 339 339 391 391 392 392 385 385 326 326 325 325 393 393 383 383 394 394 332 332 395 395 393 393 325 325 329 329 391 391 385 385 332 332 351 351 368 368 396 396 391 391 393 393 383 383 397 397 398 398 394 394 349 349 332 332 374 374 373 373 348 348 396 396 393 393 395 395 392 392 391 391 399 399 382 382 400 400 401 401 349 349 394 394 402 402 353 353 403 403 380 380 367 367 366 366 377 377 326 326 359 359 388 388 391 391 396 396 399 399 382 382 381 381 400 400 397 397 383 383 382 382 335 335 387 387 329 329 388 388 339 339 326 326 362 362 339 339 341 341 362 362 342 342 389 389 390 390 364 364 346 346 356 356 322 322 324 324 326 326 322 322 356 356 391 391 329 329 404 404 364 364 390 390 343 343 353 353 355 355 403 403 351 351 380 380 379 379 367 367 377 377 374 374 374 374 376 376 375 375 383 383 398 398 394 394 405 405 406 406 407 407 406 406 405 405 408 408 409 409 410 410 411 411 410 410 409 409 412 412 413 413 414 414 415 415 416 416 413 413 417 417 418 418 419 419 420 420 421 421 422 422 423 423 424 424 425 425 426 426 414 414 413 413 427 427 428 428 420 420 419 419 424 424 429 429 430 430 431 431 416 416 428 428 420 420 428 428 416 416 419 419 418 418 432 432 413 413 433 433 434 434 416 416 431 431 435 435 427 427 436 436 414 414 416 416 433 433 413 413 437 437 413 413 438 438 425 425 424 424 430 430 422 422 421 421 439 439 429 429 439 439 421 421 433 433 416 416 435 435 439 439 429 429 424 424 427 427 440 440 441 441 442 442 421 421 423 423 413 413 421 421 442 442 413 413 443 443 444 444 445 445 440 440 427 427 436 436 427 427 441 441 421 421 413 413 434 434 443 443 413 413 442 442 438 438 444 444 446 446 440 440 445 445 447 447 444 444 438 438 413 413 413 413 448 448 449 449 450 450 449 449 448 448 448 448 413 413 437 437 451 451 449 449 450 450 445 445 452 452 453 453 449 449 452 452 445 445 454 454 445 445 453 453 452 452 449 449 451 451 455 455 445 445 454 454 456 456 424 424 457 457 424 424 455 455 457 457 456 456 458 458 424 424 446 446 459 459 456 456 460 460 419 419 432 432 459 459 446 446 444 444 461 461 456 456 459 459 462 462 424 424 426 426 424 424 445 445 455 455 447 447 419 419 460 460 419 419 445 445 462 462 456 456 463 463 464 464 424 424 462 462 445 445 419 419 447 447 445 445 463 463 456 456 461 461 458 458 456 456 464 464 413 413 415 415 417 417 465 465 466 466 467 467 466 466 465 465 468 468 469 469 470 470 471 471 470 470 469 469 472 472 473 473 474 474 475 475 475 475 476 476 477 477 477 477 478 478 479 479 479 479 480 480 481 481 481 481 482 482 483 483 482 482 481 481 480 480 480 480 479 479 478 478 478 478 477 477 476 476 476 476 475 475 474 474 484 484 485 485 486 486 474 474 473 473 484 484 485 485 484 484 473 473 487 487 488 488 489 489 490 490 491 491 492 492 493 493 494 494 495 495 496 496 497 497 498 498 499 499 500 500 501 501 502 502 503 503 504 504 505 505 506 506 507 507 508 508 499 499 509 509 510 510 511 511 512 512 513 513 514 514 490 490 515 515 487 487 516 516 516 516 517 517 518 518 492 492 493 493 519 519 493 493 497 497 519 519 497 497 496 496 487 487 501 501 500 500 520 520 502 502 504 504 521 521 522 522 504 504 523 523 523 523 524 524 525 525 506 506 505 505 524 524 508 508 507 507 506 506 512 512 511 511 526 526 511 511 510 510 524 524 527 527 511 511 528 528 495 495 511 511 493 493 517 517 516 516 487 487 487 487 529 529 497 497 500 500 499 499 530 530 524 524 510 510 506 506 520 520 500 500 503 503 524 524 505 505 531 531 503 503 502 502 520 520 504 504 522 522 521 521 532 532 492 492 533 533 494 494 493 493 534 534 492 492 532 532 493 493 493 493 532 532 534 534 533 533 492 492 535 535 536 536 492 492 537 537 518 518 511 511 538 538 492 492 536 536 535 535 498 498 504 504 503 503 511 511 518 518 526 526 526 526 518 518 517 517 514 514 513 513 511 511 529 529 487 487 489 489 525 525 524 524 531 531 508 508 509 509 507 507 511 511 495 495 528 528 514 514 511 511 527 527 538 538 511 511 513 513 499 499 508 508 530 530 493 493 498 498 497 497 504 504 498 498 493 493 491 491 490 490 514 514 537 537 492 492 491 491 488 488 487 487 515 515 524 524 523 523 504 504 539 539 540 540 541 541 540 540 539 539 542 542 543 543 544 544 545 545 543 543 546 546 547 547 548 548 549 549 550 550 543 543 545 545 551 551 552 552 553 553 554 554 555 555 551 551 549 549 546 546 553 553 552 552 546 546 543 543 556 556 543 543 557 557 544 544 551 551 555 555 543 543 549 549 548 548 555 555 553 553 546 546 556 556 543 543 558 558 557 557 543 543 559 559 558 558 559 559 543 543 547 547 560 560 561 561 562 562 563 563 562 562 564 564 565 565 564 564 566 566 567 567 566 566 568 568 569 569 568 568 570 570 571 571 570 570 572 572 573 573 572 572 574 574 575 575 574 574 576 576 577 577 576 576 578 578 579 579 578 578 580 580 581 581 580 580 582 582 583 583 582 582 561 561 582 582 583 583 581 581 580 580 581 581 579 579 578 578 579 579 577 577 576 576 577 577 575 575 574 574 575 575 573 573 572 572 573 573 571 571 570 570 571 571 569 569 568 568 569 569 567 567 564 564 565 565 563 563 562 562 563 563 560 560 561 561 560 560 583 583 566 566 567 567 565 565 584 584 585 585 586 586 587 587 586 586 588 588 589 589 588 588 590 590 591 591 590 590 592 592 593 593 592 592 594 594 595 595 594 594 596 596 597 597 596 596 598 598 599 599 598 598 600 600 601 601 600 600 602 602 603 603 602 602 604 604 605 605 604 604 606 606 607 607 606 606 585 585 606 606 607 607 605 605 604 604 605 605 603 603 602 602 603 603 601 601 600 600 601 601 599 599 598 598 599 599 597 597 596 596 597 597 595 595 594 594 595 595 593 593 592 592 593 593 591 591 590 590 591 591 589 589 588 588 589 589 587 587 586 586 587 587 584 584 585 585 584 584 607 607 608 608 609 609 610 610 611 611 610 610 612 612 613 613 612 612 614 614 615 615 614 614 616 616 617 617 616 616 618 618 619 619 618 618 620 620 621 621 620 620 622 622 623 623 622 622 624 624 625 625 624 624 626 626 627 627 626 626 628 628 629 629 628 628 630 630 628 628 629 629 627 627 626 626 627 627 625 625 624 624 625 625 623 623 622 622 623 623 621 621 620 620 621 621 619 619 618 618 619 619 617 617 616 616 617 617 615 615 614 614 615 615 613 613 612 612 613 613 611 611 610 610 611 611 608 608 609 609 608 608 631 631 630 630 631 631 629 629 631 631 630 630 609 609 632 632 633 633 634 634 635 635 636 636 633 633 637 637 638 638 636 636 639 639 640 640 638 638 641 641 642 642 640 640 643 643 644 644 642 642 645 645 646 646 644 644 647 647 648 648 646 646 649 649 650 650 648 648 651 651 652 652 650 650 653 653 654 654 652 652 655 655 634 634 654 654 634 634 655 655 632 632 654 654 653 653 655 655 652 652 651 651 653 653 650 650 649 649 651 651 648 648 647 647 649 649 646 646 645 645 647 647 642 642 641 641 643 643 640 640 639 639 641 641 638 638 637 637 639 639 636 636 635 635 637 637 633 633 632 632 635 635 644 644 643 643 645 645 656 656 657 657 658 658 659 659 657 657 656 656 657 657 659 659 660 660 661 661 662 662 663 663 662 662 661 661 664 664 665 665 666 666 667 667 666 666 665 665 668 668 669 669 670 670 671 671 670 670 669 669 672 672 673 673 674 674 675 675 674 674 673 673 676 676 677 677 678 678 679 679 678 678 677 677 680 680 681 681 682 682 683 683 684 684 682 682 681 681 682 682 684 684 685 685 686 686 687 687 688 688 689 689 687 687 686 686 687 687 689 689 690 690 691 691 692 692 693 693 692 692 691 691 694 694 695 695 696 696 697 697 696 696 695 695 698 698 699 699 700 700 701 701 700 700 699 699 702 702 703 703 704 704 705 705 704 704 703 703 706 706 707 707 708 708 709 709 708 708 707 707 710 710 711 711 712 712 713 713 712 712 711 711 714 714 712 712 714 714 715 715 716 716 717 717 718 718 719 719 717 717 720 720 717 717 719 719 721 721 718 718 721 721 722 722 717 717 716 716 723 723 721 721 718 718 717 717 724 724 725 725 726 726 725 725 724 724 727 727 728 728 729 729 730 730 729 729 728 728 731 731 732 732 733 733 734 734 735 735 736 736 737 737 738 738 739 739 740 740 741 741 742 742 739 739 743 743 744 744 736 736 745 745 734 734 746 746 747 747 737 737 748 748 749 749 748 748 750 750 740 740 750 750 738 738 750 750 740 740 749 749 748 748 749 749 747 747 737 737 747 747 735 735 736 736 735 735 743 743 744 744 743 743 751 751 746 746 751 751 745 745 734 734 745 745 732 732 733 733 732 732 752 752 753 753 752 752 754 754 752 752 753 753 733 733 754 754 755 755 753 753 742 742 741 741 755 755 739 739 738 738 741 741 755 755 754 754 742 742 751 751 746 746 744 744 756 756 757 757 758 758 757 757 759 759 760 760 757 757 760 760 758 758 757 757 761 761 762 762 757 757 763 763 761 761 757 757 764 764 763 763 757 757 765 765 764 764 757 757 766 766 765 765 757 757 767 767 766 766 757 757 768 768 767 767 757 757 756 756 768 768 757 757 762 762 759 759 769 769 770 770 771 771 772 772 773 773 770 770 774 774 775 775 773 773 776 776 777 777 775 775 778 778 779 779 777 777 780 780 781 781 779 779 770 770 769 769 772 772 782 782 783 783 784 784 785 785 786 786 783 783 787 787 788 788 786 786 789 789 790 790 788 788 791 791 771 771 790 790 773 773 772 772 774 774 775 775 774 774 776 776 777 777 776 776 778 778 779 779 778 778 780 780 781 781 780 780 792 792 784 784 792 792 782 782 783 783 782 782 785 785 786 786 785 785 787 787 788 788 787 787 789 789 771 771 791 791 769 769 790 790 789 789 791 791 792 792 784 784 781 781 793 793 794 794 795 795 793 793 796 796 797 797 793 793 798 798 794 794 793 793 799 799 798 798 793 793 800 800 799 799 793 793 801 801 800 800 793 793 802 802 801 801 793 793 803 803 802 802 793 793 804 804 803 803 793 793 805 805 804 804 805 805 793 793 797 797 793 793 795 795 796 796 806 806 807 807 808 808 809 809 810 810 807 807 811 811 812 812 810 810 813 813 814 814 812 812 815 815 816 816 814 814 808 808 817 817 806 806 818 818 819 819 820 820 821 821 822 822 819 819 823 823 824 824 822 822 825 825 826 826 824 824 827 827 828 828 826 826 807 807 806 806 809 809 810 810 809 809 811 811 812 812 811 811 813 813 814 814 813 813 815 815 816 816 815 815 829 829 820 820 829 829 818 818 819 819 818 818 821 821 822 822 821 821 823 823 824 824 823 823 825 825 826 826 825 825 827 827 829 829 820 820 816 816 828 828 827 827 817 817 817 817 808 808 828 828 830 830 831 831 832 832 830 830 833 833 834 834 830 830 835 835 833 833 830 830 836 836 835 835 830 830 837 837 836 836 830 830 838 838 837 837 830 830 839 839 838 838 830 830 840 840 839 839 830 830 841 841 840 840 830 830 842 842 841 841 842 842 830 830 832 832 830 830 834 834 831 831 843 843 844 844 845 845 846 846 847 847 848 848 849 849 848 848 847 847 847 847 846 846 850 850 845 845 851 851 843 843 848 848 843 843 846 846 851 851 845 845 852 852 848 848 849 849 853 853 843 843 848 848 844 844 846 846 843 843 854 854 855 855 856 856 857 857 855 855 858 858 856 856 855 855 859 859 858 858 855 855 860 860 859 859 855 855 861 861 860 860 855 855 862 862 863 863 855 855 863 863 864 864 855 855 865 865 861 861 855 855 866 866 865 865 866 866 855 855 867 867 855 855 857 857 862 862 855 855 864 864 867 867 868 868 869 869 870 870 868 868 871 871 872 872 868 868 872 872 873 873 868 868 874 874 875 875 868 868 876 876 869 869 868 868 877 877 876 876 868 868 878 878 877 877 868 868 879 879 878 878 868 868 880 880 879 879 868 868 873 873 880 880 874 874 868 868 870 870 868 868 875 875 871 871 881 881 882 882 883 883 882 882 881 881 884 884 881 881 883 883 885 885 881 881 885 885 886 886 881 881 887 887 884 884 881 881 888 888 887 887 881 881 889 889 888 888 881 881 890 890 889 889 881 881 891 891 890 890 881 881 892 892 891 891 881 881 893 893 892 892 881 881 886 886 893 893 894 894 895 895 896 896 897 897 898 898 899 899 900 900 901 901 897 897 902 902 903 903 900 900 904 904 905 905 902 902 906 906 907 907 904 904 908 908 909 909 906 906 910 910 911 911 908 908 895 895 894 894 910 910 912 912 896 896 895 895 913 913 914 914 912 912 915 915 916 916 913 913 916 916 915 915 917 917 914 914 913 913 916 916 896 896 912 912 914 914 911 911 910 910 894 894 909 909 908 908 911 911 907 907 906 906 909 909 905 905 904 904 907 907 903 903 902 902 905 905 901 901 900 900 903 903 898 898 897 897 901 901 917 917 899 899 898 898 899 899 917 917 915 915 918 918 919 919 920 920 921 921 922 922 923 923 922 922 921 921 924 924 924 924 925 925 926 926 926 926 920 920 919 919 919 919 918 918 927 927 927 927 928 928 929 929 929 929 930 930 931 931 931 931 932 932 933 933 933 933 934 934 935 935 935 935 936 936 937 937 937 937 938 938 939 939 939 939 940 940 941 941 941 941 923 923 922 922 923 923 941 941 940 940 940 940 939 939 938 938 938 938 937 937 936 936 936 936 935 935 934 934 925 925 924 924 921 921 932 932 931 931 930 930 920 920 926 926 925 925 934 934 933 933 932 932 928 928 927 927 918 918 930 930 929 929 928 928 942 942 943 943 944 944 945 945 946 946 942 942 947 947 948 948 945 945 949 949 950 950 947 947 951 951 952 952 949 949 953 953 954 954 951 951 955 955 956 956 953 953 944 944 957 957 958 958 956 956 955 955 959 959 954 954 953 953 956 956 952 952 951 951 954 954 950 950 949 949 952 952 948 948 947 947 950 950 946 946 945 945 948 948 943 943 942 942 946 946 957 957 944 944 943 943 960 960 958 958 957 957 961 961 962 962 960 960 963 963 964 964 961 961 959 959 965 965 963 963 965 965 959 959 955 955 964 964 963 963 965 965 962 962 961 961 964 964 958 958 960 960 962 962 966 966 967 967 968 968 969 969 970 970 971 971 972 972 973 973 974 974 975 975 969 969 976 976 970 970 969 969 977 977 978 978 979 979 980 980 980 980 981 981 982 982 983 983 984 984 985 985 986 986 985 985 987 987 988 988 973 973 989 989 990 990 991 991 992 992 991 991 993 993 994 994 995 995 994 994 993 993 972 972 996 996 979 979 997 997 967 967 984 984 984 984 983 983 998 998 988 988 999 999 973 973 992 992 991 991 994 994 994 994 995 995 1000 1000 990 990 985 985 991 991 987 987 1001 1001 1002 1002 1003 1003 980 980 979 979 968 968 997 997 981 981 979 979 989 989 972 972 1004 1004 985 985 1005 1005 987 987 1006 1006 1007 1007 982 982 981 981 997 997 967 967 997 997 968 968 989 989 979 979 978 978 973 973 972 972 989 989 985 985 1001 1001 987 987 1008 1008 999 999 988 988 981 981 980 980 1003 1003 1001 1001 985 985 1004 1004 999 999 1007 1007 1006 1006 1007 1007 999 999 1008 1008 1006 1006 987 987 1002 1002 984 984 998 998 997 997 985 985 990 990 1005 1005 1009 1009 972 972 971 971 1000 1000 995 995 974 974 985 985 986 986 983 983 972 972 1009 1009 996 996 976 976 1010 1010 1011 1011 967 967 976 976 1011 1011 993 993 991 991 1012 1012 976 976 967 967 1013 1013 974 974 995 995 972 972 971 971 970 970 1009 1009 969 969 975 975 977 977 967 967 966 966 1013 1013 1010 1010 976 976 969 969 1014 1014 1015 1015 1016 1016 1015 1015 1014 1014 1017 1017 1018 1018 1019 1019 1020 1020 1019 1019 1018 1018 1021 1021 1022 1022 1023 1023 1024 1024 1023 1023 1022 1022 1025 1025 1026 1026 1027 1027 1028 1028 1027 1027 1026 1026 1029 1029 1030 1030 1031 1031 1032 1032 1031 1031 1030 1030 1033 1033 1034 1034 1035 1035 1036 1036 1035 1035 1034 1034 1037 1037 1038 1038 1039 1039 1040 1040 1039 1039 1038 1038 1041 1041 1042 1042 1043 1043 1044 1044 1043 1043 1042 1042 1045 1045 1046 1046 1047 1047 1048 1048 1047 1047 1046 1046 1049 1049 1050 1050 1051 1051 1052 1052 1051 1051 1050 1050 1053 1053 1054 1054 1055 1055 1056 1056 1055 1055 1054 1054 1057 1057 1058 1058 1059 1059 1060 1060 1059 1059 1058 1058 1061 1061 1062 1062 1063 1063 1064 1064 1062 1062 1064 1064 1065 1065 1062 1062 1066 1066 1063 1063 1062 1062 1067 1067 1066 1066 1062 1062 1068 1068 1069 1069 1062 1062 1070 1070 1067 1067 1062 1062 1071 1071 1070 1070 1062 1062 1069 1069 1072 1072 1062 1062 1072 1072 1073 1073 1074 1074 1062 1062 1073 1073 1062 1062 1074 1074 1071 1071 1062 1062 1065 1065 1068 1068 1075 1075 1076 1076 1077 1077 1078 1078 1077 1077 1079 1079 1077 1077 1078 1078 1075 1075 1076 1076 1075 1075 1080 1080 1081 1081 1080 1080 1082 1082 1083 1083 1082 1082 1084 1084 1085 1085 1084 1084 1086 1086 1087 1087 1086 1086 1088 1088 1089 1089 1088 1088 1090 1090 1091 1091 1090 1090 1092 1092 1093 1093 1094 1094 1095 1095 1095 1095 1092 1092 1093 1093 1094 1094 1093 1093 1096 1096 1097 1097 1096 1096 1098 1098 1079 1079 1098 1098 1078 1078 1080 1080 1081 1081 1076 1076 1084 1084 1085 1085 1083 1083 1086 1086 1087 1087 1085 1085 1088 1088 1089 1089 1087 1087 1090 1090 1091 1091 1089 1089 1092 1092 1095 1095 1091 1091 1096 1096 1097 1097 1094 1094 1098 1098 1079 1079 1097 1097 1082 1082 1083 1083 1081 1081 1099 1099 1100 1100 1101 1101 1102 1102 1103 1103 1104 1104 1103 1103 1102 1102 1105 1105 1106 1106 1107 1107 1108 1108 1107 1107 1106 1106 1109 1109 1107 1107 1110 1110 1108 1108 1107 1107 1109 1109 1111 1111 1107 1107 1111 1111 1112 1112 1107 1107 1112 1112 1113 1113 1107 1107 1113 1113 1114 1114 1107 1107 1114 1114 1115 1115 1107 1107 1115 1115 1116 1116 1107 1107 1116 1116 1117 1117 1107 1107 1117 1117 1118 1118 1107 1107 1118 1118 1110 1110 1119 1119 1120 1120 1121 1121 1119 1119 1122 1122 1120 1120 1119 1119 1123 1123 1122 1122 1119 1119 1124 1124 1123 1123 1119 1119 1125 1125 1124 1124 1119 1119 1126 1126 1125 1125 1119 1119 1127 1127 1126 1126 1119 1119 1128 1128 1127 1127 1119 1119 1129 1129 1128 1128 1129 1129 1119 1119 1130 1130 1119 1119 1131 1131 1130 1130 1119 1119 1121 1121 1131 1131 1132 1132 1133 1133 1134 1134 1132 1132 1135 1135 1133 1133 1136 1136 1132 1132 1134 1134 1132 1132 1136 1136 1137 1137 1132 1132 1137 1137 1138 1138 1132 1132 1138 1138 1139 1139 1132 1132 1139 1139 1140 1140 1132 1132 1140 1140 1141 1141 1132 1132 1141 1141 1142 1142 1132 1132 1142 1142 1143 1143 1132 1132 1143 1143 1144 1144 1132 1132 1144 1144 1135 1135 1145 1145 1146 1146 1147 1147 1145 1145 1148 1148 1149 1149 1145 1145 1149 1149 1150 1150 1145 1145 1150 1150 1151 1151 1145 1145 1151 1151 1152 1152 1145 1145 1152 1152 1153 1153 1145 1145 1154 1154 1155 1155 1145 1145 1147 1147 1154 1154 1145 1145 1153 1153 1156 1156 1145 1145 1156 1156 1157 1157 1145 1145 1157 1157 1146 1146 1148 1148 1145 1145 1155 1155 1158 1158 1159 1159 1160 1160 1158 1158 1160 1160 1161 1161 1158 1158 1161 1161 1162 1162 1158 1158 1162 1162 1163 1163 1158 1158 1163 1163 1164 1164 1158 1158 1164 1164 1165 1165 1158 1158 1165 1165 1166 1166 1158 1158 1166 1166 1167 1167 1158 1158 1168 1168 1169 1169 1159 1159 1158 1158 1170 1170 1158 1158 1169 1169 1170 1170 1158 1158 1167 1167 1168 1168 1171 1171 1172 1172 1173 1173 1171 1171 1174 1174 1172 1172 1171 1171 1175 1175 1176 1176 1177 1177 1171 1171 1176 1176 1171 1171 1178 1178 1175 1175 1171 1171 1177 1177 1174 1174 1171 1171 1179 1179 1178 1178 1171 1171 1180 1180 1179 1179 1171 1171 1181 1181 1180 1180 1171 1171 1182 1182 1181 1181 1171 1171 1183 1183 1182 1182 1171 1171 1173 1173 1183 1183</p></triangles><triangles count="651" material="oriongreymatt-material"><input offset="0" semantic="VERTEX" source="#bau0026152251-mesh-vertices" /><input offset="1" semantic="NORMAL" source="#bau0026152251-mesh-normals" /><p>1184 1184 1185 1185 1186 1186 1185 1185 1184 1184 1187 1187 1188 1188 1189 1189 1190 1190 1191 1191 1192 1192 1193 1193 1192 1192 1191 1191 1194 1194 1195 1195 1193 1193 1196 1196 1193 1193 1195 1195 1191 1191 1197 1197 1192 1192 1198 1198 1199 1199 1200 1200 1201 1201 1202 1202 1201 1201 1203 1203 1204 1204 1205 1205 1206 1206 1205 1205 1188 1188 1207 1207 1190 1190 1208 1208 1209 1209 1210 1210 1188 1188 1205 1205 1208 1208 1190 1190 1189 1189 1208 1208 1206 1206 1209 1209 1189 1189 1188 1188 1210 1210 1206 1206 1211 1211 1209 1209 1212 1212 1213 1213 1214 1214 1215 1215 1216 1216 1217 1217 1205 1205 1204 1204 1210 1210 1214 1214 1211 1211 1216 1216 1216 1216 1215 1215 1214 1214 1217 1217 1218 1218 1215 1215 1192 1192 1197 1197 1193 1193 1211 1211 1214 1214 1213 1213 1197 1197 1212 1212 1219 1219 1201 1201 1202 1202 1199 1199 1218 1218 1207 1207 1220 1220 1198 1198 1190 1190 1221 1221 1207 1207 1218 1218 1222 1222 1218 1218 1217 1217 1222 1222 1212 1212 1221 1221 1223 1223 1224 1224 1214 1214 1225 1225 1192 1192 1194 1194 1201 1201 1212 1212 1196 1196 1219 1219 1196 1196 1203 1203 1195 1195 1214 1214 1224 1224 1212 1212 1220 1220 1207 1207 1188 1188 1206 1206 1208 1208 1204 1204 1190 1190 1198 1198 1188 1188 1203 1203 1201 1201 1194 1194 1224 1224 1203 1203 1196 1196 1196 1196 1212 1212 1224 1224 1200 1200 1199 1199 1226 1226 1212 1212 1197 1197 1198 1198 1203 1203 1224 1224 1202 1202 1213 1213 1212 1212 1223 1223 1211 1211 1206 1206 1216 1216 1221 1221 1212 1212 1198 1198 1227 1227 1228 1228 1229 1229 1228 1228 1230 1230 1229 1229 1230 1230 1228 1228 1231 1231 1228 1228 1232 1232 1233 1233 1232 1232 1228 1228 1234 1234 1228 1228 1235 1235 1234 1234 1228 1228 1227 1227 1235 1235 1236 1236 1237 1237 1238 1238 1239 1239 1240 1240 1241 1241 1237 1237 1236 1236 1242 1242 1240 1240 1239 1239 1243 1243 1240 1240 1243 1243 1244 1244 1238 1238 1237 1237 1245 1245 1246 1246 1244 1244 1243 1243 1239 1239 1241 1241 1247 1247 1245 1245 1237 1237 1248 1248 1246 1246 1243 1243 1249 1249 1250 1250 1251 1251 1252 1252 1253 1253 1254 1254 1255 1255 1256 1256 1254 1254 1253 1253 1257 1257 1252 1252 1251 1251 1254 1254 1256 1256 1250 1250 1258 1258 1259 1259 1260 1260 1250 1250 1252 1252 1261 1261 1259 1259 1262 1262 1263 1263 1264 1264 1256 1256 1265 1265 1262 1262 1259 1259 1258 1258 1266 1266 1267 1267 1268 1268 1256 1256 1264 1264 1250 1250 1251 1251 1269 1269 1270 1270 1263 1263 1271 1271 1272 1272 1273 1273 1274 1274 1275 1275 1269 1269 1251 1251 1264 1264 1251 1251 1250 1250 1264 1264 1262 1262 1271 1271 1263 1263 1267 1267 1263 1263 1272 1272 1266 1266 1276 1276 1277 1277 1278 1278 1279 1279 1280 1280 1271 1271 1262 1262 1281 1281 1267 1267 1266 1266 1263 1263 1276 1276 1266 1266 1268 1268 1277 1277 1282 1282 1283 1283 1279 1279 1278 1278 1284 1284 1257 1257 1279 1279 1285 1285 1282 1282 1277 1277 1276 1276 1249 1249 1275 1275 1246 1246 1279 1279 1257 1257 1280 1280 1252 1252 1257 1257 1285 1285 1248 1248 1286 1286 1287 1287 1288 1288 1289 1289 1290 1290 1244 1244 1284 1284 1278 1278 1275 1275 1249 1249 1273 1273 1289 1289 1288 1288 1273 1273 1274 1274 1273 1273 1288 1288 1240 1240 1282 1282 1291 1291 1247 1247 1287 1287 1239 1239 1241 1241 1240 1240 1291 1291 1237 1237 1242 1242 1292 1292 1284 1284 1244 1244 1293 1293 1248 1248 1237 1237 1286 1286 1287 1287 1247 1247 1248 1248 1244 1244 1246 1246 1293 1293 1282 1282 1240 1240 1283 1283 1294 1294 1295 1295 1296 1296 1294 1294 1296 1296 1297 1297 1295 1295 1294 1294 1298 1298 1299 1299 1300 1300 1301 1301 1302 1302 1303 1303 1304 1304 1305 1305 1300 1300 1299 1299 1306 1306 1300 1300 1305 1305 1307 1307 1300 1300 1308 1308 1303 1303 1302 1302 1300 1300 1300 1300 1309 1309 1303 1303 1300 1300 1302 1302 1308 1308 1300 1300 1307 1307 1310 1310 1303 1303 1311 1311 1312 1312 1311 1311 1313 1313 1312 1312 1311 1311 1303 1303 1309 1309 1300 1300 1306 1306 1309 1309 1313 1313 1311 1311 1314 1314 1315 1315 1316 1316 1317 1317 1316 1316 1315 1315 1318 1318 1318 1318 1319 1319 1320 1320 1318 1318 1315 1315 1319 1319 1321 1321 1322 1322 1323 1323 1324 1324 1322 1322 1325 1325 1322 1322 1324 1324 1326 1326 1322 1322 1321 1321 1325 1325 1327 1327 1328 1328 1329 1329 1327 1327 1330 1330 1328 1328 1330 1330 1327 1327 1331 1331 1332 1332 1333 1333 1334 1334 1333 1333 1332 1332 1335 1335 1336 1336 1337 1337 1338 1338 1339 1339 1340 1340 1341 1341 1337 1337 1336 1336 1342 1342 1337 1337 1342 1342 1340 1340 1337 1337 1343 1343 1338 1338 1343 1343 1337 1337 1344 1344 1345 1345 1339 1339 1346 1346 1339 1339 1345 1345 1347 1347 1339 1339 1341 1341 1346 1346 1340 1340 1339 1339 1337 1337 1348 1348 1349 1349 1350 1350 1349 1349 1348 1348 1351 1351 1352 1352 1353 1353 1354 1354 1353 1353 1352 1352 1355 1355 1356 1356 1352 1352 1357 1357 1352 1352 1356 1356 1355 1355 1358 1358 1359 1359 1360 1360 1359 1359 1358 1358 1361 1361 1362 1362 1363 1363 1364 1364 1365 1365 1366 1366 1367 1367 1368 1368 1369 1369 1370 1370 1366 1366 1365 1365 1371 1371 1368 1368 1370 1370 1372 1372 1366 1366 1373 1373 1368 1368 1363 1363 1362 1362 1374 1374 1375 1375 1376 1376 1377 1377 1374 1374 1375 1375 1363 1363 1362 1362 1364 1364 1368 1368 1368 1368 1378 1378 1362 1362 1375 1375 1374 1374 1376 1376 1368 1368 1372 1372 1378 1378 1366 1366 1371 1371 1373 1373 1369 1369 1368 1368 1373 1373 1379 1379 1380 1380 1381 1381 1382 1382 1383 1383 1384 1384 1380 1380 1379 1379 1384 1384 1385 1385 1386 1386 1383 1383 1386 1386 1385 1385 1387 1387 1383 1383 1382 1382 1385 1385 1384 1384 1379 1379 1382 1382 1388 1388 1389 1389 1390 1390 1391 1391 1392 1392 1393 1393 1391 1391 1393 1393 1394 1394 1395 1395 1396 1396 1392 1392 1389 1389 1388 1388 1396 1396 1392 1392 1391 1391 1395 1395 1396 1396 1395 1395 1389 1389 1397 1397 1398 1398 1399 1399 1399 1399 1400 1400 1397 1397 1401 1401 1402 1402 1403 1403 1400 1400 1399 1399 1402 1402 1402 1402 1401 1401 1400 1400 1398 1398 1397 1397 1404 1404 1398 1398 1404 1404 1405 1405 1406 1406 1407 1407 1408 1408 1409 1409 1408 1408 1407 1407 1410 1410 1411 1411 1409 1409 1411 1411 1410 1410 1412 1412 1408 1408 1409 1409 1411 1411 1407 1407 1406 1406 1413 1413 1414 1414 1415 1415 1416 1416 1417 1417 1418 1418 1414 1414 1418 1418 1417 1417 1419 1419 1415 1415 1414 1414 1418 1418 1420 1420 1416 1416 1415 1415 1416 1416 1420 1420 1421 1421 1422 1422 1423 1423 1424 1424 1423 1423 1422 1422 1425 1425 1423 1423 1425 1425 1426 1426 1427 1427 1428 1428 1429 1429 1428 1428 1427 1427 1430 1430 1431 1431 1432 1432 1433 1433 1432 1432 1431 1431 1434 1434 1435 1435 1436 1436 1437 1437 1435 1435 1438 1438 1436 1436 1435 1435 1439 1439 1438 1438 1439 1439 1435 1435 1440 1440 1441 1441 1442 1442 1443 1443 1440 1440 1442 1442 1441 1441 1442 1442 1440 1440 1435 1435 1444 1444 1445 1445 1446 1446 1447 1447 1448 1448 1444 1444 1448 1448 1447 1447 1449 1449 1445 1445 1444 1444 1448 1448 1450 1450 1451 1451 1452 1452 1452 1452 1453 1453 1450 1450 1451 1451 1450 1450 1454 1454 1455 1455 1456 1456 1457 1457 1456 1456 1455 1455 1458 1458 1459 1459 1453 1453 1460 1460 1451 1451 1461 1461 1452 1452 1453 1453 1459 1459 1456 1456 1462 1462 1459 1459 1460 1460 1461 1461 1463 1463 1464 1464 1456 1456 1458 1458 1453 1453 1463 1463 1461 1461 1465 1465 1459 1459 1466 1466 1467 1467 1460 1460 1453 1453 1452 1452 1466 1466 1459 1459 1462 1462 1465 1465 1461 1461 1451 1451 1468 1468 1469 1469 1470 1470 1469 1469 1468 1468 1471 1471 1472 1472 1473 1473 1474 1474 1472 1472 1475 1475 1473 1473 1475 1475 1472 1472 1476 1476 1477 1477 1478 1478 1479 1479 1478 1478 1477 1477 1480 1480 1481 1481 1482 1482 1483 1483 1482 1482 1481 1481 1484 1484 1485 1485 1486 1486 1487 1487 1486 1486 1485 1485 1488 1488 1489 1489 1490 1490 1491 1491 1490 1490 1489 1489 1492 1492 1493 1493 1494 1494 1495 1495 1494 1494 1493 1493 1496 1496 1497 1497 1498 1498 1499 1499 1498 1498 1497 1497 1500 1500 1501 1501 1502 1502 1503 1503 1502 1502 1501 1501 1504 1504 1505 1505 1506 1506 1507 1507 1508 1508 1505 1505 1509 1509 1505 1505 1508 1508 1506 1506 1510 1510 1511 1511 1512 1512 1511 1511 1510 1510 1513 1513 1514 1514 1515 1515 1516 1516 1515 1515 1514 1514 1517 1517 1517 1517 1514 1514 1518 1518 1519 1519 1520 1520 1521 1521 1520 1520 1519 1519 1522 1522 1523 1523 1524 1524 1525 1525 1524 1524 1526 1526 1527 1527 1524 1524 1523 1523 1526 1526 1528 1528 1529 1529 1530 1530 1529 1529 1528 1528 1531 1531 1532 1532 1533 1533 1534 1534 1535 1535 1533 1533 1532 1532 1533 1533 1535 1535 1536 1536 1537 1537 1538 1538 1539 1539 1538 1538 1537 1537 1540 1540 1541 1541 1542 1542 1543 1543 1542 1542 1541 1541 1544 1544 1545 1545 1546 1546 1547 1547 1546 1546 1545 1545 1548 1548 1549 1549 1550 1550 1551 1551 1550 1550 1549 1549 1552 1552 1553 1553 1554 1554 1555 1555 1554 1554 1553 1553 1556 1556 1557 1557 1558 1558 1559 1559 1558 1558 1557 1557 1560 1560 1561 1561 1562 1562 1563 1563 1562 1562 1561 1561 1564 1564 1565 1565 1566 1566 1567 1567 1566 1566 1565 1565 1568 1568 1569 1569 1570 1570 1571 1571 1570 1570 1569 1569 1572 1572 1573 1573 1574 1574 1575 1575 1574 1574 1573 1573 1576 1576 1577 1577 1578 1578 1579 1579 1578 1578 1577 1577 1580 1580 1581 1581 1582 1582 1583 1583 1582 1582 1581 1581 1584 1584 1585 1585 1586 1586 1587 1587 1586 1586 1585 1585 1588 1588 1589 1589 1590 1590 1591 1591 1590 1590 1592 1592 1593 1593 1590 1590 1589 1589 1592 1592 1594 1594 1595 1595 1596 1596 1595 1595 1597 1597 1598 1598 1597 1597 1595 1595 1594 1594 1599 1599 1600 1600 1601 1601 1600 1600 1599 1599 1602 1602 1603 1603 1604 1604 1605 1605 1606 1606 1607 1607 1603 1603 1607 1607 1606 1606 1608 1608 1605 1605 1609 1609 1610 1610 1611 1611 1608 1608 1606 1606 1604 1604 1603 1603 1607 1607 1609 1609 1605 1605 1604 1604 1608 1608 1611 1611 1612 1612 1613 1613 1614 1614 1615 1615 1614 1614 1613 1613 1616 1616 1617 1617 1618 1618 1619 1619 1620 1620 1621 1621 1622 1622 1621 1621 1620 1620 1623 1623 1624 1624 1622 1622 1621 1621 1618 1618 1617 1617 1624 1624 1622 1622 1624 1624 1617 1617 1625 1625 1626 1626 1627 1627 1626 1626 1628 1628 1629 1629 1628 1628 1626 1626 1630 1630 1626 1626 1625 1625 1630 1630 1628 1628 1631 1631 1632 1632 1631 1631 1628 1628 1630 1630 1633 1633 1634 1634 1635 1635 1634 1634 1633 1633 1636 1636 1636 1636 1637 1637 1638 1638 1638 1638 1639 1639 1640 1640 1639 1639 1638 1638 1637 1637 1637 1637 1636 1636 1633 1633 1641 1641 1642 1642 1643 1643 1644 1644 1645 1645 1646 1646 1647 1647 1648 1648 1649 1649 1650 1650 1651 1651 1652 1652 1643 1643 1653 1653 1648 1648 1641 1641 1654 1654 1655 1655 1648 1648 1653 1653 1649 1649 1655 1655 1652 1652 1656 1656 1655 1655 1657 1657 1652 1652 1642 1642 1641 1641 1658 1658 1659 1659 1648 1648 1660 1660 1661 1661 1662 1662 1663 1663 1662 1662 1651 1651 1644 1644 1651 1651 1662 1662 1643 1643 1645 1645 1644 1644 1651 1651 1652 1652 1664 1664 1656 1656 1657 1657 1650 1650 1652 1652 1651 1651 1650 1650 1645 1645 1657 1657 1655 1655 1654 1654 1641 1641 1665 1665 1658 1658 1641 1641 1666 1666 1665 1665 1641 1641 1643 1643 1661 1661 1653 1653 1643 1643 1642 1642 1648 1648 1647 1647 1660 1660 1654 1654 1641 1641 1667 1667 1648 1648 1659 1659 1652 1652 1650 1650 1657 1657 1668 1668 1664 1664 1652 1652 1659 1659 1666 1666 1641 1641 1655 1655 1662 1662 1661 1661 1643 1643 1669 1669 1670 1670 1671 1671 1670 1670 1669 1669 1672 1672 1672 1672 1673 1673 1674 1674 1674 1674 1675 1675 1676 1676 1673 1673 1672 1672 1669 1669 1675 1675 1674 1674 1673 1673 1677 1677 1678 1678 1679 1679 1678 1678 1677 1677 1680 1680 1680 1680 1677 1677 1681 1681 1682 1682 1679 1679 1678 1678 1683 1683 1684 1684 1682 1682 1685 1685 1682 1682 1684 1684 1684 1684 1683 1683 1686 1686 1679 1679 1682 1682 1685 1685 1687 1687 1688 1688 1689 1689 1688 1688 1690 1690 1691 1691 1692 1692 1693 1693 1694 1694 1688 1688 1693 1693 1690 1690 1693 1693 1692 1692 1690 1690 1693 1693 1688 1688 1687 1687 1695 1695 1696 1696 1697 1697 1698 1698 1697 1697 1699 1699 1696 1696 1695 1695 1700 1700 1698 1698 1699 1699 1701 1701 1697 1697 1698 1698 1695 1695 1702 1702 1703 1703 1704 1704 1703 1703 1702 1702 1705 1705 1706 1706 1707 1707 1708 1708 1709 1709 1706 1706 1710 1710 1706 1706 1709 1709 1711 1711 1706 1706 1711 1711 1707 1707 1712 1712 1713 1713 1714 1714 1715 1715 1714 1714 1716 1716 1714 1714 1715 1715 1712 1712 1717 1717 1718 1718 1719 1719 1715 1715 1718 1718 1717 1717 1720 1720 1717 1717 1721 1721 1718 1718 1715 1715 1716 1716 1717 1717 1720 1720 1715 1715 1719 1719 1722 1722 1723 1723 1713 1713 1712 1712 1722 1722 1722 1722 1719 1719 1713 1713 1713 1713 1719 1719 1718 1718 1723 1723 1720 1720 1721 1721 1720 1720 1723 1723 1722 1722 1724 1724 1725 1725 1726 1726 1727 1727 1725 1725 1724 1724 1728 1728 1725 1725 1727 1727 1725 1725 1728 1728 1729 1729 1730 1730 1731 1731 1732 1732 1731 1731 1730 1730 1733 1733 1734 1734 1735 1735 1736 1736 1737 1737 1738 1738 1735 1735 1739 1739 1740 1740 1741 1741 1734 1734 1736 1736 1740 1740 1738 1738 1742 1742 1743 1743 1735 1735 1734 1734 1737 1737 1738 1738 1737 1737 1742 1742 1740 1740 1739 1739 1734 1734 1744 1744 1745 1745 1746 1746 1747 1747 1748 1748 1749 1749 1745 1745 1744 1744 1750 1750 1749 1749 1745 1745 1750 1750 1748 1748 1747 1747 1751 1751 1745 1745 1749 1749 1748 1748 1752 1752 1753 1753 1754 1754 1755 1755 1754 1754 1753 1753 1753 1753 1752 1752 1756 1756 1754 1754 1755 1755 1757 1757 1756 1756 1758 1758 1759 1759 1758 1758 1756 1756 1752 1752 1760 1760 1761 1761 1762 1762 1761 1761 1760 1760 1763 1763 1764 1764 1765 1765 1766 1766 1765 1765 1764 1764 1767 1767 1768 1768 1767 1767 1764 1764 1767 1767 1768 1768 1769 1769 1764 1764 1766 1766 1770 1770 1771 1771 1772 1772 1773 1773 1772 1772 1771 1771 1774 1774 1775 1775 1776 1776 1777 1777 1776 1776 1778 1778 1779 1779 1779 1779 1780 1780 1781 1781 1777 1777 1776 1776 1782 1782 1783 1783 1784 1784 1785 1785 1780 1780 1779 1779 1778 1778 1784 1784 1783 1783 1786 1786 1775 1775 1783 1783 1776 1776 1786 1786 1783 1783 1787 1787 1776 1776 1783 1783 1778 1778 1783 1783 1775 1775 1787 1787 1788 1788 1789 1789 1790 1790 1790 1790 1791 1791 1792 1792 1793 1793 1794 1794 1788 1788 1794 1794 1793 1793 1795 1795 1789 1789 1788 1788 1794 1794 1791 1791 1790 1790 1789 1789 1796 1796 1797 1797 1798 1798 1799 1799 1800 1800 1801 1801 1796 1796 1799 1799 1802 1802 1803 1803 1799 1799 1796 1796 1799 1799 1803 1803 1800 1800 1803 1803 1793 1793 1800 1800 1804 1804 1805 1805 1806 1806 1807 1807 1808 1808 1809 1809 1810 1810 1809 1809 1811 1811 1806 1806 1811 1811 1804 1804 1805 1805 1804 1804 1812 1812 1798 1798 1812 1812 1796 1796 1809 1809 1813 1813 1814 1814 1811 1811 1814 1814 1815 1815 1804 1804 1815 1815 1816 1816 1812 1812 1816 1816 1817 1817 1796 1796 1817 1817 1803 1803 1814 1814 1818 1818 1819 1819 1815 1815 1819 1819 1820 1820 1816 1816 1820 1820 1821 1821 1817 1817 1821 1821 1822 1822 1803 1803 1822 1822 1795 1795 1819 1819 1823 1823 1824 1824 1820 1820 1824 1824 1825 1825 1821 1821 1825 1825 1826 1826 1822 1822 1826 1826 1827 1827 1795 1795 1827 1827 1794 1794 1824 1824 1828 1828 1829 1829 1825 1825 1829 1829 1830 1830 1811 1811 1806 1806 1810 1810 1809 1809 1810 1810 1807 1807 1808 1808 1807 1807 1831 1831 1812 1812 1798 1798 1805 1805 1813 1813 1809 1809 1808 1808 1814 1814 1811 1811 1809 1809 1815 1815 1804 1804 1811 1811 1816 1816 1812 1812 1804 1804 1817 1817 1796 1796 1812 1812 1818 1818 1814 1814 1813 1813 1793 1793 1803 1803 1795 1795 1832 1832 1789 1789 1833 1833 1834 1834 1833 1833 1835 1835 1836 1836 1835 1835 1830 1830 1837 1837 1830 1830 1829 1829 1838 1838 1829 1829 1828 1828 1833 1833 1794 1794 1827 1827 1835 1835 1827 1827 1826 1826 1830 1830 1826 1826 1825 1825 1829 1829 1825 1825 1824 1824 1828 1828 1824 1824 1823 1823 1827 1827 1795 1795 1822 1822 1826 1826 1822 1822 1821 1821 1825 1825 1821 1821 1820 1820 1824 1824 1820 1820 1819 1819 1823 1823 1819 1819 1818 1818 1822 1822 1803 1803 1817 1817 1821 1821 1817 1817 1816 1816 1820 1820 1816 1816 1815 1815 1819 1819 1815 1815 1814 1814 1826 1826 1830 1830 1835 1835 1827 1827 1835 1835 1833 1833 1794 1794 1833 1833 1789 1789 1829 1829 1838 1838 1837 1837 1830 1830 1837 1837 1836 1836 1835 1835 1836 1836 1834 1834 1833 1833 1834 1834 1832 1832 1789 1789 1832 1832 1791 1791 1800 1800 1793 1793 1839 1839 1797 1797 1796 1796 1802 1802 1840 1840 1841 1841 1842 1842 1843 1843 1844 1844 1845 1845 1841 1841 1846 1846 1847 1847 1848 1848 1840 1840 1849 1849 1849 1849 1850 1850 1851 1851 1851 1851 1852 1852 1853 1853 1853 1853 1854 1854 1855 1855 1854 1854 1853 1853 1852 1852 1852 1852 1851 1851 1850 1850 1850 1850 1849 1849 1840 1840 1840 1840 1848 1848 1841 1841 1845 1845 1846 1846 1848 1848 1846 1846 1845 1845 1844 1844 1846 1846 1841 1841 1848 1848 1844 1844 1843 1843 1856 1856 1857 1857 1858 1858 1859 1859 1860 1860 1861 1861 1862 1862 1857 1857 1863 1863 1858 1858 1864 1864 1863 1863 1857 1857 1865 1865 1866 1866 1864 1864 1863 1863 1864 1864 1866 1866 1866 1866 1865 1865 1867 1867 1865 1865 1868 1868 1867 1867 1868 1868 1862 1862 1861 1861 1861 1861 1860 1860 1869 1869 1868 1868 1865 1865 1862 1862 1870 1870 1871 1871 1872 1872 1871 1871 1870 1870 1873 1873 1874 1874 1875 1875 1876 1876 1877 1877 1878 1878 1879 1879 1878 1878 1880 1880 1881 1881 1879 1879 1881 1881 1882 1882 1875 1875 1882 1882 1883 1883 1884 1884 1876 1876 1885 1885 1886 1886 1879 1879 1875 1875 1887 1887 1888 1888 1878 1878 1876 1876 1883 1883 1889 1889 1881 1881 1890 1890 1891 1891 1882 1882 1891 1891 1892 1892 1883 1883 1892 1892 1893 1893 1889 1889 1893 1893 1894 1894 1895 1895 1894 1894 1896 1896 1897 1897 1898 1898 1899 1899 1897 1897 1900 1900 1901 1901 1900 1900 1897 1897 1899 1899 1889 1889 1902 1902 1876 1876 1902 1902 1889 1889 1895 1895 1876 1876 1898 1898 1885 1885 1898 1898 1876 1876 1902 1902 1898 1898 1897 1897 1885 1885 1894 1894 1895 1895 1889 1889 1888 1888 1887 1887 1903 1903 1878 1878 1877 1877 1887 1887 1879 1879 1886 1886 1877 1877 1875 1875 1874 1874 1886 1886 1876 1876 1884 1884 1874 1874 1880 1880 1878 1878 1888 1888 1881 1881 1879 1879 1878 1878 1882 1882 1875 1875 1879 1879 1883 1883 1876 1876 1875 1875 1890 1890 1881 1881 1880 1880 1891 1891 1882 1882 1881 1881 1892 1892 1883 1883 1882 1882 1893 1893 1889 1889 1883 1883 1904 1904 1905 1905 1906 1906 1907 1907 1905 1905 1908 1908 1905 1905 1907 1907 1909 1909 1910 1910 1905 1905 1911 1911 1905 1905 1910 1910 1908 1908 1910 1910 1911 1911 1912 1912 1912 1912 1911 1911 1913 1913 1905 1905 1904 1904 1911 1911 1906 1906 1914 1914 1904 1904 1915 1915 1916 1916 1914 1914 1917 1917 1918 1918 1916 1916 1916 1916 1915 1915 1917 1917 1918 1918 1917 1917 1919 1919 1914 1914 1906 1906 1915 1915 1920 1920 1921 1921 1922 1922 1923 1923 1924 1924 1920 1920 1925 1925 1926 1926 1923 1923 1921 1921 1920 1920 1924 1924 1924 1924 1923 1923 1926 1926 1926 1926 1925 1925 1927 1927 1928 1928 1929 1929 1930 1930 1929 1929 1928 1928 1931 1931 1932 1932 1933 1933 1934 1934 1933 1933 1932 1932 1935 1935 1936 1936 1937 1937 1938 1938 1937 1937 1936 1936 1939 1939 1940 1940 1941 1941 1942 1942 1941 1941 1940 1940 1943 1943 1944 1944 1945 1945 1946 1946 1945 1945 1944 1944 1947 1947 1948 1948 1949 1949 1950 1950 1949 1949 1948 1948 1951 1951 1952 1952 1953 1953 1954 1954 1953 1953 1952 1952 1955 1955 1956 1956 1957 1957 1958 1958 1957 1957 1956 1956 1959 1959 1960 1960 1961 1961 1962 1962 1961 1961 1960 1960 1963 1963 1964 1964 1965 1965 1966 1966 1965 1965 1964 1964 1967 1967 1968 1968 1969 1969 1970 1970 1969 1969 1968 1968 1971 1971 1972 1972 1973 1973 1974 1974 1975 1975 1976 1976 1977 1977 1977 1977 1973 1973 1972 1972 1976 1976 1975 1975 1978 1978 1973 1973 1977 1977 1976 1976 1979 1979 1980 1980 1981 1981 1980 1980 1979 1979 1982 1982</p></triangles></mesh></geometry></library_geometries><library_visual_scenes><visual_scene id="VisualSceneNode" name="VisualSceneNode"><node id="Main-Component-Node1" name="bau0026152251"><instance_geometry url="#bau0026152251-mesh" name="bau0026152251"><bind_material><technique_common><instance_material symbol="zincplated-material" target="#zincplated-material" /><instance_material symbol="oriongreymatt-material" target="#oriongreymatt-material" /></technique_common></bind_material></instance_geometry></node></visual_scene></library_visual_scenes><scene><instance_visual_scene url="#VisualSceneNode" /></scene></COLLADA>