<?xml version="1.0" encoding="utf-8"?><COLLADA xmlns:xsd="http://www.w3.org/2001/XMLSchema" xmlns:xsi="http://www.w3.org/2001/XMLSchema-instance" version="1.4.1" xmlns="http://www.collada.org/2005/11/COLLADASchema"><asset><contributor><author>bau05662</author><authoring_tool>Blum.Cape.SolidWorks.Export.Collada 25.0.0.0</authoring_tool></contributor><created>0001-01-01T00:00:00</created><modified>2026-02-18T08:31:29.5258395+01:00</modified><unit meter="0.001" name="millimeter" /></asset><library_effects><effect id="white-effect"><profile_COMMON><technique sid="common"><phong><emission><color sid="emission">0 0 0 0</color></emission><ambient><color sid="ambient">0.871849574807697 0.871849574807697 0.839396720452679 1</color></ambient><diffuse><color sid="diffuse">0.871849574807697 0.871849574807697 0.839396720452679 1</color></diffuse><specular><color sid="specular">0.991136764316137 0.991136764316137 0.991136764316137 1</color></specular><shininess><float sid="shininess">0.1</float></shininess><reflective><color sid="reflective">1 1 1 1</color></reflective><reflectivity><float sid="reflectivity">0</float></reflectivity><transparent><color>1 1 1 1</color></transparent><transparency><float sid="transparency">1</float></transparency><index_of_refraction><float sid="index_of_refraction">1</float></index_of_refraction></phong></technique></profile_COMMON></effect><effect id="zincplated-effect"><profile_COMMON><technique sid="common"><phong><emission><color sid="emission">0 0 0 0</color></emission><ambient><color sid="ambient">0.408975652376015 0.419604810831399 0.486751175550744 1</color></ambient><diffuse><color sid="diffuse">0.408975652376015 0.419604810831399 0.486751175550744 1</color></diffuse><specular><color sid="specular">0.991136764316137 0.991136764316137 0.991136764316137 1</color></specular><shininess><float sid="shininess">0.1</float></shininess><reflective><color sid="reflective">1 1 1 1</color></reflective><reflectivity><float sid="reflectivity">1</float></reflectivity><transparent><color>1 1 1 1</color></transparent><transparency><float sid="transparency">1</float></transparency><index_of_refraction><float sid="index_of_refraction">1</float></index_of_refraction></phong></technique></profile_COMMON></effect><effect id="oriongreymatt-effect"><profile_COMMON><technique sid="common"><phong><emission><color sid="emission">0 0 0 0</color></emission><ambient><color sid="ambient">0.113502777804244 0.116016134223458 0.106154548287322 1</color></ambient><diffuse><color sid="diffuse">0.113502777804244 0.116016134223458 0.106154548287322 1</color></diffuse><specular><color sid="specular">0.991136764316137 0.991136764316137 0.991136764316137 1</color></specular><shininess><float sid="shininess">0.1</float></shininess><reflective><color sid="reflective">1 1 1 1</color></reflective><reflectivity><float sid="reflectivity">0</float></reflectivity><transparent><color>1 1 1 1</color></transparent><transparency><float sid="transparency">1</float></transparency><index_of_refraction><float sid="index_of_refraction">1</float></index_of_refraction></phong></technique></profile_COMMON></effect></library_effects><library_materials><material id="white-material" name="white"><instance_effect url="#white-effect" /></material><material id="zincplated-material" name="zincplated"><instance_effect url="#zincplated-effect" /></material><material id="oriongreymatt-material" name="oriongreymatt"><instance_effect url="#oriongreymatt-effect" /></material></library_materials><library_geometries><geometry id="bau0074335174-mesh" name="bau0074335174"><mesh><source id="bau0074335174-mesh-positions"><float_array id="bau0074335174-mesh-positions-array" count="8568">-13.2510596886277 48.6087016761303 -453.20001244545 -13.9499995857477 38.8999991118908 -453.20001244545 -13.4726585820317 48.7671419978142 -453.20001244545 -13.0751924589276 48.4006628394127 -453.20001244545 -13.7263974174857 48.866268247366 -453.20001244545 -13.9967147260904 48.9000007510185 -453.20001244545 -18.6000000685453 38.8999991118908 -453.20001244545 -18.6000000685453 48.9000007510185 -453.20001244545 -8.41586757451296 -7.30000017210841 -453.20001244545 -13.9499995857477 27.8999991714954 -453.20001244545 -18.6000000685453 -7.30000017210841 -453.20001244545 -18.6000000685453 27.8999991714954 -453.20001244545 -12.9003282636404 47.8890873491764 -453.20001244545 -9.60000045597553 -7.30000017210841 -453.20001244545 -12.9558425396681 48.1557846069336 -453.20001244545 -18.6000000685453 -6.59999996423721 -442.00000166893 -18.6000000685453 -2.46238801628351 -443.36000084877 -18.6000000685453 -0.642872590105981 -448.100000619888 -18.6000000685453 27.8999991714954 -453.20001244545 -18.6000000685453 38.8999991118908 -454.360038042068 -18.6000000685453 27.8999991714954 -454.360038042068 -18.6000000685453 48.9000007510185 -437.000006437302 -18.6000000685453 46.7000007629395 -444.900006055832 -18.6000000685453 46.7000007629395 -438.100010156631 -18.6000000685453 38.8999991118908 -453.20001244545 -18.6000000685453 38.1928719580173 -448.100000619888 -18.6000000685453 42.9200008511543 -444.900006055832 -18.6000000685453 -2.73281219415367 -438.199996948242 -18.6000000685453 42.9200008511543 -438.100010156631 -18.6000000685453 40.2828119695187 -438.199996948242 -18.6000000685453 48.9000007510185 -453.20001244545 -18.6000000685453 11.0328122973442 -438.199996948242 -18.6000000685453 -6.59999996423721 -437.000006437302 -18.6000000685453 26.5171881765127 -438.199996948242 -18.6000000685453 40.012389421463 -443.36000084877 -18.6000000685453 10.7623878866434 -443.36000084877 -18.6000000685453 26.7876125872135 -443.36000084877 -18.6000000685453 28.607128188014 -448.100000619888 -18.6000000685453 -7.30000017210841 -453.20001244545 -18.6000000685453 8.9428722858429 -448.100000619888 -18.6000000685453 -7.30000017210841 -442.00000166893 -27.0847007632256 48.8625168800354 -437.000006437302 -27.577817440033 48.577819019556 -437.000006437302 -27.3499991744757 48.7526282668114 -437.000006437302 -25.2000000327826 -6.59999996423721 -437.000006437302 -27.5611411780119 -17.9036483168602 -437.000006437302 -27.7036484330893 -17.7611410617828 -437.000006437302 -27.8625190258026 48.0847023427486 -437.000006437302 -27.7526285499334 48.3499988913536 -437.000006437302 -27.2002685815096 -18.0774349719286 -437.000006437302 -27.0000007003546 -18.1000009179115 -437.000006437302 -27.8999991714954 47.800000756979 -437.000006437302 -27.3904949426651 -18.0108714848757 -437.000006437302 -27.8108716011047 -17.590494826436 -437.000006437302 -27.8774350881577 -17.4002684652805 -437.000006437302 -27.8999991714954 -17.2000005841255 -437.000006437302 -18.6000000685453 48.9000007510185 -437.000006437302 -26.7999991774559 48.9000007510185 -437.000006437302 -18.6000000685453 -6.59999996423721 -437.000006437302 -25.2000000327826 -18.1000009179115 -437.000006437302 -23.700000718236 -2.46238801628351 -443.36000084877 -18.6000000685453 -2.73281219415367 -438.199996948242 -23.700000718236 -2.73281219415367 -438.199996948242 -18.6000000685453 -2.46238801628351 -443.36000084877 -18.6000000685453 -2.73281219415367 -438.199996948242 -23.700000718236 11.0328122973442 -438.199996948242 -23.700000718236 -2.73281219415367 -438.199996948242 -18.6000000685453 11.0328122973442 -438.199996948242 -18.6000000685453 10.7623878866434 -443.36000084877 -23.700000718236 11.0328122973442 -438.199996948242 -18.6000000685453 11.0328122973442 -438.199996948242 -23.700000718236 10.7623878866434 -443.36000084877 -18.6000000685453 8.9428722858429 -448.100000619888 -23.700000718236 10.7623878866434 -443.36000084877 -18.6000000685453 10.7623878866434 -443.36000084877 -23.700000718236 8.9428722858429 -448.100000619888 -18.6000000685453 8.9428722858429 -448.100000619888 -23.700000718236 -0.642872590105981 -448.100000619888 -23.700000718236 8.9428722858429 -448.100000619888 -18.6000000685453 -0.642872590105981 -448.100000619888 -18.6000000685453 -0.642872590105981 -448.100000619888 -23.700000718236 -2.46238801628351 -443.36000084877 -23.700000718236 -0.642872590105981 -448.100000619888 -18.6000000685453 -2.46238801628351 -443.36000084877 -23.700000718236 10.7623878866434 -443.36000084877 -23.700000718236 -2.46238801628351 -443.36000084877 -23.700000718236 -2.73281219415367 -438.199996948242 -23.700000718236 8.9428722858429 -448.100000619888 -23.700000718236 11.0328122973442 -438.199996948242 -23.700000718236 -0.642872590105981 -448.100000619888 -23.700000718236 26.7876125872135 -443.36000084877 -18.6000000685453 26.5171881765127 -438.199996948242 -23.700000718236 26.5171881765127 -438.199996948242 -18.6000000685453 26.7876125872135 -443.36000084877 -18.6000000685453 40.2828119695187 -438.199996948242 -23.700000718236 26.5171881765127 -438.199996948242 -18.6000000685453 26.5171881765127 -438.199996948242 -23.700000718236 40.2828119695187 -438.199996948242 -18.6000000685453 40.012389421463 -443.36000084877 -23.700000718236 40.2828119695187 -438.199996948242 -18.6000000685453 40.2828119695187 -438.199996948242 -23.700000718236 40.012389421463 -443.36000084877 -23.700000718236 40.012389421463 -443.36000084877 -18.6000000685453 38.1928719580173 -448.100000619888 -23.700000718236 38.1928719580173 -448.100000619888 -18.6000000685453 40.012389421463 -443.36000084877 -18.6000000685453 38.1928719580173 -448.100000619888 -23.700000718236 28.607128188014 -448.100000619888 -23.700000718236 38.1928719580173 -448.100000619888 -18.6000000685453 28.607128188014 -448.100000619888 -23.700000718236 26.7876125872135 -443.36000084877 -18.6000000685453 28.607128188014 -448.100000619888 -18.6000000685453 26.7876125872135 -443.36000084877 -23.700000718236 28.607128188014 -448.100000619888 -23.700000718236 38.1928719580173 -448.100000619888 -23.700000718236 26.7876125872135 -443.36000084877 -23.700000718236 40.012389421463 -443.36000084877 -23.700000718236 26.5171881765127 -438.199996948242 -23.700000718236 40.2828119695187 -438.199996948242 -23.700000718236 28.607128188014 -448.100000619888 -18.6000000685453 46.7000007629395 -438.100010156631 -23.700000718236 42.9200008511543 -438.100010156631 -18.6000000685453 42.9200008511543 -438.100010156631 -23.700000718236 46.7000007629395 -438.100010156631 -18.6000000685453 46.7000007629395 -444.900006055832 -23.700000718236 46.7000007629395 -438.100010156631 -18.6000000685453 46.7000007629395 -438.100010156631 -23.700000718236 46.7000007629395 -444.900006055832 -23.700000718236 42.9200008511543 -444.900006055832 -18.6000000685453 46.7000007629395 -444.900006055832 -18.6000000685453 42.9200008511543 -444.900006055832 -23.700000718236 46.7000007629395 -444.900006055832 -18.6000000685453 42.9200008511543 -444.900006055832 -23.700000718236 42.9200008511543 -438.100010156631 -23.700000718236 42.9200008511543 -444.900006055832 -18.6000000685453 42.9200008511543 -438.100010156631 -23.700000718236 46.7000007629395 -438.100010156631 -23.700000718236 42.9200008511543 -444.900006055832 -23.700000718236 42.9200008511543 -438.100010156631 -23.700000718236 46.7000007629395 -444.900006055832 -13.9499995857477 38.8999991118908 -453.20001244545 -13.9499995857477 27.8999991714954 -453.945219516754 -13.9499995857477 38.8999991118908 -453.945219516754 -13.9499995857477 27.8999991714954 -453.20001244545 -16.1893758922815 27.8999991714954 -456.184595823288 -13.9499995857477 38.8999991118908 -453.945219516754 -13.9499995857477 27.8999991714954 -453.945219516754 -16.1893758922815 38.8999991118908 -456.184595823288 -22.6000007241964 27.8999991714954 -455.848634243011 -16.1893758922815 38.8999991118908 -456.184595823288 -16.1893758922815 27.8999991714954 -456.184595823288 -22.6000007241964 38.8999991118908 -455.848634243011 -22.6000007241964 38.8999991118908 -455.848634243011 -22.6000007241964 27.8999991714954 -454.429864883423 -22.6000007241964 38.8999991118908 -454.429864883423 -22.6000007241964 27.8999991714954 -455.848634243011 -22.6000007241964 27.8999991714954 -454.429864883423 -18.6000000685453 38.8999991118908 -454.360038042068 -22.6000007241964 38.8999991118908 -454.429864883423 -18.6000000685453 27.8999991714954 -454.360038042068 -18.6000000685453 38.8999991118908 -454.360038042068 -22.6000007241964 38.8999991118908 -455.848634243011 -22.6000007241964 38.8999991118908 -454.429864883423 -13.9499995857477 38.8999991118908 -453.945219516754 -18.6000000685453 38.8999991118908 -453.20001244545 -16.1893758922815 38.8999991118908 -456.184595823288 -13.9499995857477 38.8999991118908 -453.20001244545 -18.6000000685453 27.8999991714954 -453.20001244545 -13.9499995857477 27.8999991714954 -453.945219516754 -13.9499995857477 27.8999991714954 -453.20001244545 -18.6000000685453 27.8999991714954 -454.360038042068 -16.1893758922815 27.8999991714954 -456.184595823288 -22.6000007241964 27.8999991714954 -455.848634243011 -22.6000007241964 27.8999991714954 -454.429864883423 -29.899999499321 -35.1999998092651 -40.0000028312206 -29.899999499321 -34.4999991357327 -47.4404320120811 -29.899999499321 -35.1999998092651 -46.8530617654324 -29.899999499321 -34.4999991357327 -32.0595689117908 -29.899999499321 -35.1999998092651 -32.6469391584396 -29.899999499321 -35.1999998092651 -181.500002741814 -31.1250016093254 -34.4999991357327 -181.500002741814 -29.899999499321 -34.4999991357327 -181.500002741814 -34.400001168251 -35.1999998092651 -181.500002741814 -34.400001168251 -34.4999991357327 -181.500002741814 -39.9605855345726 -35.7359163463116 -80.807238817215 -38.4881645441055 -35.1999998092651 -97.4999964237213 -38.4881645441055 -35.1999998092651 -79.3348103761673 -39.9605855345726 -35.7359163463116 -145.810768008232 -38.4881645441055 -35.1999998092651 -147.283181548119 -39.9605855345726 -35.7359163463116 -80.807238817215 -40.1999987661839 -35.0781343877316 -145.571351051331 -39.9605855345726 -35.7359163463116 -145.810768008232 -40.1999987661839 -35.0781343877316 -81.0466483235359 -38.6115908622742 -34.4999991357327 -79.4582441449165 -40.1999987661839 -35.0781343877316 -145.571351051331 -40.1999987661839 -35.0781343877316 -81.0466483235359 -38.6115908622742 -34.4999991357327 -147.15975522995 -39.6318510174751 -35.6162674725056 31.2508009374142 -39.1142144799232 -35.4278646409512 32.1473740041256 -39.2867065966129 -35.4906469583511 31.9506861269474 -39.9605855345726 -35.7359163463116 30.0239473581314 -38.4881645441055 -35.1999998092651 32.5875170528889 -38.6999994516373 -35.2771021425724 32.4652120471001 -38.4881645441055 -35.1999998092651 4.72500175237656 -39.9605855345726 -35.7359163463116 -20.6860639154911 -38.4881645441055 -35.1999998092651 -22.1584867686033 -39.4320525228977 -35.5435460805893 31.7331627011299 -39.5477600395679 -35.5856604874134 31.4985290169716 -39.9605855345726 -35.7359163463116 -20.6860639154911 -40.1999987661839 -35.0781343877316 29.1304402053356 -40.1999987661839 -35.0781343877316 -20.4466488212347 -39.9605855345726 -35.7359163463116 30.0239473581314 -39.1142144799232 -34.6829406917095 32.1473740041256 -39.6318510174751 -34.8713435232639 31.2508009374142 -39.2867065966129 -34.7457230091095 31.9506861269474 -39.4320525228977 -34.7986221313477 31.7331627011299 -39.5477600395679 -34.8407365381718 31.4985290169716 -38.6999994516373 -34.5321781933308 32.4652120471001 -40.1999987661839 -35.0781343877316 29.1304402053356 -38.6115908622742 -34.4999991357327 32.5162559747696 -38.6115908622742 -34.4999991357327 4.72500175237656 -40.1999987661839 -35.0781343877316 -20.4466488212347 -38.6115908622742 -34.4999991357327 -22.0350567251444 -25.2000000327826 -34.4999991357327 35.5000011622906 -25.2000000327826 -24.5050005614758 19.3499997258186 -25.2000000327826 -28.4950006753206 19.3499997258186 -25.2000000327826 -34.4999991357327 4.72500175237656 -25.2000000327826 -28.4950006753206 10.3500001132488 -25.2000000327826 -6.59999996423721 -442.00000166893 -25.2000000327826 -18.1000009179115 -437.000006437302 -25.2000000327826 -6.59999996423721 -437.000006437302 -25.2000000327826 -34.4999991357327 -432.500004768372 -25.2000000327826 -28.4950006753206 -421.440005302429 -25.2000000327826 -32.2999991476536 -432.500004768372 -25.2000000327826 -18.1000009179115 35.5000011622906 -25.2000000327826 -24.5050005614758 10.3500001132488 -25.2000000327826 -32.2999991476536 -442.00000166893 -25.2000000327826 -28.4950006753206 -430.559992790222 -25.2000000327826 -34.4999991357327 -404.000014066696 -25.2000000327826 -24.5050005614758 -430.559992790222 -25.2000000327826 -24.5050005614758 -421.440005302429 -25.2000000327826 -34.4999991357327 -78.0000016093254 -25.2000000327826 -34.4999991357327 -317.999988794327 -25.2000000327826 -34.4999991357327 -249.274998903275 -25.2000000327826 -34.4999991357327 -189.724996685982 -9.60000045597553 -35.1499989628792 -453.20001244545 -6.89999992027879 -25.9553827345371 -453.20001244545 -8.20000004023314 -35.1499989628792 -453.20001244545 -6.89999992027879 -41.4500012993813 -453.20001244545 -7.55000021308661 -42.1000011265278 -453.20001244545 -8.17785132676363 -41.6182316839695 -453.20001244545 -8.20000004023314 -41.4500012993813 -453.20001244545 -7.0903804153204 -41.9096201658249 -453.20001244545 -7.22499983385205 -42.0129150152206 -453.20001244545 -6.92214816808701 -41.6182316839695 -453.20001244545 -6.9870837032795 -41.7749993503094 -453.20001244545 -7.38176750019193 -42.0778505504131 -453.20001244545 -7.87500012665987 -42.0129150152206 -453.20001244545 -7.71823246032 -42.0778505504131 -453.20001244545 -8.11291672289371 -41.7749993503094 -453.20001244545 -8.00961907953024 -41.9096201658249 -453.20001244545 -25.0592343509197 -35.5146043002605 35.5000011622906 -25.2000000327826 -34.4999991357327 35.5000011622906 -25.3323148936033 -35.6422811746597 35.5000011622906 -24.8265918344259 -35.3228971362114 35.5000011622906 -24.4999993592501 -18.1000009179115 35.5000011622906 -25.2000000327826 -18.1000009179115 35.5000011622906 -24.649066850543 -35.0792594254017 35.5000011622906 -31.300000846386 -35.1999998092651 35.5000011622906 -31.1250016093254 -34.4999991357327 35.5000011622906 -31.300000846386 -34.4999991357327 35.5000011622906 -24.5378650724888 -34.7990654408932 35.5000011622906 -25.6285984069109 -35.6978736817837 35.5000011622906 -25.9293876588345 -35.6778725981712 35.5000011622906 -26.2157004326582 -35.5835370719433 35.5000011622906 -26.4694690704346 -35.4208238422871 35.5000011622906 -26.6746785491705 -35.1999998092651 35.5000011622906 -24.4999993592501 -34.4999991357327 35.5000011622906 -26.6746785491705 -35.1999998092651 -40.0000028312206 -26.4694690704346 -35.4208238422871 35.5000011622906 -26.6746785491705 -35.1999998092651 4.72500175237656 -26.6746785491705 -35.1999998092651 35.5000011622906 -26.2157004326582 -35.5835370719433 -432.500004768372 -26.4694690704346 -35.4208238422871 -432.500004768372 -25.9293876588345 -35.6778725981712 -432.500004768372 -26.2157004326582 -35.5835370719433 35.5000011622906 -25.6285984069109 -35.6978736817837 -432.500004768372 -25.9293876588345 -35.6778725981712 35.5000011622906 -25.3323148936033 -35.6422811746597 -432.500004768372 -25.6285984069109 -35.6978736817837 35.5000011622906 -25.0592343509197 -35.5146043002605 -432.500004768372 -25.3323148936033 -35.6422811746597 35.5000011622906 -24.8265918344259 -35.3228971362114 -432.500004768372 -25.0592343509197 -35.5146043002605 35.5000011622906 -24.649066850543 -35.0792594254017 -432.500004768372 -24.8265918344259 -35.3228971362114 35.5000011622906 -24.5378650724888 -34.7990654408932 -432.500004768372 -24.649066850543 -35.0792594254017 35.5000011622906 -24.4999993592501 -34.4999991357327 -432.500004768372 -24.5378650724888 -34.7990654408932 35.5000011622906 -24.4999993592501 -34.4999991357327 35.5000011622906 -26.6746785491705 -35.1999998092651 -317.999988794327 -26.6746785491705 -35.1999998092651 -404.000014066696 -26.6746785491705 -35.1999998092651 -189.724996685982 -26.6746785491705 -35.1999998092651 -249.274998903275 -26.6746785491705 -35.1999998092651 -97.4999964237213 -26.6746785491705 -35.1999998092651 -432.500004768372 -26.6746785491705 -35.1999998092651 4.72500175237656 -30.9246424585581 -35.1999998092651 -9.05933603644371 -30.9000033885241 -35.1999998092651 -9.24999639391899 -36.1499972641468 -35.1999998092651 4.72500175237656 -35.3613123297691 -35.1999998092651 -8.53038113564253 -35.1714342832565 -35.1999998092651 -8.50030314177275 -26.6746785491705 -35.1999998092651 -40.0000028312206 -29.899999499321 -35.1999998092651 -31.7331552505493 -29.899999499321 -35.1999998092651 -32.6469391584396 -32.3987789452076 -35.1999998092651 -22.7928590029478 -34.4012230634689 -35.1999998092651 -22.7928590029478 -34.4367139041424 -35.1999998092651 -22.9818001389503 -31.8198539316654 -35.1999998092651 -8.51948279887438 -31.62856772542 -35.1999998092651 -8.50030314177275 -32.2809256613255 -35.1999998092651 -23.1555122882128 -32.3632843792439 -35.1999998092651 -22.9818001389503 -34.8000191152096 -35.1999998092651 -23.4133396297693 -34.9801480770111 -35.1999998092651 -23.4805177897215 -34.9801480770111 -35.1999998092651 -8.51948279887438 -34.8000191152096 -35.1999998092651 -8.58665909618139 -31.4386896789074 -35.1999998092651 -8.53038113564253 -31.2626957893372 -35.1999998092651 -8.60774144530296 -31.9999828934669 -35.1999998092651 -23.4133396297693 -32.1571119129658 -35.1999998092651 -23.3025792986155 -34.5190726220608 -35.1999998092651 -23.1555122882128 -34.6428863704205 -35.1999998092651 -23.3025792986155 -36.1499972641468 -35.1999998092651 -31.7331552505493 -35.3613123297691 -35.1999998092651 -23.4696194529533 -35.5373062193394 -35.1999998092651 -23.3922582119703 -31.9999828934669 -35.1999998092651 -8.58665909618139 -30.9969410300255 -35.1999998092651 -8.88120289891958 -31.8198539316654 -35.1999998092651 -23.4805177897215 -34.1986939311028 -35.1999998092651 -19.2542895674706 -31.1121474951506 -35.1999998092651 -23.2726987451315 -31.2626957893372 -35.1999998092651 -23.3922582119703 -26.6746785491705 -35.1999998092651 -97.4999964237213 -31.4386896789074 -35.1999998092651 -132.530376315117 -31.2626957893372 -35.1999998092651 -132.607743144035 -29.899999499321 -35.1999998092651 -181.500002741814 -30.9969410300255 -35.1999998092651 -147.118791937828 -31.1121474951506 -35.1999998092651 -147.272706031799 -32.3987789452076 -35.1999998092651 -146.792858839035 -34.4012230634689 -35.1999998092651 -146.792858839035 -34.4367139041424 -35.1999998092651 -146.981805562973 -35.1714342832565 -35.1999998092651 -147.499695420265 -34.9801480770111 -35.1999998092651 -147.480517625809 -34.400001168251 -35.1999998092651 -181.500002741814 -35.3613123297691 -35.1999998092651 -147.469624876976 -35.5373062193394 -35.1999998092651 -147.392258048058 -36.1499972641468 -35.1999998092651 -97.4999964237213 -35.8753576874733 -35.1999998092651 -133.059337735176 -35.803060978651 -35.1999998092651 -132.881209254265 -35.9250009059906 -35.1999998092651 -232.358619570732 -37.9690825939178 -35.1999998092651 -199.266850948334 -36.556676030159 -35.1999998092651 -232.843324542046 -37.0413772761822 -35.1999998092651 -233.474999666214 -37.4500006437302 -35.1999998092651 -234.999999403954 -37.9690825939178 -35.1999998092651 -249.274998903275 -37.3460724949837 -35.1999998092651 -234.210595488548 -37.3460724949837 -35.1999998092651 -235.789403319359 -37.0413772761822 -35.1999998092651 -236.524999141693 -36.556676030159 -35.1999998092651 -237.156674265862 -35.9250009059906 -35.1999998092651 -237.641379237175 -36.1499972641468 -35.1999998092651 -249.274998903275 -29.899999499321 -35.1999998092651 -46.8530617654324 -29.899999499321 -35.1999998092651 -40.0000028312206 -38.4881645441055 -35.1999998092651 -204.516589641571 -38.4000018239021 -35.1999998092651 -204.428434371948 -38.4000018239021 -35.1999998092651 -199.266850948334 -35.3613123297691 -35.1999998092651 -132.530376315117 -35.5373062193394 -35.1999998092651 -132.607743144035 -34.5190726220608 -35.1999998092651 -132.844492793083 -32.2809256613255 -35.1999998092651 -132.844492793083 -32.1571119129658 -35.1999998092651 -132.6974183321 -31.62856772542 -35.1999998092651 -132.500305771828 -31.1121474951506 -35.1999998092651 -132.727295160294 -30.9969410300255 -35.1999998092651 -132.881209254265 -30.9246424585581 -35.1999998092651 -146.940663456917 -31.2626957893372 -35.1999998092651 -147.392258048058 -31.9999828934669 -35.1999998092651 -147.413343191147 -32.1571119129658 -35.1999998092651 -147.302582859993 -31.8198539316654 -35.1999998092651 -147.480517625809 -34.6428863704205 -35.1999998092651 -147.302582859993 -35.803060978651 -35.1999998092651 -147.118791937828 -35.8753576874733 -35.1999998092651 -146.940663456917 -35.8999967575073 -35.1999998092651 -133.249998092651 -35.6878526508808 -35.1999998092651 -132.727295160294 -34.6428863704205 -35.1999998092651 -132.6974183321 -31.9999828934669 -35.1999998092651 -132.586658000946 -30.9246424585581 -35.1999998092651 -133.059337735176 -30.9000033885241 -35.1999998092651 -146.750003099442 -32.2809256613255 -35.1999998092651 -147.15550839901 -32.3632843792439 -35.1999998092651 -146.981805562973 -34.5190726220608 -35.1999998092651 -147.15550839901 -35.1714342832565 -35.1999998092651 -23.4996974468231 -35.6878526508808 -35.1999998092651 -23.2726987451315 -35.803060978651 -35.1999998092651 -23.1187976896763 -34.4367139041424 -35.1999998092651 -9.01819951832294 -32.3632843792439 -35.1999998092651 -9.01819951832294 -32.2809256613255 -35.1999998092651 -8.84448830038309 -31.1121474951506 -35.1999998092651 -8.72729998081923 -33.5996821522713 -35.1999998092651 -18.5253228992224 -34.1620035469532 -35.1999998092651 -19.0563797950745 -30.9246424585581 -35.1999998092651 -22.9406636208296 -30.9969410300255 -35.1999998092651 -23.1187976896763 -35.6878526508808 -35.1999998092651 -8.72729998081923 -35.5373062193394 -35.1999998092651 -8.60774144530296 -34.6428863704205 -35.1999998092651 -8.69742035865784 -34.5190726220608 -35.1999998092651 -8.84448830038309 -32.1571119129658 -35.1999998092651 -8.69742035865784 -33.0132767558098 -35.1999998092651 -18.5996852815151 -33.200316131115 -35.1999998092651 -18.5253228992224 -32.6013080775738 -35.1999998092651 -19.2542895674706 -30.9000033885241 -35.1999998092651 -22.7500032633543 -31.4386896789074 -35.1999998092651 -23.4696194529533 -35.803060978651 -35.1999998092651 -8.88120289891958 -32.6379984617233 -35.1999998092651 -19.0563797950745 -32.7229239046574 -35.1999998092651 -18.873892724514 -33.3999991416931 -35.1999998092651 -18.5000021010637 -31.62856772542 -35.1999998092651 -23.4996974468231 -35.8753576874733 -35.1999998092651 -9.05933603644371 -32.3987789452076 -35.1999998092651 -9.20714065432549 -33.3999991416931 -35.1999998092651 -56.4999990165234 -36.1499972641468 -35.1999998092651 -47.7668456733227 -36.4000014960766 -35.1999998092651 -56.4999990165234 -29.899999499321 -35.1999998092651 -47.7668456733227 -33.3999991416931 -35.1999998092651 -62.5 -31.8198539316654 -35.1999998092651 -132.519483566284 -34.9801480770111 -35.1999998092651 -132.519483566284 -35.1714342832565 -35.1999998092651 -132.500305771828 -31.4386896789074 -35.1999998092651 -147.469624876976 -36.4000014960766 -35.1999998092651 -62.5 -34.8000191152096 -35.1999998092651 -147.413343191147 -26.6746785491705 -35.1999998092651 -189.724996685982 -33.9492857456207 -35.1999998092651 -18.7183786183596 -34.0770743787289 -35.1999998092651 -18.873892724514 -35.8999967575073 -35.1999998092651 -9.24999639391899 -34.1986939311028 -35.1999998092651 -12.7457110211253 -32.6013080775738 -35.1999998092651 -12.7457110211253 -32.8507162630558 -35.1999998092651 -18.7183786183596 -37.9690825939178 -35.1999998092651 -404.000014066696 -38.4881645441055 -35.1999998092651 -317.999988794327 -38.4881645441055 -35.1999998092651 -404.000014066696 -36.1499972641468 -35.1999998092651 -404.000014066696 -37.9690825939178 -35.1999998092651 -317.999988794327 -33.5996821522713 -35.1999998092651 -365.474671125412 -32.8507162630558 -35.1999998092651 -365.281611680984 -33.7867252528667 -35.1999998092651 -365.400314331055 -32.7229239046574 -35.1999998092651 -365.126103162766 -33.9492857456207 -35.1999998092651 -365.281611680984 -35.6878526508808 -35.1999998092651 -147.272706031799 -36.1499972641468 -35.1999998092651 -181.733161211014 -34.8000191152096 -35.1999998092651 -132.586658000946 -32.3632843792439 -35.1999998092651 -133.01819562912 -31.62856772542 -35.1999998092651 -147.499695420265 -35.8999967575073 -35.1999998092651 -146.750003099442 -34.4012230634689 -35.1999998092651 -133.207142353058 -32.3987789452076 -35.1999998092651 -133.207142353058 -30.9000033885241 -35.1999998092651 -133.249998092651 -32.6379984617233 -35.1999998092651 -143.056377768517 -34.1620035469532 -35.1999998092651 -143.056377768517 -34.1986939311028 -35.1999998092651 -143.254294991493 -38.4881645441055 -35.1999998092651 -429.587513208389 -34.400001168251 -35.1999998092651 -181.733161211014 -34.4367139041424 -35.1999998092651 -133.01819562912 -37.9690825939178 -35.1999998092651 4.72500175237656 -37.9690825939178 -35.1999998092651 -31.7331552505493 -38.4000018239021 -35.1999998092651 -22.2466494888067 -38.4000018239021 -35.1999998092651 -31.7331552505493 -38.4881645441055 -35.1999998092651 32.5875170528889 -38.4881645441055 -35.1999998092651 4.72500175237656 -37.9690825939178 -35.1999998092651 32.8872092068195 -35.9250009059906 -35.1999998092651 23.6413776874542 -35.300001502037 -35.1999998092651 34.4282016158104 -35.1893976330757 -35.1999998092651 18.0539265275002 -35.9250009059906 -35.1999998092651 18.3586217463017 -26.6746785491705 -35.1999998092651 -404.000014066696 -33.4435924887657 -35.1999998092651 -432.500004768372 -26.6746785491705 -35.1999998092651 -432.500004768372 -37.9690825939178 -35.1999998092651 -429.88720536232 -38.4881645441055 -35.1999998092651 -249.274998903275 -36.1499972641468 -35.1999998092651 -199.266850948334 -34.400001168251 -35.1999998092651 -204.500004649162 -34.400001168251 -35.1999998092651 -199.266850948334 -29.899999499321 -35.1999998092651 -189.724996685982 -37.9690825939178 -35.1999998092651 -97.4999964237213 -37.9690825939178 -35.1999998092651 -181.733161211014 -38.4000018239021 -35.1999998092651 -147.371351718903 -38.4000018239021 -35.1999998092651 -181.733161211014 -38.4881645441055 -35.1999998092651 -79.3348103761673 -38.4881645441055 -35.1999998092651 -97.4999964237213 -37.9690825939178 -35.1999998092651 -47.7668456733227 -26.6746785491705 -35.1999998092651 -249.274998903275 -30.9246424585581 -35.1999998092651 -261.05934381485 -30.9000033885241 -35.1999998092651 -261.249989271164 -36.1499972641468 -35.1999998092651 -317.999988794327 -32.6013080775738 -35.1999998092651 -143.254294991493 -34.1986939311028 -35.1999998092651 -136.7457062006 -32.6013080775738 -35.1999998092651 -136.7457062006 -33.0132767558098 -35.1999998092651 -142.599686980247 -34.0770743787289 -35.1999998092651 -142.873898148537 -33.200316131115 -35.1999998092651 -137.474671006203 -32.6379984617233 -35.1999998092651 -136.943623423576 -32.8507162630558 -35.1999998092651 -142.718374729156 -33.7867252528667 -35.1999998092651 -137.400314211845 -33.5996821522713 -35.1999998092651 -137.474671006203 -32.7229239046574 -35.1999998092651 -142.873898148537 -33.5996821522713 -35.1999998092651 -142.52533018589 -33.7867252528667 -35.1999998092651 -142.599686980247 -34.1620035469532 -35.1999998092651 -136.943623423576 -33.3999991416931 -35.1999998092651 -137.500002980232 -33.3999991416931 -35.1999998092651 -142.499998211861 -33.200316131115 -35.1999998092651 -142.52533018589 -33.9492857456207 -35.1999998092651 -142.718374729156 -34.0770743787289 -35.1999998092651 -137.126103043556 -32.8507162630558 -35.1999998092651 -137.281626462936 -32.7229239046574 -35.1999998092651 -137.126103043556 -33.9492857456207 -35.1999998092651 -137.281626462936 -33.0132767558098 -35.1999998092651 -137.400314211845 -38.4881645441055 -35.1999998092651 -147.283181548119 -38.4000018239021 -35.1999998092651 -79.2466476559639 -38.4000018239021 -35.1999998092651 -47.7668456733227 -34.9801480770111 -35.1999998092651 -275.480508804321 -35.1714342832565 -35.1999998092651 -275.499701499939 -26.6746785491705 -35.1999998092651 -317.999988794327 -31.4386896789074 -35.1999998092651 -275.46963095665 -31.62856772542 -35.1999998092651 -275.499701499939 -34.5190726220608 -35.1999998092651 -260.844498872757 -32.1571119129658 -35.1999998092651 -260.697424411774 -31.9999828934669 -35.1999998092651 -260.586649179459 -31.1121474951506 -35.1999998092651 -275.272697210312 -31.2626957893372 -35.1999998092651 -275.392264127731 -31.8198539316654 -35.1999998092651 -275.480508804321 -31.9999828934669 -35.1999998092651 -275.413334369659 -35.5373062193394 -35.1999998092651 -260.607749223709 -35.3613123297691 -35.1999998092651 -260.530382394791 -31.4386896789074 -35.1999998092651 -260.530382394791 -31.2626957893372 -35.1999998092651 -260.607749223709 -30.9000033885241 -35.1999998092651 -274.749994277954 -30.9246424585581 -35.1999998092651 -274.940669536591 -34.6428863704205 -35.1999998092651 -275.302588939667 -34.8000191152096 -35.1999998092651 -275.413334369659 -35.3613123297691 -35.1999998092651 -275.46963095665 -35.5373062193394 -35.1999998092651 -275.392264127731 -35.1714342832565 -35.1999998092651 -260.500311851501 -31.62856772542 -35.1999998092651 -260.500311851501 -31.1121474951506 -35.1999998092651 -260.727286338806 -30.9969410300255 -35.1999998092651 -275.118798017502 -32.3987789452076 -35.1999998092651 -274.792850017548 -34.4012230634689 -35.1999998092651 -274.792850017548 -34.4367139041424 -35.1999998092651 -274.981796741486 -34.9801480770111 -35.1999998092651 -260.519474744797 -34.8000191152096 -35.1999998092651 -260.586649179459 -30.9969410300255 -35.1999998092651 -260.881215333939 -32.2809256613255 -35.1999998092651 -275.155514478683 -32.3632843792439 -35.1999998092651 -274.981796741486 -31.3500016927719 -35.1999998092651 20.9999997168779 -26.6746785491705 -35.1999998092651 35.5000011622906 -35.803060978651 -35.1999998092651 -275.118798017502 -35.8753576874733 -35.1999998092651 -274.940669536591 -35.6878526508808 -35.1999998092651 -275.272697210312 -35.8753576874733 -35.1999998092651 -261.05934381485 -35.803060978651 -35.1999998092651 -260.881215333939 -34.6428863704205 -35.1999998092651 -260.697424411774 -31.8198539316654 -35.1999998092651 -260.519474744797 -32.1571119129658 -35.1999998092651 -275.302588939667 -34.5190726220608 -35.1999998092651 -275.155514478683 -30.9246424585581 -35.1999998092651 -361.059337854385 -30.9000033885241 -35.1999998092651 -361.249983310699 -35.1893976330757 -35.1999998092651 -237.946078181267 -35.8999967575073 -35.1999998092651 -261.249989271164 -35.6878526508808 -35.1999998092651 -260.727286338806 -34.4367139041424 -35.1999998092651 -261.018186807632 -32.3632843792439 -35.1999998092651 -261.018186807632 -32.2809256613255 -35.1999998092651 -260.844498872757 -33.5996821522713 -35.1999998092651 -270.525336265564 -34.1620035469532 -35.1999998092651 -271.05638384819 -34.1986939311028 -35.1999998092651 -271.254301071167 -35.8999967575073 -35.1999998092651 -274.749994277954 -32.3987789452076 -35.1999998092651 -261.20713353157 -32.6013080775738 -35.1999998092651 -271.254301071167 -33.0132767558098 -35.1999998092651 -270.599693059921 -33.200316131115 -35.1999998092651 -270.525336265564 -34.1986939311028 -35.1999998092651 -264.745712280273 -32.6013080775738 -35.1999998092651 -264.745712280273 -32.6379984617233 -35.1999998092651 -271.05638384819 -33.3999991416931 -35.1999998092651 -270.500004291534 -34.4012230634689 -35.1999998092651 -261.20713353157 -32.7229239046574 -35.1999998092651 -270.87390422821 -32.8507162630558 -35.1999998092651 -270.718365907669 -33.9492857456207 -35.1999998092651 -270.718365907669 -34.0770743787289 -35.1999998092651 -270.87390422821 -32.8507162630558 -35.1999998092651 -265.281617641449 -32.6379984617233 -35.1999998092651 -264.94362950325 -33.7867252528667 -35.1999998092651 -270.599693059921 -34.1620035469532 -35.1999998092651 -264.94362950325 -34.0770743787289 -35.1999998092651 -265.12610912323 -33.9492857456207 -35.1999998092651 -265.281617641449 -33.5996821522713 -35.1999998092651 -265.474677085876 -33.3999991416931 -35.1999998092651 -265.500009059906 -33.7867252528667 -35.1999998092651 -265.400320291519 -33.200316131115 -35.1999998092651 -265.474677085876 -33.0132767558098 -35.1999998092651 -265.400320291519 -32.7229239046574 -35.1999998092651 -265.12610912323 -34.9801480770111 -35.1999998092651 -375.480502843857 -35.1714342832565 -35.1999998092651 -375.499695539474 -31.4386896789074 -35.1999998092651 -375.469624996185 -31.62856772542 -35.1999998092651 -375.499695539474 -31.4386896789074 -35.1999998092651 -360.530376434326 -31.2626957893372 -35.1999998092651 -360.607743263245 -31.4539261162281 -35.1999998092651 -234.210595488548 -29.899999499321 -35.1999998092651 -204.500004649162 -31.3500016927719 -35.1999998092651 -234.999999403954 -32.8750014305115 -35.1999998092651 -232.358619570732 -33.6106009781361 -35.1999998092651 -232.05392062664 -33.6106009781361 -35.1999998092651 -237.946078181267 -32.8750014305115 -35.1999998092651 -237.641379237175 -32.2433225810528 -35.1999998092651 -237.156674265862 -31.7586213350296 -35.1999998092651 -236.524999141693 -31.4539261162281 -35.1999998092651 -235.789403319359 -31.7586213350296 -35.1999998092651 -233.474999666214 -32.2433225810528 -35.1999998092651 -232.843324542046 -34.400001168251 -35.1999998092651 -238.049998879433 -34.400001168251 -35.1999998092651 -231.949999928474 -35.1893976330757 -35.1999998092651 -232.05392062664 -30.9969410300255 -35.1999998092651 -375.118792057037 -31.1121474951506 -35.1999998092651 -375.272691249847 -31.9999828934669 -35.1999998092651 -375.413328409195 -32.1571119129658 -35.1999998092651 -375.302582979202 -35.5373062193394 -35.1999998092651 -360.607743263245 -35.3613123297691 -35.1999998092651 -360.530376434326 -30.9969410300255 -35.1999998092651 -360.881209373474 -30.9246424585581 -35.1999998092651 -374.940663576126 -31.2626957893372 -35.1999998092651 -375.392258167267 -31.8198539316654 -35.1999998092651 -375.480502843857 -34.6428863704205 -35.1999998092651 -375.302582979202 -35.5373062193394 -35.1999998092651 -375.392258167267 -35.6878526508808 -35.1999998092651 -375.272691249847 -32.1571119129658 -35.1999998092651 -360.697418451309 -31.9999828934669 -35.1999998092651 -360.586673021317 -31.1121474951506 -35.1999998092651 -360.727310180664 -30.9000033885241 -35.1999998092651 -374.750018119812 -32.3987789452076 -35.1999998092651 -374.792873859406 -34.4012230634689 -35.1999998092651 -374.792873859406 -34.4367139041424 -35.1999998092651 -374.981790781021 -34.8000191152096 -35.1999998092651 -375.413328409195 -35.3613123297691 -35.1999998092651 -375.469624996185 -34.9801480770111 -35.1999998092651 -360.519468784332 -34.8000191152096 -35.1999998092651 -360.586673021317 -31.4539261162281 -35.1999998092651 21.7893980443478 -31.7586213350296 -35.1999998092651 22.5249994546175 -34.0361595153809 -35.1999998092651 35.0175425410271 -33.6106009781361 -35.1999998092651 23.9460729062557 -32.6891839504242 -35.1999998092651 35.3784635663033 -32.2433225810528 -35.1999998092651 23.156676441431 -32.8750014305115 -35.1999998092651 23.6413776874542 -31.300000846386 -35.1999998092651 35.5000011622906 -33.6106009781361 -35.1999998092651 18.0539265275002 -34.400001168251 -35.1999998092651 24.0499991923571 -34.400001168251 -35.1999998092651 17.9500002413988 -31.7586213350296 -35.1999998092651 19.4749999791384 -31.4539261162281 -35.1999998092651 20.2106013894081 -32.8750014305115 -35.1999998092651 18.3586217463017 -32.2433225810528 -35.1999998092651 18.84332485497 -35.1893976330757 -35.1999998092651 23.9460729062557 -36.556676030159 -35.1999998092651 23.156676441431 -37.3460724949837 -35.1999998092651 21.7893980443478 -37.4500006437302 -35.1999998092651 20.9999997168779 -37.3460724949837 -35.1999998092651 20.2106013894081 -37.0413772761822 -35.1999998092651 22.5249994546175 -37.0413772761822 -35.1999998092651 19.4749999791384 -36.556676030159 -35.1999998092651 18.84332485497 -38.4881645441055 -35.1999998092651 -22.1584867686033 -33.0132767558098 -35.1999998092651 -365.400314331055 -33.3999991416931 -35.1999998092651 -365.500003099442 -33.200316131115 -35.1999998092651 -365.474671125412 -32.8507162630558 -35.1999998092651 -13.2816210389137 -33.200316131115 -35.1999998092651 -13.4746767580509 -33.0132767558098 -35.1999998092651 -13.4003153070807 -33.7867252528667 -35.1999998092651 -13.4003153070807 -33.9492857456207 -35.1999998092651 -13.2816210389137 -32.6379984617233 -35.1999998092651 -12.9436207935214 -33.3999991416931 -35.1999998092651 -13.4999984875321 -32.7229239046574 -35.1999998092651 -13.1261078640819 -34.0770743787289 -35.1999998092651 -13.1261078640819 -33.5996821522713 -35.1999998092651 -13.4746767580509 -32.6379984617233 -35.1999998092651 -364.943623542786 -34.1620035469532 -35.1999998092651 -12.9436207935214 -35.8999967575073 -35.1999998092651 -22.7500032633543 -35.8753576874733 -35.1999998092651 -22.9406636208296 -34.4012230634689 -35.1999998092651 -9.20714065432549 -33.7867252528667 -35.1999998092651 -18.5996852815151 -32.2809256613255 -35.1999998092651 -375.155508518219 -32.3632843792439 -35.1999998092651 -374.981790781021 -34.5190726220608 -35.1999998092651 -375.155508518219 -35.803060978651 -35.1999998092651 -375.118792057037 -35.8753576874733 -35.1999998092651 -374.940663576126 -35.1714342832565 -35.1999998092651 -360.500305891037 -34.4367139041424 -35.1999998092651 -361.01821064949 -32.3632843792439 -35.1999998092651 -361.01821064949 -32.2809256613255 -35.1999998092651 -360.844492912292 -31.8198539316654 -35.1999998092651 -360.519468784332 -31.62856772542 -35.1999998092651 -360.500305891037 -35.8999967575073 -35.1999998092651 -361.249983310699 -35.8753576874733 -35.1999998092651 -361.059337854385 -35.6878526508808 -35.1999998092651 -360.727310180664 -35.803060978651 -35.1999998092651 -360.881209373474 -34.5190726220608 -35.1999998092651 -360.844492912292 -33.0132767558098 -35.1999998092651 -370.599687099457 -34.1620035469532 -35.1999998092651 -371.056377887726 -34.1986939311028 -35.1999998092651 -371.254295110703 -35.8999967575073 -35.1999998092651 -374.750018119812 -34.6428863704205 -35.1999998092651 -360.697418451309 -34.4012230634689 -35.1999998092651 -361.207127571106 -32.3987789452076 -35.1999998092651 -361.207127571106 -32.6013080775738 -35.1999998092651 -371.254295110703 -32.8507162630558 -35.1999998092651 -370.718389749527 -34.1986939311028 -35.1999998092651 -364.745706319809 -32.6013080775738 -35.1999998092651 -364.745706319809 -32.6379984617233 -35.1999998092651 -371.056377887726 -33.5996821522713 -35.1999998092651 -370.525330305099 -33.7867252528667 -35.1999998092651 -370.599687099457 -32.7229239046574 -35.1999998092651 -370.873898267746 -33.3999991416931 -35.1999998092651 -370.49999833107 -33.200316131115 -35.1999998092651 -370.525330305099 -34.0770743787289 -35.1999998092651 -370.873898267746 -34.1620035469532 -35.1999998092651 -364.943623542786 -33.9492857456207 -35.1999998092651 -370.718389749527 -34.0770743787289 -35.1999998092651 -365.126103162766 -39.9605855345726 -35.7359163463116 -279.090076684952 -38.4881645441055 -35.1999998092651 -317.999988794327 -38.4881645441055 -35.1999998092651 -249.274998903275 -39.9605855345726 -35.7359163463116 -241.128131747246 -38.4881645441055 -35.1999998092651 -204.516589641571 -39.9605855345726 -35.7359163463116 -205.989018082619 -39.1142144799232 -35.4278646409512 -429.147362709045 -39.6318510174751 -35.6162674725056 -428.250789642334 -39.2867065966129 -35.4906469583511 -428.950697183609 -39.4320525228977 -35.5435460805893 -428.733170032501 -39.5477600395679 -35.5856604874134 -428.498536348343 -39.9605855345726 -35.7359163463116 -427.023947238922 -38.4881645441055 -35.1999998092651 -429.587513208389 -38.4881645441055 -35.1999998092651 -404.000014066696 -38.6999994516373 -35.2771021425724 -429.46520447731 -39.9605855345726 -35.7359163463116 -355.014026165009 -39.9605855345726 -35.7359163463116 -392.975986003876 -39.9605855345726 -35.7359163463116 -317.052066326141 -39.9605855345726 -35.7359163463116 -355.014026165009 -40.1999987661839 -35.0781343877316 -392.936378717422 -39.9605855345726 -35.7359163463116 -392.975986003876 -40.1999987661839 -35.0781343877316 -317.078143358231 -39.9605855345726 -35.7359163463116 -317.052066326141 -40.1999987661839 -35.0781343877316 -355.007261037827 -40.1999987661839 -35.0781343877316 -279.149025678635 -39.9605855345726 -35.7359163463116 -279.090076684952 -40.1999987661839 -35.0781343877316 -241.219893097878 -39.9605855345726 -35.7359163463116 -241.128131747246 -40.1999987661839 -35.0781343877316 -426.130443811417 -40.1999987661839 -35.0781343877316 -206.228420138359 -39.9605855345726 -35.7359163463116 -205.989018082619 -39.9605855345726 -35.7359163463116 -427.023947238922 -40.1999987661839 -35.0781343877316 -355.007261037827 -38.6115908622742 -34.4999991357327 -317.078143358231 -38.6115908622742 -34.4999991357327 -355.007261037827 -40.1999987661839 -35.0781343877316 -317.078143358231 -38.6115908622742 -34.4999991357327 -279.149025678635 -40.1999987661839 -35.0781343877316 -279.149025678635 -38.6115908622742 -34.4999991357327 -241.219893097878 -40.1999987661839 -35.0781343877316 -206.228420138359 -40.1999987661839 -35.0781343877316 -241.219893097878 -39.4320525228977 -34.7986221313477 -428.733170032501 -39.6318510174751 -34.8713435232639 -428.250789642334 -39.2867065966129 -34.7457230091095 -428.950697183609 -39.1142144799232 -34.6829406917095 -429.147362709045 -38.6999994516373 -34.5321781933308 -429.46520447731 -40.1999987661839 -35.0781343877316 -426.130443811417 -38.6115908622742 -34.4999991357327 -392.936378717422 -38.6115908622742 -34.4999991357327 -429.51625585556 -39.5477600395679 -34.8407365381718 -428.498536348343 -40.1999987661839 -35.0781343877316 -392.936378717422 -38.6115908622742 -34.4999991357327 -204.64001595974 -36.6749987006187 -34.4999991357327 -78.0000016093254 -38.4000018239021 -34.4999991357327 -79.2466476559639 -38.4000018239021 -34.4999991357327 -78.0000016093254 -38.4000018239021 -34.4999991357327 -47.4404320120811 -36.6749987006187 -34.4999991357327 -47.4404320120811 -36.6749987006187 -34.4999991357327 -182.059571146965 -38.4000018239021 -34.4999991357327 -147.371351718903 -38.4000018239021 -34.4999991357327 -182.059571146965 -38.6115908622742 -34.4999991357327 -79.4582441449165 -38.6115908622742 -34.4999991357327 -147.15975522995 -25.2000000327826 -34.4999991357327 -78.0000016093254 -31.1121474951506 -34.4999991357327 -132.727295160294 -31.1250016093254 -34.4999991357327 -78.0000016093254 -25.2000000327826 -34.4999991357327 -189.724996685982 -29.899999499321 -34.4999991357327 -204.500004649162 -29.899999499321 -34.4999991357327 -189.724996685982 -34.400001168251 -34.4999991357327 -204.500004649162 -35.9250009059906 -34.4999991357327 -232.358619570732 -36.556676030159 -34.4999991357327 -232.843324542046 -36.6749987006187 -34.4999991357327 -198.940426111221 -38.4000018239021 -34.4999991357327 -204.428434371948 -38.4000018239021 -34.4999991357327 -198.940426111221 -38.6115908622742 -34.4999991357327 -429.51625585556 -36.6749987006187 -34.4999991357327 -404.000014066696 -33.4435924887657 -34.4999991357327 -432.500004768372 -31.1250016093254 -34.4999991357327 -404.000014066696 -38.6115908622742 -34.4999991357327 32.5162559747696 -35.9250009059906 -34.4999991357327 23.6413776874542 -36.556676030159 -34.4999991357327 23.156676441431 -38.6115908622742 -34.4999991357327 4.72500175237656 -36.556676030159 -34.4999991357327 18.84332485497 -36.6749987006187 -34.4999991357327 4.72500175237656 -38.6115908622742 -34.4999991357327 -22.0350567251444 -31.1250016093254 -34.4999991357327 -32.0595689117908 -31.2626957893372 -34.4999991357327 -23.3922582119703 -31.1121474951506 -34.4999991357327 -23.2726987451315 -25.2000000327826 -34.4999991357327 4.72500175237656 -31.1121474951506 -34.4999991357327 -8.72729998081923 -31.1250016093254 -34.4999991357327 4.72500175237656 -31.1250016093254 -34.4999991357327 -47.4404320120811 -31.1250016093254 -34.4999991357327 -317.999988794327 -31.2626957893372 -34.4999991357327 -275.392264127731 -31.1121474951506 -34.4999991357327 -275.272697210312 -25.2000000327826 -34.4999991357327 -249.274998903275 -31.1121474951506 -34.4999991357327 -260.727286338806 -31.1250016093254 -34.4999991357327 -249.274998903275 -31.2626957893372 -34.4999991357327 -375.392258167267 -31.1121474951506 -34.4999991357327 -375.272691249847 -31.1250016093254 -34.4999991357327 35.5000011622906 -25.2000000327826 -34.4999991357327 35.5000011622906 -25.2000000327826 -34.4999991357327 -432.500004768372 -25.2000000327826 -34.4999991357327 -404.000014066696 -36.6749987006187 -34.4999991357327 -249.274998903275 -38.6115908622742 -34.4999991357327 -279.149025678635 -38.6115908622742 -34.4999991357327 -241.219893097878 -36.6749987006187 -34.4999991357327 -317.999988794327 -38.6115908622742 -34.4999991357327 -355.007261037827 -38.6115908622742 -34.4999991357327 -317.078143358231 -34.1620035469532 -34.4999991357327 -143.056377768517 -32.6379984617233 -34.4999991357327 -143.056377768517 -32.6013080775738 -34.4999991357327 -143.254294991493 -31.1250016093254 -34.4999991357327 -181.500002741814 -31.2626957893372 -34.4999991357327 -147.392258048058 -31.1121474951506 -34.4999991357327 -147.272706031799 -35.1714342832565 -34.4999991357327 -147.499695420265 -34.9801480770111 -34.4999991357327 -147.480517625809 -31.62856772542 -34.4999991357327 -132.500305771828 -31.8198539316654 -34.4999991357327 -132.519483566284 -34.400001168251 -34.4999991357327 -181.500002741814 -35.3613123297691 -34.4999991357327 -147.469624876976 -31.62856772542 -34.4999991357327 -147.499695420265 -31.4386896789074 -34.4999991357327 -147.469624876976 -34.9801480770111 -34.4999991357327 -132.519483566284 -35.1714342832565 -34.4999991357327 -132.500305771828 -34.4367139041424 -34.4999991357327 -146.981805562973 -32.2809256613255 -34.4999991357327 -147.15550839901 -32.1571119129658 -34.4999991357327 -147.302582859993 -31.4386896789074 -34.4999991357327 -132.530376315117 -31.2626957893372 -34.4999991357327 -132.607743144035 -34.8000191152096 -34.4999991357327 -132.586658000946 -35.3613123297691 -34.4999991357327 -132.530376315117 -35.5373062193394 -34.4999991357327 -132.607743144035 -35.6878526508808 -34.4999991357327 -147.272706031799 -35.5373062193394 -34.4999991357327 -147.392258048058 -34.6428863704205 -34.4999991357327 -147.302582859993 -34.5190726220608 -34.4999991357327 -147.15550839901 -31.9999828934669 -34.4999991357327 -147.413343191147 -31.8198539316654 -34.4999991357327 -147.480517625809 -31.9999828934669 -34.4999991357327 -132.586658000946 -32.1571119129658 -34.4999991357327 -132.6974183321 -35.803060978651 -34.4999991357327 -147.118791937828 -35.8753576874733 -34.4999991357327 -146.940663456917 -35.8999967575073 -34.4999991357327 -146.750003099442 -34.8000191152096 -34.4999991357327 -147.413343191147 -32.3632843792439 -34.4999991357327 -133.01819562912 -34.4367139041424 -34.4999991357327 -133.01819562912 -34.5190726220608 -34.4999991357327 -132.844492793083 -35.803060978651 -34.4999991357327 -132.881209254265 -35.8753576874733 -34.4999991357327 -133.059337735176 -35.6878526508808 -34.4999991357327 -132.727295160294 -34.400001168251 -34.4999991357327 -182.059571146965 -35.8999967575073 -34.4999991357327 -133.249998092651 -32.3632843792439 -34.4999991357327 -146.981805562973 -32.2809256613255 -34.4999991357327 -132.844492793083 -34.6428863704205 -34.4999991357327 -132.6974183321 -38.6115908622742 -34.4999991357327 -392.936378717422 -31.1250016093254 -34.4999991357327 -432.500004768372 -30.9000033885241 -34.4999991357327 -361.249983310699 -30.9000033885241 -34.4999991357327 -374.750018119812 -25.2000000327826 -34.4999991357327 -317.999988794327 -30.9246424585581 -34.4999991357327 -374.940663576126 -30.9969410300255 -34.4999991357327 -375.118792057037 -30.9969410300255 -34.4999991357327 -360.881209373474 -30.9246424585581 -34.4999991357327 -361.059337854385 -31.1121474951506 -34.4999991357327 -360.727310180664 -34.0770743787289 -34.4999991357327 -365.126103162766 -32.8507162630558 -34.4999991357327 -365.281611680984 -33.9492857456207 -34.4999991357327 -365.281611680984 -33.5996821522713 -34.4999991357327 -365.474671125412 -33.3999991416931 -34.4999991357327 -365.500003099442 -33.0132767558098 -34.4999991357327 -365.400314331055 -33.7867252528667 -34.4999991357327 -365.400314331055 -33.200316131115 -34.4999991357327 -365.474671125412 -32.7229239046574 -34.4999991357327 -365.126103162766 -34.1620035469532 -34.4999991357327 -364.943623542786 -32.6379984617233 -34.4999991357327 -364.943623542786 -32.7229239046574 -34.4999991357327 -370.873898267746 -34.1986939311028 -34.4999991357327 -371.254295110703 -32.8507162630558 -34.4999991357327 -370.718389749527 -33.7867252528667 -34.4999991357327 -370.599687099457 -33.9492857456207 -34.4999991357327 -370.718389749527 -34.1620035469532 -34.4999991357327 -371.056377887726 -32.6013080775738 -34.4999991357327 -364.745706319809 -32.6379984617233 -34.4999991357327 -371.056377887726 -33.0132767558098 -34.4999991357327 -370.599687099457 -33.200316131115 -34.4999991357327 -370.525330305099 -33.3999991416931 -34.4999991357327 -370.49999833107 -33.5996821522713 -34.4999991357327 -370.525330305099 -34.0770743787289 -34.4999991357327 -370.873898267746 -35.8999967575073 -34.4999991357327 -361.249983310699 -35.8753576874733 -34.4999991357327 -361.059337854385 -34.1986939311028 -34.4999991357327 -364.745706319809 -32.3987789452076 -34.4999991357327 -361.207127571106 -32.6013080775738 -34.4999991357327 -371.254295110703 -34.4012230634689 -34.4999991357327 -374.792873859406 -35.8999967575073 -34.4999991357327 -374.750018119812 -35.803060978651 -34.4999991357327 -360.881209373474 -34.4012230634689 -34.4999991357327 -361.207127571106 -32.3987789452076 -34.4999991357327 -374.792873859406 -35.803060978651 -34.4999991357327 -375.118792057037 -35.8753576874733 -34.4999991357327 -374.940663576126 -34.4367139041424 -34.4999991357327 -374.981790781021 -34.4367139041424 -34.4999991357327 -361.01821064949 -32.3632843792439 -34.4999991357327 -361.01821064949 -32.2809256613255 -34.4999991357327 -375.155508518219 -32.3632843792439 -34.4999991357327 -374.981790781021 -34.6428863704205 -34.4999991357327 -375.302582979202 -31.9999828934669 -34.4999991357327 -375.413328409195 -35.3613123297691 -34.4999991357327 -375.469624996185 -35.5373062193394 -34.4999991357327 -375.392258167267 -35.6878526508808 -34.4999991357327 -375.272691249847 -34.6428863704205 -34.4999991357327 -360.697418451309 -31.9999828934669 -34.4999991357327 -360.586673021317 -34.5190726220608 -34.4999991357327 -360.844492912292 -32.2809256613255 -34.4999991357327 -360.844492912292 -32.1571119129658 -34.4999991357327 -360.697418451309 -34.5190726220608 -34.4999991357327 -375.155508518219 -35.6878526508808 -34.4999991357327 -360.727310180664 -35.5373062193394 -34.4999991357327 -360.607743263245 -32.1571119129658 -34.4999991357327 -375.302582979202 -34.8000191152096 -34.4999991357327 -375.413328409195 -35.3613123297691 -34.4999991357327 -360.530376434326 -35.1714342832565 -34.4999991357327 -360.500305891037 -34.9801480770111 -34.4999991357327 -360.519468784332 -34.8000191152096 -34.4999991357327 -360.586673021317 -31.8198539316654 -34.4999991357327 -360.519468784332 -31.62856772542 -34.4999991357327 -360.500305891037 -31.4386896789074 -34.4999991357327 -360.530376434326 -31.2626957893372 -34.4999991357327 -360.607743263245 -31.8198539316654 -34.4999991357327 -375.480502843857 -35.1714342832565 -34.4999991357327 -375.499695539474 -34.9801480770111 -34.4999991357327 -375.480502843857 -31.4386896789074 -34.4999991357327 -375.469624996185 -31.62856772542 -34.4999991357327 -375.499695539474 -30.9000033885241 -34.4999991357327 -274.749994277954 -30.9246424585581 -34.4999991357327 -274.940669536591 -30.9000033885241 -34.4999991357327 -261.249989271164 -30.9246424585581 -34.4999991357327 -261.05934381485 -30.9969410300255 -34.4999991357327 -275.118798017502 -30.9969410300255 -34.4999991357327 -260.881215333939 -32.7229239046574 -34.4999991357327 -265.12610912323 -33.9492857456207 -34.4999991357327 -265.281617641449 -32.6379984617233 -34.4999991357327 -264.94362950325 -33.7867252528667 -34.4999991357327 -265.400320291519 -33.3999991416931 -34.4999991357327 -265.500009059906 -33.5996821522713 -34.4999991357327 -265.474677085876 -33.200316131115 -34.4999991357327 -265.474677085876 -33.0132767558098 -34.4999991357327 -265.400320291519 -32.6013080775738 -34.4999991357327 -264.745712280273 -32.6379984617233 -34.4999991357327 -271.05638384819 -32.8507162630558 -34.4999991357327 -270.718365907669 -32.7229239046574 -34.4999991357327 -270.87390422821 -33.0132767558098 -34.4999991357327 -270.599693059921 -32.6013080775738 -34.4999991357327 -271.254301071167 -33.200316131115 -34.4999991357327 -270.525336265564 -33.7867252528667 -34.4999991357327 -270.599693059921 -33.9492857456207 -34.4999991357327 -270.718365907669 -34.0770743787289 -34.4999991357327 -270.87390422821 -34.1620035469532 -34.4999991357327 -271.05638384819 -32.8507162630558 -34.4999991357327 -265.281617641449 -33.3999991416931 -34.4999991357327 -270.500004291534 -33.5996821522713 -34.4999991357327 -270.525336265564 -34.0770743787289 -34.4999991357327 -265.12610912323 -34.1986939311028 -34.4999991357327 -271.254301071167 -34.4012230634689 -34.4999991357327 -274.792850017548 -34.1620035469532 -34.4999991357327 -264.94362950325 -34.1986939311028 -34.4999991357327 -264.745712280273 -32.3987789452076 -34.4999991357327 -261.20713353157 -34.4012230634689 -34.4999991357327 -261.20713353157 -32.3987789452076 -34.4999991357327 -274.792850017548 -34.4367139041424 -34.4999991357327 -274.981796741486 -35.8999967575073 -34.4999991357327 -274.749994277954 -35.8999967575073 -34.4999991357327 -261.249989271164 -35.8753576874733 -34.4999991357327 -261.05934381485 -32.2809256613255 -34.4999991357327 -275.155514478683 -32.3632843792439 -34.4999991357327 -274.981796741486 -35.803060978651 -34.4999991357327 -275.118798017502 -35.8753576874733 -34.4999991357327 -274.940669536591 -35.803060978651 -34.4999991357327 -260.881215333939 -35.6878526508808 -34.4999991357327 -260.727286338806 -34.6428863704205 -34.4999991357327 -260.697424411774 -31.9999828934669 -34.4999991357327 -260.586649179459 -34.4367139041424 -34.4999991357327 -261.018186807632 -32.3632843792439 -34.4999991357327 -261.018186807632 -34.5190726220608 -34.4999991357327 -275.155514478683 -31.9999828934669 -34.4999991357327 -275.413334369659 -34.6428863704205 -34.4999991357327 -275.302588939667 -34.8000191152096 -34.4999991357327 -275.413334369659 -35.6878526508808 -34.4999991357327 -275.272697210312 -35.5373062193394 -34.4999991357327 -275.392264127731 -34.5190726220608 -34.4999991357327 -260.844498872757 -32.2809256613255 -34.4999991357327 -260.844498872757 -32.1571119129658 -34.4999991357327 -260.697424411774 -31.8198539316654 -34.4999991357327 -260.519474744797 -31.62856772542 -34.4999991357327 -260.500311851501 -32.1571119129658 -34.4999991357327 -275.302588939667 -35.5373062193394 -34.4999991357327 -260.607749223709 -35.3613123297691 -34.4999991357327 -260.530382394791 -34.9801480770111 -34.4999991357327 -260.519474744797 -34.8000191152096 -34.4999991357327 -260.586649179459 -31.8198539316654 -34.4999991357327 -275.480508804321 -34.9801480770111 -34.4999991357327 -275.480508804321 -35.1714342832565 -34.4999991357327 -275.499701499939 -35.3613123297691 -34.4999991357327 -275.46963095665 -35.1714342832565 -34.4999991357327 -260.500311851501 -31.4386896789074 -34.4999991357327 -260.530382394791 -31.4386896789074 -34.4999991357327 -275.46963095665 -31.62856772542 -34.4999991357327 -275.499701499939 -31.2626957893372 -34.4999991357327 -260.607749223709 -30.9000033885241 -34.4999991357327 -9.24999639391899 -30.9000033885241 -34.4999991357327 -22.7500032633543 -29.899999499321 -34.4999991357327 -32.0595689117908 -30.9246424585581 -34.4999991357327 -22.9406636208296 -30.9246424585581 -34.4999991357327 -9.05933603644371 -30.9969410300255 -34.4999991357327 -8.88120289891958 -30.9969410300255 -34.4999991357327 -23.1187976896763 -29.899999499321 -34.4999991357327 -47.4404320120811 -33.7867252528667 -34.4999991357327 -13.4003153070807 -32.6013080775738 -34.4999991357327 -12.7457110211253 -33.5996821522713 -34.4999991357327 -13.4746767580509 -33.9492857456207 -34.4999991357327 -13.2816210389137 -32.8507162630558 -34.4999991357327 -13.2816210389137 -33.200316131115 -34.4999991357327 -13.4746767580509 -32.7229239046574 -34.4999991357327 -13.1261078640819 -32.6379984617233 -34.4999991357327 -19.0563797950745 -33.200316131115 -34.4999991357327 -18.5253228992224 -32.7229239046574 -34.4999991357327 -18.873892724514 -32.8507162630558 -34.4999991357327 -18.7183786183596 -33.0132767558098 -34.4999991357327 -18.5996852815151 -33.7867252528667 -34.4999991357327 -18.5996852815151 -32.6013080775738 -34.4999991357327 -19.2542895674706 -33.9492857456207 -34.4999991357327 -18.7183786183596 -33.3999991416931 -34.4999991357327 -13.4999984875321 -33.0132767558098 -34.4999991357327 -13.4003153070807 -32.6379984617233 -34.4999991357327 -12.9436207935214 -33.3999991416931 -34.4999991357327 -18.5000021010637 -33.5996821522713 -34.4999991357327 -18.5253228992224 -34.0770743787289 -34.4999991357327 -18.873892724514 -34.1620035469532 -34.4999991357327 -19.0563797950745 -34.1986939311028 -34.4999991357327 -19.2542895674706 -34.0770743787289 -34.4999991357327 -13.1261078640819 -32.3987789452076 -34.4999991357327 -22.7928590029478 -34.4012230634689 -34.4999991357327 -22.7928590029478 -34.1620035469532 -34.4999991357327 -12.9436207935214 -34.1986939311028 -34.4999991357327 -12.7457110211253 -32.3987789452076 -34.4999991357327 -9.20714065432549 -35.8999967575073 -34.4999991357327 -9.24999639391899 -35.8753576874733 -34.4999991357327 -9.05933603644371 -34.4012230634689 -34.4999991357327 -9.20714065432549 -34.4367139041424 -34.4999991357327 -22.9818001389503 -36.6749987006187 -34.4999991357327 -32.0595689117908 -35.8999967575073 -34.4999991357327 -22.7500032633543 -34.4367139041424 -34.4999991357327 -9.01819951832294 -32.3632843792439 -34.4999991357327 -9.01819951832294 -32.3632843792439 -34.4999991357327 -22.9818001389503 -35.8753576874733 -34.4999991357327 -22.9406636208296 -35.803060978651 -34.4999991357327 -8.88120289891958 -35.6878526508808 -34.4999991357327 -8.72729998081923 -32.2809256613255 -34.4999991357327 -8.84448830038309 -32.2809256613255 -34.4999991357327 -23.1555122882128 -34.5190726220608 -34.4999991357327 -23.1555122882128 -34.9801480770111 -34.4999991357327 -23.4805177897215 -35.1714342832565 -34.4999991357327 -23.4996974468231 -34.6428863704205 -34.4999991357327 -8.69742035865784 -31.9999828934669 -34.4999991357327 -8.58665909618139 -34.5190726220608 -34.4999991357327 -8.84448830038309 -32.1571119129658 -34.4999991357327 -8.69742035865784 -31.62856772542 -34.4999991357327 -23.4996974468231 -31.8198539316654 -34.4999991357327 -23.4805177897215 -31.9999828934669 -34.4999991357327 -23.4133396297693 -32.1571119129658 -34.4999991357327 -23.3025792986155 -34.6428863704205 -34.4999991357327 -23.3025792986155 -34.8000191152096 -34.4999991357327 -23.4133396297693 -35.3613123297691 -34.4999991357327 -23.4696194529533 -35.6878526508808 -34.4999991357327 -23.2726987451315 -35.803060978651 -34.4999991357327 -23.1187976896763 -35.5373062193394 -34.4999991357327 -8.60774144530296 -31.4386896789074 -34.4999991357327 -23.4696194529533 -35.5373062193394 -34.4999991357327 -23.3922582119703 -35.1714342832565 -34.4999991357327 -8.50030314177275 -34.9801480770111 -34.4999991357327 -8.51948279887438 -31.8198539316654 -34.4999991357327 -8.51948279887438 -31.62856772542 -34.4999991357327 -8.50030314177275 -35.3613123297691 -34.4999991357327 -8.53038113564253 -34.8000191152096 -34.4999991357327 -8.58665909618139 -31.4386896789074 -34.4999991357327 -8.53038113564253 -31.2626957893372 -34.4999991357327 -8.60774144530296 -38.4000018239021 -34.4999991357327 -22.2466494888067 -38.4000018239021 -34.4999991357327 -32.0595689117908 -37.3460724949837 -34.4999991357327 21.7893980443478 -37.0413772761822 -34.4999991357327 22.5249994546175 -37.0413772761822 -34.4999991357327 19.4749999791384 -37.4500006437302 -34.4999991357327 20.9999997168779 -37.3460724949837 -34.4999991357327 20.2106013894081 -34.0361595153809 -34.4999991357327 35.0175425410271 -33.6106009781361 -34.4999991357327 23.9460729062557 -34.400001168251 -34.4999991357327 24.0499991923571 -35.1893976330757 -34.4999991357327 23.9460729062557 -35.300001502037 -34.4999991357327 34.4282016158104 -32.6891839504242 -34.4999991357327 35.3784635663033 -31.300000846386 -34.4999991357327 35.5000011622906 -32.8750014305115 -34.4999991357327 23.6413776874542 -31.4539261162281 -34.4999991357327 21.7893980443478 -31.3500016927719 -34.4999991357327 20.9999997168779 -31.4539261162281 -34.4999991357327 20.2106013894081 -32.2433225810528 -34.4999991357327 23.156676441431 -31.7586213350296 -34.4999991357327 22.5249994546175 -34.400001168251 -34.4999991357327 17.9500002413988 -35.1893976330757 -34.4999991357327 18.0539265275002 -35.9250009059906 -34.4999991357327 18.3586217463017 -31.7586213350296 -34.4999991357327 19.4749999791384 -32.2433225810528 -34.4999991357327 18.84332485497 -32.8750014305115 -34.4999991357327 18.3586217463017 -33.6106009781361 -34.4999991357327 18.0539265275002 -37.4500006437302 -34.4999991357327 -234.999999403954 -38.6115908622742 -34.4999991357327 -204.64001595974 -37.3460724949837 -34.4999991357327 -234.210595488548 -36.556676030159 -34.4999991357327 -237.156674265862 -37.0413772761822 -34.4999991357327 -233.474999666214 -37.0413772761822 -34.4999991357327 -236.524999141693 -37.3460724949837 -34.4999991357327 -235.789403319359 -32.8750014305115 -34.4999991357327 -232.358619570732 -31.1250016093254 -34.4999991357327 -204.500004649162 -32.2433225810528 -34.4999991357327 -232.843324542046 -31.7586213350296 -34.4999991357327 -233.474999666214 -31.3500016927719 -34.4999991357327 -234.999999403954 -31.4539261162281 -34.4999991357327 -234.210595488548 -31.4539261162281 -34.4999991357327 -235.789403319359 -31.7586213350296 -34.4999991357327 -236.524999141693 -32.2433225810528 -34.4999991357327 -237.156674265862 -32.8750014305115 -34.4999991357327 -237.641379237175 -33.6106009781361 -34.4999991357327 -237.946078181267 -34.400001168251 -34.4999991357327 -238.049998879433 -34.400001168251 -34.4999991357327 -231.949999928474 -33.6106009781361 -34.4999991357327 -232.05392062664 -35.1893976330757 -34.4999991357327 -237.946078181267 -35.1893976330757 -34.4999991357327 -232.05392062664 -35.9250009059906 -34.4999991357327 -237.641379237175 -34.400001168251 -34.4999991357327 -198.940426111221 -30.9000033885241 -34.4999991357327 -146.750003099442 -29.899999499321 -34.4999991357327 -181.500002741814 -30.9246424585581 -34.4999991357327 -146.940663456917 -30.9000033885241 -34.4999991357327 -133.249998092651 -30.9969410300255 -34.4999991357327 -147.118791937828 -30.9246424585581 -34.4999991357327 -133.059337735176 -30.9969410300255 -34.4999991357327 -132.881209254265 -32.7229239046574 -34.4999991357327 -142.873898148537 -33.7867252528667 -34.4999991357327 -142.599686980247 -32.8507162630558 -34.4999991357327 -142.718374729156 -33.200316131115 -34.4999991357327 -142.52533018589 -33.3999991416931 -34.4999991357327 -142.499998211861 -33.9492857456207 -34.4999991357327 -137.281626462936 -33.5996821522713 -34.4999991357327 -137.474671006203 -33.7867252528667 -34.4999991357327 -137.400314211845 -33.0132767558098 -34.4999991357327 -142.599686980247 -33.5996821522713 -34.4999991357327 -142.52533018589 -34.0770743787289 -34.4999991357327 -142.873898148537 -34.0770743787289 -34.4999991357327 -137.126103043556 -33.0132767558098 -34.4999991357327 -137.400314211845 -34.1986939311028 -34.4999991357327 -136.7457062006 -32.8507162630558 -34.4999991357327 -137.281626462936 -33.9492857456207 -34.4999991357327 -142.718374729156 -34.1620035469532 -34.4999991357327 -136.943623423576 -33.3999991416931 -34.4999991357327 -137.500002980232 -33.200316131115 -34.4999991357327 -137.474671006203 -32.7229239046574 -34.4999991357327 -137.126103043556 -32.6379984617233 -34.4999991357327 -136.943623423576 -32.6013080775738 -34.4999991357327 -136.7457062006 -32.3987789452076 -34.4999991357327 -133.207142353058 -34.1986939311028 -34.4999991357327 -143.254294991493 -34.4012230634689 -34.4999991357327 -146.792858839035 -34.4012230634689 -34.4999991357327 -133.207142353058 -32.3987789452076 -34.4999991357327 -146.792858839035 -9.60000045597553 -35.1499989628792 -453.20001244545 -8.20000004023314 -35.1499989628792 37.0000004768372 -9.60000045597553 -35.1499989628792 37.0000004768372 -8.20000004023314 -35.1499989628792 -453.20001244545 -9.60000045597553 -7.30000017210841 37.0000004768372 -9.60000045597553 -35.1499989628792 -453.20001244545 -9.60000045597553 -35.1499989628792 37.0000004768372 -9.60000045597553 -7.30000017210841 -453.20001244545 -24.4999993592501 -7.30000017210841 37.0000004768372 -18.6000000685453 -7.30000017210841 -442.00000166893 -9.60000045597553 -7.30000017210841 37.0000004768372 -9.60000045597553 -7.30000017210841 -453.20001244545 -18.6000000685453 -7.30000017210841 -453.20001244545 -24.4999993592501 -7.30000017210841 -442.00000166893 -24.4999993592501 -34.4999991357327 35.5000011622906 -24.4999993592501 -32.2999991476536 -432.500004768372 -24.4999993592501 -18.1000009179115 35.5000011622906 -24.4999993592501 -34.4999991357327 -432.500004768372 -24.4999993592501 -7.30000017210841 -442.00000166893 -24.4999993592501 -32.2999991476536 -442.00000166893 -24.4999993592501 -7.30000017210841 37.0000004768372 -24.4999993592501 -18.1000009179115 37.0000004768372 -20.1764758676291 12.7074075862765 37.0000004768372 -12.9558425396681 48.1557846069336 37.0000004768372 -13.0751924589276 48.4006628394127 37.0000004768372 -27.8625190258026 48.0847023427486 37.0000004768372 -20.5000005662441 12.7499997615814 37.0000004768372 -27.7526285499334 48.3499988913536 37.0000004768372 -27.3499991744757 48.7526282668114 37.0000004768372 -27.577817440033 48.577819019556 37.0000004768372 -13.9967147260904 48.9000007510185 37.0000004768372 -26.7999991774559 48.9000007510185 37.0000004768372 -13.2510596886277 48.6087016761303 37.0000004768372 -13.4726585820317 48.7671419978142 37.0000004768372 -13.7263974174857 48.866268247366 37.0000004768372 -27.0847007632256 48.8625168800354 37.0000004768372 -19.2925930023193 11.8235237896442 37.0000004768372 -12.9003282636404 47.8890873491764 37.0000004768372 -19.4174684584141 12.1250003576279 37.0000004768372 -27.8999991714954 47.800000756979 37.0000004768372 -20.8235234022141 12.7074075862765 37.0000004768372 -21.7499993741512 11.5000000223517 37.0000004768372 -24.4999993592501 -7.30000017210841 37.0000004768372 -21.7074081301689 11.1764762550592 37.0000004768372 -9.60000045597553 -7.30000017210841 37.0000004768372 -19.2499998956919 11.5000000223517 37.0000004768372 -19.6161158382893 12.383883818984 37.0000004768372 -19.8749992996454 12.5825321301818 37.0000004768372 -21.5825326740742 12.1250003576279 37.0000004768372 -21.7074081301689 11.8235237896442 37.0000004768372 -21.5825326740742 10.8749996870756 37.0000004768372 -21.3838834315538 12.383883818984 37.0000004768372 -20.1764758676291 10.292592458427 37.0000004768372 -27.5611411780119 -17.9036483168602 37.0000004768372 -27.8774350881577 -17.4002684652805 37.0000004768372 -27.7036484330893 -17.7611410617828 37.0000004768372 -7.87500012665987 -42.0129150152206 37.0000004768372 -7.55000021308661 -42.1000011265278 37.0000004768372 -8.00961907953024 -41.9096201658249 37.0000004768372 -21.3838834315538 10.6161162257195 37.0000004768372 -21.1249999701977 10.4174679145217 37.0000004768372 -20.8235234022141 10.292592458427 37.0000004768372 -20.5000005662441 10.2500002831221 37.0000004768372 -19.8749992996454 10.4174679145217 37.0000004768372 -19.6161158382893 10.6161162257195 37.0000004768372 -19.4174684584141 10.8749996870756 37.0000004768372 -27.2002685815096 -18.0774349719286 37.0000004768372 -27.3904949426651 -18.0108714848757 37.0000004768372 -27.8108716011047 -17.590494826436 37.0000004768372 -8.11291672289371 -41.7749993503094 37.0000004768372 -8.17785132676363 -41.6182316839695 37.0000004768372 -8.20000004023314 -41.4500012993813 37.0000004768372 -21.1249999701977 12.5825321301818 37.0000004768372 -19.2925930023193 11.1764762550592 37.0000004768372 -27.8999991714954 -17.2000005841255 37.0000004768372 -27.0000007003546 -18.1000009179115 37.0000004768372 -6.92214816808701 -41.6182316839695 37.0000004768372 -6.9870837032795 -41.7749993503094 37.0000004768372 -7.0903804153204 -41.9096201658249 37.0000004768372 -7.22499983385205 -42.0129150152206 37.0000004768372 -7.38176750019193 -42.0778505504131 37.0000004768372 -6.89999992027879 -41.4500012993813 37.0000004768372 -9.60000045597553 -35.1499989628792 37.0000004768372 -6.89999992027879 -25.9553827345371 37.0000004768372 -8.20000004023314 -35.1499989628792 37.0000004768372 -24.4999993592501 -18.1000009179115 37.0000004768372 -7.71823246032 -42.0778505504131 37.0000004768372 -24.4999993592501 -32.2999991476536 -442.00000166893 -25.2000000327826 -32.2999991476536 -432.500004768372 -25.2000000327826 -32.2999991476536 -442.00000166893 -24.4999993592501 -32.2999991476536 -432.500004768372 -25.2000000327826 -6.59999996423721 -437.000006437302 -18.6000000685453 -6.59999996423721 -442.00000166893 -25.2000000327826 -6.59999996423721 -442.00000166893 -18.6000000685453 -6.59999996423721 -437.000006437302 -24.4999993592501 -7.30000017210841 -442.00000166893 -25.2000000327826 -32.2999991476536 -442.00000166893 -25.2000000327826 -6.59999996423721 -442.00000166893 -18.6000000685453 -6.59999996423721 -442.00000166893 -18.6000000685453 -7.30000017210841 -442.00000166893 -24.4999993592501 -32.2999991476536 -442.00000166893 -25.2000000327826 -34.4999991357327 -432.500004768372 -26.4694690704346 -35.4208238422871 -432.500004768372 -26.6746785491705 -35.1999998092651 -432.500004768372 -25.9293876588345 -35.6778725981712 -432.500004768372 -26.2157004326582 -35.5835370719433 -432.500004768372 -31.1250016093254 -34.4999991357327 -432.500004768372 -33.4435924887657 -35.1999998092651 -432.500004768372 -33.4435924887657 -34.4999991357327 -432.500004768372 -24.4999993592501 -32.2999991476536 -432.500004768372 -24.4999993592501 -34.4999991357327 -432.500004768372 -24.5378650724888 -34.7990654408932 -432.500004768372 -25.3323148936033 -35.6422811746597 -432.500004768372 -25.6285984069109 -35.6978736817837 -432.500004768372 -25.0592343509197 -35.5146043002605 -432.500004768372 -24.8265918344259 -35.3228971362114 -432.500004768372 -24.649066850543 -35.0792594254017 -432.500004768372 -25.2000000327826 -32.2999991476536 -432.500004768372 -37.9690825939178 -35.1999998092651 -429.88720536232 -33.4435924887657 -34.4999991357327 -432.500004768372 -33.4435924887657 -35.1999998092651 -432.500004768372 -38.6115908622742 -34.4999991357327 -429.51625585556 -38.4881645441055 -35.1999998092651 -429.587513208389 -38.6999994516373 -34.5321781933308 -429.46520447731 -38.6999994516373 -35.2771021425724 -429.46520447731 -39.4320525228977 -35.5435460805893 -428.733170032501 -39.5477600395679 -34.8407365381718 -428.498536348343 -39.4320525228977 -34.7986221313477 -428.733170032501 -39.2867065966129 -34.7457230091095 -428.950697183609 -39.2867065966129 -35.4906469583511 -428.950697183609 -39.1142144799232 -35.4278646409512 -429.147362709045 -38.6999994516373 -35.2771021425724 -429.46520447731 -39.1142144799232 -34.6829406917095 -429.147362709045 -38.6999994516373 -34.5321781933308 -429.46520447731 -39.5477600395679 -35.5856604874134 -428.498536348343 -39.6318510174751 -34.8713435232639 -428.250789642334 -39.6318510174751 -35.6162674725056 -428.250789642334 -39.6318510174751 -34.8713435232639 -428.250789642334 -39.9605855345726 -35.7359163463116 -427.023947238922 -40.1999987661839 -35.0781343877316 -426.130443811417 -39.6318510174751 -35.6162674725056 -428.250789642334 -39.9605855345726 -35.7359163463116 30.0239473581314 -39.6318510174751 -34.8713435232639 31.2508009374142 -40.1999987661839 -35.0781343877316 29.1304402053356 -39.6318510174751 -35.6162674725056 31.2508009374142 -39.5477600395679 -35.5856604874134 31.4985290169716 -39.6318510174751 -34.8713435232639 31.2508009374142 -39.6318510174751 -35.6162674725056 31.2508009374142 -39.2867065966129 -35.4906469583511 31.9506861269474 -39.4320525228977 -34.7986221313477 31.7331627011299 -39.4320525228977 -35.5435460805893 31.7331627011299 -39.2867065966129 -34.7457230091095 31.9506861269474 -39.1142144799232 -35.4278646409512 32.1473740041256 -39.1142144799232 -34.6829406917095 32.1473740041256 -38.6999994516373 -35.2771021425724 32.4652120471001 -38.6999994516373 -34.5321781933308 32.4652120471001 -39.5477600395679 -34.8407365381718 31.4985290169716 -35.300001502037 -34.4999991357327 34.4282016158104 -37.9690825939178 -35.1999998092651 32.8872092068195 -35.300001502037 -35.1999998092651 34.4282016158104 -38.4881645441055 -35.1999998092651 32.5875170528889 -38.6999994516373 -34.5321781933308 32.4652120471001 -38.6999994516373 -35.2771021425724 32.4652120471001 -38.6115908622742 -34.4999991357327 32.5162559747696 -34.0361595153809 -35.1999998092651 35.0175425410271 -35.300001502037 -34.4999991357327 34.4282016158104 -35.300001502037 -35.1999998092651 34.4282016158104 -31.300000846386 -35.1999998092651 35.5000011622906 -32.6891839504242 -34.4999991357327 35.3784635663033 -32.6891839504242 -35.1999998092651 35.3784635663033 -31.300000846386 -34.4999991357327 35.5000011622906 -34.0361595153809 -34.4999991357327 35.0175425410271 -25.4999995231628 -24.5050005614758 -421.440005302429 -25.2000000327826 -24.5050005614758 -430.559992790222 -25.4999995231628 -24.5050005614758 -430.559992790222 -25.2000000327826 -24.5050005614758 -421.440005302429 -25.4999995231628 -24.5050005614758 -430.559992790222 -25.2000000327826 -28.4950006753206 -430.559992790222 -25.4999995231628 -28.4950006753206 -430.559992790222 -25.2000000327826 -24.5050005614758 -430.559992790222 -25.4999995231628 -28.4950006753206 -421.440005302429 -25.2000000327826 -28.4950006753206 -430.559992790222 -25.2000000327826 -28.4950006753206 -421.440005302429 -25.4999995231628 -28.4950006753206 -430.559992790222 -25.4999995231628 -28.4950006753206 -421.440005302429 -25.2000000327826 -24.5050005614758 -421.440005302429 -25.4999995231628 -24.5050005614758 -421.440005302429 -25.2000000327826 -28.4950006753206 -421.440005302429 -25.4999995231628 -28.4950006753206 -421.440005302429 -25.4999995231628 -24.5050005614758 -430.559992790222 -25.4999995231628 -28.4950006753206 -430.559992790222 -25.4999995231628 -24.5050005614758 -421.440005302429 -25.4999995231628 -28.4950006753206 19.3499997258186 -25.2000000327826 -24.5050005614758 19.3499997258186 -25.4999995231628 -24.5050005614758 19.3499997258186 -25.2000000327826 -28.4950006753206 19.3499997258186 -25.4999995231628 -24.5050005614758 19.3499997258186 -25.2000000327826 -24.5050005614758 10.3500001132488 -25.4999995231628 -24.5050005614758 10.3500001132488 -25.2000000327826 -24.5050005614758 19.3499997258186 -25.4999995231628 -28.4950006753206 10.3500001132488 -25.2000000327826 -24.5050005614758 10.3500001132488 -25.2000000327826 -28.4950006753206 10.3500001132488 -25.4999995231628 -24.5050005614758 10.3500001132488 -25.2000000327826 -28.4950006753206 19.3499997258186 -25.4999995231628 -28.4950006753206 10.3500001132488 -25.2000000327826 -28.4950006753206 10.3500001132488 -25.4999995231628 -28.4950006753206 19.3499997258186 -25.4999995231628 -24.5050005614758 19.3499997258186 -25.4999995231628 -28.4950006753206 10.3500001132488 -25.4999995231628 -28.4950006753206 19.3499997258186 -25.4999995231628 -24.5050005614758 10.3500001132488 -38.4000018239021 -34.4999991357327 -78.0000016093254 -38.4000018239021 -35.1999998092651 -47.7668456733227 -38.4000018239021 -34.4999991357327 -47.4404320120811 -38.4000018239021 -35.1999998092651 -79.2466476559639 -38.4000018239021 -34.4999991357327 -79.2466476559639 -38.4000018239021 -35.5999991297722 -46.5174205601215 -38.4000018239021 -35.1999998092651 -31.7331552505493 -38.4000018239021 -34.4999991357327 -22.2466494888067 -38.4000018239021 -34.4999991357327 -32.0595689117908 -38.4000018239021 -35.5999991297722 -32.9825803637505 -38.4000018239021 -36.2999998033047 -32.6561629772186 -38.4000018239021 -36.2999998033047 -46.8438379466534 -38.4000018239021 -35.1999998092651 -22.2466494888067 -38.4000018239021 -34.4999991357327 -22.2466494888067 -38.4881645441055 -35.1999998092651 -22.1584867686033 -38.6115908622742 -34.4999991357327 -22.0350567251444 -38.4000018239021 -35.1999998092651 -22.2466494888067 -39.9605855345726 -35.7359163463116 -20.6860639154911 -40.1999987661839 -35.0781343877316 -20.4466488212347 -38.4881645441055 -35.1999998092651 -79.3348103761673 -38.4000018239021 -34.4999991357327 -79.2466476559639 -38.6115908622742 -34.4999991357327 -79.4582441449165 -39.9605855345726 -35.7359163463116 -80.807238817215 -40.1999987661839 -35.0781343877316 -81.0466483235359 -38.4000018239021 -35.1999998092651 -79.2466476559639 -34.400001168251 -36.2999998033047 -182.656168937683 -34.400001168251 -35.5999991297722 -198.017418384552 -34.400001168251 -35.5999991297722 -182.982578873634 -34.400001168251 -35.1999998092651 -181.733161211014 -34.400001168251 -34.4999991357327 -182.059571146965 -34.400001168251 -34.4999991357327 -204.500004649162 -34.400001168251 -35.1999998092651 -199.266850948334 -34.400001168251 -35.1999998092651 -204.500004649162 -34.400001168251 -34.4999991357327 -181.500002741814 -34.400001168251 -35.1999998092651 -181.500002741814 -34.400001168251 -36.2999998033047 -198.343843221664 -34.400001168251 -34.4999991357327 -198.940426111221 -31.1250016093254 -34.4999991357327 -204.500004649162 -29.899999499321 -35.1999998092651 -204.500004649162 -29.899999499321 -34.4999991357327 -204.500004649162 -34.400001168251 -35.1999998092651 -204.500004649162 -34.400001168251 -34.4999991357327 -204.500004649162 -29.899999499321 -34.4999991357327 -189.724996685982 -29.899999499321 -35.1999998092651 -181.500002741814 -29.899999499321 -34.4999991357327 -181.500002741814 -29.899999499321 -35.1999998092651 -189.724996685982 -29.899999499321 -34.4999991357327 -204.500004649162 -29.899999499321 -35.1999998092651 -204.500004649162 -38.4000018239021 -36.2999998033047 -182.656168937683 -38.4000018239021 -35.5999991297722 -198.017418384552 -38.4000018239021 -36.2999998033047 -198.343843221664 -38.4000018239021 -34.4999991357327 -147.371351718903 -38.4000018239021 -35.1999998092651 -181.733161211014 -38.4000018239021 -35.1999998092651 -147.371351718903 -38.4000018239021 -34.4999991357327 -204.428434371948 -38.4000018239021 -35.1999998092651 -199.266850948334 -38.4000018239021 -34.4999991357327 -198.940426111221 -38.4000018239021 -35.5999991297722 -182.982578873634 -38.4000018239021 -35.1999998092651 -204.428434371948 -38.4000018239021 -34.4999991357327 -182.059571146965 -38.4000018239021 -34.4999991357327 -147.371351718903 -38.4881645441055 -35.1999998092651 -147.283181548119 -38.6115908622742 -34.4999991357327 -147.15975522995 -38.4000018239021 -35.1999998092651 -147.371351718903 -39.9605855345726 -35.7359163463116 -145.810768008232 -40.1999987661839 -35.0781343877316 -145.571351051331 -39.9605855345726 -35.7359163463116 -205.989018082619 -38.6115908622742 -34.4999991357327 -204.64001595974 -40.1999987661839 -35.0781343877316 -206.228420138359 -38.4881645441055 -35.1999998092651 -204.516589641571 -38.4000018239021 -34.4999991357327 -204.428434371948 -38.4000018239021 -35.1999998092651 -204.428434371948 -38.4000018239021 -35.5999991297722 -46.5174205601215 -36.6749987006187 -34.4999991357327 -47.4404320120811 -38.4000018239021 -34.4999991357327 -47.4404320120811 -31.1250016093254 -34.4999991357327 -47.4404320120811 -29.899999499321 -35.1999998092651 -46.8530617654324 -29.899999499321 -34.4999991357327 -47.4404320120811 -29.899999499321 -35.5999991297722 -46.5174205601215 -29.899999499321 -35.5999991297722 -32.9825803637505 -38.4000018239021 -35.5999991297722 -46.5174205601215 -38.4000018239021 -35.5999991297722 -32.9825803637505 -29.899999499321 -35.5999991297722 -46.5174205601215 -36.6749987006187 -34.4999991357327 -32.0595689117908 -38.4000018239021 -35.5999991297722 -32.9825803637505 -38.4000018239021 -34.4999991357327 -32.0595689117908 -29.899999499321 -35.5999991297722 -32.9825803637505 -31.1250016093254 -34.4999991357327 -32.0595689117908 -29.899999499321 -35.1999998092651 -32.6469391584396 -29.899999499321 -34.4999991357327 -32.0595689117908 -29.899999499321 -36.2999998033047 -32.6561629772186 -36.1499972641468 -35.1999998092651 -31.7331552505493 -38.4000018239021 -36.2999998033047 -32.6561629772186 -37.9690825939178 -35.1999998092651 -31.7331552505493 -29.899999499321 -35.1999998092651 -31.7331552505493 -38.4000018239021 -35.1999998092651 -31.7331552505493 -38.4000018239021 -36.2999998033047 -46.8438379466534 -29.899999499321 -36.2999998033047 -32.6561629772186 -38.4000018239021 -36.2999998033047 -32.6561629772186 -29.899999499321 -36.2999998033047 -46.8438379466534 -38.4000018239021 -36.2999998033047 -46.8438379466534 -37.9690825939178 -35.1999998092651 -47.7668456733227 -36.1499972641468 -35.1999998092651 -47.7668456733227 -29.899999499321 -36.2999998033047 -46.8438379466534 -38.4000018239021 -35.1999998092651 -47.7668456733227 -29.899999499321 -35.1999998092651 -47.7668456733227 -34.400001168251 -35.5999991297722 -198.017418384552 -36.6749987006187 -34.4999991357327 -198.940426111221 -38.4000018239021 -35.5999991297722 -198.017418384552 -38.4000018239021 -34.4999991357327 -198.940426111221 -34.400001168251 -34.4999991357327 -198.940426111221 -34.400001168251 -35.5999991297722 -182.982578873634 -38.4000018239021 -35.5999991297722 -198.017418384552 -38.4000018239021 -35.5999991297722 -182.982578873634 -34.400001168251 -35.5999991297722 -198.017418384552 -36.6749987006187 -34.4999991357327 -182.059571146965 -38.4000018239021 -35.5999991297722 -182.982578873634 -38.4000018239021 -34.4999991357327 -182.059571146965 -34.400001168251 -35.5999991297722 -182.982578873634 -34.400001168251 -34.4999991357327 -182.059571146965 -36.1499972641468 -35.1999998092651 -181.733161211014 -34.400001168251 -36.2999998033047 -182.656168937683 -34.400001168251 -35.1999998092651 -181.733161211014 -38.4000018239021 -36.2999998033047 -182.656168937683 -37.9690825939178 -35.1999998092651 -181.733161211014 -38.4000018239021 -35.1999998092651 -181.733161211014 -38.4000018239021 -36.2999998033047 -198.343843221664 -34.400001168251 -36.2999998033047 -182.656168937683 -38.4000018239021 -36.2999998033047 -182.656168937683 -34.400001168251 -36.2999998033047 -198.343843221664 -37.9690825939178 -35.1999998092651 -199.266850948334 -38.4000018239021 -36.2999998033047 -198.343843221664 -38.4000018239021 -35.1999998092651 -199.266850948334 -36.1499972641468 -35.1999998092651 -199.266850948334 -34.400001168251 -36.2999998033047 -198.343843221664 -34.400001168251 -35.1999998092651 -199.266850948334 -29.899999499321 -35.1999998092651 -32.6469391584396 -29.899999499321 -36.2999998033047 -32.6561629772186 -29.899999499321 -35.5999991297722 -32.9825803637505 -29.899999499321 -35.5999991297722 -46.5174205601215 -29.899999499321 -36.2999998033047 -46.8438379466534 -29.899999499321 -35.1999998092651 -46.8530617654324 -29.899999499321 -35.1999998092651 -47.7668456733227 -29.899999499321 -35.1999998092651 -31.7331552505493 -36.4000014960766 -36.2999998033047 -58.2860559225082 -33.3999991416931 -36.2514406442642 -57.8480251133442 -36.4000014960766 -36.2514406442642 -57.8480251133442 -33.3999991416931 -36.2999998033047 -58.2860559225082 -33.3999991416931 -36.1081287264824 -57.4312619864941 -33.3999991416931 -35.8770154416561 -57.0560060441494 -36.4000014960766 -36.1081287264824 -57.4312619864941 -33.3999991416931 -35.5693250894547 -56.74047768116 -36.4000014960766 -35.8770154416561 -57.0560060441494 -33.3999991416931 -35.1999998092651 -56.4999990165234 -36.4000014960766 -35.5693250894547 -56.74047768116 -36.4000014960766 -35.1999998092651 -56.4999990165234 -36.4000014960766 -36.2514406442642 -61.1519739031792 -33.3999991416931 -36.2999998033047 -60.7139430940151 -36.4000014960766 -36.2999998033047 -60.7139430940151 -36.4000014960766 -36.1081287264824 -61.5687370300293 -33.3999991416931 -36.2514406442642 -61.1519739031792 -36.4000014960766 -35.8770154416561 -61.943992972374 -33.3999991416931 -36.1081287264824 -61.5687370300293 -33.3999991416931 -35.8770154416561 -61.943992972374 -36.4000014960766 -35.5693250894547 -62.2595213353634 -33.3999991416931 -35.5693250894547 -62.2595213353634 -36.4000014960766 -35.1999998092651 -62.5 -33.3999991416931 -35.1999998092651 -62.5 -33.3999991416931 -36.2999998033047 -58.2860559225082 -36.4000014960766 -36.2999998033047 -60.7139430940151 -33.3999991416931 -36.2999998033047 -60.7139430940151 -36.4000014960766 -36.2999998033047 -58.2860559225082 -36.4000014960766 -36.2514406442642 -57.8480251133442 -36.4000014960766 -35.5693250894547 -56.74047768116 -36.4000014960766 -36.2999998033047 -58.2860559225082 -36.4000014960766 -36.1081287264824 -61.5687370300293 -36.4000014960766 -35.5693250894547 -62.2595213353634 -36.4000014960766 -35.8770154416561 -61.943992972374 -36.4000014960766 -36.1081287264824 -57.4312619864941 -36.4000014960766 -35.1999998092651 -62.5 -36.4000014960766 -36.2999998033047 -60.7139430940151 -36.4000014960766 -35.8770154416561 -57.0560060441494 -36.4000014960766 -36.2514406442642 -61.1519739031792 -36.4000014960766 -35.1999998092651 -56.4999990165234 -33.3999991416931 -35.5693250894547 -62.2595213353634 -33.3999991416931 -36.2514406442642 -61.1519739031792 -33.3999991416931 -36.1081287264824 -61.5687370300293 -33.3999991416931 -36.2514406442642 -57.8480251133442 -33.3999991416931 -35.5693250894547 -56.74047768116 -33.3999991416931 -36.1081287264824 -57.4312619864941 -33.3999991416931 -35.8770154416561 -61.943992972374 -33.3999991416931 -36.2999998033047 -60.7139430940151 -33.3999991416931 -35.1999998092651 -56.4999990165234 -33.3999991416931 -36.2999998033047 -58.2860559225082 -33.3999991416931 -35.8770154416561 -57.0560060441494 -33.3999991416931 -35.1999998092651 -62.5 -35.6878526508808 -34.4999991357327 -23.2726987451315 -35.803060978651 -35.1999998092651 -23.1187976896763 -35.6878526508808 -35.1999998092651 -23.2726987451315 -35.5373062193394 -34.4999991357327 -23.3922582119703 -35.5373062193394 -35.1999998092651 -23.3922582119703 -35.3613123297691 -34.4999991357327 -23.4696194529533 -35.3613123297691 -35.1999998092651 -23.4696194529533 -35.1714342832565 -34.4999991357327 -23.4996974468231 -35.1714342832565 -35.1999998092651 -23.4996974468231 -34.9801480770111 -34.4999991357327 -23.4805177897215 -34.9801480770111 -35.1999998092651 -23.4805177897215 -34.8000191152096 -34.4999991357327 -23.4133396297693 -34.8000191152096 -35.1999998092651 -23.4133396297693 -34.6428863704205 -34.4999991357327 -23.3025792986155 -34.6428863704205 -35.1999998092651 -23.3025792986155 -34.5190726220608 -34.4999991357327 -23.1555122882128 -34.5190726220608 -35.1999998092651 -23.1555122882128 -35.8753576874733 -35.1999998092651 -22.9406636208296 -35.803060978651 -34.4999991357327 -23.1187976896763 -35.8753576874733 -34.4999991357327 -22.9406636208296 -34.4012230634689 -34.4999991357327 -22.7928590029478 -34.4367139041424 -35.1999998092651 -22.9818001389503 -34.4012230634689 -35.1999998092651 -22.7928590029478 -34.4367139041424 -34.4999991357327 -22.9818001389503 -35.8999967575073 -35.1999998092651 -22.7500032633543 -35.8999967575073 -34.4999991357327 -22.7500032633543 -34.4012230634689 -34.4999991357327 -22.7928590029478 -34.1986939311028 -35.1999998092651 -19.2542895674706 -34.1986939311028 -34.4999991357327 -19.2542895674706 -34.4012230634689 -35.1999998092651 -22.7928590029478 -33.9492857456207 -35.1999998092651 -18.7183786183596 -34.0770743787289 -34.4999991357327 -18.873892724514 -34.0770743787289 -35.1999998092651 -18.873892724514 -34.1620035469532 -34.4999991357327 -19.0563797950745 -34.1620035469532 -35.1999998092651 -19.0563797950745 -34.1986939311028 -34.4999991357327 -19.2542895674706 -34.1986939311028 -35.1999998092651 -19.2542895674706 -33.7867252528667 -35.1999998092651 -18.5996852815151 -33.9492857456207 -34.4999991357327 -18.7183786183596 -33.5996821522713 -35.1999998092651 -18.5253228992224 -33.7867252528667 -34.4999991357327 -18.5996852815151 -33.3999991416931 -35.1999998092651 -18.5000021010637 -33.5996821522713 -34.4999991357327 -18.5253228992224 -33.200316131115 -35.1999998092651 -18.5253228992224 -33.3999991416931 -34.4999991357327 -18.5000021010637 -33.0132767558098 -35.1999998092651 -18.5996852815151 -33.200316131115 -34.4999991357327 -18.5253228992224 -32.8507162630558 -35.1999998092651 -18.7183786183596 -33.0132767558098 -34.4999991357327 -18.5996852815151 -32.7229239046574 -35.1999998092651 -18.873892724514 -32.8507162630558 -34.4999991357327 -18.7183786183596 -32.6379984617233 -35.1999998092651 -19.0563797950745 -32.7229239046574 -34.4999991357327 -18.873892724514 -32.6013080775738 -35.1999998092651 -19.2542895674706 -32.6379984617233 -34.4999991357327 -19.0563797950745 -32.6013080775738 -34.4999991357327 -19.2542895674706 -32.6013080775738 -34.4999991357327 -19.2542895674706 -32.3987789452076 -35.1999998092651 -22.7928590029478 -32.3987789452076 -34.4999991357327 -22.7928590029478 -32.6013080775738 -35.1999998092651 -19.2542895674706 -32.3987789452076 -35.1999998092651 -22.7928590029478 -32.3632843792439 -34.4999991357327 -22.9818001389503 -32.3987789452076 -34.4999991357327 -22.7928590029478 -32.3632843792439 -35.1999998092651 -22.9818001389503 -32.2809256613255 -34.4999991357327 -23.1555122882128 -32.2809256613255 -35.1999998092651 -23.1555122882128 -32.1571119129658 -34.4999991357327 -23.3025792986155 -32.1571119129658 -35.1999998092651 -23.3025792986155 -31.9999828934669 -34.4999991357327 -23.4133396297693 -31.9999828934669 -35.1999998092651 -23.4133396297693 -31.8198539316654 -34.4999991357327 -23.4805177897215 -31.8198539316654 -35.1999998092651 -23.4805177897215 -31.62856772542 -34.4999991357327 -23.4996974468231 -31.62856772542 -35.1999998092651 -23.4996974468231 -31.4386896789074 -34.4999991357327 -23.4696194529533 -31.4386896789074 -35.1999998092651 -23.4696194529533 -31.2626957893372 -34.4999991357327 -23.3922582119703 -31.2626957893372 -35.1999998092651 -23.3922582119703 -31.1121474951506 -34.4999991357327 -23.2726987451315 -31.1121474951506 -35.1999998092651 -23.2726987451315 -30.9969410300255 -34.4999991357327 -23.1187976896763 -30.9969410300255 -35.1999998092651 -23.1187976896763 -30.9246424585581 -34.4999991357327 -22.9406636208296 -30.9246424585581 -35.1999998092651 -22.9406636208296 -30.9000033885241 -34.4999991357327 -22.7500032633543 -30.9000033885241 -35.1999998092651 -22.7500032633543 -30.9000033885241 -35.1999998092651 -9.24999639391899 -30.9000033885241 -34.4999991357327 -22.7500032633543 -30.9000033885241 -35.1999998092651 -22.7500032633543 -30.9000033885241 -34.4999991357327 -9.24999639391899 -30.9000033885241 -35.1999998092651 -9.24999639391899 -30.9246424585581 -34.4999991357327 -9.05933603644371 -30.9000033885241 -34.4999991357327 -9.24999639391899 -30.9246424585581 -35.1999998092651 -9.05933603644371 -30.9969410300255 -34.4999991357327 -8.88120289891958 -30.9969410300255 -35.1999998092651 -8.88120289891958 -31.1121474951506 -34.4999991357327 -8.72729998081923 -31.1121474951506 -35.1999998092651 -8.72729998081923 -31.2626957893372 -34.4999991357327 -8.60774144530296 -31.2626957893372 -35.1999998092651 -8.60774144530296 -31.4386896789074 -34.4999991357327 -8.53038113564253 -31.4386896789074 -35.1999998092651 -8.53038113564253 -31.62856772542 -34.4999991357327 -8.50030314177275 -31.62856772542 -35.1999998092651 -8.50030314177275 -31.8198539316654 -34.4999991357327 -8.51948279887438 -31.8198539316654 -35.1999998092651 -8.51948279887438 -31.9999828934669 -34.4999991357327 -8.58665909618139 -31.9999828934669 -35.1999998092651 -8.58665909618139 -32.1571119129658 -34.4999991357327 -8.69742035865784 -32.1571119129658 -35.1999998092651 -8.69742035865784 -32.2809256613255 -34.4999991357327 -8.84448830038309 -32.2809256613255 -35.1999998092651 -8.84448830038309 -32.3632843792439 -34.4999991357327 -9.01819951832294 -32.3632843792439 -35.1999998092651 -9.01819951832294 -32.3987789452076 -34.4999991357327 -9.20714065432549 -32.3987789452076 -35.1999998092651 -9.20714065432549 -32.3987789452076 -34.4999991357327 -9.20714065432549 -32.6013080775738 -35.1999998092651 -12.7457110211253 -32.6013080775738 -34.4999991357327 -12.7457110211253 -32.3987789452076 -35.1999998092651 -9.20714065432549 -32.6379984617233 -35.1999998092651 -12.9436207935214 -32.6013080775738 -34.4999991357327 -12.7457110211253 -32.6013080775738 -35.1999998092651 -12.7457110211253 -32.7229239046574 -35.1999998092651 -13.1261078640819 -32.6379984617233 -34.4999991357327 -12.9436207935214 -32.8507162630558 -35.1999998092651 -13.2816210389137 -32.7229239046574 -34.4999991357327 -13.1261078640819 -33.0132767558098 -35.1999998092651 -13.4003153070807 -32.8507162630558 -34.4999991357327 -13.2816210389137 -33.200316131115 -35.1999998092651 -13.4746767580509 -33.0132767558098 -34.4999991357327 -13.4003153070807 -33.3999991416931 -35.1999998092651 -13.4999984875321 -33.200316131115 -34.4999991357327 -13.4746767580509 -33.5996821522713 -35.1999998092651 -13.4746767580509 -33.3999991416931 -34.4999991357327 -13.4999984875321 -33.7867252528667 -35.1999998092651 -13.4003153070807 -33.5996821522713 -34.4999991357327 -13.4746767580509 -33.9492857456207 -35.1999998092651 -13.2816210389137 -33.7867252528667 -34.4999991357327 -13.4003153070807 -34.0770743787289 -35.1999998092651 -13.1261078640819 -33.9492857456207 -34.4999991357327 -13.2816210389137 -34.1620035469532 -35.1999998092651 -12.9436207935214 -34.0770743787289 -34.4999991357327 -13.1261078640819 -34.1986939311028 -35.1999998092651 -12.7457110211253 -34.1620035469532 -34.4999991357327 -12.9436207935214 -34.1986939311028 -34.4999991357327 -12.7457110211253 -34.4012230634689 -35.1999998092651 -9.20714065432549 -34.1986939311028 -34.4999991357327 -12.7457110211253 -34.1986939311028 -35.1999998092651 -12.7457110211253 -34.4012230634689 -34.4999991357327 -9.20714065432549 -35.8753576874733 -35.1999998092651 -9.05933603644371 -35.8999967575073 -34.4999991357327 -9.24999639391899 -35.8753576874733 -34.4999991357327 -9.05933603644371 -34.4367139041424 -34.4999991357327 -9.01819951832294 -34.4012230634689 -35.1999998092651 -9.20714065432549 -34.4367139041424 -35.1999998092651 -9.01819951832294 -34.5190726220608 -34.4999991357327 -8.84448830038309 -34.5190726220608 -35.1999998092651 -8.84448830038309 -34.6428863704205 -34.4999991357327 -8.69742035865784 -34.6428863704205 -35.1999998092651 -8.69742035865784 -34.8000191152096 -34.4999991357327 -8.58665909618139 -34.8000191152096 -35.1999998092651 -8.58665909618139 -34.9801480770111 -34.4999991357327 -8.51948279887438 -34.9801480770111 -35.1999998092651 -8.51948279887438 -35.1714342832565 -34.4999991357327 -8.50030314177275 -35.1714342832565 -35.1999998092651 -8.50030314177275 -35.3613123297691 -34.4999991357327 -8.53038113564253 -35.3613123297691 -35.1999998092651 -8.53038113564253 -35.5373062193394 -34.4999991357327 -8.60774144530296 -35.5373062193394 -35.1999998092651 -8.60774144530296 -35.6878526508808 -34.4999991357327 -8.72729998081923 -35.6878526508808 -35.1999998092651 -8.72729998081923 -35.803060978651 -34.4999991357327 -8.88120289891958 -35.803060978651 -35.1999998092651 -8.88120289891958 -35.8999967575073 -35.1999998092651 -9.24999639391899 -34.4012230634689 -34.4999991357327 -9.20714065432549 -35.8999967575073 -35.1999998092651 -22.7500032633543 -35.8999967575073 -34.4999991357327 -9.24999639391899 -35.8999967575073 -35.1999998092651 -9.24999639391899 -35.8999967575073 -34.4999991357327 -22.7500032633543 -35.8999967575073 -35.1999998092651 -146.750003099442 -35.8753576874733 -34.4999991357327 -146.940663456917 -35.8999967575073 -34.4999991357327 -146.750003099442 -35.8753576874733 -35.1999998092651 -146.940663456917 -35.803060978651 -34.4999991357327 -147.118791937828 -35.803060978651 -35.1999998092651 -147.118791937828 -35.6878526508808 -34.4999991357327 -147.272706031799 -35.6878526508808 -35.1999998092651 -147.272706031799 -35.5373062193394 -34.4999991357327 -147.392258048058 -35.5373062193394 -35.1999998092651 -147.392258048058 -35.3613123297691 -34.4999991357327 -147.469624876976 -35.3613123297691 -35.1999998092651 -147.469624876976 -35.1714342832565 -34.4999991357327 -147.499695420265 -35.1714342832565 -35.1999998092651 -147.499695420265 -34.9801480770111 -34.4999991357327 -147.480517625809 -34.9801480770111 -35.1999998092651 -147.480517625809 -34.8000191152096 -34.4999991357327 -147.413343191147 -34.8000191152096 -35.1999998092651 -147.413343191147 -34.6428863704205 -34.4999991357327 -147.302582859993 -34.6428863704205 -35.1999998092651 -147.302582859993 -34.5190726220608 -34.4999991357327 -147.15550839901 -34.5190726220608 -35.1999998092651 -147.15550839901 -34.4367139041424 -34.4999991357327 -146.981805562973 -34.4367139041424 -35.1999998092651 -146.981805562973 -34.4012230634689 -34.4999991357327 -146.792858839035 -34.4012230634689 -35.1999998092651 -146.792858839035 -34.1986939311028 -35.1999998092651 -143.254294991493 -34.4012230634689 -34.4999991357327 -146.792858839035 -34.4012230634689 -35.1999998092651 -146.792858839035 -34.1986939311028 -34.4999991357327 -143.254294991493 -34.0770743787289 -34.4999991357327 -142.873898148537 -33.9492857456207 -35.1999998092651 -142.718374729156 -33.9492857456207 -34.4999991357327 -142.718374729156 -32.6013080775738 -35.1999998092651 -143.254294991493 -32.6379984617233 -34.4999991357327 -143.056377768517 -32.6379984617233 -35.1999998092651 -143.056377768517 -34.1620035469532 -35.1999998092651 -143.056377768517 -34.1986939311028 -34.4999991357327 -143.254294991493 -34.1986939311028 -35.1999998092651 -143.254294991493 -34.0770743787289 -35.1999998092651 -142.873898148537 -34.1620035469532 -34.4999991357327 -143.056377768517 -33.7867252528667 -35.1999998092651 -142.599686980247 -33.5996821522713 -35.1999998092651 -142.52533018589 -33.7867252528667 -34.4999991357327 -142.599686980247 -33.3999991416931 -35.1999998092651 -142.499998211861 -33.5996821522713 -34.4999991357327 -142.52533018589 -33.200316131115 -35.1999998092651 -142.52533018589 -33.3999991416931 -34.4999991357327 -142.499998211861 -33.0132767558098 -35.1999998092651 -142.599686980247 -33.200316131115 -34.4999991357327 -142.52533018589 -32.8507162630558 -35.1999998092651 -142.718374729156 -33.0132767558098 -34.4999991357327 -142.599686980247 -32.7229239046574 -35.1999998092651 -142.873898148537 -32.8507162630558 -34.4999991357327 -142.718374729156 -32.7229239046574 -34.4999991357327 -142.873898148537 -32.6013080775738 -34.4999991357327 -143.254294991493 -32.3987789452076 -35.1999998092651 -146.792858839035 -32.6013080775738 -34.4999991357327 -143.254294991493 -32.6013080775738 -35.1999998092651 -143.254294991493 -32.3987789452076 -34.4999991357327 -146.792858839035 -32.1571119129658 -34.4999991357327 -147.302582859993 -32.2809256613255 -35.1999998092651 -147.15550839901 -32.1571119129658 -35.1999998092651 -147.302582859993 -32.3632843792439 -34.4999991357327 -146.981805562973 -32.3987789452076 -35.1999998092651 -146.792858839035 -32.3632843792439 -35.1999998092651 -146.981805562973 -31.9999828934669 -34.4999991357327 -147.413343191147 -31.9999828934669 -35.1999998092651 -147.413343191147 -32.3987789452076 -34.4999991357327 -146.792858839035 -32.2809256613255 -34.4999991357327 -147.15550839901 -31.8198539316654 -34.4999991357327 -147.480517625809 -31.8198539316654 -35.1999998092651 -147.480517625809 -31.62856772542 -34.4999991357327 -147.499695420265 -31.62856772542 -35.1999998092651 -147.499695420265 -31.4386896789074 -34.4999991357327 -147.469624876976 -31.4386896789074 -35.1999998092651 -147.469624876976 -31.2626957893372 -34.4999991357327 -147.392258048058 -31.2626957893372 -35.1999998092651 -147.392258048058 -31.1121474951506 -34.4999991357327 -147.272706031799 -31.1121474951506 -35.1999998092651 -147.272706031799 -30.9969410300255 -34.4999991357327 -147.118791937828 -30.9969410300255 -35.1999998092651 -147.118791937828 -30.9246424585581 -34.4999991357327 -146.940663456917 -30.9246424585581 -35.1999998092651 -146.940663456917 -30.9000033885241 -34.4999991357327 -146.750003099442 -30.9000033885241 -35.1999998092651 -146.750003099442 -30.9000033885241 -35.1999998092651 -133.249998092651 -30.9000033885241 -34.4999991357327 -146.750003099442 -30.9000033885241 -35.1999998092651 -146.750003099442 -30.9000033885241 -34.4999991357327 -133.249998092651 -30.9246424585581 -35.1999998092651 -133.059337735176 -30.9969410300255 -34.4999991357327 -132.881209254265 -30.9246424585581 -34.4999991357327 -133.059337735176 -30.9969410300255 -35.1999998092651 -132.881209254265 -31.1121474951506 -34.4999991357327 -132.727295160294 -31.1121474951506 -35.1999998092651 -132.727295160294 -31.2626957893372 -34.4999991357327 -132.607743144035 -31.2626957893372 -35.1999998092651 -132.607743144035 -31.4386896789074 -34.4999991357327 -132.530376315117 -31.4386896789074 -35.1999998092651 -132.530376315117 -31.62856772542 -34.4999991357327 -132.500305771828 -31.62856772542 -35.1999998092651 -132.500305771828 -31.8198539316654 -34.4999991357327 -132.519483566284 -31.8198539316654 -35.1999998092651 -132.519483566284 -31.9999828934669 -34.4999991357327 -132.586658000946 -31.9999828934669 -35.1999998092651 -132.586658000946 -32.1571119129658 -34.4999991357327 -132.6974183321 -32.1571119129658 -35.1999998092651 -132.6974183321 -32.2809256613255 -34.4999991357327 -132.844492793083 -32.2809256613255 -35.1999998092651 -132.844492793083 -32.3632843792439 -34.4999991357327 -133.01819562912 -32.3632843792439 -35.1999998092651 -133.01819562912 -32.3987789452076 -34.4999991357327 -133.207142353058 -32.3987789452076 -35.1999998092651 -133.207142353058 -30.9000033885241 -35.1999998092651 -133.249998092651 -30.9000033885241 -34.4999991357327 -133.249998092651 -32.3987789452076 -34.4999991357327 -133.207142353058 -32.6013080775738 -35.1999998092651 -136.7457062006 -32.6013080775738 -34.4999991357327 -136.7457062006 -32.3987789452076 -35.1999998092651 -133.207142353058 -32.7229239046574 -35.1999998092651 -137.126103043556 -32.6379984617233 -34.4999991357327 -136.943623423576 -32.6379984617233 -35.1999998092651 -136.943623423576 -32.8507162630558 -35.1999998092651 -137.281626462936 -32.7229239046574 -34.4999991357327 -137.126103043556 -33.0132767558098 -35.1999998092651 -137.400314211845 -32.8507162630558 -34.4999991357327 -137.281626462936 -33.200316131115 -35.1999998092651 -137.474671006203 -33.0132767558098 -34.4999991357327 -137.400314211845 -33.3999991416931 -35.1999998092651 -137.500002980232 -33.200316131115 -34.4999991357327 -137.474671006203 -32.6013080775738 -34.4999991357327 -136.7457062006 -32.6013080775738 -35.1999998092651 -136.7457062006 -33.7867252528667 -35.1999998092651 -137.400314211845 -33.5996821522713 -34.4999991357327 -137.474671006203 -33.5996821522713 -35.1999998092651 -137.474671006203 -33.9492857456207 -35.1999998092651 -137.281626462936 -33.7867252528667 -34.4999991357327 -137.400314211845 -34.0770743787289 -35.1999998092651 -137.126103043556 -33.9492857456207 -34.4999991357327 -137.281626462936 -34.1620035469532 -35.1999998092651 -136.943623423576 -34.0770743787289 -34.4999991357327 -137.126103043556 -34.1986939311028 -35.1999998092651 -136.7457062006 -34.1620035469532 -34.4999991357327 -136.943623423576 -33.3999991416931 -34.4999991357327 -137.500002980232 -34.1986939311028 -34.4999991357327 -136.7457062006 -34.4012230634689 -35.1999998092651 -133.207142353058 -34.1986939311028 -34.4999991357327 -136.7457062006 -34.1986939311028 -35.1999998092651 -136.7457062006 -34.4012230634689 -34.4999991357327 -133.207142353058 -34.9801480770111 -34.4999991357327 -132.519483566284 -34.8000191152096 -35.1999998092651 -132.586658000946 -34.9801480770111 -35.1999998092651 -132.519483566284 -35.1714342832565 -34.4999991357327 -132.500305771828 -35.1714342832565 -35.1999998092651 -132.500305771828 -35.3613123297691 -34.4999991357327 -132.530376315117 -35.3613123297691 -35.1999998092651 -132.530376315117 -35.5373062193394 -34.4999991357327 -132.607743144035 -35.5373062193394 -35.1999998092651 -132.607743144035 -35.6878526508808 -34.4999991357327 -132.727295160294 -35.6878526508808 -35.1999998092651 -132.727295160294 -35.803060978651 -34.4999991357327 -132.881209254265 -35.803060978651 -35.1999998092651 -132.881209254265 -35.8753576874733 -34.4999991357327 -133.059337735176 -35.8753576874733 -35.1999998092651 -133.059337735176 -35.8999967575073 -34.4999991357327 -133.249998092651 -35.8999967575073 -35.1999998092651 -133.249998092651 -34.8000191152096 -34.4999991357327 -132.586658000946 -34.6428863704205 -35.1999998092651 -132.6974183321 -34.4367139041424 -34.4999991357327 -133.01819562912 -34.4012230634689 -35.1999998092651 -133.207142353058 -34.4367139041424 -35.1999998092651 -133.01819562912 -34.6428863704205 -34.4999991357327 -132.6974183321 -34.5190726220608 -35.1999998092651 -132.844492793083 -34.5190726220608 -34.4999991357327 -132.844492793083 -34.4012230634689 -34.4999991357327 -133.207142353058 -35.8999967575073 -35.1999998092651 -146.750003099442 -35.8999967575073 -34.4999991357327 -133.249998092651 -35.8999967575073 -35.1999998092651 -133.249998092651 -35.8999967575073 -34.4999991357327 -146.750003099442 -34.8000191152096 -35.1999998092651 -275.413334369659 -34.6428863704205 -34.4999991357327 -275.302588939667 -34.8000191152096 -34.4999991357327 -275.413334369659 -35.8999967575073 -35.1999998092651 -274.749994277954 -35.8753576874733 -34.4999991357327 -274.940669536591 -35.8999967575073 -34.4999991357327 -274.749994277954 -35.8753576874733 -35.1999998092651 -274.940669536591 -35.803060978651 -34.4999991357327 -275.118798017502 -35.803060978651 -35.1999998092651 -275.118798017502 -35.6878526508808 -34.4999991357327 -275.272697210312 -35.6878526508808 -35.1999998092651 -275.272697210312 -35.5373062193394 -34.4999991357327 -275.392264127731 -35.5373062193394 -35.1999998092651 -275.392264127731 -35.3613123297691 -34.4999991357327 -275.46963095665 -35.3613123297691 -35.1999998092651 -275.46963095665 -35.1714342832565 -34.4999991357327 -275.499701499939 -35.1714342832565 -35.1999998092651 -275.499701499939 -34.9801480770111 -34.4999991357327 -275.480508804321 -34.9801480770111 -35.1999998092651 -275.480508804321 -34.6428863704205 -35.1999998092651 -275.302588939667 -34.5190726220608 -34.4999991357327 -275.155514478683 -34.5190726220608 -35.1999998092651 -275.155514478683 -34.4367139041424 -34.4999991357327 -274.981796741486 -34.4367139041424 -35.1999998092651 -274.981796741486 -34.4012230634689 -34.4999991357327 -274.792850017548 -34.4012230634689 -35.1999998092651 -274.792850017548 -34.1986939311028 -35.1999998092651 -271.254301071167 -34.4012230634689 -34.4999991357327 -274.792850017548 -34.4012230634689 -35.1999998092651 -274.792850017548 -34.1986939311028 -34.4999991357327 -271.254301071167 -34.1620035469532 -35.1999998092651 -271.05638384819 -34.1986939311028 -34.4999991357327 -271.254301071167 -34.1986939311028 -35.1999998092651 -271.254301071167 -34.0770743787289 -35.1999998092651 -270.87390422821 -34.1620035469532 -34.4999991357327 -271.05638384819 -33.9492857456207 -35.1999998092651 -270.718365907669 -34.0770743787289 -34.4999991357327 -270.87390422821 -33.7867252528667 -35.1999998092651 -270.599693059921 -33.9492857456207 -34.4999991357327 -270.718365907669 -33.5996821522713 -35.1999998092651 -270.525336265564 -33.7867252528667 -34.4999991357327 -270.599693059921 -33.3999991416931 -35.1999998092651 -270.500004291534 -33.5996821522713 -34.4999991357327 -270.525336265564 -33.200316131115 -35.1999998092651 -270.525336265564 -33.3999991416931 -34.4999991357327 -270.500004291534 -33.0132767558098 -35.1999998092651 -270.599693059921 -33.200316131115 -34.4999991357327 -270.525336265564 -32.8507162630558 -35.1999998092651 -270.718365907669 -33.0132767558098 -34.4999991357327 -270.599693059921 -32.7229239046574 -35.1999998092651 -270.87390422821 -32.8507162630558 -34.4999991357327 -270.718365907669 -32.6379984617233 -35.1999998092651 -271.05638384819 -32.7229239046574 -34.4999991357327 -270.87390422821 -32.6013080775738 -35.1999998092651 -271.254301071167 -32.6379984617233 -34.4999991357327 -271.05638384819 -32.6013080775738 -34.4999991357327 -271.254301071167 -32.6013080775738 -35.1999998092651 -271.254301071167 -32.3987789452076 -34.4999991357327 -274.792850017548 -32.6013080775738 -34.4999991357327 -271.254301071167 -32.3987789452076 -35.1999998092651 -274.792850017548 -32.3632843792439 -34.4999991357327 -274.981796741486 -32.3987789452076 -35.1999998092651 -274.792850017548 -32.3632843792439 -35.1999998092651 -274.981796741486 -32.3987789452076 -34.4999991357327 -274.792850017548 -32.2809256613255 -34.4999991357327 -275.155514478683 -32.2809256613255 -35.1999998092651 -275.155514478683 -32.1571119129658 -34.4999991357327 -275.302588939667 -32.1571119129658 -35.1999998092651 -275.302588939667 -31.9999828934669 -34.4999991357327 -275.413334369659 -31.9999828934669 -35.1999998092651 -275.413334369659 -31.8198539316654 -34.4999991357327 -275.480508804321 -31.8198539316654 -35.1999998092651 -275.480508804321 -31.62856772542 -34.4999991357327 -275.499701499939 -31.62856772542 -35.1999998092651 -275.499701499939 -31.4386896789074 -34.4999991357327 -275.46963095665 -31.4386896789074 -35.1999998092651 -275.46963095665 -31.2626957893372 -34.4999991357327 -275.392264127731 -31.2626957893372 -35.1999998092651 -275.392264127731 -31.1121474951506 -34.4999991357327 -275.272697210312 -31.1121474951506 -35.1999998092651 -275.272697210312 -30.9969410300255 -34.4999991357327 -275.118798017502 -30.9969410300255 -35.1999998092651 -275.118798017502 -30.9246424585581 -34.4999991357327 -274.940669536591 -30.9246424585581 -35.1999998092651 -274.940669536591 -30.9000033885241 -34.4999991357327 -274.749994277954 -30.9000033885241 -35.1999998092651 -274.749994277954 -30.9000033885241 -34.4999991357327 -274.749994277954 -30.9000033885241 -35.1999998092651 -261.249989271164 -30.9000033885241 -34.4999991357327 -261.249989271164 -30.9000033885241 -35.1999998092651 -274.749994277954 -30.9000033885241 -35.1999998092651 -261.249989271164 -30.9246424585581 -34.4999991357327 -261.05934381485 -30.9000033885241 -34.4999991357327 -261.249989271164 -30.9246424585581 -35.1999998092651 -261.05934381485 -30.9969410300255 -34.4999991357327 -260.881215333939 -30.9969410300255 -35.1999998092651 -260.881215333939 -31.1121474951506 -34.4999991357327 -260.727286338806 -31.1121474951506 -35.1999998092651 -260.727286338806 -31.2626957893372 -34.4999991357327 -260.607749223709 -31.2626957893372 -35.1999998092651 -260.607749223709 -31.4386896789074 -34.4999991357327 -260.530382394791 -31.4386896789074 -35.1999998092651 -260.530382394791 -31.62856772542 -34.4999991357327 -260.500311851501 -31.62856772542 -35.1999998092651 -260.500311851501 -31.8198539316654 -34.4999991357327 -260.519474744797 -31.8198539316654 -35.1999998092651 -260.519474744797 -31.9999828934669 -34.4999991357327 -260.586649179459 -31.9999828934669 -35.1999998092651 -260.586649179459 -32.1571119129658 -34.4999991357327 -260.697424411774 -32.1571119129658 -35.1999998092651 -260.697424411774 -32.2809256613255 -34.4999991357327 -260.844498872757 -32.2809256613255 -35.1999998092651 -260.844498872757 -32.3632843792439 -34.4999991357327 -261.018186807632 -32.3632843792439 -35.1999998092651 -261.018186807632 -32.3987789452076 -34.4999991357327 -261.20713353157 -32.3987789452076 -35.1999998092651 -261.20713353157 -32.6013080775738 -35.1999998092651 -264.745712280273 -32.3987789452076 -34.4999991357327 -261.20713353157 -32.3987789452076 -35.1999998092651 -261.20713353157 -32.6013080775738 -34.4999991357327 -264.745712280273 -34.1986939311028 -35.1999998092651 -264.745712280273 -34.1620035469532 -34.4999991357327 -264.94362950325 -34.1620035469532 -35.1999998092651 -264.94362950325 -32.6379984617233 -35.1999998092651 -264.94362950325 -32.6013080775738 -34.4999991357327 -264.745712280273 -32.6013080775738 -35.1999998092651 -264.745712280273 -32.7229239046574 -35.1999998092651 -265.12610912323 -32.6379984617233 -34.4999991357327 -264.94362950325 -32.8507162630558 -35.1999998092651 -265.281617641449 -32.7229239046574 -34.4999991357327 -265.12610912323 -33.0132767558098 -35.1999998092651 -265.400320291519 -32.8507162630558 -34.4999991357327 -265.281617641449 -33.200316131115 -35.1999998092651 -265.474677085876 -33.0132767558098 -34.4999991357327 -265.400320291519 -33.3999991416931 -35.1999998092651 -265.500009059906 -33.200316131115 -34.4999991357327 -265.474677085876 -33.5996821522713 -35.1999998092651 -265.474677085876 -33.3999991416931 -34.4999991357327 -265.500009059906 -33.7867252528667 -35.1999998092651 -265.400320291519 -33.5996821522713 -34.4999991357327 -265.474677085876 -33.9492857456207 -35.1999998092651 -265.281617641449 -33.7867252528667 -34.4999991357327 -265.400320291519 -34.0770743787289 -35.1999998092651 -265.12610912323 -33.9492857456207 -34.4999991357327 -265.281617641449 -34.0770743787289 -34.4999991357327 -265.12610912323 -34.1986939311028 -34.4999991357327 -264.745712280273 -34.4012230634689 -35.1999998092651 -261.20713353157 -34.1986939311028 -34.4999991357327 -264.745712280273 -34.1986939311028 -35.1999998092651 -264.745712280273 -34.4012230634689 -34.4999991357327 -261.20713353157 -35.8753576874733 -35.1999998092651 -261.05934381485 -35.8999967575073 -34.4999991357327 -261.249989271164 -35.8753576874733 -34.4999991357327 -261.05934381485 -34.4012230634689 -35.1999998092651 -261.20713353157 -34.4367139041424 -34.4999991357327 -261.018186807632 -34.4012230634689 -34.4999991357327 -261.20713353157 -34.4367139041424 -35.1999998092651 -261.018186807632 -34.5190726220608 -34.4999991357327 -260.844498872757 -34.5190726220608 -35.1999998092651 -260.844498872757 -34.6428863704205 -34.4999991357327 -260.697424411774 -34.6428863704205 -35.1999998092651 -260.697424411774 -34.8000191152096 -34.4999991357327 -260.586649179459 -34.8000191152096 -35.1999998092651 -260.586649179459 -34.9801480770111 -34.4999991357327 -260.519474744797 -34.9801480770111 -35.1999998092651 -260.519474744797 -35.1714342832565 -34.4999991357327 -260.500311851501 -35.1714342832565 -35.1999998092651 -260.500311851501 -35.3613123297691 -34.4999991357327 -260.530382394791 -35.3613123297691 -35.1999998092651 -260.530382394791 -35.5373062193394 -34.4999991357327 -260.607749223709 -35.5373062193394 -35.1999998092651 -260.607749223709 -35.6878526508808 -34.4999991357327 -260.727286338806 -35.6878526508808 -35.1999998092651 -260.727286338806 -35.803060978651 -34.4999991357327 -260.881215333939 -35.803060978651 -35.1999998092651 -260.881215333939 -35.8999967575073 -35.1999998092651 -261.249989271164 -35.8999967575073 -34.4999991357327 -274.749994277954 -35.8999967575073 -35.1999998092651 -261.249989271164 -35.8999967575073 -35.1999998092651 -274.749994277954 -35.8999967575073 -34.4999991357327 -261.249989271164 -34.9801480770111 -34.4999991357327 -375.480502843857 -35.1714342832565 -35.1999998092651 -375.499695539474 -34.9801480770111 -35.1999998092651 -375.480502843857 -35.8999967575073 -35.1999998092651 -374.750018119812 -35.8753576874733 -34.4999991357327 -374.940663576126 -35.8999967575073 -34.4999991357327 -374.750018119812 -35.8753576874733 -35.1999998092651 -374.940663576126 -35.803060978651 -34.4999991357327 -375.118792057037 -35.803060978651 -35.1999998092651 -375.118792057037 -35.6878526508808 -34.4999991357327 -375.272691249847 -35.6878526508808 -35.1999998092651 -375.272691249847 -35.5373062193394 -34.4999991357327 -375.392258167267 -35.5373062193394 -35.1999998092651 -375.392258167267 -35.3613123297691 -34.4999991357327 -375.469624996185 -35.3613123297691 -35.1999998092651 -375.469624996185 -35.1714342832565 -34.4999991357327 -375.499695539474 -34.8000191152096 -34.4999991357327 -375.413328409195 -34.8000191152096 -35.1999998092651 -375.413328409195 -34.6428863704205 -34.4999991357327 -375.302582979202 -34.6428863704205 -35.1999998092651 -375.302582979202 -34.5190726220608 -34.4999991357327 -375.155508518219 -34.5190726220608 -35.1999998092651 -375.155508518219 -34.4367139041424 -34.4999991357327 -374.981790781021 -34.4367139041424 -35.1999998092651 -374.981790781021 -34.4012230634689 -34.4999991357327 -374.792873859406 -34.4012230634689 -35.1999998092651 -374.792873859406 -34.4012230634689 -34.4999991357327 -374.792873859406 -34.1986939311028 -35.1999998092651 -371.254295110703 -34.1986939311028 -34.4999991357327 -371.254295110703 -34.4012230634689 -35.1999998092651 -374.792873859406 -34.1620035469532 -35.1999998092651 -371.056377887726 -34.1986939311028 -34.4999991357327 -371.254295110703 -34.1986939311028 -35.1999998092651 -371.254295110703 -34.0770743787289 -35.1999998092651 -370.873898267746 -34.1620035469532 -34.4999991357327 -371.056377887726 -33.9492857456207 -35.1999998092651 -370.718389749527 -34.0770743787289 -34.4999991357327 -370.873898267746 -33.7867252528667 -35.1999998092651 -370.599687099457 -33.9492857456207 -34.4999991357327 -370.718389749527 -33.5996821522713 -35.1999998092651 -370.525330305099 -33.7867252528667 -34.4999991357327 -370.599687099457 -33.3999991416931 -35.1999998092651 -370.49999833107 -33.5996821522713 -34.4999991357327 -370.525330305099 -33.200316131115 -35.1999998092651 -370.525330305099 -33.3999991416931 -34.4999991357327 -370.49999833107 -33.0132767558098 -35.1999998092651 -370.599687099457 -33.200316131115 -34.4999991357327 -370.525330305099 -32.8507162630558 -35.1999998092651 -370.718389749527 -33.0132767558098 -34.4999991357327 -370.599687099457 -32.7229239046574 -35.1999998092651 -370.873898267746 -32.8507162630558 -34.4999991357327 -370.718389749527 -32.6379984617233 -35.1999998092651 -371.056377887726 -32.7229239046574 -34.4999991357327 -370.873898267746 -32.6013080775738 -35.1999998092651 -371.254295110703 -32.6379984617233 -34.4999991357327 -371.056377887726 -32.6013080775738 -34.4999991357327 -371.254295110703 -32.6013080775738 -34.4999991357327 -371.254295110703 -32.3987789452076 -35.1999998092651 -374.792873859406 -32.3987789452076 -34.4999991357327 -374.792873859406 -32.6013080775738 -35.1999998092651 -371.254295110703 -32.3987789452076 -35.1999998092651 -374.792873859406 -32.3632843792439 -34.4999991357327 -374.981790781021 -32.3987789452076 -34.4999991357327 -374.792873859406 -32.3632843792439 -35.1999998092651 -374.981790781021 -32.2809256613255 -34.4999991357327 -375.155508518219 -32.2809256613255 -35.1999998092651 -375.155508518219 -32.1571119129658 -34.4999991357327 -375.302582979202 -32.1571119129658 -35.1999998092651 -375.302582979202 -31.9999828934669 -34.4999991357327 -375.413328409195 -31.9999828934669 -35.1999998092651 -375.413328409195 -31.8198539316654 -34.4999991357327 -375.480502843857 -31.8198539316654 -35.1999998092651 -375.480502843857 -31.62856772542 -34.4999991357327 -375.499695539474 -31.62856772542 -35.1999998092651 -375.499695539474 -31.4386896789074 -34.4999991357327 -375.469624996185 -31.4386896789074 -35.1999998092651 -375.469624996185 -31.2626957893372 -34.4999991357327 -375.392258167267 -31.2626957893372 -35.1999998092651 -375.392258167267 -31.1121474951506 -34.4999991357327 -375.272691249847 -31.1121474951506 -35.1999998092651 -375.272691249847 -30.9969410300255 -34.4999991357327 -375.118792057037 -30.9969410300255 -35.1999998092651 -375.118792057037 -30.9246424585581 -34.4999991357327 -374.940663576126 -30.9246424585581 -35.1999998092651 -374.940663576126 -30.9000033885241 -34.4999991357327 -374.750018119812 -30.9000033885241 -35.1999998092651 -374.750018119812 -30.9000033885241 -35.1999998092651 -361.249983310699 -30.9000033885241 -34.4999991357327 -374.750018119812 -30.9000033885241 -35.1999998092651 -374.750018119812 -30.9000033885241 -34.4999991357327 -361.249983310699 -30.9000033885241 -35.1999998092651 -361.249983310699 -30.9246424585581 -34.4999991357327 -361.059337854385 -30.9000033885241 -34.4999991357327 -361.249983310699 -30.9246424585581 -35.1999998092651 -361.059337854385 -30.9969410300255 -34.4999991357327 -360.881209373474 -30.9969410300255 -35.1999998092651 -360.881209373474 -31.1121474951506 -34.4999991357327 -360.727310180664 -31.1121474951506 -35.1999998092651 -360.727310180664 -31.2626957893372 -34.4999991357327 -360.607743263245 -31.2626957893372 -35.1999998092651 -360.607743263245 -31.4386896789074 -34.4999991357327 -360.530376434326 -31.4386896789074 -35.1999998092651 -360.530376434326 -31.62856772542 -34.4999991357327 -360.500305891037 -31.62856772542 -35.1999998092651 -360.500305891037 -31.8198539316654 -34.4999991357327 -360.519468784332 -31.8198539316654 -35.1999998092651 -360.519468784332 -31.9999828934669 -34.4999991357327 -360.586673021317 -31.9999828934669 -35.1999998092651 -360.586673021317 -32.1571119129658 -34.4999991357327 -360.697418451309 -32.1571119129658 -35.1999998092651 -360.697418451309 -32.2809256613255 -34.4999991357327 -360.844492912292 -32.2809256613255 -35.1999998092651 -360.844492912292 -32.3632843792439 -34.4999991357327 -361.01821064949 -32.3632843792439 -35.1999998092651 -361.01821064949 -32.3987789452076 -34.4999991357327 -361.207127571106 -32.3987789452076 -35.1999998092651 -361.207127571106 -32.6013080775738 -35.1999998092651 -364.745706319809 -32.3987789452076 -34.4999991357327 -361.207127571106 -32.3987789452076 -35.1999998092651 -361.207127571106 -32.6013080775738 -34.4999991357327 -364.745706319809 -32.6379984617233 -35.1999998092651 -364.943623542786 -32.6013080775738 -34.4999991357327 -364.745706319809 -32.6013080775738 -35.1999998092651 -364.745706319809 -32.7229239046574 -35.1999998092651 -365.126103162766 -32.6379984617233 -34.4999991357327 -364.943623542786 -32.8507162630558 -35.1999998092651 -365.281611680984 -32.7229239046574 -34.4999991357327 -365.126103162766 -33.0132767558098 -35.1999998092651 -365.400314331055 -32.8507162630558 -34.4999991357327 -365.281611680984 -33.200316131115 -35.1999998092651 -365.474671125412 -33.0132767558098 -34.4999991357327 -365.400314331055 -33.3999991416931 -35.1999998092651 -365.500003099442 -33.200316131115 -34.4999991357327 -365.474671125412 -33.5996821522713 -35.1999998092651 -365.474671125412 -33.3999991416931 -34.4999991357327 -365.500003099442 -33.7867252528667 -35.1999998092651 -365.400314331055 -33.5996821522713 -34.4999991357327 -365.474671125412 -33.9492857456207 -35.1999998092651 -365.281611680984 -33.7867252528667 -34.4999991357327 -365.400314331055 -34.0770743787289 -35.1999998092651 -365.126103162766 -33.9492857456207 -34.4999991357327 -365.281611680984 -34.1620035469532 -35.1999998092651 -364.943623542786 -34.0770743787289 -34.4999991357327 -365.126103162766 -34.1986939311028 -35.1999998092651 -364.745706319809 -34.1620035469532 -34.4999991357327 -364.943623542786 -34.1986939311028 -34.4999991357327 -364.745706319809 -34.4012230634689 -35.1999998092651 -361.207127571106 -34.1986939311028 -34.4999991357327 -364.745706319809 -34.1986939311028 -35.1999998092651 -364.745706319809 -34.4012230634689 -34.4999991357327 -361.207127571106 -34.9801480770111 -34.4999991357327 -360.519468784332 -34.8000191152096 -35.1999998092651 -360.586673021317 -34.9801480770111 -35.1999998092651 -360.519468784332 -35.1714342832565 -34.4999991357327 -360.500305891037 -35.1714342832565 -35.1999998092651 -360.500305891037 -35.3613123297691 -34.4999991357327 -360.530376434326 -35.3613123297691 -35.1999998092651 -360.530376434326 -35.5373062193394 -34.4999991357327 -360.607743263245 -35.5373062193394 -35.1999998092651 -360.607743263245 -35.6878526508808 -34.4999991357327 -360.727310180664 -35.6878526508808 -35.1999998092651 -360.727310180664 -35.803060978651 -34.4999991357327 -360.881209373474 -35.803060978651 -35.1999998092651 -360.881209373474 -35.8753576874733 -34.4999991357327 -361.059337854385 -35.8753576874733 -35.1999998092651 -361.059337854385 -35.8999967575073 -34.4999991357327 -361.249983310699 -35.8999967575073 -35.1999998092651 -361.249983310699 -34.5190726220608 -34.4999991357327 -360.844492912292 -34.4367139041424 -35.1999998092651 -361.01821064949 -34.5190726220608 -35.1999998092651 -360.844492912292 -34.8000191152096 -34.4999991357327 -360.586673021317 -34.6428863704205 -35.1999998092651 -360.697418451309 -34.6428863704205 -34.4999991357327 -360.697418451309 -34.4367139041424 -34.4999991357327 -361.01821064949 -34.4012230634689 -35.1999998092651 -361.207127571106 -34.4012230634689 -34.4999991357327 -361.207127571106 -35.8999967575073 -35.1999998092651 -361.249983310699 -35.8999967575073 -34.4999991357327 -374.750018119812 -35.8999967575073 -34.4999991357327 -361.249983310699 -35.8999967575073 -35.1999998092651 -374.750018119812 -33.6106009781361 -34.4999991357327 18.0539265275002 -34.400001168251 -35.1999998092651 17.9500002413988 -33.6106009781361 -35.1999998092651 18.0539265275002 -34.400001168251 -34.4999991357327 17.9500002413988 -35.1893976330757 -35.1999998092651 18.0539265275002 -35.1893976330757 -34.4999991357327 18.0539265275002 -35.9250009059906 -35.1999998092651 18.3586217463017 -35.9250009059906 -34.4999991357327 18.3586217463017 -36.556676030159 -35.1999998092651 18.84332485497 -36.556676030159 -34.4999991357327 18.84332485497 -37.0413772761822 -35.1999998092651 19.4749999791384 -37.0413772761822 -34.4999991357327 19.4749999791384 -37.3460724949837 -35.1999998092651 20.2106013894081 -37.3460724949837 -34.4999991357327 20.2106013894081 -37.4500006437302 -35.1999998092651 20.9999997168779 -37.4500006437302 -34.4999991357327 20.9999997168779 -37.3460724949837 -35.1999998092651 21.7893980443478 -37.3460724949837 -34.4999991357327 21.7893980443478 -37.0413772761822 -35.1999998092651 22.5249994546175 -37.0413772761822 -34.4999991357327 22.5249994546175 -36.556676030159 -35.1999998092651 23.156676441431 -36.556676030159 -34.4999991357327 23.156676441431 -35.9250009059906 -35.1999998092651 23.6413776874542 -35.9250009059906 -34.4999991357327 23.6413776874542 -35.1893976330757 -35.1999998092651 23.9460729062557 -35.1893976330757 -34.4999991357327 23.9460729062557 -34.400001168251 -35.1999998092651 24.0499991923571 -31.7586213350296 -34.4999991357327 19.4749999791384 -32.2433225810528 -35.1999998092651 18.84332485497 -31.7586213350296 -35.1999998092651 19.4749999791384 -31.4539261162281 -34.4999991357327 20.2106013894081 -31.4539261162281 -35.1999998092651 20.2106013894081 -31.3500016927719 -34.4999991357327 20.9999997168779 -31.3500016927719 -35.1999998092651 20.9999997168779 -31.4539261162281 -34.4999991357327 21.7893980443478 -31.4539261162281 -35.1999998092651 21.7893980443478 -31.7586213350296 -34.4999991357327 22.5249994546175 -31.7586213350296 -35.1999998092651 22.5249994546175 -32.2433225810528 -34.4999991357327 23.156676441431 -32.2433225810528 -35.1999998092651 23.156676441431 -32.8750014305115 -34.4999991357327 23.6413776874542 -32.8750014305115 -35.1999998092651 23.6413776874542 -33.6106009781361 -34.4999991357327 23.9460729062557 -33.6106009781361 -35.1999998092651 23.9460729062557 -32.8750014305115 -34.4999991357327 18.3586217463017 -32.8750014305115 -35.1999998092651 18.3586217463017 -34.400001168251 -34.4999991357327 24.0499991923571 -32.2433225810528 -34.4999991357327 18.84332485497 -35.1893976330757 -34.4999991357327 -237.946078181267 -35.9250009059906 -35.1999998092651 -237.641379237175 -35.1893976330757 -35.1999998092651 -237.946078181267 -35.1893976330757 -35.1999998092651 -232.05392062664 -35.9250009059906 -34.4999991357327 -232.358619570732 -35.1893976330757 -34.4999991357327 -232.05392062664 -35.9250009059906 -35.1999998092651 -232.358619570732 -36.556676030159 -34.4999991357327 -232.843324542046 -36.556676030159 -35.1999998092651 -232.843324542046 -37.0413772761822 -34.4999991357327 -233.474999666214 -37.0413772761822 -35.1999998092651 -233.474999666214 -37.3460724949837 -34.4999991357327 -234.210595488548 -37.3460724949837 -35.1999998092651 -234.210595488548 -37.4500006437302 -34.4999991357327 -234.999999403954 -37.4500006437302 -35.1999998092651 -234.999999403954 -37.3460724949837 -34.4999991357327 -235.789403319359 -37.3460724949837 -35.1999998092651 -235.789403319359 -37.0413772761822 -34.4999991357327 -236.524999141693 -37.0413772761822 -35.1999998092651 -236.524999141693 -36.556676030159 -34.4999991357327 -237.156674265862 -36.556676030159 -35.1999998092651 -237.156674265862 -35.9250009059906 -34.4999991357327 -237.641379237175 -34.400001168251 -34.4999991357327 -238.049998879433 -34.400001168251 -35.1999998092651 -238.049998879433 -33.6106009781361 -34.4999991357327 -237.946078181267 -34.400001168251 -35.1999998092651 -231.949999928474 -33.6106009781361 -35.1999998092651 -237.946078181267 -32.8750014305115 -34.4999991357327 -237.641379237175 -32.8750014305115 -35.1999998092651 -237.641379237175 -32.2433225810528 -34.4999991357327 -237.156674265862 -32.2433225810528 -35.1999998092651 -237.156674265862 -31.7586213350296 -34.4999991357327 -236.524999141693 -31.7586213350296 -35.1999998092651 -236.524999141693 -31.4539261162281 -34.4999991357327 -235.789403319359 -31.4539261162281 -35.1999998092651 -235.789403319359 -31.3500016927719 -34.4999991357327 -234.999999403954 -31.3500016927719 -35.1999998092651 -234.999999403954 -31.4539261162281 -34.4999991357327 -234.210595488548 -31.4539261162281 -35.1999998092651 -234.210595488548 -31.7586213350296 -34.4999991357327 -233.474999666214 -31.7586213350296 -35.1999998092651 -233.474999666214 -32.2433225810528 -34.4999991357327 -232.843324542046 -32.2433225810528 -35.1999998092651 -232.843324542046 -32.8750014305115 -34.4999991357327 -232.358619570732 -32.8750014305115 -35.1999998092651 -232.358619570732 -33.6106009781361 -34.4999991357327 -232.05392062664 -33.6106009781361 -35.1999998092651 -232.05392062664 -34.400001168251 -34.4999991357327 -231.949999928474 -19.2925930023193 11.1764762550592 32.0000015199184 -19.4174684584141 10.8749996870756 37.0000004768372 -19.2925930023193 11.1764762550592 37.0000004768372 -19.4174684584141 10.8749996870756 32.0000015199184 -19.6161158382893 10.6161162257195 37.0000004768372 -19.6161158382893 10.6161162257195 32.0000015199184 -19.8749992996454 10.4174679145217 37.0000004768372 -19.8749992996454 10.4174679145217 32.0000015199184 -20.1764758676291 10.292592458427 37.0000004768372 -19.6161158382893 12.383883818984 32.0000015199184 -19.4174684584141 12.1250003576279 37.0000004768372 -19.6161158382893 12.383883818984 37.0000004768372 -19.4174684584141 12.1250003576279 32.0000015199184 -19.2925930023193 11.8235237896442 37.0000004768372 -20.1764758676291 10.292592458427 32.0000015199184 -20.5000005662441 10.2500002831221 37.0000004768372 -20.5000005662441 10.2500002831221 32.0000015199184 -20.8235234022141 10.292592458427 37.0000004768372 -19.2925930023193 11.8235237896442 32.0000015199184 -19.2499998956919 11.5000000223517 37.0000004768372 -19.2499998956919 11.5000000223517 32.0000015199184 -19.8749992996454 12.5825321301818 32.0000015199184 -19.8749992996454 12.5825321301818 37.0000004768372 -20.1764758676291 12.7074075862765 32.0000015199184 -20.1764758676291 12.7074075862765 37.0000004768372 -20.5000005662441 12.7499997615814 32.0000015199184 -20.5000005662441 12.7499997615814 37.0000004768372 -20.8235234022141 12.7074075862765 32.0000015199184 -20.8235234022141 12.7074075862765 37.0000004768372 -21.1249999701977 12.5825321301818 32.0000015199184 -21.1249999701977 12.5825321301818 37.0000004768372 -21.3838834315538 12.383883818984 32.0000015199184 -21.3838834315538 12.383883818984 37.0000004768372 -21.5825326740742 12.1250003576279 32.0000015199184 -21.5825326740742 12.1250003576279 37.0000004768372 -21.7074081301689 11.8235237896442 32.0000015199184 -21.7074081301689 11.8235237896442 37.0000004768372 -21.7499993741512 11.5000000223517 32.0000015199184 -21.7499993741512 11.5000000223517 37.0000004768372 -21.7074081301689 11.1764762550592 32.0000015199184 -21.7074081301689 11.1764762550592 37.0000004768372 -21.5825326740742 10.8749996870756 32.0000015199184 -21.5825326740742 10.8749996870756 37.0000004768372 -21.3838834315538 10.6161162257195 32.0000015199184 -21.3838834315538 10.6161162257195 37.0000004768372 -21.1249999701977 10.4174679145217 32.0000015199184 -21.1249999701977 10.4174679145217 37.0000004768372 -20.8235234022141 10.292592458427 32.0000015199184 -19.4174684584141 12.1250003576279 32.0000015199184 -20.5000005662441 11.5000000223517 32.0000015199184 -19.2925930023193 11.8235237896442 32.0000015199184 -19.6161158382893 12.383883818984 32.0000015199184 -19.8749992996454 12.5825321301818 32.0000015199184 -20.1764758676291 12.7074075862765 32.0000015199184 -20.5000005662441 12.7499997615814 32.0000015199184 -20.8235234022141 12.7074075862765 32.0000015199184 -21.1249999701977 12.5825321301818 32.0000015199184 -21.3838834315538 12.383883818984 32.0000015199184 -21.5825326740742 12.1250003576279 32.0000015199184 -21.7074081301689 11.8235237896442 32.0000015199184 -21.7499993741512 11.5000000223517 32.0000015199184 -21.7074081301689 11.1764762550592 32.0000015199184 -21.5825326740742 10.8749996870756 32.0000015199184 -19.2499998956919 11.5000000223517 32.0000015199184 -19.2925930023193 11.1764762550592 32.0000015199184 -19.4174684584141 10.8749996870756 32.0000015199184 -19.6161158382893 10.6161162257195 32.0000015199184 -19.8749992996454 10.4174679145217 32.0000015199184 -20.1764758676291 10.292592458427 32.0000015199184 -20.5000005662441 10.2500002831221 32.0000015199184 -20.8235234022141 10.292592458427 32.0000015199184 -21.1249999701977 10.4174679145217 32.0000015199184 -21.3838834315538 10.6161162257195 32.0000015199184 -22.9000002145767 48.0999983847141 33.9000001549721 -17.8999993950129 48.0999983847141 28.8999993354082 -22.9000002145767 48.0999983847141 28.8999993354082 -17.8999993950129 48.0999983847141 33.9000001549721 -26.7500001937151 20.7588188350201 25.7659256458282 -26.7500001937151 21.5000007301569 24.8000007122755 -26.7500001937151 20.5000005662441 25.8000008761883 -26.7500001937151 21.3660262525082 25.2999998629093 -26.7500001937151 20.9999997168779 25.6660245358944 -26.7500001937151 21.2071072310209 25.5071073770523 -26.7500001937151 20.5000005662441 -17.400000244379 -26.7500001937151 0.7999999797903 -17.2660257667303 -26.7500001937151 0.433974608313292 -16.8999992311001 -26.7500001937151 0.33407416776754 -16.6588183492422 -26.7500001937151 0.300000014249235 24.8000007122755 -26.7500001937151 1.30000000353903 -17.400000244379 -26.7500001937151 0.300000014249235 -16.4000000804663 -26.7500001937151 0.33407416776754 25.0588189810514 -26.7500001937151 1.30000000353903 25.8000008761883 -26.7500001937151 1.04118091985583 25.7659256458282 -26.7500001937151 0.592893222346902 25.5071073770523 -26.7500001937151 0.7999999797903 25.6660245358944 -26.7500001937151 1.04118091985583 -17.365925014019 -26.7500001937151 0.433974608313292 25.2999998629093 -26.7500001937151 21.4659254997969 25.0588189810514 -26.7500001937151 21.3660262525082 -16.8999992311001 -26.7500001937151 21.2071072310209 -17.1071067452431 -26.7500001937151 0.592893222346902 -17.1071067452431 -26.7500001937151 21.4659254997969 -16.6588183492422 -26.7500001937151 20.7588188350201 -17.365925014019 -26.7500001937151 20.9999997168779 -17.2660257667303 -26.7500001937151 21.5000007301569 -16.4000000804663 -26.7500001937151 0.300000014249235 -16.4000000804663 -27.8999991714954 0.300000014249235 24.8000007122755 -26.7500001937151 0.300000014249235 24.8000007122755 -27.8999991714954 0.300000014249235 -16.4000000804663 -27.8999991714954 0.300000014249235 24.8000007122755 -26.7500001937151 0.33407416776754 25.0588189810514 -26.7500001937151 0.300000014249235 24.8000007122755 -27.8999991714954 0.33407416776754 25.0588189810514 -26.7500001937151 0.433974608313292 25.2999998629093 -27.8999991714954 0.433974608313292 25.2999998629093 -26.7500001937151 0.592893222346902 25.5071073770523 -27.8999991714954 0.592893222346902 25.5071073770523 -26.7500001937151 0.7999999797903 25.6660245358944 -27.8999991714954 0.7999999797903 25.6660245358944 -26.7500001937151 1.04118091985583 25.7659256458282 -27.8999991714954 1.04118091985583 25.7659256458282 -26.7500001937151 1.30000000353903 25.8000008761883 -27.8999991714954 1.30000000353903 25.8000008761883 -27.8999991714954 1.30000000353903 25.8000008761883 -26.7500001937151 20.5000005662441 25.8000008761883 -26.7500001937151 1.30000000353903 25.8000008761883 -27.8999991714954 20.5000005662441 25.8000008761883 -27.8999991714954 21.2071072310209 25.5071073770523 -26.7500001937151 21.3660262525082 25.2999998629093 -26.7500001937151 21.2071072310209 25.5071073770523 -27.8999991714954 20.9999997168779 25.6660245358944 -26.7500001937151 20.9999997168779 25.6660245358944 -27.8999991714954 21.3660262525082 25.2999998629093 -26.7500001937151 21.4659254997969 25.0588189810514 -27.8999991714954 21.4659254997969 25.0588189810514 -26.7500001937151 21.5000007301569 24.8000007122755 -27.8999991714954 20.7588188350201 25.7659256458282 -26.7500001937151 20.7588188350201 25.7659256458282 -27.8999991714954 20.5000005662441 25.8000008761883 -26.7500001937151 20.5000005662441 25.8000008761883 -27.8999991714954 21.5000007301569 24.8000007122755 -26.7500001937151 21.5000007301569 -16.4000000804663 -27.8999991714954 21.5000007301569 24.8000007122755 -27.8999991714954 21.5000007301569 -16.4000000804663 -26.7500001937151 21.5000007301569 24.8000007122755 -27.8999991714954 21.3660262525082 -16.8999992311001 -26.7500001937151 21.2071072310209 -17.1071067452431 -26.7500001937151 21.3660262525082 -16.8999992311001 -27.8999991714954 21.2071072310209 -17.1071067452431 -26.7500001937151 20.9999997168779 -17.2660257667303 -27.8999991714954 20.9999997168779 -17.2660257667303 -26.7500001937151 20.7588188350201 -17.365925014019 -27.8999991714954 20.7588188350201 -17.365925014019 -26.7500001937151 20.5000005662441 -17.400000244379 -27.8999991714954 21.4659254997969 -16.6588183492422 -26.7500001937151 21.4659254997969 -16.6588183492422 -27.8999991714954 21.5000007301569 -16.4000000804663 -26.7500001937151 21.5000007301569 -16.4000000804663 -27.8999991714954 20.5000005662441 -17.400000244379 -27.8999991714954 1.30000000353903 -17.400000244379 -26.7500001937151 20.5000005662441 -17.400000244379 -27.8999991714954 20.5000005662441 -17.400000244379 -26.7500001937151 1.30000000353903 -17.400000244379 -27.8999991714954 1.04118091985583 -17.365925014019 -26.7500001937151 0.7999999797903 -17.2660257667303 -26.7500001937151 1.04118091985583 -17.365925014019 -27.8999991714954 1.30000000353903 -17.400000244379 -26.7500001937151 1.30000000353903 -17.400000244379 -27.8999991714954 0.7999999797903 -17.2660257667303 -26.7500001937151 0.592893222346902 -17.1071067452431 -27.8999991714954 0.592893222346902 -17.1071067452431 -26.7500001937151 0.433974608313292 -16.8999992311001 -27.8999991714954 0.433974608313292 -16.8999992311001 -26.7500001937151 0.33407416776754 -16.6588183492422 -27.8999991714954 0.33407416776754 -16.6588183492422 -26.7500001937151 0.300000014249235 -16.4000000804663 -27.8999991714954 0.300000014249235 -16.4000000804663 -26.0000005364418 11.6999996826053 -416.35000705719 -26.0000005364418 15.2500001713634 -416.35000705719 -26.0000005364418 15.129036270082 -417.268812656403 -26.0000005364418 8.27096309512854 -417.268812656403 -26.0000005364418 8.15000012516975 -416.35000705719 -26.0000005364418 8.62560980021954 -414.575010538101 -26.0000005364418 8.27096309512854 -415.431201457977 -26.0000005364418 9.18977055698633 -413.839757442474 -26.0000005364418 9.9250003695488 -413.275599479675 -26.0000005364418 10.7811922207475 -412.920951843262 -26.0000005364418 11.6999996826053 -412.800014019012 -26.0000005364418 12.6188071444631 -412.920951843262 -26.0000005364418 13.4749999269843 -413.275599479675 -26.0000005364418 14.2102288082242 -413.839757442474 -26.0000005364418 14.7743904963136 -414.575010538101 -26.0000005364418 15.129036270082 -415.431201457977 -26.0000005364418 14.7743904963136 -418.125003576279 -26.0000005364418 14.2102288082242 -418.860226869583 -26.0000005364418 13.4749999269843 -419.424384832382 -26.0000005364418 12.6188071444631 -419.779032468796 -26.0000005364418 11.6999996826053 -419.900000095367 -26.0000005364418 10.7811922207475 -419.779032468796 -26.0000005364418 9.9250003695488 -419.424384832382 -26.0000005364418 9.18977055698633 -418.860226869583 -26.0000005364418 8.62560980021954 -418.125003576279 -27.8999991714954 11.6999996826053 -419.900000095367 -26.0000005364418 10.7811922207475 -419.779032468796 -26.0000005364418 11.6999996826053 -419.900000095367 -26.0000005364418 8.27096309512854 -417.268812656403 -27.8999991714954 8.62560980021954 -418.125003576279 -27.8999991714954 8.27096309512854 -417.268812656403 -26.0000005364418 8.62560980021954 -418.125003576279 -27.8999991714954 9.18977055698633 -418.860226869583 -26.0000005364418 9.18977055698633 -418.860226869583 -27.8999991714954 9.9250003695488 -419.424384832382 -26.0000005364418 9.9250003695488 -419.424384832382 -27.8999991714954 10.7811922207475 -419.779032468796 -27.8999991714954 12.6188071444631 -419.779032468796 -26.0000005364418 12.6188071444631 -419.779032468796 -27.8999991714954 13.4749999269843 -419.424384832382 -26.0000005364418 13.4749999269843 -419.424384832382 -27.8999991714954 14.2102288082242 -418.860226869583 -26.0000005364418 14.2102288082242 -418.860226869583 -27.8999991714954 14.7743904963136 -418.125003576279 -26.0000005364418 14.7743904963136 -418.125003576279 -27.8999991714954 15.129036270082 -417.268812656403 -26.0000005364418 15.129036270082 -417.268812656403 -27.8999991714954 15.2500001713634 -416.35000705719 -26.0000005364418 15.2500001713634 -416.35000705719 -27.8999991714954 15.129036270082 -415.431201457977 -26.0000005364418 15.129036270082 -415.431201457977 -27.8999991714954 14.7743904963136 -414.575010538101 -26.0000005364418 14.7743904963136 -414.575010538101 -27.8999991714954 14.2102288082242 -413.839757442474 -26.0000005364418 14.2102288082242 -413.839757442474 -27.8999991714954 13.4749999269843 -413.275599479675 -26.0000005364418 13.4749999269843 -413.275599479675 -27.8999991714954 12.6188071444631 -412.920951843262 -26.0000005364418 12.6188071444631 -412.920951843262 -27.8999991714954 11.6999996826053 -412.800014019012 -26.0000005364418 11.6999996826053 -412.800014019012 -27.8999991714954 10.7811922207475 -412.920951843262 -26.0000005364418 10.7811922207475 -412.920951843262 -27.8999991714954 9.9250003695488 -413.275599479675 -26.0000005364418 9.9250003695488 -413.275599479675 -27.8999991714954 9.18977055698633 -413.839757442474 -26.0000005364418 9.18977055698633 -413.839757442474 -27.8999991714954 8.62560980021954 -414.575010538101 -26.0000005364418 8.62560980021954 -414.575010538101 -27.8999991714954 8.27096309512854 -415.431201457977 -26.0000005364418 8.27096309512854 -415.431201457977 -27.8999991714954 8.15000012516975 -416.35000705719 -26.0000005364418 8.15000012516975 -416.35000705719 -8.20000004023314 -41.4500012993813 -453.20001244545 -8.20000004023314 -35.1499989628792 37.0000004768372 -8.20000004023314 -35.1499989628792 -453.20001244545 -8.20000004023314 -41.4500012993813 37.0000004768372 -8.17785132676363 -41.6182316839695 -453.20001244545 -8.20000004023314 -41.4500012993813 37.0000004768372 -8.20000004023314 -41.4500012993813 -453.20001244545 -8.11291672289371 -41.7749993503094 -453.20001244545 -8.17785132676363 -41.6182316839695 37.0000004768372 -7.87500012665987 -42.0129150152206 -453.20001244545 -8.00961907953024 -41.9096201658249 37.0000004768372 -8.00961907953024 -41.9096201658249 -453.20001244545 -7.71823246032 -42.0778505504131 -453.20001244545 -7.87500012665987 -42.0129150152206 37.0000004768372 -7.55000021308661 -42.1000011265278 -453.20001244545 -7.71823246032 -42.0778505504131 37.0000004768372 -7.38176750019193 -42.0778505504131 -453.20001244545 -7.55000021308661 -42.1000011265278 37.0000004768372 -7.22499983385205 -42.0129150152206 -453.20001244545 -7.38176750019193 -42.0778505504131 37.0000004768372 -7.0903804153204 -41.9096201658249 -453.20001244545 -7.22499983385205 -42.0129150152206 37.0000004768372 -6.9870837032795 -41.7749993503094 -453.20001244545 -7.0903804153204 -41.9096201658249 37.0000004768372 -6.92214816808701 -41.6182316839695 -453.20001244545 -6.9870837032795 -41.7749993503094 37.0000004768372 -6.89999992027879 -41.4500012993813 -453.20001244545 -6.92214816808701 -41.6182316839695 37.0000004768372 -6.89999992027879 -41.4500012993813 37.0000004768372 -8.11291672289371 -41.7749993503094 37.0000004768372 -6.89999992027879 -25.9553827345371 -453.20001244545 -6.89999992027879 -41.4500012993813 37.0000004768372 -6.89999992027879 -41.4500012993813 -453.20001244545 -6.89999992027879 -25.9553827345371 37.0000004768372 -12.9003282636404 47.8890873491764 37.0000004768372 -8.41586757451296 -7.30000017210841 -453.20001244545 -12.9003282636404 47.8890873491764 -453.20001244545 -6.89999992027879 -25.9553827345371 37.0000004768372 -6.89999992027879 -25.9553827345371 -453.20001244545 -12.9558425396681 48.1557846069336 -453.20001244545 -12.9003282636404 47.8890873491764 37.0000004768372 -12.9003282636404 47.8890873491764 -453.20001244545 -13.0751924589276 48.4006628394127 -453.20001244545 -12.9558425396681 48.1557846069336 37.0000004768372 -13.2510596886277 48.6087016761303 -453.20001244545 -13.0751924589276 48.4006628394127 37.0000004768372 -13.4726585820317 48.7671419978142 -453.20001244545 -13.2510596886277 48.6087016761303 37.0000004768372 -13.7263974174857 48.866268247366 -453.20001244545 -13.4726585820317 48.7671419978142 37.0000004768372 -13.9967147260904 48.9000007510185 -453.20001244545 -13.7263974174857 48.866268247366 37.0000004768372 -13.9967147260904 48.9000007510185 37.0000004768372 -18.6000000685453 48.9000007510185 -437.000006437302 -17.8999993950129 48.9000007510185 28.8999993354082 -13.9967147260904 48.9000007510185 -453.20001244545 -22.9000002145767 48.9000007510185 28.8999993354082 -26.7999991774559 48.9000007510185 37.0000004768372 -22.9000002145767 48.9000007510185 33.9000001549721 -17.8999993950129 48.9000007510185 33.9000001549721 -13.9967147260904 48.9000007510185 37.0000004768372 -26.7999991774559 48.9000007510185 -437.000006437302 -18.6000000685453 48.9000007510185 -453.20001244545 -27.0847007632256 48.8625168800354 37.0000004768372 -27.3499991744757 48.7526282668114 -437.000006437302 -27.3499991744757 48.7526282668114 37.0000004768372 -26.7999991774559 48.9000007510185 37.0000004768372 -27.0847007632256 48.8625168800354 -437.000006437302 -27.577817440033 48.577819019556 -437.000006437302 -27.577817440033 48.577819019556 37.0000004768372 -27.7526285499334 48.3499988913536 -437.000006437302 -27.7526285499334 48.3499988913536 37.0000004768372 -27.8625190258026 48.0847023427486 -437.000006437302 -27.8625190258026 48.0847023427486 37.0000004768372 -27.8999991714954 47.800000756979 -437.000006437302 -27.8999991714954 47.800000756979 37.0000004768372 -26.7999991774559 48.9000007510185 -437.000006437302 -27.8999991714954 47.800000756979 37.0000004768372 -27.8999991714954 21.3660262525082 25.2999998629093 -27.8999991714954 21.2071072310209 25.5071073770523 -27.8999991714954 -17.2000005841255 -437.000006437302 -27.8999991714954 10.7811922207475 -419.779032468796 -27.8999991714954 11.6999996826053 -419.900000095367 -27.8999991714954 0.592893222346902 -17.1071067452431 -27.8999991714954 15.2500001713634 -416.35000705719 -27.8999991714954 0.433974608313292 -16.8999992311001 -27.8999991714954 0.300000014249235 -16.4000000804663 -27.8999991714954 14.7743904963136 -414.575010538101 -27.8999991714954 14.2102288082242 -413.839757442474 -27.8999991714954 0.7999999797903 -17.2660257667303 -27.8999991714954 0.7999999797903 25.6660245358944 -27.8999991714954 -17.2000005841255 37.0000004768372 -27.8999991714954 1.04118091985583 25.7659256458282 -27.8999991714954 12.6188071444631 -412.920951843262 -27.8999991714954 11.6999996826053 -412.800014019012 -27.8999991714954 0.433974608313292 25.2999998629093 -27.8999991714954 0.33407416776754 25.0588189810514 -27.8999991714954 47.800000756979 -437.000006437302 -27.8999991714954 13.4749999269843 -419.424384832382 -27.8999991714954 14.2102288082242 -418.860226869583 -27.8999991714954 20.9999997168779 25.6660245358944 -27.8999991714954 20.7588188350201 25.7659256458282 -27.8999991714954 0.33407416776754 -16.6588183492422 -27.8999991714954 13.4749999269843 -413.275599479675 -27.8999991714954 15.129036270082 -415.431201457977 -27.8999991714954 0.592893222346902 25.5071073770523 -27.8999991714954 9.9250003695488 -413.275599479675 -27.8999991714954 9.18977055698633 -413.839757442474 -27.8999991714954 12.6188071444631 -419.779032468796 -27.8999991714954 14.7743904963136 -418.125003576279 -27.8999991714954 15.129036270082 -417.268812656403 -27.8999991714954 21.4659254997969 25.0588189810514 -27.8999991714954 21.3660262525082 -16.8999992311001 -27.8999991714954 10.7811922207475 -412.920951843262 -27.8999991714954 8.27096309512854 -415.431201457977 -27.8999991714954 8.15000012516975 -416.35000705719 -27.8999991714954 20.9999997168779 -17.2660257667303 -27.8999991714954 21.2071072310209 -17.1071067452431 -27.8999991714954 1.04118091985583 -17.365925014019 -27.8999991714954 8.27096309512854 -417.268812656403 -27.8999991714954 8.62560980021954 -418.125003576279 -27.8999991714954 21.5000007301569 24.8000007122755 -27.8999991714954 0.300000014249235 24.8000007122755 -27.8999991714954 8.62560980021954 -414.575010538101 -27.8999991714954 9.18977055698633 -418.860226869583 -27.8999991714954 9.9250003695488 -419.424384832382 -27.8999991714954 20.5000005662441 -17.400000244379 -27.8999991714954 20.7588188350201 -17.365925014019 -27.8999991714954 1.30000000353903 -17.400000244379 -27.8999991714954 21.5000007301569 -16.4000000804663 -27.8999991714954 21.4659254997969 -16.6588183492422 -27.8999991714954 20.5000005662441 25.8000008761883 -27.8999991714954 1.30000000353903 25.8000008761883 -27.5611411780119 -17.9036483168602 37.0000004768372 -27.3904949426651 -18.0108714848757 -437.000006437302 -27.3904949426651 -18.0108714848757 37.0000004768372 -27.8774350881577 -17.4002684652805 37.0000004768372 -27.8108716011047 -17.590494826436 -437.000006437302 -27.8108716011047 -17.590494826436 37.0000004768372 -27.7036484330893 -17.7611410617828 -437.000006437302 -27.7036484330893 -17.7611410617828 37.0000004768372 -27.5611411780119 -17.9036483168602 -437.000006437302 -27.2002685815096 -18.0774349719286 -437.000006437302 -27.2002685815096 -18.0774349719286 37.0000004768372 -27.8774350881577 -17.4002684652805 -437.000006437302 -27.8999991714954 -17.2000005841255 37.0000004768372 -27.8999991714954 -17.2000005841255 -437.000006437302 -27.0000007003546 -18.1000009179115 -437.000006437302 -27.0000007003546 -18.1000009179115 37.0000004768372 -25.2000000327826 -18.1000009179115 35.5000011622906 -27.0000007003546 -18.1000009179115 -437.000006437302 -25.2000000327826 -18.1000009179115 -437.000006437302 -27.0000007003546 -18.1000009179115 37.0000004768372 -24.4999993592501 -18.1000009179115 37.0000004768372 -24.4999993592501 -18.1000009179115 35.5000011622906 -17.8999993950129 48.0999983847141 28.8999993354082 -22.9000002145767 48.9000007510185 28.8999993354082 -22.9000002145767 48.0999983847141 28.8999993354082 -17.8999993950129 48.9000007510185 28.8999993354082 -22.9000002145767 48.9000007510185 28.8999993354082 -22.9000002145767 48.0999983847141 33.9000001549721 -22.9000002145767 48.0999983847141 28.8999993354082 -22.9000002145767 48.9000007510185 33.9000001549721 -17.8999993950129 48.0999983847141 33.9000001549721 -22.9000002145767 48.9000007510185 33.9000001549721 -17.8999993950129 48.9000007510185 33.9000001549721 -22.9000002145767 48.0999983847141 33.9000001549721 -17.8999993950129 48.0999983847141 33.9000001549721 -17.8999993950129 48.9000007510185 28.8999993354082 -17.8999993950129 48.0999983847141 28.8999993354082 -17.8999993950129 48.9000007510185 33.9000001549721</float_array><technique_common><accessor count="2856" source="#bau0074335174-mesh-positions-array" stride="3"><param name="X" type="float" /><param name="Y" type="float" /><param name="Z" type="float" /></accessor></technique_common></source><source id="bau0074335174-mesh-normals"><float_array id="bau0074335174-mesh-normals-array" count="8568">0 0 -1 0 0 -1 0 0 -1 0 0 -1 0 0 -1 0 0 -1 0 0 -1 0 0 -1 0 0 -1 0 0 -1 0 0 -1 0 0 -1 0 0 -1 0 0 -1 0 0 -1 -1 1.05134755117163E-16 0 -1 1.05134755117163E-16 0 -1 1.05134755117163E-16 0 -1 1.05134755117163E-16 0 -1 1.05134755117163E-16 0 -1 1.05134755117163E-16 0 -1 1.05134755117163E-16 0 -1 1.05134755117163E-16 0 -1 1.05134755117163E-16 0 -1 1.05134755117163E-16 0 -1 1.05134755117163E-16 0 -1 1.05134755117163E-16 0 -1 1.05134755117163E-16 0 -1 1.05134755117163E-16 0 -1 1.05134755117163E-16 0 -1 1.05134755117163E-16 0 -1 1.05134755117163E-16 0 -1 1.05134755117163E-16 0 -1 1.05134755117163E-16 0 -1 1.05134755117163E-16 0 -1 1.05134755117163E-16 0 -1 1.05134755117163E-16 0 -1 1.05134755117163E-16 0 -1 1.05134755117163E-16 0 -1 1.05134755117163E-16 0 -1 1.05134755117163E-16 0 0 0 -1 0 0 -1 0 0 -1 0 0 -1 0 0 -1 0 0 -1 0 0 -1 0 0 -1 0 0 -1 0 0 -1 0 0 -1 0 0 -1 0 0 -1 0 0 -1 0 0 -1 0 0 -1 0 0 -1 0 0 -1 0 0 -1 1.0824385440102E-15 -0.998629510402679 -0.0523359552025795 1.0824385440102E-15 -0.998629510402679 -0.0523359552025795 1.0824385440102E-15 -0.998629510402679 -0.0523359552025795 1.0824385440102E-15 -0.998629510402679 -0.0523359552025795 0 0 1 0 0 1 0 0 1 0 0 1 -1.0824385440102E-15 0.998629510402679 -0.0523359552025795 -1.0824385440102E-15 0.998629510402679 -0.0523359552025795 -1.0824385440102E-15 0.998629510402679 -0.0523359552025795 -1.0824385440102E-15 0.998629510402679 -0.0523359552025795 -1.01193025093133E-15 0.93358039855957 -0.358367949724197 -1.01193025093133E-15 0.93358039855957 -0.358367949724197 -1.01193025093133E-15 0.93358039855957 -0.358367949724197 -1.01193025093133E-15 0.93358039855957 -0.358367949724197 0 0 -1 0 0 -1 0 0 -1 0 0 -1 1.01193025093133E-15 -0.93358039855957 -0.358367949724197 1.01193025093133E-15 -0.93358039855957 -0.358367949724197 1.01193025093133E-15 -0.93358039855957 -0.358367949724197 1.01193025093133E-15 -0.93358039855957 -0.358367949724197 -1 1.05134755117163E-16 0 -1 1.05134755117163E-16 0 -1 1.05134755117163E-16 0 -1 1.05134755117163E-16 0 -1 1.05134755117163E-16 0 -1 1.05134755117163E-16 0 1.0824385440102E-15 -0.998629510402679 -0.0523359552025795 1.0824385440102E-15 -0.998629510402679 -0.0523359552025795 1.0824385440102E-15 -0.998629510402679 -0.0523359552025795 1.0824385440102E-15 -0.998629510402679 -0.0523359552025795 0 0 1 0 0 1 0 0 1 0 0 1 -1.0824385440102E-15 0.998629510402679 -0.0523359552025795 -1.0824385440102E-15 0.998629510402679 -0.0523359552025795 -1.0824385440102E-15 0.998629510402679 -0.0523359552025795 -1.0824385440102E-15 0.998629510402679 -0.0523359552025795 -1.01193025093133E-15 0.93358039855957 -0.358367949724197 -1.01193025093133E-15 0.93358039855957 -0.358367949724197 -1.01193025093133E-15 0.93358039855957 -0.358367949724197 -1.01193025093133E-15 0.93358039855957 -0.358367949724197 0 0 -1 0 0 -1 0 0 -1 0 0 -1 1.01193025093133E-15 -0.93358039855957 -0.358367949724197 1.01193025093133E-15 -0.93358039855957 -0.358367949724197 1.01193025093133E-15 -0.93358039855957 -0.358367949724197 1.01193025093133E-15 -0.93358039855957 -0.358367949724197 -1 -1.0858144997006E-15 -5.69051226169771E-17 -1 -1.0858144997006E-15 -5.69051226169771E-17 -1 -1.0858144997006E-15 -5.69051226169771E-17 -1 -1.0858144997006E-15 -5.69051226169771E-17 -1 -1.0858144997006E-15 -5.69051226169771E-17 -1 -1.0858144997006E-15 -5.69051226169771E-17 0 0 1 0 0 1 0 0 1 0 0 1 -1.08392402804145E-15 1 0 -1.08392402804145E-15 1 0 -1.08392402804145E-15 1 0 -1.08392402804145E-15 1 0 0 0 -1 0 0 -1 0 0 -1 0 0 -1 1.08392402804145E-15 -1 0 1.08392402804145E-15 -1 0 1.08392402804145E-15 -1 0 1.08392402804145E-15 -1 0 -1 -1.83568620339949E-15 0 -1 -1.83568620339949E-15 0 -1 -1.83568620339949E-15 0 -1 -1.83568620339949E-15 0 1 -1.39709275506945E-15 0 1 -1.39709275506945E-15 0 1 -1.39709275506945E-15 0 1 -1.39709275506945E-15 0 0.70710676908493 -9.87893785228862E-16 -0.70710676908493 0.70710676908493 -9.87893785228862E-16 -0.70710676908493 0.70710676908493 -9.87893785228862E-16 -0.70710676908493 0.70710676908493 -9.87893785228862E-16 -0.70710676908493 -0.0523359552025795 7.31181868778166E-17 -0.998629510402679 -0.0523359552025795 7.31181868778166E-17 -0.998629510402679 -0.0523359552025795 7.31181868778166E-17 -0.998629510402679 -0.0523359552025795 7.31181868778166E-17 -0.998629510402679 -1 1.39709275506945E-15 0 -1 1.39709275506945E-15 0 -1 1.39709275506945E-15 0 -1 1.39709275506945E-15 0 -0.0174524057656527 2.43826308626582E-17 0.999847710132599 -0.0174524057656527 2.43826308626582E-17 0.999847710132599 -0.0174524057656527 2.43826308626582E-17 0.999847710132599 -0.0174524057656527 2.43826308626582E-17 0.999847710132599 1.4922352014742E-15 1 0 1.4922352014742E-15 1 0 1.4922352014742E-15 1 0 1.4922352014742E-15 1 0 1.4922352014742E-15 1 0 1.4922352014742E-15 1 0 1.4922352014742E-15 1 0 -1.4922352014742E-15 -1 0 -1.4922352014742E-15 -1 0 -1.4922352014742E-15 -1 0 -1.4922352014742E-15 -1 0 -1.4922352014742E-15 -1 0 -1.4922352014742E-15 -1 0 -1.4922352014742E-15 -1 0 -1 0 2.10269510234327E-16 -1 0 2.10269510234327E-16 -1 0 2.10269510234327E-16 -1 0 2.10269510234327E-16 -1 0 2.10269510234327E-16 0 0 -1 0 0 -1 0 0 -1 0 0 -1 0 0 -1 0.342020153999329 -0.939692616462708 0 0.342020153999329 -0.939692616462708 0 0.342020153999329 -0.939692616462708 0 0.342020153999329 -0.939692616462708 0 0.342020153999329 -0.939692616462708 0 -0.939692616462708 -0.342020153999329 0 -0.939692616462708 -0.342020153999329 0 -0.939692616462708 -0.342020153999329 0 -0.939692616462708 -0.342020153999329 0 -0.342020153999329 0.939692616462708 0 -0.342020153999329 0.939692616462708 0 -0.342020153999329 0.939692616462708 0 -0.342020153999329 0.939692616462708 0 0.342020153999329 -0.939692616462708 0 0.342020153999329 -0.939692616462708 0 0.342020153999329 -0.939692616462708 0 0.342020153999329 -0.939692616462708 0 0.342020153999329 -0.939692616462708 0 0.342020153999329 -0.939692616462708 0 0.342020153999329 -0.939692616462708 0 0.342020153999329 -0.939692616462708 0 0.342020153999329 -0.939692616462708 0 0.342020153999329 -0.939692616462708 0 0.342020153999329 -0.939692616462708 0 -0.939692616462708 -0.342020153999329 0 -0.939692616462708 -0.342020153999329 0 -0.939692616462708 -0.342020153999329 0 -0.939692616462708 -0.342020153999329 0 -0.342020153999329 0.939692616462708 0 -0.342020153999329 0.939692616462708 0 -0.342020153999329 0.939692616462708 0 -0.342020153999329 0.939692616462708 0 -0.342020153999329 0.939692616462708 0 -0.342020153999329 0.939692616462708 0 -0.342020153999329 0.939692616462708 0 -0.342020153999329 0.939692616462708 0 -0.342020153999329 0.939692616462708 0 -0.342020153999329 0.939692616462708 0 -0.342020153999329 0.939692616462708 0 -1 0 0 -1 0 0 -1 0 0 -1 0 0 -1 0 0 -1 0 0 -1 0 0 -1 0 0 -1 0 0 -1 0 0 -1 0 0 -1 0 0 -1 0 0 -1 0 0 -1 0 0 -1 0 0 -1 0 0 -1 0 0 -1 0 0 -1 0 0 -1 0 0 -1 0 0 0 0 -1 0 0 -1 0 0 -1 0 0 -1 0 0 -1 0 0 -1 0 0 -1 0 0 -1 0 0 -1 0 0 -1 0 0 -1 0 0 -1 0 0 -1 0 0 -1 0 0 -1 0 0 -1 0 0 1 0 0 1 0 0 1 0 0 1 0 0 1 0 0 1 0 0 1 0 0 1 0 0 1 0 0 1 0 0 1 0 0 1 0 0 1 0 0 1 0 0 1 0 0 1 0 0 1 -0.812232851982117 -0.583333313465118 4.62592915633376E-14 -0.64122462272644 -0.767353236675262 0 -0.812232851982117 -0.583333313465118 4.62592915633376E-14 -0.812232851982117 -0.583333313465118 4.62592915633376E-14 -0.429750591516495 -0.902947664260864 0 -0.64122462272644 -0.767353236675262 0 -0.191156193614006 -0.981559634208679 0 -0.429750591516495 -0.902947664260864 0 0.0595015212893486 -0.998228192329407 0 -0.191156193614006 -0.981559634208679 0 0.306404262781143 -0.951901495456696 0 0.0595015212893486 -0.998228192329407 0 0.533970713615417 -0.845502972602844 0 0.306404262781143 -0.951901495456696 0 0.727839767932892 -0.68574720621109 0 0.533970713615417 -0.845502972602844 0 0.875777006149292 -0.482715904712677 0 0.727839767932892 -0.68574720621109 0 0.968446433544159 -0.249221786856651 0 0.875777006149292 -0.482715904712677 0 1 0 5.7824114454172E-15 0.968446433544159 -0.249221786856651 0 1 0 5.7824114454172E-15 -0.812232851982117 -0.583333313465118 4.62592915633376E-14 -0.812232851982117 -0.583333313465118 4.62592915633376E-14 -0.812232851982117 -0.583333313465118 4.62592915633376E-14 -0.812232851982117 -0.583333313465118 4.62592915633376E-14 -0.812232851982117 -0.583333313465118 4.62592915633376E-14 -0.812232851982117 -0.583333313465118 4.62592915633376E-14 -5.8737065622964E-16 -1 0 -5.8737065622964E-16 -1 0 -5.8737065622964E-16 -1 0 -5.8737065622964E-16 -1 0 -5.8737065622964E-16 -1 0 -5.8737065622964E-16 -1 0 -5.8737065622964E-16 -1 0 -5.8737065622964E-16 -1 0 -5.8737065622964E-16 -1 0 -5.8737065622964E-16 -1 0 -5.8737065622964E-16 -1 0 -5.8737065622964E-16 -1 0 -5.8737065622964E-16 -1 0 -5.8737065622964E-16 -1 0 -5.8737065622964E-16 -1 0 -5.8737065622964E-16 -1 0 -5.8737065622964E-16 -1 0 -5.8737065622964E-16 -1 0 -5.8737065622964E-16 -1 0 -5.8737065622964E-16 -1 0 -5.8737065622964E-16 -1 0 -5.8737065622964E-16 -1 0 -5.8737065622964E-16 -1 0 -5.8737065622964E-16 -1 0 -5.8737065622964E-16 -1 0 -5.8737065622964E-16 -1 0 -5.8737065622964E-16 -1 0 -5.8737065622964E-16 -1 0 -5.8737065622964E-16 -1 0 -5.8737065622964E-16 -1 0 -5.8737065622964E-16 -1 0 -5.8737065622964E-16 -1 0 -5.8737065622964E-16 -1 0 -5.8737065622964E-16 -1 0 -5.8737065622964E-16 -1 0 -5.8737065622964E-16 -1 0 -5.8737065622964E-16 -1 0 -5.8737065622964E-16 -1 0 -5.8737065622964E-16 -1 0 -5.8737065622964E-16 -1 0 -5.8737065622964E-16 -1 0 -5.8737065622964E-16 -1 0 -5.8737065622964E-16 -1 0 -5.8737065622964E-16 -1 0 -5.8737065622964E-16 -1 0 -5.8737065622964E-16 -1 0 -5.8737065622964E-16 -1 0 -5.8737065622964E-16 -1 0 -5.8737065622964E-16 -1 0 -5.8737065622964E-16 -1 0 -5.8737065622964E-16 -1 0 -5.8737065622964E-16 -1 0 -5.8737065622964E-16 -1 0 -5.8737065622964E-16 -1 0 -5.8737065622964E-16 -1 0 -5.8737065622964E-16 -1 0 -5.8737065622964E-16 -1 0 -5.8737065622964E-16 -1 0 -5.8737065622964E-16 -1 0 -5.8737065622964E-16 -1 0 -5.8737065622964E-16 -1 0 -5.8737065622964E-16 -1 0 -5.8737065622964E-16 -1 0 -5.8737065622964E-16 -1 0 -5.8737065622964E-16 -1 0 -5.8737065622964E-16 -1 0 -5.8737065622964E-16 -1 0 -5.8737065622964E-16 -1 0 -5.8737065622964E-16 -1 0 -5.8737065622964E-16 -1 0 -5.8737065622964E-16 -1 0 -5.8737065622964E-16 -1 0 -5.8737065622964E-16 -1 0 -5.8737065622964E-16 -1 0 -5.8737065622964E-16 -1 0 -5.8737065622964E-16 -1 0 -5.8737065622964E-16 -1 0 -5.8737065622964E-16 -1 0 -5.8737065622964E-16 -1 0 -5.8737065622964E-16 -1 0 -5.8737065622964E-16 -1 0 -5.8737065622964E-16 -1 0 -5.8737065622964E-16 -1 0 -5.8737065622964E-16 -1 0 -5.8737065622964E-16 -1 0 -5.8737065622964E-16 -1 0 -5.8737065622964E-16 -1 0 -5.8737065622964E-16 -1 0 -5.8737065622964E-16 -1 0 -5.8737065622964E-16 -1 0 -5.8737065622964E-16 -1 0 -5.8737065622964E-16 -1 0 -5.8737065622964E-16 -1 0 -5.8737065622964E-16 -1 0 -5.8737065622964E-16 -1 0 -5.8737065622964E-16 -1 0 -5.8737065622964E-16 -1 0 -5.8737065622964E-16 -1 0 -5.8737065622964E-16 -1 0 -5.8737065622964E-16 -1 0 -5.8737065622964E-16 -1 0 -5.8737065622964E-16 -1 0 -5.8737065622964E-16 -1 0 -5.8737065622964E-16 -1 0 -5.8737065622964E-16 -1 0 -5.8737065622964E-16 -1 0 -5.8737065622964E-16 -1 0 -5.8737065622964E-16 -1 0 -5.8737065622964E-16 -1 0 -5.8737065622964E-16 -1 0 -5.8737065622964E-16 -1 0 -5.8737065622964E-16 -1 0 -5.8737065622964E-16 -1 0 -5.8737065622964E-16 -1 0 -5.8737065622964E-16 -1 0 -5.8737065622964E-16 -1 0 -5.8737065622964E-16 -1 0 -5.8737065622964E-16 -1 0 -5.8737065622964E-16 -1 0 -5.8737065622964E-16 -1 0 -5.8737065622964E-16 -1 0 -5.8737065622964E-16 -1 0 -5.8737065622964E-16 -1 0 -5.8737065622964E-16 -1 0 -5.8737065622964E-16 -1 0 -5.8737065622964E-16 -1 0 -5.8737065622964E-16 -1 0 -5.8737065622964E-16 -1 0 -5.8737065622964E-16 -1 0 -5.8737065622964E-16 -1 0 -5.8737065622964E-16 -1 0 -5.8737065622964E-16 -1 0 -5.8737065622964E-16 -1 0 -5.8737065622964E-16 -1 0 -5.8737065622964E-16 -1 0 -5.8737065622964E-16 -1 0 -5.8737065622964E-16 -1 0 -5.8737065622964E-16 -1 0 -5.8737065622964E-16 -1 0 -5.8737065622964E-16 -1 0 -5.8737065622964E-16 -1 0 -5.8737065622964E-16 -1 0 -5.8737065622964E-16 -1 0 -5.8737065622964E-16 -1 0 -5.8737065622964E-16 -1 0 -5.8737065622964E-16 -1 0 -5.8737065622964E-16 -1 0 -5.8737065622964E-16 -1 0 -5.8737065622964E-16 -1 0 -5.8737065622964E-16 -1 0 -5.8737065622964E-16 -1 0 -5.8737065622964E-16 -1 0 -5.8737065622964E-16 -1 0 -5.8737065622964E-16 -1 0 -5.8737065622964E-16 -1 0 -5.8737065622964E-16 -1 0 -5.8737065622964E-16 -1 0 -5.8737065622964E-16 -1 0 -5.8737065622964E-16 -1 0 -5.8737065622964E-16 -1 0 -5.8737065622964E-16 -1 0 -5.8737065622964E-16 -1 0 -5.8737065622964E-16 -1 0 -5.8737065622964E-16 -1 0 -5.8737065622964E-16 -1 0 -5.8737065622964E-16 -1 0 -5.8737065622964E-16 -1 0 -5.8737065622964E-16 -1 0 -5.8737065622964E-16 -1 0 -5.8737065622964E-16 -1 0 -5.8737065622964E-16 -1 0 -5.8737065622964E-16 -1 0 -5.8737065622964E-16 -1 0 -5.8737065622964E-16 -1 0 -5.8737065622964E-16 -1 0 -5.8737065622964E-16 -1 0 -5.8737065622964E-16 -1 0 -5.8737065622964E-16 -1 0 -5.8737065622964E-16 -1 0 -5.8737065622964E-16 -1 0 -5.8737065622964E-16 -1 0 -5.8737065622964E-16 -1 0 -5.8737065622964E-16 -1 0 -5.8737065622964E-16 -1 0 -5.8737065622964E-16 -1 0 -5.8737065622964E-16 -1 0 -5.8737065622964E-16 -1 0 -5.8737065622964E-16 -1 0 -5.8737065622964E-16 -1 0 -5.8737065622964E-16 -1 0 -5.8737065622964E-16 -1 0 -5.8737065622964E-16 -1 0 -5.8737065622964E-16 -1 0 -5.8737065622964E-16 -1 0 -5.8737065622964E-16 -1 0 -5.8737065622964E-16 -1 0 -5.8737065622964E-16 -1 0 -5.8737065622964E-16 -1 0 -5.8737065622964E-16 -1 0 -5.8737065622964E-16 -1 0 -5.8737065622964E-16 -1 0 -5.8737065622964E-16 -1 0 -5.8737065622964E-16 -1 0 -5.8737065622964E-16 -1 0 -5.8737065622964E-16 -1 0 -5.8737065622964E-16 -1 0 -5.8737065622964E-16 -1 0 -5.8737065622964E-16 -1 0 -5.8737065622964E-16 -1 0 -5.8737065622964E-16 -1 0 -5.8737065622964E-16 -1 0 -5.8737065622964E-16 -1 0 -5.8737065622964E-16 -1 0 -5.8737065622964E-16 -1 0 -5.8737065622964E-16 -1 0 -5.8737065622964E-16 -1 0 -5.8737065622964E-16 -1 0 -5.8737065622964E-16 -1 0 -5.8737065622964E-16 -1 0 -5.8737065622964E-16 -1 0 -5.8737065622964E-16 -1 0 -5.8737065622964E-16 -1 0 -5.8737065622964E-16 -1 0 -5.8737065622964E-16 -1 0 -5.8737065622964E-16 -1 0 -5.8737065622964E-16 -1 0 -5.8737065622964E-16 -1 0 -5.8737065622964E-16 -1 0 -5.8737065622964E-16 -1 0 -5.8737065622964E-16 -1 0 -5.8737065622964E-16 -1 0 -5.8737065622964E-16 -1 0 -5.8737065622964E-16 -1 0 -5.8737065622964E-16 -1 0 -5.8737065622964E-16 -1 0 -5.8737065622964E-16 -1 0 -5.8737065622964E-16 -1 0 -5.8737065622964E-16 -1 0 -5.8737065622964E-16 -1 0 -5.8737065622964E-16 -1 0 -5.8737065622964E-16 -1 0 -5.8737065622964E-16 -1 0 -5.8737065622964E-16 -1 0 -5.8737065622964E-16 -1 0 -5.8737065622964E-16 -1 0 -5.8737065622964E-16 -1 0 -5.8737065622964E-16 -1 0 -5.8737065622964E-16 -1 0 -5.8737065622964E-16 -1 0 -5.8737065622964E-16 -1 0 -5.8737065622964E-16 -1 0 -5.8737065622964E-16 -1 0 -5.8737065622964E-16 -1 0 -5.8737065622964E-16 -1 0 -5.8737065622964E-16 -1 0 -5.8737065622964E-16 -1 0 -5.8737065622964E-16 -1 0 -5.8737065622964E-16 -1 0 -5.8737065622964E-16 -1 0 -5.8737065622964E-16 -1 0 -5.8737065622964E-16 -1 0 -5.8737065622964E-16 -1 0 -5.8737065622964E-16 -1 0 -5.8737065622964E-16 -1 0 -5.8737065622964E-16 -1 0 -5.8737065622964E-16 -1 0 -5.8737065622964E-16 -1 0 -5.8737065622964E-16 -1 0 -5.8737065622964E-16 -1 0 -5.8737065622964E-16 -1 0 -5.8737065622964E-16 -1 0 -5.8737065622964E-16 -1 0 -5.8737065622964E-16 -1 0 -5.8737065622964E-16 -1 0 -5.8737065622964E-16 -1 0 -5.8737065622964E-16 -1 0 -5.8737065622964E-16 -1 0 -5.8737065622964E-16 -1 0 -5.8737065622964E-16 -1 0 -5.8737065622964E-16 -1 0 -5.8737065622964E-16 -1 0 -5.8737065622964E-16 -1 0 -5.8737065622964E-16 -1 0 -5.8737065622964E-16 -1 0 -5.8737065622964E-16 -1 0 -5.8737065622964E-16 -1 0 -5.8737065622964E-16 -1 0 -5.8737065622964E-16 -1 0 -5.8737065622964E-16 -1 0 -5.8737065622964E-16 -1 0 -5.8737065622964E-16 -1 0 -5.8737065622964E-16 -1 0 -5.8737065622964E-16 -1 0 -5.8737065622964E-16 -1 0 -5.8737065622964E-16 -1 0 -5.8737065622964E-16 -1 0 -5.8737065622964E-16 -1 0 -5.8737065622964E-16 -1 0 -5.8737065622964E-16 -1 0 -5.8737065622964E-16 -1 0 -5.8737065622964E-16 -1 0 -5.8737065622964E-16 -1 0 -5.8737065622964E-16 -1 0 -5.8737065622964E-16 -1 0 -5.8737065622964E-16 -1 0 -5.8737065622964E-16 -1 0 -5.8737065622964E-16 -1 0 -5.8737065622964E-16 -1 0 -5.8737065622964E-16 -1 0 -5.8737065622964E-16 -1 0 -5.8737065622964E-16 -1 0 -5.8737065622964E-16 -1 0 -5.8737065622964E-16 -1 0 -5.8737065622964E-16 -1 0 -5.8737065622964E-16 -1 0 -5.8737065622964E-16 -1 0 -5.8737065622964E-16 -1 0 -5.8737065622964E-16 -1 0 -5.8737065622964E-16 -1 0 -5.8737065622964E-16 -1 0 -5.8737065622964E-16 -1 0 -5.8737065622964E-16 -1 0 -5.8737065622964E-16 -1 0 -5.8737065622964E-16 -1 0 -5.8737065622964E-16 -1 0 -5.8737065622964E-16 -1 0 -5.8737065622964E-16 -1 0 -5.8737065622964E-16 -1 0 -5.8737065622964E-16 -1 0 -5.8737065622964E-16 -1 0 -5.8737065622964E-16 -1 0 -5.8737065622964E-16 -1 0 -5.8737065622964E-16 -1 0 -5.8737065622964E-16 -1 0 -5.8737065622964E-16 -1 0 -5.8737065622964E-16 -1 0 -5.8737065622964E-16 -1 0 -5.8737065622964E-16 -1 0 -5.8737065622964E-16 -1 0 -5.8737065622964E-16 -1 0 -5.8737065622964E-16 -1 0 -5.8737065622964E-16 -1 0 -5.8737065622964E-16 -1 0 -5.8737065622964E-16 -1 0 -5.8737065622964E-16 -1 0 -5.8737065622964E-16 -1 0 -5.8737065622964E-16 -1 0 -5.8737065622964E-16 -1 0 -5.8737065622964E-16 -1 0 -5.8737065622964E-16 -1 0 -5.8737065622964E-16 -1 0 -5.8737065622964E-16 -1 0 -5.8737065622964E-16 -1 0 -5.8737065622964E-16 -1 0 -5.8737065622964E-16 -1 0 -5.8737065622964E-16 -1 0 -5.8737065622964E-16 -1 0 -5.8737065622964E-16 -1 0 -5.8737065622964E-16 -1 0 -5.8737065622964E-16 -1 0 -5.8737065622964E-16 -1 0 -5.8737065622964E-16 -1 0 -5.8737065622964E-16 -1 0 -5.8737065622964E-16 -1 0 -5.8737065622964E-16 -1 0 -5.8737065622964E-16 -1 0 -5.8737065622964E-16 -1 0 -5.8737065622964E-16 -1 0 -5.8737065622964E-16 -1 0 -5.8737065622964E-16 -1 0 -5.8737065622964E-16 -1 0 -5.8737065622964E-16 -1 0 -5.8737065622964E-16 -1 0 -5.8737065622964E-16 -1 0 -5.8737065622964E-16 -1 0 -5.8737065622964E-16 -1 0 -5.8737065622964E-16 -1 0 -5.8737065622964E-16 -1 0 -5.8737065622964E-16 -1 0 -5.8737065622964E-16 -1 0 -5.8737065622964E-16 -1 0 -5.8737065622964E-16 -1 0 -5.8737065622964E-16 -1 0 -5.8737065622964E-16 -1 0 -5.8737065622964E-16 -1 0 -5.8737065622964E-16 -1 0 -5.8737065622964E-16 -1 0 -5.8737065622964E-16 -1 0 -5.8737065622964E-16 -1 0 -5.8737065622964E-16 -1 0 -5.8737065622964E-16 -1 0 -5.8737065622964E-16 -1 0 -5.8737065622964E-16 -1 0 -5.8737065622964E-16 -1 0 -5.8737065622964E-16 -1 0 -5.8737065622964E-16 -1 0 -5.8737065622964E-16 -1 0 -5.8737065622964E-16 -1 0 -5.8737065622964E-16 -1 0 -5.8737065622964E-16 -1 0 -5.8737065622964E-16 -1 0 -5.8737065622964E-16 -1 0 -5.8737065622964E-16 -1 0 -5.8737065622964E-16 -1 0 -5.8737065622964E-16 -1 0 -5.8737065622964E-16 -1 0 -5.8737065622964E-16 -1 0 -5.8737065622964E-16 -1 0 -5.8737065622964E-16 -1 0 -5.8737065622964E-16 -1 0 -5.8737065622964E-16 -1 0 -5.8737065622964E-16 -1 0 -5.8737065622964E-16 -1 0 -5.8737065622964E-16 -1 0 -5.8737065622964E-16 -1 0 -5.8737065622964E-16 -1 0 -5.8737065622964E-16 -1 0 -5.8737065622964E-16 -1 0 -5.8737065622964E-16 -1 0 -5.8737065622964E-16 -1 0 -5.8737065622964E-16 -1 0 -5.8737065622964E-16 -1 0 -5.8737065622964E-16 -1 0 -5.8737065622964E-16 -1 0 -5.8737065622964E-16 -1 0 -5.8737065622964E-16 -1 0 -5.8737065622964E-16 -1 0 -5.8737065622964E-16 -1 0 -5.8737065622964E-16 -1 0 0.342020153999329 -0.939692616462708 0 0.342020153999329 -0.939692616462708 0 0.342020153999329 -0.939692616462708 0 0.342020153999329 -0.939692616462708 0 0.342020153999329 -0.939692616462708 0 0.342020153999329 -0.939692616462708 0 0.342020153999329 -0.939692616462708 0 0.342020153999329 -0.939692616462708 0 0.342020153999329 -0.939692616462708 0 0.342020153999329 -0.939692616462708 0 0.342020153999329 -0.939692616462708 0 0.342020153999329 -0.939692616462708 0 0.342020153999329 -0.939692616462708 0 0.342020153999329 -0.939692616462708 0 0.342020153999329 -0.939692616462708 0 0.342020153999329 -0.939692616462708 0 0.342020153999329 -0.939692616462708 0 0.342020153999329 -0.939692616462708 0 -0.939692616462708 -0.342020153999329 0 -0.939692616462708 -0.342020153999329 0 -0.939692616462708 -0.342020153999329 0 -0.939692616462708 -0.342020153999329 0 -0.939692616462708 -0.342020153999329 0 -0.939692616462708 -0.342020153999329 0 -0.939692616462708 -0.342020153999329 0 -0.939692616462708 -0.342020153999329 0 -0.939692616462708 -0.342020153999329 0 -0.939692616462708 -0.342020153999329 0 -0.939692616462708 -0.342020153999329 0 -0.939692616462708 -0.342020153999329 0 -0.939692616462708 -0.342020153999329 0 -0.939692616462708 -0.342020153999329 0 -0.342020153999329 0.939692616462708 0 -0.342020153999329 0.939692616462708 0 -0.342020153999329 0.939692616462708 0 -0.342020153999329 0.939692616462708 0 -0.342020153999329 0.939692616462708 0 -0.342020153999329 0.939692616462708 0 -0.342020153999329 0.939692616462708 0 -0.342020153999329 0.939692616462708 0 -0.342020153999329 0.939692616462708 0 -0.342020153999329 0.939692616462708 0 -0.342020153999329 0.939692616462708 0 -0.342020153999329 0.939692616462708 0 -0.342020153999329 0.939692616462708 0 -0.342020153999329 0.939692616462708 0 -0.342020153999329 0.939692616462708 0 -0.342020153999329 0.939692616462708 0 -0.342020153999329 0.939692616462708 0 -0.342020153999329 0.939692616462708 0 -0.342020153999329 0.939692616462708 0 -0.342020153999329 0.939692616462708 0 0 1 0 0 1 0 0 1 0 0 1 0 0 1 0 0 1 0 0 1 0 0 1 0 0 1 0 0 1 0 0 1 0 0 1 0 0 1 0 0 1 0 0 1 0 0 1 0 0 1 0 0 1 0 0 1 0 0 1 0 0 1 0 0 1 0 0 1 0 0 1 0 0 1 0 0 1 0 0 1 0 0 1 0 0 1 0 0 1 0 0 1 0 0 1 0 0 1 0 0 1 0 0 1 0 0 1 0 0 1 0 0 1 0 0 1 0 0 1 0 0 1 0 0 1 0 0 1 0 0 1 0 0 1 0 0 1 0 0 1 0 0 1 0 0 1 0 0 1 0 0 1 0 0 1 0 0 1 0 0 1 0 0 1 0 0 1 0 0 1 0 0 1 0 0 1 0 0 1 0 0 1 0 0 1 0 0 1 0 0 1 0 0 1 0 0 1 0 0 1 0 0 1 0 0 1 0 0 1 0 0 1 0 0 1 0 0 1 0 0 1 0 0 1 0 0 1 0 0 1 0 0 1 0 0 1 0 0 1 0 0 1 0 0 1 0 0 1 0 0 1 0 0 1 0 0 1 0 0 1 0 0 1 0 0 1 0 0 1 0 0 1 0 0 1 0 0 1 0 0 1 0 0 1 0 0 1 0 0 1 0 0 1 0 0 1 0 0 1 0 0 1 0 0 1 0 0 1 0 0 1 0 0 1 0 0 1 0 0 1 0 0 1 0 0 1 0 0 1 0 0 1 0 0 1 0 0 1 0 0 1 0 0 1 0 0 1 0 0 1 0 0 1 0 0 1 0 0 1 0 0 1 0 0 1 0 0 1 0 0 1 0 0 1 0 0 1 0 0 1 0 0 1 0 0 1 0 0 1 0 0 1 0 0 1 0 0 1 0 0 1 0 0 1 0 0 1 0 0 1 0 0 1 0 0 1 0 0 1 0 0 1 0 0 1 0 0 1 0 0 1 0 0 1 0 0 1 0 0 1 0 0 1 0 0 1 0 0 1 0 0 1 0 0 1 0 0 1 0 0 1 0 0 1 0 0 1 0 0 1 0 0 1 0 0 1 0 0 1 0 0 1 0 0 1 0 0 1 0 0 1 0 0 1 0 0 1 0 0 1 0 0 1 0 0 1 0 0 1 0 0 1 0 0 1 0 0 1 0 0 1 0 0 1 0 0 1 0 0 1 0 0 1 0 0 1 0 0 1 0 0 1 0 0 1 0 0 1 0 0 1 0 0 1 0 0 1 0 0 1 0 0 1 0 0 1 0 0 1 0 0 1 0 0 1 0 0 1 0 0 1 0 0 1 0 0 1 0 0 1 0 0 1 0 0 1 0 0 1 0 0 1 0 0 1 0 0 1 0 0 1 0 0 1 0 0 1 0 0 1 0 0 1 0 0 1 0 0 1 0 0 1 0 0 1 0 0 1 0 0 1 0 0 1 0 0 1 0 0 1 0 0 1 0 0 1 0 0 1 0 0 1 0 0 1 0 0 1 0 0 1 0 0 1 0 0 1 0 0 1 0 0 1 0 0 1 0 0 1 0 0 1 0 0 1 0 0 1 0 0 1 0 0 1 0 0 1 0 0 1 0 0 1 0 0 1 0 0 1 0 0 1 0 0 1 0 0 1 0 0 1 0 0 1 0 0 1 0 0 1 0 0 1 0 0 1 0 0 1 0 0 1 0 0 1 0 0 1 0 0 1 0 0 1 0 0 1 0 0 1 0 0 1 0 0 1 0 0 1 0 0 1 0 0 1 0 0 1 0 0 1 0 0 1 0 0 1 0 0 1 0 0 1 0 0 1 0 0 1 0 0 1 0 0 1 0 0 1 0 0 1 0 0 1 0 0 1 0 0 1 0 0 1 0 0 1 0 0 1 0 0 1 0 0 1 0 0 1 0 0 1 0 0 1 0 0 1 0 0 1 0 0 1 0 0 1 0 0 1 0 0 1 0 0 1 0 0 1 0 0 1 0 0 1 0 0 1 0 0 1 0 0 1 0 0 1 0 0 1 0 0 1 0 0 1 0 0 1 0 0 1 0 0 1 0 0 1 0 0 1 0 0 1 0 0 1 0 0 1 0 0 1 0 0 1 0 0 1 0 0 1 0 0 1 0 0 1 0 0 1 0 0 1 0 0 1 0 0 1 0 0 1 0 0 1 0 0 1 0 0 1 0 0 1 0 0 1 0 0 1 0 0 1 0 0 1 0 0 1 0 0 1 0 0 1 0 0 1 0 0 1 0 0 1 0 0 1 0 0 1 0 0 1 0 0 1 0 0 1 0 0 1 0 0 1 0 0 1 0 0 1 0 0 1 0 0 1 0 0 1 0 0 1 0 0 1 0 0 1 0 0 1 0 0 1 0 0 1 0 0 1 0 0 1 0 0 1 0 0 1 0 0 1 0 0 1 0 0 1 0 0 1 0 0 1 0 0 1 0 0 1 0 0 1 0 0 1 0 0 1 0 0 1 0 0 1 0 0 1 0 0 1 0 0 1 0 0 1 0 0 1 0 0 1 0 0 1 0 0 1 0 0 1 0 0 1 0 0 1 0 0 1 0 0 1 0 0 1 0 0 1 0 0 1 0 0 1 0 0 1 0 0 1 0 0 1 0 0 1 0 0 1 0 0 1 0 0 1 0 0 1 0 0 1 0 0 1 0 0 1 0 0 1 0 0 1 0 0 1 0 0 1 0 0 1 0 0 1 0 0 1 0 0 1 0 0 1 0 0 1 0 0 1 0 0 1 0 0 1 0 0 1 0 0 1 0 0 1 0 0 1 0 0 1 0 0 1 0 0 1 0 0 1 0 0 1 0 0 1 0 0 1 0 0 1 0 0 1 0 0 -1 0 0 -1 0 0 -1 0 0 -1 0 -1 -1.24576192812234E-16 0 -1 -1.24576192812234E-16 0 -1 -1.24576192812234E-16 0 -1 -1.24576192812234E-16 0 0 -1 7.70988192722293E-15 0 -1 7.70988192722293E-15 0 -1 7.70988192722293E-15 0 -1 7.70988192722293E-15 0 -1 7.70988192722293E-15 0 -1 7.70988192722293E-15 1 0 0 1 0 0 1 0 0 1 0 0 1 0 0 1 0 0 1 0 0 1 0 0 0 0 1 0 0 1 0 0 1 0 0 1 0 0 1 0 0 1 0 0 1 0 0 1 0 0 1 0 0 1 0 0 1 0 0 1 0 0 1 0 0 1 0 0 1 0 0 1 0 0 1 0 0 1 0 0 1 0 0 1 0 0 1 0 0 1 0 0 1 0 0 1 0 0 1 0 0 1 0 0 1 0 0 1 0 0 1 0 0 1 0 0 1 0 0 1 0 0 1 0 0 1 0 0 1 0 0 1 0 0 1 0 0 1 0 0 1 0 0 1 0 0 1 0 0 1 0 0 1 0 0 1 0 0 1 0 0 1 0 0 1 0 0 1 0 0 1 0 0 1 0 0 1 0 0 1 0 0 1 0 0 1 0 0 1 0 0 1 0 0 1 0 0 1 0 0 1 0 0 1 0 0 1 0 0 1 0 0 1 0 0 1 0 0 1 0 -1 0 0 -1 0 0 -1 0 0 -1 0 -2.75978729039267E-15 1 0 -2.75978729039267E-15 1 0 -2.75978729039267E-15 1 0 -2.75978729039267E-15 1 0 0 0 -1 0 0 -1 0 0 -1 0 0 -1 0 0 -1 0 0 -1 0 0 -1 0 0 -1 0 0 -1 0 0 -1 0 0 -1 0 0 -1 0 0 -1 0 0 -1 0 0 -1 0 0 -1 0 0 -1 0 0 -1 0 0 -1 0 0 -1 0 0 -1 0 0 -1 0 0 -1 -0.5 0 -0.866025388240814 -0.5 0 -0.866025388240814 -0.5 0 -0.866025388240814 -0.5 0 -0.866025388240814 -0.5 0 -0.866025388240814 -0.5 0 -0.866025388240814 -0.5 0 -0.866025388240814 -0.866025388240814 8.67361737988404E-16 -0.5 -0.923879504203796 8.67361737988404E-16 -0.382683426141739 -0.866025388240814 8.67361737988404E-16 -0.5 -0.793353319168091 8.67361737988404E-16 -0.608761429786682 -0.793353319168091 8.67361737988404E-16 -0.608761429786682 -0.70710676908493 8.67361737988404E-16 -0.70710676908493 -0.5 8.67361737988404E-16 -0.866025388240814 -0.70710676908493 8.67361737988404E-16 -0.70710676908493 -0.5 8.67361737988404E-16 -0.866025388240814 -0.923879504203796 8.67361737988404E-16 -0.382683426141739 -0.965925812721252 8.67361737988404E-16 -0.258819043636322 -0.965925812721252 8.67361737988404E-16 -0.258819043636322 -0.965925812721252 0 -0.258819043636322 -0.965925812721252 0 -0.258819043636322 -0.965925812721252 0 -0.258819043636322 -0.965925812721252 0 -0.258819043636322 -0.965925812721252 8.67361737988404E-16 0.258819043636322 -0.965925812721252 8.67361737988404E-16 0.258819043636322 -0.965925812721252 8.67361737988404E-16 0.258819043636322 -0.965925812721252 8.67361737988404E-16 0.258819043636322 -0.923879504203796 8.67361737988404E-16 0.382683426141739 -0.965925812721252 8.67361737988404E-16 0.258819043636322 -0.965925812721252 8.67361737988404E-16 0.258819043636322 -0.793353319168091 8.67361737988404E-16 0.608761429786682 -0.866025388240814 8.67361737988404E-16 0.5 -0.866025388240814 8.67361737988404E-16 0.5 -0.793353319168091 8.67361737988404E-16 0.608761429786682 -0.70710676908493 8.67361737988404E-16 0.70710676908493 -0.70710676908493 0 0.70710676908493 -0.5 0 0.866025388240814 -0.5 0 0.866025388240814 -0.923879504203796 8.67361737988404E-16 0.382683426141739 -0.5 0 0.866025388240814 -0.5 0 0.866025388240814 -0.5 0 0.866025388240814 -0.5 0 0.866025388240814 -0.5 0 0.866025388240814 -0.5 0 0.866025388240814 -0.5 0 0.866025388240814 -0.342020153999329 0 0.939692616462708 -0.5 2.16840434497101E-16 0.866025388240814 -0.5 2.16840434497101E-16 0.866025388240814 0 2.16840434497101E-16 1 -0.173648178577423 0 0.984807729721069 -0.173648178577423 0 0.984807729721069 0 2.16840434497101E-16 1 -0.342020153999329 0 0.939692616462708 0 1 -3.80421819551016E-16 0 1 -3.80421819551016E-16 0 1 -3.80421819551016E-16 0 1 -3.80421819551016E-16 0 0 -1 0 0 -1 0 0 -1 0 0 -1 0 -1 -3.80421819551016E-16 0 -1 -3.80421819551016E-16 0 -1 -3.80421819551016E-16 0 -1 -3.80421819551016E-16 0 0 1 0 0 1 0 0 1 0 0 1 -1 0 0 -1 0 0 -1 0 0 -1 0 0 0 0 1 0 0 1 0 0 1 0 0 1 0 1 0 0 1 0 0 1 0 0 1 0 0 0 -1 0 0 -1 0 0 -1 0 0 -1 0 -1 0 0 -1 0 0 -1 0 0 -1 0 -1 0 0 -1 0 0 -1 0 0 -1 0 0 -1 0 0 -1 0 0 -1 0 0 -1 0 0 -1 0 0 -1 0 0 -1 0 0 -1 0 0 -1 0 0 -1 0 0 -1 0 0 -1 0 0 -1 0 0 -0.70710676908493 0 -0.70710676908493 -0.70710676908493 0 -0.70710676908493 -0.70710676908493 0 -0.70710676908493 -0.70710676908493 0 -0.70710676908493 -0.70710676908493 0 -0.70710676908493 -0.70710676908493 0 -0.70710676908493 -0.70710676908493 0 0.70710676908493 -0.70710676908493 0 0.70710676908493 -0.70710676908493 0 0.70710676908493 -0.70710676908493 0 0.70710676908493 -0.70710676908493 0 0.70710676908493 -0.70710676908493 0 0.70710676908493 1 0 0 1 0 0 1 0 0 1 0 0 1 0 0 1 0 0 1 0 0 1 0 0 1 0 0 1 0 0 1 0 0 1 0 0 0 0 1 0 0 1 0 0 1 0 0 1 0 0 1 -1 0 0 -1 0 0 -1 0 0 -1 0 0 -1 0 0 -1 0 0 -1 0 0 -1 0 0 -1 0 0 -1 0 0 -1 0 0 -1 0 0 -1 0 0 -1 0 0 -1 0 0 -1 0 0 -1 0 0 -1 0 0 -0.70710676908493 0 -0.70710676908493 -0.70710676908493 0 -0.70710676908493 -0.70710676908493 0 -0.70710676908493 -0.70710676908493 0 -0.70710676908493 -0.70710676908493 0 -0.70710676908493 -0.70710676908493 0 -0.70710676908493 -0.70710676908493 0 0.70710676908493 -0.70710676908493 0 0.70710676908493 -0.70710676908493 0 0.70710676908493 -0.70710676908493 0 0.70710676908493 -0.70710676908493 0 0.70710676908493 -0.70710676908493 0 0.70710676908493 -4.49197294978039E-16 0.642787635326385 0.766044437885284 -4.49197294978039E-16 0.642787635326385 0.766044437885284 -4.49197294978039E-16 0.642787635326385 0.766044437885284 -4.49197294978039E-16 0.642787635326385 0.766044437885284 -4.49197294978039E-16 0.642787635326385 0.766044437885284 -4.49197294978039E-16 0.642787635326385 0.766044437885284 -4.49197294978039E-16 0.642787635326385 0.766044437885284 0 1 0 0 1 0 0 1 0 0 1 0 4.49197294978039E-16 0.642787635326385 -0.766044437885284 4.49197294978039E-16 0.642787635326385 -0.766044437885284 4.49197294978039E-16 0.642787635326385 -0.766044437885284 4.49197294978039E-16 0.642787635326385 -0.766044437885284 4.49197294978039E-16 0.642787635326385 -0.766044437885284 4.49197294978039E-16 0.642787635326385 -0.766044437885284 4.49197294978039E-16 0.642787635326385 -0.766044437885284 -4.49197294978039E-16 -0.642787635326385 0.766044437885284 -4.49197294978039E-16 -0.642787635326385 0.766044437885284 -4.49197294978039E-16 -0.642787635326385 0.766044437885284 -4.49197294978039E-16 -0.642787635326385 0.766044437885284 -4.49197294978039E-16 -0.642787635326385 0.766044437885284 -4.49197294978039E-16 -0.642787635326385 0.766044437885284 -1.14715525089402E-30 -1 1.95631618882448E-15 -1.14715525089402E-30 -1 1.95631618882448E-15 -1.14715525089402E-30 -1 1.95631618882448E-15 -1.14715525089402E-30 -1 1.95631618882448E-15 4.49197294978039E-16 -0.642787635326385 -0.766044437885284 4.49197294978039E-16 -0.642787635326385 -0.766044437885284 4.49197294978039E-16 -0.642787635326385 -0.766044437885284 4.49197294978039E-16 -0.642787635326385 -0.766044437885284 4.49197294978039E-16 -0.642787635326385 -0.766044437885284 4.49197294978039E-16 -0.642787635326385 -0.766044437885284 -4.49197294978039E-16 0.642787635326385 0.766044437885284 -4.49197294978039E-16 0.642787635326385 0.766044437885284 -4.49197294978039E-16 0.642787635326385 0.766044437885284 -4.49197294978039E-16 0.642787635326385 0.766044437885284 -4.49197294978039E-16 0.642787635326385 0.766044437885284 2.70629103803655E-31 1 -4.6152088320676E-16 2.70629103803655E-31 1 -4.6152088320676E-16 2.70629103803655E-31 1 -4.6152088320676E-16 2.70629103803655E-31 1 -4.6152088320676E-16 4.49197294978039E-16 0.642787635326385 -0.766044437885284 4.49197294978039E-16 0.642787635326385 -0.766044437885284 4.49197294978039E-16 0.642787635326385 -0.766044437885284 4.49197294978039E-16 0.642787635326385 -0.766044437885284 4.49197294978039E-16 0.642787635326385 -0.766044437885284 -4.49197294978039E-16 -0.642787635326385 0.766044437885284 -4.49197294978039E-16 -0.642787635326385 0.766044437885284 -4.49197294978039E-16 -0.642787635326385 0.766044437885284 -4.49197294978039E-16 -0.642787635326385 0.766044437885284 -4.49197294978039E-16 -0.642787635326385 0.766044437885284 -4.49197294978039E-16 -0.642787635326385 0.766044437885284 0 -1 0 0 -1 0 0 -1 0 0 -1 0 4.49197294978039E-16 -0.642787635326385 -0.766044437885284 4.49197294978039E-16 -0.642787635326385 -0.766044437885284 4.49197294978039E-16 -0.642787635326385 -0.766044437885284 4.49197294978039E-16 -0.642787635326385 -0.766044437885284 4.49197294978039E-16 -0.642787635326385 -0.766044437885284 4.49197294978039E-16 -0.642787635326385 -0.766044437885284 1 0 0 1 0 0 1 0 0 1 0 0 1 0 0 1 0 0 1 0 0 1 0 0 2.10269510234327E-16 -1 0 2.05164416191445E-16 -0.975721180438995 0.219016313552856 2.05164416191445E-16 -0.975721180438995 0.219016313552856 2.10269510234327E-16 -1 0 1.90097036783661E-16 -0.904063701629639 0.427397727966309 1.65798996719165E-16 -0.788507044315338 0.615025699138641 1.90097036783661E-16 -0.904063701629639 0.427397727966309 1.33450146719033E-16 -0.634662389755249 0.772789537906647 1.65798996719165E-16 -0.788507044315338 0.615025699138641 0 -0.449999988079071 0.893028557300568 1.33450146719033E-16 -0.634662389755249 0.772789537906647 0 -0.449999988079071 0.893028557300568 2.05164416191445E-16 -0.975721180438995 -0.219016313552856 2.10269510234327E-16 -1 0 2.10269510234327E-16 -1 0 1.90097036783661E-16 -0.904063701629639 -0.427397727966309 2.05164416191445E-16 -0.975721180438995 -0.219016313552856 1.65798996719165E-16 -0.788507044315338 -0.615025699138641 1.90097036783661E-16 -0.904063701629639 -0.427397727966309 1.65798996719165E-16 -0.788507044315338 -0.615025699138641 1.33450146719033E-16 -0.634662389755249 -0.772789537906647 1.33450146719033E-16 -0.634662389755249 -0.772789537906647 9.46212829141694E-17 -0.449999988079071 -0.893028557300568 9.46212829141694E-17 -0.449999988079071 -0.893028557300568 2.10269510234327E-16 -1 0 2.10269510234327E-16 -1 0 2.10269510234327E-16 -1 0 2.10269510234327E-16 -1 0 -1 -2.10269510234327E-16 0 -1 -2.10269510234327E-16 0 -1 -2.10269510234327E-16 0 -1 -2.10269510234327E-16 0 -1 -2.10269510234327E-16 0 -1 -2.10269510234327E-16 0 -1 -2.10269510234327E-16 0 -1 -2.10269510234327E-16 0 -1 -2.10269510234327E-16 0 -1 -2.10269510234327E-16 0 -1 -2.10269510234327E-16 0 -1 -2.10269510234327E-16 0 1 2.10269510234327E-16 0 1 2.10269510234327E-16 0 1 2.10269510234327E-16 0 1 2.10269510234327E-16 0 1 2.10269510234327E-16 0 1 2.10269510234327E-16 0 1 2.10269510234327E-16 0 1 2.10269510234327E-16 0 1 2.10269510234327E-16 0 1 2.10269510234327E-16 0 1 2.10269510234327E-16 0 1 2.10269510234327E-16 0 0.717140913009644 0 0.696928143501282 0.870750367641449 0 0.491725325584412 0.717140913009644 0 0.696928143501282 0.516412436962128 0 0.856339991092682 0.516412436962128 0 0.856339991092682 0.28175351023674 0 0.959486842155457 0.28175351023674 0 0.959486842155457 0.0285822600126266 0 0.999591469764709 0.0285822600126266 0 0.999591469764709 -0.226466968655586 0 0.97401887178421 -0.226466968655586 0 0.97401887178421 -0.466636389493942 0 0.884449243545532 -0.466636389493942 0 0.884449243545532 -0.676145911216736 0 0.736767709255219 -0.676145911216736 0 0.736767709255219 -0.841229915618896 0 0.540677607059479 -0.841229915618896 0 0.540677607059479 0.967147946357727 0 0.254214107990265 0.870750367641449 0 0.491725325584412 0.967147946357727 0 0.254214107990265 -0.998366117477417 -2.31296470522182E-15 0.0571411624550819 -0.951041638851166 0 0.309062719345093 -0.998366117477417 -2.31296470522182E-15 0.0571411624550819 -0.951041638851166 0 0.309062719345093 1 -2.31296470522182E-15 1.85037176417746E-14 1 -2.31296470522182E-15 1.85037176417746E-14 -0.998366117477417 -2.31296470522182E-15 0.0571411624550819 -0.998366117477417 -2.31296470522182E-15 0.0571411624550819 -0.998366117477417 -2.31296470522182E-15 0.0571411624550819 -0.998366117477417 -2.31296470522182E-15 0.0571411624550819 -0.686607182025909 0 0.727028608322144 -0.846343576908112 0 0.532637298107147 -0.846343576908112 0 0.532637298107147 -0.952503323554993 0 0.304528117179871 -0.952503323554993 0 0.304528117179871 -0.998366117477417 -2.31296470522182E-15 0.0571411624550819 -0.998366117477417 -2.31296470522182E-15 0.0571411624550819 -0.483405977487564 0 0.875396311283112 -0.686607182025909 0 0.727028608322144 -0.249603405594826 0 0.968348145484924 -0.483405977487564 0 0.875396311283112 -2.44929370517034E-16 0 1 -0.249603405594826 0 0.968348145484924 0.249603405594826 0 0.968348145484924 -2.44929370517034E-16 0 1 0.483405977487564 0 0.875396311283112 0.249603405594826 0 0.968348145484924 0.686607182025909 0 0.727028608322144 0.483405977487564 0 0.875396311283112 0.846343576908112 0 0.532637298107147 0.686607182025909 0 0.727028608322144 0.952503323554993 0 0.304528117179871 0.846343576908112 0 0.532637298107147 0.998366117477417 2.16840434497101E-15 0.0571411624550819 0.952503323554993 0 0.304528117179871 0.998366117477417 2.16840434497101E-15 0.0571411624550819 0.998366117477417 2.16840434497101E-15 0.0571411624550819 0.998366117477417 2.16840434497101E-15 0.0571411624550819 0.998366117477417 2.16840434497101E-15 0.0571411624550819 0.998366117477417 2.16840434497101E-15 0.0571411624550819 0.998366117477417 2.16840434497101E-15 0.0571411624550819 0.951041638851166 0 0.309062719345093 0.998366117477417 2.16840434497101E-15 0.0571411624550819 0.951041638851166 0 0.309062719345093 0.841229915618896 0 0.540677607059479 0.841229915618896 0 0.540677607059479 0.676145911216736 0 0.736767709255219 0.676145911216736 0 0.736767709255219 0.466636389493942 0 0.884449243545532 0.466636389493942 0 0.884449243545532 0.226466968655586 0 0.97401887178421 0.226466968655586 0 0.97401887178421 -0.0285822600126266 0 0.999591469764709 -0.0285822600126266 0 0.999591469764709 -0.28175351023674 0 0.959486842155457 -0.28175351023674 0 0.959486842155457 -0.516412436962128 0 0.856339991092682 -0.516412436962128 0 0.856339991092682 -0.717140913009644 0 0.696928143501282 -0.717140913009644 0 0.696928143501282 -0.870750367641449 0 0.491725325584412 -0.870750367641449 0 0.491725325584412 -0.967147946357727 0 0.254214107990265 -0.967147946357727 0 0.254214107990265 -1 -2.31296470522182E-15 0 -1 -2.31296470522182E-15 0 -1 -2.31296470522182E-15 0 -1 -2.31296470522182E-15 0 -1 -2.31296470522182E-15 0 -1 -2.31296470522182E-15 0 -1 -2.31296470522182E-15 0 -0.967147946357727 0 -0.254214107990265 -1 -2.31296470522182E-15 0 -0.967147946357727 0 -0.254214107990265 -0.870750367641449 0 -0.491725325584412 -0.870750367641449 0 -0.491725325584412 -0.717140913009644 0 -0.696928143501282 -0.717140913009644 0 -0.696928143501282 -0.516412436962128 0 -0.856339991092682 -0.516412436962128 0 -0.856339991092682 -0.28175351023674 0 -0.959486842155457 -0.28175351023674 0 -0.959486842155457 -0.0285822600126266 0 -0.999591469764709 -0.0285822600126266 0 -0.999591469764709 0.226466968655586 0 -0.97401887178421 0.226466968655586 0 -0.97401887178421 0.466636389493942 0 -0.884449243545532 0.466636389493942 0 -0.884449243545532 0.676145911216736 0 -0.736767709255219 0.676145911216736 0 -0.736767709255219 0.841229915618896 0 -0.540677607059479 0.841229915618896 0 -0.540677607059479 0.951041638851166 0 -0.309062719345093 0.951041638851166 0 -0.309062719345093 0.998366117477417 -2.31296470522182E-15 -0.0571411624550819 0.998366117477417 -2.31296470522182E-15 -0.0571411624550819 0.998366117477417 -2.31296470522182E-15 -0.0571411624550819 0.998366117477417 -2.31296470522182E-15 -0.0571411624550819 0.998366117477417 -2.31296470522182E-15 -0.0571411624550819 0.998366117477417 -2.31296470522182E-15 -0.0571411624550819 0.952503323554993 0 -0.304528117179871 0.998366117477417 -2.31296470522182E-15 -0.0571411624550819 0.998366117477417 -2.31296470522182E-15 -0.0571411624550819 0.846343576908112 0 -0.532637298107147 0.952503323554993 0 -0.304528117179871 0.686607182025909 0 -0.727028608322144 0.846343576908112 0 -0.532637298107147 0.483405977487564 0 -0.875396311283112 0.686607182025909 0 -0.727028608322144 0.249603405594826 0 -0.968348145484924 0.483405977487564 0 -0.875396311283112 8.56015985769816E-15 0 -1 0.249603405594826 0 -0.968348145484924 -0.249603405594826 0 -0.968348145484924 8.56015985769816E-15 0 -1 -0.483405977487564 0 -0.875396311283112 -0.249603405594826 0 -0.968348145484924 -0.686607182025909 0 -0.727028608322144 -0.483405977487564 0 -0.875396311283112 -0.846343576908112 0 -0.532637298107147 -0.686607182025909 0 -0.727028608322144 -0.952503323554993 0 -0.304528117179871 -0.846343576908112 0 -0.532637298107147 -0.998366117477417 2.16840434497101E-15 -0.0571411624550819 -0.952503323554993 0 -0.304528117179871 -0.998366117477417 2.16840434497101E-15 -0.0571411624550819 -0.998366117477417 2.16840434497101E-15 -0.0571411624550819 -0.998366117477417 2.16840434497101E-15 -0.0571411624550819 -0.998366117477417 2.16840434497101E-15 -0.0571411624550819 -0.998366117477417 2.16840434497101E-15 -0.0571411624550819 0.967147946357727 0 -0.254214107990265 1 -2.31296470522182E-15 0 0.967147946357727 0 -0.254214107990265 -0.951041638851166 0 -0.309062719345093 -0.998366117477417 2.16840434497101E-15 -0.0571411624550819 -0.951041638851166 0 -0.309062719345093 -0.841229915618896 0 -0.540677607059479 -0.841229915618896 0 -0.540677607059479 -0.676145911216736 0 -0.736767709255219 -0.676145911216736 0 -0.736767709255219 -0.466636389493942 0 -0.884449243545532 -0.466636389493942 0 -0.884449243545532 -0.226466968655586 0 -0.97401887178421 -0.226466968655586 0 -0.97401887178421 0.0285822600126266 0 -0.999591469764709 0.0285822600126266 0 -0.999591469764709 0.28175351023674 0 -0.959486842155457 0.28175351023674 0 -0.959486842155457 0.516412436962128 0 -0.856339991092682 0.516412436962128 0 -0.856339991092682 0.717140913009644 0 -0.696928143501282 0.717140913009644 0 -0.696928143501282 0.870750367641449 0 -0.491725325584412 0.870750367641449 0 -0.491725325584412 1 -2.31296470522182E-15 0 -0.998366117477417 2.16840434497101E-15 -0.0571411624550819 1 -2.31296470522182E-15 0 1 -2.31296470522182E-15 0 1 -2.31296470522182E-15 0 1 -2.31296470522182E-15 0 1 -2.31296470522182E-15 0 0.967147946357727 0 0.254214107990265 1 -2.31296470522182E-15 0 0.967147946357727 0 0.254214107990265 0.870750367641449 0 0.491725325584412 0.870750367641449 0 0.491725325584412 0.717140913009644 0 0.696928143501282 0.717140913009644 0 0.696928143501282 0.516412436962128 0 0.856339991092682 0.516412436962128 0 0.856339991092682 0.28175351023674 0 0.959486842155457 0.28175351023674 0 0.959486842155457 0.0285822600126266 0 0.999591469764709 0.0285822600126266 0 0.999591469764709 -0.226466968655586 0 0.97401887178421 -0.226466968655586 0 0.97401887178421 -0.466636389493942 0 0.884449243545532 -0.466636389493942 0 0.884449243545532 -0.676145911216736 0 0.736767709255219 -0.676145911216736 0 0.736767709255219 -0.841229915618896 0 0.540677607059479 -0.841229915618896 0 0.540677607059479 -0.951041638851166 0 0.309062719345093 -0.951041638851166 0 0.309062719345093 -0.998366117477417 -2.31296470522182E-15 0.0571411624550819 -0.998366117477417 -2.31296470522182E-15 0.0571411624550819 -0.998366117477417 -2.31296470522182E-15 0.0571411624550819 -0.998366117477417 -2.31296470522182E-15 0.0571411624550819 -0.998366117477417 -2.31296470522182E-15 0.0571411624550819 -0.998366117477417 -2.31296470522182E-15 0.0571411624550819 -0.846343576908112 0 0.532637298107147 -0.686607182025909 0 0.727028608322144 -0.686607182025909 0 0.727028608322144 0.998366117477417 2.16840434497101E-15 0.0571411624550819 0.952503323554993 0 0.304528117179871 0.952503323554993 0 0.304528117179871 -0.952503323554993 0 0.304528117179871 -0.998366117477417 -2.31296470522182E-15 0.0571411624550819 -0.998366117477417 -2.31296470522182E-15 0.0571411624550819 -0.846343576908112 0 0.532637298107147 -0.952503323554993 0 0.304528117179871 -0.483405977487564 0 0.875396311283112 -0.249603405594826 0 0.968348145484924 -0.483405977487564 0 0.875396311283112 -2.44929370517034E-16 0 1 -0.249603405594826 0 0.968348145484924 0.249603405594826 0 0.968348145484924 -2.44929370517034E-16 0 1 0.483405977487564 0 0.875396311283112 0.249603405594826 0 0.968348145484924 0.686607182025909 0 0.727028608322144 0.483405977487564 0 0.875396311283112 0.846343576908112 0 0.532637298107147 0.686607182025909 0 0.727028608322144 0.846343576908112 0 0.532637298107147 0.998366117477417 2.16840434497101E-15 0.0571411624550819 0.998366117477417 2.16840434497101E-15 0.0571411624550819 0.998366117477417 2.16840434497101E-15 0.0571411624550819 0.998366117477417 2.16840434497101E-15 0.0571411624550819 0.998366117477417 2.16840434497101E-15 0.0571411624550819 0.676145911216736 0 0.736767709255219 0.841229915618896 0 0.540677607059479 0.676145911216736 0 0.736767709255219 0.951041638851166 0 0.309062719345093 0.998366117477417 2.16840434497101E-15 0.0571411624550819 0.951041638851166 0 0.309062719345093 0.466636389493942 0 0.884449243545532 0.466636389493942 0 0.884449243545532 0.998366117477417 2.16840434497101E-15 0.0571411624550819 0.841229915618896 0 0.540677607059479 0.226466968655586 0 0.97401887178421 0.226466968655586 0 0.97401887178421 -0.0285822600126266 0 0.999591469764709 -0.0285822600126266 0 0.999591469764709 -0.28175351023674 0 0.959486842155457 -0.28175351023674 0 0.959486842155457 -0.516412436962128 0 0.856339991092682 -0.516412436962128 0 0.856339991092682 -0.717140913009644 0 0.696928143501282 -0.717140913009644 0 0.696928143501282 -0.870750367641449 0 0.491725325584412 -0.870750367641449 0 0.491725325584412 -0.967147946357727 0 0.254214107990265 -0.967147946357727 0 0.254214107990265 -1 -2.31296470522182E-15 0 -1 -2.31296470522182E-15 0 -1 -2.31296470522182E-15 0 -1 -2.31296470522182E-15 0 -1 -2.31296470522182E-15 0 -1 -2.31296470522182E-15 0 -0.967147946357727 0 -0.254214107990265 -0.870750367641449 0 -0.491725325584412 -0.967147946357727 0 -0.254214107990265 -0.870750367641449 0 -0.491725325584412 -0.717140913009644 0 -0.696928143501282 -0.717140913009644 0 -0.696928143501282 -0.516412436962128 0 -0.856339991092682 -0.516412436962128 0 -0.856339991092682 -0.28175351023674 0 -0.959486842155457 -0.28175351023674 0 -0.959486842155457 -0.0285822600126266 0 -0.999591469764709 -0.0285822600126266 0 -0.999591469764709 0.226466968655586 0 -0.97401887178421 0.226466968655586 0 -0.97401887178421 0.466636389493942 0 -0.884449243545532 0.466636389493942 0 -0.884449243545532 0.676145911216736 0 -0.736767709255219 0.676145911216736 0 -0.736767709255219 0.841229915618896 0 -0.540677607059479 0.841229915618896 0 -0.540677607059479 0.951041638851166 0 -0.309062719345093 0.951041638851166 0 -0.309062719345093 0.998366117477417 -2.31296470522182E-15 -0.0571411624550819 0.998366117477417 -2.31296470522182E-15 -0.0571411624550819 -1 -2.31296470522182E-15 0 -1 -2.31296470522182E-15 0 0.998366117477417 -2.31296470522182E-15 -0.0571411624550819 0.998366117477417 -2.31296470522182E-15 -0.0571411624550819 0.998366117477417 -2.31296470522182E-15 -0.0571411624550819 0.998366117477417 -2.31296470522182E-15 -0.0571411624550819 0.846343576908112 0 -0.532637298107147 0.952503323554993 0 -0.304528117179871 0.952503323554993 0 -0.304528117179871 0.686607182025909 0 -0.727028608322144 0.846343576908112 0 -0.532637298107147 0.483405977487564 0 -0.875396311283112 0.686607182025909 0 -0.727028608322144 0.249603405594826 0 -0.968348145484924 0.483405977487564 0 -0.875396311283112 1.22464685258517E-16 0 -1 0.249603405594826 0 -0.968348145484924 0.998366117477417 -2.31296470522182E-15 -0.0571411624550819 0.998366117477417 -2.31296470522182E-15 -0.0571411624550819 -0.483405977487564 0 -0.875396311283112 -0.249603405594826 0 -0.968348145484924 -0.249603405594826 0 -0.968348145484924 -0.686607182025909 0 -0.727028608322144 -0.483405977487564 0 -0.875396311283112 -0.846343576908112 0 -0.532637298107147 -0.686607182025909 0 -0.727028608322144 -0.952503323554993 0 -0.304528117179871 -0.846343576908112 0 -0.532637298107147 -0.998366117477417 2.16840434497101E-15 -0.0571411624550819 -0.952503323554993 0 -0.304528117179871 1.22464685258517E-16 0 -1 -0.998366117477417 2.16840434497101E-15 -0.0571411624550819 -0.998366117477417 2.16840434497101E-15 -0.0571411624550819 -0.998366117477417 2.16840434497101E-15 -0.0571411624550819 -0.998366117477417 2.16840434497101E-15 -0.0571411624550819 -0.998366117477417 2.16840434497101E-15 -0.0571411624550819 -0.226466968655586 0 -0.97401887178421 -0.466636389493942 0 -0.884449243545532 -0.226466968655586 0 -0.97401887178421 0.0285822600126266 0 -0.999591469764709 0.0285822600126266 0 -0.999591469764709 0.28175351023674 0 -0.959486842155457 0.28175351023674 0 -0.959486842155457 0.516412436962128 0 -0.856339991092682 0.516412436962128 0 -0.856339991092682 0.717140913009644 0 -0.696928143501282 0.717140913009644 0 -0.696928143501282 0.870750367641449 0 -0.491725325584412 0.870750367641449 0 -0.491725325584412 0.967147946357727 0 -0.254214107990265 0.967147946357727 0 -0.254214107990265 1 -2.31296470522182E-15 0 1 -2.31296470522182E-15 0 -0.466636389493942 0 -0.884449243545532 -0.676145911216736 0 -0.736767709255219 -0.951041638851166 0 -0.309062719345093 -0.998366117477417 2.16840434497101E-15 -0.0571411624550819 -0.951041638851166 0 -0.309062719345093 -0.676145911216736 0 -0.736767709255219 -0.841229915618896 0 -0.540677607059479 -0.841229915618896 0 -0.540677607059479 -0.998366117477417 2.16840434497101E-15 -0.0571411624550819 1 -2.31296470522182E-15 0 1 -2.31296470522182E-15 0 1 -2.31296470522182E-15 0 1 -2.31296470522182E-15 0 -0.466636389493942 0 0.884449243545532 -0.676145911216736 0 0.736767709255219 -0.466636389493942 0 0.884449243545532 1 -2.31296470522182E-15 0 0.967147946357727 0 0.254214107990265 1 -2.31296470522182E-15 0 0.967147946357727 0 0.254214107990265 0.870750367641449 0 0.491725325584412 0.870750367641449 0 0.491725325584412 0.717140913009644 0 0.696928143501282 0.717140913009644 0 0.696928143501282 0.516412436962128 0 0.856339991092682 0.516412436962128 0 0.856339991092682 0.28175351023674 0 0.959486842155457 0.28175351023674 0 0.959486842155457 0.0285822600126266 0 0.999591469764709 0.0285822600126266 0 0.999591469764709 -0.226466968655586 0 0.97401887178421 -0.226466968655586 0 0.97401887178421 -0.676145911216736 0 0.736767709255219 -0.841229915618896 0 0.540677607059479 -0.841229915618896 0 0.540677607059479 -0.951041638851166 0 0.309062719345093 -0.951041638851166 0 0.309062719345093 -0.998366117477417 -2.31296470522182E-15 0.0571411624550819 -0.998366117477417 -2.31296470522182E-15 0.0571411624550819 -0.998366117477417 -2.31296470522182E-15 0.0571411624550819 -0.998366117477417 -2.31296470522182E-15 0.0571411624550819 -0.998366117477417 -2.31296470522182E-15 0.0571411624550819 -0.998366117477417 -2.31296470522182E-15 0.0571411624550819 -0.952503323554993 0 0.304528117179871 -0.998366117477417 -2.31296470522182E-15 0.0571411624550819 -0.998366117477417 -2.31296470522182E-15 0.0571411624550819 -0.846343576908112 0 0.532637298107147 -0.952503323554993 0 0.304528117179871 -0.686607182025909 0 0.727028608322144 -0.846343576908112 0 0.532637298107147 -0.483405977487564 0 0.875396311283112 -0.686607182025909 0 0.727028608322144 -0.249603405594826 0 0.968348145484924 -0.483405977487564 0 0.875396311283112 -2.44929370517034E-16 0 1 -0.249603405594826 0 0.968348145484924 0.249603405594826 0 0.968348145484924 -2.44929370517034E-16 0 1 0.483405977487564 0 0.875396311283112 0.249603405594826 0 0.968348145484924 0.686607182025909 0 0.727028608322144 0.483405977487564 0 0.875396311283112 0.846343576908112 0 0.532637298107147 0.686607182025909 0 0.727028608322144 0.952503323554993 0 0.304528117179871 0.846343576908112 0 0.532637298107147 0.998366117477417 2.16840434497101E-15 0.0571411624550819 0.952503323554993 0 0.304528117179871 0.998366117477417 2.16840434497101E-15 0.0571411624550819 0.998366117477417 2.16840434497101E-15 0.0571411624550819 0.998366117477417 2.16840434497101E-15 0.0571411624550819 0.998366117477417 2.16840434497101E-15 0.0571411624550819 0.998366117477417 2.16840434497101E-15 0.0571411624550819 0.951041638851166 0 0.309062719345093 0.998366117477417 2.16840434497101E-15 0.0571411624550819 0.951041638851166 0 0.309062719345093 0.998366117477417 2.16840434497101E-15 0.0571411624550819 0.841229915618896 0 0.540677607059479 0.841229915618896 0 0.540677607059479 0.676145911216736 0 0.736767709255219 0.676145911216736 0 0.736767709255219 0.466636389493942 0 0.884449243545532 0.466636389493942 0 0.884449243545532 0.226466968655586 0 0.97401887178421 0.226466968655586 0 0.97401887178421 -0.0285822600126266 0 0.999591469764709 -0.0285822600126266 0 0.999591469764709 -0.28175351023674 0 0.959486842155457 -0.28175351023674 0 0.959486842155457 -0.516412436962128 0 0.856339991092682 -0.516412436962128 0 0.856339991092682 -0.717140913009644 0 0.696928143501282 -0.717140913009644 0 0.696928143501282 -0.870750367641449 0 0.491725325584412 -0.870750367641449 0 0.491725325584412 -0.967147946357727 0 0.254214107990265 -0.967147946357727 0 0.254214107990265 -1 -2.31296470522182E-15 0 -1 -2.31296470522182E-15 0 -1 -2.31296470522182E-15 0 -1 -2.31296470522182E-15 0 -1 -2.31296470522182E-15 0 -1 -2.31296470522182E-15 0 -1 -2.31296470522182E-15 0 -0.967147946357727 0 -0.254214107990265 -1 -2.31296470522182E-15 0 -0.967147946357727 0 -0.254214107990265 -0.870750367641449 0 -0.491725325584412 -0.870750367641449 0 -0.491725325584412 -0.717140913009644 0 -0.696928143501282 -0.717140913009644 0 -0.696928143501282 -0.516412436962128 0 -0.856339991092682 -0.516412436962128 0 -0.856339991092682 -0.28175351023674 0 -0.959486842155457 -0.28175351023674 0 -0.959486842155457 -0.0285822600126266 0 -0.999591469764709 -0.0285822600126266 0 -0.999591469764709 0.226466968655586 0 -0.97401887178421 0.226466968655586 0 -0.97401887178421 0.466636389493942 0 -0.884449243545532 0.466636389493942 0 -0.884449243545532 0.676145911216736 0 -0.736767709255219 0.676145911216736 0 -0.736767709255219 0.841229915618896 0 -0.540677607059479 0.841229915618896 0 -0.540677607059479 0.951041638851166 0 -0.309062719345093 0.951041638851166 0 -0.309062719345093 0.998366117477417 -2.31296470522182E-15 -0.0571411624550819 0.998366117477417 -2.31296470522182E-15 -0.0571411624550819 0.998366117477417 -2.31296470522182E-15 -0.0571411624550819 0.998366117477417 -2.31296470522182E-15 -0.0571411624550819 0.998366117477417 -2.31296470522182E-15 -0.0571411624550819 0.998366117477417 -2.31296470522182E-15 -0.0571411624550819 -0.998366117477417 2.16840434497101E-15 -0.0571411624550819 -0.952503323554993 0 -0.304528117179871 -0.952503323554993 0 -0.304528117179871 0.952503323554993 0 -0.304528117179871 0.998366117477417 -2.31296470522182E-15 -0.0571411624550819 0.998366117477417 -2.31296470522182E-15 -0.0571411624550819 0.846343576908112 0 -0.532637298107147 0.952503323554993 0 -0.304528117179871 0.686607182025909 0 -0.727028608322144 0.846343576908112 0 -0.532637298107147 0.483405977487564 0 -0.875396311283112 0.686607182025909 0 -0.727028608322144 0.249603405594826 0 -0.968348145484924 0.483405977487564 0 -0.875396311283112 1.22464685258517E-16 0 -1 0.249603405594826 0 -0.968348145484924 -0.249603405594826 0 -0.968348145484924 1.22464685258517E-16 0 -1 -0.483405977487564 0 -0.875396311283112 -0.249603405594826 0 -0.968348145484924 -0.686607182025909 0 -0.727028608322144 -0.483405977487564 0 -0.875396311283112 -0.846343576908112 0 -0.532637298107147 -0.686607182025909 0 -0.727028608322144 -0.846343576908112 0 -0.532637298107147 -0.998366117477417 2.16840434497101E-15 -0.0571411624550819 -0.998366117477417 2.16840434497101E-15 -0.0571411624550819 -0.998366117477417 2.16840434497101E-15 -0.0571411624550819 -0.998366117477417 2.16840434497101E-15 -0.0571411624550819 -0.998366117477417 2.16840434497101E-15 -0.0571411624550819 0.967147946357727 0 -0.254214107990265 1 -2.31296470522182E-15 0 0.967147946357727 0 -0.254214107990265 -0.998366117477417 2.16840434497101E-15 -0.0571411624550819 -0.951041638851166 0 -0.309062719345093 -0.998366117477417 2.16840434497101E-15 -0.0571411624550819 -0.951041638851166 0 -0.309062719345093 -0.841229915618896 0 -0.540677607059479 -0.841229915618896 0 -0.540677607059479 -0.676145911216736 0 -0.736767709255219 -0.676145911216736 0 -0.736767709255219 -0.466636389493942 0 -0.884449243545532 -0.466636389493942 0 -0.884449243545532 -0.226466968655586 0 -0.97401887178421 -0.226466968655586 0 -0.97401887178421 0.0285822600126266 0 -0.999591469764709 0.0285822600126266 0 -0.999591469764709 0.28175351023674 0 -0.959486842155457 0.28175351023674 0 -0.959486842155457 0.516412436962128 0 -0.856339991092682 0.516412436962128 0 -0.856339991092682 0.717140913009644 0 -0.696928143501282 0.717140913009644 0 -0.696928143501282 0.870750367641449 0 -0.491725325584412 0.870750367641449 0 -0.491725325584412 1 -2.31296470522182E-15 0 1 -2.31296470522182E-15 0 1 -2.31296470522182E-15 0 1 -2.31296470522182E-15 0 1 -2.31296470522182E-15 0 -0.226466968655586 0 0.97401887178421 0.0285822600126266 0 0.999591469764709 -0.226466968655586 0 0.97401887178421 1 -2.31296470522182E-15 0 0.967147946357727 0 0.254214107990265 1 -2.31296470522182E-15 0 0.967147946357727 0 0.254214107990265 0.870750367641449 0 0.491725325584412 0.870750367641449 0 0.491725325584412 0.717140913009644 0 0.696928143501282 0.717140913009644 0 0.696928143501282 0.516412436962128 0 0.856339991092682 0.516412436962128 0 0.856339991092682 0.28175351023674 0 0.959486842155457 0.28175351023674 0 0.959486842155457 0.0285822600126266 0 0.999591469764709 -0.466636389493942 0 0.884449243545532 -0.466636389493942 0 0.884449243545532 -0.676145911216736 0 0.736767709255219 -0.676145911216736 0 0.736767709255219 -0.841229915618896 0 0.540677607059479 -0.841229915618896 0 0.540677607059479 -0.951041638851166 0 0.309062719345093 -0.951041638851166 0 0.309062719345093 -0.998366117477417 -2.31296470522182E-15 0.0571411624550819 -0.998366117477417 -2.31296470522182E-15 0.0571411624550819 -0.998366117477417 -2.31296470522182E-15 0.0571411624550819 -0.998366117477417 -2.31296470522182E-15 0.0571411624550819 -0.998366117477417 -2.31296470522182E-15 0.0571411624550819 -0.998366117477417 -2.31296470522182E-15 0.0571411624550819 -0.952503323554993 0 0.304528117179871 -0.998366117477417 -2.31296470522182E-15 0.0571411624550819 -0.998366117477417 -2.31296470522182E-15 0.0571411624550819 -0.846343576908112 0 0.532637298107147 -0.952503323554993 0 0.304528117179871 -0.686607182025909 0 0.727028608322144 -0.846343576908112 0 0.532637298107147 -0.483405977487564 0 0.875396311283112 -0.686607182025909 0 0.727028608322144 -0.249603405594826 0 0.968348145484924 -0.483405977487564 0 0.875396311283112 -2.44929370517034E-16 0 1 -0.249603405594826 0 0.968348145484924 0.249603405594826 0 0.968348145484924 -2.44929370517034E-16 0 1 0.483405977487564 0 0.875396311283112 0.249603405594826 0 0.968348145484924 0.686607182025909 0 0.727028608322144 0.483405977487564 0 0.875396311283112 0.846343576908112 0 0.532637298107147 0.686607182025909 0 0.727028608322144 0.952503323554993 0 0.304528117179871 0.846343576908112 0 0.532637298107147 0.998366117477417 2.16840434497101E-15 0.0571411624550819 0.952503323554993 0 0.304528117179871 0.998366117477417 2.16840434497101E-15 0.0571411624550819 0.998366117477417 2.16840434497101E-15 0.0571411624550819 0.998366117477417 2.16840434497101E-15 0.0571411624550819 0.998366117477417 2.16840434497101E-15 0.0571411624550819 0.998366117477417 2.16840434497101E-15 0.0571411624550819 0.998366117477417 2.16840434497101E-15 0.0571411624550819 0.951041638851166 0 0.309062719345093 0.998366117477417 2.16840434497101E-15 0.0571411624550819 0.951041638851166 0 0.309062719345093 0.841229915618896 0 0.540677607059479 0.841229915618896 0 0.540677607059479 0.676145911216736 0 0.736767709255219 0.676145911216736 0 0.736767709255219 0.466636389493942 0 0.884449243545532 0.466636389493942 0 0.884449243545532 0.226466968655586 0 0.97401887178421 0.226466968655586 0 0.97401887178421 -0.0285822600126266 0 0.999591469764709 -0.0285822600126266 0 0.999591469764709 -0.28175351023674 0 0.959486842155457 -0.28175351023674 0 0.959486842155457 -0.516412436962128 0 0.856339991092682 -0.516412436962128 0 0.856339991092682 -0.717140913009644 0 0.696928143501282 -0.717140913009644 0 0.696928143501282 -0.870750367641449 0 0.491725325584412 -0.870750367641449 0 0.491725325584412 -0.967147946357727 0 0.254214107990265 -0.967147946357727 0 0.254214107990265 -1 -2.31296470522182E-15 0 -1 -2.31296470522182E-15 0 -1 -2.31296470522182E-15 0 -1 -2.31296470522182E-15 0 -1 -2.31296470522182E-15 0 -1 -2.31296470522182E-15 0 -1 -2.31296470522182E-15 0 -0.967147946357727 0 -0.254214107990265 -1 -2.31296470522182E-15 0 -0.967147946357727 0 -0.254214107990265 -0.870750367641449 0 -0.491725325584412 -0.870750367641449 0 -0.491725325584412 -0.717140913009644 0 -0.696928143501282 -0.717140913009644 0 -0.696928143501282 -0.516412436962128 0 -0.856339991092682 -0.516412436962128 0 -0.856339991092682 -0.28175351023674 0 -0.959486842155457 -0.28175351023674 0 -0.959486842155457 -0.0285822600126266 0 -0.999591469764709 -0.0285822600126266 0 -0.999591469764709 0.226466968655586 0 -0.97401887178421 0.226466968655586 0 -0.97401887178421 0.466636389493942 0 -0.884449243545532 0.466636389493942 0 -0.884449243545532 0.676145911216736 0 -0.736767709255219 0.676145911216736 0 -0.736767709255219 0.841229915618896 0 -0.540677607059479 0.841229915618896 0 -0.540677607059479 0.951041638851166 0 -0.309062719345093 0.951041638851166 0 -0.309062719345093 0.998366117477417 -2.31296470522182E-15 -0.0571411624550819 0.998366117477417 -2.31296470522182E-15 -0.0571411624550819 0.998366117477417 -2.31296470522182E-15 -0.0571411624550819 0.998366117477417 -2.31296470522182E-15 -0.0571411624550819 0.998366117477417 -2.31296470522182E-15 -0.0571411624550819 0.998366117477417 -2.31296470522182E-15 -0.0571411624550819 0.952503323554993 0 -0.304528117179871 0.998366117477417 -2.31296470522182E-15 -0.0571411624550819 0.998366117477417 -2.31296470522182E-15 -0.0571411624550819 0.846343576908112 0 -0.532637298107147 0.952503323554993 0 -0.304528117179871 0.686607182025909 0 -0.727028608322144 0.846343576908112 0 -0.532637298107147 0.483405977487564 0 -0.875396311283112 0.686607182025909 0 -0.727028608322144 0.249603405594826 0 -0.968348145484924 0.483405977487564 0 -0.875396311283112 1.22464685258517E-16 0 -1 0.249603405594826 0 -0.968348145484924 -0.249603405594826 0 -0.968348145484924 1.22464685258517E-16 0 -1 -0.483405977487564 0 -0.875396311283112 -0.249603405594826 0 -0.968348145484924 -0.686607182025909 0 -0.727028608322144 -0.483405977487564 0 -0.875396311283112 -0.846343576908112 0 -0.532637298107147 -0.686607182025909 0 -0.727028608322144 -0.952503323554993 0 -0.304528117179871 -0.846343576908112 0 -0.532637298107147 -0.998366117477417 2.16840434497101E-15 -0.0571411624550819 -0.952503323554993 0 -0.304528117179871 -0.998366117477417 2.16840434497101E-15 -0.0571411624550819 -0.998366117477417 2.16840434497101E-15 -0.0571411624550819 -0.998366117477417 2.16840434497101E-15 -0.0571411624550819 -0.998366117477417 2.16840434497101E-15 -0.0571411624550819 -0.998366117477417 2.16840434497101E-15 -0.0571411624550819 -0.226466968655586 0 -0.97401887178421 -0.466636389493942 0 -0.884449243545532 -0.226466968655586 0 -0.97401887178421 0.0285822600126266 0 -0.999591469764709 0.0285822600126266 0 -0.999591469764709 0.28175351023674 0 -0.959486842155457 0.28175351023674 0 -0.959486842155457 0.516412436962128 0 -0.856339991092682 0.516412436962128 0 -0.856339991092682 0.717140913009644 0 -0.696928143501282 0.717140913009644 0 -0.696928143501282 0.870750367641449 0 -0.491725325584412 0.870750367641449 0 -0.491725325584412 0.967147946357727 0 -0.254214107990265 0.967147946357727 0 -0.254214107990265 1 -2.31296470522182E-15 0 1 -2.31296470522182E-15 0 -0.841229915618896 0 -0.540677607059479 -0.951041638851166 0 -0.309062719345093 -0.841229915618896 0 -0.540677607059479 -0.466636389493942 0 -0.884449243545532 -0.676145911216736 0 -0.736767709255219 -0.676145911216736 0 -0.736767709255219 -0.951041638851166 0 -0.309062719345093 -0.998366117477417 2.16840434497101E-15 -0.0571411624550819 -0.998366117477417 2.16840434497101E-15 -0.0571411624550819 1 -2.31296470522182E-15 0 1 -2.31296470522182E-15 0 1 -2.31296470522182E-15 0 1 -2.31296470522182E-15 0 -0.258819043636322 0 0.965925812721252 -1.22464685258517E-16 0 1 -0.258819043636322 0 0.965925812721252 -1.22464685258517E-16 0 1 0.258819043636322 0 0.965925812721252 0.258819043636322 0 0.965925812721252 0.5 0 0.866025388240814 0.5 0 0.866025388240814 0.70710676908493 0 0.70710676908493 0.70710676908493 0 0.70710676908493 0.866025388240814 0 0.5 0.866025388240814 0 0.5 0.965925812721252 0 0.258819043636322 0.965925812721252 0 0.258819043636322 1 0 1.07187540788323E-15 1 0 1.07187540788323E-15 0.965925812721252 0 -0.258819043636322 0.965925812721252 0 -0.258819043636322 0.866025388240814 0 -0.5 0.866025388240814 0 -0.5 0.70710676908493 0 -0.70710676908493 0.70710676908493 0 -0.70710676908493 0.5 0 -0.866025388240814 0.5 0 -0.866025388240814 0.258819043636322 0 -0.965925812721252 0.258819043636322 0 -0.965925812721252 0 -5.68761818834496E-16 -1 -0.866025388240814 0 0.5 -0.70710676908493 0 0.70710676908493 -0.866025388240814 0 0.5 -0.965925812721252 0 0.258819043636322 -0.965925812721252 0 0.258819043636322 -1 0 -6.12323426292584E-17 -1 -5.68761818834496E-16 0 -0.965925812721252 0 -0.258819043636322 -0.965925812721252 0 -0.258819043636322 -0.866025388240814 0 -0.5 -0.866025388240814 0 -0.5 -0.70710676908493 0 -0.70710676908493 -0.70710676908493 0 -0.70710676908493 -0.5 0 -0.866025388240814 -0.5 0 -0.866025388240814 -0.258819043636322 0 -0.965925812721252 -0.258819043636322 0 -0.965925812721252 -0.5 0 0.866025388240814 -0.5 0 0.866025388240814 0 -5.68761818834496E-16 -1 -0.70710676908493 0 0.70710676908493 0.258819043636322 0 0.965925812721252 0.5 0 0.866025388240814 0.258819043636322 0 0.965925812721252 0.258819043636322 0 -0.965925812721252 0.5 0 -0.866025388240814 0.258819043636322 0 -0.965925812721252 0.5 0 -0.866025388240814 0.70710676908493 0 -0.70710676908493 0.70710676908493 0 -0.70710676908493 0.866025388240814 0 -0.5 0.866025388240814 0 -0.5 0.965925812721252 0 -0.258819043636322 0.965925812721252 0 -0.258819043636322 1 0 1.83697014652885E-16 1 0 1.83697014652885E-16 0.965925812721252 0 0.258819043636322 0.965925812721252 0 0.258819043636322 0.866025388240814 0 0.5 0.866025388240814 0 0.5 0.70710676908493 0 0.70710676908493 0.70710676908493 0 0.70710676908493 0.5 0 0.866025388240814 -1.22464685258517E-16 0 1 -1.22464685258517E-16 0 1 -0.258819043636322 0 0.965925812721252 0 -5.68761818834496E-16 -1 -0.258819043636322 0 0.965925812721252 -0.5 0 0.866025388240814 -0.5 0 0.866025388240814 -0.70710676908493 0 0.70710676908493 -0.70710676908493 0 0.70710676908493 -0.866025388240814 0 0.5 -0.866025388240814 0 0.5 -0.965925812721252 0 0.258819043636322 -0.965925812721252 0 0.258819043636322 -1 0 -6.12323426292584E-17 -1 -5.68761818834496E-16 0 -0.965925812721252 0 -0.258819043636322 -0.965925812721252 0 -0.258819043636322 -0.866025388240814 0 -0.5 -0.866025388240814 0 -0.5 -0.70710676908493 0 -0.70710676908493 -0.70710676908493 0 -0.70710676908493 -0.5 0 -0.866025388240814 -0.5 0 -0.866025388240814 -0.258819043636322 0 -0.965925812721252 -0.258819043636322 0 -0.965925812721252 0 -5.68761818834496E-16 -1 -0.965925812721252 0.258819043636322 0 -0.866025388240814 0.5 0 -0.965925812721252 0.258819043636322 0 -0.866025388240814 0.5 0 -0.70710676908493 0.70710676908493 0 -0.70710676908493 0.70710676908493 0 -0.5 0.866025388240814 0 -0.5 0.866025388240814 0 -0.258819043636322 0.965925812721252 0 -0.70710676908493 -0.70710676908493 0 -0.866025388240814 -0.5 0 -0.70710676908493 -0.70710676908493 0 -0.866025388240814 -0.5 0 -0.965925812721252 -0.258819043636322 0 -0.258819043636322 0.965925812721252 0 1.83697014652885E-16 1 0 1.83697014652885E-16 1 0 0.258819043636322 0.965925812721252 0 -0.965925812721252 -0.258819043636322 0 -1 0 0 -1 0 0 -0.5 -0.866025388240814 0 -0.5 -0.866025388240814 0 -0.258819043636322 -0.965925812721252 0 -0.258819043636322 -0.965925812721252 0 -6.12323426292584E-17 -1 0 -6.12323426292584E-17 -1 0 0.258819043636322 -0.965925812721252 0 0.258819043636322 -0.965925812721252 0 0.5 -0.866025388240814 0 0.5 -0.866025388240814 0 0.70710676908493 -0.70710676908493 0 0.70710676908493 -0.70710676908493 0 0.866025388240814 -0.5 0 0.866025388240814 -0.5 0 0.965925812721252 -0.258819043636322 0 0.965925812721252 -0.258819043636322 0 1 -1.22464685258517E-16 0 1 -1.22464685258517E-16 0 0.965925812721252 0.258819043636322 0 0.965925812721252 0.258819043636322 0 0.866025388240814 0.5 0 0.866025388240814 0.5 0 0.70710676908493 0.70710676908493 0 0.70710676908493 0.70710676908493 0 0.5 0.866025388240814 0 0.5 0.866025388240814 0 0.258819043636322 0.965925812721252 0 0 0 1 0 0 1 0 0 1 0 0 1 0 0 1 0 0 1 0 0 1 0 0 1 0 0 1 0 0 1 0 0 1 0 0 1 0 0 1 0 0 1 0 0 1 0 0 1 0 0 1 0 0 1 0 0 1 0 0 1 0 0 1 0 0 1 0 0 1 0 0 1 0 0 1 0 1 0 0 1 0 0 1 0 0 1 0 -1 0 0 -1 0 0 -1 0 0 -1 0 0 -1 0 0 -1 0 0 -1 0 0 -1 0 0 -1 0 0 -1 0 0 -1 0 0 -1 0 0 -1 0 0 -1 0 0 -1 0 0 -1 0 0 -1 0 0 -1 0 0 -1 0 0 -1 0 0 -1 0 0 -1 0 0 -1 0 0 -1 0 0 -1 0 0 -1 0 0 -1 0 0 -1 0 0 1.05134755117163E-16 1 0 1.05134755117163E-16 1 0 1.05134755117163E-16 1 0 1.05134755117163E-16 1 0 0 1 6.93889390390723E-15 1.01552374850539E-16 0.965925812721252 -0.258819043636322 0 1 6.93889390390723E-15 1.01552374850539E-16 0.965925812721252 -0.258819043636322 9.10493714453777E-17 0.866025388240814 -0.5 9.10493714453777E-17 0.866025388240814 -0.5 7.43415009769988E-17 0.70710676908493 -0.70710676908493 7.43415009769988E-17 0.70710676908493 -0.70710676908493 5.25673775585817E-17 0.5 -0.866025388240814 5.25673775585817E-17 0.5 -0.866025388240814 2.72108771822627E-17 0.258819043636322 -0.965925812721252 2.72108771822627E-17 0.258819043636322 -0.965925812721252 0 -1.39737236064534E-14 -1 0 -1.39737236064534E-14 -1 0 0 -1 0 0 -1 0 0 -1 0 0 -1 -7.43415009769988E-17 -0.70710676908493 -0.70710676908493 -9.10493714453777E-17 -0.866025388240814 -0.5 -7.43415009769988E-17 -0.70710676908493 -0.70710676908493 -5.25673775585817E-17 -0.5 -0.866025388240814 -5.25673775585817E-17 -0.5 -0.866025388240814 -9.10493714453777E-17 -0.866025388240814 -0.5 -1.01552374850539E-16 -0.965925812721252 -0.258819043636322 -1.01552374850539E-16 -0.965925812721252 -0.258819043636322 0 -1 0 -2.72108771822627E-17 -0.258819043636322 -0.965925812721252 -2.72108771822627E-17 -0.258819043636322 -0.965925812721252 0 -1.02874362200027E-14 -1 0 -1.02874362200027E-14 -1 0 -1 0 -1.05134755117163E-16 -1 2.52629641161404E-16 -1.05134755117163E-16 -1 2.52629641161404E-16 -1.05134755117163E-16 -1 2.52629641161404E-16 -1.05134755117163E-16 -1 2.52629641161404E-16 -9.10493714453777E-17 -0.866025388240814 0.5 -7.43415009769988E-17 -0.70710676908493 0.70710676908493 -9.10493714453777E-17 -0.866025388240814 0.5 -7.43415009769988E-17 -0.70710676908493 0.70710676908493 -5.25673775585817E-17 -0.5 0.866025388240814 -5.25673775585817E-17 -0.5 0.866025388240814 -2.72108771822627E-17 -0.258819043636322 0.965925812721252 -2.72108771822627E-17 -0.258819043636322 0.965925812721252 0 -3.34854189257901E-15 1 -1.01552374850539E-16 -0.965925812721252 0.258819043636322 -1.01552374850539E-16 -0.965925812721252 0.258819043636322 0 -1 1.04083408558608E-14 0 -1 1.04083408558608E-14 0 -3.34854189257901E-15 1 1.89978886020327E-32 1.80700357669287E-16 1 1.89978886020327E-32 1.80700357669287E-16 1 1.89978886020327E-32 1.80700357669287E-16 1 1.89978886020327E-32 1.80700357669287E-16 1 2.72108771822627E-17 0.258819043636322 0.965925812721252 5.25673775585817E-17 0.5 0.866025388240814 2.72108771822627E-17 0.258819043636322 0.965925812721252 0 -1.0937957523494E-14 1 0 -1.0937957523494E-14 1 5.25673775585817E-17 0.5 0.866025388240814 7.43415009769988E-17 0.70710676908493 0.70710676908493 7.43415009769988E-17 0.70710676908493 0.70710676908493 9.10493714453777E-17 0.866025388240814 0.5 9.10493714453777E-17 0.866025388240814 0.5 1.01552374850539E-16 0.965925812721252 0.258819043636322 1.01552374850539E-16 0.965925812721252 0.258819043636322 0 1 1.04083408558608E-14 0 1 1.04083408558608E-14 -1 1.05134755117163E-16 0 -1 1.05134755117163E-16 0 -1 1.05134755117163E-16 0 -1 1.05134755117163E-16 0 -1 1.05134755117163E-16 0 -1 1.05134755117163E-16 0 -1 1.05134755117163E-16 0 -1 1.05134755117163E-16 0 -1 1.05134755117163E-16 0 -1 1.05134755117163E-16 0 -1 1.05134755117163E-16 0 -1 1.05134755117163E-16 0 -1 1.05134755117163E-16 0 -1 1.05134755117163E-16 0 -1 1.05134755117163E-16 0 -1 1.05134755117163E-16 0 -1 1.05134755117163E-16 0 -1 1.05134755117163E-16 0 -1 1.05134755117163E-16 0 -1 1.05134755117163E-16 0 -1 1.05134755117163E-16 0 -1 1.05134755117163E-16 0 -1 1.05134755117163E-16 0 -1 1.05134755117163E-16 0 -1 1.05134755117163E-16 0 -1.93129416592042E-32 -1.83697014652885E-16 1 2.72108771822627E-17 0.258819043636322 0.965925812721252 -1.93129416592042E-32 -1.83697014652885E-16 1 1.01552374850539E-16 0.965925812721252 0.258819043636322 9.10493714453777E-17 0.866025388240814 0.5 1.01552374850539E-16 0.965925812721252 0.258819043636322 9.10493714453777E-17 0.866025388240814 0.5 7.43415009769988E-17 0.70710676908493 0.70710676908493 7.43415009769988E-17 0.70710676908493 0.70710676908493 5.25673775585817E-17 0.5 0.866025388240814 5.25673775585817E-17 0.5 0.866025388240814 2.72108771822627E-17 0.258819043636322 0.965925812721252 -2.72108771822627E-17 -0.258819043636322 0.965925812721252 -2.72108771822627E-17 -0.258819043636322 0.965925812721252 -5.25673775585817E-17 -0.5 0.866025388240814 -5.25673775585817E-17 -0.5 0.866025388240814 -7.43415009769988E-17 -0.70710676908493 0.70710676908493 -7.43415009769988E-17 -0.70710676908493 0.70710676908493 -9.10493714453777E-17 -0.866025388240814 0.5 -9.10493714453777E-17 -0.866025388240814 0.5 -1.01552374850539E-16 -0.965925812721252 0.258819043636322 -1.01552374850539E-16 -0.965925812721252 0.258819043636322 -1.05134755117163E-16 -1 -1.22464685258517E-16 -1.05134755117163E-16 -1 -1.22464685258517E-16 -1.01552374850539E-16 -0.965925812721252 -0.258819043636322 -1.01552374850539E-16 -0.965925812721252 -0.258819043636322 -9.10493714453777E-17 -0.866025388240814 -0.5 -9.10493714453777E-17 -0.866025388240814 -0.5 -7.43415009769988E-17 -0.70710676908493 -0.70710676908493 -7.43415009769988E-17 -0.70710676908493 -0.70710676908493 -5.25673775585817E-17 -0.5 -0.866025388240814 -5.25673775585817E-17 -0.5 -0.866025388240814 -2.72108771822627E-17 -0.258819043636322 -0.965925812721252 -2.72108771822627E-17 -0.258819043636322 -0.965925812721252 6.43764697484008E-33 6.12323426292584E-17 -1 6.43764697484008E-33 6.12323426292584E-17 -1 2.72108771822627E-17 0.258819043636322 -0.965925812721252 2.72108771822627E-17 0.258819043636322 -0.965925812721252 5.25673775585817E-17 0.5 -0.866025388240814 5.25673775585817E-17 0.5 -0.866025388240814 7.43415009769988E-17 0.70710676908493 -0.70710676908493 7.43415009769988E-17 0.70710676908493 -0.70710676908493 9.10493714453777E-17 0.866025388240814 -0.5 9.10493714453777E-17 0.866025388240814 -0.5 1.01552374850539E-16 0.965925812721252 -0.258819043636322 1.01552374850539E-16 0.965925812721252 -0.258819043636322 1.22163631220217E-16 1 0 1.22163631220217E-16 1 0 -1 -1.24576192812234E-16 0 -1 -1.24576192812234E-16 0 -1 -1.24576192812234E-16 0 -1 -1.24576192812234E-16 0 -0.965925812721252 -0.258819043636322 0 -1 -1.24576192812234E-16 0 -1 -1.24576192812234E-16 0 -0.866025388240814 -0.5 0 -0.965925812721252 -0.258819043636322 0 -0.5 -0.866025388240814 0 -0.70710676908493 -0.70710676908493 0 -0.70710676908493 -0.70710676908493 0 -0.258819043636322 -0.965925812721252 0 -0.5 -0.866025388240814 0 -1.83697014652885E-16 -1 0 -0.258819043636322 -0.965925812721252 0 0.258819043636322 -0.965925812721252 0 -1.83697014652885E-16 -1 0 0.5 -0.866025388240814 0 0.258819043636322 -0.965925812721252 0 0.70710676908493 -0.70710676908493 0 0.5 -0.866025388240814 0 0.866025388240814 -0.5 0 0.70710676908493 -0.70710676908493 0 0.965925812721252 -0.258819043636322 0 0.866025388240814 -0.5 0 1 0 0 0.965925812721252 -0.258819043636322 0 1 0 0 -0.866025388240814 -0.5 0 1 0 0 1 0 0 1 0 0 1 0 0 0.996714949607849 0.0809893682599068 0 0.996714949607849 0.0809893682599068 0 0.996714949607849 0.0809893682599068 0 0.996714949607849 0.0809893682599068 0 0.996714949607849 0.0809893682599068 0 0.946248054504395 0.32344177365303 0 0.996714949607849 0.0809893682599068 0 0.996714949607849 0.0809893682599068 0 0.837747693061829 0.546057462692261 0 0.946248054504395 0.32344177365303 0 0.677868187427521 0.735183417797089 0 0.837747693061829 0.546057462692261 0 0.476415008306503 0.879220545291901 0 0.677868187427521 0.735183417797089 0 0.245743229985237 0.969334959983826 0 0.476415008306503 0.879220545291901 0 0 1 0 0.245743229985237 0.969334959983826 0 0 1 0 0 1 0 0 1 0 0 1 0 0 1 0 0 1 0 0 1 0 0 1 0 0 1 0 0 1 0 0 1 0 -0.258819043636322 0.965925812721252 0 -0.5 0.866025388240814 0 -0.5 0.866025388240814 0 0 1 0 -0.258819043636322 0.965925812721252 0 -0.70710676908493 0.70710676908493 0 -0.70710676908493 0.70710676908493 0 -0.866025388240814 0.5 0 -0.866025388240814 0.5 0 -0.965925812721252 0.258819043636322 0 -0.965925812721252 0.258819043636322 0 -1 0 6.3080851746809E-15 -1 0 6.3080851746809E-15 0 1 0 -1 0 0 -1 0 0 -1 0 0 -1 0 0 -1 0 0 -1 0 0 -1 0 0 -1 0 0 -1 0 0 -1 0 0 -1 0 0 -1 0 0 -1 0 0 -1 0 0 -1 0 0 -1 0 0 -1 0 0 -1 0 0 -1 0 0 -1 0 0 -1 0 0 -1 0 0 -1 0 0 -1 0 0 -1 0 0 -1 0 0 -1 0 0 -1 0 0 -1 0 0 -1 0 0 -1 0 0 -1 0 0 -1 0 0 -1 0 0 -1 0 0 -1 0 0 -1 0 0 -1 0 0 -1 0 0 -1 0 0 -1 0 0 -1 0 0 -1 0 0 -1 0 0 -1 0 0 -1 0 0 -1 0 0 -1 0 0 -1 0 0 -1 0 0 -1 0 0 -1 0 0 -1 0 0 -1 0 0 -1 0 0 -1 0 0 -0.623489797115326 -0.781831502914429 0 -0.433883726596832 -0.900968849658966 0 -0.433883726596832 -0.900968849658966 0 -0.97492790222168 -0.222520932555199 0 -0.900968849658966 -0.433883726596832 0 -0.900968849658966 -0.433883726596832 0 -0.781831502914429 -0.623489797115326 0 -0.781831502914429 -0.623489797115326 0 -0.623489797115326 -0.781831502914429 0 -0.222520932555199 -0.97492790222168 0 -0.222520932555199 -0.97492790222168 0 -0.97492790222168 -0.222520932555199 0 -1 0 6.3080851746809E-15 -1 0 6.3080851746809E-15 0 -1 7.70988192722293E-15 0 -1 7.70988192722293E-15 0 -1 0 0 -1 0 0 -1 0 0 -1 0 0 -1 0 0 -1 0 0 0 1 0 0 1 0 0 1 0 0 1 1 0 0 1 0 0 1 0 0 1 0 0 0 0 -1 0 0 -1 0 0 -1 0 0 -1 -1 0 0 -1 0 0 -1 0 0 -1 0 0</float_array><technique_common><accessor count="2856" source="#bau0074335174-mesh-normals-array" stride="3"><param name="X" type="float" /><param name="Y" type="float" /><param name="Z" type="float" /></accessor></technique_common></source><vertices id="bau0074335174-mesh-vertices"><input semantic="POSITION" source="#bau0074335174-mesh-positions" /></vertices><triangles count="122" material="white-material"><input offset="0" semantic="VERTEX" source="#bau0074335174-mesh-vertices" /><input offset="1" semantic="NORMAL" source="#bau0074335174-mesh-normals" /><p>0 0 1 1 2 2 1 1 0 0 3 3 4 4 1 1 5 5 1 1 4 4 2 2 5 5 6 6 7 7 6 6 5 5 1 1 1 1 8 8 9 9 9 9 10 10 11 11 8 8 1 1 12 12 13 13 9 9 8 8 10 10 9 9 13 13 1 1 14 14 12 12 14 14 1 1 3 3 15 15 16 16 17 17 18 18 19 19 20 20 21 21 22 22 23 23 22 22 24 24 18 18 22 22 25 25 26 26 15 15 27 27 16 16 28 28 21 21 23 23 21 21 28 28 29 29 24 24 22 22 30 30 26 26 25 25 28 28 31 31 32 32 33 33 28 28 34 34 29 29 21 21 33 33 32 32 19 19 18 18 24 24 35 35 36 36 37 37 33 33 21 21 29 29 32 32 31 31 27 27 34 34 28 28 25 25 38 38 39 39 18 18 25 25 18 18 37 37 27 27 15 15 32 32 38 38 15 15 17 17 39 39 37 37 18 18 25 25 22 22 18 18 15 15 38 38 40 40 39 39 38 38 17 17 37 37 39 39 35 35 35 35 33 33 36 36 33 33 35 35 31 31 22 22 21 21 30 30 41 41 42 42 43 43 44 44 45 45 46 46 41 41 47 47 48 48 49 49 44 44 50 50 47 47 41 41 51 51 42 42 41 41 48 48 45 45 44 44 52 52 44 44 53 53 54 54 53 53 44 44 46 46 44 44 49 49 52 52 44 44 54 54 55 55 56 56 44 44 57 57 51 51 41 41 57 57 44 44 55 55 51 51 51 51 57 57 44 44 44 44 56 56 58 58 50 50 44 44 59 59 60 60 61 61 62 62 61 61 60 60 63 63 64 64 65 65 66 66 65 65 64 64 67 67 68 68 69 69 70 70 69 69 68 68 71 71 72 72 73 73 74 74 73 73 72 72 75 75 76 76 77 77 78 78 77 77 76 76 79 79 80 80 81 81 82 82 81 81 80 80 83 83 84 84 85 85 86 86 87 87 85 85 84 84 84 84 86 86 88 88 85 85 87 87 89 89 90 90 91 91 92 92 91 91 90 90 93 93 94 94 95 95 96 96 95 95 94 94 97 97 98 98 99 99 100 100 99 99 98 98 101 101 102 102 103 103 104 104 103 103 102 102 105 105 106 106 107 107 108 108 107 107 106 106 109 109 110 110 111 111 112 112 111 111 110 110 113 113 114 114 115 115 116 116 116 116 117 117 118 118 116 116 115 115 117 117 115 115 114 114 119 119 120 120 121 121 122 122 121 121 120 120 123 123 124 124 125 125 126 126 125 125 124 124 127 127 128 128 129 129 130 130 129 129 128 128 131 131 132 132 133 133 134 134 133 133 132 132 135 135 136 136 137 137 138 138 137 137 136 136 139 139 140 140 141 141 142 142 141 141 140 140 143 143 144 144 145 145 146 146 145 145 144 144 147 147 148 148 149 149 150 150 149 149 148 148 151 151 152 152 153 153 154 154 153 153 152 152 155 155 156 156 157 157 158 158 157 157 156 156 159 159 160 160 161 161 162 162 163 163 160 160 164 164 161 161 160 160 165 165 163 163 164 164 166 166 160 160 163 163 165 165 167 167 168 168 169 169 168 168 170 170 171 171 170 170 172 172 171 171 170 170 168 168 167 167 172 172 170 170 173 173</p></triangles><triangles count="2307" material="zincplated-material"><input offset="0" semantic="VERTEX" source="#bau0074335174-mesh-vertices" /><input offset="1" semantic="NORMAL" source="#bau0074335174-mesh-normals" /><p>174 174 175 175 176 176 177 177 174 174 178 178 174 174 177 177 175 175 179 179 180 180 181 181 180 180 182 182 183 183 182 182 180 180 179 179 184 184 185 185 186 186 187 187 185 185 184 184 185 185 187 187 188 188 189 189 190 190 191 191 190 190 189 189 192 192 193 193 194 194 195 195 194 194 193 193 196 196 197 197 198 198 199 199 200 200 201 201 197 197 202 202 197 197 201 201 198 198 197 197 202 202 203 203 204 204 205 205 204 204 203 203 200 200 201 201 200 200 203 203 206 206 197 197 199 199 197 197 206 206 207 207 208 208 209 209 210 210 209 209 208 208 211 211 212 212 213 213 214 214 215 215 213 213 216 216 213 213 215 215 214 214 213 213 212 212 217 217 218 218 219 219 220 220 221 221 220 220 222 222 213 213 217 217 219 219 219 219 218 218 213 213 220 220 221 221 218 218 223 223 224 224 225 225 226 226 225 225 227 227 225 225 226 226 223 223 228 228 229 229 230 230 231 231 232 232 233 233 224 224 223 223 234 234 234 234 235 235 224 224 229 229 228 228 236 236 237 237 233 233 232 232 232 232 231 231 238 238 236 236 239 239 229 229 237 237 236 236 233 233 229 229 240 240 234 234 239 239 236 236 237 237 240 240 229 229 239 239 241 241 227 227 235 235 240 240 238 238 242 242 235 235 234 234 240 240 238 238 240 240 232 232 243 243 240 240 242 242 240 240 244 244 235 235 244 244 240 240 243 243 241 241 235 235 244 244 227 227 241 241 226 226 245 245 246 246 247 247 248 248 247 247 246 246 249 249 250 250 251 251 251 251 252 252 253 253 247 247 248 248 251 251 246 246 13 13 8 8 251 251 254 254 255 255 251 251 256 256 249 249 254 254 251 251 248 248 257 257 249 249 258 258 250 250 249 249 259 259 249 249 257 257 260 260 249 249 260 260 259 259 256 256 251 251 253 253 252 252 251 251 255 255 13 13 246 246 245 245 261 261 262 262 263 263 262 262 261 261 264 264 262 262 265 265 266 266 262 262 264 264 267 267 268 268 269 269 270 270 271 271 262 262 267 267 263 263 262 262 272 272 273 273 262 262 274 274 262 262 273 273 272 272 275 275 262 262 276 276 276 276 269 269 268 268 262 262 275 275 274 274 269 269 276 276 262 262 265 265 262 262 277 277 262 262 271 271 277 277 278 278 279 279 280 280 280 280 279 279 281 281 282 282 279 279 283 283 284 284 285 285 282 282 286 286 287 287 284 284 288 288 289 289 286 286 290 290 291 291 288 288 292 292 293 293 290 290 294 294 295 295 292 292 296 296 297 297 294 294 298 298 299 299 296 296 299 299 298 298 300 300 297 297 296 296 299 299 295 295 294 294 297 297 293 293 292 292 295 295 291 291 290 290 293 293 289 289 288 288 291 291 287 287 286 286 289 289 285 285 284 284 287 287 279 279 282 282 285 285 283 283 301 301 302 302 303 303 283 283 279 279 283 283 303 303 304 304 303 303 279 279 305 305 305 305 279 279 278 278 283 283 302 302 306 306 301 301 283 283 304 304 307 307 308 308 309 309 310 310 311 311 312 312 313 313 314 314 315 315 316 316 317 317 318 318 307 307 319 319 320 320 314 314 313 313 307 307 318 318 321 321 322 322 314 314 323 323 324 324 307 307 325 325 326 326 307 307 327 327 328 328 318 318 329 329 330 330 316 316 318 318 322 322 314 314 331 331 332 332 333 333 334 334 335 335 325 325 310 310 312 312 326 326 336 336 307 307 327 327 307 307 320 320 307 307 337 337 308 308 329 329 318 318 338 338 321 321 318 318 330 330 316 316 339 339 317 317 314 314 340 340 341 341 323 323 314 314 332 332 342 342 343 343 344 344 345 345 346 346 347 347 348 348 349 349 350 350 351 351 345 345 352 352 353 353 354 354 355 355 356 356 357 357 358 358 359 359 360 360 361 361 361 361 360 360 362 362 363 363 360 360 364 364 362 362 360 360 365 365 363 363 364 364 366 366 367 367 364 364 368 368 369 369 364 364 370 370 360 360 363 363 365 365 371 371 313 313 372 372 364 364 367 367 366 366 373 373 364 364 374 374 374 374 360 360 375 375 360 360 374 374 364 364 376 376 356 356 377 377 378 378 379 379 380 380 343 343 342 342 381 381 342 342 382 382 383 383 345 345 384 384 346 346 385 385 345 345 347 347 350 350 386 386 387 387 388 388 389 389 345 345 354 354 353 353 351 351 353 353 390 390 391 391 356 356 392 392 357 357 393 393 356 356 358 358 380 380 394 394 378 378 395 395 356 356 380 380 382 382 342 342 344 344 396 396 342 342 383 383 345 345 397 397 384 384 386 386 350 350 388 388 350 350 398 398 399 399 400 400 388 388 350 350 333 333 401 401 334 334 333 333 402 402 403 403 325 325 307 307 310 310 404 404 405 405 406 406 319 319 307 307 336 336 407 407 307 307 328 328 408 408 409 409 339 339 314 314 410 410 411 411 331 331 338 338 318 318 333 333 324 324 401 401 402 402 333 333 335 335 310 310 412 412 413 413 406 406 414 414 415 415 416 416 326 326 406 406 337 337 307 307 407 407 339 339 417 417 418 418 339 339 316 316 419 419 314 314 420 420 410 410 340 340 314 314 411 411 421 421 314 314 341 341 324 324 333 333 314 314 310 310 422 422 412 412 311 311 310 310 413 413 414 414 406 406 326 326 404 404 406 406 415 415 336 336 326 326 416 416 339 339 423 423 424 424 339 339 425 425 408 408 307 307 420 420 314 314 426 426 314 314 421 421 310 310 427 427 422 422 404 404 428 428 405 405 423 423 339 339 419 419 429 429 430 430 431 431 313 313 371 371 432 432 433 433 313 313 429 429 313 313 432 432 429 429 433 433 356 356 342 342 430 430 429 429 432 432 364 364 369 369 368 368 381 381 356 356 434 434 435 435 356 356 436 436 356 356 393 393 377 377 345 345 351 351 353 353 345 345 385 385 437 437 356 356 381 381 342 342 313 313 433 433 342 342 356 356 433 433 438 438 356 356 376 376 436 436 345 345 439 439 352 352 356 356 395 395 434 434 345 345 440 440 342 342 425 425 339 339 418 418 408 408 441 441 442 442 420 420 307 307 309 309 338 338 314 314 426 426 310 310 443 443 427 427 428 428 444 444 445 445 417 417 339 339 446 446 447 447 448 448 449 449 450 450 451 451 447 447 452 452 453 453 454 454 455 455 456 456 453 453 439 439 345 345 389 389 353 353 457 457 390 390 458 458 392 392 356 356 356 356 459 459 394 394 378 378 460 460 379 379 342 342 397 397 345 345 398 398 350 350 387 387 348 348 350 350 399 399 461 461 345 345 437 437 457 457 353 353 355 355 458 458 353 353 462 462 459 459 356 356 435 435 394 394 380 380 356 356 463 463 464 464 460 460 397 397 342 342 465 465 466 466 467 467 468 468 469 469 447 447 449 449 353 353 458 458 470 470 392 392 458 458 462 462 471 471 460 460 378 378 348 348 468 468 349 349 313 313 315 315 372 372 472 472 333 333 310 310 473 473 474 474 475 475 472 472 476 476 477 477 478 478 479 479 480 480 310 310 481 481 482 482 483 483 484 484 485 485 450 450 486 486 484 484 447 447 469 469 486 486 364 364 373 373 487 487 360 360 359 359 488 488 488 488 489 489 490 490 440 440 345 345 491 491 492 492 458 458 356 356 493 493 494 494 495 495 492 492 496 496 497 497 498 498 431 431 430 430 499 499 500 500 501 501 364 364 502 502 370 370 487 487 451 451 364 364 389 389 388 388 400 400 463 463 460 460 471 471 468 468 348 348 503 503 466 466 468 468 503 503 464 464 504 504 505 505 506 506 507 507 467 467 508 508 509 509 505 505 467 467 510 510 506 506 505 505 511 511 512 512 504 504 464 464 463 463 467 467 513 513 510 510 506 506 514 514 515 515 516 516 505 505 504 504 505 505 517 517 508 508 513 513 467 467 466 466 518 518 506 506 519 519 520 520 506 506 515 515 521 521 505 505 516 516 517 517 505 505 512 512 508 508 522 522 523 523 514 514 506 506 518 518 507 507 506 506 520 520 524 524 505 505 521 521 522 522 508 508 525 525 509 509 508 508 523 523 511 511 505 505 524 524 458 458 492 492 493 493 492 492 526 526 494 494 526 526 492 492 497 497 494 494 493 493 492 492 498 498 527 527 492 492 527 527 498 498 528 528 496 496 492 492 527 527 498 498 438 438 431 431 492 492 438 438 498 498 438 438 492 492 356 356 502 502 529 529 530 530 531 531 532 532 533 533 534 534 535 535 536 536 531 531 537 537 538 538 502 502 539 539 540 540 370 370 541 541 542 542 499 499 543 543 544 544 531 531 545 545 546 546 532 532 531 531 538 538 502 502 533 533 539 539 502 502 547 547 548 548 502 502 549 549 550 550 551 551 370 370 542 542 499 499 552 552 543 543 553 553 499 499 544 544 499 499 545 545 531 531 531 531 554 554 537 537 533 533 502 502 531 531 555 555 556 556 557 557 529 529 502 502 548 548 549 549 502 502 530 530 370 370 558 558 559 559 370 370 552 552 499 499 499 499 560 560 500 500 545 545 499 499 501 501 554 554 531 531 546 546 557 557 561 561 562 562 486 486 450 450 447 447 484 484 483 483 450 450 563 563 307 307 564 564 540 540 547 547 502 502 502 502 565 565 566 566 502 502 567 567 565 565 370 370 568 568 569 569 558 558 370 370 551 551 536 536 570 570 534 534 571 571 370 370 536 536 560 560 499 499 553 553 572 572 557 557 540 540 555 555 557 557 562 562 573 573 540 540 557 557 531 531 574 574 575 575 370 370 576 576 369 369 451 451 450 450 502 502 448 448 447 447 451 451 567 567 502 502 550 550 370 370 577 577 568 568 578 578 370 370 569 569 370 370 570 570 536 536 579 579 580 580 581 581 552 552 370 370 571 571 561 561 557 557 572 572 582 582 583 583 584 584 547 547 540 540 573 573 541 541 370 370 578 578 570 570 370 370 559 559 579 579 581 581 534 534 535 535 534 534 581 581 555 555 584 584 556 556 370 370 585 585 577 577 502 502 585 585 370 370 579 579 586 586 580 580 584 584 555 555 587 587 584 584 588 588 589 589 585 585 502 502 566 566 586 586 590 590 591 591 592 592 584 584 587 587 584 584 593 593 582 582 594 594 586 586 579 579 584 584 595 595 596 596 593 593 584 584 589 589 583 583 597 597 598 598 599 599 600 600 591 591 595 595 584 584 592 592 588 588 584 584 596 596 583 583 601 601 597 597 602 602 591 591 590 590 590 590 586 586 594 594 601 601 583 583 582 582 591 591 603 603 604 604 603 603 591 591 602 602 591 591 605 605 606 606 607 607 591 591 604 604 591 591 608 608 609 609 605 605 591 591 607 607 608 608 591 591 606 606 599 599 591 591 609 609 600 600 599 599 610 610 502 502 364 364 451 451 451 451 487 487 448 448 450 450 611 611 612 612 483 483 613 613 614 614 531 531 615 615 616 616 342 342 396 396 465 465 353 353 391 391 462 462 617 617 499 499 618 618 499 499 617 617 619 619 620 620 618 618 621 621 622 622 370 370 499 499 623 623 499 499 624 624 625 625 499 499 626 626 617 617 618 618 627 627 618 618 620 620 628 628 370 370 622 622 629 629 499 499 625 625 624 624 618 618 628 628 627 627 630 630 618 618 489 489 370 370 629 629 576 576 499 499 619 619 626 626 630 630 489 489 631 631 499 499 623 623 622 622 631 631 489 489 359 359 618 618 630 630 621 621 618 618 440 440 491 491 489 489 488 488 359 359 440 440 618 618 499 499 446 446 339 339 424 424 483 483 632 632 633 633 450 450 634 634 635 635 502 502 636 636 637 637 531 531 638 638 574 574 483 483 639 639 632 632 483 483 640 640 613 613 450 450 641 641 634 634 635 635 642 642 450 450 450 450 643 643 644 644 502 502 645 645 646 646 531 531 647 647 638 638 483 483 648 648 639 639 640 640 483 483 633 633 450 450 614 614 641 641 649 649 650 650 651 651 652 652 450 450 642 642 653 653 450 450 612 612 502 502 654 654 655 655 647 647 531 531 616 616 483 483 575 575 648 648 656 656 564 564 657 657 658 658 659 659 660 660 564 564 656 656 563 563 661 661 564 564 662 662 663 663 662 662 564 564 660 660 659 659 663 663 664 664 310 310 307 307 564 564 661 661 657 657 659 659 658 658 665 665 310 310 664 664 666 666 667 667 307 307 668 668 662 662 663 663 659 659 480 480 665 665 658 658 310 310 666 666 481 481 669 669 307 307 670 670 307 307 563 563 668 668 671 671 480 480 479 479 307 307 669 669 664 664 665 665 480 480 671 671 307 307 667 667 670 670 479 479 478 478 672 672 673 673 478 478 674 674 674 674 472 472 675 675 672 672 478 478 676 676 472 472 674 674 478 478 478 478 673 673 676 676 677 677 472 472 678 678 472 472 677 677 675 675 482 482 472 472 310 310 472 472 482 482 678 678 476 476 472 472 478 478 474 474 473 473 472 472 679 679 472 472 477 477 472 472 679 679 474 474 680 680 681 681 682 682 454 454 453 453 456 456 333 333 472 472 473 473 683 683 684 684 685 685 686 686 445 445 687 687 688 688 689 689 690 690 684 684 690 690 689 689 687 687 445 445 691 691 684 684 683 683 690 690 445 445 686 686 692 692 445 445 692 692 689 689 456 456 455 455 693 693 691 691 445 445 694 694 695 695 333 333 696 696 444 444 428 428 697 697 694 694 445 445 444 444 333 333 695 695 310 310 310 310 695 695 443 443 689 689 688 688 445 445 697 697 428 428 404 404 696 696 333 333 403 403 331 331 314 314 338 338 409 409 408 408 442 442 441 441 408 408 698 698 614 614 450 450 483 483 651 651 699 699 700 700 701 701 635 635 651 651 611 611 450 450 652 652 643 643 450 450 653 653 450 450 702 702 703 703 502 502 704 704 654 654 705 705 706 706 707 707 531 531 708 708 709 709 502 502 708 708 531 531 615 615 531 531 709 709 575 575 483 483 531 531 699 699 651 651 635 635 649 649 651 651 700 700 642 642 635 635 701 701 702 702 450 450 644 644 502 502 710 710 711 711 502 502 712 712 636 636 713 713 502 502 711 711 704 704 502 502 637 637 707 707 714 714 705 705 655 655 645 645 502 502 708 708 502 502 646 646 715 715 716 716 717 717 450 450 710 710 502 502 718 718 450 450 703 703 712 712 502 502 713 713 707 707 719 719 714 714 720 720 721 721 706 706 645 645 655 655 707 707 649 649 717 717 650 650 710 710 450 450 718 718 719 719 707 707 655 655 720 720 706 706 705 705 717 717 649 649 722 722 717 717 723 723 715 715 721 721 724 724 725 725 726 726 717 717 722 722 715 715 727 727 728 728 456 456 693 693 725 725 717 717 729 729 723 723 730 730 715 715 731 731 715 715 732 732 716 716 733 733 725 725 724 724 724 724 721 721 720 720 729 729 717 717 726 726 727 727 715 715 730 730 734 734 715 715 728 728 725 725 735 735 456 456 732 732 715 715 734 734 735 735 725 725 733 733 681 681 680 680 453 453 453 453 452 452 681 681 388 388 345 345 461 461 736 736 737 737 738 738 739 739 740 740 741 741 742 742 743 743 744 744 745 745 743 743 746 746 743 743 745 745 744 744 747 747 748 748 749 749 743 743 742 742 750 750 749 749 751 751 752 752 751 751 737 737 753 753 737 737 736 736 753 753 736 736 738 738 739 739 740 740 739 739 738 738 743 743 750 750 748 748 747 747 749 749 752 752 748 748 747 747 743 743 751 751 749 749 737 737 754 754 755 755 756 756 757 757 754 754 758 758 754 754 757 757 759 759 760 760 758 758 761 761 762 762 761 761 763 763 755 755 754 754 759 759 764 764 756 756 755 755 761 761 762 762 760 760 765 765 763 763 766 766 756 756 764 764 767 767 763 763 765 765 762 762 758 758 760 760 757 757 768 768 769 769 770 770 771 771 772 772 769 769 773 773 774 774 772 772 775 775 774 774 776 776 777 777 778 778 779 779 780 780 778 778 781 781 782 782 783 783 784 784 778 778 780 780 779 779 782 782 784 784 778 778 781 781 778 778 784 784 778 778 777 777 785 785 783 783 782 782 786 786 774 774 775 775 787 787 770 770 786 786 768 768 769 769 768 768 771 771 772 772 771 771 773 773 774 774 773 773 776 776 786 786 770 770 783 783 788 788 789 789 790 790 788 788 791 791 792 792 791 791 788 788 790 790 793 793 794 794 788 788 794 794 793 793 795 795 794 794 789 789 788 788 794 794 796 796 789 789 796 796 794 794 797 797 798 798 799 799 800 800 801 801 802 802 803 803 804 804 805 805 806 806 807 807 808 808 809 809 810 810 811 811 812 812 813 813 812 812 811 811 814 814 815 815 816 816 817 817 818 818 819 819 819 819 820 820 817 817 821 821 822 822 823 823 824 824 825 825 826 826 800 800 792 792 827 827 828 828 829 829 830 830 831 831 832 832 833 833 813 813 834 834 835 835 824 824 836 836 837 837 838 838 813 813 839 839 840 840 841 841 842 842 843 843 844 844 845 845 846 846 847 847 848 848 849 849 850 850 851 851 849 849 852 852 853 853 788 788 854 854 855 855 856 856 857 857 852 852 849 849 858 858 859 859 788 788 860 860 861 861 852 852 849 849 856 856 862 862 863 863 864 864 850 850 849 849 859 859 800 800 865 865 854 854 800 800 866 866 865 865 854 854 788 788 800 800 788 788 867 867 860 860 788 788 868 868 869 869 856 856 870 870 871 871 857 857 856 856 871 871 864 864 872 872 873 873 849 849 874 874 875 875 866 866 800 800 799 799 788 788 876 876 877 877 868 868 788 788 861 861 856 856 878 878 870 870 879 879 856 856 880 880 864 864 881 881 872 872 862 862 864 864 873 873 849 849 864 864 874 874 858 858 849 849 875 875 876 876 788 788 855 855 882 882 883 883 884 884 788 788 885 885 886 886 887 887 788 788 869 869 793 793 856 856 888 888 788 788 889 889 793 793 878 878 856 856 879 879 881 881 864 864 853 853 862 862 890 890 863 863 864 864 849 849 853 853 884 884 891 891 882 882 877 877 892 892 788 788 885 885 788 788 887 887 889 889 788 788 886 886 880 880 793 793 889 889 844 844 811 811 893 893 811 811 844 844 843 843 841 841 843 843 845 845 843 843 841 841 840 840 813 813 838 838 894 894 836 836 824 824 826 826 895 895 839 839 896 896 839 839 895 895 897 897 898 898 839 839 899 899 900 900 897 897 901 901 839 839 898 898 896 896 897 897 895 895 901 901 835 835 839 839 813 813 897 897 900 900 828 828 828 828 900 900 902 902 839 839 835 835 899 899 903 903 904 904 905 905 906 906 904 904 907 907 908 908 907 907 904 904 905 905 904 904 909 909 907 907 908 908 910 910 911 911 912 912 913 913 914 914 915 915 916 916 917 917 915 915 918 918 919 919 918 918 915 915 904 904 906 906 909 909 913 913 912 912 920 920 915 915 914 914 921 921 922 922 915 915 923 923 924 924 915 915 925 925 918 918 919 919 926 926 912 912 911 911 904 904 915 915 922 922 916 916 915 915 917 917 925 925 927 927 843 843 928 928 904 904 903 903 912 912 929 929 930 930 920 920 915 915 924 924 923 923 931 931 932 932 915 915 933 933 811 811 927 927 928 928 843 843 934 934 843 843 927 927 811 811 930 930 929 929 935 935 932 932 931 931 936 936 937 937 811 811 938 938 811 811 933 933 938 938 920 920 912 912 929 929 932 932 936 936 939 939 930 930 940 940 941 941 942 942 939 939 943 943 915 915 921 921 931 931 944 944 945 945 813 813 946 946 811 811 947 947 811 811 937 937 948 948 949 949 843 843 950 950 951 951 950 950 940 940 941 941 940 940 952 952 953 953 940 940 950 950 939 939 936 936 943 943 945 945 944 944 954 954 811 811 948 948 947 947 955 955 843 843 956 956 950 950 951 951 949 949 940 940 953 953 952 952 939 939 942 942 957 957 944 944 813 813 958 958 843 843 955 955 934 934 959 959 843 843 960 960 961 961 843 843 962 962 930 930 935 935 940 940 963 963 843 843 964 964 965 965 843 843 966 966 967 967 813 813 945 945 945 945 954 954 939 939 968 968 813 813 811 811 843 843 959 959 956 956 811 811 946 946 968 968 843 843 949 949 962 962 843 843 965 965 964 964 843 843 963 963 950 950 966 966 828 828 902 902 939 939 957 957 945 945 813 813 968 968 969 969 843 843 961 961 960 960 828 828 966 966 843 843 970 970 813 813 971 971 813 813 969 969 958 958 813 813 970 970 834 834 813 813 967 967 971 971 972 972 831 831 973 973 831 831 972 972 974 974 831 831 974 974 975 975 973 973 897 897 976 976 832 832 831 831 977 977 897 897 973 973 831 831 830 830 897 897 828 828 977 977 831 831 975 975 897 897 830 830 976 976 978 978 979 979 980 980 981 981 982 982 983 983 984 984 979 979 985 985 980 980 979 979 986 986 987 987 988 988 989 989 990 990 991 991 992 992 993 993 991 991 994 994 995 995 991 991 996 996 979 979 984 984 982 982 979 979 978 978 997 997 991 991 990 990 988 988 998 998 991 991 999 999 991 991 995 995 994 994 1000 1000 986 986 979 979 979 979 997 997 985 985 991 991 998 998 992 992 996 996 991 991 1001 1001 982 982 981 981 979 979 991 991 1002 1002 1001 1001 991 991 993 993 999 999 986 986 1000 1000 1003 1003 1004 1004 1005 1005 986 986 988 988 987 987 991 991 1005 1005 1004 1004 1006 1006 1002 1002 1007 1007 1008 1008 1009 1009 843 843 1010 1010 1010 1010 840 840 1011 1011 986 986 1003 1003 1004 1004 1012 1012 1008 1008 1013 1013 1002 1002 991 991 1007 1007 1014 1014 843 843 1015 1015 840 840 1010 1010 843 843 843 843 1009 1009 1015 1015 1016 1016 840 840 1017 1017 1018 1018 840 840 1019 1019 1005 1005 1020 1020 1021 1021 1008 1008 1007 1007 1013 1013 1022 1022 1023 1023 1024 1024 1024 1024 843 843 1025 1025 843 843 1014 1014 1026 1026 843 843 1026 1026 1027 1027 840 840 1016 1016 1011 1011 1018 1018 1019 1019 1028 1028 1021 1021 1020 1020 1029 1029 1030 1030 1020 1020 1019 1019 1031 1031 833 833 1032 1032 1008 1008 1012 1012 1033 1033 843 843 1024 1024 1023 1023 1034 1034 840 840 1035 1035 1036 1036 840 840 1037 1037 1028 1028 1019 1019 1020 1020 1020 1020 1030 1030 1029 1029 833 833 1031 1031 840 840 1038 1038 843 843 1023 1023 1023 1023 1022 1022 1008 1008 1039 1039 843 843 1040 1040 1041 1041 843 843 1027 1027 840 840 1034 1034 1017 1017 840 840 1036 1036 1042 1042 1005 1005 1006 1006 1020 1020 1032 1032 833 833 1043 1043 1044 1044 828 828 1045 1045 843 843 1038 1038 828 828 828 828 1038 1038 1045 1045 843 843 1039 1039 1025 1025 840 840 1018 1018 1037 1037 1043 1043 833 833 1046 1046 828 828 1044 1044 829 829 1008 1008 1033 1033 1023 1023 840 840 1042 1042 1035 1035 1046 1046 833 833 832 832 840 840 1031 1031 1019 1019 843 843 1041 1041 1040 1040 792 792 800 800 788 788 1047 1047 824 824 1048 1048 1048 1048 1049 1049 1050 1050 1049 1049 1048 1048 824 824 824 824 1047 1047 1051 1051 825 825 824 824 1052 1052 1050 1050 1049 1049 1053 1053 823 823 1049 1049 821 821 1052 1052 824 824 1051 1051 1049 1049 823 823 1053 1053 1049 1049 798 798 1054 1054 798 798 1049 1049 824 824 1054 1054 800 800 827 827 800 800 1054 1054 798 798 1055 1055 1056 1056 1057 1057 1056 1056 1055 1055 1058 1058 1059 1059 1060 1060 1061 1061 1062 1062 1063 1063 1064 1064 1065 1065 1063 1063 1066 1066 1067 1067 1068 1068 1069 1069 1057 1057 1056 1056 1070 1070 1060 1060 1059 1059 1071 1071 1072 1072 1070 1070 1056 1056 1063 1063 1065 1065 1064 1064 1073 1073 1068 1068 1074 1074 1069 1069 1068 1068 1075 1075 1076 1076 1068 1068 1077 1077 1056 1056 1058 1058 1078 1078 1070 1070 1072 1072 1061 1061 1068 1068 1073 1073 1063 1063 1068 1068 1076 1076 1075 1075 1061 1061 1060 1060 1070 1070 1068 1068 1067 1067 1074 1074 1077 1077 1079 1079 1080 1080 1056 1056 1078 1078 1081 1081 1082 1082 1083 1083 1056 1056 1079 1079 1077 1077 1068 1068 1084 1084 819 819 1085 1085 1083 1083 1082 1082 1086 1086 1080 1080 1079 1079 1087 1087 819 819 1084 1084 1088 1088 1088 1088 1084 1084 1089 1089 1056 1056 1081 1081 1082 1082 1063 1063 1062 1062 1068 1068 1083 1083 1090 1090 1091 1091 1087 1087 1079 1079 1092 1092 1088 1088 1089 1089 1093 1093 1094 1094 819 819 1095 1095 1091 1091 1090 1090 1096 1096 1087 1087 1097 1097 1098 1098 1099 1099 1088 1088 1100 1100 819 819 1094 1094 1085 1085 1101 1101 1102 1102 1103 1103 1083 1083 1086 1086 1090 1090 1104 1104 1103 1103 1102 1102 1105 1105 821 821 1106 1106 1107 1107 1098 1098 1108 1108 1087 1087 1092 1092 1097 1097 1098 1098 821 821 1109 1109 1110 1110 821 821 1099 1099 1100 1100 1088 1088 1111 1111 1112 1112 1088 1088 1113 1113 1095 1095 819 819 1114 1114 1102 1102 1101 1101 826 826 1103 1103 1104 1104 1096 1096 821 821 1105 1105 1115 1115 1098 1098 1097 1097 1108 1108 821 821 1110 1110 1109 1109 1111 1111 1088 1088 1116 1116 1088 1088 1093 1093 1113 1113 1117 1117 826 826 1118 1118 1096 1096 1090 1090 1103 1103 1119 1119 826 826 1120 1120 821 821 1115 1115 822 822 821 821 1098 1098 1106 1106 1088 1088 1112 1112 1116 1116 1121 1121 819 819 1117 1117 1118 1118 826 826 1122 1122 826 826 1119 1119 1102 1102 1123 1123 826 826 1124 1124 1098 1098 1107 1107 1106 1106 819 819 1121 1121 1114 1114 826 826 1101 1101 1122 1122 1124 1124 826 826 825 825 1088 1088 1099 1099 821 821 826 826 1123 1123 1120 1120 826 826 1117 1117 819 819 820 820 819 819 1125 1125 1125 1125 1088 1088 1126 1126 1088 1088 1125 1125 819 819 1127 1127 814 814 1128 1128 818 818 817 817 1129 1129 1130 1130 817 817 814 814 1128 1128 814 814 816 816 1129 1129 817 817 1131 1131 814 814 1127 1127 1130 1130 817 817 1130 1130 1131 1131 1132 1132 1133 1133 1134 1134 1135 1135 1136 1136 1134 1134 1133 1133 1132 1132 1137 1137 1136 1136 1135 1135 814 814 1133 1133 1137 1137 1138 1138 1134 1134 1136 1136 1132 1132 1133 1133 836 836 1139 1139 1140 1140 836 836 1141 1141 1141 1141 826 826 1142 1142 1133 1133 1138 1138 836 836 1143 1143 836 836 1144 1144 826 826 1141 1141 836 836 1145 1145 826 826 819 819 814 814 1135 1135 815 815 836 836 1140 1140 1144 1144 1145 1145 819 819 1146 1146 1147 1147 819 819 818 818 836 836 1143 1143 1139 1139 1148 1148 826 826 1149 1149 1150 1150 826 826 1151 1151 819 819 1147 1147 1146 1146 826 826 1148 1148 1142 1142 826 826 1145 1145 1151 1151 826 826 1150 1150 1149 1149 812 812 813 813 894 894 811 811 810 810 893 893 1152 1152 1153 1153 1154 1154 1153 1153 1152 1152 842 842 842 842 1155 1155 840 840 1154 1154 1153 1153 1156 1156 806 806 1153 1153 808 808 1157 1157 842 842 1158 1158 1153 1153 806 806 1156 1156 808 808 807 807 806 806 842 842 1152 1152 1158 1158 1155 1155 842 842 1157 1157 1159 1159 1160 1160 1161 1161 1161 1161 1160 1160 1162 1162 1163 1163 1160 1160 833 833 1162 1162 1160 1160 1164 1164 1163 1163 833 833 1165 1165 1166 1166 833 833 1167 1167 1168 1168 833 833 1169 1169 1160 1160 1163 1163 1164 1164 833 833 1168 1168 1167 1167 1170 1170 833 833 840 840 1171 1171 1160 1160 1172 1172 833 833 1166 1166 1165 1165 1170 1170 840 840 1173 1173 805 805 804 804 1174 1174 1160 1160 1171 1171 804 804 833 833 1170 1170 1169 1169 1175 1175 840 840 1155 1155 804 804 1171 1171 1174 1174 840 840 1175 1175 1173 1173 1160 1160 1159 1159 1172 1172 804 804 807 807 1176 1176 807 807 804 804 806 806 802 802 801 801 831 831 802 802 833 833 1160 1160 833 833 802 802 831 831 1177 1177 1178 1178 1179 1179 1180 1180 798 798 1177 1177 1179 1179 1178 1178 1181 1181 1178 1178 1177 1177 798 798 798 798 1180 1180 1182 1182 799 799 798 798 1183 1183 798 798 1182 1182 1183 1183 851 851 1178 1178 849 849 1178 1178 851 851 1181 1181 1178 1178 801 801 803 803 801 801 1178 1178 798 798 1184 1184 1185 1185 1186 1186 1187 1187 1185 1185 1188 1188 1189 1189 1190 1190 1191 1191 1186 1186 1185 1185 1192 1192 1188 1188 1185 1185 1193 1193 1194 1194 847 847 846 846 1190 1190 1189 1189 1195 1195 1196 1196 1197 1197 1198 1198 1185 1185 1187 1187 1192 1192 847 847 1194 1194 1199 1199 1190 1190 1195 1195 1200 1200 1201 1201 1197 1197 1202 1202 1198 1198 1197 1197 1203 1203 1204 1204 1197 1197 1205 1205 847 847 1199 1199 1185 1185 1197 1197 1201 1201 1190 1190 1197 1197 1204 1204 1203 1203 1185 1185 1184 1184 847 847 1197 1197 1196 1196 1202 1202 1197 1197 1206 1206 1205 1205 846 846 848 848 1207 1207 848 848 1208 1208 1207 1207 1206 1206 1197 1197 1209 1209 1208 1208 848 848 1210 1210 1206 1206 1209 1209 882 882 1208 1208 1210 1210 862 862 1190 1190 1200 1200 1197 1197 862 862 1210 1210 890 890 856 856 793 793 880 880 867 867 788 788 892 892 892 892 877 877 884 884 882 882 1209 1209 883 883 891 891 884 884 877 877 1211 1211 1212 1212 1213 1213 1212 1212 1211 1211 1214 1214 1215 1215 1216 1216 1217 1217 1216 1216 1215 1215 1218 1218 1219 1219 1220 1220 1221 1221 1222 1222 1220 1220 1223 1223 1220 1220 1219 1219 1224 1224 1220 1220 1222 1222 1221 1221 1225 1225 1226 1226 1227 1227 1226 1226 1225 1225 1228 1228 1226 1226 1229 1229 1227 1227 1229 1229 1226 1226 1230 1230 1231 1231 1227 1227 1229 1229 1227 1227 1231 1231 1232 1232 1233 1233 1234 1234 1235 1235 1236 1236 1237 1237 1238 1238 1237 1237 1239 1239 1240 1240 1237 1237 1241 1241 1242 1242 1233 1233 1243 1243 1244 1244 1237 1237 1240 1240 1238 1238 1233 1233 1245 1245 1241 1241 1246 1246 1237 1237 1242 1242 1247 1247 1248 1248 1249 1249 1237 1237 1250 1250 1251 1251 1252 1252 1253 1253 1254 1254 1248 1248 1247 1247 1255 1255 1255 1255 1247 1247 1256 1256 1257 1257 1248 1248 1258 1258 1241 1241 1237 1237 1233 1233 1245 1245 1233 1233 1244 1244 1239 1239 1237 1237 1246 1246 1250 1250 1237 1237 1236 1236 1259 1259 1250 1250 1260 1260 1254 1254 1253 1253 1261 1261 1234 1234 1233 1233 1248 1248 1250 1250 1259 1259 1262 1262 1253 1253 1252 1252 1250 1250 1263 1263 1253 1253 1255 1255 1264 1264 1265 1265 1266 1266 1267 1267 1268 1268 1269 1269 1248 1248 1233 1233 1258 1258 1250 1250 1252 1252 1260 1260 1270 1270 1253 1253 1271 1271 1272 1272 1253 1253 1273 1273 1263 1263 1255 1255 1274 1274 1275 1275 1255 1255 1276 1276 1277 1277 1265 1265 1278 1278 1266 1266 1265 1265 1279 1279 1269 1269 1268 1268 1280 1280 1281 1281 1268 1268 1282 1282 1250 1250 1262 1262 1283 1283 1253 1253 1272 1272 1271 1271 1255 1255 1275 1275 1274 1274 1284 1284 1255 1255 1256 1256 1265 1265 1264 1264 1278 1278 1248 1248 1257 1257 1249 1249 1285 1285 1286 1286 1253 1253 1287 1287 1282 1282 1288 1288 1289 1289 1282 1282 1290 1290 1291 1291 1282 1282 1268 1268 1243 1243 1233 1233 1235 1235 1251 1251 1250 1250 1283 1283 1282 1282 1287 1287 1292 1292 1293 1293 1294 1294 1255 1255 1285 1285 1253 1253 1250 1250 1292 1292 1295 1295 1282 1282 1253 1253 1286 1286 1296 1296 1295 1295 1292 1292 1294 1294 1282 1282 1291 1291 1290 1290 1265 1265 1277 1277 1286 1286 1253 1253 1263 1263 1273 1273 1255 1255 1294 1294 1248 1248 1268 1268 1267 1267 1297 1297 1282 1282 1289 1289 1288 1288 1286 1286 1285 1285 1265 1265 1255 1255 1284 1284 1276 1276 1253 1253 1270 1270 1261 1261 1294 1294 1293 1293 1295 1295 1268 1268 1281 1281 1280 1280 1298 1298 1299 1299 1300 1300 1299 1299 1298 1298 1301 1301 1302 1302 1303 1303 1304 1304 1303 1303 1302 1302 1305 1305 1306 1306 1307 1307 1308 1308 1306 1306 1309 1309 1310 1310 1309 1309 1306 1306 1308 1308 1307 1307 1306 1306 1311 1311 1312 1312 1313 1313 1314 1314 1312 1312 1315 1315 1316 1316 1317 1317 1318 1318 1319 1319 1312 1312 1320 1320 1321 1321 1322 1322 1312 1312 1321 1321 1312 1312 1323 1323 1324 1324 1313 1313 1312 1312 1316 1316 1317 1317 1314 1314 1318 1318 1312 1312 1325 1325 1323 1323 1315 1315 1312 1312 1324 1324 1326 1326 1312 1312 1327 1327 1325 1325 1312 1312 1326 1326 1314 1314 1317 1317 1312 1312 1312 1312 1322 1322 1327 1327 1320 1320 1312 1312 1328 1328 1329 1329 1330 1330 1331 1331 1330 1330 1329 1329 1332 1332 1332 1332 1329 1329 1333 1333 1333 1333 1334 1334 1332 1332 1334 1334 1333 1333 1335 1335 1336 1336 1337 1337 1338 1338 1339 1339 1340 1340 1338 1338 1340 1340 1339 1339 1341 1341 1342 1342 1343 1343 1344 1344 1345 1345 1346 1346 1337 1337 1346 1346 1345 1345 1347 1347 1343 1343 1342 1342 1341 1341 1337 1337 1336 1336 1345 1345 1341 1341 1339 1339 1343 1343 1338 1338 1340 1340 1336 1336 1348 1348 1349 1349 1350 1350 1349 1349 1348 1348 1351 1351 1352 1352 1353 1353 1354 1354 1353 1353 1352 1352 1355 1355 1356 1356 1357 1357 1358 1358 1359 1359 1360 1360 1361 1361 1362 1362 1359 1359 1363 1363 1364 1364 1365 1365 1366 1366 1357 1357 1356 1356 1367 1367 1361 1361 1367 1367 1356 1356 1365 1365 1364 1364 1363 1363 1359 1359 1362 1362 1360 1360 1367 1367 1361 1361 1360 1360 1362 1362 1363 1363 1364 1364 1368 1368 1369 1369 1370 1370 1371 1371 1372 1372 1373 1373 1369 1369 1368 1368 1374 1374 1369 1369 1374 1374 1371 1371 1372 1372 1371 1371 1374 1374 1375 1375 1376 1376 1377 1377 1378 1378 1379 1379 1380 1380 1379 1379 1378 1378 1381 1381 1382 1382 1380 1380 1379 1379 1376 1376 1375 1375 1382 1382 1380 1380 1382 1382 1375 1375 1383 1383 1384 1384 1385 1385 1384 1384 1383 1383 1386 1386 1387 1387 1388 1388 1389 1389 1388 1388 1387 1387 1390 1390 1391 1391 1392 1392 1393 1393 1392 1392 1391 1391 1394 1394 1395 1395 1396 1396 1397 1397 1396 1396 1395 1395 1398 1398 1399 1399 1400 1400 1401 1401 1400 1400 1399 1399 1402 1402 1403 1403 1404 1404 1405 1405 1404 1404 1403 1403 1406 1406 1407 1407 1408 1408 1409 1409 1408 1408 1407 1407 1410 1410 1411 1411 1412 1412 1413 1413 1412 1412 1411 1411 1414 1414 1415 1415 1416 1416 1417 1417 1416 1416 1415 1415 1418 1418 1419 1419 1420 1420 1421 1421 1420 1420 1419 1419 1422 1422 1423 1423 1424 1424 1425 1425 1426 1426 1423 1423 1427 1427 1424 1424 1428 1428 1425 1425 1429 1429 1430 1430 1431 1431 1432 1432 1429 1429 1431 1431 1429 1429 1432 1432 1433 1433 1428 1428 1424 1424 1434 1434 1424 1424 1423 1423 1426 1426 1430 1430 1429 1429 1435 1435 1428 1428 1433 1433 1432 1432 1433 1433 1428 1428 1434 1434 1436 1436 1437 1437 1438 1438 1437 1437 1436 1436 1439 1439 1440 1440 1438 1438 1437 1437 1438 1438 1440 1440 1441 1441 1442 1442 1443 1443 1444 1444 1445 1445 1444 1444 1446 1446 1443 1443 1442 1442 1447 1447 1444 1444 1445 1445 1442 1442 1448 1448 1449 1449 1450 1450 1451 1451 1450 1450 1452 1452 1453 1453 1454 1454 1455 1455 1451 1451 1456 1456 1457 1457 1456 1456 1451 1451 1452 1452 1449 1449 1448 1448 1458 1458 1454 1454 1453 1453 1459 1459 1454 1454 1449 1449 1458 1458 1450 1450 1451 1451 1448 1448 1449 1449 1454 1454 1459 1459 1460 1460 1461 1461 1462 1462 1463 1463 1460 1460 1464 1464 1460 1460 1463 1463 1461 1461 1465 1465 1466 1466 1467 1467 1468 1468 1469 1469 1470 1470 1469 1469 1468 1468 1465 1465 1466 1466 1465 1465 1468 1468 1471 1471 1472 1472 1473 1473 1474 1474 1475 1475 1476 1476 1477 1477 1478 1478 1479 1479 1478 1478 1472 1472 1479 1479 1475 1475 1480 1480 1471 1471 1472 1472 1471 1471 1480 1480 1478 1478 1477 1477 1481 1481 1472 1472 1478 1478 1473 1473 1475 1475 1474 1474 1482 1482 1480 1480 1475 1475 1482 1482 1483 1483 1484 1484 1485 1485 1484 1484 1483 1483 1486 1486 1487 1487 1485 1485 1484 1484 1485 1485 1487 1487 1488 1488 1489 1489 1490 1490 1491 1491 1490 1490 1489 1489 1492 1492 1493 1493 1492 1492 1494 1494 1492 1492 1493 1493 1490 1490 1495 1495 1496 1496 1497 1497 1498 1498 1499 1499 1500 1500 1499 1499 1498 1498 1501 1501 1501 1501 1496 1496 1495 1495 1496 1496 1501 1501 1498 1498 1502 1502 1503 1503 1504 1504 1503 1503 1502 1502 1505 1505 1506 1506 1507 1507 1508 1508 1509 1509 1506 1506 1510 1510 1510 1510 1511 1511 1509 1509 1511 1511 1510 1510 1512 1512 1506 1506 1509 1509 1507 1507 1513 1513 1514 1514 1515 1515 1515 1515 1514 1514 1516 1516 1514 1514 1513 1513 1517 1517 1515 1515 1516 1516 1518 1518 1519 1519 1520 1520 1521 1521 1520 1520 1519 1519 1522 1522 1523 1523 1524 1524 1525 1525 1525 1525 1526 1526 1523 1523 1524 1524 1523 1523 1527 1527 1526 1526 1525 1525 1528 1528 1529 1529 1530 1530 1531 1531 1531 1531 1530 1530 1532 1532 1530 1530 1529 1529 1533 1533 1534 1534 1535 1535 1536 1536 1535 1535 1534 1534 1537 1537 1538 1538 1539 1539 1540 1540 1541 1541 1538 1538 1542 1542 1538 1538 1541 1541 1539 1539 1543 1543 1544 1544 1545 1545 1546 1546 1543 1543 1547 1547 1546 1546 1547 1547 1548 1548 1543 1543 1546 1546 1544 1544 1549 1549 1550 1550 1551 1551 1550 1550 1549 1549 1552 1552 1553 1553 1554 1554 1555 1555 1556 1556 1554 1554 1553 1553 1554 1554 1556 1556 1557 1557 1557 1557 1556 1556 1558 1558 1559 1559 1560 1560 1561 1561 1562 1562 1560 1560 1563 1563 1560 1560 1562 1562 1561 1561 1564 1564 1563 1563 1565 1565 1563 1563 1564 1564 1562 1562 1560 1560 1559 1559 1566 1566 1567 1567 1568 1568 1569 1569 1568 1568 1567 1567 1570 1570 1571 1571 1569 1569 1568 1568 1572 1572 1573 1573 1571 1571 1574 1574 1575 1575 1572 1572 1576 1576 1577 1577 1574 1574 1569 1569 1571 1571 1573 1573 1573 1573 1572 1572 1575 1575 1575 1575 1574 1574 1577 1577 1577 1577 1576 1576 1578 1578 1579 1579 1580 1580 1581 1581 1582 1582 1583 1583 1579 1579 1584 1584 1585 1585 1582 1582 1580 1580 1579 1579 1583 1583 1583 1583 1582 1582 1585 1585 1585 1585 1584 1584 1586 1586 1586 1586 1587 1587 1588 1588 1588 1588 1589 1589 1590 1590 1587 1587 1586 1586 1584 1584 1589 1589 1588 1588 1587 1587 1591 1591 1592 1592 1593 1593 1592 1592 1591 1591 1594 1594 1595 1595 1596 1596 1597 1597 1598 1598 1599 1599 1600 1600 1596 1596 1595 1595 1601 1601 1597 1597 1602 1602 1603 1603 1599 1599 1603 1603 1602 1602 1596 1596 1601 1601 1604 1604 1599 1599 1605 1605 1603 1603 1602 1602 1597 1597 1606 1606 1597 1597 1596 1596 1606 1606 1605 1605 1599 1599 1598 1598 1607 1607 1608 1608 1609 1609 1610 1610 1611 1611 1612 1612 1607 1607 1609 1609 1613 1613 1614 1614 1615 1615 1616 1616 1612 1612 1611 1611 1617 1617 1615 1615 1614 1614 1618 1618 1611 1611 1616 1616 1615 1615 1611 1611 1610 1610 1616 1616 1608 1608 1607 1607 1614 1614 1614 1614 1607 1607 1618 1618 1619 1619 1620 1620 1621 1621 1622 1622 1621 1621 1623 1623 1624 1624 1623 1623 1625 1625 1626 1626 1625 1625 1627 1627 1628 1628 1627 1627 1629 1629 1630 1630 1629 1629 1631 1631 1632 1632 1631 1631 1633 1633 1634 1634 1633 1633 1635 1635 1636 1636 1637 1637 1638 1638 1637 1637 1636 1636 1620 1620 1639 1639 1640 1640 1641 1641 1640 1640 1639 1639 1642 1642 1635 1635 1642 1642 1634 1634 1633 1633 1634 1634 1632 1632 1631 1631 1632 1632 1630 1630 1629 1629 1630 1630 1628 1628 1627 1627 1628 1628 1626 1626 1625 1625 1626 1626 1624 1624 1623 1623 1624 1624 1622 1622 1621 1621 1622 1622 1619 1619 1620 1620 1619 1619 1637 1637 1638 1638 1643 1643 1636 1636 1642 1642 1635 1635 1640 1640 1643 1643 1638 1638 1644 1644 1645 1645 1646 1646 1647 1647 1646 1646 1645 1645 1648 1648 1649 1649 1650 1650 1651 1651 1651 1651 1652 1652 1653 1653 1653 1653 1654 1654 1655 1655 1656 1656 1657 1657 1649 1649 1658 1658 1659 1659 1656 1656 1660 1660 1661 1661 1658 1658 1662 1662 1663 1663 1660 1660 1664 1664 1665 1665 1662 1662 1666 1666 1667 1667 1664 1664 1668 1668 1669 1669 1666 1666 1670 1670 1671 1671 1668 1668 1672 1672 1673 1673 1670 1670 1673 1673 1672 1672 1674 1674 1671 1671 1670 1670 1673 1673 1669 1669 1668 1668 1671 1671 1667 1667 1666 1666 1669 1669 1665 1665 1664 1664 1667 1667 1663 1663 1662 1662 1665 1665 1661 1661 1660 1660 1663 1663 1659 1659 1658 1658 1661 1661 1657 1657 1656 1656 1659 1659 1650 1650 1649 1649 1657 1657 1652 1652 1651 1651 1650 1650 1654 1654 1653 1653 1652 1652 1675 1675 1676 1676 1677 1677 1676 1676 1675 1675 1678 1678 1679 1679 1680 1680 1681 1681 1682 1682 1683 1683 1680 1680 1684 1684 1685 1685 1683 1683 1686 1686 1687 1687 1685 1685 1688 1688 1689 1689 1687 1687 1690 1690 1691 1691 1689 1689 1692 1692 1693 1693 1691 1691 1694 1694 1695 1695 1693 1693 1696 1696 1697 1697 1695 1695 1698 1698 1699 1699 1697 1697 1700 1700 1701 1701 1699 1699 1702 1702 1703 1703 1701 1701 1703 1703 1702 1702 1704 1704 1701 1701 1700 1700 1702 1702 1699 1699 1698 1698 1700 1700 1697 1697 1696 1696 1698 1698 1695 1695 1694 1694 1696 1696 1693 1693 1692 1692 1694 1694 1691 1691 1690 1690 1692 1692 1689 1689 1688 1688 1690 1690 1687 1687 1686 1686 1688 1688 1685 1685 1684 1684 1686 1686 1683 1683 1682 1682 1684 1684 1680 1680 1679 1679 1682 1682 1705 1705 1706 1706 1707 1707 1706 1706 1705 1705 1708 1708 1709 1709 1710 1710 1711 1711 1712 1712 1713 1713 1710 1710 1714 1714 1715 1715 1713 1713 1716 1716 1717 1717 1715 1715 1718 1718 1719 1719 1717 1717 1720 1720 1721 1721 1719 1719 1722 1722 1723 1723 1721 1721 1724 1724 1725 1725 1723 1723 1726 1726 1727 1727 1725 1725 1728 1728 1729 1729 1727 1727 1730 1730 1731 1731 1729 1729 1732 1732 1733 1733 1731 1731 1733 1733 1732 1732 1734 1734 1731 1731 1730 1730 1732 1732 1729 1729 1728 1728 1730 1730 1727 1727 1726 1726 1728 1728 1725 1725 1724 1724 1726 1726 1723 1723 1722 1722 1724 1724 1721 1721 1720 1720 1722 1722 1719 1719 1718 1718 1720 1720 1717 1717 1716 1716 1718 1718 1715 1715 1714 1714 1716 1716 1713 1713 1712 1712 1714 1714 1710 1710 1709 1709 1712 1712 1735 1735 1736 1736 1737 1737 1736 1736 1735 1735 1738 1738 1739 1739 1740 1740 1741 1741 1742 1742 1743 1743 1739 1739 1744 1744 1745 1745 1742 1742 1746 1746 1747 1747 1744 1744 1748 1748 1749 1749 1746 1746 1750 1750 1751 1751 1748 1748 1752 1752 1753 1753 1750 1750 1754 1754 1755 1755 1752 1752 1756 1756 1757 1757 1754 1754 1758 1758 1759 1759 1756 1756 1760 1760 1761 1761 1758 1758 1762 1762 1763 1763 1760 1760 1763 1763 1762 1762 1764 1764 1761 1761 1760 1760 1763 1763 1759 1759 1758 1758 1761 1761 1757 1757 1756 1756 1759 1759 1755 1755 1754 1754 1757 1757 1753 1753 1752 1752 1755 1755 1751 1751 1750 1750 1753 1753 1749 1749 1748 1748 1751 1751 1747 1747 1746 1746 1749 1749 1745 1745 1744 1744 1747 1747 1743 1743 1742 1742 1745 1745 1740 1740 1739 1739 1743 1743 1765 1765 1766 1766 1767 1767 1766 1766 1765 1765 1768 1768 1769 1769 1770 1770 1771 1771 1772 1772 1773 1773 1774 1774 1775 1775 1774 1774 1776 1776 1777 1777 1776 1776 1778 1778 1779 1779 1778 1778 1780 1780 1781 1781 1780 1780 1782 1782 1783 1783 1782 1782 1784 1784 1785 1785 1784 1784 1786 1786 1787 1787 1786 1786 1788 1788 1789 1789 1788 1788 1790 1790 1791 1791 1790 1790 1792 1792 1771 1771 1792 1792 1769 1769 1770 1770 1769 1769 1793 1793 1792 1792 1771 1771 1791 1791 1790 1790 1791 1791 1789 1789 1788 1788 1789 1789 1787 1787 1786 1786 1787 1787 1785 1785 1784 1784 1785 1785 1783 1783 1782 1782 1783 1783 1781 1781 1780 1780 1781 1781 1779 1779 1778 1778 1779 1779 1777 1777 1776 1776 1777 1777 1775 1775 1774 1774 1775 1775 1772 1772 1773 1773 1772 1772 1794 1794 1795 1795 1796 1796 1797 1797 1796 1796 1795 1795 1798 1798 1799 1799 1800 1800 1801 1801 1802 1802 1803 1803 1800 1800 1804 1804 1805 1805 1803 1803 1806 1806 1807 1807 1805 1805 1808 1808 1809 1809 1807 1807 1810 1810 1811 1811 1809 1809 1812 1812 1813 1813 1811 1811 1814 1814 1815 1815 1813 1813 1816 1816 1817 1817 1815 1815 1818 1818 1819 1819 1817 1817 1820 1820 1821 1821 1819 1819 1800 1800 1799 1799 1802 1802 1803 1803 1802 1802 1804 1804 1805 1805 1804 1804 1806 1806 1807 1807 1806 1806 1808 1808 1809 1809 1808 1808 1810 1810 1811 1811 1810 1810 1812 1812 1813 1813 1812 1812 1814 1814 1815 1815 1814 1814 1816 1816 1817 1817 1816 1816 1818 1818 1819 1819 1818 1818 1820 1820 1821 1821 1820 1820 1822 1822 1823 1823 1822 1822 1824 1824 1822 1822 1823 1823 1821 1821 1825 1825 1826 1826 1827 1827 1826 1826 1825 1825 1828 1828 1829 1829 1830 1830 1831 1831 1832 1832 1833 1833 1834 1834 1835 1835 1836 1836 1837 1837 1838 1838 1839 1839 1835 1835 1830 1830 1829 1829 1838 1838 1840 1840 1831 1831 1830 1830 1841 1841 1842 1842 1840 1840 1843 1843 1844 1844 1841 1841 1845 1845 1846 1846 1843 1843 1847 1847 1848 1848 1845 1845 1849 1849 1850 1850 1847 1847 1851 1851 1852 1852 1849 1849 1834 1834 1853 1853 1851 1851 1831 1831 1840 1840 1842 1842 1833 1833 1832 1832 1854 1854 1853 1853 1834 1834 1833 1833 1852 1852 1851 1851 1853 1853 1850 1850 1849 1849 1852 1852 1848 1848 1847 1847 1850 1850 1836 1836 1835 1835 1839 1839 1846 1846 1845 1845 1848 1848 1844 1844 1843 1843 1846 1846 1842 1842 1841 1841 1844 1844 1839 1839 1838 1838 1829 1829 1855 1855 1856 1856 1857 1857 1856 1856 1855 1855 1858 1858 1859 1859 1860 1860 1861 1861 1862 1862 1863 1863 1864 1864 1865 1865 1861 1861 1866 1866 1863 1863 1862 1862 1867 1867 1864 1864 1868 1868 1862 1862 1860 1860 1859 1859 1868 1868 1861 1861 1865 1865 1859 1859 1866 1866 1869 1869 1865 1865 1870 1870 1871 1871 1869 1869 1872 1872 1873 1873 1871 1871 1874 1874 1875 1875 1873 1873 1876 1876 1877 1877 1875 1875 1878 1878 1879 1879 1877 1877 1880 1880 1881 1881 1879 1879 1869 1869 1866 1866 1870 1870 1882 1882 1883 1883 1881 1881 1883 1883 1882 1882 1884 1884 1881 1881 1880 1880 1882 1882 1879 1879 1878 1878 1880 1880 1877 1877 1876 1876 1878 1878 1875 1875 1874 1874 1876 1876 1873 1873 1872 1872 1874 1874 1871 1871 1870 1870 1872 1872 1868 1868 1864 1864 1860 1860 1885 1885 1886 1886 1887 1887 1886 1886 1885 1885 1888 1888 1889 1889 1890 1890 1891 1891 1892 1892 1893 1893 1890 1890 1894 1894 1895 1895 1893 1893 1896 1896 1897 1897 1895 1895 1898 1898 1899 1899 1897 1897 1900 1900 1901 1901 1899 1899 1902 1902 1903 1903 1901 1901 1904 1904 1905 1905 1903 1903 1906 1906 1907 1907 1905 1905 1908 1908 1909 1909 1907 1907 1910 1910 1911 1911 1909 1909 1911 1911 1910 1910 1912 1912 1909 1909 1908 1908 1910 1910 1907 1907 1906 1906 1908 1908 1905 1905 1904 1904 1906 1906 1903 1903 1902 1902 1904 1904 1901 1901 1900 1900 1902 1902 1899 1899 1898 1898 1900 1900 1897 1897 1896 1896 1898 1898 1895 1895 1894 1894 1896 1896 1893 1893 1892 1892 1894 1894 1890 1890 1889 1889 1892 1892 1891 1891 1913 1913 1889 1889 1913 1913 1891 1891 1914 1914 1915 1915 1916 1916 1917 1917 1916 1916 1915 1915 1918 1918 1919 1919 1920 1920 1921 1921 1922 1922 1923 1923 1919 1919 1924 1924 1925 1925 1922 1922 1926 1926 1927 1927 1924 1924 1928 1928 1929 1929 1926 1926 1921 1921 1930 1930 1931 1931 1932 1932 1933 1933 1934 1934 1935 1935 1936 1936 1932 1932 1937 1937 1938 1938 1935 1935 1939 1939 1940 1940 1937 1937 1941 1941 1942 1942 1939 1939 1934 1934 1943 1943 1928 1928 1942 1942 1941 1941 1944 1944 1940 1940 1939 1939 1942 1942 1938 1938 1937 1937 1940 1940 1936 1936 1935 1935 1938 1938 1933 1933 1932 1932 1936 1936 1943 1943 1934 1934 1933 1933 1929 1929 1928 1928 1943 1943 1927 1927 1926 1926 1929 1929 1925 1925 1924 1924 1927 1927 1923 1923 1922 1922 1925 1925 1920 1920 1919 1919 1923 1923 1930 1930 1921 1921 1920 1920 1945 1945 1946 1946 1947 1947 1946 1946 1945 1945 1948 1948 1949 1949 1950 1950 1951 1951 1952 1952 1951 1951 1953 1953 1954 1954 1953 1953 1955 1955 1956 1956 1955 1955 1957 1957 1958 1958 1957 1957 1959 1959 1960 1960 1959 1959 1961 1961 1962 1962 1961 1961 1963 1963 1964 1964 1963 1963 1965 1965 1963 1963 1964 1964 1962 1962 1961 1961 1962 1962 1960 1960 1966 1966 1967 1967 1950 1950 1968 1968 1969 1969 1970 1970 1955 1955 1956 1956 1954 1954 1953 1953 1954 1954 1952 1952 1951 1951 1952 1952 1949 1949 1950 1950 1949 1949 1966 1966 1967 1967 1966 1966 1971 1971 1972 1972 1971 1971 1973 1973 1970 1970 1973 1973 1968 1968 1957 1957 1958 1958 1956 1956 1969 1969 1968 1968 1974 1974 1959 1959 1960 1960 1958 1958 1973 1973 1970 1970 1972 1972 1971 1971 1972 1972 1967 1967 1975 1975 1976 1976 1977 1977 1976 1976 1975 1975 1978 1978 1979 1979 1980 1980 1981 1981 1982 1982 1983 1983 1984 1984 1985 1985 1986 1986 1983 1983 1987 1987 1988 1988 1986 1986 1989 1989 1990 1990 1988 1988 1991 1991 1992 1992 1990 1990 1993 1993 1994 1994 1992 1992 1995 1995 1996 1996 1994 1994 1997 1997 1981 1981 1996 1996 1998 1998 1999 1999 1980 1980 2000 2000 2001 2001 1999 1999 2002 2002 2003 2003 2001 2001 2003 2003 2002 2002 2004 2004 2001 2001 2000 2000 2002 2002 1999 1999 1998 1998 2000 2000 1980 1980 1979 1979 1998 1998 1981 1981 1997 1997 1979 1979 1996 1996 1995 1995 1997 1997 1994 1994 1993 1993 1995 1995 1992 1992 1991 1991 1993 1993 1990 1990 1989 1989 1991 1991 1988 1988 1987 1987 1989 1989 1986 1986 1985 1985 1987 1987 1983 1983 1982 1982 1985 1985 2005 2005 2006 2006 2007 2007 2006 2006 2005 2005 2008 2008 2009 2009 2010 2010 2011 2011 2012 2012 2013 2013 2009 2009 2014 2014 2015 2015 2012 2012 2016 2016 2017 2017 2014 2014 2018 2018 2019 2019 2016 2016 2020 2020 2021 2021 2018 2018 2022 2022 2023 2023 2020 2020 2024 2024 2025 2025 2022 2022 2026 2026 2027 2027 2024 2024 2028 2028 2029 2029 2026 2026 2030 2030 2031 2031 2028 2028 2032 2032 2033 2033 2030 2030 2033 2033 2032 2032 2034 2034 2031 2031 2030 2030 2033 2033 2029 2029 2028 2028 2031 2031 2027 2027 2026 2026 2029 2029 2025 2025 2024 2024 2027 2027 2023 2023 2022 2022 2025 2025 2021 2021 2020 2020 2023 2023 2019 2019 2018 2018 2021 2021 2017 2017 2016 2016 2019 2019 2015 2015 2014 2014 2017 2017 2010 2010 2009 2009 2013 2013 2013 2013 2012 2012 2015 2015 2035 2035 2036 2036 2037 2037 2036 2036 2035 2035 2038 2038 2039 2039 2040 2040 2041 2041 2040 2040 2039 2039 2042 2042 2041 2041 2043 2043 2039 2039 2044 2044 2045 2045 2043 2043 2046 2046 2047 2047 2045 2045 2048 2048 2049 2049 2047 2047 2050 2050 2051 2051 2049 2049 2052 2052 2053 2053 2051 2051 2054 2054 2055 2055 2053 2053 2056 2056 2057 2057 2055 2055 2058 2058 2059 2059 2057 2057 2060 2060 2061 2061 2059 2059 2062 2062 2063 2063 2061 2061 2063 2063 2062 2062 2064 2064 2061 2061 2060 2060 2062 2062 2059 2059 2058 2058 2060 2060 2057 2057 2056 2056 2058 2058 2055 2055 2054 2054 2056 2056 2051 2051 2050 2050 2052 2052 2049 2049 2048 2048 2050 2050 2047 2047 2046 2046 2048 2048 2045 2045 2044 2044 2046 2046 2043 2043 2041 2041 2044 2044 2053 2053 2052 2052 2054 2054 2065 2065 2066 2066 2067 2067 2066 2066 2065 2065 2068 2068 2069 2069 2070 2070 2071 2071 2072 2072 2073 2073 2070 2070 2074 2074 2075 2075 2073 2073 2076 2076 2077 2077 2075 2075 2078 2078 2079 2079 2077 2077 2080 2080 2081 2081 2079 2079 2082 2082 2083 2083 2081 2081 2084 2084 2085 2085 2083 2083 2086 2086 2087 2087 2085 2085 2088 2088 2089 2089 2087 2087 2090 2090 2091 2091 2089 2089 2092 2092 2093 2093 2091 2091 2091 2091 2090 2090 2092 2092 2089 2089 2088 2088 2090 2090 2087 2087 2086 2086 2088 2088 2085 2085 2084 2084 2086 2086 2083 2083 2082 2082 2084 2084 2081 2081 2080 2080 2082 2082 2079 2079 2078 2078 2080 2080 2077 2077 2076 2076 2078 2078 2075 2075 2074 2074 2076 2076 2073 2073 2072 2072 2074 2074 2070 2070 2069 2069 2072 2072 2093 2093 2092 2092 2094 2094 2095 2095 2096 2096 2097 2097 2096 2096 2095 2095 2098 2098 2099 2099 2100 2100 2101 2101 2102 2102 2103 2103 2104 2104 2105 2105 2106 2106 2102 2102 2107 2107 2108 2108 2105 2105 2109 2109 2110 2110 2107 2107 2111 2111 2112 2112 2109 2109 2113 2113 2114 2114 2111 2111 2115 2115 2116 2116 2113 2113 2117 2117 2118 2118 2115 2115 2119 2119 2120 2120 2117 2117 2121 2121 2122 2122 2119 2119 2101 2101 2123 2123 2121 2121 2106 2106 2105 2105 2108 2108 2100 2100 2099 2099 2124 2124 2123 2123 2101 2101 2100 2100 2122 2122 2121 2121 2123 2123 2120 2120 2119 2119 2122 2122 2118 2118 2117 2117 2120 2120 2116 2116 2115 2115 2118 2118 2114 2114 2113 2113 2116 2116 2112 2112 2111 2111 2114 2114 2110 2110 2109 2109 2112 2112 2108 2108 2107 2107 2110 2110 2103 2103 2102 2102 2106 2106 2125 2125 2126 2126 2127 2127 2126 2126 2125 2125 2128 2128 2129 2129 2130 2130 2131 2131 2132 2132 2133 2133 2134 2134 2135 2135 2136 2136 2133 2133 2137 2137 2138 2138 2136 2136 2139 2139 2140 2140 2138 2138 2141 2141 2142 2142 2140 2140 2143 2143 2144 2144 2142 2142 2145 2145 2146 2146 2144 2144 2147 2147 2148 2148 2146 2146 2149 2149 2150 2150 2148 2148 2151 2151 2152 2152 2150 2150 2153 2153 2131 2131 2152 2152 2133 2133 2132 2132 2135 2135 2130 2130 2129 2129 2154 2154 2131 2131 2153 2153 2129 2129 2152 2152 2151 2151 2153 2153 2150 2150 2149 2149 2151 2151 2148 2148 2147 2147 2149 2149 2146 2146 2145 2145 2147 2147 2144 2144 2143 2143 2145 2145 2142 2142 2141 2141 2143 2143 2140 2140 2139 2139 2141 2141 2138 2138 2137 2137 2139 2139 2136 2136 2135 2135 2137 2137 2155 2155 2156 2156 2157 2157 2156 2156 2155 2155 2158 2158 2159 2159 2160 2160 2161 2161 2162 2162 2163 2163 2164 2164 2165 2165 2166 2166 2163 2163 2167 2167 2168 2168 2166 2166 2169 2169 2170 2170 2168 2168 2171 2171 2172 2172 2170 2170 2173 2173 2174 2174 2172 2172 2160 2160 2159 2159 2174 2174 2161 2161 2175 2175 2159 2159 2176 2176 2177 2177 2175 2175 2178 2178 2179 2179 2177 2177 2180 2180 2181 2181 2179 2179 2182 2182 2183 2183 2181 2181 2183 2183 2182 2182 2184 2184 2181 2181 2180 2180 2182 2182 2179 2179 2178 2178 2180 2180 2177 2177 2176 2176 2178 2178 2175 2175 2161 2161 2176 2176 2174 2174 2173 2173 2160 2160 2172 2172 2171 2171 2173 2173 2170 2170 2169 2169 2171 2171 2168 2168 2167 2167 2169 2169 2166 2166 2165 2165 2167 2167 2163 2163 2162 2162 2165 2165 2185 2185 2186 2186 2187 2187 2186 2186 2185 2185 2188 2188 2189 2189 2190 2190 2191 2191 2192 2192 2193 2193 2189 2189 2194 2194 2195 2195 2192 2192 2196 2196 2197 2197 2194 2194 2198 2198 2199 2199 2196 2196 2200 2200 2201 2201 2198 2198 2202 2202 2203 2203 2200 2200 2204 2204 2205 2205 2202 2202 2206 2206 2207 2207 2204 2204 2208 2208 2209 2209 2206 2206 2210 2210 2211 2211 2208 2208 2212 2212 2213 2213 2210 2210 2213 2213 2212 2212 2214 2214 2211 2211 2210 2210 2213 2213 2209 2209 2208 2208 2211 2211 2207 2207 2206 2206 2209 2209 2205 2205 2204 2204 2207 2207 2203 2203 2202 2202 2205 2205 2201 2201 2200 2200 2203 2203 2199 2199 2198 2198 2201 2201 2197 2197 2196 2196 2199 2199 2195 2195 2194 2194 2197 2197 2193 2193 2192 2192 2195 2195 2190 2190 2189 2189 2193 2193 2215 2215 2216 2216 2217 2217 2216 2216 2215 2215 2218 2218 2219 2219 2220 2220 2221 2221 2222 2222 2223 2223 2220 2220 2224 2224 2225 2225 2223 2223 2226 2226 2227 2227 2225 2225 2228 2228 2229 2229 2227 2227 2230 2230 2231 2231 2229 2229 2232 2232 2233 2233 2231 2231 2234 2234 2235 2235 2233 2233 2236 2236 2237 2237 2235 2235 2238 2238 2239 2239 2237 2237 2240 2240 2241 2241 2239 2239 2242 2242 2243 2243 2241 2241 2243 2243 2242 2242 2244 2244 2241 2241 2240 2240 2242 2242 2239 2239 2238 2238 2240 2240 2237 2237 2236 2236 2238 2238 2235 2235 2234 2234 2236 2236 2233 2233 2232 2232 2234 2234 2231 2231 2230 2230 2232 2232 2229 2229 2228 2228 2230 2230 2227 2227 2226 2226 2228 2228 2225 2225 2224 2224 2226 2226 2223 2223 2222 2222 2224 2224 2220 2220 2219 2219 2222 2222 2245 2245 2246 2246 2247 2247 2246 2246 2245 2245 2248 2248 2249 2249 2250 2250 2251 2251 2252 2252 2253 2253 2250 2250 2254 2254 2255 2255 2253 2253 2256 2256 2257 2257 2255 2255 2258 2258 2259 2259 2257 2257 2260 2260 2261 2261 2259 2259 2262 2262 2263 2263 2261 2261 2264 2264 2265 2265 2263 2263 2266 2266 2267 2267 2265 2265 2268 2268 2269 2269 2267 2267 2270 2270 2271 2271 2269 2269 2272 2272 2273 2273 2271 2271 2273 2273 2272 2272 2274 2274 2271 2271 2270 2270 2272 2272 2269 2269 2268 2268 2270 2270 2267 2267 2266 2266 2268 2268 2265 2265 2264 2264 2266 2266 2263 2263 2262 2262 2264 2264 2261 2261 2260 2260 2262 2262 2259 2259 2258 2258 2260 2260 2257 2257 2256 2256 2258 2258 2255 2255 2254 2254 2256 2256 2253 2253 2252 2252 2254 2254 2250 2250 2249 2249 2252 2252 2275 2275 2276 2276 2277 2277 2276 2276 2275 2275 2278 2278 2279 2279 2280 2280 2281 2281 2282 2282 2283 2283 2279 2279 2284 2284 2285 2285 2282 2282 2286 2286 2287 2287 2284 2284 2288 2288 2289 2289 2286 2286 2290 2290 2291 2291 2288 2288 2292 2292 2293 2293 2290 2290 2294 2294 2295 2295 2292 2292 2296 2296 2297 2297 2294 2294 2298 2298 2299 2299 2296 2296 2300 2300 2301 2301 2298 2298 2302 2302 2303 2303 2300 2300 2303 2303 2302 2302 2304 2304 2301 2301 2300 2300 2303 2303 2299 2299 2298 2298 2301 2301 2297 2297 2296 2296 2299 2299 2295 2295 2294 2294 2297 2297 2293 2293 2292 2292 2295 2295 2291 2291 2290 2290 2293 2293 2289 2289 2288 2288 2291 2291 2287 2287 2286 2286 2289 2289 2285 2285 2284 2284 2287 2287 2280 2280 2279 2279 2283 2283 2283 2283 2282 2282 2285 2285 2305 2305 2306 2306 2307 2307 2306 2306 2305 2305 2308 2308 2309 2309 2310 2310 2311 2311 2312 2312 2311 2311 2313 2313 2314 2314 2313 2313 2315 2315 2316 2316 2315 2315 2317 2317 2318 2318 2317 2317 2319 2319 2320 2320 2319 2319 2321 2321 2322 2322 2321 2321 2323 2323 2324 2324 2323 2323 2325 2325 2323 2323 2324 2324 2322 2322 2326 2326 2327 2327 2328 2328 2319 2319 2320 2320 2318 2318 2317 2317 2318 2318 2316 2316 2315 2315 2316 2316 2314 2314 2313 2313 2314 2314 2312 2312 2311 2311 2312 2312 2309 2309 2310 2310 2309 2309 2329 2329 2330 2330 2329 2329 2331 2331 2328 2328 2331 2331 2326 2326 2327 2327 2326 2326 2332 2332 2333 2333 2332 2332 2334 2334 2321 2321 2322 2322 2320 2320 2331 2331 2328 2328 2330 2330 2332 2332 2333 2333 2327 2327 2329 2329 2330 2330 2310 2310 2335 2335 2336 2336 2337 2337 2336 2336 2335 2335 2338 2338 2339 2339 2340 2340 2341 2341 2342 2342 2343 2343 2340 2340 2344 2344 2345 2345 2343 2343 2346 2346 2347 2347 2345 2345 2348 2348 2349 2349 2347 2347 2350 2350 2351 2351 2349 2349 2352 2352 2353 2353 2351 2351 2354 2354 2355 2355 2353 2353 2356 2356 2357 2357 2355 2355 2358 2358 2359 2359 2357 2357 2360 2360 2361 2361 2359 2359 2362 2362 2363 2363 2361 2361 2364 2364 2365 2365 2363 2363 2366 2366 2367 2367 2368 2368 2369 2369 2368 2368 2370 2370 2371 2371 2370 2370 2372 2372 2373 2373 2372 2372 2374 2374 2375 2375 2374 2374 2376 2376 2377 2377 2376 2376 2378 2378 2379 2379 2378 2378 2380 2380 2381 2381 2380 2380 2382 2382 2383 2383 2341 2341 2384 2384 2382 2382 2385 2385 2381 2381 2380 2380 2381 2381 2379 2379 2378 2378 2379 2379 2377 2377 2376 2376 2377 2377 2375 2375 2386 2386 2384 2384 2367 2367 2374 2374 2375 2375 2373 2373 2372 2372 2373 2373 2371 2371 2370 2370 2371 2371 2369 2369 2343 2343 2342 2342 2344 2344 2345 2345 2344 2344 2346 2346 2347 2347 2346 2346 2348 2348 2349 2349 2348 2348 2350 2350 2351 2351 2350 2350 2352 2352 2353 2353 2352 2352 2354 2354 2355 2355 2354 2354 2356 2356 2357 2357 2356 2356 2358 2358 2359 2359 2358 2358 2360 2360 2340 2340 2339 2339 2342 2342 2361 2361 2360 2360 2362 2362 2384 2384 2386 2386 2383 2383 2367 2367 2366 2366 2386 2386 2368 2368 2369 2369 2366 2366 2385 2385 2382 2382 2365 2365 2341 2341 2383 2383 2339 2339 2365 2365 2364 2364 2385 2385 2363 2363 2362 2362 2364 2364 2387 2387 2388 2388 2389 2389 2390 2390 2391 2391 2392 2392 2393 2393 2394 2394 2391 2391 2395 2395 2396 2396 2394 2394 2397 2397 2398 2398 2396 2396 2399 2399 2400 2400 2398 2398 2401 2401 2402 2402 2400 2400 2403 2403 2404 2404 2402 2402 2405 2405 2406 2406 2404 2404 2407 2407 2408 2408 2406 2406 2388 2388 2387 2387 2408 2408 2389 2389 2409 2409 2387 2387 2410 2410 2411 2411 2409 2409 2392 2392 2412 2412 2390 2390 2391 2391 2390 2390 2393 2393 2394 2394 2393 2393 2395 2395 2396 2396 2395 2395 2397 2397 2398 2398 2397 2397 2399 2399 2400 2400 2399 2399 2401 2401 2402 2402 2401 2401 2403 2403 2404 2404 2403 2403 2405 2405 2406 2406 2405 2405 2407 2407 2408 2408 2407 2407 2388 2388 2413 2413 2414 2414 2411 2411 2409 2409 2389 2389 2410 2410 2411 2411 2410 2410 2413 2413 2414 2414 2413 2413 2415 2415 2416 2416 2415 2415 2417 2417 2418 2418 2417 2417 2419 2419 2420 2420 2419 2419 2421 2421 2422 2422 2421 2421 2423 2423 2424 2424 2423 2423 2425 2425 2426 2426 2425 2425 2427 2427 2428 2428 2427 2427 2429 2429 2430 2430 2429 2429 2431 2431 2432 2432 2431 2431 2433 2433 2434 2434 2433 2433 2412 2412 2433 2433 2434 2434 2432 2432 2431 2431 2432 2432 2430 2430 2429 2429 2430 2430 2428 2428 2427 2427 2428 2428 2426 2426 2425 2425 2426 2426 2424 2424 2423 2423 2424 2424 2422 2422 2421 2421 2422 2422 2420 2420 2419 2419 2420 2420 2418 2418 2417 2417 2418 2418 2416 2416 2415 2415 2416 2416 2414 2414 2412 2412 2392 2392 2434 2434 2435 2435 2436 2436 2437 2437 2438 2438 2439 2439 2436 2436 2440 2440 2441 2441 2439 2439 2442 2442 2443 2443 2441 2441 2444 2444 2445 2445 2446 2446 2447 2447 2448 2448 2445 2445 2449 2449 2450 2450 2443 2443 2451 2451 2452 2452 2450 2450 2453 2453 2454 2454 2448 2448 2454 2454 2453 2453 2455 2455 2448 2448 2447 2447 2453 2453 2445 2445 2444 2444 2447 2447 2446 2446 2456 2456 2444 2444 2457 2457 2458 2458 2456 2456 2459 2459 2460 2460 2458 2458 2461 2461 2462 2462 2460 2460 2463 2463 2464 2464 2462 2462 2465 2465 2466 2466 2464 2464 2456 2456 2446 2446 2457 2457 2458 2458 2457 2457 2459 2459 2460 2460 2459 2459 2461 2461 2462 2462 2461 2461 2463 2463 2464 2464 2463 2463 2465 2465 2466 2466 2465 2465 2467 2467 2468 2468 2467 2467 2469 2469 2470 2470 2469 2469 2471 2471 2472 2472 2471 2471 2473 2473 2474 2474 2473 2473 2475 2475 2476 2476 2475 2475 2477 2477 2478 2478 2477 2477 2479 2479 2480 2480 2479 2479 2481 2481 2482 2482 2481 2481 2452 2452 2455 2455 2437 2437 2454 2454 2467 2467 2468 2468 2466 2466 2437 2437 2455 2455 2435 2435 2436 2436 2435 2435 2438 2438 2439 2439 2438 2438 2440 2440 2441 2441 2440 2440 2442 2442 2443 2443 2442 2442 2449 2449 2450 2450 2449 2449 2451 2451 2452 2452 2451 2451 2482 2482 2481 2481 2482 2482 2480 2480 2479 2479 2480 2480 2478 2478 2477 2477 2478 2478 2476 2476 2475 2475 2476 2476 2474 2474 2473 2473 2474 2474 2472 2472 2471 2471 2472 2472 2470 2470 2469 2469 2470 2470 2468 2468 2483 2483 2484 2484 2485 2485 2484 2484 2483 2483 2486 2486 2484 2484 2487 2487 2488 2488 2484 2484 2488 2488 2489 2489 2484 2484 2489 2489 2490 2490 2484 2484 2490 2490 2491 2491 2484 2484 2491 2491 2492 2492 2484 2484 2492 2492 2493 2493 2484 2484 2493 2493 2494 2494 2484 2484 2494 2494 2495 2495 2484 2484 2495 2495 2496 2496 2484 2484 2496 2496 2497 2497 2484 2484 2498 2498 2485 2485 2484 2484 2499 2499 2498 2498 2484 2484 2500 2500 2499 2499 2484 2484 2501 2501 2500 2500 2484 2484 2502 2502 2501 2501 2484 2484 2503 2503 2502 2502 2484 2484 2504 2504 2503 2503 2484 2484 2505 2505 2504 2504 2484 2484 2506 2506 2505 2505 2484 2484 2497 2497 2507 2507 2484 2484 2507 2507 2506 2506 2484 2484 2486 2486 2487 2487 2508 2508 2509 2509 2510 2510 2509 2509 2508 2508 2511 2511 2512 2512 2513 2513 2514 2514 2515 2515 2516 2516 2517 2517 2513 2513 2518 2518 2514 2514 2519 2519 2520 2520 2521 2521 2522 2522 2523 2523 2524 2524 2525 2525 2526 2526 2522 2522 2527 2527 2528 2528 2529 2529 2521 2521 2530 2530 2519 2519 2531 2531 2526 2526 2525 2525 2532 2532 2516 2516 2515 2515 2518 2518 2533 2533 2534 2534 2530 2530 2521 2521 2523 2523 2520 2520 2519 2519 2535 2535 2533 2533 2518 2518 2536 2536 2537 2537 2534 2534 2538 2538 2518 2518 2513 2513 2539 2539 2528 2528 2527 2527 2526 2526 2526 2526 2518 2518 2523 2523 2534 2534 2537 2537 2518 2518 2523 2523 2522 2522 2526 2526 2516 2516 2532 2532 2513 2513 2518 2518 2526 2526 2514 2514 2523 2523 2521 2521 2524 2524 2526 2526 2531 2531 2528 2528 2513 2513 2512 2512 2516 2516 2536 2536 2518 2518 2539 2539 2540 2540 2541 2541 2542 2542 2541 2541 2540 2540 2543 2543 2544 2544 2545 2545 2546 2546 2545 2545 2544 2544 2547 2547 2548 2548 2547 2547 2549 2549 2550 2550 2549 2549 2551 2551 2552 2552 2551 2551 2553 2553 2554 2554 2553 2553 2555 2555 2556 2556 2555 2555 2557 2557 2547 2547 2548 2548 2545 2545 2549 2549 2550 2550 2548 2548 2551 2551 2552 2552 2550 2550 2553 2553 2554 2554 2552 2552 2555 2555 2556 2556 2554 2554 2558 2558 2559 2559 2560 2560 2559 2559 2558 2558 2561 2561 2562 2562 2563 2563 2564 2564 2565 2565 2564 2564 2566 2566 2563 2563 2562 2562 2567 2567 2567 2567 2568 2568 2563 2563 2569 2569 2570 2570 2568 2568 2568 2568 2567 2567 2569 2569 2571 2571 2566 2566 2572 2572 2573 2573 2572 2572 2574 2574 2572 2572 2573 2573 2571 2571 2566 2566 2571 2571 2565 2565 2570 2570 2569 2569 2575 2575 2564 2564 2565 2565 2562 2562 2576 2576 2577 2577 2578 2578 2577 2577 2576 2576 2579 2579 2580 2580 2581 2581 2582 2582 2583 2583 2584 2584 2581 2581 2585 2585 2586 2586 2584 2584 2587 2587 2588 2588 2586 2586 2589 2589 2582 2582 2590 2590 2591 2591 2590 2590 2592 2592 2590 2590 2591 2591 2589 2589 2582 2582 2589 2589 2580 2580 2581 2581 2580 2580 2583 2583 2584 2584 2583 2583 2585 2585 2586 2586 2585 2585 2587 2587 2588 2588 2587 2587 2593 2593 2594 2594 2595 2595 2596 2596 2595 2595 2594 2594 2597 2597 2598 2598 2599 2599 2600 2600 2601 2601 2600 2600 2602 2602 2600 2600 2601 2601 2598 2598 2599 2599 2598 2598 2603 2603 2604 2604 2603 2603 2605 2605 2606 2606 2605 2605 2607 2607 2608 2608 2607 2607 2609 2609 2610 2610 2609 2609 2611 2611 2605 2605 2606 2606 2604 2604 2607 2607 2608 2608 2606 2606 2609 2609 2610 2610 2608 2608 2603 2603 2604 2604 2599 2599 2612 2612 2613 2613 2614 2614 2612 2612 2615 2615 2616 2616 2617 2617 2612 2612 2618 2618 2612 2612 2617 2617 2619 2619 2612 2612 2619 2619 2620 2620 2612 2612 2620 2620 2621 2621 2612 2612 2621 2621 2622 2622 2612 2612 2622 2622 2623 2623 2612 2612 2623 2623 2624 2624 2612 2612 2624 2624 2625 2625 2612 2612 2625 2625 2626 2626 2612 2612 2626 2626 2627 2627 2612 2612 2627 2627 2613 2613 2612 2612 2616 2616 2618 2618 2612 2612 2614 2614 2628 2628 2612 2612 2628 2628 2629 2629 2612 2612 2629 2629 2630 2630 2612 2612 2630 2630 2631 2631 2612 2612 2631 2631 2632 2632 2612 2612 2632 2632 2633 2633 2612 2612 2633 2633 2634 2634 2612 2612 2634 2634 2635 2635 2612 2612 2635 2635 2636 2636 2612 2612 2636 2636 2615 2615 2637 2637 2638 2638 2639 2639 2640 2640 2641 2641 2642 2642 2643 2643 2644 2644 2641 2641 2645 2645 2646 2646 2644 2644 2647 2647 2648 2648 2646 2646 2638 2638 2637 2637 2648 2648 2639 2639 2649 2649 2637 2637 2650 2650 2651 2651 2649 2649 2652 2652 2653 2653 2651 2651 2654 2654 2655 2655 2653 2653 2656 2656 2657 2657 2655 2655 2658 2658 2659 2659 2657 2657 2660 2660 2661 2661 2659 2659 2662 2662 2663 2663 2661 2661 2664 2664 2665 2665 2663 2663 2666 2666 2667 2667 2665 2665 2668 2668 2669 2669 2667 2667 2670 2670 2671 2671 2669 2669 2672 2672 2673 2673 2671 2671 2674 2674 2675 2675 2673 2673 2676 2676 2677 2677 2675 2675 2678 2678 2679 2679 2677 2677 2680 2680 2681 2681 2679 2679 2682 2682 2683 2683 2681 2681 2683 2683 2682 2682 2684 2684 2681 2681 2680 2680 2682 2682 2679 2679 2678 2678 2680 2680 2677 2677 2676 2676 2678 2678 2675 2675 2674 2674 2676 2676 2673 2673 2672 2672 2674 2674 2671 2671 2670 2670 2672 2672 2669 2669 2668 2668 2670 2670 2667 2667 2666 2666 2668 2668 2665 2665 2664 2664 2666 2666 2663 2663 2662 2662 2664 2664 2661 2661 2660 2660 2662 2662 2659 2659 2658 2658 2660 2660 2657 2657 2656 2656 2658 2658 2655 2655 2654 2654 2656 2656 2653 2653 2652 2652 2654 2654 2651 2651 2650 2650 2652 2652 2649 2649 2639 2639 2650 2650 2648 2648 2647 2647 2638 2638 2646 2646 2645 2645 2647 2647 2644 2644 2643 2643 2645 2645 2641 2641 2640 2640 2643 2643 2642 2642 2684 2684 2640 2640 2684 2684 2642 2642 2683 2683</p></triangles><triangles count="149" material="oriongreymatt-material"><input offset="0" semantic="VERTEX" source="#bau0074335174-mesh-vertices" /><input offset="1" semantic="NORMAL" source="#bau0074335174-mesh-normals" /><p>2685 2685 2686 2686 2687 2687 2686 2686 2685 2685 2688 2688 2689 2689 2690 2690 2691 2691 2692 2692 2693 2693 2689 2689 2694 2694 2695 2695 2696 2696 2697 2697 2698 2698 2694 2694 2699 2699 2700 2700 2697 2697 2701 2701 2702 2702 2699 2699 2703 2703 2704 2704 2701 2701 2705 2705 2706 2706 2703 2703 2707 2707 2708 2708 2705 2705 2709 2709 2710 2710 2707 2707 2711 2711 2712 2712 2709 2709 2712 2712 2711 2711 2713 2713 2710 2710 2709 2709 2712 2712 2708 2708 2707 2707 2710 2710 2706 2706 2705 2705 2708 2708 2704 2704 2703 2703 2706 2706 2702 2702 2701 2701 2704 2704 2700 2700 2699 2699 2702 2702 2698 2698 2697 2697 2700 2700 2695 2695 2694 2694 2698 2698 2714 2714 2696 2696 2695 2695 2693 2693 2692 2692 2714 2714 2690 2690 2689 2689 2693 2693 2696 2696 2714 2714 2692 2692 2715 2715 2716 2716 2717 2717 2716 2716 2715 2715 2718 2718 2719 2719 2720 2720 2721 2721 2720 2720 2722 2722 2723 2723 2720 2720 2719 2719 2722 2722 2724 2724 2725 2725 2726 2726 2727 2727 2728 2728 2724 2724 2729 2729 2730 2730 2727 2727 2731 2731 2732 2732 2729 2729 2733 2733 2734 2734 2731 2731 2735 2735 2736 2736 2733 2733 2736 2736 2735 2735 2737 2737 2734 2734 2733 2733 2736 2736 2732 2732 2731 2731 2734 2734 2730 2730 2729 2729 2732 2732 2728 2728 2727 2727 2730 2730 2725 2725 2724 2724 2728 2728 2738 2738 2739 2739 2740 2740 2741 2741 2742 2742 2743 2743 2744 2744 2742 2742 2745 2745 2739 2739 2745 2745 2740 2740 2741 2741 2746 2746 2742 2742 2738 2738 2740 2740 2747 2747 2742 2742 2744 2744 2743 2743 2739 2739 2738 2738 2741 2741 2745 2745 2739 2739 2744 2744 2746 2746 2741 2741 2738 2738 2748 2748 2749 2749 2750 2750 2751 2751 2752 2752 2748 2748 2750 2750 2753 2753 2754 2754 2754 2754 2755 2755 2756 2756 2756 2756 2757 2757 2758 2758 2758 2758 2759 2759 2760 2760 2759 2759 2758 2758 2757 2757 2755 2755 2754 2754 2753 2753 2753 2753 2750 2750 2749 2749 2749 2749 2748 2748 2752 2752 2752 2752 2751 2751 2761 2761 2757 2757 2756 2756 2755 2755 2762 2762 2763 2763 2764 2764 2765 2765 2766 2766 2767 2767 2768 2768 2769 2769 2770 2770 2771 2771 2772 2772 2773 2773 2769 2769 2768 2768 2774 2774 2775 2775 2776 2776 2777 2777 2771 2771 2778 2778 2779 2779 2776 2776 2780 2780 2781 2781 2782 2782 2783 2783 2784 2784 2762 2762 2785 2785 2786 2786 2769 2769 2787 2787 2770 2770 2788 2788 2771 2771 2773 2773 2789 2789 2787 2787 2769 2769 2772 2772 2771 2771 2789 2789 2778 2778 2771 2771 2788 2788 2780 2780 2776 2776 2790 2790 2776 2776 2791 2791 2792 2792 2782 2782 2793 2793 2783 2783 2782 2782 2794 2794 2795 2795 2762 2762 2796 2796 2763 2763 2782 2782 2797 2797 2762 2762 2785 2785 2762 2762 2764 2764 2787 2787 2789 2789 2771 2771 2776 2776 2798 2798 2791 2791 2765 2765 2799 2799 2800 2800 2782 2782 2767 2767 2793 2793 2794 2794 2782 2782 2784 2784 2782 2782 2801 2801 2802 2802 2803 2803 2769 2769 2774 2774 2797 2797 2782 2782 2802 2802 2798 2798 2771 2771 2779 2779 2765 2765 2804 2804 2805 2805 2767 2767 2782 2782 2765 2765 2769 2769 2782 2782 2795 2795 2762 2762 2806 2806 2796 2796 2807 2807 2776 2776 2781 2781 2765 2765 2808 2808 2799 2799 2776 2776 2808 2808 2765 2765 2804 2804 2765 2765 2800 2800 2765 2765 2809 2809 2810 2810 2769 2769 2803 2803 2782 2782 2782 2782 2811 2811 2812 2812 2782 2782 2813 2813 2811 2811 2801 2801 2782 2782 2812 2812 2762 2762 2814 2814 2806 2806 2815 2815 2762 2762 2797 2797 2771 2771 2776 2776 2807 2807 2808 2808 2776 2776 2792 2792 2809 2809 2765 2765 2805 2805 2766 2766 2765 2765 2810 2810 2813 2813 2782 2782 2803 2803 2814 2814 2762 2762 2815 2815 2771 2771 2798 2798 2776 2776 2816 2816 2776 2776 2762 2762 2762 2762 2786 2786 2816 2816 2776 2776 2817 2817 2777 2777 2776 2776 2816 2816 2817 2817 2776 2776 2775 2775 2790 2790 2818 2818 2819 2819 2820 2820 2821 2821 2822 2822 2823 2823 2823 2823 2824 2824 2825 2825 2825 2825 2826 2826 2818 2818 2820 2820 2827 2827 2828 2828 2829 2829 2830 2830 2831 2831 2822 2822 2821 2821 2829 2829 2824 2824 2823 2823 2822 2822 2826 2826 2825 2825 2824 2824 2819 2819 2818 2818 2826 2826 2827 2827 2820 2820 2819 2819 2832 2832 2828 2828 2827 2827 2828 2828 2832 2832 2833 2833 2830 2830 2829 2829 2821 2821 2834 2834 2835 2835 2836 2836 2835 2835 2834 2834 2837 2837 2838 2838 2834 2834 2839 2839 2834 2834 2838 2838 2837 2837 2840 2840 2841 2841 2842 2842 2841 2841 2840 2840 2843 2843 2844 2844 2845 2845 2846 2846 2845 2845 2844 2844 2847 2847 2848 2848 2849 2849 2850 2850 2849 2849 2848 2848 2851 2851 2852 2852 2853 2853 2854 2854 2853 2853 2852 2852 2855 2855</p></triangles></mesh></geometry></library_geometries><library_visual_scenes><visual_scene id="VisualSceneNode" name="VisualSceneNode"><node id="Main-Component-Node1" name="bau0074335174"><instance_geometry url="#bau0074335174-mesh" name="bau0074335174"><bind_material><technique_common><instance_material symbol="white-material" target="#white-material" /><instance_material symbol="zincplated-material" target="#zincplated-material" /><instance_material symbol="oriongreymatt-material" target="#oriongreymatt-material" /></technique_common></bind_material></instance_geometry></node></visual_scene></library_visual_scenes><scene><instance_visual_scene url="#VisualSceneNode" /></scene></COLLADA>