<?xml version="1.0" encoding="utf-8"?><COLLADA xmlns:xsd="http://www.w3.org/2001/XMLSchema" xmlns:xsi="http://www.w3.org/2001/XMLSchema-instance" version="1.4.1" xmlns="http://www.collada.org/2005/11/COLLADASchema"><asset><contributor><author>bau05662</author><authoring_tool>Blum.Cape.SolidWorks.Export.Collada 25.0.0.0</authoring_tool></contributor><created>0001-01-01T00:00:00</created><modified>2026-02-17T16:53:21.1363926+01:00</modified><unit meter="0.001" name="millimeter" /></asset><library_effects><effect id="white-effect"><profile_COMMON><technique sid="common"><phong><emission><color sid="emission">0 0 0 0</color></emission><ambient><color sid="ambient">0.871849574807697 0.871849574807697 0.839396720452679 1</color></ambient><diffuse><color sid="diffuse">0.871849574807697 0.871849574807697 0.839396720452679 1</color></diffuse><specular><color sid="specular">0.991136764316137 0.991136764316137 0.991136764316137 1</color></specular><shininess><float sid="shininess">0.1</float></shininess><reflective><color sid="reflective">1 1 1 1</color></reflective><reflectivity><float sid="reflectivity">0</float></reflectivity><transparent><color>1 1 1 1</color></transparent><transparency><float sid="transparency">1</float></transparency><index_of_refraction><float sid="index_of_refraction">1</float></index_of_refraction></phong></technique></profile_COMMON></effect><effect id="zincplated-effect"><profile_COMMON><technique sid="common"><phong><emission><color sid="emission">0 0 0 0</color></emission><ambient><color sid="ambient">0.408975652376015 0.419604810831399 0.486751175550744 1</color></ambient><diffuse><color sid="diffuse">0.408975652376015 0.419604810831399 0.486751175550744 1</color></diffuse><specular><color sid="specular">0.991136764316137 0.991136764316137 0.991136764316137 1</color></specular><shininess><float sid="shininess">0.1</float></shininess><reflective><color sid="reflective">1 1 1 1</color></reflective><reflectivity><float sid="reflectivity">1</float></reflectivity><transparent><color>1 1 1 1</color></transparent><transparency><float sid="transparency">1</float></transparency><index_of_refraction><float sid="index_of_refraction">1</float></index_of_refraction></phong></technique></profile_COMMON></effect><effect id="oriongreymatt-effect"><profile_COMMON><technique sid="common"><phong><emission><color sid="emission">0 0 0 0</color></emission><ambient><color sid="ambient">0.113502777804244 0.116016134223458 0.106154548287322 1</color></ambient><diffuse><color sid="diffuse">0.113502777804244 0.116016134223458 0.106154548287322 1</color></diffuse><specular><color sid="specular">0.991136764316137 0.991136764316137 0.991136764316137 1</color></specular><shininess><float sid="shininess">0.1</float></shininess><reflective><color sid="reflective">1 1 1 1</color></reflective><reflectivity><float sid="reflectivity">0</float></reflectivity><transparent><color>1 1 1 1</color></transparent><transparency><float sid="transparency">1</float></transparency><index_of_refraction><float sid="index_of_refraction">1</float></index_of_refraction></phong></technique></profile_COMMON></effect></library_effects><library_materials><material id="white-material" name="white"><instance_effect url="#white-effect" /></material><material id="zincplated-material" name="zincplated"><instance_effect url="#zincplated-effect" /></material><material id="oriongreymatt-material" name="oriongreymatt"><instance_effect url="#oriongreymatt-effect" /></material></library_materials><library_geometries><geometry id="bau0234565898-mesh" name="bau0234565898"><mesh><source id="bau0234565898-mesh-positions"><float_array id="bau0234565898-mesh-positions-array" count="8880">-9.60000045597553 -7.30000017210841 -453.20001244545 -13.9499995857477 28.2000005245209 -453.20001244545 -7.90114048868418 -7.30000017210841 -453.20001244545 -13.9499995857477 39.2000004649162 -453.20001244545 -12.9001438617706 85.858941078186 -453.20001244545 -13.9499995857477 81.1000019311905 -453.20001244545 -12.949819676578 86.1318707466125 -453.20001244545 -18.6000000685453 -7.30000017210841 -453.20001244545 -18.6000000685453 28.2000005245209 -453.20001244545 -13.9499995857477 70.1000019907951 -453.20001244545 -18.6000000685453 39.2000004649162 -453.20001244545 -18.6000000685453 70.1000019907951 -453.20001244545 -18.6000000685453 81.1000019311905 -453.20001244545 -13.998563401401 86.9000032544136 -453.20001244545 -13.0661968141794 86.3836854696274 -453.20001244545 -13.2418721914291 86.5983814001083 -453.20001244545 -13.4656736627221 86.7623016238213 -453.20001244545 -13.7233678251505 86.865022778511 -453.20001244545 -18.6000000685453 86.9000032544136 -453.20001244545 -18.6000000685453 68.8076093792915 -443.36000084877 -18.6000000685453 38.6199988424778 -439.79999423027 -18.6000000685453 68.5371905565262 -438.199996948242 -18.6000000685453 70.6271305680275 -448.100000619888 -18.6000000685453 38.6199988424778 -447.800010442734 -18.6000000685453 80.212876200676 -448.100000619888 -18.6000000685453 81.1000019311905 -453.20001244545 -18.6000000685453 10.9323877841234 -443.36000084877 -18.6000000685453 28.6200009286404 -439.79999423027 -18.6000000685453 28.6200009286404 -447.800010442734 -18.6000000685453 9.11287218332291 -448.100000619888 -18.6000000685453 -7.30000017210841 -453.20001244545 -18.6000000685453 -0.472872576210648 -448.100000619888 -18.6000000685453 -6.59999996423721 -442.00000166893 -18.6000000685453 -7.30000017210841 -442.00000166893 -18.6000000685453 -2.56281229667366 -438.199996948242 -18.6000000685453 -6.59999996423721 -437.000006437302 -18.6000000685453 11.2028121948242 -438.199996948242 -18.6000000685453 70.1000019907951 -453.20001244545 -18.6000000685453 70.1000019907951 -454.328000545502 -18.6000000685453 82.0323899388313 -443.36000084877 -18.6000000685453 86.9000032544136 -437.000006437302 -18.6000000685453 86.9000032544136 -453.20001244545 -18.6000000685453 -2.2923881188035 -443.36000084877 -18.6000000685453 28.2000005245209 -453.20001244545 -18.6000000685453 39.2000004649162 -453.20001244545 -18.6000000685453 28.2000005245209 -454.328000545502 -18.6000000685453 81.1000019311905 -454.328000545502 -18.6000000685453 82.3028087615967 -438.199996948242 -18.6000000685453 39.2000004649162 -454.328000545502 -27.0000007003546 -18.1000009179115 -437.000006437302 -25.2000000327826 -6.59999996423721 -437.000006437302 -25.2000000327826 -18.1000009179115 -437.000006437302 -27.8693325817585 -17.4329373985529 -437.000006437302 -27.8999991714954 -17.2000005841255 -437.000006437302 -18.6000000685453 -6.59999996423721 -437.000006437302 -26.7999991774559 86.9000032544136 -437.000006437302 -18.6000000685453 86.9000032544136 -437.000006437302 -27.8999991714954 85.7999995350838 -437.000006437302 -27.0847007632256 86.8625193834305 -437.000006437302 -27.7794227004051 -17.6500007510185 -437.000006437302 -27.577817440033 86.5778177976608 -437.000006437302 -27.3499991744757 86.7526307702065 -437.000006437302 -27.4500008672476 -17.9794225841761 -437.000006437302 -27.6363957673311 -17.8363956511021 -437.000006437302 -27.7526285499334 86.3500013947487 -437.000006437302 -27.232937514782 -18.0693324655294 -437.000006437302 -27.8625190258026 86.0847011208534 -437.000006437302 -18.6000000685453 -2.56281229667366 -438.199996948242 -23.700000718236 -2.2923881188035 -443.36000084877 -18.6000000685453 -2.2923881188035 -443.36000084877 -23.700000718236 -2.56281229667366 -438.199996948242 -23.700000718236 11.2028121948242 -438.199996948242 -18.6000000685453 -2.56281229667366 -438.199996948242 -18.6000000685453 11.2028121948242 -438.199996948242 -23.700000718236 -2.56281229667366 -438.199996948242 -18.6000000685453 10.9323877841234 -443.36000084877 -23.700000718236 11.2028121948242 -438.199996948242 -18.6000000685453 11.2028121948242 -438.199996948242 -23.700000718236 10.9323877841234 -443.36000084877 -23.700000718236 10.9323877841234 -443.36000084877 -18.6000000685453 9.11287218332291 -448.100000619888 -23.700000718236 9.11287218332291 -448.100000619888 -18.6000000685453 10.9323877841234 -443.36000084877 -23.700000718236 -0.472872576210648 -448.100000619888 -18.6000000685453 9.11287218332291 -448.100000619888 -18.6000000685453 -0.472872576210648 -448.100000619888 -23.700000718236 9.11287218332291 -448.100000619888 -23.700000718236 -2.2923881188035 -443.36000084877 -18.6000000685453 -0.472872576210648 -448.100000619888 -18.6000000685453 -2.2923881188035 -443.36000084877 -23.700000718236 -0.472872576210648 -448.100000619888 -23.700000718236 10.9323877841234 -443.36000084877 -23.700000718236 -2.56281229667366 -438.199996948242 -23.700000718236 11.2028121948242 -438.199996948242 -23.700000718236 9.11287218332291 -448.100000619888 -23.700000718236 -2.2923881188035 -443.36000084877 -23.700000718236 -0.472872576210648 -448.100000619888 -23.700000718236 68.8076093792915 -443.36000084877 -18.6000000685453 68.5371905565262 -438.199996948242 -23.700000718236 68.5371905565262 -438.199996948242 -18.6000000685453 68.8076093792915 -443.36000084877 -23.700000718236 68.5371905565262 -438.199996948242 -18.6000000685453 82.3028087615967 -438.199996948242 -23.700000718236 82.3028087615967 -438.199996948242 -18.6000000685453 68.5371905565262 -438.199996948242 -18.6000000685453 82.3028087615967 -438.199996948242 -23.700000718236 82.0323899388313 -443.36000084877 -23.700000718236 82.3028087615967 -438.199996948242 -18.6000000685453 82.0323899388313 -443.36000084877 -23.700000718236 80.212876200676 -448.100000619888 -18.6000000685453 82.0323899388313 -443.36000084877 -18.6000000685453 80.212876200676 -448.100000619888 -23.700000718236 82.0323899388313 -443.36000084877 -23.700000718236 80.212876200676 -448.100000619888 -18.6000000685453 70.6271305680275 -448.100000619888 -23.700000718236 70.6271305680275 -448.100000619888 -18.6000000685453 80.212876200676 -448.100000619888 -23.700000718236 68.8076093792915 -443.36000084877 -18.6000000685453 70.6271305680275 -448.100000619888 -18.6000000685453 68.8076093792915 -443.36000084877 -23.700000718236 70.6271305680275 -448.100000619888 -23.700000718236 82.0323899388313 -443.36000084877 -23.700000718236 68.5371905565262 -438.199996948242 -23.700000718236 82.3028087615967 -438.199996948242 -23.700000718236 80.212876200676 -448.100000619888 -23.700000718236 68.8076093792915 -443.36000084877 -23.700000718236 70.6271305680275 -448.100000619888 -18.6000000685453 38.6199988424778 -447.800010442734 -22.7000005543232 38.6199988424778 -439.79999423027 -18.6000000685453 38.6199988424778 -439.79999423027 -22.7000005543232 38.6199988424778 -447.800010442734 -22.7000005543232 28.6200009286404 -447.800010442734 -18.6000000685453 38.6199988424778 -447.800010442734 -18.6000000685453 28.6200009286404 -447.800010442734 -22.7000005543232 38.6199988424778 -447.800010442734 -18.6000000685453 28.6200009286404 -447.800010442734 -22.7000005543232 28.6200009286404 -439.79999423027 -22.7000005543232 28.6200009286404 -447.800010442734 -18.6000000685453 28.6200009286404 -439.79999423027 -22.7000005543232 38.6199988424778 -439.79999423027 -18.6000000685453 28.6200009286404 -439.79999423027 -18.6000000685453 38.6199988424778 -439.79999423027 -22.7000005543232 28.6200009286404 -439.79999423027 -22.7000005543232 38.6199988424778 -439.79999423027 -22.7000005543232 28.6200009286404 -447.800010442734 -22.7000005543232 28.6200009286404 -439.79999423027 -22.7000005543232 38.6199988424778 -447.800010442734 -13.9499995857477 28.2000005245209 -453.913182020187 -13.9499995857477 39.2000004649162 -453.20001244545 -13.9499995857477 28.2000005245209 -453.20001244545 -13.9499995857477 39.2000004649162 -453.913182020187 -13.9499995857477 39.2000004649162 -453.913182020187 -16.1893758922815 28.2000005245209 -456.152558326721 -16.1893758922815 39.2000004649162 -456.152558326721 -13.9499995857477 28.2000005245209 -453.913182020187 -16.1893758922815 39.2000004649162 -456.152558326721 -22.6000007241964 28.2000005245209 -455.816596746445 -22.6000007241964 39.2000004649162 -455.816596746445 -16.1893758922815 28.2000005245209 -456.152558326721 -22.6000007241964 39.2000004649162 -455.816596746445 -22.6000007241964 28.2000005245209 -454.397827386856 -22.6000007241964 39.2000004649162 -454.397827386856 -22.6000007241964 28.2000005245209 -455.816596746445 -22.6000007241964 28.2000005245209 -454.397827386856 -18.6000000685453 39.2000004649162 -454.328000545502 -22.6000007241964 39.2000004649162 -454.397827386856 -18.6000000685453 28.2000005245209 -454.328000545502 -18.6000000685453 39.2000004649162 -454.328000545502 -22.6000007241964 39.2000004649162 -455.816596746445 -22.6000007241964 39.2000004649162 -454.397827386856 -13.9499995857477 39.2000004649162 -453.913182020187 -16.1893758922815 39.2000004649162 -456.152558326721 -18.6000000685453 39.2000004649162 -453.20001244545 -13.9499995857477 39.2000004649162 -453.20001244545 -22.6000007241964 28.2000005245209 -455.816596746445 -18.6000000685453 28.2000005245209 -454.328000545502 -22.6000007241964 28.2000005245209 -454.397827386856 -13.9499995857477 28.2000005245209 -453.913182020187 -16.1893758922815 28.2000005245209 -456.152558326721 -18.6000000685453 28.2000005245209 -453.20001244545 -13.9499995857477 28.2000005245209 -453.20001244545 -13.9499995857477 70.1000019907951 -453.20001244545 -13.9499995857477 81.1000019311905 -453.913182020187 -13.9499995857477 81.1000019311905 -453.20001244545 -13.9499995857477 70.1000019907951 -453.913182020187 -13.9499995857477 81.1000019311905 -453.913182020187 -16.1893758922815 70.1000019907951 -456.152558326721 -16.1893758922815 81.1000019311905 -456.152558326721 -13.9499995857477 70.1000019907951 -453.913182020187 -22.6000007241964 81.1000019311905 -455.816596746445 -16.1893758922815 70.1000019907951 -456.152558326721 -22.6000007241964 70.1000019907951 -455.816596746445 -16.1893758922815 81.1000019311905 -456.152558326721 -22.6000007241964 70.1000019907951 -454.397827386856 -22.6000007241964 81.1000019311905 -455.816596746445 -22.6000007241964 70.1000019907951 -455.816596746445 -22.6000007241964 81.1000019311905 -454.397827386856 -18.6000000685453 70.1000019907951 -454.328000545502 -22.6000007241964 81.1000019311905 -454.397827386856 -22.6000007241964 70.1000019907951 -454.397827386856 -18.6000000685453 81.1000019311905 -454.328000545502 -18.6000000685453 81.1000019311905 -454.328000545502 -13.9499995857477 81.1000019311905 -453.913182020187 -16.1893758922815 81.1000019311905 -456.152558326721 -18.6000000685453 81.1000019311905 -453.20001244545 -13.9499995857477 81.1000019311905 -453.20001244545 -22.6000007241964 81.1000019311905 -455.816596746445 -22.6000007241964 81.1000019311905 -454.397827386856 -22.6000007241964 70.1000019907951 -455.816596746445 -18.6000000685453 70.1000019907951 -454.328000545502 -22.6000007241964 70.1000019907951 -454.397827386856 -13.9499995857477 70.1000019907951 -453.913182020187 -18.6000000685453 70.1000019907951 -453.20001244545 -16.1893758922815 70.1000019907951 -456.152558326721 -13.9499995857477 70.1000019907951 -453.20001244545 -29.899999499321 -35.1999998092651 -40.0000028312206 -29.899999499321 -34.4999991357327 -47.4404320120811 -29.899999499321 -35.1999998092651 -46.8530617654324 -29.899999499321 -34.4999991357327 -32.0595689117908 -29.899999499321 -35.1999998092651 -32.6469391584396 -29.899999499321 -34.4999991357327 -181.500002741814 -34.400001168251 -35.1999998092651 -181.500002741814 -34.400001168251 -34.4999991357327 -181.500002741814 -29.899999499321 -35.1999998092651 -181.500002741814 -38.4881645441055 -35.1999998092651 -121.275000274181 -39.9605855345726 -35.7359163463116 -145.810768008232 -38.4881645441055 -35.1999998092651 -147.283181548119 -39.9605855345726 -35.7359163463116 -80.807238817215 -38.4881645441055 -35.1999998092651 -83.2249969244003 -38.4881645441055 -35.1999998092651 -79.3348103761673 -40.1999987661839 -35.0781343877316 -145.571351051331 -39.9605855345726 -35.7359163463116 -80.807238817215 -40.1999987661839 -35.0781343877316 -81.0466483235359 -39.9605855345726 -35.7359163463116 -145.810768008232 -38.6115908622742 -34.4999991357327 -121.275000274181 -40.1999987661839 -35.0781343877316 -81.0466483235359 -38.6115908622742 -34.4999991357327 -79.4582441449165 -40.1999987661839 -35.0781343877316 -145.571351051331 -38.6115908622742 -34.4999991357327 -147.15975522995 -39.4320525228977 -35.5435460805893 31.7331627011299 -39.6318510174751 -35.6162674725056 31.2508009374142 -39.2867065966129 -35.4906469583511 31.9506861269474 -39.1142144799232 -35.4278646409512 32.1473740041256 -38.6999994516373 -35.2771021425724 32.4652120471001 -38.4881645441055 -35.1999998092651 4.72500175237656 -39.9605855345726 -35.7359163463116 -20.6860639154911 -38.4881645441055 -35.1999998092651 -22.1584867686033 -39.9605855345726 -35.7359163463116 30.0239473581314 -38.4881645441055 -35.1999998092651 32.5875170528889 -39.5477600395679 -35.5856604874134 31.4985290169716 -39.9605855345726 -35.7359163463116 -20.6860639154911 -40.1999987661839 -35.0781343877316 29.1304402053356 -40.1999987661839 -35.0781343877316 -20.4466488212347 -39.9605855345726 -35.7359163463116 30.0239473581314 -40.1999987661839 -35.0781343877316 29.1304402053356 -38.6115908622742 -34.4999991357327 32.5162559747696 -38.6115908622742 -34.4999991357327 4.72500175237656 -40.1999987661839 -35.0781343877316 -20.4466488212347 -38.6115908622742 -34.4999991357327 -22.0350567251444 -39.6318510174751 -34.8713435232639 31.2508009374142 -38.6999994516373 -34.5321781933308 32.4652120471001 -39.1142144799232 -34.6829406917095 32.1473740041256 -39.2867065966129 -34.7457230091095 31.9506861269474 -39.4320525228977 -34.7986221313477 31.7331627011299 -39.5477600395679 -34.8407365381718 31.4985290169716 -25.2000000327826 -34.4999991357327 4.72500175237656 -25.2000000327826 -28.4950006753206 19.3499997258186 -25.2000000327826 -28.4950006753206 10.3500001132488 -25.2000000327826 -34.4999991357327 35.5000011622906 -25.2000000327826 -24.5050005614758 19.3499997258186 -25.2000000327826 -34.4999991357327 -432.500004768372 -25.2000000327826 -28.4950006753206 -421.440005302429 -25.2000000327826 -32.2999991476536 -432.500004768372 -25.2000000327826 -18.1000009179115 35.5000011622906 -25.2000000327826 -24.5050005614758 10.3500001132488 -25.2000000327826 -18.1000009179115 -437.000006437302 -25.2000000327826 -6.59999996423721 -442.00000166893 -25.2000000327826 -32.2999991476536 -442.00000166893 -25.2000000327826 -28.4950006753206 -430.559992790222 -25.2000000327826 -34.4999991357327 -404.000014066696 -25.2000000327826 -24.5050005614758 -430.559992790222 -25.2000000327826 -24.5050005614758 -421.440005302429 -25.2000000327826 -34.4999991357327 -63.7250021100044 -25.2000000327826 -34.4999991357327 -121.275000274181 -25.2000000327826 -34.4999991357327 -189.724996685982 -25.2000000327826 -34.4999991357327 -249.274998903275 -25.2000000327826 -34.4999991357327 -317.999988794327 -25.2000000327826 -6.59999996423721 -437.000006437302 -7.87500012665987 -42.0129150152206 -453.20001244545 -7.55000021308661 -42.1000011265278 -453.20001244545 -7.71823246032 -42.0778505504131 -453.20001244545 -8.17785132676363 -41.6182316839695 -453.20001244545 -8.11291672289371 -41.7749993503094 -453.20001244545 -8.00961907953024 -41.9096201658249 -453.20001244545 -7.38176750019193 -42.0778505504131 -453.20001244545 -8.20000004023314 -41.4500012993813 -453.20001244545 -7.22499983385205 -42.0129150152206 -453.20001244545 -7.0903804153204 -41.9096201658249 -453.20001244545 -6.9870837032795 -41.7749993503094 -453.20001244545 -6.92214816808701 -41.6182316839695 -453.20001244545 -6.89999992027879 -41.4500012993813 -453.20001244545 -6.89999992027879 -25.9567573666573 -453.20001244545 -8.20000004023314 -35.1499989628792 -453.20001244545 -9.60000045597553 -35.1499989628792 -453.20001244545 -25.2000000327826 -34.4999991357327 35.5000011622906 -24.8265918344259 -35.3228971362114 35.5000011622906 -24.649066850543 -35.0792594254017 35.5000011622906 -24.5378650724888 -34.7990654408932 35.5000011622906 -24.4999993592501 -34.4999991357327 35.5000011622906 -31.300000846386 -34.4999991357327 35.5000011622906 -26.6746785491705 -35.1999998092651 35.5000011622906 -24.4999993592501 -18.1000009179115 35.5000011622906 -31.300000846386 -35.1999998092651 35.5000011622906 -26.4694690704346 -35.4208238422871 35.5000011622906 -26.2157004326582 -35.5835370719433 35.5000011622906 -25.9293876588345 -35.6778725981712 35.5000011622906 -25.6285984069109 -35.6978736817837 35.5000011622906 -25.3323148936033 -35.6422811746597 35.5000011622906 -25.0592343509197 -35.5146043002605 35.5000011622906 -25.2000000327826 -18.1000009179115 35.5000011622906 -25.6285984069109 -35.6978736817837 -432.500004768372 -25.9293876588345 -35.6778725981712 35.5000011622906 -25.9293876588345 -35.6778725981712 -432.500004768372 -26.2157004326582 -35.5835370719433 35.5000011622906 -26.2157004326582 -35.5835370719433 -432.500004768372 -26.4694690704346 -35.4208238422871 35.5000011622906 -26.4694690704346 -35.4208238422871 -432.500004768372 -26.6746785491705 -35.1999998092651 4.72500175237656 -26.6746785491705 -35.1999998092651 35.5000011622906 -26.6746785491705 -35.1999998092651 -40.0000028312206 -26.6746785491705 -35.1999998092651 -404.000014066696 -26.6746785491705 -35.1999998092651 -432.500004768372 -26.6746785491705 -35.1999998092651 -83.2249969244003 -26.6746785491705 -35.1999998092651 -121.275000274181 -26.6746785491705 -35.1999998092651 -189.724996685982 -26.6746785491705 -35.1999998092651 -249.274998903275 -26.6746785491705 -35.1999998092651 -317.999988794327 -25.6285984069109 -35.6978736817837 35.5000011622906 -25.3323148936033 -35.6422811746597 -432.500004768372 -25.3323148936033 -35.6422811746597 35.5000011622906 -25.0592343509197 -35.5146043002605 -432.500004768372 -25.0592343509197 -35.5146043002605 35.5000011622906 -24.8265918344259 -35.3228971362114 -432.500004768372 -24.8265918344259 -35.3228971362114 35.5000011622906 -24.649066850543 -35.0792594254017 -432.500004768372 -24.649066850543 -35.0792594254017 35.5000011622906 -24.5378650724888 -34.7990654408932 -432.500004768372 -24.5378650724888 -34.7990654408932 35.5000011622906 -24.4999993592501 -34.4999991357327 -432.500004768372 -24.4999993592501 -34.4999991357327 35.5000011622906 -33.9492857456207 -35.1999998092651 -370.718389749527 -33.0132767558098 -35.1999998092651 -370.599687099457 -33.7867252528667 -35.1999998092651 -370.599687099457 -37.9690825939178 -35.1999998092651 -317.999988794327 -36.1499972641468 -35.1999998092651 -404.000014066696 -36.1499972641468 -35.1999998092651 -317.999988794327 -26.6746785491705 -35.1999998092651 -317.999988794327 -30.9246424585581 -35.1999998092651 -361.059337854385 -30.9000033885241 -35.1999998092651 -361.249983310699 -38.4881645441055 -35.1999998092651 -249.274998903275 -37.9690825939178 -35.1999998092651 -249.274998903275 -36.1499972641468 -35.1999998092651 -249.274998903275 -26.6746785491705 -35.1999998092651 -249.274998903275 -30.9246424585581 -35.1999998092651 -261.05934381485 -30.9000033885241 -35.1999998092651 -261.249989271164 -38.4881645441055 -35.1999998092651 -83.2249969244003 -37.9690825939178 -35.1999998092651 -121.275000274181 -37.9690825939178 -35.1999998092651 -83.2249969244003 -35.9250009059906 -35.1999998092651 -104.358620941639 -36.1499972641468 -35.1999998092651 -83.2249969244003 -36.1499972641468 -35.1999998092651 -121.275000274181 -35.1893976330757 -35.1999998092651 -109.946072101593 -35.9250009059906 -35.1999998092651 -109.641380608082 -37.9690825939178 -35.1999998092651 -47.7668456733227 -36.4000014960766 -35.1999998092651 -56.4999990165234 -36.1499972641468 -35.1999998092651 -47.7668456733227 -38.4881645441055 -35.1999998092651 -79.3348103761673 -37.9690825939178 -35.1999998092651 -181.733161211014 -38.4000018239021 -35.1999998092651 -147.371351718903 -38.4000018239021 -35.1999998092651 -181.733161211014 -36.1499972641468 -35.1999998092651 -181.733161211014 -26.6746785491705 -35.1999998092651 -189.724996685982 -29.899999499321 -35.1999998092651 -181.500002741814 -29.899999499321 -35.1999998092651 -189.724996685982 -36.1499972641468 -35.1999998092651 -199.266850948334 -34.400001168251 -35.1999998092651 -204.500004649162 -34.400001168251 -35.1999998092651 -199.266850948334 -37.9690825939178 -35.1999998092651 -199.266850948334 -35.9250009059906 -35.1999998092651 -232.358619570732 -38.4881645441055 -35.1999998092651 -204.516589641571 -37.9690825939178 -35.1999998092651 -404.000014066696 -38.4881645441055 -35.1999998092651 -429.587513208389 -37.9690825939178 -35.1999998092651 -429.88720536232 -33.4435924887657 -35.1999998092651 -432.500004768372 -26.6746785491705 -35.1999998092651 -404.000014066696 -26.6746785491705 -35.1999998092651 -432.500004768372 -36.1499972641468 -35.1999998092651 4.72500175237656 -35.1893976330757 -35.1999998092651 18.0539265275002 -35.9250009059906 -35.1999998092651 18.3586217463017 -37.9690825939178 -35.1999998092651 32.8872092068195 -35.9250009059906 -35.1999998092651 23.6413776874542 -35.300001502037 -35.1999998092651 34.4282016158104 -37.9690825939178 -35.1999998092651 4.72500175237656 -38.4881645441055 -35.1999998092651 32.5875170528889 -38.4881645441055 -35.1999998092651 4.72500175237656 -37.9690825939178 -35.1999998092651 -31.7331552505493 -38.4000018239021 -35.1999998092651 -22.2466494888067 -38.4000018239021 -35.1999998092651 -31.7331552505493 -36.1499972641468 -35.1999998092651 -31.7331552505493 -26.6746785491705 -35.1999998092651 -40.0000028312206 -29.899999499321 -35.1999998092651 -32.6469391584396 -29.899999499321 -35.1999998092651 -40.0000028312206 -33.3999991416931 -35.1999998092651 -62.5 -36.4000014960766 -35.1999998092651 -62.5 -26.6746785491705 -35.1999998092651 -83.2249969244003 -33.3999991416931 -35.1999998092651 -56.4999990165234 -29.899999499321 -35.1999998092651 -47.7668456733227 -29.899999499321 -35.1999998092651 -46.8530617654324 -26.6746785491705 -35.1999998092651 4.72500175237656 -30.9246424585581 -35.1999998092651 -9.05933603644371 -30.9000033885241 -35.1999998092651 -9.24999639391899 -35.3613123297691 -35.1999998092651 -8.53038113564253 -35.1714342832565 -35.1999998092651 -8.50030314177275 -29.899999499321 -35.1999998092651 -31.7331552505493 -32.3987789452076 -35.1999998092651 -22.7928590029478 -34.4012230634689 -35.1999998092651 -22.7928590029478 -34.4367139041424 -35.1999998092651 -22.9818001389503 -31.8198539316654 -35.1999998092651 -8.51948279887438 -31.62856772542 -35.1999998092651 -8.50030314177275 -32.2809256613255 -35.1999998092651 -23.1555122882128 -32.3632843792439 -35.1999998092651 -22.9818001389503 -34.8000191152096 -35.1999998092651 -23.4133396297693 -34.9801480770111 -35.1999998092651 -23.4805177897215 -34.9801480770111 -35.1999998092651 -8.51948279887438 -34.8000191152096 -35.1999998092651 -8.58665909618139 -31.4386896789074 -35.1999998092651 -8.53038113564253 -31.2626957893372 -35.1999998092651 -8.60774144530296 -31.9999828934669 -35.1999998092651 -23.4133396297693 -32.1571119129658 -35.1999998092651 -23.3025792986155 -34.5190726220608 -35.1999998092651 -23.1555122882128 -34.6428863704205 -35.1999998092651 -23.3025792986155 -35.3613123297691 -35.1999998092651 -23.4696194529533 -35.5373062193394 -35.1999998092651 -23.3922582119703 -31.9999828934669 -35.1999998092651 -8.58665909618139 -30.9969410300255 -35.1999998092651 -8.88120289891958 -31.8198539316654 -35.1999998092651 -23.4805177897215 -34.1986939311028 -35.1999998092651 -19.2542895674706 -31.1121474951506 -35.1999998092651 -23.2726987451315 -31.2626957893372 -35.1999998092651 -23.3922582119703 -35.1714342832565 -35.1999998092651 -23.4996974468231 -35.6878526508808 -35.1999998092651 -23.2726987451315 -35.803060978651 -35.1999998092651 -23.1187976896763 -34.4367139041424 -35.1999998092651 -9.01819951832294 -32.3632843792439 -35.1999998092651 -9.01819951832294 -32.2809256613255 -35.1999998092651 -8.84448830038309 -31.1121474951506 -35.1999998092651 -8.72729998081923 -33.5996821522713 -35.1999998092651 -18.5253228992224 -34.1620035469532 -35.1999998092651 -19.0563797950745 -30.9246424585581 -35.1999998092651 -22.9406636208296 -30.9969410300255 -35.1999998092651 -23.1187976896763 -35.6878526508808 -35.1999998092651 -8.72729998081923 -35.5373062193394 -35.1999998092651 -8.60774144530296 -34.6428863704205 -35.1999998092651 -8.69742035865784 -34.5190726220608 -35.1999998092651 -8.84448830038309 -32.1571119129658 -35.1999998092651 -8.69742035865784 -33.0132767558098 -35.1999998092651 -18.5996852815151 -33.200316131115 -35.1999998092651 -18.5253228992224 -32.6013080775738 -35.1999998092651 -19.2542895674706 -30.9000033885241 -35.1999998092651 -22.7500032633543 -31.4386896789074 -35.1999998092651 -23.4696194529533 -35.803060978651 -35.1999998092651 -8.88120289891958 -32.6379984617233 -35.1999998092651 -19.0563797950745 -32.7229239046574 -35.1999998092651 -18.873892724514 -33.3999991416931 -35.1999998092651 -18.5000021010637 -31.62856772542 -35.1999998092651 -23.4996974468231 -35.8753576874733 -35.1999998092651 -9.05933603644371 -32.3987789452076 -35.1999998092651 -9.20714065432549 -32.8507162630558 -35.1999998092651 -18.7183786183596 -33.9492857456207 -35.1999998092651 -18.7183786183596 -34.0770743787289 -35.1999998092651 -18.873892724514 -35.8999967575073 -35.1999998092651 -9.24999639391899 -34.1986939311028 -35.1999998092651 -12.7457110211253 -32.6013080775738 -35.1999998092651 -12.7457110211253 -33.7867252528667 -35.1999998092651 -18.5996852815151 -35.8753576874733 -35.1999998092651 -22.9406636208296 -34.4012230634689 -35.1999998092651 -9.20714065432549 -33.3999991416931 -35.1999998092651 -13.4999984875321 -32.6379984617233 -35.1999998092651 -12.9436207935214 -35.8999967575073 -35.1999998092651 -22.7500032633543 -34.1620035469532 -35.1999998092651 -12.9436207935214 -34.0770743787289 -35.1999998092651 -13.1261078640819 -33.5996821522713 -35.1999998092651 -13.4746767580509 -33.7867252528667 -35.1999998092651 -13.4003153070807 -33.200316131115 -35.1999998092651 -13.4746767580509 -32.8507162630558 -35.1999998092651 -13.2816210389137 -32.7229239046574 -35.1999998092651 -13.1261078640819 -33.9492857456207 -35.1999998092651 -13.2816210389137 -33.0132767558098 -35.1999998092651 -13.4003153070807 -38.4881645441055 -35.1999998092651 -22.1584867686033 -36.556676030159 -35.1999998092651 18.84332485497 -37.0413772761822 -35.1999998092651 19.4749999791384 -37.3460724949837 -35.1999998092651 20.2106013894081 -37.3460724949837 -35.1999998092651 21.7893980443478 -37.0413772761822 -35.1999998092651 22.5249994546175 -37.4500006437302 -35.1999998092651 20.9999997168779 -36.556676030159 -35.1999998092651 23.156676441431 -31.7586213350296 -35.1999998092651 19.4749999791384 -32.2433225810528 -35.1999998092651 18.84332485497 -34.400001168251 -35.1999998092651 24.0499991923571 -35.1893976330757 -35.1999998092651 23.9460729062557 -32.8750014305115 -35.1999998092651 18.3586217463017 -33.6106009781361 -35.1999998092651 18.0539265275002 -31.3500016927719 -35.1999998092651 20.9999997168779 -31.4539261162281 -35.1999998092651 20.2106013894081 -34.400001168251 -35.1999998092651 17.9500002413988 -34.0361595153809 -35.1999998092651 35.0175425410271 -32.8750014305115 -35.1999998092651 23.6413776874542 -31.300000846386 -35.1999998092651 35.5000011622906 -33.6106009781361 -35.1999998092651 23.9460729062557 -26.6746785491705 -35.1999998092651 35.5000011622906 -32.2433225810528 -35.1999998092651 23.156676441431 -31.7586213350296 -35.1999998092651 22.5249994546175 -32.6891839504242 -35.1999998092651 35.3784635663033 -31.4539261162281 -35.1999998092651 21.7893980443478 -38.4881645441055 -35.1999998092651 -404.000014066696 -38.4000018239021 -35.1999998092651 -204.428434371948 -38.4000018239021 -35.1999998092651 -199.266850948334 -37.0413772761822 -35.1999998092651 -236.524999141693 -37.3460724949837 -35.1999998092651 -235.789403319359 -35.9250009059906 -35.1999998092651 -237.641379237175 -36.556676030159 -35.1999998092651 -237.156674265862 -37.4500006437302 -35.1999998092651 -234.999999403954 -37.3460724949837 -35.1999998092651 -234.210595488548 -37.0413772761822 -35.1999998092651 -233.474999666214 -36.556676030159 -35.1999998092651 -232.843324542046 -35.1893976330757 -35.1999998092651 -237.946078181267 -29.899999499321 -35.1999998092651 -204.500004649162 -34.400001168251 -35.1999998092651 -231.949999928474 -33.6106009781361 -35.1999998092651 -232.05392062664 -35.1893976330757 -35.1999998092651 -232.05392062664 -34.400001168251 -35.1999998092651 -238.049998879433 -32.8750014305115 -35.1999998092651 -237.641379237175 -33.6106009781361 -35.1999998092651 -237.946078181267 -31.3500016927719 -35.1999998092651 -234.999999403954 -31.4539261162281 -35.1999998092651 -235.789403319359 -32.2433225810528 -35.1999998092651 -232.843324542046 -31.7586213350296 -35.1999998092651 -233.474999666214 -31.7586213350296 -35.1999998092651 -236.524999141693 -32.8750014305115 -35.1999998092651 -232.358619570732 -31.4539261162281 -35.1999998092651 -234.210595488548 -32.2433225810528 -35.1999998092651 -237.156674265862 -34.400001168251 -35.1999998092651 -181.500002741814 -35.8753576874733 -35.1999998092651 -146.940663456917 -35.8999967575073 -35.1999998092651 -146.750003099442 -26.6746785491705 -35.1999998092651 -121.275000274181 -30.9246424585581 -35.1999998092651 -133.059337735176 -30.9000033885241 -35.1999998092651 -133.249998092651 -31.9999828934669 -35.1999998092651 -132.586658000946 -31.8198539316654 -35.1999998092651 -132.519483566284 -34.8000191152096 -35.1999998092651 -147.413343191147 -34.9801480770111 -35.1999998092651 -147.480517625809 -35.3613123297691 -35.1999998092651 -132.530376315117 -35.1714342832565 -35.1999998092651 -132.500305771828 -31.62856772542 -35.1999998092651 -132.500305771828 -31.2626957893372 -35.1999998092651 -147.392258048058 -31.4386896789074 -35.1999998092651 -147.469624876976 -35.1714342832565 -35.1999998092651 -147.499695420265 -35.6878526508808 -35.1999998092651 -132.727295160294 -35.5373062193394 -35.1999998092651 -132.607743144035 -34.9801480770111 -35.1999998092651 -132.519483566284 -31.4386896789074 -35.1999998092651 -132.530376315117 -31.2626957893372 -35.1999998092651 -132.607743144035 -30.9969410300255 -35.1999998092651 -147.118791937828 -31.1121474951506 -35.1999998092651 -147.272706031799 -32.3987789452076 -35.1999998092651 -146.792858839035 -34.4012230634689 -35.1999998092651 -146.792858839035 -34.4367139041424 -35.1999998092651 -146.981805562973 -35.3613123297691 -35.1999998092651 -147.469624876976 -35.5373062193394 -35.1999998092651 -147.392258048058 -35.8753576874733 -35.1999998092651 -133.059337735176 -35.803060978651 -35.1999998092651 -132.881209254265 -34.5190726220608 -35.1999998092651 -132.844492793083 -32.2809256613255 -35.1999998092651 -132.844492793083 -32.1571119129658 -35.1999998092651 -132.6974183321 -31.1121474951506 -35.1999998092651 -132.727295160294 -30.9969410300255 -35.1999998092651 -132.881209254265 -30.9246424585581 -35.1999998092651 -146.940663456917 -31.9999828934669 -35.1999998092651 -147.413343191147 -32.1571119129658 -35.1999998092651 -147.302582859993 -31.8198539316654 -35.1999998092651 -147.480517625809 -34.6428863704205 -35.1999998092651 -147.302582859993 -35.803060978651 -35.1999998092651 -147.118791937828 -35.8999967575073 -35.1999998092651 -133.249998092651 -34.6428863704205 -35.1999998092651 -132.6974183321 -30.9000033885241 -35.1999998092651 -146.750003099442 -32.2809256613255 -35.1999998092651 -147.15550839901 -32.3632843792439 -35.1999998092651 -146.981805562973 -34.5190726220608 -35.1999998092651 -147.15550839901 -35.6878526508808 -35.1999998092651 -147.272706031799 -32.3632843792439 -35.1999998092651 -133.01819562912 -31.62856772542 -35.1999998092651 -147.499695420265 -34.8000191152096 -35.1999998092651 -132.586658000946 -34.4012230634689 -35.1999998092651 -133.207142353058 -32.3987789452076 -35.1999998092651 -133.207142353058 -32.6379984617233 -35.1999998092651 -143.056377768517 -34.1620035469532 -35.1999998092651 -143.056377768517 -34.1986939311028 -35.1999998092651 -143.254294991493 -34.400001168251 -35.1999998092651 -181.733161211014 -34.4367139041424 -35.1999998092651 -133.01819562912 -32.6013080775738 -35.1999998092651 -143.254294991493 -34.1986939311028 -35.1999998092651 -136.7457062006 -32.6013080775738 -35.1999998092651 -136.7457062006 -33.0132767558098 -35.1999998092651 -142.599686980247 -34.0770743787289 -35.1999998092651 -142.873898148537 -33.200316131115 -35.1999998092651 -137.474671006203 -32.6379984617233 -35.1999998092651 -136.943623423576 -32.8507162630558 -35.1999998092651 -142.718374729156 -33.7867252528667 -35.1999998092651 -137.400314211845 -33.5996821522713 -35.1999998092651 -137.474671006203 -32.7229239046574 -35.1999998092651 -142.873898148537 -33.5996821522713 -35.1999998092651 -142.52533018589 -33.7867252528667 -35.1999998092651 -142.599686980247 -34.1620035469532 -35.1999998092651 -136.943623423576 -33.3999991416931 -35.1999998092651 -137.500002980232 -33.3999991416931 -35.1999998092651 -142.499998211861 -33.200316131115 -35.1999998092651 -142.52533018589 -33.9492857456207 -35.1999998092651 -142.718374729156 -34.0770743787289 -35.1999998092651 -137.126103043556 -32.8507162630558 -35.1999998092651 -137.281626462936 -32.7229239046574 -35.1999998092651 -137.126103043556 -33.9492857456207 -35.1999998092651 -137.281626462936 -33.0132767558098 -35.1999998092651 -137.400314211845 -38.4881645441055 -35.1999998092651 -147.283181548119 -38.4881645441055 -35.1999998092651 -121.275000274181 -38.4000018239021 -35.1999998092651 -79.2466476559639 -38.4000018239021 -35.1999998092651 -47.7668456733227 -33.6106009781361 -35.1999998092651 -109.946072101593 -34.400001168251 -35.1999998092651 -110.05000025034 -35.1893976330757 -35.1999998092651 -104.053929448128 -34.400001168251 -35.1999998092651 -103.950001299381 -32.2433225810528 -35.1999998092651 -104.843325912952 -31.7586213350296 -35.1999998092651 -105.475001037121 -33.6106009781361 -35.1999998092651 -104.053929448128 -32.8750014305115 -35.1999998092651 -104.358620941639 -31.4539261162281 -35.1999998092651 -107.789397239685 -31.7586213350296 -35.1999998092651 -108.5250005126 -31.3500016927719 -35.1999998092651 -107.00000077486 -32.2433225810528 -35.1999998092651 -109.156675636768 -32.8750014305115 -35.1999998092651 -109.641380608082 -31.4539261162281 -35.1999998092651 -106.210604310036 -36.556676030159 -35.1999998092651 -109.156675636768 -37.0413772761822 -35.1999998092651 -108.5250005126 -37.3460724949837 -35.1999998092651 -106.210604310036 -37.0413772761822 -35.1999998092651 -105.475001037121 -37.3460724949837 -35.1999998092651 -107.789397239685 -37.4500006437302 -35.1999998092651 -107.00000077486 -36.556676030159 -35.1999998092651 -104.843325912952 -34.9801480770111 -35.1999998092651 -275.480508804321 -35.1714342832565 -35.1999998092651 -275.499701499939 -31.4386896789074 -35.1999998092651 -275.46963095665 -31.62856772542 -35.1999998092651 -275.499701499939 -34.4367139041424 -35.1999998092651 -261.018186807632 -32.1571119129658 -35.1999998092651 -260.697424411774 -31.9999828934669 -35.1999998092651 -260.586649179459 -31.1121474951506 -35.1999998092651 -275.272697210312 -31.2626957893372 -35.1999998092651 -275.392264127731 -31.8198539316654 -35.1999998092651 -275.480508804321 -31.9999828934669 -35.1999998092651 -275.413334369659 -35.5373062193394 -35.1999998092651 -260.607749223709 -35.3613123297691 -35.1999998092651 -260.530382394791 -31.4386896789074 -35.1999998092651 -260.530382394791 -31.2626957893372 -35.1999998092651 -260.607749223709 -30.9000033885241 -35.1999998092651 -274.749994277954 -30.9246424585581 -35.1999998092651 -274.940669536591 -34.6428863704205 -35.1999998092651 -275.302588939667 -34.8000191152096 -35.1999998092651 -275.413334369659 -35.3613123297691 -35.1999998092651 -275.46963095665 -35.5373062193394 -35.1999998092651 -275.392264127731 -35.1714342832565 -35.1999998092651 -260.500311851501 -31.62856772542 -35.1999998092651 -260.500311851501 -31.1121474951506 -35.1999998092651 -260.727286338806 -30.9969410300255 -35.1999998092651 -275.118798017502 -32.3987789452076 -35.1999998092651 -274.792850017548 -34.4012230634689 -35.1999998092651 -274.792850017548 -34.4367139041424 -35.1999998092651 -274.981796741486 -34.9801480770111 -35.1999998092651 -260.519474744797 -34.8000191152096 -35.1999998092651 -260.586649179459 -30.9969410300255 -35.1999998092651 -260.881215333939 -32.2809256613255 -35.1999998092651 -275.155514478683 -32.3632843792439 -35.1999998092651 -274.981796741486 -35.803060978651 -35.1999998092651 -275.118798017502 -35.8753576874733 -35.1999998092651 -274.940669536591 -35.6878526508808 -35.1999998092651 -275.272697210312 -35.8753576874733 -35.1999998092651 -261.05934381485 -35.803060978651 -35.1999998092651 -260.881215333939 -34.5190726220608 -35.1999998092651 -260.844498872757 -31.8198539316654 -35.1999998092651 -260.519474744797 -32.1571119129658 -35.1999998092651 -275.302588939667 -34.5190726220608 -35.1999998092651 -275.155514478683 -35.8999967575073 -35.1999998092651 -261.249989271164 -35.6878526508808 -35.1999998092651 -260.727286338806 -34.6428863704205 -35.1999998092651 -260.697424411774 -32.3632843792439 -35.1999998092651 -261.018186807632 -32.2809256613255 -35.1999998092651 -260.844498872757 -33.5996821522713 -35.1999998092651 -270.525336265564 -34.1620035469532 -35.1999998092651 -271.05638384819 -34.1986939311028 -35.1999998092651 -271.254301071167 -32.3987789452076 -35.1999998092651 -261.20713353157 -35.8999967575073 -35.1999998092651 -274.749994277954 -34.1986939311028 -35.1999998092651 -264.745712280273 -32.6013080775738 -35.1999998092651 -264.745712280273 -32.6013080775738 -35.1999998092651 -271.254301071167 -33.0132767558098 -35.1999998092651 -270.599693059921 -33.200316131115 -35.1999998092651 -270.525336265564 -34.4012230634689 -35.1999998092651 -261.20713353157 -32.6379984617233 -35.1999998092651 -271.05638384819 -33.3999991416931 -35.1999998092651 -270.500004291534 -33.9492857456207 -35.1999998092651 -265.281617641449 -32.6379984617233 -35.1999998092651 -264.94362950325 -32.7229239046574 -35.1999998092651 -270.87390422821 -32.8507162630558 -35.1999998092651 -270.718365907669 -33.9492857456207 -35.1999998092651 -270.718365907669 -34.0770743787289 -35.1999998092651 -270.87390422821 -34.1620035469532 -35.1999998092651 -264.94362950325 -33.7867252528667 -35.1999998092651 -270.599693059921 -34.0770743787289 -35.1999998092651 -265.12610912323 -33.3999991416931 -35.1999998092651 -265.500009059906 -33.0132767558098 -35.1999998092651 -265.400320291519 -32.8507162630558 -35.1999998092651 -265.281617641449 -33.5996821522713 -35.1999998092651 -265.474677085876 -32.7229239046574 -35.1999998092651 -265.12610912323 -33.7867252528667 -35.1999998092651 -265.400320291519 -33.200316131115 -35.1999998092651 -265.474677085876 -38.4881645441055 -35.1999998092651 -317.999988794327 -34.9801480770111 -35.1999998092651 -375.480502843857 -35.1714342832565 -35.1999998092651 -375.499695539474 -31.4386896789074 -35.1999998092651 -375.469624996185 -31.62856772542 -35.1999998092651 -375.499695539474 -31.4386896789074 -35.1999998092651 -360.530376434326 -31.2626957893372 -35.1999998092651 -360.607743263245 -30.9969410300255 -35.1999998092651 -375.118792057037 -31.1121474951506 -35.1999998092651 -375.272691249847 -31.9999828934669 -35.1999998092651 -375.413328409195 -32.1571119129658 -35.1999998092651 -375.302582979202 -35.5373062193394 -35.1999998092651 -360.607743263245 -35.3613123297691 -35.1999998092651 -360.530376434326 -30.9969410300255 -35.1999998092651 -360.881209373474 -30.9246424585581 -35.1999998092651 -374.940663576126 -31.2626957893372 -35.1999998092651 -375.392258167267 -31.8198539316654 -35.1999998092651 -375.480502843857 -34.6428863704205 -35.1999998092651 -375.302582979202 -35.5373062193394 -35.1999998092651 -375.392258167267 -35.6878526508808 -35.1999998092651 -375.272691249847 -32.1571119129658 -35.1999998092651 -360.697418451309 -31.9999828934669 -35.1999998092651 -360.586673021317 -31.1121474951506 -35.1999998092651 -360.727310180664 -30.9000033885241 -35.1999998092651 -374.750018119812 -32.3987789452076 -35.1999998092651 -374.792873859406 -34.4012230634689 -35.1999998092651 -374.792873859406 -34.4367139041424 -35.1999998092651 -374.981790781021 -34.8000191152096 -35.1999998092651 -375.413328409195 -35.3613123297691 -35.1999998092651 -375.469624996185 -34.9801480770111 -35.1999998092651 -360.519468784332 -34.8000191152096 -35.1999998092651 -360.586673021317 -32.2809256613255 -35.1999998092651 -375.155508518219 -32.3632843792439 -35.1999998092651 -374.981790781021 -34.5190726220608 -35.1999998092651 -375.155508518219 -35.803060978651 -35.1999998092651 -375.118792057037 -35.8753576874733 -35.1999998092651 -374.940663576126 -35.1714342832565 -35.1999998092651 -360.500305891037 -34.5190726220608 -35.1999998092651 -360.844492912292 -32.3632843792439 -35.1999998092651 -361.01821064949 -32.2809256613255 -35.1999998092651 -360.844492912292 -31.8198539316654 -35.1999998092651 -360.519468784332 -31.62856772542 -35.1999998092651 -360.500305891037 -35.8999967575073 -35.1999998092651 -361.249983310699 -35.8753576874733 -35.1999998092651 -361.059337854385 -35.6878526508808 -35.1999998092651 -360.727310180664 -35.803060978651 -35.1999998092651 -360.881209373474 -34.6428863704205 -35.1999998092651 -360.697418451309 -34.1620035469532 -35.1999998092651 -371.056377887726 -34.1986939311028 -35.1999998092651 -371.254295110703 -35.8999967575073 -35.1999998092651 -374.750018119812 -34.4012230634689 -35.1999998092651 -361.207127571106 -32.3987789452076 -35.1999998092651 -361.207127571106 -34.4367139041424 -35.1999998092651 -361.01821064949 -32.6379984617233 -35.1999998092651 -364.943623542786 -32.8507162630558 -35.1999998092651 -365.281611680984 -32.7229239046574 -35.1999998092651 -365.126103162766 -32.6013080775738 -35.1999998092651 -364.745706319809 -33.0132767558098 -35.1999998092651 -365.400314331055 -33.200316131115 -35.1999998092651 -365.474671125412 -33.3999991416931 -35.1999998092651 -365.500003099442 -33.5996821522713 -35.1999998092651 -365.474671125412 -33.7867252528667 -35.1999998092651 -365.400314331055 -33.9492857456207 -35.1999998092651 -365.281611680984 -34.0770743787289 -35.1999998092651 -365.126103162766 -34.1620035469532 -35.1999998092651 -364.943623542786 -34.0770743787289 -35.1999998092651 -370.873898267746 -34.1986939311028 -35.1999998092651 -364.745706319809 -32.6013080775738 -35.1999998092651 -371.254295110703 -33.5996821522713 -35.1999998092651 -370.525330305099 -33.3999991416931 -35.1999998092651 -370.49999833107 -32.7229239046574 -35.1999998092651 -370.873898267746 -32.6379984617233 -35.1999998092651 -371.056377887726 -33.200316131115 -35.1999998092651 -370.525330305099 -32.8507162630558 -35.1999998092651 -370.718389749527 -39.6318510174751 -35.6162674725056 -428.250789642334 -38.6999994516373 -35.2771021425724 -429.46520447731 -38.4881645441055 -35.1999998092651 -429.587513208389 -38.4881645441055 -35.1999998092651 -204.516589641571 -39.9605855345726 -35.7359163463116 -241.128131747246 -38.4881645441055 -35.1999998092651 -249.274998903275 -39.9605855345726 -35.7359163463116 -279.090076684952 -38.4881645441055 -35.1999998092651 -317.999988794327 -39.9605855345726 -35.7359163463116 -317.052066326141 -39.9605855345726 -35.7359163463116 -355.014026165009 -39.9605855345726 -35.7359163463116 -427.023947238922 -38.4881645441055 -35.1999998092651 -404.000014066696 -39.9605855345726 -35.7359163463116 -392.975986003876 -39.4320525228977 -35.5435460805893 -428.733170032501 -39.2867065966129 -35.4906469583511 -428.950697183609 -39.5477600395679 -35.5856604874134 -428.498536348343 -39.1142144799232 -35.4278646409512 -429.147362709045 -39.9605855345726 -35.7359163463116 -205.989018082619 -40.1999987661839 -35.0781343877316 -426.130443811417 -39.9605855345726 -35.7359163463116 -392.975986003876 -40.1999987661839 -35.0781343877316 -392.936378717422 -40.1999987661839 -35.0781343877316 -241.219893097878 -39.9605855345726 -35.7359163463116 -279.090076684952 -39.9605855345726 -35.7359163463116 -241.128131747246 -39.9605855345726 -35.7359163463116 -317.052066326141 -40.1999987661839 -35.0781343877316 -279.149025678635 -40.1999987661839 -35.0781343877316 -317.078143358231 -39.9605855345726 -35.7359163463116 -355.014026165009 -40.1999987661839 -35.0781343877316 -355.007261037827 -39.9605855345726 -35.7359163463116 -427.023947238922 -40.1999987661839 -35.0781343877316 -206.228420138359 -39.9605855345726 -35.7359163463116 -205.989018082619 -38.6115908622742 -34.4999991357327 -241.219893097878 -40.1999987661839 -35.0781343877316 -206.228420138359 -38.6115908622742 -34.4999991357327 -204.64001595974 -38.6115908622742 -34.4999991357327 -392.936378717422 -40.1999987661839 -35.0781343877316 -426.130443811417 -40.1999987661839 -35.0781343877316 -392.936378717422 -38.6115908622742 -34.4999991357327 -279.149025678635 -40.1999987661839 -35.0781343877316 -317.078143358231 -40.1999987661839 -35.0781343877316 -279.149025678635 -38.6115908622742 -34.4999991357327 -317.078143358231 -40.1999987661839 -35.0781343877316 -355.007261037827 -38.6115908622742 -34.4999991357327 -355.007261037827 -40.1999987661839 -35.0781343877316 -241.219893097878 -39.4320525228977 -34.7986221313477 -428.733170032501 -39.6318510174751 -34.8713435232639 -428.250789642334 -39.2867065966129 -34.7457230091095 -428.950697183609 -39.1142144799232 -34.6829406917095 -429.147362709045 -38.6999994516373 -34.5321781933308 -429.46520447731 -38.6115908622742 -34.4999991357327 -429.51625585556 -39.5477600395679 -34.8407365381718 -428.498536348343 -38.6115908622742 -34.4999991357327 -355.007261037827 -36.6749987006187 -34.4999991357327 -404.000014066696 -38.6115908622742 -34.4999991357327 -392.936378717422 -36.6749987006187 -34.4999991357327 -317.999988794327 -38.6115908622742 -34.4999991357327 -279.149025678635 -38.6115908622742 -34.4999991357327 -317.078143358231 -36.6749987006187 -34.4999991357327 -249.274998903275 -32.7229239046574 -34.4999991357327 -365.126103162766 -33.9492857456207 -34.4999991357327 -365.281611680984 -32.6379984617233 -34.4999991357327 -364.943623542786 -33.7867252528667 -34.4999991357327 -365.400314331055 -33.3999991416931 -34.4999991357327 -365.500003099442 -33.5996821522713 -34.4999991357327 -365.474671125412 -33.200316131115 -34.4999991357327 -365.474671125412 -33.0132767558098 -34.4999991357327 -365.400314331055 -32.6013080775738 -34.4999991357327 -364.745706319809 -32.6379984617233 -34.4999991357327 -371.056377887726 -32.8507162630558 -34.4999991357327 -370.718389749527 -32.7229239046574 -34.4999991357327 -370.873898267746 -33.0132767558098 -34.4999991357327 -370.599687099457 -32.6013080775738 -34.4999991357327 -371.254295110703 -33.200316131115 -34.4999991357327 -370.525330305099 -33.7867252528667 -34.4999991357327 -370.599687099457 -33.9492857456207 -34.4999991357327 -370.718389749527 -34.0770743787289 -34.4999991357327 -370.873898267746 -34.1620035469532 -34.4999991357327 -371.056377887726 -32.8507162630558 -34.4999991357327 -365.281611680984 -33.3999991416931 -34.4999991357327 -370.49999833107 -33.5996821522713 -34.4999991357327 -370.525330305099 -34.0770743787289 -34.4999991357327 -365.126103162766 -34.1986939311028 -34.4999991357327 -371.254295110703 -34.4012230634689 -34.4999991357327 -374.792873859406 -34.1620035469532 -34.4999991357327 -364.943623542786 -34.1986939311028 -34.4999991357327 -364.745706319809 -32.3987789452076 -34.4999991357327 -361.207127571106 -34.4012230634689 -34.4999991357327 -361.207127571106 -32.3987789452076 -34.4999991357327 -374.792873859406 -34.4367139041424 -34.4999991357327 -374.981790781021 -35.8999967575073 -34.4999991357327 -361.249983310699 -35.803060978651 -34.4999991357327 -360.881209373474 -35.6878526508808 -34.4999991357327 -360.727310180664 -30.9000033885241 -34.4999991357327 -361.249983310699 -25.2000000327826 -34.4999991357327 -404.000014066696 -30.9000033885241 -34.4999991357327 -374.750018119812 -32.2809256613255 -34.4999991357327 -375.155508518219 -32.3632843792439 -34.4999991357327 -374.981790781021 -35.803060978651 -34.4999991357327 -375.118792057037 -35.8753576874733 -34.4999991357327 -374.940663576126 -35.8999967575073 -34.4999991357327 -374.750018119812 -35.8753576874733 -34.4999991357327 -361.059337854385 -34.6428863704205 -34.4999991357327 -360.697418451309 -31.9999828934669 -34.4999991357327 -360.586673021317 -34.4367139041424 -34.4999991357327 -361.01821064949 -32.3632843792439 -34.4999991357327 -361.01821064949 -30.9969410300255 -34.4999991357327 -360.881209373474 -25.2000000327826 -34.4999991357327 -317.999988794327 -30.9246424585581 -34.4999991357327 -361.059337854385 -30.9246424585581 -34.4999991357327 -374.940663576126 -30.9969410300255 -34.4999991357327 -375.118792057037 -34.5190726220608 -34.4999991357327 -375.155508518219 -31.9999828934669 -34.4999991357327 -375.413328409195 -34.6428863704205 -34.4999991357327 -375.302582979202 -34.8000191152096 -34.4999991357327 -375.413328409195 -35.6878526508808 -34.4999991357327 -375.272691249847 -34.5190726220608 -34.4999991357327 -360.844492912292 -32.2809256613255 -34.4999991357327 -360.844492912292 -32.1571119129658 -34.4999991357327 -360.697418451309 -31.4386896789074 -34.4999991357327 -360.530376434326 -31.2626957893372 -34.4999991357327 -360.607743263245 -31.1121474951506 -34.4999991357327 -360.727310180664 -31.1121474951506 -34.4999991357327 -375.272691249847 -31.2626957893372 -34.4999991357327 -375.392258167267 -32.1571119129658 -34.4999991357327 -375.302582979202 -35.5373062193394 -34.4999991357327 -360.607743263245 -35.3613123297691 -34.4999991357327 -360.530376434326 -34.9801480770111 -34.4999991357327 -360.519468784332 -34.8000191152096 -34.4999991357327 -360.586673021317 -31.62856772542 -34.4999991357327 -375.499695539474 -31.8198539316654 -34.4999991357327 -375.480502843857 -34.9801480770111 -34.4999991357327 -375.480502843857 -35.1714342832565 -34.4999991357327 -375.499695539474 -35.3613123297691 -34.4999991357327 -375.469624996185 -35.5373062193394 -34.4999991357327 -375.392258167267 -35.1714342832565 -34.4999991357327 -360.500305891037 -31.4386896789074 -34.4999991357327 -375.469624996185 -31.62856772542 -34.4999991357327 -360.500305891037 -31.8198539316654 -34.4999991357327 -360.519468784332 -34.0770743787289 -34.4999991357327 -265.12610912323 -32.8507162630558 -34.4999991357327 -265.281617641449 -33.9492857456207 -34.4999991357327 -265.281617641449 -33.5996821522713 -34.4999991357327 -265.474677085876 -33.3999991416931 -34.4999991357327 -265.500009059906 -33.0132767558098 -34.4999991357327 -265.400320291519 -33.7867252528667 -34.4999991357327 -265.400320291519 -33.200316131115 -34.4999991357327 -265.474677085876 -32.7229239046574 -34.4999991357327 -265.12610912323 -34.1620035469532 -34.4999991357327 -264.94362950325 -32.6379984617233 -34.4999991357327 -264.94362950325 -32.7229239046574 -34.4999991357327 -270.87390422821 -34.1986939311028 -34.4999991357327 -271.254301071167 -32.8507162630558 -34.4999991357327 -270.718365907669 -33.7867252528667 -34.4999991357327 -270.599693059921 -33.9492857456207 -34.4999991357327 -270.718365907669 -34.1620035469532 -34.4999991357327 -271.05638384819 -32.6013080775738 -34.4999991357327 -264.745712280273 -32.6379984617233 -34.4999991357327 -271.05638384819 -33.0132767558098 -34.4999991357327 -270.599693059921 -33.200316131115 -34.4999991357327 -270.525336265564 -33.3999991416931 -34.4999991357327 -270.500004291534 -33.5996821522713 -34.4999991357327 -270.525336265564 -34.0770743787289 -34.4999991357327 -270.87390422821 -34.1986939311028 -34.4999991357327 -264.745712280273 -32.3987789452076 -34.4999991357327 -261.20713353157 -32.6013080775738 -34.4999991357327 -271.254301071167 -34.4012230634689 -34.4999991357327 -274.792850017548 -35.8999967575073 -34.4999991357327 -274.749994277954 -35.8999967575073 -34.4999991357327 -261.249989271164 -35.8753576874733 -34.4999991357327 -261.05934381485 -34.4012230634689 -34.4999991357327 -261.20713353157 -32.3987789452076 -34.4999991357327 -274.792850017548 -35.803060978651 -34.4999991357327 -275.118798017502 -35.8753576874733 -34.4999991357327 -274.940669536591 -34.4367139041424 -34.4999991357327 -274.981796741486 -35.6878526508808 -34.4999991357327 -275.272697210312 -35.5373062193394 -34.4999991357327 -275.392264127731 -35.803060978651 -34.4999991357327 -260.881215333939 -34.4367139041424 -34.4999991357327 -261.018186807632 -32.3632843792439 -34.4999991357327 -261.018186807632 -35.3613123297691 -34.4999991357327 -275.46963095665 -35.5373062193394 -34.4999991357327 -260.607749223709 -35.3613123297691 -34.4999991357327 -260.530382394791 -34.6428863704205 -34.4999991357327 -260.697424411774 -31.9999828934669 -34.4999991357327 -260.586649179459 -34.5190726220608 -34.4999991357327 -260.844498872757 -32.2809256613255 -34.4999991357327 -260.844498872757 -32.1571119129658 -34.4999991357327 -260.697424411774 -30.9000033885241 -34.4999991357327 -274.749994277954 -25.2000000327826 -34.4999991357327 -249.274998903275 -30.9246424585581 -34.4999991357327 -274.940669536591 -32.3632843792439 -34.4999991357327 -274.981796741486 -34.5190726220608 -34.4999991357327 -275.155514478683 -31.9999828934669 -34.4999991357327 -275.413334369659 -34.6428863704205 -34.4999991357327 -275.302588939667 -34.8000191152096 -34.4999991357327 -275.413334369659 -35.6878526508808 -34.4999991357327 -260.727286338806 -31.62856772542 -34.4999991357327 -260.500311851501 -31.4386896789074 -34.4999991357327 -260.530382394791 -30.9969410300255 -34.4999991357327 -260.881215333939 -30.9246424585581 -34.4999991357327 -261.05934381485 -30.9000033885241 -34.4999991357327 -261.249989271164 -30.9969410300255 -34.4999991357327 -275.118798017502 -32.2809256613255 -34.4999991357327 -275.155514478683 -32.1571119129658 -34.4999991357327 -275.302588939667 -34.9801480770111 -34.4999991357327 -260.519474744797 -34.8000191152096 -34.4999991357327 -260.586649179459 -31.2626957893372 -34.4999991357327 -260.607749223709 -31.1121474951506 -34.4999991357327 -260.727286338806 -31.1121474951506 -34.4999991357327 -275.272697210312 -31.2626957893372 -34.4999991357327 -275.392264127731 -31.8198539316654 -34.4999991357327 -275.480508804321 -35.1714342832565 -34.4999991357327 -275.499701499939 -35.1714342832565 -34.4999991357327 -260.500311851501 -34.9801480770111 -34.4999991357327 -275.480508804321 -31.8198539316654 -34.4999991357327 -260.519474744797 -31.4386896789074 -34.4999991357327 -275.46963095665 -31.62856772542 -34.4999991357327 -275.499701499939 -34.400001168251 -34.4999991357327 -103.950001299381 -25.2000000327826 -34.4999991357327 -63.7250021100044 -33.6106009781361 -34.4999991357327 -104.053929448128 -31.3500016927719 -34.4999991357327 -107.00000077486 -25.2000000327826 -34.4999991357327 -121.275000274181 -32.8750014305115 -34.4999991357327 -104.358620941639 -32.2433225810528 -34.4999991357327 -104.843325912952 -31.7586213350296 -34.4999991357327 -105.475001037121 -31.4539261162281 -34.4999991357327 -106.210604310036 -31.4539261162281 -34.4999991357327 -107.789397239685 -31.7586213350296 -34.4999991357327 -108.5250005126 -33.6106009781361 -34.4999991357327 -109.946072101593 -36.6749987006187 -34.4999991357327 -121.275000274181 -34.400001168251 -34.4999991357327 -110.05000025034 -32.2433225810528 -34.4999991357327 -109.156675636768 -32.8750014305115 -34.4999991357327 -109.641380608082 -35.1893976330757 -34.4999991357327 -104.053929448128 -36.6749987006187 -34.4999991357327 -63.7250021100044 -35.9250009059906 -34.4999991357327 -104.358620941639 -35.1893976330757 -34.4999991357327 -109.946072101593 -35.9250009059906 -34.4999991357327 -109.641380608082 -36.556676030159 -34.4999991357327 -109.156675636768 -33.7867252528667 -34.4999991357327 -13.4003153070807 -32.6013080775738 -34.4999991357327 -12.7457110211253 -33.5996821522713 -34.4999991357327 -13.4746767580509 -32.6379984617233 -34.4999991357327 -19.0563797950745 -33.200316131115 -34.4999991357327 -18.5253228992224 -32.7229239046574 -34.4999991357327 -18.873892724514 -32.8507162630558 -34.4999991357327 -18.7183786183596 -33.0132767558098 -34.4999991357327 -18.5996852815151 -33.7867252528667 -34.4999991357327 -18.5996852815151 -32.6013080775738 -34.4999991357327 -19.2542895674706 -33.9492857456207 -34.4999991357327 -18.7183786183596 -33.9492857456207 -34.4999991357327 -13.2816210389137 -32.8507162630558 -34.4999991357327 -13.2816210389137 -33.200316131115 -34.4999991357327 -13.4746767580509 -32.7229239046574 -34.4999991357327 -13.1261078640819 -33.3999991416931 -34.4999991357327 -18.5000021010637 -33.5996821522713 -34.4999991357327 -18.5253228992224 -34.0770743787289 -34.4999991357327 -18.873892724514 -34.1620035469532 -34.4999991357327 -19.0563797950745 -34.1986939311028 -34.4999991357327 -19.2542895674706 -33.3999991416931 -34.4999991357327 -13.4999984875321 -33.0132767558098 -34.4999991357327 -13.4003153070807 -32.6379984617233 -34.4999991357327 -12.9436207935214 -34.0770743787289 -34.4999991357327 -13.1261078640819 -32.3987789452076 -34.4999991357327 -22.7928590029478 -34.4012230634689 -34.4999991357327 -22.7928590029478 -35.8999967575073 -34.4999991357327 -9.24999639391899 -36.6749987006187 -34.4999991357327 4.72500175237656 -35.8753576874733 -34.4999991357327 -9.05933603644371 -34.1620035469532 -34.4999991357327 -12.9436207935214 -34.1986939311028 -34.4999991357327 -12.7457110211253 -32.3987789452076 -34.4999991357327 -9.20714065432549 -34.4367139041424 -34.4999991357327 -22.9818001389503 -36.6749987006187 -34.4999991357327 -32.0595689117908 -35.8999967575073 -34.4999991357327 -22.7500032633543 -34.4012230634689 -34.4999991357327 -9.20714065432549 -30.9000033885241 -34.4999991357327 -9.24999639391899 -25.2000000327826 -34.4999991357327 4.72500175237656 -30.9000033885241 -34.4999991357327 -22.7500032633543 -29.899999499321 -34.4999991357327 -32.0595689117908 -30.9246424585581 -34.4999991357327 -22.9406636208296 -31.62856772542 -34.4999991357327 -8.50030314177275 -31.4386896789074 -34.4999991357327 -8.53038113564253 -30.9969410300255 -34.4999991357327 -8.88120289891958 -30.9246424585581 -34.4999991357327 -9.05933603644371 -32.3632843792439 -34.4999991357327 -22.9818001389503 -35.8753576874733 -34.4999991357327 -22.9406636208296 -35.803060978651 -34.4999991357327 -8.88120289891958 -35.6878526508808 -34.4999991357327 -8.72729998081923 -34.4367139041424 -34.4999991357327 -9.01819951832294 -32.3632843792439 -34.4999991357327 -9.01819951832294 -31.2626957893372 -34.4999991357327 -8.60774144530296 -31.1121474951506 -34.4999991357327 -8.72729998081923 -38.6115908622742 -34.4999991357327 -241.219893097878 -36.556676030159 -34.4999991357327 -104.843325912952 -38.6115908622742 -34.4999991357327 -22.0350567251444 -38.6115908622742 -34.4999991357327 4.72500175237656 -36.556676030159 -34.4999991357327 18.84332485497 -38.6115908622742 -34.4999991357327 32.5162559747696 -35.9250009059906 -34.4999991357327 23.6413776874542 -36.556676030159 -34.4999991357327 23.156676441431 -33.4435924887657 -34.4999991357327 -432.500004768372 -38.6115908622742 -34.4999991357327 -429.51625585556 -36.6749987006187 -34.4999991357327 -198.940426111221 -38.4000018239021 -34.4999991357327 -204.428434371948 -38.4000018239021 -34.4999991357327 -198.940426111221 -25.2000000327826 -34.4999991357327 -189.724996685982 -29.899999499321 -34.4999991357327 -204.500004649162 -29.899999499321 -34.4999991357327 -189.724996685982 -38.6115908622742 -34.4999991357327 -147.15975522995 -38.6115908622742 -34.4999991357327 -121.275000274181 -38.4000018239021 -34.4999991357327 -79.2466476559639 -38.4000018239021 -34.4999991357327 -63.7250021100044 -38.4000018239021 -34.4999991357327 -47.4404320120811 -36.6749987006187 -34.4999991357327 -47.4404320120811 -38.6115908622742 -34.4999991357327 -79.4582441449165 -37.0413772761822 -34.4999991357327 -105.475001037121 -37.3460724949837 -34.4999991357327 -107.789397239685 -37.0413772761822 -34.4999991357327 -108.5250005126 -37.4500006437302 -34.4999991357327 -107.00000077486 -37.3460724949837 -34.4999991357327 -106.210604310036 -36.6749987006187 -34.4999991357327 -182.059571146965 -38.4000018239021 -34.4999991357327 -147.371351718903 -38.4000018239021 -34.4999991357327 -182.059571146965 -29.899999499321 -34.4999991357327 -181.500002741814 -35.1714342832565 -34.4999991357327 -147.499695420265 -34.9801480770111 -34.4999991357327 -147.480517625809 -31.8198539316654 -34.4999991357327 -132.519483566284 -31.62856772542 -34.4999991357327 -132.500305771828 -34.400001168251 -34.4999991357327 -181.500002741814 -35.3613123297691 -34.4999991357327 -147.469624876976 -31.62856772542 -34.4999991357327 -147.499695420265 -31.4386896789074 -34.4999991357327 -147.469624876976 -34.9801480770111 -34.4999991357327 -132.519483566284 -35.1714342832565 -34.4999991357327 -132.500305771828 -34.4367139041424 -34.4999991357327 -146.981805562973 -32.2809256613255 -34.4999991357327 -147.15550839901 -32.1571119129658 -34.4999991357327 -147.302582859993 -31.2626957893372 -34.4999991357327 -147.392258048058 -31.1121474951506 -34.4999991357327 -147.272706031799 -34.8000191152096 -34.4999991357327 -132.586658000946 -35.3613123297691 -34.4999991357327 -132.530376315117 -35.5373062193394 -34.4999991357327 -132.607743144035 -35.6878526508808 -34.4999991357327 -147.272706031799 -35.5373062193394 -34.4999991357327 -147.392258048058 -34.6428863704205 -34.4999991357327 -147.302582859993 -34.5190726220608 -34.4999991357327 -147.15550839901 -31.9999828934669 -34.4999991357327 -147.413343191147 -31.8198539316654 -34.4999991357327 -147.480517625809 -30.9969410300255 -34.4999991357327 -147.118791937828 -30.9246424585581 -34.4999991357327 -146.940663456917 -31.9999828934669 -34.4999991357327 -132.586658000946 -32.1571119129658 -34.4999991357327 -132.6974183321 -35.803060978651 -34.4999991357327 -132.881209254265 -35.8753576874733 -34.4999991357327 -133.059337735176 -35.803060978651 -34.4999991357327 -147.118791937828 -35.8753576874733 -34.4999991357327 -146.940663456917 -35.8999967575073 -34.4999991357327 -146.750003099442 -34.8000191152096 -34.4999991357327 -147.413343191147 -31.1121474951506 -34.4999991357327 -132.727295160294 -31.2626957893372 -34.4999991357327 -132.607743144035 -32.3632843792439 -34.4999991357327 -133.01819562912 -34.4367139041424 -34.4999991357327 -133.01819562912 -34.5190726220608 -34.4999991357327 -132.844492793083 -35.6878526508808 -34.4999991357327 -132.727295160294 -34.400001168251 -34.4999991357327 -182.059571146965 -35.8999967575073 -34.4999991357327 -133.249998092651 -32.3632843792439 -34.4999991357327 -146.981805562973 -30.9246424585581 -34.4999991357327 -133.059337735176 -30.9969410300255 -34.4999991357327 -132.881209254265 -31.4386896789074 -34.4999991357327 -132.530376315117 -32.2809256613255 -34.4999991357327 -132.844492793083 -34.6428863704205 -34.4999991357327 -132.6974183321 -32.3987789452076 -34.4999991357327 -146.792858839035 -30.9000033885241 -34.4999991357327 -133.249998092651 -34.4012230634689 -34.4999991357327 -133.207142353058 -34.1620035469532 -34.4999991357327 -143.056377768517 -32.6379984617233 -34.4999991357327 -143.056377768517 -32.6013080775738 -34.4999991357327 -143.254294991493 -30.9000033885241 -34.4999991357327 -146.750003099442 -33.5996821522713 -34.4999991357327 -137.474671006203 -34.1620035469532 -34.4999991357327 -136.943623423576 -34.1986939311028 -34.4999991357327 -136.7457062006 -34.4012230634689 -34.4999991357327 -146.792858839035 -32.3987789452076 -34.4999991357327 -133.207142353058 -34.1986939311028 -34.4999991357327 -143.254294991493 -32.6013080775738 -34.4999991357327 -136.7457062006 -33.0132767558098 -34.4999991357327 -137.400314211845 -33.200316131115 -34.4999991357327 -137.474671006203 -33.7867252528667 -34.4999991357327 -142.599686980247 -32.7229239046574 -34.4999991357327 -142.873898148537 -32.6379984617233 -34.4999991357327 -136.943623423576 -32.7229239046574 -34.4999991357327 -137.126103043556 -33.3999991416931 -34.4999991357327 -137.500002980232 -33.9492857456207 -34.4999991357327 -142.718374729156 -32.8507162630558 -34.4999991357327 -137.281626462936 -34.0770743787289 -34.4999991357327 -137.126103043556 -34.0770743787289 -34.4999991357327 -142.873898148537 -33.200316131115 -34.4999991357327 -142.52533018589 -33.0132767558098 -34.4999991357327 -142.599686980247 -33.9492857456207 -34.4999991357327 -137.281626462936 -33.3999991416931 -34.4999991357327 -142.499998211861 -33.5996821522713 -34.4999991357327 -142.52533018589 -32.8507162630558 -34.4999991357327 -142.718374729156 -33.7867252528667 -34.4999991357327 -137.400314211845 -34.400001168251 -34.4999991357327 -204.500004649162 -36.556676030159 -34.4999991357327 -232.843324542046 -34.400001168251 -34.4999991357327 -198.940426111221 -35.9250009059906 -34.4999991357327 -232.358619570732 -35.9250009059906 -34.4999991357327 -237.641379237175 -35.1893976330757 -34.4999991357327 -237.946078181267 -36.556676030159 -34.4999991357327 -237.156674265862 -32.8750014305115 -34.4999991357327 -232.358619570732 -33.6106009781361 -34.4999991357327 -232.05392062664 -33.6106009781361 -34.4999991357327 -237.946078181267 -34.400001168251 -34.4999991357327 -231.949999928474 -35.1893976330757 -34.4999991357327 -232.05392062664 -34.400001168251 -34.4999991357327 -238.049998879433 -31.7586213350296 -34.4999991357327 -236.524999141693 -31.4539261162281 -34.4999991357327 -235.789403319359 -32.2433225810528 -34.4999991357327 -237.156674265862 -31.4539261162281 -34.4999991357327 -234.210595488548 -32.8750014305115 -34.4999991357327 -237.641379237175 -31.3500016927719 -34.4999991357327 -234.999999403954 -31.7586213350296 -34.4999991357327 -233.474999666214 -32.2433225810528 -34.4999991357327 -232.843324542046 -37.0413772761822 -34.4999991357327 -236.524999141693 -38.6115908622742 -34.4999991357327 -204.64001595974 -37.0413772761822 -34.4999991357327 -233.474999666214 -37.3460724949837 -34.4999991357327 -234.210595488548 -37.4500006437302 -34.4999991357327 -234.999999403954 -37.3460724949837 -34.4999991357327 -235.789403319359 -25.2000000327826 -34.4999991357327 -432.500004768372 -32.8750014305115 -34.4999991357327 18.3586217463017 -32.2433225810528 -34.4999991357327 18.84332485497 -33.6106009781361 -34.4999991357327 18.0539265275002 -31.7586213350296 -34.4999991357327 19.4749999791384 -31.4539261162281 -34.4999991357327 20.2106013894081 -35.9250009059906 -34.4999991357327 18.3586217463017 -35.1893976330757 -34.4999991357327 18.0539265275002 -25.2000000327826 -34.4999991357327 35.5000011622906 -32.2433225810528 -34.4999991357327 23.156676441431 -32.8750014305115 -34.4999991357327 23.6413776874542 -34.400001168251 -34.4999991357327 17.9500002413988 -31.4539261162281 -34.4999991357327 21.7893980443478 -31.7586213350296 -34.4999991357327 22.5249994546175 -35.1893976330757 -34.4999991357327 23.9460729062557 -31.3500016927719 -34.4999991357327 20.9999997168779 -33.6106009781361 -34.4999991357327 23.9460729062557 -32.6891839504242 -34.4999991357327 35.3784635663033 -31.300000846386 -34.4999991357327 35.5000011622906 -34.400001168251 -34.4999991357327 24.0499991923571 -35.300001502037 -34.4999991357327 34.4282016158104 -34.0361595153809 -34.4999991357327 35.0175425410271 -37.4500006437302 -34.4999991357327 20.9999997168779 -37.3460724949837 -34.4999991357327 20.2106013894081 -37.3460724949837 -34.4999991357327 21.7893980443478 -37.0413772761822 -34.4999991357327 19.4749999791384 -37.0413772761822 -34.4999991357327 22.5249994546175 -38.4000018239021 -34.4999991357327 -22.2466494888067 -38.4000018239021 -34.4999991357327 -32.0595689117908 -29.899999499321 -34.4999991357327 -47.4404320120811 -34.9801480770111 -34.4999991357327 -8.51948279887438 -35.1714342832565 -34.4999991357327 -8.50030314177275 -34.6428863704205 -34.4999991357327 -8.69742035865784 -34.8000191152096 -34.4999991357327 -8.58665909618139 -34.9801480770111 -34.4999991357327 -23.4805177897215 -31.8198539316654 -34.4999991357327 -8.51948279887438 -31.9999828934669 -34.4999991357327 -8.58665909618139 -35.3613123297691 -34.4999991357327 -8.53038113564253 -35.5373062193394 -34.4999991357327 -8.60774144530296 -34.5190726220608 -34.4999991357327 -23.1555122882128 -31.9999828934669 -34.4999991357327 -23.4133396297693 -31.8198539316654 -34.4999991357327 -23.4805177897215 -32.2809256613255 -34.4999991357327 -8.84448830038309 -34.5190726220608 -34.4999991357327 -8.84448830038309 -35.6878526508808 -34.4999991357327 -23.2726987451315 -35.5373062193394 -34.4999991357327 -23.3922582119703 -31.4386896789074 -34.4999991357327 -23.4696194529533 -31.2626957893372 -34.4999991357327 -23.3922582119703 -32.1571119129658 -34.4999991357327 -8.69742035865784 -35.803060978651 -34.4999991357327 -23.1187976896763 -35.3613123297691 -34.4999991357327 -23.4696194529533 -34.8000191152096 -34.4999991357327 -23.4133396297693 -34.6428863704205 -34.4999991357327 -23.3025792986155 -32.2809256613255 -34.4999991357327 -23.1555122882128 -32.1571119129658 -34.4999991357327 -23.3025792986155 -31.62856772542 -34.4999991357327 -23.4996974468231 -35.1714342832565 -34.4999991357327 -23.4996974468231 -31.1121474951506 -34.4999991357327 -23.2726987451315 -30.9969410300255 -34.4999991357327 -23.1187976896763 -9.60000045597553 -35.1499989628792 -453.20001244545 -8.20000004023314 -35.1499989628792 37.0000004768372 -9.60000045597553 -35.1499989628792 37.0000004768372 -8.20000004023314 -35.1499989628792 -453.20001244545 -9.60000045597553 -35.1499989628792 -453.20001244545 -9.60000045597553 -7.30000017210841 37.0000004768372 -9.60000045597553 -7.30000017210841 -453.20001244545 -9.60000045597553 -35.1499989628792 37.0000004768372 -24.4999993592501 -7.30000017210841 37.0000004768372 -18.6000000685453 -7.30000017210841 -442.00000166893 -9.60000045597553 -7.30000017210841 37.0000004768372 -9.60000045597553 -7.30000017210841 -453.20001244545 -18.6000000685453 -7.30000017210841 -453.20001244545 -24.4999993592501 -7.30000017210841 -442.00000166893 -24.4999993592501 -7.30000017210841 -442.00000166893 -24.4999993592501 -32.2999991476536 -432.500004768372 -24.4999993592501 -32.2999991476536 -442.00000166893 -24.4999993592501 -7.30000017210841 37.0000004768372 -24.4999993592501 -18.1000009179115 35.5000011622906 -24.4999993592501 -18.1000009179115 37.0000004768372 -24.4999993592501 -34.4999991357327 35.5000011622906 -24.4999993592501 -34.4999991357327 -432.500004768372 -26.7999991774559 86.9000032544136 37.0000004768372 -27.8999991714954 85.7999995350838 37.0000004768372 -21.1249999701977 12.5825321301818 37.0000004768372 -12.9001438617706 85.858941078186 37.0000004768372 -19.6161158382893 12.383883818984 37.0000004768372 -19.4174684584141 12.1250003576279 37.0000004768372 -21.7074081301689 11.1764762550592 37.0000004768372 -24.4999993592501 -7.30000017210841 37.0000004768372 -21.5825326740742 10.8749996870756 37.0000004768372 -21.7499993741512 11.5000000223517 37.0000004768372 -21.5825326740742 12.1250003576279 37.0000004768372 -21.7074081301689 11.8235237896442 37.0000004768372 -20.1764758676291 12.7074075862765 37.0000004768372 -19.8749992996454 12.5825321301818 37.0000004768372 -20.5000005662441 12.7499997615814 37.0000004768372 -9.60000045597553 -7.30000017210841 37.0000004768372 -19.2925930023193 11.8235237896442 37.0000004768372 -19.2499998956919 11.5000000223517 37.0000004768372 -21.3838834315538 12.383883818984 37.0000004768372 -20.8235234022141 12.7074075862765 37.0000004768372 -13.998563401401 86.9000032544136 37.0000004768372 -20.1764758676291 10.292592458427 37.0000004768372 -7.87500012665987 -42.0129150152206 37.0000004768372 -7.55000021308661 -42.1000011265278 37.0000004768372 -8.00961907953024 -41.9096201658249 37.0000004768372 -21.3838834315538 10.6161162257195 37.0000004768372 -21.1249999701977 10.4174679145217 37.0000004768372 -13.7233678251505 86.865022778511 37.0000004768372 -8.20000004023314 -41.4500012993813 37.0000004768372 -6.92214816808701 -41.6182316839695 37.0000004768372 -6.89999992027879 -41.4500012993813 37.0000004768372 -13.0661968141794 86.3836854696274 37.0000004768372 -13.2418721914291 86.5983814001083 37.0000004768372 -27.8625190258026 86.0847011208534 37.0000004768372 -12.949819676578 86.1318707466125 37.0000004768372 -13.4656736627221 86.7623016238213 37.0000004768372 -27.577817440033 86.5778177976608 37.0000004768372 -27.7526285499334 86.3500013947487 37.0000004768372 -27.0847007632256 86.8625193834305 37.0000004768372 -27.3499991744757 86.7526307702065 37.0000004768372 -9.60000045597553 -35.1499989628792 37.0000004768372 -6.89999992027879 -25.9567573666573 37.0000004768372 -27.8999991714954 -17.2000005841255 37.0000004768372 -8.20000004023314 -35.1499989628792 37.0000004768372 -27.0000007003546 -18.1000009179115 37.0000004768372 -24.4999993592501 -18.1000009179115 37.0000004768372 -7.38176750019193 -42.0778505504131 37.0000004768372 -7.22499983385205 -42.0129150152206 37.0000004768372 -27.232937514782 -18.0693324655294 37.0000004768372 -20.5000005662441 10.2500002831221 37.0000004768372 -7.71823246032 -42.0778505504131 37.0000004768372 -7.0903804153204 -41.9096201658249 37.0000004768372 -6.9870837032795 -41.7749993503094 37.0000004768372 -27.7794227004051 -17.6500007510185 37.0000004768372 -27.6363957673311 -17.8363956511021 37.0000004768372 -19.2925930023193 11.1764762550592 37.0000004768372 -19.4174684584141 10.8749996870756 37.0000004768372 -8.17785132676363 -41.6182316839695 37.0000004768372 -8.11291672289371 -41.7749993503094 37.0000004768372 -27.8693325817585 -17.4329373985529 37.0000004768372 -20.8235234022141 10.292592458427 37.0000004768372 -19.8749992996454 10.4174679145217 37.0000004768372 -19.6161158382893 10.6161162257195 37.0000004768372 -27.4500008672476 -17.9794225841761 37.0000004768372 -25.2000000327826 -32.2999991476536 -432.500004768372 -24.4999993592501 -32.2999991476536 -442.00000166893 -24.4999993592501 -32.2999991476536 -432.500004768372 -25.2000000327826 -32.2999991476536 -442.00000166893 -18.6000000685453 -6.59999996423721 -442.00000166893 -25.2000000327826 -6.59999996423721 -437.000006437302 -18.6000000685453 -6.59999996423721 -437.000006437302 -25.2000000327826 -6.59999996423721 -442.00000166893 -24.4999993592501 -7.30000017210841 -442.00000166893 -25.2000000327826 -32.2999991476536 -442.00000166893 -25.2000000327826 -6.59999996423721 -442.00000166893 -18.6000000685453 -6.59999996423721 -442.00000166893 -24.4999993592501 -32.2999991476536 -442.00000166893 -18.6000000685453 -7.30000017210841 -442.00000166893 -25.0592343509197 -35.5146043002605 -432.500004768372 -25.2000000327826 -34.4999991357327 -432.500004768372 -24.8265918344259 -35.3228971362114 -432.500004768372 -24.649066850543 -35.0792594254017 -432.500004768372 -25.9293876588345 -35.6778725981712 -432.500004768372 -25.6285984069109 -35.6978736817837 -432.500004768372 -25.3323148936033 -35.6422811746597 -432.500004768372 -26.4694690704346 -35.4208238422871 -432.500004768372 -26.2157004326582 -35.5835370719433 -432.500004768372 -24.5378650724888 -34.7990654408932 -432.500004768372 -24.4999993592501 -34.4999991357327 -432.500004768372 -24.4999993592501 -32.2999991476536 -432.500004768372 -26.6746785491705 -35.1999998092651 -432.500004768372 -33.4435924887657 -34.4999991357327 -432.500004768372 -25.2000000327826 -32.2999991476536 -432.500004768372 -33.4435924887657 -35.1999998092651 -432.500004768372 -37.9690825939178 -35.1999998092651 -429.88720536232 -33.4435924887657 -34.4999991357327 -432.500004768372 -33.4435924887657 -35.1999998092651 -432.500004768372 -38.6999994516373 -34.5321781933308 -429.46520447731 -38.4881645441055 -35.1999998092651 -429.587513208389 -38.6999994516373 -35.2771021425724 -429.46520447731 -38.6115908622742 -34.4999991357327 -429.51625585556 -39.4320525228977 -34.7986221313477 -428.733170032501 -39.2867065966129 -35.4906469583511 -428.950697183609 -39.4320525228977 -35.5435460805893 -428.733170032501 -39.2867065966129 -34.7457230091095 -428.950697183609 -39.1142144799232 -35.4278646409512 -429.147362709045 -39.6318510174751 -34.8713435232639 -428.250789642334 -39.5477600395679 -35.5856604874134 -428.498536348343 -39.6318510174751 -35.6162674725056 -428.250789642334 -39.5477600395679 -34.8407365381718 -428.498536348343 -38.6999994516373 -35.2771021425724 -429.46520447731 -39.1142144799232 -34.6829406917095 -429.147362709045 -38.6999994516373 -34.5321781933308 -429.46520447731 -39.6318510174751 -34.8713435232639 -428.250789642334 -39.9605855345726 -35.7359163463116 -427.023947238922 -40.1999987661839 -35.0781343877316 -426.130443811417 -39.6318510174751 -35.6162674725056 -428.250789642334 -39.6318510174751 -34.8713435232639 31.2508009374142 -39.9605855345726 -35.7359163463116 30.0239473581314 -39.6318510174751 -35.6162674725056 31.2508009374142 -40.1999987661839 -35.0781343877316 29.1304402053356 -39.6318510174751 -34.8713435232639 31.2508009374142 -39.5477600395679 -35.5856604874134 31.4985290169716 -39.5477600395679 -34.8407365381718 31.4985290169716 -39.4320525228977 -35.5435460805893 31.7331627011299 -39.2867065966129 -34.7457230091095 31.9506861269474 -39.2867065966129 -35.4906469583511 31.9506861269474 -39.1142144799232 -35.4278646409512 32.1473740041256 -39.4320525228977 -34.7986221313477 31.7331627011299 -38.6999994516373 -35.2771021425724 32.4652120471001 -39.1142144799232 -34.6829406917095 32.1473740041256 -39.6318510174751 -35.6162674725056 31.2508009374142 -38.6999994516373 -34.5321781933308 32.4652120471001 -37.9690825939178 -35.1999998092651 32.8872092068195 -35.300001502037 -34.4999991357327 34.4282016158104 -38.6115908622742 -34.4999991357327 32.5162559747696 -38.6999994516373 -34.5321781933308 32.4652120471001 -38.4881645441055 -35.1999998092651 32.5875170528889 -35.300001502037 -35.1999998092651 34.4282016158104 -38.6999994516373 -35.2771021425724 32.4652120471001 -32.6891839504242 -35.1999998092651 35.3784635663033 -34.0361595153809 -34.4999991357327 35.0175425410271 -34.0361595153809 -35.1999998092651 35.0175425410271 -35.300001502037 -34.4999991357327 34.4282016158104 -35.300001502037 -35.1999998092651 34.4282016158104 -32.6891839504242 -34.4999991357327 35.3784635663033 -31.300000846386 -35.1999998092651 35.5000011622906 -31.300000846386 -34.4999991357327 35.5000011622906 -25.4999995231628 -24.5050005614758 -421.440005302429 -25.2000000327826 -24.5050005614758 -430.559992790222 -25.4999995231628 -24.5050005614758 -430.559992790222 -25.2000000327826 -24.5050005614758 -421.440005302429 -25.2000000327826 -28.4950006753206 -430.559992790222 -25.4999995231628 -24.5050005614758 -430.559992790222 -25.2000000327826 -24.5050005614758 -430.559992790222 -25.4999995231628 -28.4950006753206 -430.559992790222 -25.2000000327826 -28.4950006753206 -430.559992790222 -25.4999995231628 -28.4950006753206 -421.440005302429 -25.4999995231628 -28.4950006753206 -430.559992790222 -25.2000000327826 -28.4950006753206 -421.440005302429 -25.2000000327826 -24.5050005614758 -421.440005302429 -25.4999995231628 -28.4950006753206 -421.440005302429 -25.2000000327826 -28.4950006753206 -421.440005302429 -25.4999995231628 -24.5050005614758 -421.440005302429 -25.4999995231628 -28.4950006753206 -421.440005302429 -25.4999995231628 -24.5050005614758 -430.559992790222 -25.4999995231628 -28.4950006753206 -430.559992790222 -25.4999995231628 -24.5050005614758 -421.440005302429 -25.2000000327826 -24.5050005614758 19.3499997258186 -25.4999995231628 -28.4950006753206 19.3499997258186 -25.2000000327826 -28.4950006753206 19.3499997258186 -25.4999995231628 -24.5050005614758 19.3499997258186 -25.2000000327826 -24.5050005614758 10.3500001132488 -25.4999995231628 -24.5050005614758 19.3499997258186 -25.2000000327826 -24.5050005614758 19.3499997258186 -25.4999995231628 -24.5050005614758 10.3500001132488 -25.2000000327826 -24.5050005614758 10.3500001132488 -25.4999995231628 -28.4950006753206 10.3500001132488 -25.4999995231628 -24.5050005614758 10.3500001132488 -25.2000000327826 -28.4950006753206 10.3500001132488 -25.2000000327826 -28.4950006753206 19.3499997258186 -25.4999995231628 -28.4950006753206 10.3500001132488 -25.2000000327826 -28.4950006753206 10.3500001132488 -25.4999995231628 -28.4950006753206 19.3499997258186 -25.4999995231628 -24.5050005614758 19.3499997258186 -25.4999995231628 -28.4950006753206 10.3500001132488 -25.4999995231628 -28.4950006753206 19.3499997258186 -25.4999995231628 -24.5050005614758 10.3500001132488 -38.4000018239021 -35.1999998092651 -47.7668456733227 -38.4000018239021 -34.4999991357327 -63.7250021100044 -38.4000018239021 -35.1999998092651 -79.2466476559639 -38.4000018239021 -35.5999991297722 -46.5174205601215 -38.4000018239021 -36.2999998033047 -46.8438379466534 -38.4000018239021 -34.4999991357327 -47.4404320120811 -38.4000018239021 -34.4999991357327 -79.2466476559639 -38.4000018239021 -35.1999998092651 -31.7331552505493 -38.4000018239021 -35.5999991297722 -32.9825803637505 -38.4000018239021 -36.2999998033047 -32.6561629772186 -38.4000018239021 -34.4999991357327 -32.0595689117908 -38.4000018239021 -34.4999991357327 -22.2466494888067 -38.4000018239021 -35.1999998092651 -22.2466494888067 -39.9605855345726 -35.7359163463116 -20.6860639154911 -38.6115908622742 -34.4999991357327 -22.0350567251444 -38.4881645441055 -35.1999998092651 -22.1584867686033 -38.4000018239021 -34.4999991357327 -22.2466494888067 -38.4000018239021 -35.1999998092651 -22.2466494888067 -40.1999987661839 -35.0781343877316 -20.4466488212347 -38.6115908622742 -34.4999991357327 -79.4582441449165 -39.9605855345726 -35.7359163463116 -80.807238817215 -38.4881645441055 -35.1999998092651 -79.3348103761673 -38.4000018239021 -34.4999991357327 -79.2466476559639 -38.4000018239021 -35.1999998092651 -79.2466476559639 -40.1999987661839 -35.0781343877316 -81.0466483235359 -34.400001168251 -35.1999998092651 -181.733161211014 -34.400001168251 -34.4999991357327 -181.500002741814 -34.400001168251 -35.1999998092651 -181.500002741814 -34.400001168251 -35.5999991297722 -182.982578873634 -34.400001168251 -36.2999998033047 -182.656168937683 -34.400001168251 -34.4999991357327 -182.059571146965 -34.400001168251 -35.5999991297722 -198.017418384552 -34.400001168251 -36.2999998033047 -198.343843221664 -34.400001168251 -34.4999991357327 -204.500004649162 -34.400001168251 -35.1999998092651 -199.266850948334 -34.400001168251 -35.1999998092651 -204.500004649162 -34.400001168251 -34.4999991357327 -198.940426111221 -29.899999499321 -35.1999998092651 -204.500004649162 -34.400001168251 -34.4999991357327 -204.500004649162 -34.400001168251 -35.1999998092651 -204.500004649162 -29.899999499321 -34.4999991357327 -204.500004649162 -29.899999499321 -35.1999998092651 -189.724996685982 -29.899999499321 -34.4999991357327 -204.500004649162 -29.899999499321 -35.1999998092651 -204.500004649162 -29.899999499321 -34.4999991357327 -189.724996685982 -29.899999499321 -35.1999998092651 -181.500002741814 -29.899999499321 -34.4999991357327 -181.500002741814 -38.4000018239021 -34.4999991357327 -204.428434371948 -38.4000018239021 -35.1999998092651 -199.266850948334 -38.4000018239021 -34.4999991357327 -198.940426111221 -38.4000018239021 -35.1999998092651 -181.733161211014 -38.4000018239021 -34.4999991357327 -147.371351718903 -38.4000018239021 -34.4999991357327 -182.059571146965 -38.4000018239021 -35.5999991297722 -182.982578873634 -38.4000018239021 -35.5999991297722 -198.017418384552 -38.4000018239021 -36.2999998033047 -198.343843221664 -38.4000018239021 -35.1999998092651 -204.428434371948 -38.4000018239021 -36.2999998033047 -182.656168937683 -38.4000018239021 -35.1999998092651 -147.371351718903 -38.4000018239021 -34.4999991357327 -147.371351718903 -38.4881645441055 -35.1999998092651 -147.283181548119 -38.6115908622742 -34.4999991357327 -147.15975522995 -38.4000018239021 -35.1999998092651 -147.371351718903 -39.9605855345726 -35.7359163463116 -145.810768008232 -40.1999987661839 -35.0781343877316 -145.571351051331 -38.4881645441055 -35.1999998092651 -204.516589641571 -38.4000018239021 -34.4999991357327 -204.428434371948 -38.6115908622742 -34.4999991357327 -204.64001595974 -38.4000018239021 -35.1999998092651 -204.428434371948 -39.9605855345726 -35.7359163463116 -205.989018082619 -40.1999987661839 -35.0781343877316 -206.228420138359 -29.899999499321 -35.1999998092651 -46.8530617654324 -38.4000018239021 -35.5999991297722 -46.5174205601215 -29.899999499321 -35.5999991297722 -46.5174205601215 -36.6749987006187 -34.4999991357327 -47.4404320120811 -38.4000018239021 -34.4999991357327 -47.4404320120811 -29.899999499321 -34.4999991357327 -47.4404320120811 -29.899999499321 -35.5999991297722 -32.9825803637505 -38.4000018239021 -35.5999991297722 -46.5174205601215 -38.4000018239021 -35.5999991297722 -32.9825803637505 -29.899999499321 -35.5999991297722 -46.5174205601215 -36.6749987006187 -34.4999991357327 -32.0595689117908 -29.899999499321 -35.1999998092651 -32.6469391584396 -38.4000018239021 -35.5999991297722 -32.9825803637505 -29.899999499321 -34.4999991357327 -32.0595689117908 -29.899999499321 -35.5999991297722 -32.9825803637505 -38.4000018239021 -34.4999991357327 -32.0595689117908 -38.4000018239021 -36.2999998033047 -32.6561629772186 -37.9690825939178 -35.1999998092651 -31.7331552505493 -38.4000018239021 -35.1999998092651 -31.7331552505493 -36.1499972641468 -35.1999998092651 -31.7331552505493 -29.899999499321 -36.2999998033047 -32.6561629772186 -29.899999499321 -35.1999998092651 -31.7331552505493 -38.4000018239021 -36.2999998033047 -46.8438379466534 -29.899999499321 -36.2999998033047 -32.6561629772186 -38.4000018239021 -36.2999998033047 -32.6561629772186 -29.899999499321 -36.2999998033047 -46.8438379466534 -38.4000018239021 -36.2999998033047 -46.8438379466534 -37.9690825939178 -35.1999998092651 -47.7668456733227 -36.1499972641468 -35.1999998092651 -47.7668456733227 -29.899999499321 -36.2999998033047 -46.8438379466534 -38.4000018239021 -35.1999998092651 -47.7668456733227 -29.899999499321 -35.1999998092651 -47.7668456733227 -38.4000018239021 -35.5999991297722 -198.017418384552 -36.6749987006187 -34.4999991357327 -198.940426111221 -38.4000018239021 -34.4999991357327 -198.940426111221 -34.400001168251 -35.5999991297722 -198.017418384552 -34.400001168251 -34.4999991357327 -198.940426111221 -38.4000018239021 -35.5999991297722 -198.017418384552 -34.400001168251 -35.5999991297722 -182.982578873634 -34.400001168251 -35.5999991297722 -198.017418384552 -38.4000018239021 -35.5999991297722 -182.982578873634 -36.6749987006187 -34.4999991357327 -182.059571146965 -38.4000018239021 -35.5999991297722 -182.982578873634 -38.4000018239021 -34.4999991357327 -182.059571146965 -34.400001168251 -35.5999991297722 -182.982578873634 -34.400001168251 -34.4999991357327 -182.059571146965 -36.1499972641468 -35.1999998092651 -181.733161211014 -38.4000018239021 -36.2999998033047 -182.656168937683 -34.400001168251 -36.2999998033047 -182.656168937683 -37.9690825939178 -35.1999998092651 -181.733161211014 -38.4000018239021 -35.1999998092651 -181.733161211014 -34.400001168251 -35.1999998092651 -181.733161211014 -34.400001168251 -36.2999998033047 -182.656168937683 -38.4000018239021 -36.2999998033047 -198.343843221664 -34.400001168251 -36.2999998033047 -198.343843221664 -38.4000018239021 -36.2999998033047 -182.656168937683 -37.9690825939178 -35.1999998092651 -199.266850948334 -38.4000018239021 -36.2999998033047 -198.343843221664 -38.4000018239021 -35.1999998092651 -199.266850948334 -36.1499972641468 -35.1999998092651 -199.266850948334 -34.400001168251 -36.2999998033047 -198.343843221664 -34.400001168251 -35.1999998092651 -199.266850948334 -29.899999499321 -36.2999998033047 -46.8438379466534 -29.899999499321 -35.1999998092651 -46.8530617654324 -29.899999499321 -35.5999991297722 -46.5174205601215 -29.899999499321 -36.2999998033047 -32.6561629772186 -29.899999499321 -35.1999998092651 -32.6469391584396 -29.899999499321 -35.1999998092651 -31.7331552505493 -29.899999499321 -35.1999998092651 -47.7668456733227 -29.899999499321 -35.5999991297722 -32.9825803637505 -33.3999991416931 -35.8770154416561 -57.0560060441494 -36.4000014960766 -36.1081287264824 -57.4312619864941 -33.3999991416931 -36.1081287264824 -57.4312619864941 -36.4000014960766 -35.8770154416561 -57.0560060441494 -33.3999991416931 -35.5693250894547 -56.74047768116 -36.4000014960766 -35.5693250894547 -56.74047768116 -36.4000014960766 -36.2514406442642 -57.8480251133442 -36.4000014960766 -36.2999998033047 -58.2860559225082 -33.3999991416931 -36.2514406442642 -57.8480251133442 -33.3999991416931 -36.2999998033047 -58.2860559225082 -33.3999991416931 -35.1999998092651 -56.4999990165234 -36.4000014960766 -35.1999998092651 -56.4999990165234 -36.4000014960766 -36.1081287264824 -61.5687370300293 -33.3999991416931 -36.2514406442642 -61.1519739031792 -36.4000014960766 -36.2514406442642 -61.1519739031792 -36.4000014960766 -35.5693250894547 -62.2595213353634 -33.3999991416931 -35.8770154416561 -61.943992972374 -36.4000014960766 -35.8770154416561 -61.943992972374 -33.3999991416931 -36.2999998033047 -60.7139430940151 -33.3999991416931 -36.1081287264824 -61.5687370300293 -36.4000014960766 -35.1999998092651 -62.5 -33.3999991416931 -35.5693250894547 -62.2595213353634 -36.4000014960766 -36.2999998033047 -60.7139430940151 -33.3999991416931 -35.1999998092651 -62.5 -36.4000014960766 -36.2999998033047 -60.7139430940151 -33.3999991416931 -36.2999998033047 -58.2860559225082 -36.4000014960766 -36.2999998033047 -58.2860559225082 -33.3999991416931 -36.2999998033047 -60.7139430940151 -36.4000014960766 -35.5693250894547 -62.2595213353634 -36.4000014960766 -36.2999998033047 -60.7139430940151 -36.4000014960766 -35.1999998092651 -62.5 -36.4000014960766 -35.5693250894547 -56.74047768116 -36.4000014960766 -36.2514406442642 -57.8480251133442 -36.4000014960766 -36.1081287264824 -57.4312619864941 -36.4000014960766 -36.2514406442642 -61.1519739031792 -36.4000014960766 -36.2999998033047 -58.2860559225082 -36.4000014960766 -35.1999998092651 -56.4999990165234 -36.4000014960766 -35.8770154416561 -57.0560060441494 -36.4000014960766 -36.1081287264824 -61.5687370300293 -36.4000014960766 -35.8770154416561 -61.943992972374 -33.3999991416931 -36.2999998033047 -60.7139430940151 -33.3999991416931 -35.1999998092651 -56.4999990165234 -33.3999991416931 -36.2999998033047 -58.2860559225082 -33.3999991416931 -36.1081287264824 -57.4312619864941 -33.3999991416931 -35.5693250894547 -56.74047768116 -33.3999991416931 -35.8770154416561 -57.0560060441494 -33.3999991416931 -35.1999998092651 -62.5 -33.3999991416931 -36.2514406442642 -57.8480251133442 -33.3999991416931 -35.5693250894547 -62.2595213353634 -33.3999991416931 -36.2514406442642 -61.1519739031792 -33.3999991416931 -36.1081287264824 -61.5687370300293 -33.3999991416931 -35.8770154416561 -61.943992972374 -35.8999967575073 -35.1999998092651 -22.7500032633543 -35.8753576874733 -34.4999991357327 -22.9406636208296 -35.8999967575073 -34.4999991357327 -22.7500032633543 -35.8753576874733 -35.1999998092651 -22.9406636208296 -35.803060978651 -34.4999991357327 -23.1187976896763 -35.803060978651 -35.1999998092651 -23.1187976896763 -35.6878526508808 -34.4999991357327 -23.2726987451315 -35.6878526508808 -35.1999998092651 -23.2726987451315 -35.5373062193394 -34.4999991357327 -23.3922582119703 -35.5373062193394 -35.1999998092651 -23.3922582119703 -35.3613123297691 -34.4999991357327 -23.4696194529533 -35.3613123297691 -35.1999998092651 -23.4696194529533 -35.1714342832565 -34.4999991357327 -23.4996974468231 -35.1714342832565 -35.1999998092651 -23.4996974468231 -34.9801480770111 -34.4999991357327 -23.4805177897215 -34.9801480770111 -35.1999998092651 -23.4805177897215 -34.8000191152096 -34.4999991357327 -23.4133396297693 -34.8000191152096 -35.1999998092651 -23.4133396297693 -34.6428863704205 -34.4999991357327 -23.3025792986155 -34.6428863704205 -35.1999998092651 -23.3025792986155 -34.5190726220608 -34.4999991357327 -23.1555122882128 -34.5190726220608 -35.1999998092651 -23.1555122882128 -34.4367139041424 -34.4999991357327 -22.9818001389503 -34.4367139041424 -35.1999998092651 -22.9818001389503 -34.4012230634689 -34.4999991357327 -22.7928590029478 -34.4012230634689 -35.1999998092651 -22.7928590029478 -34.4012230634689 -34.4999991357327 -22.7928590029478 -34.1986939311028 -35.1999998092651 -19.2542895674706 -34.1986939311028 -34.4999991357327 -19.2542895674706 -34.4012230634689 -35.1999998092651 -22.7928590029478 -34.1620035469532 -35.1999998092651 -19.0563797950745 -34.1986939311028 -34.4999991357327 -19.2542895674706 -34.1986939311028 -35.1999998092651 -19.2542895674706 -34.0770743787289 -35.1999998092651 -18.873892724514 -34.1620035469532 -34.4999991357327 -19.0563797950745 -33.9492857456207 -35.1999998092651 -18.7183786183596 -34.0770743787289 -34.4999991357327 -18.873892724514 -33.7867252528667 -35.1999998092651 -18.5996852815151 -33.9492857456207 -34.4999991357327 -18.7183786183596 -33.5996821522713 -35.1999998092651 -18.5253228992224 -33.7867252528667 -34.4999991357327 -18.5996852815151 -33.3999991416931 -35.1999998092651 -18.5000021010637 -33.5996821522713 -34.4999991357327 -18.5253228992224 -33.200316131115 -35.1999998092651 -18.5253228992224 -33.3999991416931 -34.4999991357327 -18.5000021010637 -33.0132767558098 -35.1999998092651 -18.5996852815151 -33.200316131115 -34.4999991357327 -18.5253228992224 -32.8507162630558 -35.1999998092651 -18.7183786183596 -33.0132767558098 -34.4999991357327 -18.5996852815151 -32.7229239046574 -35.1999998092651 -18.873892724514 -32.8507162630558 -34.4999991357327 -18.7183786183596 -32.6379984617233 -35.1999998092651 -19.0563797950745 -32.7229239046574 -34.4999991357327 -18.873892724514 -32.6013080775738 -35.1999998092651 -19.2542895674706 -32.6379984617233 -34.4999991357327 -19.0563797950745 -32.6013080775738 -34.4999991357327 -19.2542895674706 -32.6013080775738 -34.4999991357327 -19.2542895674706 -32.3987789452076 -35.1999998092651 -22.7928590029478 -32.3987789452076 -34.4999991357327 -22.7928590029478 -32.6013080775738 -35.1999998092651 -19.2542895674706 -32.3987789452076 -35.1999998092651 -22.7928590029478 -32.3632843792439 -34.4999991357327 -22.9818001389503 -32.3987789452076 -34.4999991357327 -22.7928590029478 -32.3632843792439 -35.1999998092651 -22.9818001389503 -32.2809256613255 -34.4999991357327 -23.1555122882128 -32.2809256613255 -35.1999998092651 -23.1555122882128 -32.1571119129658 -34.4999991357327 -23.3025792986155 -32.1571119129658 -35.1999998092651 -23.3025792986155 -31.9999828934669 -34.4999991357327 -23.4133396297693 -31.9999828934669 -35.1999998092651 -23.4133396297693 -31.8198539316654 -34.4999991357327 -23.4805177897215 -31.8198539316654 -35.1999998092651 -23.4805177897215 -31.62856772542 -34.4999991357327 -23.4996974468231 -31.62856772542 -35.1999998092651 -23.4996974468231 -31.4386896789074 -34.4999991357327 -23.4696194529533 -31.4386896789074 -35.1999998092651 -23.4696194529533 -31.2626957893372 -34.4999991357327 -23.3922582119703 -31.2626957893372 -35.1999998092651 -23.3922582119703 -31.1121474951506 -34.4999991357327 -23.2726987451315 -31.1121474951506 -35.1999998092651 -23.2726987451315 -30.9969410300255 -34.4999991357327 -23.1187976896763 -30.9969410300255 -35.1999998092651 -23.1187976896763 -30.9246424585581 -34.4999991357327 -22.9406636208296 -30.9246424585581 -35.1999998092651 -22.9406636208296 -30.9000033885241 -34.4999991357327 -22.7500032633543 -30.9000033885241 -35.1999998092651 -22.7500032633543 -30.9000033885241 -34.4999991357327 -22.7500032633543 -30.9000033885241 -35.1999998092651 -9.24999639391899 -30.9000033885241 -34.4999991357327 -9.24999639391899 -30.9000033885241 -35.1999998092651 -22.7500032633543 -30.9000033885241 -35.1999998092651 -9.24999639391899 -30.9246424585581 -34.4999991357327 -9.05933603644371 -30.9000033885241 -34.4999991357327 -9.24999639391899 -30.9246424585581 -35.1999998092651 -9.05933603644371 -30.9969410300255 -34.4999991357327 -8.88120289891958 -30.9969410300255 -35.1999998092651 -8.88120289891958 -31.1121474951506 -34.4999991357327 -8.72729998081923 -31.1121474951506 -35.1999998092651 -8.72729998081923 -31.2626957893372 -34.4999991357327 -8.60774144530296 -31.2626957893372 -35.1999998092651 -8.60774144530296 -31.4386896789074 -34.4999991357327 -8.53038113564253 -31.4386896789074 -35.1999998092651 -8.53038113564253 -31.62856772542 -34.4999991357327 -8.50030314177275 -31.62856772542 -35.1999998092651 -8.50030314177275 -31.8198539316654 -34.4999991357327 -8.51948279887438 -31.8198539316654 -35.1999998092651 -8.51948279887438 -31.9999828934669 -34.4999991357327 -8.58665909618139 -31.9999828934669 -35.1999998092651 -8.58665909618139 -32.1571119129658 -34.4999991357327 -8.69742035865784 -32.1571119129658 -35.1999998092651 -8.69742035865784 -32.2809256613255 -34.4999991357327 -8.84448830038309 -32.2809256613255 -35.1999998092651 -8.84448830038309 -32.3632843792439 -34.4999991357327 -9.01819951832294 -32.3632843792439 -35.1999998092651 -9.01819951832294 -32.3987789452076 -34.4999991357327 -9.20714065432549 -32.3987789452076 -35.1999998092651 -9.20714065432549 -32.6013080775738 -35.1999998092651 -12.7457110211253 -32.3987789452076 -34.4999991357327 -9.20714065432549 -32.3987789452076 -35.1999998092651 -9.20714065432549 -32.6013080775738 -34.4999991357327 -12.7457110211253 -32.6379984617233 -35.1999998092651 -12.9436207935214 -32.6013080775738 -34.4999991357327 -12.7457110211253 -32.6013080775738 -35.1999998092651 -12.7457110211253 -32.7229239046574 -35.1999998092651 -13.1261078640819 -32.6379984617233 -34.4999991357327 -12.9436207935214 -32.8507162630558 -35.1999998092651 -13.2816210389137 -32.7229239046574 -34.4999991357327 -13.1261078640819 -33.0132767558098 -35.1999998092651 -13.4003153070807 -32.8507162630558 -34.4999991357327 -13.2816210389137 -33.200316131115 -35.1999998092651 -13.4746767580509 -33.0132767558098 -34.4999991357327 -13.4003153070807 -33.3999991416931 -35.1999998092651 -13.4999984875321 -33.200316131115 -34.4999991357327 -13.4746767580509 -33.5996821522713 -35.1999998092651 -13.4746767580509 -33.3999991416931 -34.4999991357327 -13.4999984875321 -33.7867252528667 -35.1999998092651 -13.4003153070807 -33.5996821522713 -34.4999991357327 -13.4746767580509 -33.9492857456207 -35.1999998092651 -13.2816210389137 -33.7867252528667 -34.4999991357327 -13.4003153070807 -34.0770743787289 -35.1999998092651 -13.1261078640819 -33.9492857456207 -34.4999991357327 -13.2816210389137 -34.1620035469532 -35.1999998092651 -12.9436207935214 -34.0770743787289 -34.4999991357327 -13.1261078640819 -34.1986939311028 -35.1999998092651 -12.7457110211253 -34.1620035469532 -34.4999991357327 -12.9436207935214 -34.1986939311028 -34.4999991357327 -12.7457110211253 -34.1986939311028 -34.4999991357327 -12.7457110211253 -34.4012230634689 -35.1999998092651 -9.20714065432549 -34.4012230634689 -34.4999991357327 -9.20714065432549 -34.1986939311028 -35.1999998092651 -12.7457110211253 -34.4012230634689 -35.1999998092651 -9.20714065432549 -34.4367139041424 -34.4999991357327 -9.01819951832294 -34.4012230634689 -34.4999991357327 -9.20714065432549 -34.4367139041424 -35.1999998092651 -9.01819951832294 -34.5190726220608 -34.4999991357327 -8.84448830038309 -34.5190726220608 -35.1999998092651 -8.84448830038309 -34.6428863704205 -34.4999991357327 -8.69742035865784 -34.6428863704205 -35.1999998092651 -8.69742035865784 -34.8000191152096 -34.4999991357327 -8.58665909618139 -34.8000191152096 -35.1999998092651 -8.58665909618139 -34.9801480770111 -34.4999991357327 -8.51948279887438 -34.9801480770111 -35.1999998092651 -8.51948279887438 -35.1714342832565 -34.4999991357327 -8.50030314177275 -35.1714342832565 -35.1999998092651 -8.50030314177275 -35.3613123297691 -34.4999991357327 -8.53038113564253 -35.3613123297691 -35.1999998092651 -8.53038113564253 -35.5373062193394 -34.4999991357327 -8.60774144530296 -35.5373062193394 -35.1999998092651 -8.60774144530296 -35.6878526508808 -34.4999991357327 -8.72729998081923 -35.6878526508808 -35.1999998092651 -8.72729998081923 -35.803060978651 -34.4999991357327 -8.88120289891958 -35.803060978651 -35.1999998092651 -8.88120289891958 -35.8753576874733 -34.4999991357327 -9.05933603644371 -35.8753576874733 -35.1999998092651 -9.05933603644371 -35.8999967575073 -34.4999991357327 -9.24999639391899 -35.8999967575073 -35.1999998092651 -9.24999639391899 -35.8999967575073 -34.4999991357327 -9.24999639391899 -35.8999967575073 -35.1999998092651 -22.7500032633543 -35.8999967575073 -34.4999991357327 -22.7500032633543 -35.8999967575073 -35.1999998092651 -9.24999639391899 -35.8999967575073 -35.1999998092651 -146.750003099442 -35.8753576874733 -34.4999991357327 -146.940663456917 -35.8999967575073 -34.4999991357327 -146.750003099442 -35.8753576874733 -35.1999998092651 -146.940663456917 -35.803060978651 -34.4999991357327 -147.118791937828 -35.803060978651 -35.1999998092651 -147.118791937828 -35.6878526508808 -34.4999991357327 -147.272706031799 -35.6878526508808 -35.1999998092651 -147.272706031799 -35.5373062193394 -34.4999991357327 -147.392258048058 -35.5373062193394 -35.1999998092651 -147.392258048058 -35.3613123297691 -34.4999991357327 -147.469624876976 -35.3613123297691 -35.1999998092651 -147.469624876976 -35.1714342832565 -34.4999991357327 -147.499695420265 -35.1714342832565 -35.1999998092651 -147.499695420265 -34.9801480770111 -34.4999991357327 -147.480517625809 -34.9801480770111 -35.1999998092651 -147.480517625809 -34.8000191152096 -34.4999991357327 -147.413343191147 -34.8000191152096 -35.1999998092651 -147.413343191147 -34.6428863704205 -34.4999991357327 -147.302582859993 -34.6428863704205 -35.1999998092651 -147.302582859993 -34.5190726220608 -34.4999991357327 -147.15550839901 -34.5190726220608 -35.1999998092651 -147.15550839901 -34.4367139041424 -34.4999991357327 -146.981805562973 -34.4367139041424 -35.1999998092651 -146.981805562973 -34.4012230634689 -34.4999991357327 -146.792858839035 -34.4012230634689 -35.1999998092651 -146.792858839035 -34.1986939311028 -35.1999998092651 -143.254294991493 -34.4012230634689 -34.4999991357327 -146.792858839035 -34.4012230634689 -35.1999998092651 -146.792858839035 -34.1986939311028 -34.4999991357327 -143.254294991493 -34.1620035469532 -35.1999998092651 -143.056377768517 -34.1986939311028 -34.4999991357327 -143.254294991493 -34.1986939311028 -35.1999998092651 -143.254294991493 -34.0770743787289 -35.1999998092651 -142.873898148537 -34.1620035469532 -34.4999991357327 -143.056377768517 -33.9492857456207 -35.1999998092651 -142.718374729156 -34.0770743787289 -34.4999991357327 -142.873898148537 -33.7867252528667 -35.1999998092651 -142.599686980247 -33.9492857456207 -34.4999991357327 -142.718374729156 -33.5996821522713 -35.1999998092651 -142.52533018589 -33.7867252528667 -34.4999991357327 -142.599686980247 -33.3999991416931 -35.1999998092651 -142.499998211861 -33.5996821522713 -34.4999991357327 -142.52533018589 -33.200316131115 -35.1999998092651 -142.52533018589 -33.3999991416931 -34.4999991357327 -142.499998211861 -33.0132767558098 -35.1999998092651 -142.599686980247 -33.200316131115 -34.4999991357327 -142.52533018589 -32.8507162630558 -35.1999998092651 -142.718374729156 -33.0132767558098 -34.4999991357327 -142.599686980247 -32.7229239046574 -35.1999998092651 -142.873898148537 -32.8507162630558 -34.4999991357327 -142.718374729156 -32.6379984617233 -35.1999998092651 -143.056377768517 -32.7229239046574 -34.4999991357327 -142.873898148537 -32.6013080775738 -35.1999998092651 -143.254294991493 -32.6379984617233 -34.4999991357327 -143.056377768517 -32.6013080775738 -34.4999991357327 -143.254294991493 -32.3987789452076 -35.1999998092651 -146.792858839035 -32.6013080775738 -34.4999991357327 -143.254294991493 -32.6013080775738 -35.1999998092651 -143.254294991493 -32.3987789452076 -34.4999991357327 -146.792858839035 -32.3987789452076 -35.1999998092651 -146.792858839035 -32.3632843792439 -34.4999991357327 -146.981805562973 -32.3987789452076 -34.4999991357327 -146.792858839035 -32.3632843792439 -35.1999998092651 -146.981805562973 -32.2809256613255 -34.4999991357327 -147.15550839901 -32.2809256613255 -35.1999998092651 -147.15550839901 -32.1571119129658 -34.4999991357327 -147.302582859993 -32.1571119129658 -35.1999998092651 -147.302582859993 -31.9999828934669 -34.4999991357327 -147.413343191147 -31.9999828934669 -35.1999998092651 -147.413343191147 -31.8198539316654 -34.4999991357327 -147.480517625809 -31.8198539316654 -35.1999998092651 -147.480517625809 -31.62856772542 -34.4999991357327 -147.499695420265 -31.62856772542 -35.1999998092651 -147.499695420265 -31.4386896789074 -34.4999991357327 -147.469624876976 -31.4386896789074 -35.1999998092651 -147.469624876976 -31.2626957893372 -34.4999991357327 -147.392258048058 -31.2626957893372 -35.1999998092651 -147.392258048058 -31.1121474951506 -34.4999991357327 -147.272706031799 -31.1121474951506 -35.1999998092651 -147.272706031799 -30.9969410300255 -34.4999991357327 -147.118791937828 -30.9969410300255 -35.1999998092651 -147.118791937828 -30.9246424585581 -34.4999991357327 -146.940663456917 -30.9246424585581 -35.1999998092651 -146.940663456917 -30.9000033885241 -34.4999991357327 -146.750003099442 -30.9000033885241 -35.1999998092651 -146.750003099442 -30.9000033885241 -34.4999991357327 -146.750003099442 -30.9000033885241 -35.1999998092651 -133.249998092651 -30.9000033885241 -34.4999991357327 -133.249998092651 -30.9000033885241 -35.1999998092651 -146.750003099442 -30.9000033885241 -35.1999998092651 -133.249998092651 -30.9246424585581 -34.4999991357327 -133.059337735176 -30.9000033885241 -34.4999991357327 -133.249998092651 -30.9246424585581 -35.1999998092651 -133.059337735176 -30.9969410300255 -34.4999991357327 -132.881209254265 -30.9969410300255 -35.1999998092651 -132.881209254265 -31.1121474951506 -34.4999991357327 -132.727295160294 -31.1121474951506 -35.1999998092651 -132.727295160294 -31.2626957893372 -34.4999991357327 -132.607743144035 -31.2626957893372 -35.1999998092651 -132.607743144035 -31.4386896789074 -34.4999991357327 -132.530376315117 -31.4386896789074 -35.1999998092651 -132.530376315117 -31.62856772542 -34.4999991357327 -132.500305771828 -31.62856772542 -35.1999998092651 -132.500305771828 -31.8198539316654 -34.4999991357327 -132.519483566284 -31.8198539316654 -35.1999998092651 -132.519483566284 -31.9999828934669 -34.4999991357327 -132.586658000946 -31.9999828934669 -35.1999998092651 -132.586658000946 -32.1571119129658 -34.4999991357327 -132.6974183321 -32.1571119129658 -35.1999998092651 -132.6974183321 -32.2809256613255 -34.4999991357327 -132.844492793083 -32.2809256613255 -35.1999998092651 -132.844492793083 -32.3632843792439 -34.4999991357327 -133.01819562912 -32.3632843792439 -35.1999998092651 -133.01819562912 -32.3987789452076 -34.4999991357327 -133.207142353058 -32.3987789452076 -35.1999998092651 -133.207142353058 -32.3987789452076 -34.4999991357327 -133.207142353058 -32.6013080775738 -35.1999998092651 -136.7457062006 -32.6013080775738 -34.4999991357327 -136.7457062006 -32.3987789452076 -35.1999998092651 -133.207142353058 -32.6379984617233 -35.1999998092651 -136.943623423576 -32.6013080775738 -34.4999991357327 -136.7457062006 -32.6013080775738 -35.1999998092651 -136.7457062006 -32.7229239046574 -35.1999998092651 -137.126103043556 -32.6379984617233 -34.4999991357327 -136.943623423576 -32.8507162630558 -35.1999998092651 -137.281626462936 -32.7229239046574 -34.4999991357327 -137.126103043556 -33.0132767558098 -35.1999998092651 -137.400314211845 -32.8507162630558 -34.4999991357327 -137.281626462936 -33.200316131115 -35.1999998092651 -137.474671006203 -33.0132767558098 -34.4999991357327 -137.400314211845 -33.3999991416931 -35.1999998092651 -137.500002980232 -33.200316131115 -34.4999991357327 -137.474671006203 -33.5996821522713 -35.1999998092651 -137.474671006203 -33.3999991416931 -34.4999991357327 -137.500002980232 -33.7867252528667 -35.1999998092651 -137.400314211845 -33.5996821522713 -34.4999991357327 -137.474671006203 -33.9492857456207 -35.1999998092651 -137.281626462936 -33.7867252528667 -34.4999991357327 -137.400314211845 -34.0770743787289 -35.1999998092651 -137.126103043556 -33.9492857456207 -34.4999991357327 -137.281626462936 -34.1620035469532 -35.1999998092651 -136.943623423576 -34.0770743787289 -34.4999991357327 -137.126103043556 -34.1986939311028 -35.1999998092651 -136.7457062006 -34.1620035469532 -34.4999991357327 -136.943623423576 -34.1986939311028 -34.4999991357327 -136.7457062006 -34.1986939311028 -34.4999991357327 -136.7457062006 -34.4012230634689 -35.1999998092651 -133.207142353058 -34.4012230634689 -34.4999991357327 -133.207142353058 -34.1986939311028 -35.1999998092651 -136.7457062006 -34.4012230634689 -35.1999998092651 -133.207142353058 -34.4367139041424 -34.4999991357327 -133.01819562912 -34.4012230634689 -34.4999991357327 -133.207142353058 -34.4367139041424 -35.1999998092651 -133.01819562912 -34.5190726220608 -34.4999991357327 -132.844492793083 -34.5190726220608 -35.1999998092651 -132.844492793083 -34.6428863704205 -34.4999991357327 -132.6974183321 -34.6428863704205 -35.1999998092651 -132.6974183321 -34.8000191152096 -34.4999991357327 -132.586658000946 -34.8000191152096 -35.1999998092651 -132.586658000946 -34.9801480770111 -34.4999991357327 -132.519483566284 -34.9801480770111 -35.1999998092651 -132.519483566284 -35.1714342832565 -34.4999991357327 -132.500305771828 -35.1714342832565 -35.1999998092651 -132.500305771828 -35.3613123297691 -34.4999991357327 -132.530376315117 -35.3613123297691 -35.1999998092651 -132.530376315117 -35.5373062193394 -34.4999991357327 -132.607743144035 -35.5373062193394 -35.1999998092651 -132.607743144035 -35.6878526508808 -34.4999991357327 -132.727295160294 -35.6878526508808 -35.1999998092651 -132.727295160294 -35.803060978651 -34.4999991357327 -132.881209254265 -35.803060978651 -35.1999998092651 -132.881209254265 -35.8753576874733 -34.4999991357327 -133.059337735176 -35.8753576874733 -35.1999998092651 -133.059337735176 -35.8999967575073 -34.4999991357327 -133.249998092651 -35.8999967575073 -35.1999998092651 -133.249998092651 -35.8999967575073 -35.1999998092651 -146.750003099442 -35.8999967575073 -34.4999991357327 -133.249998092651 -35.8999967575073 -35.1999998092651 -133.249998092651 -35.8999967575073 -34.4999991357327 -146.750003099442 -34.6428863704205 -35.1999998092651 -275.302588939667 -34.5190726220608 -34.4999991357327 -275.155514478683 -34.6428863704205 -34.4999991357327 -275.302588939667 -34.8000191152096 -35.1999998092651 -275.413334369659 -34.8000191152096 -34.4999991357327 -275.413334369659 -34.9801480770111 -35.1999998092651 -275.480508804321 -34.9801480770111 -34.4999991357327 -275.480508804321 -35.1714342832565 -35.1999998092651 -275.499701499939 -35.1714342832565 -34.4999991357327 -275.499701499939 -34.5190726220608 -35.1999998092651 -275.155514478683 -34.4367139041424 -34.4999991357327 -274.981796741486 -35.5373062193394 -35.1999998092651 -275.392264127731 -35.3613123297691 -34.4999991357327 -275.46963095665 -35.5373062193394 -34.4999991357327 -275.392264127731 -35.6878526508808 -35.1999998092651 -275.272697210312 -35.6878526508808 -34.4999991357327 -275.272697210312 -35.803060978651 -35.1999998092651 -275.118798017502 -35.803060978651 -34.4999991357327 -275.118798017502 -35.8753576874733 -35.1999998092651 -274.940669536591 -35.8753576874733 -34.4999991357327 -274.940669536591 -35.8999967575073 -35.1999998092651 -274.749994277954 -35.8999967575073 -34.4999991357327 -274.749994277954 -35.3613123297691 -35.1999998092651 -275.46963095665 -34.4012230634689 -34.4999991357327 -274.792850017548 -34.4367139041424 -35.1999998092651 -274.981796741486 -34.4012230634689 -35.1999998092651 -274.792850017548 -34.4012230634689 -34.4999991357327 -274.792850017548 -34.1986939311028 -35.1999998092651 -271.254301071167 -34.1986939311028 -34.4999991357327 -271.254301071167 -34.4012230634689 -35.1999998092651 -274.792850017548 -34.1620035469532 -35.1999998092651 -271.05638384819 -34.1986939311028 -34.4999991357327 -271.254301071167 -34.1986939311028 -35.1999998092651 -271.254301071167 -34.0770743787289 -35.1999998092651 -270.87390422821 -34.1620035469532 -34.4999991357327 -271.05638384819 -33.9492857456207 -35.1999998092651 -270.718365907669 -34.0770743787289 -34.4999991357327 -270.87390422821 -33.7867252528667 -35.1999998092651 -270.599693059921 -33.9492857456207 -34.4999991357327 -270.718365907669 -33.5996821522713 -35.1999998092651 -270.525336265564 -33.7867252528667 -34.4999991357327 -270.599693059921 -33.3999991416931 -35.1999998092651 -270.500004291534 -33.5996821522713 -34.4999991357327 -270.525336265564 -33.200316131115 -35.1999998092651 -270.525336265564 -33.3999991416931 -34.4999991357327 -270.500004291534 -33.0132767558098 -35.1999998092651 -270.599693059921 -33.200316131115 -34.4999991357327 -270.525336265564 -32.8507162630558 -35.1999998092651 -270.718365907669 -33.0132767558098 -34.4999991357327 -270.599693059921 -32.7229239046574 -35.1999998092651 -270.87390422821 -32.8507162630558 -34.4999991357327 -270.718365907669 -32.6379984617233 -35.1999998092651 -271.05638384819 -32.7229239046574 -34.4999991357327 -270.87390422821 -32.6013080775738 -35.1999998092651 -271.254301071167 -32.6379984617233 -34.4999991357327 -271.05638384819 -32.6013080775738 -34.4999991357327 -271.254301071167 -32.3987789452076 -34.4999991357327 -274.792850017548 -32.6013080775738 -35.1999998092651 -271.254301071167 -32.3987789452076 -35.1999998092651 -274.792850017548 -32.6013080775738 -34.4999991357327 -271.254301071167 -32.3987789452076 -35.1999998092651 -274.792850017548 -32.3632843792439 -34.4999991357327 -274.981796741486 -32.3987789452076 -34.4999991357327 -274.792850017548 -32.3632843792439 -35.1999998092651 -274.981796741486 -32.2809256613255 -34.4999991357327 -275.155514478683 -32.2809256613255 -35.1999998092651 -275.155514478683 -32.1571119129658 -34.4999991357327 -275.302588939667 -32.1571119129658 -35.1999998092651 -275.302588939667 -31.9999828934669 -34.4999991357327 -275.413334369659 -31.9999828934669 -35.1999998092651 -275.413334369659 -31.8198539316654 -34.4999991357327 -275.480508804321 -31.8198539316654 -35.1999998092651 -275.480508804321 -31.62856772542 -34.4999991357327 -275.499701499939 -31.62856772542 -35.1999998092651 -275.499701499939 -31.4386896789074 -34.4999991357327 -275.46963095665 -31.4386896789074 -35.1999998092651 -275.46963095665 -31.2626957893372 -34.4999991357327 -275.392264127731 -31.2626957893372 -35.1999998092651 -275.392264127731 -31.1121474951506 -34.4999991357327 -275.272697210312 -31.1121474951506 -35.1999998092651 -275.272697210312 -30.9969410300255 -34.4999991357327 -275.118798017502 -30.9969410300255 -35.1999998092651 -275.118798017502 -30.9246424585581 -34.4999991357327 -274.940669536591 -30.9246424585581 -35.1999998092651 -274.940669536591 -30.9000033885241 -34.4999991357327 -274.749994277954 -30.9000033885241 -35.1999998092651 -274.749994277954 -30.9000033885241 -34.4999991357327 -274.749994277954 -30.9000033885241 -35.1999998092651 -261.249989271164 -30.9000033885241 -34.4999991357327 -261.249989271164 -30.9000033885241 -35.1999998092651 -274.749994277954 -30.9000033885241 -35.1999998092651 -261.249989271164 -30.9246424585581 -34.4999991357327 -261.05934381485 -30.9000033885241 -34.4999991357327 -261.249989271164 -30.9246424585581 -35.1999998092651 -261.05934381485 -30.9969410300255 -34.4999991357327 -260.881215333939 -30.9969410300255 -35.1999998092651 -260.881215333939 -31.1121474951506 -34.4999991357327 -260.727286338806 -31.1121474951506 -35.1999998092651 -260.727286338806 -31.2626957893372 -34.4999991357327 -260.607749223709 -31.2626957893372 -35.1999998092651 -260.607749223709 -31.4386896789074 -34.4999991357327 -260.530382394791 -31.4386896789074 -35.1999998092651 -260.530382394791 -31.62856772542 -34.4999991357327 -260.500311851501 -31.62856772542 -35.1999998092651 -260.500311851501 -31.8198539316654 -34.4999991357327 -260.519474744797 -31.8198539316654 -35.1999998092651 -260.519474744797 -31.9999828934669 -34.4999991357327 -260.586649179459 -31.9999828934669 -35.1999998092651 -260.586649179459 -32.1571119129658 -34.4999991357327 -260.697424411774 -32.1571119129658 -35.1999998092651 -260.697424411774 -32.2809256613255 -34.4999991357327 -260.844498872757 -32.2809256613255 -35.1999998092651 -260.844498872757 -32.3632843792439 -34.4999991357327 -261.018186807632 -32.3632843792439 -35.1999998092651 -261.018186807632 -32.3987789452076 -34.4999991357327 -261.20713353157 -32.3987789452076 -35.1999998092651 -261.20713353157 -32.3987789452076 -34.4999991357327 -261.20713353157 -32.6013080775738 -35.1999998092651 -264.745712280273 -32.6013080775738 -34.4999991357327 -264.745712280273 -32.3987789452076 -35.1999998092651 -261.20713353157 -34.0770743787289 -34.4999991357327 -265.12610912323 -34.1620035469532 -35.1999998092651 -264.94362950325 -34.1620035469532 -34.4999991357327 -264.94362950325 -34.1986939311028 -35.1999998092651 -264.745712280273 -34.1986939311028 -34.4999991357327 -264.745712280273 -34.0770743787289 -35.1999998092651 -265.12610912323 -33.9492857456207 -34.4999991357327 -265.281617641449 -33.9492857456207 -35.1999998092651 -265.281617641449 -33.7867252528667 -34.4999991357327 -265.400320291519 -33.7867252528667 -35.1999998092651 -265.400320291519 -32.6013080775738 -34.4999991357327 -264.745712280273 -32.6379984617233 -35.1999998092651 -264.94362950325 -32.6379984617233 -34.4999991357327 -264.94362950325 -33.5996821522713 -35.1999998092651 -265.474677085876 -33.3999991416931 -34.4999991357327 -265.500009059906 -33.3999991416931 -35.1999998092651 -265.500009059906 -33.200316131115 -34.4999991357327 -265.474677085876 -33.200316131115 -35.1999998092651 -265.474677085876 -33.0132767558098 -34.4999991357327 -265.400320291519 -33.0132767558098 -35.1999998092651 -265.400320291519 -32.8507162630558 -34.4999991357327 -265.281617641449 -32.8507162630558 -35.1999998092651 -265.281617641449 -32.7229239046574 -34.4999991357327 -265.12610912323 -32.7229239046574 -35.1999998092651 -265.12610912323 -32.6013080775738 -35.1999998092651 -264.745712280273 -33.5996821522713 -34.4999991357327 -265.474677085876 -34.1986939311028 -34.4999991357327 -264.745712280273 -34.4012230634689 -35.1999998092651 -261.20713353157 -34.4012230634689 -34.4999991357327 -261.20713353157 -34.1986939311028 -35.1999998092651 -264.745712280273 -34.4012230634689 -35.1999998092651 -261.20713353157 -34.4367139041424 -34.4999991357327 -261.018186807632 -34.4012230634689 -34.4999991357327 -261.20713353157 -34.4367139041424 -35.1999998092651 -261.018186807632 -34.5190726220608 -34.4999991357327 -260.844498872757 -34.5190726220608 -35.1999998092651 -260.844498872757 -34.6428863704205 -34.4999991357327 -260.697424411774 -34.6428863704205 -35.1999998092651 -260.697424411774 -34.8000191152096 -34.4999991357327 -260.586649179459 -34.8000191152096 -35.1999998092651 -260.586649179459 -34.9801480770111 -34.4999991357327 -260.519474744797 -34.9801480770111 -35.1999998092651 -260.519474744797 -35.1714342832565 -34.4999991357327 -260.500311851501 -35.1714342832565 -35.1999998092651 -260.500311851501 -35.3613123297691 -34.4999991357327 -260.530382394791 -35.3613123297691 -35.1999998092651 -260.530382394791 -35.5373062193394 -34.4999991357327 -260.607749223709 -35.5373062193394 -35.1999998092651 -260.607749223709 -35.6878526508808 -34.4999991357327 -260.727286338806 -35.6878526508808 -35.1999998092651 -260.727286338806 -35.803060978651 -34.4999991357327 -260.881215333939 -35.803060978651 -35.1999998092651 -260.881215333939 -35.8753576874733 -34.4999991357327 -261.05934381485 -35.8753576874733 -35.1999998092651 -261.05934381485 -35.8999967575073 -34.4999991357327 -261.249989271164 -35.8999967575073 -35.1999998092651 -261.249989271164 -35.8999967575073 -35.1999998092651 -261.249989271164 -35.8999967575073 -34.4999991357327 -274.749994277954 -35.8999967575073 -34.4999991357327 -261.249989271164 -35.8999967575073 -35.1999998092651 -274.749994277954 -35.8999967575073 -35.1999998092651 -374.750018119812 -35.8753576874733 -34.4999991357327 -374.940663576126 -35.8999967575073 -34.4999991357327 -374.750018119812 -35.8753576874733 -35.1999998092651 -374.940663576126 -35.803060978651 -34.4999991357327 -375.118792057037 -35.803060978651 -35.1999998092651 -375.118792057037 -35.6878526508808 -34.4999991357327 -375.272691249847 -35.6878526508808 -35.1999998092651 -375.272691249847 -35.5373062193394 -34.4999991357327 -375.392258167267 -35.5373062193394 -35.1999998092651 -375.392258167267 -35.3613123297691 -34.4999991357327 -375.469624996185 -35.3613123297691 -35.1999998092651 -375.469624996185 -35.1714342832565 -34.4999991357327 -375.499695539474 -35.1714342832565 -35.1999998092651 -375.499695539474 -34.9801480770111 -34.4999991357327 -375.480502843857 -34.9801480770111 -35.1999998092651 -375.480502843857 -34.8000191152096 -34.4999991357327 -375.413328409195 -34.8000191152096 -35.1999998092651 -375.413328409195 -34.6428863704205 -34.4999991357327 -375.302582979202 -34.6428863704205 -35.1999998092651 -375.302582979202 -34.5190726220608 -34.4999991357327 -375.155508518219 -34.5190726220608 -35.1999998092651 -375.155508518219 -34.4367139041424 -34.4999991357327 -374.981790781021 -34.4367139041424 -35.1999998092651 -374.981790781021 -34.4012230634689 -34.4999991357327 -374.792873859406 -34.4012230634689 -35.1999998092651 -374.792873859406 -34.1986939311028 -35.1999998092651 -371.254295110703 -34.4012230634689 -34.4999991357327 -374.792873859406 -34.4012230634689 -35.1999998092651 -374.792873859406 -34.1986939311028 -34.4999991357327 -371.254295110703 -34.1620035469532 -35.1999998092651 -371.056377887726 -34.1986939311028 -34.4999991357327 -371.254295110703 -34.1986939311028 -35.1999998092651 -371.254295110703 -34.0770743787289 -35.1999998092651 -370.873898267746 -34.1620035469532 -34.4999991357327 -371.056377887726 -33.9492857456207 -35.1999998092651 -370.718389749527 -34.0770743787289 -34.4999991357327 -370.873898267746 -33.7867252528667 -35.1999998092651 -370.599687099457 -33.9492857456207 -34.4999991357327 -370.718389749527 -33.5996821522713 -35.1999998092651 -370.525330305099 -33.7867252528667 -34.4999991357327 -370.599687099457 -33.3999991416931 -35.1999998092651 -370.49999833107 -33.5996821522713 -34.4999991357327 -370.525330305099 -33.200316131115 -35.1999998092651 -370.525330305099 -33.3999991416931 -34.4999991357327 -370.49999833107 -33.0132767558098 -35.1999998092651 -370.599687099457 -33.200316131115 -34.4999991357327 -370.525330305099 -32.8507162630558 -35.1999998092651 -370.718389749527 -33.0132767558098 -34.4999991357327 -370.599687099457 -32.7229239046574 -35.1999998092651 -370.873898267746 -32.8507162630558 -34.4999991357327 -370.718389749527 -32.6379984617233 -35.1999998092651 -371.056377887726 -32.7229239046574 -34.4999991357327 -370.873898267746 -32.6013080775738 -35.1999998092651 -371.254295110703 -32.6379984617233 -34.4999991357327 -371.056377887726 -32.6013080775738 -34.4999991357327 -371.254295110703 -32.6013080775738 -34.4999991357327 -371.254295110703 -32.3987789452076 -35.1999998092651 -374.792873859406 -32.3987789452076 -34.4999991357327 -374.792873859406 -32.6013080775738 -35.1999998092651 -371.254295110703 -32.3987789452076 -35.1999998092651 -374.792873859406 -32.3632843792439 -34.4999991357327 -374.981790781021 -32.3987789452076 -34.4999991357327 -374.792873859406 -32.3632843792439 -35.1999998092651 -374.981790781021 -32.2809256613255 -34.4999991357327 -375.155508518219 -32.2809256613255 -35.1999998092651 -375.155508518219 -32.1571119129658 -34.4999991357327 -375.302582979202 -32.1571119129658 -35.1999998092651 -375.302582979202 -31.9999828934669 -34.4999991357327 -375.413328409195 -31.9999828934669 -35.1999998092651 -375.413328409195 -31.8198539316654 -34.4999991357327 -375.480502843857 -31.8198539316654 -35.1999998092651 -375.480502843857 -31.62856772542 -34.4999991357327 -375.499695539474 -31.62856772542 -35.1999998092651 -375.499695539474 -31.4386896789074 -34.4999991357327 -375.469624996185 -31.4386896789074 -35.1999998092651 -375.469624996185 -31.2626957893372 -34.4999991357327 -375.392258167267 -31.2626957893372 -35.1999998092651 -375.392258167267 -31.1121474951506 -34.4999991357327 -375.272691249847 -31.1121474951506 -35.1999998092651 -375.272691249847 -30.9969410300255 -34.4999991357327 -375.118792057037 -30.9969410300255 -35.1999998092651 -375.118792057037 -30.9246424585581 -34.4999991357327 -374.940663576126 -30.9246424585581 -35.1999998092651 -374.940663576126 -30.9000033885241 -34.4999991357327 -374.750018119812 -30.9000033885241 -35.1999998092651 -374.750018119812 -30.9000033885241 -34.4999991357327 -374.750018119812 -30.9000033885241 -35.1999998092651 -361.249983310699 -30.9000033885241 -34.4999991357327 -361.249983310699 -30.9000033885241 -35.1999998092651 -374.750018119812 -30.9000033885241 -35.1999998092651 -361.249983310699 -30.9246424585581 -34.4999991357327 -361.059337854385 -30.9000033885241 -34.4999991357327 -361.249983310699 -30.9246424585581 -35.1999998092651 -361.059337854385 -30.9969410300255 -34.4999991357327 -360.881209373474 -30.9969410300255 -35.1999998092651 -360.881209373474 -31.1121474951506 -34.4999991357327 -360.727310180664 -31.1121474951506 -35.1999998092651 -360.727310180664 -31.2626957893372 -34.4999991357327 -360.607743263245 -31.2626957893372 -35.1999998092651 -360.607743263245 -31.4386896789074 -34.4999991357327 -360.530376434326 -31.4386896789074 -35.1999998092651 -360.530376434326 -31.62856772542 -34.4999991357327 -360.500305891037 -31.62856772542 -35.1999998092651 -360.500305891037 -31.8198539316654 -34.4999991357327 -360.519468784332 -31.8198539316654 -35.1999998092651 -360.519468784332 -31.9999828934669 -34.4999991357327 -360.586673021317 -31.9999828934669 -35.1999998092651 -360.586673021317 -32.1571119129658 -34.4999991357327 -360.697418451309 -32.1571119129658 -35.1999998092651 -360.697418451309 -32.2809256613255 -34.4999991357327 -360.844492912292 -32.2809256613255 -35.1999998092651 -360.844492912292 -32.3632843792439 -34.4999991357327 -361.01821064949 -32.3632843792439 -35.1999998092651 -361.01821064949 -32.3987789452076 -34.4999991357327 -361.207127571106 -32.3987789452076 -35.1999998092651 -361.207127571106 -32.3987789452076 -34.4999991357327 -361.207127571106 -32.6013080775738 -35.1999998092651 -364.745706319809 -32.6013080775738 -34.4999991357327 -364.745706319809 -32.3987789452076 -35.1999998092651 -361.207127571106 -33.0132767558098 -35.1999998092651 -365.400314331055 -32.8507162630558 -34.4999991357327 -365.281611680984 -32.8507162630558 -35.1999998092651 -365.281611680984 -32.7229239046574 -34.4999991357327 -365.126103162766 -32.7229239046574 -35.1999998092651 -365.126103162766 -32.6379984617233 -34.4999991357327 -364.943623542786 -32.6379984617233 -35.1999998092651 -364.943623542786 -32.6013080775738 -34.4999991357327 -364.745706319809 -32.6013080775738 -35.1999998092651 -364.745706319809 -33.200316131115 -35.1999998092651 -365.474671125412 -33.0132767558098 -34.4999991357327 -365.400314331055 -33.3999991416931 -35.1999998092651 -365.500003099442 -33.200316131115 -34.4999991357327 -365.474671125412 -33.5996821522713 -35.1999998092651 -365.474671125412 -33.3999991416931 -34.4999991357327 -365.500003099442 -33.7867252528667 -35.1999998092651 -365.400314331055 -33.5996821522713 -34.4999991357327 -365.474671125412 -33.9492857456207 -35.1999998092651 -365.281611680984 -33.7867252528667 -34.4999991357327 -365.400314331055 -34.0770743787289 -35.1999998092651 -365.126103162766 -33.9492857456207 -34.4999991357327 -365.281611680984 -34.1620035469532 -35.1999998092651 -364.943623542786 -34.0770743787289 -34.4999991357327 -365.126103162766 -34.1986939311028 -35.1999998092651 -364.745706319809 -34.1620035469532 -34.4999991357327 -364.943623542786 -34.1986939311028 -34.4999991357327 -364.745706319809 -34.4012230634689 -35.1999998092651 -361.207127571106 -34.1986939311028 -34.4999991357327 -364.745706319809 -34.1986939311028 -35.1999998092651 -364.745706319809 -34.4012230634689 -34.4999991357327 -361.207127571106 -34.4012230634689 -35.1999998092651 -361.207127571106 -34.4367139041424 -34.4999991357327 -361.01821064949 -34.4012230634689 -34.4999991357327 -361.207127571106 -34.4367139041424 -35.1999998092651 -361.01821064949 -34.5190726220608 -34.4999991357327 -360.844492912292 -34.5190726220608 -35.1999998092651 -360.844492912292 -34.6428863704205 -34.4999991357327 -360.697418451309 -34.6428863704205 -35.1999998092651 -360.697418451309 -34.8000191152096 -34.4999991357327 -360.586673021317 -34.8000191152096 -35.1999998092651 -360.586673021317 -34.9801480770111 -34.4999991357327 -360.519468784332 -34.9801480770111 -35.1999998092651 -360.519468784332 -35.1714342832565 -34.4999991357327 -360.500305891037 -35.1714342832565 -35.1999998092651 -360.500305891037 -35.3613123297691 -34.4999991357327 -360.530376434326 -35.3613123297691 -35.1999998092651 -360.530376434326 -35.5373062193394 -34.4999991357327 -360.607743263245 -35.5373062193394 -35.1999998092651 -360.607743263245 -35.6878526508808 -34.4999991357327 -360.727310180664 -35.6878526508808 -35.1999998092651 -360.727310180664 -35.803060978651 -34.4999991357327 -360.881209373474 -35.803060978651 -35.1999998092651 -360.881209373474 -35.8753576874733 -34.4999991357327 -361.059337854385 -35.8753576874733 -35.1999998092651 -361.059337854385 -35.8999967575073 -34.4999991357327 -361.249983310699 -35.8999967575073 -35.1999998092651 -361.249983310699 -35.8999967575073 -34.4999991357327 -374.750018119812 -35.8999967575073 -35.1999998092651 -361.249983310699 -35.8999967575073 -35.1999998092651 -374.750018119812 -35.8999967575073 -34.4999991357327 -361.249983310699 -32.8750014305115 -34.4999991357327 18.3586217463017 -33.6106009781361 -35.1999998092651 18.0539265275002 -32.8750014305115 -35.1999998092651 18.3586217463017 -34.400001168251 -35.1999998092651 24.0499991923571 -35.1893976330757 -34.4999991357327 23.9460729062557 -34.400001168251 -34.4999991357327 24.0499991923571 -35.1893976330757 -35.1999998092651 23.9460729062557 -35.9250009059906 -34.4999991357327 23.6413776874542 -35.9250009059906 -35.1999998092651 23.6413776874542 -36.556676030159 -34.4999991357327 23.156676441431 -36.556676030159 -35.1999998092651 23.156676441431 -37.0413772761822 -34.4999991357327 22.5249994546175 -37.0413772761822 -35.1999998092651 22.5249994546175 -37.3460724949837 -34.4999991357327 21.7893980443478 -37.3460724949837 -35.1999998092651 21.7893980443478 -37.4500006437302 -34.4999991357327 20.9999997168779 -37.4500006437302 -35.1999998092651 20.9999997168779 -37.3460724949837 -34.4999991357327 20.2106013894081 -37.3460724949837 -35.1999998092651 20.2106013894081 -37.0413772761822 -34.4999991357327 19.4749999791384 -37.0413772761822 -35.1999998092651 19.4749999791384 -36.556676030159 -34.4999991357327 18.84332485497 -36.556676030159 -35.1999998092651 18.84332485497 -35.9250009059906 -34.4999991357327 18.3586217463017 -35.9250009059906 -35.1999998092651 18.3586217463017 -35.1893976330757 -34.4999991357327 18.0539265275002 -35.1893976330757 -35.1999998092651 18.0539265275002 -34.400001168251 -34.4999991357327 17.9500002413988 -34.400001168251 -35.1999998092651 17.9500002413988 -33.6106009781361 -34.4999991357327 18.0539265275002 -32.2433225810528 -34.4999991357327 18.84332485497 -32.2433225810528 -35.1999998092651 18.84332485497 -31.7586213350296 -34.4999991357327 19.4749999791384 -31.7586213350296 -35.1999998092651 19.4749999791384 -31.4539261162281 -34.4999991357327 20.2106013894081 -31.4539261162281 -35.1999998092651 20.2106013894081 -31.3500016927719 -34.4999991357327 20.9999997168779 -31.3500016927719 -35.1999998092651 20.9999997168779 -31.4539261162281 -34.4999991357327 21.7893980443478 -31.4539261162281 -35.1999998092651 21.7893980443478 -31.7586213350296 -34.4999991357327 22.5249994546175 -31.7586213350296 -35.1999998092651 22.5249994546175 -32.2433225810528 -34.4999991357327 23.156676441431 -32.2433225810528 -35.1999998092651 23.156676441431 -32.8750014305115 -34.4999991357327 23.6413776874542 -32.8750014305115 -35.1999998092651 23.6413776874542 -33.6106009781361 -34.4999991357327 23.9460729062557 -33.6106009781361 -35.1999998092651 23.9460729062557 -37.3460724949837 -35.1999998092651 -106.210604310036 -37.4500006437302 -34.4999991357327 -107.00000077486 -37.3460724949837 -34.4999991357327 -106.210604310036 -37.0413772761822 -35.1999998092651 -105.475001037121 -37.0413772761822 -34.4999991357327 -105.475001037121 -36.556676030159 -35.1999998092651 -104.843325912952 -36.556676030159 -34.4999991357327 -104.843325912952 -35.9250009059906 -35.1999998092651 -104.358620941639 -35.9250009059906 -34.4999991357327 -104.358620941639 -35.1893976330757 -35.1999998092651 -104.053929448128 -35.1893976330757 -34.4999991357327 -104.053929448128 -34.400001168251 -35.1999998092651 -103.950001299381 -34.400001168251 -34.4999991357327 -103.950001299381 -33.6106009781361 -35.1999998092651 -104.053929448128 -33.6106009781361 -34.4999991357327 -104.053929448128 -32.8750014305115 -35.1999998092651 -104.358620941639 -32.8750014305115 -34.4999991357327 -104.358620941639 -32.2433225810528 -35.1999998092651 -104.843325912952 -32.2433225810528 -34.4999991357327 -104.843325912952 -31.7586213350296 -35.1999998092651 -105.475001037121 -31.7586213350296 -34.4999991357327 -105.475001037121 -31.4539261162281 -35.1999998092651 -106.210604310036 -31.4539261162281 -34.4999991357327 -106.210604310036 -31.3500016927719 -35.1999998092651 -107.00000077486 -31.3500016927719 -34.4999991357327 -107.00000077486 -31.4539261162281 -35.1999998092651 -107.789397239685 -31.4539261162281 -34.4999991357327 -107.789397239685 -31.7586213350296 -35.1999998092651 -108.5250005126 -31.7586213350296 -34.4999991357327 -108.5250005126 -32.2433225810528 -35.1999998092651 -109.156675636768 -32.2433225810528 -34.4999991357327 -109.156675636768 -32.8750014305115 -35.1999998092651 -109.641380608082 -32.8750014305115 -34.4999991357327 -109.641380608082 -33.6106009781361 -35.1999998092651 -109.946072101593 -33.6106009781361 -34.4999991357327 -109.946072101593 -34.400001168251 -35.1999998092651 -110.05000025034 -34.400001168251 -34.4999991357327 -110.05000025034 -35.1893976330757 -35.1999998092651 -109.946072101593 -35.1893976330757 -34.4999991357327 -109.946072101593 -35.9250009059906 -35.1999998092651 -109.641380608082 -35.9250009059906 -34.4999991357327 -109.641380608082 -36.556676030159 -35.1999998092651 -109.156675636768 -36.556676030159 -34.4999991357327 -109.156675636768 -37.0413772761822 -35.1999998092651 -108.5250005126 -37.0413772761822 -34.4999991357327 -108.5250005126 -37.3460724949837 -35.1999998092651 -107.789397239685 -37.3460724949837 -34.4999991357327 -107.789397239685 -37.4500006437302 -35.1999998092651 -107.00000077486 -31.4539261162281 -35.1999998092651 -234.210595488548 -31.7586213350296 -34.4999991357327 -233.474999666214 -31.4539261162281 -34.4999991357327 -234.210595488548 -35.9250009059906 -34.4999991357327 -232.358619570732 -35.1893976330757 -35.1999998092651 -232.05392062664 -35.9250009059906 -35.1999998092651 -232.358619570732 -36.556676030159 -34.4999991357327 -232.843324542046 -36.556676030159 -35.1999998092651 -232.843324542046 -37.0413772761822 -34.4999991357327 -233.474999666214 -37.0413772761822 -35.1999998092651 -233.474999666214 -37.3460724949837 -34.4999991357327 -234.210595488548 -37.3460724949837 -35.1999998092651 -234.210595488548 -37.4500006437302 -34.4999991357327 -234.999999403954 -37.4500006437302 -35.1999998092651 -234.999999403954 -37.3460724949837 -34.4999991357327 -235.789403319359 -37.3460724949837 -35.1999998092651 -235.789403319359 -37.0413772761822 -34.4999991357327 -236.524999141693 -37.0413772761822 -35.1999998092651 -236.524999141693 -36.556676030159 -34.4999991357327 -237.156674265862 -36.556676030159 -35.1999998092651 -237.156674265862 -34.400001168251 -35.1999998092651 -231.949999928474 -35.1893976330757 -34.4999991357327 -232.05392062664 -34.400001168251 -34.4999991357327 -231.949999928474 -35.9250009059906 -34.4999991357327 -237.641379237175 -35.9250009059906 -35.1999998092651 -237.641379237175 -35.1893976330757 -34.4999991357327 -237.946078181267 -35.1893976330757 -35.1999998092651 -237.946078181267 -34.400001168251 -34.4999991357327 -238.049998879433 -34.400001168251 -35.1999998092651 -238.049998879433 -33.6106009781361 -34.4999991357327 -237.946078181267 -33.6106009781361 -35.1999998092651 -237.946078181267 -32.8750014305115 -34.4999991357327 -237.641379237175 -32.8750014305115 -35.1999998092651 -237.641379237175 -32.2433225810528 -34.4999991357327 -237.156674265862 -32.2433225810528 -35.1999998092651 -237.156674265862 -31.7586213350296 -34.4999991357327 -236.524999141693 -31.7586213350296 -35.1999998092651 -236.524999141693 -31.4539261162281 -34.4999991357327 -235.789403319359 -31.4539261162281 -35.1999998092651 -235.789403319359 -31.3500016927719 -34.4999991357327 -234.999999403954 -31.3500016927719 -35.1999998092651 -234.999999403954 -31.7586213350296 -35.1999998092651 -233.474999666214 -32.2433225810528 -34.4999991357327 -232.843324542046 -32.2433225810528 -35.1999998092651 -232.843324542046 -32.8750014305115 -34.4999991357327 -232.358619570732 -32.8750014305115 -35.1999998092651 -232.358619570732 -33.6106009781361 -34.4999991357327 -232.05392062664 -33.6106009781361 -35.1999998092651 -232.05392062664 -21.1249999701977 10.4174679145217 37.0000004768372 -20.8235234022141 10.292592458427 32.0000015199184 -21.1249999701977 10.4174679145217 32.0000015199184 -20.8235234022141 10.292592458427 37.0000004768372 -20.5000005662441 10.2500002831221 32.0000015199184 -20.5000005662441 10.2500002831221 37.0000004768372 -20.1764758676291 10.292592458427 32.0000015199184 -20.1764758676291 10.292592458427 37.0000004768372 -19.8749992996454 10.4174679145217 32.0000015199184 -19.8749992996454 10.4174679145217 37.0000004768372 -19.6161158382893 10.6161162257195 32.0000015199184 -19.6161158382893 10.6161162257195 37.0000004768372 -19.4174684584141 10.8749996870756 32.0000015199184 -19.4174684584141 10.8749996870756 37.0000004768372 -19.2925930023193 11.1764762550592 32.0000015199184 -19.2925930023193 11.1764762550592 37.0000004768372 -19.2499998956919 11.5000000223517 32.0000015199184 -21.7499993741512 11.5000000223517 37.0000004768372 -21.7074081301689 11.1764762550592 32.0000015199184 -21.7499993741512 11.5000000223517 32.0000015199184 -21.3838834315538 10.6161162257195 37.0000004768372 -21.3838834315538 10.6161162257195 32.0000015199184 -21.5825326740742 10.8749996870756 37.0000004768372 -21.5825326740742 10.8749996870756 32.0000015199184 -21.7074081301689 11.1764762550592 37.0000004768372 -19.2499998956919 11.5000000223517 37.0000004768372 -19.2925930023193 11.8235237896442 32.0000015199184 -21.7074081301689 11.8235237896442 37.0000004768372 -21.7074081301689 11.8235237896442 32.0000015199184 -21.5825326740742 12.1250003576279 37.0000004768372 -21.5825326740742 12.1250003576279 32.0000015199184 -21.3838834315538 12.383883818984 37.0000004768372 -21.3838834315538 12.383883818984 32.0000015199184 -21.1249999701977 12.5825321301818 37.0000004768372 -21.1249999701977 12.5825321301818 32.0000015199184 -20.8235234022141 12.7074075862765 37.0000004768372 -20.8235234022141 12.7074075862765 32.0000015199184 -20.5000005662441 12.7499997615814 37.0000004768372 -20.5000005662441 12.7499997615814 32.0000015199184 -20.1764758676291 12.7074075862765 37.0000004768372 -20.1764758676291 12.7074075862765 32.0000015199184 -19.8749992996454 12.5825321301818 37.0000004768372 -19.8749992996454 12.5825321301818 32.0000015199184 -19.6161158382893 12.383883818984 37.0000004768372 -19.6161158382893 12.383883818984 32.0000015199184 -19.4174684584141 12.1250003576279 37.0000004768372 -19.4174684584141 12.1250003576279 32.0000015199184 -19.2925930023193 11.8235237896442 37.0000004768372 -20.5000005662441 11.5000000223517 32.0000015199184 -19.2499998956919 11.5000000223517 32.0000015199184 -19.2925930023193 11.8235237896442 32.0000015199184 -19.2925930023193 11.1764762550592 32.0000015199184 -19.4174684584141 10.8749996870756 32.0000015199184 -19.6161158382893 10.6161162257195 32.0000015199184 -19.8749992996454 10.4174679145217 32.0000015199184 -20.1764758676291 10.292592458427 32.0000015199184 -20.5000005662441 10.2500002831221 32.0000015199184 -20.8235234022141 10.292592458427 32.0000015199184 -21.1249999701977 10.4174679145217 32.0000015199184 -21.3838834315538 10.6161162257195 32.0000015199184 -21.5825326740742 10.8749996870756 32.0000015199184 -21.7074081301689 11.1764762550592 32.0000015199184 -21.7499993741512 11.5000000223517 32.0000015199184 -21.7074081301689 11.8235237896442 32.0000015199184 -21.5825326740742 12.1250003576279 32.0000015199184 -21.3838834315538 12.383883818984 32.0000015199184 -21.1249999701977 12.5825321301818 32.0000015199184 -20.8235234022141 12.7074075862765 32.0000015199184 -20.5000005662441 12.7499997615814 32.0000015199184 -20.1764758676291 12.7074075862765 32.0000015199184 -19.8749992996454 12.5825321301818 32.0000015199184 -19.6161158382893 12.383883818984 32.0000015199184 -19.4174684584141 12.1250003576279 32.0000015199184 -26.7500001937151 21.3660262525082 -16.8999992311001 -26.7500001937151 20.5000005662441 -17.400000244379 -26.7500001937151 21.4659254997969 -16.6588183492422 -26.7500001937151 1.30000000353903 -17.400000244379 -26.7500001937151 21.5000007301569 24.8000007122755 -26.7500001937151 20.9999997168779 25.6660245358944 -26.7500001937151 21.4659254997969 25.0588189810514 -26.7500001937151 0.300000014249235 24.8000007122755 -26.7500001937151 1.30000000353903 25.8000008761883 -26.7500001937151 20.5000005662441 25.8000008761883 -26.7500001937151 21.2071072310209 -17.1071067452431 -26.7500001937151 20.7588188350201 -17.365925014019 -26.7500001937151 0.33407416776754 -16.6588183492422 -26.7500001937151 0.300000014249235 -16.4000000804663 -26.7500001937151 0.433974608313292 25.2999998629093 -26.7500001937151 0.592893222346902 25.5071073770523 -26.7500001937151 20.7588188350201 25.7659256458282 -26.7500001937151 21.5000007301569 -16.4000000804663 -26.7500001937151 0.7999999797903 -17.2660257667303 -26.7500001937151 0.433974608313292 -16.8999992311001 -26.7500001937151 0.33407416776754 25.0588189810514 -26.7500001937151 1.04118091985583 25.7659256458282 -26.7500001937151 0.7999999797903 25.6660245358944 -26.7500001937151 21.3660262525082 25.2999998629093 -26.7500001937151 21.2071072310209 25.5071073770523 -26.7500001937151 1.04118091985583 -17.365925014019 -26.7500001937151 0.592893222346902 -17.1071067452431 -26.7500001937151 20.9999997168779 -17.2660257667303 -27.8999991714954 0.300000014249235 24.8000007122755 -26.7500001937151 0.300000014249235 -16.4000000804663 -27.8999991714954 0.300000014249235 -16.4000000804663 -26.7500001937151 0.300000014249235 24.8000007122755 -27.8999991714954 0.300000014249235 24.8000007122755 -26.7500001937151 0.33407416776754 25.0588189810514 -26.7500001937151 0.300000014249235 24.8000007122755 -27.8999991714954 0.33407416776754 25.0588189810514 -26.7500001937151 0.433974608313292 25.2999998629093 -27.8999991714954 0.433974608313292 25.2999998629093 -26.7500001937151 0.592893222346902 25.5071073770523 -27.8999991714954 0.592893222346902 25.5071073770523 -26.7500001937151 0.7999999797903 25.6660245358944 -26.7500001937151 1.30000000353903 25.8000008761883 -27.8999991714954 1.04118091985583 25.7659256458282 -27.8999991714954 1.30000000353903 25.8000008761883 -27.8999991714954 0.7999999797903 25.6660245358944 -26.7500001937151 1.04118091985583 25.7659256458282 -26.7500001937151 1.30000000353903 25.8000008761883 -27.8999991714954 20.5000005662441 25.8000008761883 -26.7500001937151 20.5000005662441 25.8000008761883 -27.8999991714954 1.30000000353903 25.8000008761883 -26.7500001937151 21.3660262525082 25.2999998629093 -27.8999991714954 21.2071072310209 25.5071073770523 -27.8999991714954 21.3660262525082 25.2999998629093 -26.7500001937151 21.2071072310209 25.5071073770523 -27.8999991714954 20.9999997168779 25.6660245358944 -26.7500001937151 20.9999997168779 25.6660245358944 -27.8999991714954 20.7588188350201 25.7659256458282 -26.7500001937151 20.7588188350201 25.7659256458282 -27.8999991714954 20.5000005662441 25.8000008761883 -26.7500001937151 20.5000005662441 25.8000008761883 -26.7500001937151 21.4659254997969 25.0588189810514 -27.8999991714954 21.4659254997969 25.0588189810514 -26.7500001937151 21.5000007301569 24.8000007122755 -27.8999991714954 21.5000007301569 24.8000007122755 -26.7500001937151 21.5000007301569 -16.4000000804663 -27.8999991714954 21.5000007301569 24.8000007122755 -27.8999991714954 21.5000007301569 -16.4000000804663 -26.7500001937151 21.5000007301569 24.8000007122755 -27.8999991714954 21.2071072310209 -17.1071067452431 -26.7500001937151 20.9999997168779 -17.2660257667303 -26.7500001937151 21.2071072310209 -17.1071067452431 -27.8999991714954 21.5000007301569 -16.4000000804663 -26.7500001937151 21.4659254997969 -16.6588183492422 -26.7500001937151 21.5000007301569 -16.4000000804663 -26.7500001937151 21.3660262525082 -16.8999992311001 -27.8999991714954 21.4659254997969 -16.6588183492422 -27.8999991714954 21.3660262525082 -16.8999992311001 -27.8999991714954 20.9999997168779 -17.2660257667303 -26.7500001937151 20.7588188350201 -17.365925014019 -27.8999991714954 20.7588188350201 -17.365925014019 -26.7500001937151 20.5000005662441 -17.400000244379 -27.8999991714954 20.5000005662441 -17.400000244379 -27.8999991714954 1.30000000353903 -17.400000244379 -26.7500001937151 20.5000005662441 -17.400000244379 -27.8999991714954 20.5000005662441 -17.400000244379 -26.7500001937151 1.30000000353903 -17.400000244379 -26.7500001937151 0.300000014249235 -16.4000000804663 -27.8999991714954 0.33407416776754 -16.6588183492422 -27.8999991714954 0.300000014249235 -16.4000000804663 -26.7500001937151 0.433974608313292 -16.8999992311001 -27.8999991714954 0.592893222346902 -17.1071067452431 -27.8999991714954 0.433974608313292 -16.8999992311001 -26.7500001937151 0.592893222346902 -17.1071067452431 -27.8999991714954 0.7999999797903 -17.2660257667303 -26.7500001937151 0.7999999797903 -17.2660257667303 -27.8999991714954 1.04118091985583 -17.365925014019 -26.7500001937151 1.04118091985583 -17.365925014019 -27.8999991714954 1.30000000353903 -17.400000244379 -26.7500001937151 1.30000000353903 -17.400000244379 -26.7500001937151 0.33407416776754 -16.6588183492422 -26.0000005364418 11.6999996826053 -416.35000705719 -26.0000005364418 8.15000012516975 -416.35000705719 -26.0000005364418 8.27096309512854 -415.431201457977 -26.0000005364418 8.27096309512854 -417.268812656403 -26.0000005364418 8.62560980021954 -418.125003576279 -26.0000005364418 9.18977055698633 -418.860226869583 -26.0000005364418 9.9250003695488 -419.424384832382 -26.0000005364418 10.7811922207475 -419.779032468796 -26.0000005364418 11.6999996826053 -419.900000095367 -26.0000005364418 12.6188071444631 -419.779032468796 -26.0000005364418 13.4749999269843 -419.424384832382 -26.0000005364418 14.2102288082242 -418.860226869583 -26.0000005364418 14.7743904963136 -418.125003576279 -26.0000005364418 15.129036270082 -417.268812656403 -26.0000005364418 15.2500001713634 -416.35000705719 -26.0000005364418 15.129036270082 -415.431201457977 -26.0000005364418 14.7743904963136 -414.575010538101 -26.0000005364418 14.2102288082242 -413.839757442474 -26.0000005364418 13.4749999269843 -413.275599479675 -26.0000005364418 12.6188071444631 -412.920951843262 -26.0000005364418 11.6999996826053 -412.800014019012 -26.0000005364418 10.7811922207475 -412.920951843262 -26.0000005364418 9.9250003695488 -413.275599479675 -26.0000005364418 9.18977055698633 -413.839757442474 -26.0000005364418 8.62560980021954 -414.575010538101 -26.0000005364418 12.6188071444631 -412.920951843262 -27.8999991714954 11.6999996826053 -412.800014019012 -27.8999991714954 12.6188071444631 -412.920951843262 -26.0000005364418 13.4749999269843 -413.275599479675 -27.8999991714954 13.4749999269843 -413.275599479675 -26.0000005364418 14.2102288082242 -413.839757442474 -27.8999991714954 14.2102288082242 -413.839757442474 -26.0000005364418 14.7743904963136 -414.575010538101 -27.8999991714954 14.7743904963136 -414.575010538101 -26.0000005364418 15.129036270082 -415.431201457977 -27.8999991714954 15.129036270082 -415.431201457977 -26.0000005364418 15.2500001713634 -416.35000705719 -27.8999991714954 15.2500001713634 -416.35000705719 -26.0000005364418 15.129036270082 -417.268812656403 -27.8999991714954 15.129036270082 -417.268812656403 -26.0000005364418 14.7743904963136 -418.125003576279 -27.8999991714954 14.7743904963136 -418.125003576279 -26.0000005364418 14.2102288082242 -418.860226869583 -27.8999991714954 14.2102288082242 -418.860226869583 -27.8999991714954 8.27096309512854 -417.268812656403 -26.0000005364418 8.15000012516975 -416.35000705719 -26.0000005364418 8.27096309512854 -417.268812656403 -26.0000005364418 11.6999996826053 -412.800014019012 -27.8999991714954 10.7811922207475 -412.920951843262 -26.0000005364418 11.6999996826053 -419.900000095367 -27.8999991714954 12.6188071444631 -419.779032468796 -27.8999991714954 11.6999996826053 -419.900000095367 -26.0000005364418 10.7811922207475 -419.779032468796 -27.8999991714954 10.7811922207475 -419.779032468796 -26.0000005364418 9.9250003695488 -419.424384832382 -27.8999991714954 9.9250003695488 -419.424384832382 -26.0000005364418 9.18977055698633 -418.860226869583 -27.8999991714954 9.18977055698633 -418.860226869583 -26.0000005364418 8.62560980021954 -418.125003576279 -27.8999991714954 8.62560980021954 -418.125003576279 -27.8999991714954 8.15000012516975 -416.35000705719 -26.0000005364418 10.7811922207475 -412.920951843262 -27.8999991714954 9.9250003695488 -413.275599479675 -26.0000005364418 9.9250003695488 -413.275599479675 -27.8999991714954 9.18977055698633 -413.839757442474 -26.0000005364418 9.18977055698633 -413.839757442474 -27.8999991714954 8.62560980021954 -414.575010538101 -26.0000005364418 8.62560980021954 -414.575010538101 -27.8999991714954 8.27096309512854 -415.431201457977 -26.0000005364418 8.27096309512854 -415.431201457977 -26.0000005364418 12.6188071444631 -419.779032468796 -27.8999991714954 13.4749999269843 -419.424384832382 -26.0000005364418 13.4749999269843 -419.424384832382 -8.20000004023314 -35.1499989628792 37.0000004768372 -8.20000004023314 -41.4500012993813 -453.20001244545 -8.20000004023314 -41.4500012993813 37.0000004768372 -8.20000004023314 -35.1499989628792 -453.20001244545 -7.0903804153204 -41.9096201658249 37.0000004768372 -6.9870837032795 -41.7749993503094 -453.20001244545 -6.9870837032795 -41.7749993503094 37.0000004768372 -6.92214816808701 -41.6182316839695 -453.20001244545 -6.92214816808701 -41.6182316839695 37.0000004768372 -6.89999992027879 -41.4500012993813 -453.20001244545 -6.89999992027879 -41.4500012993813 37.0000004768372 -7.0903804153204 -41.9096201658249 -453.20001244545 -7.22499983385205 -42.0129150152206 37.0000004768372 -7.22499983385205 -42.0129150152206 -453.20001244545 -7.38176750019193 -42.0778505504131 -453.20001244545 -7.55000021308661 -42.1000011265278 37.0000004768372 -7.55000021308661 -42.1000011265278 -453.20001244545 -7.71823246032 -42.0778505504131 37.0000004768372 -7.71823246032 -42.0778505504131 -453.20001244545 -7.87500012665987 -42.0129150152206 37.0000004768372 -7.87500012665987 -42.0129150152206 -453.20001244545 -8.00961907953024 -41.9096201658249 37.0000004768372 -8.00961907953024 -41.9096201658249 -453.20001244545 -8.11291672289371 -41.7749993503094 37.0000004768372 -8.11291672289371 -41.7749993503094 -453.20001244545 -8.17785132676363 -41.6182316839695 37.0000004768372 -8.17785132676363 -41.6182316839695 -453.20001244545 -8.20000004023314 -41.4500012993813 37.0000004768372 -8.20000004023314 -41.4500012993813 -453.20001244545 -7.38176750019193 -42.0778505504131 37.0000004768372 -6.89999992027879 -41.4500012993813 37.0000004768372 -6.89999992027879 -25.9567573666573 -453.20001244545 -6.89999992027879 -25.9567573666573 37.0000004768372 -6.89999992027879 -41.4500012993813 -453.20001244545 -12.9001438617706 85.858941078186 37.0000004768372 -7.90114048868418 -7.30000017210841 -453.20001244545 -12.9001438617706 85.858941078186 -453.20001244545 -6.89999992027879 -25.9567573666573 37.0000004768372 -6.89999992027879 -25.9567573666573 -453.20001244545 -13.0661968141794 86.3836854696274 -453.20001244545 -12.949819676578 86.1318707466125 37.0000004768372 -12.949819676578 86.1318707466125 -453.20001244545 -13.2418721914291 86.5983814001083 -453.20001244545 -13.0661968141794 86.3836854696274 37.0000004768372 -13.4656736627221 86.7623016238213 -453.20001244545 -13.2418721914291 86.5983814001083 37.0000004768372 -13.7233678251505 86.865022778511 -453.20001244545 -13.4656736627221 86.7623016238213 37.0000004768372 -13.998563401401 86.9000032544136 -453.20001244545 -13.7233678251505 86.865022778511 37.0000004768372 -13.998563401401 86.9000032544136 37.0000004768372 -12.9001438617706 85.858941078186 37.0000004768372 -12.9001438617706 85.858941078186 -453.20001244545 -26.7999991774559 86.9000032544136 37.0000004768372 -18.6000000685453 86.9000032544136 -437.000006437302 -26.7999991774559 86.9000032544136 -437.000006437302 -13.998563401401 86.9000032544136 -453.20001244545 -13.998563401401 86.9000032544136 37.0000004768372 -18.6000000685453 86.9000032544136 -453.20001244545 -27.3499991744757 86.7526307702065 -437.000006437302 -27.0847007632256 86.8625193834305 37.0000004768372 -27.0847007632256 86.8625193834305 -437.000006437302 -27.577817440033 86.5778177976608 -437.000006437302 -27.3499991744757 86.7526307702065 37.0000004768372 -27.7526285499334 86.3500013947487 -437.000006437302 -27.577817440033 86.5778177976608 37.0000004768372 -27.8625190258026 86.0847011208534 -437.000006437302 -27.7526285499334 86.3500013947487 37.0000004768372 -27.8999991714954 85.7999995350838 -437.000006437302 -27.8625190258026 86.0847011208534 37.0000004768372 -27.8999991714954 85.7999995350838 37.0000004768372 -26.7999991774559 86.9000032544136 37.0000004768372 -26.7999991774559 86.9000032544136 -437.000006437302 -27.8999991714954 -17.2000005841255 -437.000006437302 -27.8999991714954 8.62560980021954 -414.575010538101 -27.8999991714954 8.27096309512854 -415.431201457977 -27.8999991714954 -17.2000005841255 37.0000004768372 -27.8999991714954 8.27096309512854 -417.268812656403 -27.8999991714954 8.15000012516975 -416.35000705719 -27.8999991714954 9.18977055698633 -418.860226869583 -27.8999991714954 9.9250003695488 -419.424384832382 -27.8999991714954 85.7999995350838 -437.000006437302 -27.8999991714954 12.6188071444631 -419.779032468796 -27.8999991714954 13.4749999269843 -419.424384832382 -27.8999991714954 0.300000014249235 -16.4000000804663 -27.8999991714954 14.7743904963136 -414.575010538101 -27.8999991714954 14.2102288082242 -413.839757442474 -27.8999991714954 13.4749999269843 -413.275599479675 -27.8999991714954 15.129036270082 -415.431201457977 -27.8999991714954 0.33407416776754 -16.6588183492422 -27.8999991714954 15.2500001713634 -416.35000705719 -27.8999991714954 0.433974608313292 -16.8999992311001 -27.8999991714954 0.7999999797903 25.6660245358944 -27.8999991714954 1.04118091985583 25.7659256458282 -27.8999991714954 21.3660262525082 -16.8999992311001 -27.8999991714954 85.7999995350838 37.0000004768372 -27.8999991714954 14.7743904963136 -418.125003576279 -27.8999991714954 15.129036270082 -417.268812656403 -27.8999991714954 1.30000000353903 -17.400000244379 -27.8999991714954 20.5000005662441 -17.400000244379 -27.8999991714954 1.04118091985583 -17.365925014019 -27.8999991714954 0.7999999797903 -17.2660257667303 -27.8999991714954 20.9999997168779 -17.2660257667303 -27.8999991714954 21.2071072310209 -17.1071067452431 -27.8999991714954 20.7588188350201 -17.365925014019 -27.8999991714954 20.5000005662441 25.8000008761883 -27.8999991714954 1.30000000353903 25.8000008761883 -27.8999991714954 0.300000014249235 24.8000007122755 -27.8999991714954 9.18977055698633 -413.839757442474 -27.8999991714954 21.3660262525082 25.2999998629093 -27.8999991714954 21.2071072310209 25.5071073770523 -27.8999991714954 14.2102288082242 -418.860226869583 -27.8999991714954 8.62560980021954 -418.125003576279 -27.8999991714954 10.7811922207475 -412.920951843262 -27.8999991714954 9.9250003695488 -413.275599479675 -27.8999991714954 12.6188071444631 -412.920951843262 -27.8999991714954 0.433974608313292 25.2999998629093 -27.8999991714954 0.592893222346902 25.5071073770523 -27.8999991714954 20.9999997168779 25.6660245358944 -27.8999991714954 10.7811922207475 -419.779032468796 -27.8999991714954 11.6999996826053 -419.900000095367 -27.8999991714954 11.6999996826053 -412.800014019012 -27.8999991714954 0.33407416776754 25.0588189810514 -27.8999991714954 20.7588188350201 25.7659256458282 -27.8999991714954 0.592893222346902 -17.1071067452431 -27.8999991714954 21.5000007301569 24.8000007122755 -27.8999991714954 21.4659254997969 25.0588189810514 -27.8999991714954 21.5000007301569 -16.4000000804663 -27.8999991714954 21.4659254997969 -16.6588183492422 -27.8693325817585 -17.4329373985529 -437.000006437302 -27.8999991714954 -17.2000005841255 37.0000004768372 -27.8999991714954 -17.2000005841255 -437.000006437302 -27.6363957673311 -17.8363956511021 -437.000006437302 -27.7794227004051 -17.6500007510185 37.0000004768372 -27.7794227004051 -17.6500007510185 -437.000006437302 -27.4500008672476 -17.9794225841761 -437.000006437302 -27.6363957673311 -17.8363956511021 37.0000004768372 -27.232937514782 -18.0693324655294 -437.000006437302 -27.4500008672476 -17.9794225841761 37.0000004768372 -27.0000007003546 -18.1000009179115 -437.000006437302 -27.232937514782 -18.0693324655294 37.0000004768372 -27.0000007003546 -18.1000009179115 37.0000004768372 -27.8693325817585 -17.4329373985529 37.0000004768372 -25.2000000327826 -18.1000009179115 35.5000011622906 -24.4999993592501 -18.1000009179115 37.0000004768372 -27.0000007003546 -18.1000009179115 37.0000004768372 -27.0000007003546 -18.1000009179115 -437.000006437302 -25.2000000327826 -18.1000009179115 -437.000006437302 -24.4999993592501 -18.1000009179115 35.5000011622906</float_array><technique_common><accessor count="2960" source="#bau0234565898-mesh-positions-array" stride="3"><param name="X" type="float" /><param name="Y" type="float" /><param name="Z" type="float" /></accessor></technique_common></source><source id="bau0234565898-mesh-normals"><float_array id="bau0234565898-mesh-normals-array" count="8880">0 0 -1 0 0 -1 0 0 -1 0 0 -1 0 0 -1 0 0 -1 0 0 -1 0 0 -1 0 0 -1 0 0 -1 0 0 -1 0 0 -1 0 0 -1 0 0 -1 0 0 -1 0 0 -1 0 0 -1 0 0 -1 0 0 -1 -1 1.05134755117163E-16 0 -1 1.05134755117163E-16 0 -1 1.05134755117163E-16 0 -1 1.05134755117163E-16 0 -1 1.05134755117163E-16 0 -1 1.05134755117163E-16 0 -1 1.05134755117163E-16 0 -1 1.05134755117163E-16 0 -1 1.05134755117163E-16 0 -1 1.05134755117163E-16 0 -1 1.05134755117163E-16 0 -1 1.05134755117163E-16 0 -1 1.05134755117163E-16 0 -1 1.05134755117163E-16 0 -1 1.05134755117163E-16 0 -1 1.05134755117163E-16 0 -1 1.05134755117163E-16 0 -1 1.05134755117163E-16 0 -1 1.05134755117163E-16 0 -1 1.05134755117163E-16 0 -1 1.05134755117163E-16 0 -1 1.05134755117163E-16 0 -1 1.05134755117163E-16 0 -1 1.05134755117163E-16 0 -1 1.05134755117163E-16 0 -1 1.05134755117163E-16 0 -1 1.05134755117163E-16 0 -1 1.05134755117163E-16 0 -1 1.05134755117163E-16 0 -1 1.05134755117163E-16 0 0 0 -1 0 0 -1 0 0 -1 0 0 -1 0 0 -1 0 0 -1 0 0 -1 0 0 -1 0 0 -1 0 0 -1 0 0 -1 0 0 -1 0 0 -1 0 0 -1 0 0 -1 0 0 -1 0 0 -1 0 0 -1 1.0824385440102E-15 -0.998629510402679 -0.0523359552025795 1.0824385440102E-15 -0.998629510402679 -0.0523359552025795 1.0824385440102E-15 -0.998629510402679 -0.0523359552025795 1.0824385440102E-15 -0.998629510402679 -0.0523359552025795 0 0 1 0 0 1 0 0 1 0 0 1 -1.0824385440102E-15 0.998629510402679 -0.0523359552025795 -1.0824385440102E-15 0.998629510402679 -0.0523359552025795 -1.0824385440102E-15 0.998629510402679 -0.0523359552025795 -1.0824385440102E-15 0.998629510402679 -0.0523359552025795 -1.01193025093133E-15 0.93358039855957 -0.358367949724197 -1.01193025093133E-15 0.93358039855957 -0.358367949724197 -1.01193025093133E-15 0.93358039855957 -0.358367949724197 -1.01193025093133E-15 0.93358039855957 -0.358367949724197 0 0 -1 0 0 -1 0 0 -1 0 0 -1 1.01193025093133E-15 -0.93358039855957 -0.358367949724197 1.01193025093133E-15 -0.93358039855957 -0.358367949724197 1.01193025093133E-15 -0.93358039855957 -0.358367949724197 1.01193025093133E-15 -0.93358039855957 -0.358367949724197 -1 1.05134755117163E-16 0 -1 1.05134755117163E-16 0 -1 1.05134755117163E-16 0 -1 1.05134755117163E-16 0 -1 1.05134755117163E-16 0 -1 1.05134755117163E-16 0 1.0824385440102E-15 -0.998629510402679 -0.0523359552025795 1.0824385440102E-15 -0.998629510402679 -0.0523359552025795 1.0824385440102E-15 -0.998629510402679 -0.0523359552025795 1.0824385440102E-15 -0.998629510402679 -0.0523359552025795 0 0 1 0 0 1 0 0 1 0 0 1 -1.0824385440102E-15 0.998629510402679 -0.0523359552025795 -1.0824385440102E-15 0.998629510402679 -0.0523359552025795 -1.0824385440102E-15 0.998629510402679 -0.0523359552025795 -1.0824385440102E-15 0.998629510402679 -0.0523359552025795 -1.01193025093133E-15 0.93358039855957 -0.358367949724197 -1.01193025093133E-15 0.93358039855957 -0.358367949724197 -1.01193025093133E-15 0.93358039855957 -0.358367949724197 -1.01193025093133E-15 0.93358039855957 -0.358367949724197 0 0 -1 0 0 -1 0 0 -1 0 0 -1 1.01193025093133E-15 -0.93358039855957 -0.358367949724197 1.01193025093133E-15 -0.93358039855957 -0.358367949724197 1.01193025093133E-15 -0.93358039855957 -0.358367949724197 1.01193025093133E-15 -0.93358039855957 -0.358367949724197 -1 -1.0858144997006E-15 -5.69051226169771E-17 -1 -1.0858144997006E-15 -5.69051226169771E-17 -1 -1.0858144997006E-15 -5.69051226169771E-17 -1 -1.0858144997006E-15 -5.69051226169771E-17 -1 -1.0858144997006E-15 -5.69051226169771E-17 -1 -1.0858144997006E-15 -5.69051226169771E-17 -1.08392402804145E-15 1 8.67361737988404E-16 -1.08392402804145E-15 1 8.67361737988404E-16 -1.08392402804145E-15 1 8.67361737988404E-16 -1.08392402804145E-15 1 8.67361737988404E-16 0 0 -1 0 0 -1 0 0 -1 0 0 -1 1.08392402804145E-15 -1 0 1.08392402804145E-15 -1 0 1.08392402804145E-15 -1 0 1.08392402804145E-15 -1 0 0 0 1 0 0 1 0 0 1 0 0 1 -1 -1.04083408558608E-15 -9.02779661431517E-31 -1 -1.04083408558608E-15 -9.02779661431517E-31 -1 -1.04083408558608E-15 -9.02779661431517E-31 -1 -1.04083408558608E-15 -9.02779661431517E-31 1 -1.39709275506945E-15 0 1 -1.39709275506945E-15 0 1 -1.39709275506945E-15 0 1 -1.39709275506945E-15 0 0.70710676908493 -9.87893785228862E-16 -0.70710676908493 0.70710676908493 -9.87893785228862E-16 -0.70710676908493 0.70710676908493 -9.87893785228862E-16 -0.70710676908493 0.70710676908493 -9.87893785228862E-16 -0.70710676908493 -0.0523359552025795 7.31181868778166E-17 -0.998629510402679 -0.0523359552025795 7.31181868778166E-17 -0.998629510402679 -0.0523359552025795 7.31181868778166E-17 -0.998629510402679 -0.0523359552025795 7.31181868778166E-17 -0.998629510402679 -1 1.39709275506945E-15 0 -1 1.39709275506945E-15 0 -1 1.39709275506945E-15 0 -1 1.39709275506945E-15 0 -0.0174524057656527 2.43826308626582E-17 0.999847710132599 -0.0174524057656527 2.43826308626582E-17 0.999847710132599 -0.0174524057656527 2.43826308626582E-17 0.999847710132599 -0.0174524057656527 2.43826308626582E-17 0.999847710132599 1.4922352014742E-15 1 0 1.4922352014742E-15 1 0 1.4922352014742E-15 1 0 1.4922352014742E-15 1 0 1.4922352014742E-15 1 0 1.4922352014742E-15 1 0 1.4922352014742E-15 1 0 -1.4922352014742E-15 -1 0 -1.4922352014742E-15 -1 0 -1.4922352014742E-15 -1 0 -1.4922352014742E-15 -1 0 -1.4922352014742E-15 -1 0 -1.4922352014742E-15 -1 0 -1.4922352014742E-15 -1 0 1 -1.39709275506945E-15 0 1 -1.39709275506945E-15 0 1 -1.39709275506945E-15 0 1 -1.39709275506945E-15 0 0.70710676908493 -9.87893785228862E-16 -0.70710676908493 0.70710676908493 -9.87893785228862E-16 -0.70710676908493 0.70710676908493 -9.87893785228862E-16 -0.70710676908493 0.70710676908493 -9.87893785228862E-16 -0.70710676908493 -0.0523359552025795 7.31181868778166E-17 -0.998629510402679 -0.0523359552025795 7.31181868778166E-17 -0.998629510402679 -0.0523359552025795 7.31181868778166E-17 -0.998629510402679 -0.0523359552025795 7.31181868778166E-17 -0.998629510402679 -1 1.39709275506945E-15 0 -1 1.39709275506945E-15 0 -1 1.39709275506945E-15 0 -1 1.39709275506945E-15 0 -0.0174524057656527 2.43826308626582E-17 0.999847710132599 -0.0174524057656527 2.43826308626582E-17 0.999847710132599 -0.0174524057656527 2.43826308626582E-17 0.999847710132599 -0.0174524057656527 2.43826308626582E-17 0.999847710132599 1.4922352014742E-15 1 0 1.4922352014742E-15 1 0 1.4922352014742E-15 1 0 1.4922352014742E-15 1 0 1.4922352014742E-15 1 0 1.4922352014742E-15 1 0 1.4922352014742E-15 1 0 -1.4922352014742E-15 -1 0 -1.4922352014742E-15 -1 0 -1.4922352014742E-15 -1 0 -1.4922352014742E-15 -1 0 -1.4922352014742E-15 -1 0 -1.4922352014742E-15 -1 0 -1.4922352014742E-15 -1 0 -1 0 2.10269510234327E-16 -1 0 2.10269510234327E-16 -1 0 2.10269510234327E-16 -1 0 2.10269510234327E-16 -1 0 2.10269510234327E-16 0 0 -1 0 0 -1 0 0 -1 0 0 -1 0.342020153999329 -0.939692616462708 0 0.342020153999329 -0.939692616462708 0 0.342020153999329 -0.939692616462708 0 0.342020153999329 -0.939692616462708 0 0.342020153999329 -0.939692616462708 0 0.342020153999329 -0.939692616462708 0 -0.939692616462708 -0.342020153999329 0 -0.939692616462708 -0.342020153999329 0 -0.939692616462708 -0.342020153999329 0 -0.939692616462708 -0.342020153999329 0 -0.342020153999329 0.939692616462708 0 -0.342020153999329 0.939692616462708 0 -0.342020153999329 0.939692616462708 0 -0.342020153999329 0.939692616462708 0 -0.342020153999329 0.939692616462708 0 0.342020153999329 -0.939692616462708 0 0.342020153999329 -0.939692616462708 0 0.342020153999329 -0.939692616462708 0 0.342020153999329 -0.939692616462708 0 0.342020153999329 -0.939692616462708 0 0.342020153999329 -0.939692616462708 0 0.342020153999329 -0.939692616462708 0 0.342020153999329 -0.939692616462708 0 0.342020153999329 -0.939692616462708 0 0.342020153999329 -0.939692616462708 0 0.342020153999329 -0.939692616462708 0 -0.939692616462708 -0.342020153999329 0 -0.939692616462708 -0.342020153999329 0 -0.939692616462708 -0.342020153999329 0 -0.939692616462708 -0.342020153999329 0 -0.342020153999329 0.939692616462708 0 -0.342020153999329 0.939692616462708 0 -0.342020153999329 0.939692616462708 0 -0.342020153999329 0.939692616462708 0 -0.342020153999329 0.939692616462708 0 -0.342020153999329 0.939692616462708 0 -0.342020153999329 0.939692616462708 0 -0.342020153999329 0.939692616462708 0 -0.342020153999329 0.939692616462708 0 -0.342020153999329 0.939692616462708 0 -0.342020153999329 0.939692616462708 0 -1 0 0 -1 0 0 -1 0 0 -1 0 0 -1 0 0 -1 0 0 -1 0 0 -1 0 0 -1 0 0 -1 0 0 -1 0 0 -1 0 0 -1 0 0 -1 0 0 -1 0 0 -1 0 0 -1 0 0 -1 0 0 -1 0 0 -1 0 0 -1 0 0 -1 0 0 -1 0 0 0 0 -1 0 0 -1 0 0 -1 0 0 -1 0 0 -1 0 0 -1 0 0 -1 0 0 -1 0 0 -1 0 0 -1 0 0 -1 0 0 -1 0 0 -1 0 0 -1 0 0 -1 0 0 -1 0 0 1 0 0 1 0 0 1 0 0 1 0 0 1 0 0 1 0 0 1 0 0 1 0 0 1 0 0 1 0 0 1 0 0 1 0 0 1 0 0 1 0 0 1 0 0 1 0.0595015212893486 -0.998228192329407 0 -0.191156193614006 -0.981559634208679 0 -0.191156193614006 -0.981559634208679 0 -0.429750591516495 -0.902947664260864 0 -0.429750591516495 -0.902947664260864 0 -0.64122462272644 -0.767353236675262 0 -0.64122462272644 -0.767353236675262 0 -0.812232851982117 -0.583333313465118 4.62592915633376E-14 -0.812232851982117 -0.583333313465118 4.62592915633376E-14 -0.812232851982117 -0.583333313465118 4.62592915633376E-14 -0.812232851982117 -0.583333313465118 4.62592915633376E-14 -0.812232851982117 -0.583333313465118 4.62592915633376E-14 -0.812232851982117 -0.583333313465118 4.62592915633376E-14 -0.812232851982117 -0.583333313465118 4.62592915633376E-14 -0.812232851982117 -0.583333313465118 4.62592915633376E-14 -0.812232851982117 -0.583333313465118 4.62592915633376E-14 -0.812232851982117 -0.583333313465118 4.62592915633376E-14 0.0595015212893486 -0.998228192329407 0 0.306404262781143 -0.951901495456696 0 0.306404262781143 -0.951901495456696 0 0.533970713615417 -0.845502972602844 0 0.533970713615417 -0.845502972602844 0 0.727839767932892 -0.68574720621109 0 0.727839767932892 -0.68574720621109 0 0.875777006149292 -0.482715904712677 0 0.875777006149292 -0.482715904712677 0 0.968446433544159 -0.249221786856651 0 0.968446433544159 -0.249221786856651 0 1 0 5.7824114454172E-15 1 0 5.7824114454172E-15 -5.8737065622964E-16 -1 0 -5.8737065622964E-16 -1 0 -5.8737065622964E-16 -1 0 -5.8737065622964E-16 -1 0 -5.8737065622964E-16 -1 0 -5.8737065622964E-16 -1 0 -5.8737065622964E-16 -1 0 -5.8737065622964E-16 -1 0 -5.8737065622964E-16 -1 0 -5.8737065622964E-16 -1 0 -5.8737065622964E-16 -1 0 -5.8737065622964E-16 -1 0 -5.8737065622964E-16 -1 0 -5.8737065622964E-16 -1 0 -5.8737065622964E-16 -1 0 -5.8737065622964E-16 -1 0 -5.8737065622964E-16 -1 0 -5.8737065622964E-16 -1 0 -5.8737065622964E-16 -1 0 -5.8737065622964E-16 -1 0 -5.8737065622964E-16 -1 0 -5.8737065622964E-16 -1 0 -5.8737065622964E-16 -1 0 -5.8737065622964E-16 -1 0 -5.8737065622964E-16 -1 0 -5.8737065622964E-16 -1 0 -5.8737065622964E-16 -1 0 -5.8737065622964E-16 -1 0 -5.8737065622964E-16 -1 0 -5.8737065622964E-16 -1 0 -5.8737065622964E-16 -1 0 -5.8737065622964E-16 -1 0 -5.8737065622964E-16 -1 0 -5.8737065622964E-16 -1 0 -5.8737065622964E-16 -1 0 -5.8737065622964E-16 -1 0 -5.8737065622964E-16 -1 0 -5.8737065622964E-16 -1 0 -5.8737065622964E-16 -1 0 -5.8737065622964E-16 -1 0 -5.8737065622964E-16 -1 0 -5.8737065622964E-16 -1 0 -5.8737065622964E-16 -1 0 -5.8737065622964E-16 -1 0 -5.8737065622964E-16 -1 0 -5.8737065622964E-16 -1 0 -5.8737065622964E-16 -1 0 -5.8737065622964E-16 -1 0 -5.8737065622964E-16 -1 0 -5.8737065622964E-16 -1 0 -5.8737065622964E-16 -1 0 -5.8737065622964E-16 -1 0 -5.8737065622964E-16 -1 0 -5.8737065622964E-16 -1 0 -5.8737065622964E-16 -1 0 -5.8737065622964E-16 -1 0 -5.8737065622964E-16 -1 0 -5.8737065622964E-16 -1 0 -5.8737065622964E-16 -1 0 -5.8737065622964E-16 -1 0 -5.8737065622964E-16 -1 0 -5.8737065622964E-16 -1 0 -5.8737065622964E-16 -1 0 -5.8737065622964E-16 -1 0 -5.8737065622964E-16 -1 0 -5.8737065622964E-16 -1 0 -5.8737065622964E-16 -1 0 -5.8737065622964E-16 -1 0 -5.8737065622964E-16 -1 0 -5.8737065622964E-16 -1 0 -5.8737065622964E-16 -1 0 -5.8737065622964E-16 -1 0 -5.8737065622964E-16 -1 0 -5.8737065622964E-16 -1 0 -5.8737065622964E-16 -1 0 -5.8737065622964E-16 -1 0 -5.8737065622964E-16 -1 0 -5.8737065622964E-16 -1 0 -5.8737065622964E-16 -1 0 -5.8737065622964E-16 -1 0 -5.8737065622964E-16 -1 0 -5.8737065622964E-16 -1 0 -5.8737065622964E-16 -1 0 -5.8737065622964E-16 -1 0 -5.8737065622964E-16 -1 0 -5.8737065622964E-16 -1 0 -5.8737065622964E-16 -1 0 -5.8737065622964E-16 -1 0 -5.8737065622964E-16 -1 0 -5.8737065622964E-16 -1 0 -5.8737065622964E-16 -1 0 -5.8737065622964E-16 -1 0 -5.8737065622964E-16 -1 0 -5.8737065622964E-16 -1 0 -5.8737065622964E-16 -1 0 -5.8737065622964E-16 -1 0 -5.8737065622964E-16 -1 0 -5.8737065622964E-16 -1 0 -5.8737065622964E-16 -1 0 -5.8737065622964E-16 -1 0 -5.8737065622964E-16 -1 0 -5.8737065622964E-16 -1 0 -5.8737065622964E-16 -1 0 -5.8737065622964E-16 -1 0 -5.8737065622964E-16 -1 0 -5.8737065622964E-16 -1 0 -5.8737065622964E-16 -1 0 -5.8737065622964E-16 -1 0 -5.8737065622964E-16 -1 0 -5.8737065622964E-16 -1 0 -5.8737065622964E-16 -1 0 -5.8737065622964E-16 -1 0 -5.8737065622964E-16 -1 0 -5.8737065622964E-16 -1 0 -5.8737065622964E-16 -1 0 -5.8737065622964E-16 -1 0 -5.8737065622964E-16 -1 0 -5.8737065622964E-16 -1 0 -5.8737065622964E-16 -1 0 -5.8737065622964E-16 -1 0 -5.8737065622964E-16 -1 0 -5.8737065622964E-16 -1 0 -5.8737065622964E-16 -1 0 -5.8737065622964E-16 -1 0 -5.8737065622964E-16 -1 0 -5.8737065622964E-16 -1 0 -5.8737065622964E-16 -1 0 -5.8737065622964E-16 -1 0 -5.8737065622964E-16 -1 0 -5.8737065622964E-16 -1 0 -5.8737065622964E-16 -1 0 -5.8737065622964E-16 -1 0 -5.8737065622964E-16 -1 0 -5.8737065622964E-16 -1 0 -5.8737065622964E-16 -1 0 -5.8737065622964E-16 -1 0 -5.8737065622964E-16 -1 0 -5.8737065622964E-16 -1 0 -5.8737065622964E-16 -1 0 -5.8737065622964E-16 -1 0 -5.8737065622964E-16 -1 0 -5.8737065622964E-16 -1 0 -5.8737065622964E-16 -1 0 -5.8737065622964E-16 -1 0 -5.8737065622964E-16 -1 0 -5.8737065622964E-16 -1 0 -5.8737065622964E-16 -1 0 -5.8737065622964E-16 -1 0 -5.8737065622964E-16 -1 0 -5.8737065622964E-16 -1 0 -5.8737065622964E-16 -1 0 -5.8737065622964E-16 -1 0 -5.8737065622964E-16 -1 0 -5.8737065622964E-16 -1 0 -5.8737065622964E-16 -1 0 -5.8737065622964E-16 -1 0 -5.8737065622964E-16 -1 0 -5.8737065622964E-16 -1 0 -5.8737065622964E-16 -1 0 -5.8737065622964E-16 -1 0 -5.8737065622964E-16 -1 0 -5.8737065622964E-16 -1 0 -5.8737065622964E-16 -1 0 -5.8737065622964E-16 -1 0 -5.8737065622964E-16 -1 0 -5.8737065622964E-16 -1 0 -5.8737065622964E-16 -1 0 -5.8737065622964E-16 -1 0 -5.8737065622964E-16 -1 0 -5.8737065622964E-16 -1 0 -5.8737065622964E-16 -1 0 -5.8737065622964E-16 -1 0 -5.8737065622964E-16 -1 0 -5.8737065622964E-16 -1 0 -5.8737065622964E-16 -1 0 -5.8737065622964E-16 -1 0 -5.8737065622964E-16 -1 0 -5.8737065622964E-16 -1 0 -5.8737065622964E-16 -1 0 -5.8737065622964E-16 -1 0 -5.8737065622964E-16 -1 0 -5.8737065622964E-16 -1 0 -5.8737065622964E-16 -1 0 -5.8737065622964E-16 -1 0 -5.8737065622964E-16 -1 0 -5.8737065622964E-16 -1 0 -5.8737065622964E-16 -1 0 -5.8737065622964E-16 -1 0 -5.8737065622964E-16 -1 0 -5.8737065622964E-16 -1 0 -5.8737065622964E-16 -1 0 -5.8737065622964E-16 -1 0 -5.8737065622964E-16 -1 0 -5.8737065622964E-16 -1 0 -5.8737065622964E-16 -1 0 -5.8737065622964E-16 -1 0 -5.8737065622964E-16 -1 0 -5.8737065622964E-16 -1 0 -5.8737065622964E-16 -1 0 -5.8737065622964E-16 -1 0 -5.8737065622964E-16 -1 0 -5.8737065622964E-16 -1 0 -5.8737065622964E-16 -1 0 -5.8737065622964E-16 -1 0 -5.8737065622964E-16 -1 0 -5.8737065622964E-16 -1 0 -5.8737065622964E-16 -1 0 -5.8737065622964E-16 -1 0 -5.8737065622964E-16 -1 0 -5.8737065622964E-16 -1 0 -5.8737065622964E-16 -1 0 -5.8737065622964E-16 -1 0 -5.8737065622964E-16 -1 0 -5.8737065622964E-16 -1 0 -5.8737065622964E-16 -1 0 -5.8737065622964E-16 -1 0 -5.8737065622964E-16 -1 0 -5.8737065622964E-16 -1 0 -5.8737065622964E-16 -1 0 -5.8737065622964E-16 -1 0 -5.8737065622964E-16 -1 0 -5.8737065622964E-16 -1 0 -5.8737065622964E-16 -1 0 -5.8737065622964E-16 -1 0 -5.8737065622964E-16 -1 0 -5.8737065622964E-16 -1 0 -5.8737065622964E-16 -1 0 -5.8737065622964E-16 -1 0 -5.8737065622964E-16 -1 0 -5.8737065622964E-16 -1 0 -5.8737065622964E-16 -1 0 -5.8737065622964E-16 -1 0 -5.8737065622964E-16 -1 0 -5.8737065622964E-16 -1 0 -5.8737065622964E-16 -1 0 -5.8737065622964E-16 -1 0 -5.8737065622964E-16 -1 0 -5.8737065622964E-16 -1 0 -5.8737065622964E-16 -1 0 -5.8737065622964E-16 -1 0 -5.8737065622964E-16 -1 0 -5.8737065622964E-16 -1 0 -5.8737065622964E-16 -1 0 -5.8737065622964E-16 -1 0 -5.8737065622964E-16 -1 0 -5.8737065622964E-16 -1 0 -5.8737065622964E-16 -1 0 -5.8737065622964E-16 -1 0 -5.8737065622964E-16 -1 0 -5.8737065622964E-16 -1 0 -5.8737065622964E-16 -1 0 -5.8737065622964E-16 -1 0 -5.8737065622964E-16 -1 0 -5.8737065622964E-16 -1 0 -5.8737065622964E-16 -1 0 -5.8737065622964E-16 -1 0 -5.8737065622964E-16 -1 0 -5.8737065622964E-16 -1 0 -5.8737065622964E-16 -1 0 -5.8737065622964E-16 -1 0 -5.8737065622964E-16 -1 0 -5.8737065622964E-16 -1 0 -5.8737065622964E-16 -1 0 -5.8737065622964E-16 -1 0 -5.8737065622964E-16 -1 0 -5.8737065622964E-16 -1 0 -5.8737065622964E-16 -1 0 -5.8737065622964E-16 -1 0 -5.8737065622964E-16 -1 0 -5.8737065622964E-16 -1 0 -5.8737065622964E-16 -1 0 -5.8737065622964E-16 -1 0 -5.8737065622964E-16 -1 0 -5.8737065622964E-16 -1 0 -5.8737065622964E-16 -1 0 -5.8737065622964E-16 -1 0 -5.8737065622964E-16 -1 0 -5.8737065622964E-16 -1 0 -5.8737065622964E-16 -1 0 -5.8737065622964E-16 -1 0 -5.8737065622964E-16 -1 0 -5.8737065622964E-16 -1 0 -5.8737065622964E-16 -1 0 -5.8737065622964E-16 -1 0 -5.8737065622964E-16 -1 0 -5.8737065622964E-16 -1 0 -5.8737065622964E-16 -1 0 -5.8737065622964E-16 -1 0 -5.8737065622964E-16 -1 0 -5.8737065622964E-16 -1 0 -5.8737065622964E-16 -1 0 -5.8737065622964E-16 -1 0 -5.8737065622964E-16 -1 0 -5.8737065622964E-16 -1 0 -5.8737065622964E-16 -1 0 -5.8737065622964E-16 -1 0 -5.8737065622964E-16 -1 0 -5.8737065622964E-16 -1 0 -5.8737065622964E-16 -1 0 -5.8737065622964E-16 -1 0 -5.8737065622964E-16 -1 0 -5.8737065622964E-16 -1 0 -5.8737065622964E-16 -1 0 -5.8737065622964E-16 -1 0 -5.8737065622964E-16 -1 0 -5.8737065622964E-16 -1 0 -5.8737065622964E-16 -1 0 -5.8737065622964E-16 -1 0 -5.8737065622964E-16 -1 0 -5.8737065622964E-16 -1 0 -5.8737065622964E-16 -1 0 -5.8737065622964E-16 -1 0 -5.8737065622964E-16 -1 0 -5.8737065622964E-16 -1 0 -5.8737065622964E-16 -1 0 -5.8737065622964E-16 -1 0 -5.8737065622964E-16 -1 0 -5.8737065622964E-16 -1 0 -5.8737065622964E-16 -1 0 -5.8737065622964E-16 -1 0 -5.8737065622964E-16 -1 0 -5.8737065622964E-16 -1 0 -5.8737065622964E-16 -1 0 -5.8737065622964E-16 -1 0 -5.8737065622964E-16 -1 0 -5.8737065622964E-16 -1 0 -5.8737065622964E-16 -1 0 -5.8737065622964E-16 -1 0 -5.8737065622964E-16 -1 0 -5.8737065622964E-16 -1 0 -5.8737065622964E-16 -1 0 -5.8737065622964E-16 -1 0 -5.8737065622964E-16 -1 0 -5.8737065622964E-16 -1 0 -5.8737065622964E-16 -1 0 -5.8737065622964E-16 -1 0 -5.8737065622964E-16 -1 0 -5.8737065622964E-16 -1 0 -5.8737065622964E-16 -1 0 -5.8737065622964E-16 -1 0 -5.8737065622964E-16 -1 0 -5.8737065622964E-16 -1 0 -5.8737065622964E-16 -1 0 -5.8737065622964E-16 -1 0 -5.8737065622964E-16 -1 0 -5.8737065622964E-16 -1 0 -5.8737065622964E-16 -1 0 -5.8737065622964E-16 -1 0 -5.8737065622964E-16 -1 0 -5.8737065622964E-16 -1 0 -5.8737065622964E-16 -1 0 -5.8737065622964E-16 -1 0 -5.8737065622964E-16 -1 0 -5.8737065622964E-16 -1 0 -5.8737065622964E-16 -1 0 -5.8737065622964E-16 -1 0 -5.8737065622964E-16 -1 0 -5.8737065622964E-16 -1 0 -5.8737065622964E-16 -1 0 -5.8737065622964E-16 -1 0 -5.8737065622964E-16 -1 0 -5.8737065622964E-16 -1 0 -5.8737065622964E-16 -1 0 -5.8737065622964E-16 -1 0 -5.8737065622964E-16 -1 0 -5.8737065622964E-16 -1 0 -5.8737065622964E-16 -1 0 -5.8737065622964E-16 -1 0 -5.8737065622964E-16 -1 0 -5.8737065622964E-16 -1 0 -5.8737065622964E-16 -1 0 -5.8737065622964E-16 -1 0 -5.8737065622964E-16 -1 0 -5.8737065622964E-16 -1 0 -5.8737065622964E-16 -1 0 -5.8737065622964E-16 -1 0 -5.8737065622964E-16 -1 0 -5.8737065622964E-16 -1 0 -5.8737065622964E-16 -1 0 -5.8737065622964E-16 -1 0 -5.8737065622964E-16 -1 0 -5.8737065622964E-16 -1 0 -5.8737065622964E-16 -1 0 -5.8737065622964E-16 -1 0 -5.8737065622964E-16 -1 0 -5.8737065622964E-16 -1 0 -5.8737065622964E-16 -1 0 -5.8737065622964E-16 -1 0 -5.8737065622964E-16 -1 0 -5.8737065622964E-16 -1 0 -5.8737065622964E-16 -1 0 -5.8737065622964E-16 -1 0 -5.8737065622964E-16 -1 0 -5.8737065622964E-16 -1 0 -5.8737065622964E-16 -1 0 -5.8737065622964E-16 -1 0 -5.8737065622964E-16 -1 0 -5.8737065622964E-16 -1 0 -5.8737065622964E-16 -1 0 -5.8737065622964E-16 -1 0 -5.8737065622964E-16 -1 0 -5.8737065622964E-16 -1 0 -5.8737065622964E-16 -1 0 -5.8737065622964E-16 -1 0 -5.8737065622964E-16 -1 0 -5.8737065622964E-16 -1 0 -5.8737065622964E-16 -1 0 -5.8737065622964E-16 -1 0 -5.8737065622964E-16 -1 0 -5.8737065622964E-16 -1 0 -5.8737065622964E-16 -1 0 -5.8737065622964E-16 -1 0 -5.8737065622964E-16 -1 0 -5.8737065622964E-16 -1 0 -5.8737065622964E-16 -1 0 -5.8737065622964E-16 -1 0 -5.8737065622964E-16 -1 0 -5.8737065622964E-16 -1 0 -5.8737065622964E-16 -1 0 -5.8737065622964E-16 -1 0 -5.8737065622964E-16 -1 0 -5.8737065622964E-16 -1 0 -5.8737065622964E-16 -1 0 -5.8737065622964E-16 -1 0 -5.8737065622964E-16 -1 0 -5.8737065622964E-16 -1 0 -5.8737065622964E-16 -1 0 -5.8737065622964E-16 -1 0 -5.8737065622964E-16 -1 0 -5.8737065622964E-16 -1 0 -5.8737065622964E-16 -1 0 -5.8737065622964E-16 -1 0 -5.8737065622964E-16 -1 0 -5.8737065622964E-16 -1 0 -5.8737065622964E-16 -1 0 -5.8737065622964E-16 -1 0 -5.8737065622964E-16 -1 0 -5.8737065622964E-16 -1 0 -5.8737065622964E-16 -1 0 -5.8737065622964E-16 -1 0 -5.8737065622964E-16 -1 0 -5.8737065622964E-16 -1 0 -5.8737065622964E-16 -1 0 -5.8737065622964E-16 -1 0 -5.8737065622964E-16 -1 0 -5.8737065622964E-16 -1 0 -5.8737065622964E-16 -1 0 -5.8737065622964E-16 -1 0 -5.8737065622964E-16 -1 0 -5.8737065622964E-16 -1 0 -5.8737065622964E-16 -1 0 -5.8737065622964E-16 -1 0 -5.8737065622964E-16 -1 0 -5.8737065622964E-16 -1 0 -5.8737065622964E-16 -1 0 -5.8737065622964E-16 -1 0 -5.8737065622964E-16 -1 0 0.342020153999329 -0.939692616462708 0 0.342020153999329 -0.939692616462708 0 0.342020153999329 -0.939692616462708 0 0.342020153999329 -0.939692616462708 0 0.342020153999329 -0.939692616462708 0 0.342020153999329 -0.939692616462708 0 0.342020153999329 -0.939692616462708 0 0.342020153999329 -0.939692616462708 0 0.342020153999329 -0.939692616462708 0 0.342020153999329 -0.939692616462708 0 0.342020153999329 -0.939692616462708 0 0.342020153999329 -0.939692616462708 0 0.342020153999329 -0.939692616462708 0 0.342020153999329 -0.939692616462708 0 0.342020153999329 -0.939692616462708 0 0.342020153999329 -0.939692616462708 0 0.342020153999329 -0.939692616462708 0 0.342020153999329 -0.939692616462708 0 -0.939692616462708 -0.342020153999329 0 -0.939692616462708 -0.342020153999329 0 -0.939692616462708 -0.342020153999329 0 -0.939692616462708 -0.342020153999329 0 -0.939692616462708 -0.342020153999329 0 -0.939692616462708 -0.342020153999329 0 -0.939692616462708 -0.342020153999329 0 -0.939692616462708 -0.342020153999329 0 -0.939692616462708 -0.342020153999329 0 -0.939692616462708 -0.342020153999329 0 -0.939692616462708 -0.342020153999329 0 -0.939692616462708 -0.342020153999329 0 -0.939692616462708 -0.342020153999329 0 -0.939692616462708 -0.342020153999329 0 -0.342020153999329 0.939692616462708 0 -0.342020153999329 0.939692616462708 0 -0.342020153999329 0.939692616462708 0 -0.342020153999329 0.939692616462708 0 -0.342020153999329 0.939692616462708 0 -0.342020153999329 0.939692616462708 0 -0.342020153999329 0.939692616462708 0 -0.342020153999329 0.939692616462708 0 -0.342020153999329 0.939692616462708 0 -0.342020153999329 0.939692616462708 0 -0.342020153999329 0.939692616462708 0 -0.342020153999329 0.939692616462708 0 -0.342020153999329 0.939692616462708 0 -0.342020153999329 0.939692616462708 0 -0.342020153999329 0.939692616462708 0 -0.342020153999329 0.939692616462708 0 -0.342020153999329 0.939692616462708 0 -0.342020153999329 0.939692616462708 0 -0.342020153999329 0.939692616462708 0 -0.342020153999329 0.939692616462708 0 0 1 0 0 1 0 0 1 0 0 1 0 0 1 0 0 1 0 0 1 0 0 1 0 0 1 0 0 1 0 0 1 0 0 1 0 0 1 0 0 1 0 0 1 0 0 1 0 0 1 0 0 1 0 0 1 0 0 1 0 0 1 0 0 1 0 0 1 0 0 1 0 0 1 0 0 1 0 0 1 0 0 1 0 0 1 0 0 1 0 0 1 0 0 1 0 0 1 0 0 1 0 0 1 0 0 1 0 0 1 0 0 1 0 0 1 0 0 1 0 0 1 0 0 1 0 0 1 0 0 1 0 0 1 0 0 1 0 0 1 0 0 1 0 0 1 0 0 1 0 0 1 0 0 1 0 0 1 0 0 1 0 0 1 0 0 1 0 0 1 0 0 1 0 0 1 0 0 1 0 0 1 0 0 1 0 0 1 0 0 1 0 0 1 0 0 1 0 0 1 0 0 1 0 0 1 0 0 1 0 0 1 0 0 1 0 0 1 0 0 1 0 0 1 0 0 1 0 0 1 0 0 1 0 0 1 0 0 1 0 0 1 0 0 1 0 0 1 0 0 1 0 0 1 0 0 1 0 0 1 0 0 1 0 0 1 0 0 1 0 0 1 0 0 1 0 0 1 0 0 1 0 0 1 0 0 1 0 0 1 0 0 1 0 0 1 0 0 1 0 0 1 0 0 1 0 0 1 0 0 1 0 0 1 0 0 1 0 0 1 0 0 1 0 0 1 0 0 1 0 0 1 0 0 1 0 0 1 0 0 1 0 0 1 0 0 1 0 0 1 0 0 1 0 0 1 0 0 1 0 0 1 0 0 1 0 0 1 0 0 1 0 0 1 0 0 1 0 0 1 0 0 1 0 0 1 0 0 1 0 0 1 0 0 1 0 0 1 0 0 1 0 0 1 0 0 1 0 0 1 0 0 1 0 0 1 0 0 1 0 0 1 0 0 1 0 0 1 0 0 1 0 0 1 0 0 1 0 0 1 0 0 1 0 0 1 0 0 1 0 0 1 0 0 1 0 0 1 0 0 1 0 0 1 0 0 1 0 0 1 0 0 1 0 0 1 0 0 1 0 0 1 0 0 1 0 0 1 0 0 1 0 0 1 0 0 1 0 0 1 0 0 1 0 0 1 0 0 1 0 0 1 0 0 1 0 0 1 0 0 1 0 0 1 0 0 1 0 0 1 0 0 1 0 0 1 0 0 1 0 0 1 0 0 1 0 0 1 0 0 1 0 0 1 0 0 1 0 0 1 0 0 1 0 0 1 0 0 1 0 0 1 0 0 1 0 0 1 0 0 1 0 0 1 0 0 1 0 0 1 0 0 1 0 0 1 0 0 1 0 0 1 0 0 1 0 0 1 0 0 1 0 0 1 0 0 1 0 0 1 0 0 1 0 0 1 0 0 1 0 0 1 0 0 1 0 0 1 0 0 1 0 0 1 0 0 1 0 0 1 0 0 1 0 0 1 0 0 1 0 0 1 0 0 1 0 0 1 0 0 1 0 0 1 0 0 1 0 0 1 0 0 1 0 0 1 0 0 1 0 0 1 0 0 1 0 0 1 0 0 1 0 0 1 0 0 1 0 0 1 0 0 1 0 0 1 0 0 1 0 0 1 0 0 1 0 0 1 0 0 1 0 0 1 0 0 1 0 0 1 0 0 1 0 0 1 0 0 1 0 0 1 0 0 1 0 0 1 0 0 1 0 0 1 0 0 1 0 0 1 0 0 1 0 0 1 0 0 1 0 0 1 0 0 1 0 0 1 0 0 1 0 0 1 0 0 1 0 0 1 0 0 1 0 0 1 0 0 1 0 0 1 0 0 1 0 0 1 0 0 1 0 0 1 0 0 1 0 0 1 0 0 1 0 0 1 0 0 1 0 0 1 0 0 1 0 0 1 0 0 1 0 0 1 0 0 1 0 0 1 0 0 1 0 0 1 0 0 1 0 0 1 0 0 1 0 0 1 0 0 1 0 0 1 0 0 1 0 0 1 0 0 1 0 0 1 0 0 1 0 0 1 0 0 1 0 0 1 0 0 1 0 0 1 0 0 1 0 0 1 0 0 1 0 0 1 0 0 1 0 0 1 0 0 1 0 0 1 0 0 1 0 0 1 0 0 1 0 0 1 0 0 1 0 0 1 0 0 1 0 0 1 0 0 1 0 0 1 0 0 1 0 0 1 0 0 1 0 0 1 0 0 1 0 0 1 0 0 1 0 0 1 0 0 1 0 0 1 0 0 1 0 0 1 0 0 1 0 0 1 0 0 1 0 0 1 0 0 1 0 0 1 0 0 1 0 0 1 0 0 1 0 0 1 0 0 1 0 0 1 0 0 1 0 0 1 0 0 1 0 0 1 0 0 1 0 0 1 0 0 1 0 0 1 0 0 1 0 0 1 0 0 1 0 0 1 0 0 1 0 0 1 0 0 1 0 0 1 0 0 1 0 0 1 0 0 1 0 0 1 0 0 1 0 0 1 0 0 1 0 0 1 0 0 1 0 0 1 0 0 1 0 0 1 0 0 1 0 0 1 0 0 1 0 0 1 0 0 1 0 0 1 0 0 1 0 0 1 0 0 1 0 0 1 0 0 1 0 0 1 0 0 1 0 0 1 0 0 1 0 0 1 0 0 1 0 0 1 0 0 1 0 0 1 0 0 1 0 0 1 0 0 1 0 0 1 0 0 1 0 0 1 0 0 1 0 0 1 0 0 1 0 0 1 0 0 1 0 0 1 0 0 1 0 0 1 0 0 1 0 0 1 0 0 1 0 0 1 0 0 1 0 0 1 0 0 1 0 0 1 0 0 1 0 0 1 0 0 1 0 0 1 0 0 1 0 0 1 0 0 1 0 0 1 0 0 1 0 0 1 0 0 1 0 0 1 0 0 1 0 0 1 0 0 1 0 0 1 0 0 1 0 0 1 0 0 1 0 0 1 0 0 1 0 0 1 0 0 -1 0 0 -1 0 0 -1 0 0 -1 0 -1 -1.24576192812234E-16 0 -1 -1.24576192812234E-16 0 -1 -1.24576192812234E-16 0 -1 -1.24576192812234E-16 0 0 -1 7.70988192722293E-15 0 -1 7.70988192722293E-15 0 -1 7.70988192722293E-15 0 -1 7.70988192722293E-15 0 -1 7.70988192722293E-15 0 -1 7.70988192722293E-15 1 0 0 1 0 0 1 0 0 1 0 0 1 0 0 1 0 0 1 0 0 1 0 0 0 0 1 0 0 1 0 0 1 0 0 1 0 0 1 0 0 1 0 0 1 0 0 1 0 0 1 0 0 1 0 0 1 0 0 1 0 0 1 0 0 1 0 0 1 0 0 1 0 0 1 0 0 1 0 0 1 0 0 1 0 0 1 0 0 1 0 0 1 0 0 1 0 0 1 0 0 1 0 0 1 0 0 1 0 0 1 0 0 1 0 0 1 0 0 1 0 0 1 0 0 1 0 0 1 0 0 1 0 0 1 0 0 1 0 0 1 0 0 1 0 0 1 0 0 1 0 0 1 0 0 1 0 0 1 0 0 1 0 0 1 0 0 1 0 0 1 0 0 1 0 0 1 0 0 1 0 0 1 0 0 1 0 0 1 0 0 1 0 0 1 0 0 1 0 0 1 0 0 1 0 0 1 0 0 1 0 0 1 0 0 1 0 -1 0 0 -1 0 0 -1 0 0 -1 0 -1.08408051737846E-15 1 0 -1.08408051737846E-15 1 0 -1.08408051737846E-15 1 0 -1.08408051737846E-15 1 0 0 0 -1 0 0 -1 0 0 -1 0 0 -1 0 0 -1 0 0 -1 0 0 -1 0 0 -1 0 0 -1 0 0 -1 0 0 -1 0 0 -1 0 0 -1 0 0 -1 0 0 -1 0 0 -1 0 0 -1 0 0 -1 0 0 -1 0 0 -1 0 0 -1 0 0 -1 -0.5 0 -0.866025388240814 -0.5 0 -0.866025388240814 -0.5 0 -0.866025388240814 -0.5 0 -0.866025388240814 -0.5 0 -0.866025388240814 -0.5 0 -0.866025388240814 -0.5 0 -0.866025388240814 -0.866025388240814 8.67361737988404E-16 -0.5 -0.793353319168091 8.67361737988404E-16 -0.608761429786682 -0.866025388240814 8.67361737988404E-16 -0.5 -0.793353319168091 8.67361737988404E-16 -0.608761429786682 -0.70710676908493 8.67361737988404E-16 -0.70710676908493 -0.965925812721252 8.67361737988404E-16 -0.258819043636322 -0.923879504203796 8.67361737988404E-16 -0.382683426141739 -0.965925812721252 8.67361737988404E-16 -0.258819043636322 -0.923879504203796 8.67361737988404E-16 -0.382683426141739 -0.5 8.67361737988404E-16 -0.866025388240814 -0.70710676908493 8.67361737988404E-16 -0.70710676908493 -0.5 8.67361737988404E-16 -0.866025388240814 -0.965925812721252 0 -0.258819043636322 -0.965925812721252 0 -0.258819043636322 -0.965925812721252 0 -0.258819043636322 -0.965925812721252 0 -0.258819043636322 -0.965925812721252 8.67361737988404E-16 0.258819043636322 -0.965925812721252 8.67361737988404E-16 0.258819043636322 -0.965925812721252 8.67361737988404E-16 0.258819043636322 -0.965925812721252 8.67361737988404E-16 0.258819043636322 -0.965925812721252 8.67361737988404E-16 0.258819043636322 -0.923879504203796 8.67361737988404E-16 0.382683426141739 -0.923879504203796 8.67361737988404E-16 0.382683426141739 -0.866025388240814 8.67361737988404E-16 0.5 -0.793353319168091 8.67361737988404E-16 0.608761429786682 -0.793353319168091 8.67361737988404E-16 0.608761429786682 -0.70710676908493 8.67361737988404E-16 0.70710676908493 -0.866025388240814 8.67361737988404E-16 0.5 -0.5 0 0.866025388240814 -0.70710676908493 0 0.70710676908493 -0.965925812721252 8.67361737988404E-16 0.258819043636322 -0.5 0 0.866025388240814 -0.5 0 0.866025388240814 -0.5 0 0.866025388240814 -0.5 0 0.866025388240814 -0.5 0 0.866025388240814 -0.5 0 0.866025388240814 -0.5 0 0.866025388240814 -0.5 0 0.866025388240814 -0.173648178577423 0 0.984807729721069 -0.342020153999329 0 0.939692616462708 -0.342020153999329 0 0.939692616462708 -0.5 2.16840434497101E-16 0.866025388240814 -0.5 2.16840434497101E-16 0.866025388240814 -0.173648178577423 0 0.984807729721069 0 2.16840434497101E-16 1 0 2.16840434497101E-16 1 0 1 -3.80421819551016E-16 0 1 -3.80421819551016E-16 0 1 -3.80421819551016E-16 0 1 -3.80421819551016E-16 0 0 -1 0 0 -1 0 0 -1 0 0 -1 0 -1 -3.80421819551016E-16 0 -1 -3.80421819551016E-16 0 -1 -3.80421819551016E-16 0 -1 -3.80421819551016E-16 0 0 1 0 0 1 0 0 1 0 0 1 -1 0 0 -1 0 0 -1 0 0 -1 0 0 0 0 1 0 0 1 0 0 1 0 0 1 0 1 0 0 1 0 0 1 0 0 1 0 0 0 -1 0 0 -1 0 0 -1 0 0 -1 0 -1 0 0 -1 0 0 -1 0 0 -1 0 -1 0 0 -1 0 0 -1 0 0 -1 0 0 -1 1.39709275506945E-15 0 -1 1.39709275506945E-15 0 -1 1.39709275506945E-15 0 -1 1.39709275506945E-15 0 -1 1.39709275506945E-15 0 -1 1.39709275506945E-15 0 -1 1.39709275506945E-15 0 -1 1.39709275506945E-15 0 -1 1.39709275506945E-15 0 -1 1.39709275506945E-15 0 -1 1.39709275506945E-15 0 -1 1.39709275506945E-15 0 -1 1.39709275506945E-15 0 -0.70710676908493 0 -0.70710676908493 -0.70710676908493 0 -0.70710676908493 -0.70710676908493 0 -0.70710676908493 -0.70710676908493 0 -0.70710676908493 -0.70710676908493 0 -0.70710676908493 -0.70710676908493 0 -0.70710676908493 -0.70710676908493 0 0.70710676908493 -0.70710676908493 0 0.70710676908493 -0.70710676908493 0 0.70710676908493 -0.70710676908493 0 0.70710676908493 -0.70710676908493 0 0.70710676908493 -0.70710676908493 0 0.70710676908493 1 0 0 1 0 0 1 0 0 1 0 0 1 0 0 1 0 0 1 0 0 1 0 0 1 0 0 1 0 0 1 0 0 1 0 0 0 0 1 0 0 1 0 0 1 0 0 1 -1 0 0 -1 0 0 -1 0 0 -1 0 0 -1 0 0 -1 0 0 -1 0 0 -1 0 0 -1 0 0 -1 0 0 -1 0 0 -1 0 0 -1 0 0 -1 0 0 -1 0 0 -1 0 0 -1 0 0 -1 0 0 -0.70710676908493 0 -0.70710676908493 -0.70710676908493 0 -0.70710676908493 -0.70710676908493 0 -0.70710676908493 -0.70710676908493 0 -0.70710676908493 -0.70710676908493 0 -0.70710676908493 -0.70710676908493 0 -0.70710676908493 -0.70710676908493 0 0.70710676908493 -0.70710676908493 0 0.70710676908493 -0.70710676908493 0 0.70710676908493 -0.70710676908493 0 0.70710676908493 -0.70710676908493 0 0.70710676908493 -0.70710676908493 0 0.70710676908493 -4.49197294978039E-16 0.642787635326385 0.766044437885284 -4.49197294978039E-16 0.642787635326385 0.766044437885284 -4.49197294978039E-16 0.642787635326385 0.766044437885284 -4.49197294978039E-16 0.642787635326385 0.766044437885284 -4.49197294978039E-16 0.642787635326385 0.766044437885284 -4.49197294978039E-16 0.642787635326385 0.766044437885284 0 1 0 0 1 0 0 1 0 0 1 0 4.49197294978039E-16 0.642787635326385 -0.766044437885284 4.49197294978039E-16 0.642787635326385 -0.766044437885284 4.49197294978039E-16 0.642787635326385 -0.766044437885284 4.49197294978039E-16 0.642787635326385 -0.766044437885284 4.49197294978039E-16 0.642787635326385 -0.766044437885284 4.49197294978039E-16 0.642787635326385 -0.766044437885284 -4.49197294978039E-16 -0.642787635326385 0.766044437885284 -4.49197294978039E-16 -0.642787635326385 0.766044437885284 -4.49197294978039E-16 -0.642787635326385 0.766044437885284 -4.49197294978039E-16 -0.642787635326385 0.766044437885284 -4.49197294978039E-16 -0.642787635326385 0.766044437885284 -4.49197294978039E-16 -0.642787635326385 0.766044437885284 -1.14715525089402E-30 -1 1.95631618882448E-15 -1.14715525089402E-30 -1 1.95631618882448E-15 -1.14715525089402E-30 -1 1.95631618882448E-15 -1.14715525089402E-30 -1 1.95631618882448E-15 4.49197294978039E-16 -0.642787635326385 -0.766044437885284 4.49197294978039E-16 -0.642787635326385 -0.766044437885284 4.49197294978039E-16 -0.642787635326385 -0.766044437885284 4.49197294978039E-16 -0.642787635326385 -0.766044437885284 4.49197294978039E-16 -0.642787635326385 -0.766044437885284 4.49197294978039E-16 -0.642787635326385 -0.766044437885284 -4.49197294978039E-16 0.642787635326385 0.766044437885284 -4.49197294978039E-16 0.642787635326385 0.766044437885284 -4.49197294978039E-16 0.642787635326385 0.766044437885284 -4.49197294978039E-16 0.642787635326385 0.766044437885284 -4.49197294978039E-16 0.642787635326385 0.766044437885284 2.70629103803655E-31 1 -4.6152088320676E-16 2.70629103803655E-31 1 -4.6152088320676E-16 2.70629103803655E-31 1 -4.6152088320676E-16 2.70629103803655E-31 1 -4.6152088320676E-16 4.49197294978039E-16 0.642787635326385 -0.766044437885284 4.49197294978039E-16 0.642787635326385 -0.766044437885284 4.49197294978039E-16 0.642787635326385 -0.766044437885284 4.49197294978039E-16 0.642787635326385 -0.766044437885284 4.49197294978039E-16 0.642787635326385 -0.766044437885284 -4.49197294978039E-16 -0.642787635326385 0.766044437885284 -4.49197294978039E-16 -0.642787635326385 0.766044437885284 -4.49197294978039E-16 -0.642787635326385 0.766044437885284 -4.49197294978039E-16 -0.642787635326385 0.766044437885284 -4.49197294978039E-16 -0.642787635326385 0.766044437885284 -4.49197294978039E-16 -0.642787635326385 0.766044437885284 0 -1 0 0 -1 0 0 -1 0 0 -1 0 4.49197294978039E-16 -0.642787635326385 -0.766044437885284 4.49197294978039E-16 -0.642787635326385 -0.766044437885284 4.49197294978039E-16 -0.642787635326385 -0.766044437885284 4.49197294978039E-16 -0.642787635326385 -0.766044437885284 4.49197294978039E-16 -0.642787635326385 -0.766044437885284 4.49197294978039E-16 -0.642787635326385 -0.766044437885284 1 0 0 1 0 0 1 0 0 1 0 0 1 0 0 1 0 0 1 0 0 1 0 0 1.65798996719165E-16 -0.788507044315338 0.615025699138641 1.90097036783661E-16 -0.904063701629639 0.427397727966309 1.90097036783661E-16 -0.904063701629639 0.427397727966309 1.65798996719165E-16 -0.788507044315338 0.615025699138641 1.33450146719033E-16 -0.634662389755249 0.772789537906647 1.33450146719033E-16 -0.634662389755249 0.772789537906647 2.05164416191445E-16 -0.975721180438995 0.219016313552856 2.10269510234327E-16 -1 0 2.05164416191445E-16 -0.975721180438995 0.219016313552856 2.10269510234327E-16 -1 0 0 -0.449999988079071 0.893028557300568 0 -0.449999988079071 0.893028557300568 1.90097036783661E-16 -0.904063701629639 -0.427397727966309 2.05164416191445E-16 -0.975721180438995 -0.219016313552856 2.05164416191445E-16 -0.975721180438995 -0.219016313552856 1.33450146719033E-16 -0.634662389755249 -0.772789537906647 1.65798996719165E-16 -0.788507044315338 -0.615025699138641 1.65798996719165E-16 -0.788507044315338 -0.615025699138641 2.10269510234327E-16 -1 0 1.90097036783661E-16 -0.904063701629639 -0.427397727966309 9.46212829141694E-17 -0.449999988079071 -0.893028557300568 1.33450146719033E-16 -0.634662389755249 -0.772789537906647 2.10269510234327E-16 -1 0 9.46212829141694E-17 -0.449999988079071 -0.893028557300568 2.10269510234327E-16 -1 0 2.10269510234327E-16 -1 0 2.10269510234327E-16 -1 0 2.10269510234327E-16 -1 0 -1 -2.10269510234327E-16 0 -1 -2.10269510234327E-16 0 -1 -2.10269510234327E-16 0 -1 -2.10269510234327E-16 0 -1 -2.10269510234327E-16 0 -1 -2.10269510234327E-16 0 -1 -2.10269510234327E-16 0 -1 -2.10269510234327E-16 0 -1 -2.10269510234327E-16 0 -1 -2.10269510234327E-16 0 -1 -2.10269510234327E-16 0 -1 -2.10269510234327E-16 0 1 2.10269510234327E-16 0 1 2.10269510234327E-16 0 1 2.10269510234327E-16 0 1 2.10269510234327E-16 0 1 2.10269510234327E-16 0 1 2.10269510234327E-16 0 1 2.10269510234327E-16 0 1 2.10269510234327E-16 0 1 2.10269510234327E-16 0 1 2.10269510234327E-16 0 1 2.10269510234327E-16 0 1 2.10269510234327E-16 0 1 -2.31296470522182E-15 1.85037176417746E-14 0.967147946357727 0 0.254214107990265 1 -2.31296470522182E-15 1.85037176417746E-14 0.967147946357727 0 0.254214107990265 0.870750367641449 0 0.491725325584412 0.870750367641449 0 0.491725325584412 0.717140913009644 0 0.696928143501282 0.717140913009644 0 0.696928143501282 0.516412436962128 0 0.856339991092682 0.516412436962128 0 0.856339991092682 0.28175351023674 0 0.959486842155457 0.28175351023674 0 0.959486842155457 0.0285822600126266 0 0.999591469764709 0.0285822600126266 0 0.999591469764709 -0.226466968655586 0 0.97401887178421 -0.226466968655586 0 0.97401887178421 -0.466636389493942 0 0.884449243545532 -0.466636389493942 0 0.884449243545532 -0.676145911216736 0 0.736767709255219 -0.676145911216736 0 0.736767709255219 -0.841229915618896 0 0.540677607059479 -0.841229915618896 0 0.540677607059479 -0.951041638851166 0 0.309062719345093 -0.951041638851166 0 0.309062719345093 -0.998366117477417 -2.31296470522182E-15 0.0571411624550819 -0.998366117477417 -2.31296470522182E-15 0.0571411624550819 -0.998366117477417 -2.31296470522182E-15 0.0571411624550819 -0.998366117477417 -2.31296470522182E-15 0.0571411624550819 -0.998366117477417 -2.31296470522182E-15 0.0571411624550819 -0.998366117477417 -2.31296470522182E-15 0.0571411624550819 -0.952503323554993 0 0.304528117179871 -0.998366117477417 -2.31296470522182E-15 0.0571411624550819 -0.998366117477417 -2.31296470522182E-15 0.0571411624550819 -0.846343576908112 0 0.532637298107147 -0.952503323554993 0 0.304528117179871 -0.686607182025909 0 0.727028608322144 -0.846343576908112 0 0.532637298107147 -0.483405977487564 0 0.875396311283112 -0.686607182025909 0 0.727028608322144 -0.249603405594826 0 0.968348145484924 -0.483405977487564 0 0.875396311283112 -2.44929370517034E-16 0 1 -0.249603405594826 0 0.968348145484924 0.249603405594826 0 0.968348145484924 -2.44929370517034E-16 0 1 0.483405977487564 0 0.875396311283112 0.249603405594826 0 0.968348145484924 0.686607182025909 0 0.727028608322144 0.483405977487564 0 0.875396311283112 0.846343576908112 0 0.532637298107147 0.686607182025909 0 0.727028608322144 0.952503323554993 0 0.304528117179871 0.846343576908112 0 0.532637298107147 0.998366117477417 2.16840434497101E-15 0.0571411624550819 0.952503323554993 0 0.304528117179871 0.998366117477417 2.16840434497101E-15 0.0571411624550819 0.998366117477417 2.16840434497101E-15 0.0571411624550819 0.998366117477417 2.16840434497101E-15 0.0571411624550819 0.998366117477417 2.16840434497101E-15 0.0571411624550819 0.998366117477417 2.16840434497101E-15 0.0571411624550819 0.998366117477417 2.16840434497101E-15 0.0571411624550819 0.951041638851166 0 0.309062719345093 0.998366117477417 2.16840434497101E-15 0.0571411624550819 0.951041638851166 0 0.309062719345093 0.841229915618896 0 0.540677607059479 0.841229915618896 0 0.540677607059479 0.676145911216736 0 0.736767709255219 0.676145911216736 0 0.736767709255219 0.466636389493942 0 0.884449243545532 0.466636389493942 0 0.884449243545532 0.226466968655586 0 0.97401887178421 0.226466968655586 0 0.97401887178421 -0.0285822600126266 0 0.999591469764709 -0.0285822600126266 0 0.999591469764709 -0.28175351023674 0 0.959486842155457 -0.28175351023674 0 0.959486842155457 -0.516412436962128 0 0.856339991092682 -0.516412436962128 0 0.856339991092682 -0.717140913009644 0 0.696928143501282 -0.717140913009644 0 0.696928143501282 -0.870750367641449 0 0.491725325584412 -0.870750367641449 0 0.491725325584412 -0.967147946357727 0 0.254214107990265 -0.967147946357727 0 0.254214107990265 -1 -2.31296470522182E-15 0 -1 -2.31296470522182E-15 0 -1 -2.31296470522182E-15 0 -1 -2.31296470522182E-15 0 -1 -2.31296470522182E-15 0 -1 -2.31296470522182E-15 0 -1 -2.31296470522182E-15 0 -0.967147946357727 0 -0.254214107990265 -1 -2.31296470522182E-15 0 -0.967147946357727 0 -0.254214107990265 -0.870750367641449 0 -0.491725325584412 -0.870750367641449 0 -0.491725325584412 -0.717140913009644 0 -0.696928143501282 -0.717140913009644 0 -0.696928143501282 -0.516412436962128 0 -0.856339991092682 -0.516412436962128 0 -0.856339991092682 -0.28175351023674 0 -0.959486842155457 -0.28175351023674 0 -0.959486842155457 -0.0285822600126266 0 -0.999591469764709 -0.0285822600126266 0 -0.999591469764709 0.226466968655586 0 -0.97401887178421 0.226466968655586 0 -0.97401887178421 0.466636389493942 0 -0.884449243545532 0.466636389493942 0 -0.884449243545532 0.676145911216736 0 -0.736767709255219 0.676145911216736 0 -0.736767709255219 0.841229915618896 0 -0.540677607059479 0.841229915618896 0 -0.540677607059479 0.951041638851166 0 -0.309062719345093 0.951041638851166 0 -0.309062719345093 0.998366117477417 -2.31296470522182E-15 -0.0571411624550819 0.998366117477417 -2.31296470522182E-15 -0.0571411624550819 0.998366117477417 -2.31296470522182E-15 -0.0571411624550819 0.998366117477417 -2.31296470522182E-15 -0.0571411624550819 0.998366117477417 -2.31296470522182E-15 -0.0571411624550819 0.998366117477417 -2.31296470522182E-15 -0.0571411624550819 0.952503323554993 0 -0.304528117179871 0.998366117477417 -2.31296470522182E-15 -0.0571411624550819 0.998366117477417 -2.31296470522182E-15 -0.0571411624550819 0.846343576908112 0 -0.532637298107147 0.952503323554993 0 -0.304528117179871 0.686607182025909 0 -0.727028608322144 0.846343576908112 0 -0.532637298107147 0.483405977487564 0 -0.875396311283112 0.686607182025909 0 -0.727028608322144 0.249603405594826 0 -0.968348145484924 0.483405977487564 0 -0.875396311283112 8.56015985769816E-15 0 -1 0.249603405594826 0 -0.968348145484924 -0.249603405594826 0 -0.968348145484924 8.56015985769816E-15 0 -1 -0.483405977487564 0 -0.875396311283112 -0.249603405594826 0 -0.968348145484924 -0.686607182025909 0 -0.727028608322144 -0.483405977487564 0 -0.875396311283112 -0.846343576908112 0 -0.532637298107147 -0.686607182025909 0 -0.727028608322144 -0.952503323554993 0 -0.304528117179871 -0.846343576908112 0 -0.532637298107147 -0.998366117477417 2.16840434497101E-15 -0.0571411624550819 -0.952503323554993 0 -0.304528117179871 -0.998366117477417 2.16840434497101E-15 -0.0571411624550819 -0.998366117477417 2.16840434497101E-15 -0.0571411624550819 -0.998366117477417 2.16840434497101E-15 -0.0571411624550819 -0.998366117477417 2.16840434497101E-15 -0.0571411624550819 -0.998366117477417 2.16840434497101E-15 -0.0571411624550819 -0.998366117477417 2.16840434497101E-15 -0.0571411624550819 -0.951041638851166 0 -0.309062719345093 -0.998366117477417 2.16840434497101E-15 -0.0571411624550819 -0.951041638851166 0 -0.309062719345093 -0.841229915618896 0 -0.540677607059479 -0.841229915618896 0 -0.540677607059479 -0.676145911216736 0 -0.736767709255219 -0.676145911216736 0 -0.736767709255219 -0.466636389493942 0 -0.884449243545532 -0.466636389493942 0 -0.884449243545532 -0.226466968655586 0 -0.97401887178421 -0.226466968655586 0 -0.97401887178421 0.0285822600126266 0 -0.999591469764709 0.0285822600126266 0 -0.999591469764709 0.28175351023674 0 -0.959486842155457 0.28175351023674 0 -0.959486842155457 0.516412436962128 0 -0.856339991092682 0.516412436962128 0 -0.856339991092682 0.717140913009644 0 -0.696928143501282 0.717140913009644 0 -0.696928143501282 0.870750367641449 0 -0.491725325584412 0.870750367641449 0 -0.491725325584412 0.967147946357727 0 -0.254214107990265 0.967147946357727 0 -0.254214107990265 1 -2.31296470522182E-15 0 1 -2.31296470522182E-15 0 1 -2.31296470522182E-15 0 1 -2.31296470522182E-15 0 1 -2.31296470522182E-15 0 1 -2.31296470522182E-15 0 1 -2.31296470522182E-15 0 0.967147946357727 0 0.254214107990265 1 -2.31296470522182E-15 0 0.967147946357727 0 0.254214107990265 0.870750367641449 0 0.491725325584412 0.870750367641449 0 0.491725325584412 0.717140913009644 0 0.696928143501282 0.717140913009644 0 0.696928143501282 0.516412436962128 0 0.856339991092682 0.516412436962128 0 0.856339991092682 0.28175351023674 0 0.959486842155457 0.28175351023674 0 0.959486842155457 0.0285822600126266 0 0.999591469764709 0.0285822600126266 0 0.999591469764709 -0.226466968655586 0 0.97401887178421 -0.226466968655586 0 0.97401887178421 -0.466636389493942 0 0.884449243545532 -0.466636389493942 0 0.884449243545532 -0.676145911216736 0 0.736767709255219 -0.676145911216736 0 0.736767709255219 -0.841229915618896 0 0.540677607059479 -0.841229915618896 0 0.540677607059479 -0.951041638851166 0 0.309062719345093 -0.951041638851166 0 0.309062719345093 -0.998366117477417 -2.31296470522182E-15 0.0571411624550819 -0.998366117477417 -2.31296470522182E-15 0.0571411624550819 -0.998366117477417 -2.31296470522182E-15 0.0571411624550819 -0.998366117477417 -2.31296470522182E-15 0.0571411624550819 -0.998366117477417 -2.31296470522182E-15 0.0571411624550819 -0.998366117477417 -2.31296470522182E-15 0.0571411624550819 -0.952503323554993 0 0.304528117179871 -0.998366117477417 -2.31296470522182E-15 0.0571411624550819 -0.998366117477417 -2.31296470522182E-15 0.0571411624550819 -0.846343576908112 0 0.532637298107147 -0.952503323554993 0 0.304528117179871 -0.686607182025909 0 0.727028608322144 -0.846343576908112 0 0.532637298107147 -0.483405977487564 0 0.875396311283112 -0.686607182025909 0 0.727028608322144 -0.249603405594826 0 0.968348145484924 -0.483405977487564 0 0.875396311283112 -2.44929370517034E-16 0 1 -0.249603405594826 0 0.968348145484924 0.249603405594826 0 0.968348145484924 -2.44929370517034E-16 0 1 0.483405977487564 0 0.875396311283112 0.249603405594826 0 0.968348145484924 0.686607182025909 0 0.727028608322144 0.483405977487564 0 0.875396311283112 0.846343576908112 0 0.532637298107147 0.686607182025909 0 0.727028608322144 0.952503323554993 0 0.304528117179871 0.846343576908112 0 0.532637298107147 0.998366117477417 2.16840434497101E-15 0.0571411624550819 0.952503323554993 0 0.304528117179871 0.998366117477417 2.16840434497101E-15 0.0571411624550819 0.998366117477417 2.16840434497101E-15 0.0571411624550819 0.998366117477417 2.16840434497101E-15 0.0571411624550819 0.998366117477417 2.16840434497101E-15 0.0571411624550819 0.998366117477417 2.16840434497101E-15 0.0571411624550819 0.998366117477417 2.16840434497101E-15 0.0571411624550819 0.951041638851166 0 0.309062719345093 0.998366117477417 2.16840434497101E-15 0.0571411624550819 0.951041638851166 0 0.309062719345093 0.841229915618896 0 0.540677607059479 0.841229915618896 0 0.540677607059479 0.676145911216736 0 0.736767709255219 0.676145911216736 0 0.736767709255219 0.466636389493942 0 0.884449243545532 0.466636389493942 0 0.884449243545532 0.226466968655586 0 0.97401887178421 0.226466968655586 0 0.97401887178421 -0.0285822600126266 0 0.999591469764709 -0.0285822600126266 0 0.999591469764709 -0.28175351023674 0 0.959486842155457 -0.28175351023674 0 0.959486842155457 -0.516412436962128 0 0.856339991092682 -0.516412436962128 0 0.856339991092682 -0.717140913009644 0 0.696928143501282 -0.717140913009644 0 0.696928143501282 -0.870750367641449 0 0.491725325584412 -0.870750367641449 0 0.491725325584412 -0.967147946357727 0 0.254214107990265 -0.967147946357727 0 0.254214107990265 -1 -2.31296470522182E-15 0 -1 -2.31296470522182E-15 0 -1 -2.31296470522182E-15 0 -1 -2.31296470522182E-15 0 -1 -2.31296470522182E-15 0 -1 -2.31296470522182E-15 0 -1 -2.31296470522182E-15 0 -0.967147946357727 0 -0.254214107990265 -1 -2.31296470522182E-15 0 -0.967147946357727 0 -0.254214107990265 -0.870750367641449 0 -0.491725325584412 -0.870750367641449 0 -0.491725325584412 -0.717140913009644 0 -0.696928143501282 -0.717140913009644 0 -0.696928143501282 -0.516412436962128 0 -0.856339991092682 -0.516412436962128 0 -0.856339991092682 -0.28175351023674 0 -0.959486842155457 -0.28175351023674 0 -0.959486842155457 -0.0285822600126266 0 -0.999591469764709 -0.0285822600126266 0 -0.999591469764709 0.226466968655586 0 -0.97401887178421 0.226466968655586 0 -0.97401887178421 0.466636389493942 0 -0.884449243545532 0.466636389493942 0 -0.884449243545532 0.676145911216736 0 -0.736767709255219 0.676145911216736 0 -0.736767709255219 0.841229915618896 0 -0.540677607059479 0.841229915618896 0 -0.540677607059479 0.951041638851166 0 -0.309062719345093 0.951041638851166 0 -0.309062719345093 0.998366117477417 -2.31296470522182E-15 -0.0571411624550819 0.998366117477417 -2.31296470522182E-15 -0.0571411624550819 0.998366117477417 -2.31296470522182E-15 -0.0571411624550819 0.998366117477417 -2.31296470522182E-15 -0.0571411624550819 0.998366117477417 -2.31296470522182E-15 -0.0571411624550819 0.998366117477417 -2.31296470522182E-15 -0.0571411624550819 0.952503323554993 0 -0.304528117179871 0.998366117477417 -2.31296470522182E-15 -0.0571411624550819 0.998366117477417 -2.31296470522182E-15 -0.0571411624550819 0.846343576908112 0 -0.532637298107147 0.952503323554993 0 -0.304528117179871 0.686607182025909 0 -0.727028608322144 0.846343576908112 0 -0.532637298107147 0.483405977487564 0 -0.875396311283112 0.686607182025909 0 -0.727028608322144 0.249603405594826 0 -0.968348145484924 0.483405977487564 0 -0.875396311283112 1.22464685258517E-16 0 -1 0.249603405594826 0 -0.968348145484924 -0.249603405594826 0 -0.968348145484924 1.22464685258517E-16 0 -1 -0.483405977487564 0 -0.875396311283112 -0.249603405594826 0 -0.968348145484924 -0.686607182025909 0 -0.727028608322144 -0.483405977487564 0 -0.875396311283112 -0.846343576908112 0 -0.532637298107147 -0.686607182025909 0 -0.727028608322144 -0.952503323554993 0 -0.304528117179871 -0.846343576908112 0 -0.532637298107147 -0.998366117477417 2.16840434497101E-15 -0.0571411624550819 -0.952503323554993 0 -0.304528117179871 -0.998366117477417 2.16840434497101E-15 -0.0571411624550819 -0.998366117477417 2.16840434497101E-15 -0.0571411624550819 -0.998366117477417 2.16840434497101E-15 -0.0571411624550819 -0.998366117477417 2.16840434497101E-15 -0.0571411624550819 -0.998366117477417 2.16840434497101E-15 -0.0571411624550819 -0.998366117477417 2.16840434497101E-15 -0.0571411624550819 -0.951041638851166 0 -0.309062719345093 -0.998366117477417 2.16840434497101E-15 -0.0571411624550819 -0.951041638851166 0 -0.309062719345093 -0.841229915618896 0 -0.540677607059479 -0.841229915618896 0 -0.540677607059479 -0.676145911216736 0 -0.736767709255219 -0.676145911216736 0 -0.736767709255219 -0.466636389493942 0 -0.884449243545532 -0.466636389493942 0 -0.884449243545532 -0.226466968655586 0 -0.97401887178421 -0.226466968655586 0 -0.97401887178421 0.0285822600126266 0 -0.999591469764709 0.0285822600126266 0 -0.999591469764709 0.28175351023674 0 -0.959486842155457 0.28175351023674 0 -0.959486842155457 0.516412436962128 0 -0.856339991092682 0.516412436962128 0 -0.856339991092682 0.717140913009644 0 -0.696928143501282 0.717140913009644 0 -0.696928143501282 0.870750367641449 0 -0.491725325584412 0.870750367641449 0 -0.491725325584412 0.967147946357727 0 -0.254214107990265 0.967147946357727 0 -0.254214107990265 1 -2.31296470522182E-15 0 1 -2.31296470522182E-15 0 1 -2.31296470522182E-15 0 1 -2.31296470522182E-15 0 1 -2.31296470522182E-15 0 1 -2.31296470522182E-15 0 -0.676145911216736 0 0.736767709255219 -0.841229915618896 0 0.540677607059479 -0.676145911216736 0 0.736767709255219 -0.466636389493942 0 0.884449243545532 -0.466636389493942 0 0.884449243545532 -0.226466968655586 0 0.97401887178421 -0.226466968655586 0 0.97401887178421 0.0285822600126266 0 0.999591469764709 0.0285822600126266 0 0.999591469764709 -0.841229915618896 0 0.540677607059479 -0.951041638851166 0 0.309062719345093 0.516412436962128 0 0.856339991092682 0.28175351023674 0 0.959486842155457 0.516412436962128 0 0.856339991092682 0.717140913009644 0 0.696928143501282 0.717140913009644 0 0.696928143501282 0.870750367641449 0 0.491725325584412 0.870750367641449 0 0.491725325584412 0.967147946357727 0 0.254214107990265 0.967147946357727 0 0.254214107990265 1 -2.31296470522182E-15 0 1 -2.31296470522182E-15 0 0.28175351023674 0 0.959486842155457 -0.998366117477417 -2.31296470522182E-15 0.0571411624550819 -0.951041638851166 0 0.309062719345093 -0.998366117477417 -2.31296470522182E-15 0.0571411624550819 -0.998366117477417 -2.31296470522182E-15 0.0571411624550819 -0.998366117477417 -2.31296470522182E-15 0.0571411624550819 -0.998366117477417 -2.31296470522182E-15 0.0571411624550819 -0.998366117477417 -2.31296470522182E-15 0.0571411624550819 -0.952503323554993 0 0.304528117179871 -0.998366117477417 -2.31296470522182E-15 0.0571411624550819 -0.998366117477417 -2.31296470522182E-15 0.0571411624550819 -0.846343576908112 0 0.532637298107147 -0.952503323554993 0 0.304528117179871 -0.686607182025909 0 0.727028608322144 -0.846343576908112 0 0.532637298107147 -0.483405977487564 0 0.875396311283112 -0.686607182025909 0 0.727028608322144 -0.249603405594826 0 0.968348145484924 -0.483405977487564 0 0.875396311283112 -2.44929370517034E-16 0 1 -0.249603405594826 0 0.968348145484924 0.249603405594826 0 0.968348145484924 -2.44929370517034E-16 0 1 0.483405977487564 0 0.875396311283112 0.249603405594826 0 0.968348145484924 0.686607182025909 0 0.727028608322144 0.483405977487564 0 0.875396311283112 0.846343576908112 0 0.532637298107147 0.686607182025909 0 0.727028608322144 0.952503323554993 0 0.304528117179871 0.846343576908112 0 0.532637298107147 0.998366117477417 2.16840434497101E-15 0.0571411624550819 0.952503323554993 0 0.304528117179871 0.998366117477417 2.16840434497101E-15 0.0571411624550819 0.998366117477417 2.16840434497101E-15 0.0571411624550819 0.998366117477417 2.16840434497101E-15 0.0571411624550819 0.998366117477417 2.16840434497101E-15 0.0571411624550819 0.998366117477417 2.16840434497101E-15 0.0571411624550819 0.998366117477417 2.16840434497101E-15 0.0571411624550819 0.951041638851166 0 0.309062719345093 0.998366117477417 2.16840434497101E-15 0.0571411624550819 0.951041638851166 0 0.309062719345093 0.841229915618896 0 0.540677607059479 0.841229915618896 0 0.540677607059479 0.676145911216736 0 0.736767709255219 0.676145911216736 0 0.736767709255219 0.466636389493942 0 0.884449243545532 0.466636389493942 0 0.884449243545532 0.226466968655586 0 0.97401887178421 0.226466968655586 0 0.97401887178421 -0.0285822600126266 0 0.999591469764709 -0.0285822600126266 0 0.999591469764709 -0.28175351023674 0 0.959486842155457 -0.28175351023674 0 0.959486842155457 -0.516412436962128 0 0.856339991092682 -0.516412436962128 0 0.856339991092682 -0.717140913009644 0 0.696928143501282 -0.717140913009644 0 0.696928143501282 -0.870750367641449 0 0.491725325584412 -0.870750367641449 0 0.491725325584412 -0.967147946357727 0 0.254214107990265 -0.967147946357727 0 0.254214107990265 -1 -2.31296470522182E-15 0 -1 -2.31296470522182E-15 0 -1 -2.31296470522182E-15 0 -1 -2.31296470522182E-15 0 -1 -2.31296470522182E-15 0 -1 -2.31296470522182E-15 0 -1 -2.31296470522182E-15 0 -0.967147946357727 0 -0.254214107990265 -1 -2.31296470522182E-15 0 -0.967147946357727 0 -0.254214107990265 -0.870750367641449 0 -0.491725325584412 -0.870750367641449 0 -0.491725325584412 -0.717140913009644 0 -0.696928143501282 -0.717140913009644 0 -0.696928143501282 -0.516412436962128 0 -0.856339991092682 -0.516412436962128 0 -0.856339991092682 -0.28175351023674 0 -0.959486842155457 -0.28175351023674 0 -0.959486842155457 -0.0285822600126266 0 -0.999591469764709 -0.0285822600126266 0 -0.999591469764709 0.226466968655586 0 -0.97401887178421 0.226466968655586 0 -0.97401887178421 0.466636389493942 0 -0.884449243545532 0.466636389493942 0 -0.884449243545532 0.676145911216736 0 -0.736767709255219 0.676145911216736 0 -0.736767709255219 0.841229915618896 0 -0.540677607059479 0.841229915618896 0 -0.540677607059479 0.951041638851166 0 -0.309062719345093 0.951041638851166 0 -0.309062719345093 0.998366117477417 -2.31296470522182E-15 -0.0571411624550819 0.998366117477417 -2.31296470522182E-15 -0.0571411624550819 0.998366117477417 -2.31296470522182E-15 -0.0571411624550819 0.998366117477417 -2.31296470522182E-15 -0.0571411624550819 0.998366117477417 -2.31296470522182E-15 -0.0571411624550819 0.998366117477417 -2.31296470522182E-15 -0.0571411624550819 -0.846343576908112 0 -0.532637298107147 -0.952503323554993 0 -0.304528117179871 -0.952503323554993 0 -0.304528117179871 -0.998366117477417 2.16840434497101E-15 -0.0571411624550819 -0.998366117477417 2.16840434497101E-15 -0.0571411624550819 -0.846343576908112 0 -0.532637298107147 -0.686607182025909 0 -0.727028608322144 -0.686607182025909 0 -0.727028608322144 -0.483405977487564 0 -0.875396311283112 -0.483405977487564 0 -0.875396311283112 0.998366117477417 -2.31296470522182E-15 -0.0571411624550819 0.952503323554993 0 -0.304528117179871 0.952503323554993 0 -0.304528117179871 -0.249603405594826 0 -0.968348145484924 1.22464685258517E-16 0 -1 1.22464685258517E-16 0 -1 0.249603405594826 0 -0.968348145484924 0.249603405594826 0 -0.968348145484924 0.483405977487564 0 -0.875396311283112 0.483405977487564 0 -0.875396311283112 0.686607182025909 0 -0.727028608322144 0.686607182025909 0 -0.727028608322144 0.846343576908112 0 -0.532637298107147 0.846343576908112 0 -0.532637298107147 0.998366117477417 -2.31296470522182E-15 -0.0571411624550819 -0.249603405594826 0 -0.968348145484924 -0.998366117477417 2.16840434497101E-15 -0.0571411624550819 -0.998366117477417 2.16840434497101E-15 -0.0571411624550819 -0.998366117477417 2.16840434497101E-15 -0.0571411624550819 -0.998366117477417 2.16840434497101E-15 -0.0571411624550819 -0.998366117477417 2.16840434497101E-15 -0.0571411624550819 -0.951041638851166 0 -0.309062719345093 -0.998366117477417 2.16840434497101E-15 -0.0571411624550819 -0.951041638851166 0 -0.309062719345093 -0.841229915618896 0 -0.540677607059479 -0.841229915618896 0 -0.540677607059479 -0.676145911216736 0 -0.736767709255219 -0.676145911216736 0 -0.736767709255219 -0.466636389493942 0 -0.884449243545532 -0.466636389493942 0 -0.884449243545532 -0.226466968655586 0 -0.97401887178421 -0.226466968655586 0 -0.97401887178421 0.0285822600126266 0 -0.999591469764709 0.0285822600126266 0 -0.999591469764709 0.28175351023674 0 -0.959486842155457 0.28175351023674 0 -0.959486842155457 0.516412436962128 0 -0.856339991092682 0.516412436962128 0 -0.856339991092682 0.717140913009644 0 -0.696928143501282 0.717140913009644 0 -0.696928143501282 0.870750367641449 0 -0.491725325584412 0.870750367641449 0 -0.491725325584412 0.967147946357727 0 -0.254214107990265 0.967147946357727 0 -0.254214107990265 1 -2.31296470522182E-15 0 1 -2.31296470522182E-15 0 1 -2.31296470522182E-15 0 1 -2.31296470522182E-15 0 1 -2.31296470522182E-15 0 1 -2.31296470522182E-15 0 1 -2.31296470522182E-15 0 0.967147946357727 0 0.254214107990265 1 -2.31296470522182E-15 0 0.967147946357727 0 0.254214107990265 0.870750367641449 0 0.491725325584412 0.870750367641449 0 0.491725325584412 0.717140913009644 0 0.696928143501282 0.717140913009644 0 0.696928143501282 0.516412436962128 0 0.856339991092682 0.516412436962128 0 0.856339991092682 0.28175351023674 0 0.959486842155457 0.28175351023674 0 0.959486842155457 0.0285822600126266 0 0.999591469764709 0.0285822600126266 0 0.999591469764709 -0.226466968655586 0 0.97401887178421 -0.226466968655586 0 0.97401887178421 -0.466636389493942 0 0.884449243545532 -0.466636389493942 0 0.884449243545532 -0.676145911216736 0 0.736767709255219 -0.676145911216736 0 0.736767709255219 -0.841229915618896 0 0.540677607059479 -0.841229915618896 0 0.540677607059479 -0.951041638851166 0 0.309062719345093 -0.951041638851166 0 0.309062719345093 -0.998366117477417 -2.31296470522182E-15 0.0571411624550819 -0.998366117477417 -2.31296470522182E-15 0.0571411624550819 -0.998366117477417 -2.31296470522182E-15 0.0571411624550819 -0.998366117477417 -2.31296470522182E-15 0.0571411624550819 -0.998366117477417 -2.31296470522182E-15 0.0571411624550819 -0.998366117477417 -2.31296470522182E-15 0.0571411624550819 -0.952503323554993 0 0.304528117179871 -0.998366117477417 -2.31296470522182E-15 0.0571411624550819 -0.998366117477417 -2.31296470522182E-15 0.0571411624550819 -0.846343576908112 0 0.532637298107147 -0.952503323554993 0 0.304528117179871 -0.686607182025909 0 0.727028608322144 -0.846343576908112 0 0.532637298107147 -0.483405977487564 0 0.875396311283112 -0.686607182025909 0 0.727028608322144 -0.249603405594826 0 0.968348145484924 -0.483405977487564 0 0.875396311283112 -2.44929370517034E-16 0 1 -0.249603405594826 0 0.968348145484924 0.249603405594826 0 0.968348145484924 -2.44929370517034E-16 0 1 0.483405977487564 0 0.875396311283112 0.249603405594826 0 0.968348145484924 0.686607182025909 0 0.727028608322144 0.483405977487564 0 0.875396311283112 0.846343576908112 0 0.532637298107147 0.686607182025909 0 0.727028608322144 0.952503323554993 0 0.304528117179871 0.846343576908112 0 0.532637298107147 0.998366117477417 2.16840434497101E-15 0.0571411624550819 0.952503323554993 0 0.304528117179871 0.998366117477417 2.16840434497101E-15 0.0571411624550819 0.998366117477417 2.16840434497101E-15 0.0571411624550819 0.998366117477417 2.16840434497101E-15 0.0571411624550819 0.998366117477417 2.16840434497101E-15 0.0571411624550819 0.998366117477417 2.16840434497101E-15 0.0571411624550819 0.998366117477417 2.16840434497101E-15 0.0571411624550819 0.951041638851166 0 0.309062719345093 0.998366117477417 2.16840434497101E-15 0.0571411624550819 0.951041638851166 0 0.309062719345093 0.841229915618896 0 0.540677607059479 0.841229915618896 0 0.540677607059479 0.676145911216736 0 0.736767709255219 0.676145911216736 0 0.736767709255219 0.466636389493942 0 0.884449243545532 0.466636389493942 0 0.884449243545532 0.226466968655586 0 0.97401887178421 0.226466968655586 0 0.97401887178421 -0.0285822600126266 0 0.999591469764709 -0.0285822600126266 0 0.999591469764709 -0.28175351023674 0 0.959486842155457 -0.28175351023674 0 0.959486842155457 -0.516412436962128 0 0.856339991092682 -0.516412436962128 0 0.856339991092682 -0.717140913009644 0 0.696928143501282 -0.717140913009644 0 0.696928143501282 -0.870750367641449 0 0.491725325584412 -0.870750367641449 0 0.491725325584412 -0.967147946357727 0 0.254214107990265 -0.967147946357727 0 0.254214107990265 -1 -2.31296470522182E-15 0 -1 -2.31296470522182E-15 0 -1 -2.31296470522182E-15 0 -1 -2.31296470522182E-15 0 -1 -2.31296470522182E-15 0 -1 -2.31296470522182E-15 0 -1 -2.31296470522182E-15 0 -0.967147946357727 0 -0.254214107990265 -1 -2.31296470522182E-15 0 -0.967147946357727 0 -0.254214107990265 -0.870750367641449 0 -0.491725325584412 -0.870750367641449 0 -0.491725325584412 -0.717140913009644 0 -0.696928143501282 -0.717140913009644 0 -0.696928143501282 -0.516412436962128 0 -0.856339991092682 -0.516412436962128 0 -0.856339991092682 -0.28175351023674 0 -0.959486842155457 -0.28175351023674 0 -0.959486842155457 -0.0285822600126266 0 -0.999591469764709 -0.0285822600126266 0 -0.999591469764709 0.226466968655586 0 -0.97401887178421 0.226466968655586 0 -0.97401887178421 0.466636389493942 0 -0.884449243545532 0.466636389493942 0 -0.884449243545532 0.676145911216736 0 -0.736767709255219 0.676145911216736 0 -0.736767709255219 0.841229915618896 0 -0.540677607059479 0.841229915618896 0 -0.540677607059479 0.951041638851166 0 -0.309062719345093 0.951041638851166 0 -0.309062719345093 0.998366117477417 -2.31296470522182E-15 -0.0571411624550819 0.998366117477417 -2.31296470522182E-15 -0.0571411624550819 0.998366117477417 -2.31296470522182E-15 -0.0571411624550819 0.998366117477417 -2.31296470522182E-15 -0.0571411624550819 0.998366117477417 -2.31296470522182E-15 -0.0571411624550819 0.998366117477417 -2.31296470522182E-15 -0.0571411624550819 0.483405977487564 0 -0.875396311283112 0.686607182025909 0 -0.727028608322144 0.686607182025909 0 -0.727028608322144 0.846343576908112 0 -0.532637298107147 0.846343576908112 0 -0.532637298107147 0.952503323554993 0 -0.304528117179871 0.952503323554993 0 -0.304528117179871 0.998366117477417 -2.31296470522182E-15 -0.0571411624550819 0.998366117477417 -2.31296470522182E-15 -0.0571411624550819 0.249603405594826 0 -0.968348145484924 0.483405977487564 0 -0.875396311283112 1.22464685258517E-16 0 -1 0.249603405594826 0 -0.968348145484924 -0.249603405594826 0 -0.968348145484924 1.22464685258517E-16 0 -1 -0.483405977487564 0 -0.875396311283112 -0.249603405594826 0 -0.968348145484924 -0.686607182025909 0 -0.727028608322144 -0.483405977487564 0 -0.875396311283112 -0.846343576908112 0 -0.532637298107147 -0.686607182025909 0 -0.727028608322144 -0.952503323554993 0 -0.304528117179871 -0.846343576908112 0 -0.532637298107147 -0.998366117477417 2.16840434497101E-15 -0.0571411624550819 -0.952503323554993 0 -0.304528117179871 -0.998366117477417 2.16840434497101E-15 -0.0571411624550819 -0.998366117477417 2.16840434497101E-15 -0.0571411624550819 -0.998366117477417 2.16840434497101E-15 -0.0571411624550819 -0.998366117477417 2.16840434497101E-15 -0.0571411624550819 -0.998366117477417 2.16840434497101E-15 -0.0571411624550819 -0.998366117477417 2.16840434497101E-15 -0.0571411624550819 -0.951041638851166 0 -0.309062719345093 -0.998366117477417 2.16840434497101E-15 -0.0571411624550819 -0.951041638851166 0 -0.309062719345093 -0.841229915618896 0 -0.540677607059479 -0.841229915618896 0 -0.540677607059479 -0.676145911216736 0 -0.736767709255219 -0.676145911216736 0 -0.736767709255219 -0.466636389493942 0 -0.884449243545532 -0.466636389493942 0 -0.884449243545532 -0.226466968655586 0 -0.97401887178421 -0.226466968655586 0 -0.97401887178421 0.0285822600126266 0 -0.999591469764709 0.0285822600126266 0 -0.999591469764709 0.28175351023674 0 -0.959486842155457 0.28175351023674 0 -0.959486842155457 0.516412436962128 0 -0.856339991092682 0.516412436962128 0 -0.856339991092682 0.717140913009644 0 -0.696928143501282 0.717140913009644 0 -0.696928143501282 0.870750367641449 0 -0.491725325584412 0.870750367641449 0 -0.491725325584412 0.967147946357727 0 -0.254214107990265 0.967147946357727 0 -0.254214107990265 1 -2.31296470522182E-15 0 1 -2.31296470522182E-15 0 1 -2.31296470522182E-15 0 1 -2.31296470522182E-15 0 1 -2.31296470522182E-15 0 1 -2.31296470522182E-15 0 -0.5 0 0.866025388240814 -0.258819043636322 0 0.965925812721252 -0.5 0 0.866025388240814 0 -5.68761818834496E-16 -1 0.258819043636322 0 -0.965925812721252 0 -5.68761818834496E-16 -1 0.258819043636322 0 -0.965925812721252 0.5 0 -0.866025388240814 0.5 0 -0.866025388240814 0.70710676908493 0 -0.70710676908493 0.70710676908493 0 -0.70710676908493 0.866025388240814 0 -0.5 0.866025388240814 0 -0.5 0.965925812721252 0 -0.258819043636322 0.965925812721252 0 -0.258819043636322 1 0 1.07187540788323E-15 1 0 1.07187540788323E-15 0.965925812721252 0 0.258819043636322 0.965925812721252 0 0.258819043636322 0.866025388240814 0 0.5 0.866025388240814 0 0.5 0.70710676908493 0 0.70710676908493 0.70710676908493 0 0.70710676908493 0.5 0 0.866025388240814 0.5 0 0.866025388240814 0.258819043636322 0 0.965925812721252 0.258819043636322 0 0.965925812721252 -1.22464685258517E-16 0 1 -1.22464685258517E-16 0 1 -0.258819043636322 0 0.965925812721252 -0.70710676908493 0 0.70710676908493 -0.70710676908493 0 0.70710676908493 -0.866025388240814 0 0.5 -0.866025388240814 0 0.5 -0.965925812721252 0 0.258819043636322 -0.965925812721252 0 0.258819043636322 -1 0 -6.12323426292584E-17 -1 -5.68761818834496E-16 0 -0.965925812721252 0 -0.258819043636322 -0.965925812721252 0 -0.258819043636322 -0.866025388240814 0 -0.5 -0.866025388240814 0 -0.5 -0.70710676908493 0 -0.70710676908493 -0.70710676908493 0 -0.70710676908493 -0.5 0 -0.866025388240814 -0.5 0 -0.866025388240814 -0.258819043636322 0 -0.965925812721252 -0.258819043636322 0 -0.965925812721252 0.965925812721252 1.49925297532132E-15 -0.258819043636322 1 1.4219044676769E-15 0 0.965925812721252 1.49925297532132E-15 -0.258819043636322 0.866025388240814 1.34419353581017E-15 -0.5 0.866025388240814 1.34419353581017E-15 -0.5 0.70710676908493 1.0975293888776E-15 -0.70710676908493 0.70710676908493 1.0975293888776E-15 -0.70710676908493 0.5 7.76070485697026E-16 -0.866025388240814 0.5 7.76070485697026E-16 -0.866025388240814 0.258819043636322 4.01723639383277E-16 -0.965925812721252 0.258819043636322 4.01723639383277E-16 -0.965925812721252 1.17145535401953E-15 1.81826387772762E-30 -1 1.17145535401953E-15 1.81826387772762E-30 -1 -0.258819043636322 -4.01723639383277E-16 -0.965925812721252 -0.258819043636322 -4.01723639383277E-16 -0.965925812721252 -0.5 -7.76070485697026E-16 -0.866025388240814 -0.5 -7.76070485697026E-16 -0.866025388240814 -0.70710676908493 -1.0975293888776E-15 -0.70710676908493 -0.70710676908493 -1.0975293888776E-15 -0.70710676908493 -0.866025388240814 -1.34419353581017E-15 -0.5 -0.866025388240814 -1.34419353581017E-15 -0.5 -0.965925812721252 -1.49925297532132E-15 -0.258819043636322 -0.965925812721252 -1.49925297532132E-15 -0.258819043636322 -1 -1.4219044676769E-15 0 -1 -1.55214097139405E-15 -1.22464685258517E-16 -0.965925812721252 -1.49925297532132E-15 0.258819043636322 -0.965925812721252 -1.49925297532132E-15 0.258819043636322 -0.866025388240814 -1.34419353581017E-15 0.5 -0.866025388240814 -1.34419353581017E-15 0.5 -0.70710676908493 -1.0975293888776E-15 0.70710676908493 -0.70710676908493 -1.0975293888776E-15 0.70710676908493 -0.5 -7.76070485697026E-16 0.866025388240814 -0.5 -7.76070485697026E-16 0.866025388240814 -0.258819043636322 -4.01723639383277E-16 0.965925812721252 -0.258819043636322 -4.01723639383277E-16 0.965925812721252 7.0448137857746E-16 1.09345443716879E-30 1 7.0448137857746E-16 1.09345443716879E-30 1 0.258819043636322 4.01723639383277E-16 0.965925812721252 0.258819043636322 4.01723639383277E-16 0.965925812721252 0.5 7.76070485697026E-16 0.866025388240814 0.5 7.76070485697026E-16 0.866025388240814 0.70710676908493 1.0975293888776E-15 0.70710676908493 0.70710676908493 1.0975293888776E-15 0.70710676908493 0.866025388240814 1.34419353581017E-15 0.5 0.866025388240814 1.34419353581017E-15 0.5 0.965925812721252 1.49925297532132E-15 0.258819043636322 0.965925812721252 1.49925297532132E-15 0.258819043636322 1 1.4219044676769E-15 0 -0.965925812721252 0 -0.258819043636322 -0.866025388240814 0 -0.5 -0.965925812721252 0 -0.258819043636322 0.5 0 -0.866025388240814 0.258819043636322 0 -0.965925812721252 0.5 0 -0.866025388240814 0.70710676908493 0 -0.70710676908493 0.70710676908493 0 -0.70710676908493 0.866025388240814 0 -0.5 0.866025388240814 0 -0.5 0.965925812721252 0 -0.258819043636322 0.965925812721252 0 -0.258819043636322 1 0 1.83697014652885E-16 1 0 1.83697014652885E-16 0.965925812721252 0 0.258819043636322 0.965925812721252 0 0.258819043636322 0.866025388240814 0 0.5 0.866025388240814 0 0.5 0.70710676908493 0 0.70710676908493 0.70710676908493 0 0.70710676908493 0 -5.68761818834496E-16 -1 0.258819043636322 0 -0.965925812721252 0 -5.68761818834496E-16 -1 0.5 0 0.866025388240814 0.5 0 0.866025388240814 0.258819043636322 0 0.965925812721252 0.258819043636322 0 0.965925812721252 -1.22464685258517E-16 0 1 -1.22464685258517E-16 0 1 -0.258819043636322 0 0.965925812721252 -0.258819043636322 0 0.965925812721252 -0.5 0 0.866025388240814 -0.5 0 0.866025388240814 -0.70710676908493 0 0.70710676908493 -0.70710676908493 0 0.70710676908493 -0.866025388240814 0 0.5 -0.866025388240814 0 0.5 -0.965925812721252 0 0.258819043636322 -0.965925812721252 0 0.258819043636322 -1 0 -6.12323426292584E-17 -1 -5.68761818834496E-16 0 -0.866025388240814 0 -0.5 -0.70710676908493 0 -0.70710676908493 -0.70710676908493 0 -0.70710676908493 -0.5 0 -0.866025388240814 -0.5 0 -0.866025388240814 -0.258819043636322 0 -0.965925812721252 -0.258819043636322 0 -0.965925812721252 0.5 0.866025388240814 0 0.258819043636322 0.965925812721252 0 0.5 0.866025388240814 0 0.258819043636322 0.965925812721252 0 1.83697014652885E-16 1 0 1.83697014652885E-16 1 0 -0.258819043636322 0.965925812721252 0 -0.258819043636322 0.965925812721252 0 -0.5 0.866025388240814 0 -0.5 0.866025388240814 0 -0.70710676908493 0.70710676908493 0 -0.70710676908493 0.70710676908493 0 -0.866025388240814 0.5 0 -0.866025388240814 0.5 0 -0.965925812721252 0.258819043636322 0 -0.965925812721252 0.258819043636322 0 -1 0 0 1 -1.22464685258517E-16 0 0.965925812721252 0.258819043636322 0 1 -1.22464685258517E-16 0 0.70710676908493 0.70710676908493 0 0.70710676908493 0.70710676908493 0 0.866025388240814 0.5 0 0.866025388240814 0.5 0 0.965925812721252 0.258819043636322 0 -1 0 0 -0.965925812721252 -0.258819043636322 0 0.965925812721252 -0.258819043636322 0 0.965925812721252 -0.258819043636322 0 0.866025388240814 -0.5 0 0.866025388240814 -0.5 0 0.70710676908493 -0.70710676908493 0 0.70710676908493 -0.70710676908493 0 0.5 -0.866025388240814 0 0.5 -0.866025388240814 0 0.258819043636322 -0.965925812721252 0 0.258819043636322 -0.965925812721252 0 -6.12323426292584E-17 -1 0 -6.12323426292584E-17 -1 0 -0.258819043636322 -0.965925812721252 0 -0.258819043636322 -0.965925812721252 0 -0.5 -0.866025388240814 0 -0.5 -0.866025388240814 0 -0.70710676908493 -0.70710676908493 0 -0.70710676908493 -0.70710676908493 0 -0.866025388240814 -0.5 0 -0.866025388240814 -0.5 0 -0.965925812721252 -0.258819043636322 0 0 0 1 0 0 1 0 0 1 0 0 1 0 0 1 0 0 1 0 0 1 0 0 1 0 0 1 0 0 1 0 0 1 0 0 1 0 0 1 0 0 1 0 0 1 0 0 1 0 0 1 0 0 1 0 0 1 0 0 1 0 0 1 0 0 1 0 0 1 0 0 1 0 0 1 -1 0 0 -1 0 0 -1 0 0 -1 0 0 -1 0 0 -1 0 0 -1 0 0 -1 0 0 -1 0 0 -1 0 0 -1 0 0 -1 0 0 -1 0 0 -1 0 0 -1 0 0 -1 0 0 -1 0 0 -1 0 0 -1 0 0 -1 0 0 -1 0 0 -1 0 0 -1 0 0 -1 0 0 -1 0 0 -1 0 0 -1 0 0 -1 0 0 1.05134755117163E-16 1 0 1.05134755117163E-16 1 0 1.05134755117163E-16 1 0 1.05134755117163E-16 1 0 0 1 1.17961196366423E-13 1.01552374850539E-16 0.965925812721252 -0.258819043636322 0 1 1.17961196366423E-13 1.01552374850539E-16 0.965925812721252 -0.258819043636322 9.10493714453777E-17 0.866025388240814 -0.5 9.10493714453777E-17 0.866025388240814 -0.5 7.43415009769988E-17 0.70710676908493 -0.70710676908493 7.43415009769988E-17 0.70710676908493 -0.70710676908493 5.25673775585817E-17 0.5 -0.866025388240814 0 4.89139461831082E-15 -1 2.72108771822627E-17 0.258819043636322 -0.965925812721252 0 4.89139461831082E-15 -1 5.25673775585817E-17 0.5 -0.866025388240814 2.72108771822627E-17 0.258819043636322 -0.965925812721252 0 0 -1 0 0 -1 0 0 -1 0 0 -1 -9.10493714453777E-17 -0.866025388240814 -0.5 -7.43415009769988E-17 -0.70710676908493 -0.70710676908493 -9.10493714453777E-17 -0.866025388240814 -0.5 -7.43415009769988E-17 -0.70710676908493 -0.70710676908493 -5.25673775585817E-17 -0.5 -0.866025388240814 -5.25673775585817E-17 -0.5 -0.866025388240814 -2.72108771822627E-17 -0.258819043636322 -0.965925812721252 -2.72108771822627E-17 -0.258819043636322 -0.965925812721252 0 3.59035201132822E-15 -1 0 3.59035201132822E-15 -1 -1.01552374850539E-16 -0.965925812721252 -0.258819043636322 -1.01552374850539E-16 -0.965925812721252 -0.258819043636322 0 -1 1.11022302462516E-13 0 -1 1.11022302462516E-13 -1.05134755117163E-16 -1 2.52629641161404E-16 -1.05134755117163E-16 -1 2.52629641161404E-16 -1.05134755117163E-16 -1 2.52629641161404E-16 -1.05134755117163E-16 -1 2.52629641161404E-16 -7.43415009769988E-17 -0.70710676908493 0.70710676908493 -5.25673775585817E-17 -0.5 0.866025388240814 -7.43415009769988E-17 -0.70710676908493 0.70710676908493 0 -1 1.21430643318376E-13 -1.01552374850539E-16 -0.965925812721252 0.258819043636322 0 -1 1.21430643318376E-13 -9.10493714453777E-17 -0.866025388240814 0.5 -1.01552374850539E-16 -0.965925812721252 0.258819043636322 -9.10493714453777E-17 -0.866025388240814 0.5 -5.25673775585817E-17 -0.5 0.866025388240814 -2.72108771822627E-17 -0.258819043636322 0.965925812721252 -2.72108771822627E-17 -0.258819043636322 0.965925812721252 0 3.59035201132822E-15 1 0 3.59035201132822E-15 1 1.89978886020327E-32 1.80700357669287E-16 1 1.89978886020327E-32 1.80700357669287E-16 1 1.89978886020327E-32 1.80700357669287E-16 1 1.89978886020327E-32 1.80700357669287E-16 1 0 1 1.21430643318376E-13 1.01552374850539E-16 0.965925812721252 0.258819043636322 0 1 1.21430643318376E-13 9.10493714453777E-17 0.866025388240814 0.5 7.43415009769988E-17 0.70710676908493 0.70710676908493 9.10493714453777E-17 0.866025388240814 0.5 7.43415009769988E-17 0.70710676908493 0.70710676908493 5.25673775585817E-17 0.5 0.866025388240814 5.25673775585817E-17 0.5 0.866025388240814 2.72108771822627E-17 0.258819043636322 0.965925812721252 2.72108771822627E-17 0.258819043636322 0.965925812721252 0 1.42194756047809E-15 1 0 1.42194756047809E-15 1 1.01552374850539E-16 0.965925812721252 0.258819043636322 -1 1.05134755117163E-16 0 -1 1.05134755117163E-16 0 -1 1.05134755117163E-16 0 -1 1.05134755117163E-16 0 -1 1.05134755117163E-16 0 -1 1.05134755117163E-16 0 -1 1.05134755117163E-16 0 -1 1.05134755117163E-16 0 -1 1.05134755117163E-16 0 -1 1.05134755117163E-16 0 -1 1.05134755117163E-16 0 -1 1.05134755117163E-16 0 -1 1.05134755117163E-16 0 -1 1.05134755117163E-16 0 -1 1.05134755117163E-16 0 -1 1.05134755117163E-16 0 -1 1.05134755117163E-16 0 -1 1.05134755117163E-16 0 -1 1.05134755117163E-16 0 -1 1.05134755117163E-16 0 -1 1.05134755117163E-16 0 -1 1.05134755117163E-16 0 -1 1.05134755117163E-16 0 -1 1.05134755117163E-16 0 -1 1.05134755117163E-16 0 -2.72108771822627E-17 -0.258819043636322 -0.965925812721252 6.43764697484008E-33 6.12323426292584E-17 -1 -2.72108771822627E-17 -0.258819043636322 -0.965925812721252 -5.25673775585817E-17 -0.5 -0.866025388240814 -5.25673775585817E-17 -0.5 -0.866025388240814 -7.43415009769988E-17 -0.70710676908493 -0.70710676908493 -7.43415009769988E-17 -0.70710676908493 -0.70710676908493 -9.10493714453777E-17 -0.866025388240814 -0.5 -9.10493714453777E-17 -0.866025388240814 -0.5 -1.01552374850539E-16 -0.965925812721252 -0.258819043636322 -1.01552374850539E-16 -0.965925812721252 -0.258819043636322 -1.05134755117163E-16 -1 -1.22464685258517E-16 -1.05134755117163E-16 -1 -1.22464685258517E-16 -1.01552374850539E-16 -0.965925812721252 0.258819043636322 -1.01552374850539E-16 -0.965925812721252 0.258819043636322 -9.10493714453777E-17 -0.866025388240814 0.5 -9.10493714453777E-17 -0.866025388240814 0.5 -7.43415009769988E-17 -0.70710676908493 0.70710676908493 -7.43415009769988E-17 -0.70710676908493 0.70710676908493 1.01552374850539E-16 0.965925812721252 0.258819043636322 1.22163631220217E-16 1 0 1.01552374850539E-16 0.965925812721252 0.258819043636322 6.43764697484008E-33 6.12323426292584E-17 -1 2.72108771822627E-17 0.258819043636322 -0.965925812721252 -1.93129416592042E-32 -1.83697014652885E-16 1 -2.72108771822627E-17 -0.258819043636322 0.965925812721252 -1.93129416592042E-32 -1.83697014652885E-16 1 2.72108771822627E-17 0.258819043636322 0.965925812721252 2.72108771822627E-17 0.258819043636322 0.965925812721252 5.25673775585817E-17 0.5 0.866025388240814 5.25673775585817E-17 0.5 0.866025388240814 7.43415009769988E-17 0.70710676908493 0.70710676908493 7.43415009769988E-17 0.70710676908493 0.70710676908493 9.10493714453777E-17 0.866025388240814 0.5 9.10493714453777E-17 0.866025388240814 0.5 1.22163631220217E-16 1 0 2.72108771822627E-17 0.258819043636322 -0.965925812721252 5.25673775585817E-17 0.5 -0.866025388240814 5.25673775585817E-17 0.5 -0.866025388240814 7.43415009769988E-17 0.70710676908493 -0.70710676908493 7.43415009769988E-17 0.70710676908493 -0.70710676908493 9.10493714453777E-17 0.866025388240814 -0.5 9.10493714453777E-17 0.866025388240814 -0.5 1.01552374850539E-16 0.965925812721252 -0.258819043636322 1.01552374850539E-16 0.965925812721252 -0.258819043636322 -2.72108771822627E-17 -0.258819043636322 0.965925812721252 -5.25673775585817E-17 -0.5 0.866025388240814 -5.25673775585817E-17 -0.5 0.866025388240814 -1 -1.24576192812234E-16 0 -1 -1.24576192812234E-16 0 -1 -1.24576192812234E-16 0 -1 -1.24576192812234E-16 0 0.70710676908493 -0.70710676908493 0 0.866025388240814 -0.5 0 0.866025388240814 -0.5 0 0.965925812721252 -0.258819043636322 0 0.965925812721252 -0.258819043636322 0 1 0 0 1 0 0 0.70710676908493 -0.70710676908493 0 0.5 -0.866025388240814 0 0.5 -0.866025388240814 0 0.258819043636322 -0.965925812721252 0 -1.83697014652885E-16 -1 0 -1.83697014652885E-16 -1 0 -0.258819043636322 -0.965925812721252 0 -0.258819043636322 -0.965925812721252 0 -0.5 -0.866025388240814 0 -0.5 -0.866025388240814 0 -0.70710676908493 -0.70710676908493 0 -0.70710676908493 -0.70710676908493 0 -0.866025388240814 -0.5 0 -0.866025388240814 -0.5 0 -0.965925812721252 -0.258819043636322 0 -0.965925812721252 -0.258819043636322 0 -1 -1.24576192812234E-16 0 -1 -1.24576192812234E-16 0 0.258819043636322 -0.965925812721252 0 1 0 0 1 0 0 1 0 0 1 0 0 0.998563349246979 0.0535839237272739 0 0.998563349246979 0.0535839237272739 0 0.998563349246979 0.0535839237272739 0 0.998563349246979 0.0535839237272739 0 0.998563349246979 0.0535839237272739 0 0.847606301307678 0.530625641345978 0 0.953403294086456 0.301698863506317 0 0.953403294086456 0.301698863506317 0 0.687901198863983 0.725804328918457 0 0.847606301307678 0.530625641345978 0 0.484445244073868 0.874821603298187 0 0.687901198863983 0.725804328918457 0 0.250178337097168 0.968199789524078 0 0.484445244073868 0.874821603298187 0 0 1 0 0.250178337097168 0.968199789524078 0 0 1 0 0.998563349246979 0.0535839237272739 0 0.998563349246979 0.0535839237272739 0 -1.08408051737846E-15 1 0 -1.08408051737846E-15 1 0 -1.08408051737846E-15 1 0 -1.08408051737846E-15 1 0 -1.08408051737846E-15 1 0 -1.08408051737846E-15 1 0 -0.5 0.866025388240814 0 -0.258819043636322 0.965925812721252 0 -0.258819043636322 0.965925812721252 0 -0.70710676908493 0.70710676908493 0 -0.5 0.866025388240814 0 -0.866025388240814 0.5 0 -0.70710676908493 0.70710676908493 0 -0.965925812721252 0.258819043636322 0 -0.866025388240814 0.5 0 -1 0 6.3080851746809E-15 -0.965925812721252 0.258819043636322 0 -1 0 6.3080851746809E-15 0 1 0 0 1 0 -1 0 0 -1 0 0 -1 0 0 -1 0 0 -1 0 0 -1 0 0 -1 0 0 -1 0 0 -1 0 0 -1 0 0 -1 0 0 -1 0 0 -1 0 0 -1 0 0 -1 0 0 -1 0 0 -1 0 0 -1 0 0 -1 0 0 -1 0 0 -1 0 0 -1 0 0 -1 0 0 -1 0 0 -1 0 0 -1 0 0 -1 0 0 -1 0 0 -1 0 0 -1 0 0 -1 0 0 -1 0 0 -1 0 0 -1 0 0 -1 0 0 -1 0 0 -1 0 0 -1 0 0 -1 0 0 -1 0 0 -1 0 0 -1 0 0 -1 0 0 -1 0 0 -1 0 0 -1 0 0 -1 0 0 -1 0 0 -1 0 0 -1 0 0 -1 0 0 -1 0 0 -1 0 0 -1 0 0 -1 0 0 -1 0 0 -0.965925812721252 -0.258819043636322 0 -1 0 6.3080851746809E-15 -1 0 6.3080851746809E-15 -0.70710676908493 -0.70710676908493 0 -0.866025388240814 -0.5 0 -0.866025388240814 -0.5 0 -0.5 -0.866025388240814 0 -0.70710676908493 -0.70710676908493 0 -0.258819043636322 -0.965925812721252 0 -0.5 -0.866025388240814 0 0 -1 7.70988192722293E-15 -0.258819043636322 -0.965925812721252 0 0 -1 7.70988192722293E-15 -0.965925812721252 -0.258819043636322 0 0 -1 0 0 -1 0 0 -1 0 0 -1 0 0 -1 0 0 -1 0</float_array><technique_common><accessor count="2960" source="#bau0234565898-mesh-normals-array" stride="3"><param name="X" type="float" /><param name="Y" type="float" /><param name="Z" type="float" /></accessor></technique_common></source><vertices id="bau0234565898-mesh-vertices"><input semantic="POSITION" source="#bau0234565898-mesh-positions" /></vertices><triangles count="149" material="white-material"><input offset="0" semantic="VERTEX" source="#bau0234565898-mesh-vertices" /><input offset="1" semantic="NORMAL" source="#bau0234565898-mesh-normals" /><p>0 0 1 1 2 2 2 2 3 3 4 4 5 5 6 6 4 4 1 1 7 7 8 8 3 3 2 2 1 1 9 9 10 10 11 11 10 10 9 9 3 3 4 4 9 9 5 5 9 9 4 4 3 3 12 12 13 13 5 5 14 14 5 5 15 15 6 6 5 5 14 14 16 16 5 5 17 17 5 5 16 16 15 15 17 17 5 5 13 13 7 7 1 1 0 0 13 13 12 12 18 18 19 19 20 20 21 21 22 22 23 23 19 19 24 24 25 25 22 22 26 26 27 27 28 28 29 29 30 30 31 31 32 32 30 30 33 33 20 20 19 19 23 23 34 34 32 32 35 35 26 26 28 28 29 29 30 30 32 32 31 31 36 36 35 35 21 21 20 20 36 36 21 21 23 23 22 22 37 37 25 25 38 38 37 37 39 39 40 40 41 41 32 32 34 34 42 42 30 30 29 29 28 28 43 43 44 44 45 45 36 36 20 20 27 27 38 38 25 25 46 46 39 39 41 41 24 24 25 25 24 24 41 41 28 28 43 43 30 30 27 27 26 26 36 36 44 44 43 43 23 23 37 37 22 22 25 25 32 32 42 42 31 31 44 44 23 23 37 37 40 40 39 39 47 47 45 45 44 44 48 48 21 21 40 40 47 47 43 43 28 28 23 23 35 35 36 36 34 34 40 40 21 21 35 35 49 49 50 50 51 51 50 50 52 52 53 53 54 54 55 55 56 56 57 57 58 58 55 55 50 50 53 53 57 57 54 54 57 57 55 55 50 50 59 59 52 52 57 57 54 54 50 50 57 57 60 60 61 61 50 50 62 62 63 63 57 57 64 64 60 60 58 58 57 57 61 61 65 65 50 50 49 49 64 64 57 57 66 66 62 62 50 50 65 65 59 59 50 50 63 63 67 67 68 68 69 69 68 68 67 67 70 70 71 71 72 72 73 73 72 72 71 71 74 74 75 75 76 76 77 77 76 76 75 75 78 78 79 79 80 80 81 81 80 80 79 79 82 82 83 83 84 84 85 85 84 84 83 83 86 86 87 87 88 88 89 89 88 88 87 87 90 90 91 91 92 92 93 93 94 94 95 95 91 91 95 95 94 94 96 96 91 91 95 95 92 92 97 97 98 98 99 99 98 98 97 97 100 100 101 101 102 102 103 103 102 102 101 101 104 104 105 105 106 106 107 107 106 106 105 105 108 108 109 109 110 110 111 111 110 110 109 109 112 112 113 113 114 114 115 115 114 114 113 113 116 116 117 117 118 118 119 119 118 118 117 117 120 120 121 121 122 122 123 123 124 124 125 125 121 121 125 125 124 124 126 126 121 121 125 125 122 122 127 127 128 128 129 129 128 128 127 127 130 130 131 131 132 132 133 133 132 132 131 131 134 134 135 135 136 136 137 137 136 136 135 135 138 138 139 139 140 140 141 141 140 140 139 139 142 142 143 143 144 144 145 145 144 144 143 143 146 146 147 147 148 148 149 149 148 148 147 147 150 150 151 151 152 152 153 153 152 152 151 151 154 154 155 155 156 156 157 157 156 156 155 155 158 158 159 159 160 160 161 161 160 160 159 159 162 162 163 163 164 164 165 165 164 164 163 163 166 166 167 167 168 168 169 169 167 167 170 170 171 171 170 170 167 167 172 172 170 170 172 172 173 173 168 168 167 167 171 171 174 174 175 175 176 176 177 177 175 175 178 178 175 175 174 174 178 178 175 175 177 177 179 179 179 179 177 177 180 180 181 181 182 182 183 183 182 182 181 181 184 184 185 185 186 186 187 187 186 186 185 185 188 188 189 189 190 190 191 191 190 190 189 189 192 192 193 193 194 194 195 195 194 194 193 193 196 196 197 197 198 198 199 199 198 198 197 197 200 200 201 201 202 202 203 203 202 202 201 201 204 204 202 202 204 204 205 205 206 206 201 201 203 203 201 201 206 206 207 207 208 208 209 209 210 210 209 209 211 211 212 212 209 209 208 208 213 213 212 212 211 211 214 214 211 211 209 209 213 213</p></triangles><triangles count="2396" material="zincplated-material"><input offset="0" semantic="VERTEX" source="#bau0234565898-mesh-vertices" /><input offset="1" semantic="NORMAL" source="#bau0234565898-mesh-normals" /><p>215 215 216 216 217 217 218 218 215 215 219 219 215 215 218 218 216 216 220 220 221 221 222 222 221 221 220 220 223 223 224 224 225 225 226 226 227 227 224 224 228 228 227 227 228 228 229 229 224 224 227 227 225 225 230 230 231 231 232 232 231 231 230 230 233 233 234 234 235 235 236 236 235 235 234 234 237 237 237 237 234 234 238 238 239 239 240 240 241 241 242 242 240 240 243 243 244 244 245 245 246 246 245 245 244 244 247 247 243 243 240 240 248 248 247 247 248 248 240 240 240 240 242 242 241 241 248 248 247 247 244 244 240 240 239 239 249 249 250 250 251 251 252 252 251 251 250 250 253 253 254 254 255 255 256 256 257 257 256 256 258 258 259 259 260 260 255 255 255 255 254 254 259 259 256 256 257 257 254 254 261 261 259 259 262 262 259 259 261 261 260 260 259 259 263 263 262 262 263 263 259 259 264 264 265 265 266 266 267 267 266 266 265 265 268 268 268 268 269 269 266 266 270 270 271 271 272 272 269 269 268 268 273 273 273 273 274 274 269 269 275 275 276 276 277 277 278 278 272 272 271 271 271 271 270 270 279 279 277 277 280 280 275 275 278 278 277 277 272 272 275 275 281 281 273 273 280 280 277 277 278 278 267 267 282 282 265 265 282 282 274 274 283 283 283 283 274 274 284 284 284 284 281 281 285 285 281 281 284 284 274 274 285 285 281 281 286 286 281 281 275 275 280 280 282 282 267 267 274 274 281 281 279 279 286 286 274 274 273 273 281 281 279 279 281 281 271 271 276 276 275 275 287 287 288 288 289 289 290 290 291 291 289 289 292 292 289 289 288 288 293 293 289 289 293 293 292 292 294 294 295 295 296 296 297 297 295 295 298 298 299 299 295 295 300 300 295 295 294 294 289 289 295 295 299 299 298 298 301 301 0 0 2 2 302 302 300 300 295 295 295 295 297 297 296 296 0 0 301 301 303 303 289 289 291 291 295 295 300 300 302 302 301 301 303 303 301 301 302 302 304 304 305 305 306 306 304 304 307 307 308 308 309 309 310 310 304 304 307 307 304 304 306 306 311 311 304 304 308 308 310 310 309 309 312 312 304 304 313 313 314 314 313 313 304 304 310 310 304 304 315 315 316 316 315 315 304 304 314 314 317 317 304 304 316 316 304 304 318 318 305 305 318 318 304 304 317 317 304 304 311 311 319 319 320 320 321 321 322 322 322 322 323 323 324 324 324 324 325 325 326 326 327 327 325 325 328 328 329 329 325 325 327 327 326 326 330 330 331 331 332 332 325 325 329 329 333 333 325 325 332 332 334 334 325 325 333 333 326 326 334 334 335 335 334 334 326 326 325 325 326 326 336 336 330 330 336 336 326 326 335 335 325 325 324 324 323 323 323 323 322 322 321 321 321 321 320 320 337 337 337 337 338 338 339 339 339 339 340 340 341 341 341 341 342 342 343 343 343 343 344 344 345 345 345 345 346 346 347 347 347 347 348 348 349 349 348 348 347 347 346 346 346 346 345 345 344 344 344 344 343 343 342 342 342 342 341 341 340 340 340 340 339 339 338 338 338 338 337 337 320 320 350 350 351 351 352 352 353 353 354 354 355 355 356 356 357 357 358 358 359 359 353 353 360 360 360 360 355 355 361 361 362 362 363 363 364 364 365 365 366 366 367 367 367 367 368 368 369 369 370 370 371 371 372 372 373 373 374 374 375 375 367 367 376 376 365 365 377 377 378 378 379 379 366 366 380 380 370 370 381 381 382 382 383 383 384 384 385 385 386 386 387 387 388 388 384 384 360 360 389 389 359 359 390 390 391 391 392 392 354 354 392 392 393 393 394 394 393 393 395 395 396 396 397 397 398 398 399 399 400 400 401 401 402 402 403 403 404 404 405 405 406 406 407 407 402 402 408 408 396 396 409 409 410 410 411 411 369 369 412 412 413 413 409 409 412 412 414 414 375 375 415 415 416 416 412 412 369 369 414 414 409 409 416 416 415 415 412 412 409 409 415 415 409 409 417 417 416 416 415 415 375 375 374 374 417 417 409 409 411 411 418 418 419 419 420 420 396 396 421 421 422 422 409 409 423 423 410 410 424 424 425 425 426 426 418 418 427 427 428 428 423 423 409 409 418 418 426 426 429 429 430 430 423 423 431 431 432 432 418 418 433 433 434 434 418 418 435 435 436 436 426 426 437 437 438 438 424 424 426 426 430 430 423 423 439 439 440 440 408 408 441 441 442 442 433 433 396 396 422 422 434 434 443 443 418 418 435 435 418 418 428 428 418 418 444 444 419 419 437 437 426 426 445 445 429 429 426 426 438 438 424 424 446 446 425 425 423 423 447 447 448 448 431 431 423 423 440 440 408 408 449 449 441 441 408 408 450 450 451 451 433 433 418 418 396 396 452 452 453 453 454 454 427 427 418 418 443 443 455 455 418 418 436 436 456 456 457 457 446 446 423 423 458 458 459 459 439 439 445 445 426 426 408 408 432 432 449 449 450 450 408 408 442 442 396 396 460 460 461 461 454 454 462 462 463 463 464 464 434 434 454 454 444 444 418 418 455 455 446 446 465 465 466 466 446 446 424 424 467 467 423 423 468 468 458 458 447 447 423 423 459 459 469 469 423 423 448 448 432 432 408 408 423 423 396 396 470 470 460 460 421 421 396 396 461 461 462 462 454 454 434 434 452 452 454 454 463 463 443 443 434 434 464 464 446 446 471 471 472 472 446 446 473 473 456 456 418 418 468 468 423 423 474 474 423 423 469 469 396 396 475 475 470 470 452 452 476 476 453 453 471 471 446 446 467 467 477 477 446 446 472 472 473 473 446 446 466 466 456 456 478 478 479 479 468 468 418 418 420 420 445 445 423 423 474 474 396 396 480 480 475 475 476 476 481 481 482 482 465 465 446 446 477 477 478 478 456 456 483 483 457 457 456 456 479 479 439 439 423 423 445 445 484 484 408 408 451 451 485 485 476 476 452 452 486 486 487 487 482 482 396 396 488 488 480 480 408 408 488 488 396 396 489 489 482 482 481 481 481 481 476 476 485 485 488 488 408 408 484 484 490 490 482 482 489 489 482 482 491 491 486 486 482 482 492 492 491 491 493 493 494 494 495 495 496 496 482 482 490 490 493 493 495 495 486 486 487 487 486 486 495 495 492 492 482 482 496 496 494 494 493 493 497 497 408 408 402 402 405 405 402 402 498 498 406 406 498 498 402 402 404 404 406 406 405 405 402 402 403 403 402 402 399 399 402 402 398 398 499 499 398 398 402 402 396 396 402 402 500 500 501 501 500 500 402 402 499 499 399 399 502 502 503 503 402 402 504 504 399 399 505 505 399 399 503 503 504 504 402 402 501 501 502 502 399 399 504 504 400 400 399 399 505 505 418 418 506 506 507 507 508 508 401 401 509 509 418 418 510 510 511 511 509 509 401 401 400 400 418 418 512 512 513 513 510 510 418 418 507 507 396 396 514 514 397 397 401 401 508 508 515 515 516 516 517 517 518 518 506 506 418 418 513 513 396 396 511 511 514 514 518 518 515 515 508 508 519 519 520 520 521 521 511 511 396 396 418 418 522 522 518 518 517 517 517 517 516 516 519 519 520 520 519 519 516 516 519 519 523 523 512 512 515 515 518 518 522 522 523 523 519 519 521 521 512 512 418 418 519 519 393 393 394 394 354 354 392 392 354 354 390 390 391 391 390 390 524 524 387 387 525 525 360 360 525 525 387 387 526 526 389 389 360 360 525 525 360 360 527 527 528 528 360 360 529 529 530 530 387 387 531 531 532 532 529 529 360 360 361 361 527 527 360 360 530 530 531 531 360 360 528 528 533 533 387 387 532 532 531 531 387 387 360 360 534 534 387 387 533 533 388 388 387 387 534 534 361 361 535 535 529 529 381 381 536 536 362 362 385 385 384 384 388 388 536 536 381 381 383 383 536 536 537 537 538 538 539 539 385 385 388 388 361 361 540 540 535 535 537 537 385 385 539 539 362 362 541 541 542 542 537 537 536 536 385 385 362 362 543 543 544 544 361 361 542 542 540 540 536 536 545 545 546 546 547 547 362 362 544 544 542 542 361 361 362 362 536 536 548 548 545 545 549 549 536 536 546 546 550 550 362 362 547 547 548 548 536 536 538 538 362 362 549 549 543 543 541 541 362 362 550 550 549 549 362 362 536 536 551 551 552 552 553 553 554 554 555 555 556 556 382 382 381 381 554 554 370 370 557 557 558 558 382 382 559 559 560 560 370 370 561 561 562 562 370 370 563 563 554 554 382 382 564 564 565 565 382 382 566 566 551 551 370 370 567 567 568 568 569 569 370 370 562 562 563 563 370 370 558 558 554 554 570 570 571 571 382 382 572 572 573 573 574 574 575 575 576 576 566 566 382 382 560 560 551 551 577 577 578 578 370 370 579 579 580 580 561 561 370 370 568 568 581 581 582 582 583 583 570 570 554 554 563 563 554 554 584 584 585 585 382 382 586 586 572 572 564 564 382 382 573 573 576 576 587 587 588 588 589 589 590 590 382 382 577 577 551 551 566 566 551 551 591 591 552 552 370 370 592 592 579 579 567 567 370 370 580 580 583 583 593 593 581 581 557 557 370 370 583 583 584 584 554 554 571 571 555 555 554 554 585 585 382 382 594 594 586 586 587 587 576 576 589 589 576 576 595 595 596 596 597 597 589 589 576 576 559 559 382 382 590 590 551 551 598 598 591 591 370 370 553 553 592 592 370 370 593 593 583 583 581 581 599 599 582 582 594 594 554 554 556 556 595 595 576 576 588 588 574 574 576 576 596 596 600 600 382 382 565 565 598 598 551 551 578 578 380 380 551 551 553 553 601 601 370 370 569 569 602 602 603 603 599 599 594 594 382 382 554 554 604 604 605 605 606 606 589 589 382 382 600 600 551 551 380 380 607 607 553 553 370 370 380 380 593 593 370 370 601 601 608 608 599 599 581 581 574 574 606 606 575 575 590 590 589 589 597 597 602 602 599 599 608 608 606 606 574 574 609 609 604 604 606 606 609 609 603 603 610 610 611 611 612 612 613 613 605 605 614 614 615 615 611 611 605 605 616 616 612 612 611 611 617 617 618 618 610 610 603 603 602 602 605 605 619 619 616 616 612 612 620 620 621 621 622 622 611 611 610 610 611 611 623 623 614 614 619 619 605 605 604 604 624 624 612 612 625 625 626 626 612 612 621 621 627 627 611 611 622 622 623 623 611 611 618 618 614 614 628 628 629 629 620 620 612 612 624 624 613 613 612 612 626 626 630 630 611 611 627 627 628 628 614 614 631 631 615 615 614 614 629 629 617 617 611 611 630 630 380 380 366 366 377 377 366 366 632 632 378 378 632 632 366 366 633 633 378 378 377 377 366 366 373 373 634 634 367 367 634 634 373 373 635 635 376 376 367 367 634 634 373 373 413 413 374 374 367 367 413 413 373 373 413 413 367 367 369 369 370 370 636 636 637 637 369 369 638 638 639 639 371 371 370 370 637 637 638 638 369 369 368 368 414 414 640 640 641 641 414 414 642 642 643 643 554 554 644 644 645 645 414 414 639 639 642 642 640 640 414 414 643 643 554 554 646 646 644 644 554 554 647 647 648 648 639 639 414 414 369 369 414 414 646 646 554 554 647 647 554 554 645 645 636 636 554 554 648 648 649 649 414 414 641 641 636 636 370 370 554 554 646 646 414 414 649 649 366 366 650 650 651 651 366 366 372 372 650 650 367 367 652 652 653 653 372 372 366 366 370 370 366 366 654 654 655 655 656 656 367 367 653 653 654 654 366 366 651 651 367 367 655 655 652 652 368 368 367 367 656 656 655 655 367 367 366 366 366 366 365 365 633 633 355 355 657 657 658 658 356 356 659 659 660 660 661 661 662 662 663 663 356 356 664 664 665 665 355 355 666 666 667 667 361 361 668 668 669 669 362 362 670 670 671 671 356 356 672 672 673 673 659 659 356 356 665 665 355 355 660 660 666 666 355 355 674 674 675 675 355 355 676 676 677 677 678 678 361 361 669 669 362 362 679 679 670 670 680 680 362 362 671 671 362 362 672 672 356 356 356 356 681 681 664 664 660 660 355 355 356 356 682 682 683 683 684 684 657 657 355 355 675 675 676 676 355 355 658 658 361 361 685 685 686 686 361 361 679 679 362 362 362 362 687 687 363 363 672 672 362 362 364 364 681 681 356 356 673 673 684 684 688 688 689 689 667 667 674 674 355 355 355 355 690 690 691 691 355 355 692 692 690 690 361 361 693 693 694 694 685 685 361 361 678 678 663 663 695 695 661 661 696 696 361 361 663 663 687 687 362 362 680 680 697 697 684 684 667 667 682 682 684 684 689 689 698 698 667 667 684 684 692 692 355 355 677 677 361 361 699 699 693 693 700 700 361 361 694 694 361 361 701 701 663 663 661 661 702 702 703 703 679 679 361 361 696 696 688 688 684 684 697 697 704 704 705 705 706 706 674 674 667 667 698 698 668 668 361 361 700 700 701 701 361 361 686 686 695 695 663 663 701 701 661 661 707 707 702 702 662 662 661 661 703 703 682 682 706 706 683 683 361 361 708 708 699 699 355 355 708 708 361 361 707 707 709 709 710 710 706 706 682 682 711 711 706 706 712 712 713 713 708 708 355 355 691 691 714 714 707 707 661 661 715 715 706 706 711 711 706 706 716 716 704 704 717 717 718 718 710 710 706 706 719 719 720 720 716 716 706 706 713 713 705 705 721 721 722 722 723 723 710 710 709 709 709 709 707 707 714 714 719 719 706 706 715 715 712 712 706 706 720 720 705 705 724 724 721 721 710 710 725 725 717 717 724 724 705 705 704 704 725 725 710 710 723 723 726 726 727 727 728 728 728 728 729 729 726 726 717 717 730 730 718 718 731 731 728 728 717 717 727 727 726 726 732 732 730 730 717 717 728 728 729 729 728 728 731 731 355 355 360 360 353 353 353 353 359 359 733 733 354 354 734 734 735 735 394 394 736 736 737 737 356 356 738 738 739 739 394 394 740 740 741 741 354 354 742 742 743 743 355 355 744 744 745 745 356 356 746 746 357 357 394 394 747 747 740 740 394 394 748 748 736 736 354 354 749 749 742 742 743 743 750 750 354 354 354 354 751 751 752 752 355 355 753 753 754 754 356 356 755 755 746 746 394 394 756 756 747 747 748 748 394 394 741 741 354 354 737 737 749 749 757 757 758 758 759 759 760 760 354 354 750 750 761 761 354 354 735 735 355 355 762 762 763 763 755 755 356 356 739 739 394 394 358 358 756 756 737 737 354 354 394 394 759 759 764 764 765 765 766 766 743 743 759 759 734 734 354 354 760 760 751 751 354 354 761 761 354 354 767 767 768 768 355 355 769 769 762 762 770 770 771 771 772 772 356 356 773 773 774 774 355 355 773 773 356 356 738 738 356 356 774 774 358 358 394 394 356 356 764 764 759 759 743 743 757 757 759 759 765 765 750 750 743 743 766 766 767 767 354 354 752 752 355 355 775 775 776 776 355 355 777 777 744 744 778 778 355 355 776 776 769 769 355 355 745 745 772 772 779 779 770 770 763 763 753 753 355 355 773 773 355 355 754 754 351 351 780 780 781 781 354 354 775 775 355 355 782 782 354 354 768 768 777 777 355 355 778 778 779 779 772 772 763 763 783 783 784 784 771 771 753 753 763 763 772 772 757 757 781 781 758 758 775 775 354 354 782 782 785 785 771 771 770 770 390 390 733 733 524 524 354 354 353 353 390 390 786 786 787 787 788 788 787 787 789 789 790 790 791 791 789 789 792 792 793 793 789 789 794 794 789 789 791 791 790 790 794 794 789 789 795 795 789 789 793 793 792 792 796 796 789 789 797 797 789 789 796 796 795 795 798 798 351 351 350 350 799 799 784 784 783 783 797 797 789 789 799 799 781 781 757 757 800 800 801 801 351 351 802 802 803 803 781 781 804 804 787 787 786 786 789 789 351 351 798 798 780 780 802 802 351 351 805 805 781 781 803 803 806 806 784 784 799 799 789 789 351 351 801 801 352 352 804 804 781 781 800 800 783 783 771 771 785 785 781 781 806 806 351 351 733 733 390 390 353 353 807 807 808 808 809 809 810 810 811 811 812 812 813 813 812 812 811 811 814 814 813 813 815 815 816 816 814 814 815 815 817 817 818 818 819 819 807 807 820 820 821 821 820 820 807 807 822 822 823 823 807 807 821 821 811 811 810 810 824 824 813 813 814 814 812 812 816 816 818 818 814 814 809 809 817 817 807 807 807 807 823 823 808 808 818 818 816 816 819 819 817 817 809 809 818 818 825 825 826 826 827 827 828 828 829 829 830 830 831 831 832 832 833 833 832 832 831 831 829 829 834 834 833 833 835 835 826 826 825 825 836 836 830 830 837 837 828 828 837 837 830 830 838 838 829 829 828 828 832 832 827 827 834 834 835 835 834 834 827 827 826 826 833 833 834 834 831 831 839 839 840 840 841 841 842 842 843 843 844 844 845 845 846 846 847 847 848 848 849 849 846 846 849 849 848 848 850 850 846 846 845 845 848 848 847 847 839 839 845 845 840 840 839 839 851 851 852 852 853 853 854 854 855 855 853 853 856 856 843 843 842 842 857 857 853 853 855 855 854 854 853 853 852 852 858 858 839 839 847 847 851 851 856 856 853 853 857 857 850 850 844 844 849 849 843 843 857 857 853 853 844 844 850 850 842 842 859 859 860 860 861 861 860 860 859 859 862 862 863 863 862 862 864 864 862 862 863 863 865 865 866 866 867 867 868 868 869 869 870 870 871 871 872 872 867 867 873 873 868 868 867 867 874 874 875 875 876 876 877 877 878 878 879 879 880 880 881 881 879 879 882 882 883 883 879 879 884 884 867 867 872 872 870 870 867 867 866 866 885 885 879 879 878 878 876 876 886 886 879 879 887 887 879 879 883 883 882 882 888 888 874 874 867 867 867 867 885 885 873 873 879 879 886 886 880 880 884 884 879 879 889 889 870 870 869 869 867 867 879 879 890 890 889 889 879 879 881 881 887 887 874 874 888 888 891 891 892 892 893 893 874 874 876 876 875 875 879 879 893 893 892 892 894 894 890 890 895 895 896 896 897 897 860 860 862 862 898 898 862 862 899 899 874 874 891 891 892 892 900 900 901 901 902 902 903 903 896 896 904 904 890 890 879 879 895 895 905 905 860 860 906 906 860 860 897 897 907 907 862 862 898 898 908 908 862 862 908 908 897 897 909 909 862 862 910 910 893 893 911 911 912 912 913 913 914 914 915 915 901 901 900 900 914 914 916 916 901 901 917 917 896 896 895 895 904 904 918 918 919 919 920 920 920 920 860 860 921 921 860 860 905 905 922 922 860 860 907 907 906 906 909 909 910 910 923 923 912 912 911 911 924 924 925 925 911 911 910 910 926 926 914 914 927 927 914 914 913 913 928 928 901 901 916 916 902 902 914 914 900 900 915 915 929 929 901 901 930 930 896 896 903 903 931 931 860 860 920 920 919 919 932 932 862 862 933 933 934 934 862 862 935 935 923 923 910 910 911 911 911 911 925 925 924 924 914 914 928 928 927 927 901 901 929 929 917 917 936 936 860 860 937 937 919 919 918 918 896 896 938 938 860 860 939 939 940 940 860 860 941 941 862 862 932 932 899 899 862 862 934 934 942 942 893 893 894 894 911 911 943 943 901 901 936 936 937 937 860 860 919 919 860 860 938 938 921 921 860 860 922 922 941 941 862 862 909 909 935 935 944 944 862 862 914 914 901 901 943 943 930 930 896 896 931 931 919 919 862 862 942 942 933 933 862 862 944 944 945 945 860 860 936 936 901 901 862 862 945 945 910 910 860 860 940 940 939 939 946 946 947 947 948 948 949 949 947 947 950 950 951 951 950 950 947 947 948 948 947 947 952 952 950 950 951 951 953 953 954 954 955 955 956 956 957 957 958 958 959 959 960 960 958 958 961 961 962 962 961 961 958 958 947 947 949 949 952 952 956 956 955 955 963 963 958 958 957 957 964 964 965 965 958 958 966 966 967 967 958 958 968 968 961 961 962 962 969 969 955 955 954 954 947 947 958 958 965 965 959 959 958 958 960 960 968 968 947 947 946 946 955 955 970 970 971 971 963 963 958 958 967 967 966 966 972 972 973 973 958 958 974 974 862 862 975 975 975 975 865 865 976 976 971 971 970 970 977 977 973 973 972 972 978 978 979 979 862 862 980 980 865 865 975 975 862 862 862 862 974 974 980 980 963 963 955 955 970 970 973 973 978 978 981 981 862 862 979 979 982 982 862 862 982 982 983 983 976 976 865 865 984 984 971 971 985 985 986 986 958 958 964 964 972 972 987 987 862 862 983 983 988 988 865 865 989 989 990 990 865 865 991 991 992 992 991 991 985 985 986 986 985 985 993 993 994 994 985 985 991 991 995 995 996 996 997 997 981 981 978 978 998 998 999 999 1000 1000 1001 1001 1001 1001 914 914 1002 1002 865 865 988 988 1003 1003 991 991 992 992 990 990 985 985 994 994 993 993 1004 1004 996 996 1005 1005 1006 1006 996 996 1007 1007 996 996 995 995 1008 1008 996 996 1008 1008 1007 1007 997 997 914 914 1009 1009 981 981 1010 1010 1011 1011 914 914 1001 1001 1000 1000 1000 1000 999 999 981 981 865 865 1003 1003 984 984 1012 1012 865 865 1013 1013 971 971 977 977 985 985 1005 1005 996 996 1014 1014 996 996 1006 1006 1015 1015 914 914 997 997 996 996 1016 1016 914 914 1017 1017 1018 1018 914 914 1000 1000 1019 1019 914 914 862 862 989 989 865 865 1020 1020 865 865 990 990 1013 1013 996 996 1015 1015 1014 1014 914 914 1016 1016 1009 1009 981 981 1011 1011 1000 1000 914 914 1019 1019 1021 1021 865 865 1012 1012 1020 1020 1022 1022 865 865 1004 1004 1023 1023 914 914 1024 1024 914 914 1021 1021 1002 1002 865 865 1022 1022 991 991 914 914 1023 1023 1017 1017 862 862 987 987 1019 1019 914 914 1018 1018 1024 1024 1025 1025 1026 1026 1027 1027 1028 1028 1026 1026 1029 1029 1027 1027 1026 1026 1030 1030 1031 1031 1026 1026 1032 1032 1026 1026 1028 1028 1033 1033 1034 1034 1029 1029 1035 1035 1036 1036 1037 1037 1038 1038 1026 1026 1031 1031 1030 1030 1029 1029 1034 1034 1028 1028 1039 1039 1029 1029 1040 1040 1037 1037 1036 1036 1029 1029 1041 1041 1042 1042 1025 1025 1026 1026 1033 1033 1032 1032 1029 1029 1036 1036 1040 1040 1042 1042 1041 1041 1043 1043 1029 1029 1039 1039 1035 1035 1044 1044 1037 1037 1045 1045 1026 1026 1025 1025 1042 1042 1045 1045 1037 1037 1046 1046 1037 1037 1044 1044 1038 1038 1047 1047 1048 1048 1049 1049 1050 1050 1051 1051 1052 1052 1053 1053 1051 1051 1054 1054 1055 1055 1056 1056 1057 1057 1048 1048 1047 1047 1058 1058 1059 1059 1060 1060 1061 1061 1051 1051 1053 1053 1052 1052 1062 1062 1056 1056 1063 1063 1057 1057 1056 1056 1064 1064 1065 1065 1056 1056 1066 1066 1049 1049 1048 1048 1067 1067 1060 1060 1059 1059 1068 1068 1069 1069 1067 1067 1048 1048 1056 1056 1062 1062 1051 1051 1056 1056 1065 1065 1064 1064 1048 1048 1058 1058 1070 1070 1067 1067 1069 1069 1061 1061 1056 1056 1055 1055 1063 1063 1066 1066 1071 1071 1072 1072 1061 1061 1060 1060 1067 1067 1071 1071 1066 1066 1056 1056 1073 1073 1074 1074 1075 1075 1048 1048 1070 1070 1076 1076 1077 1077 1078 1078 1048 1048 1072 1072 1071 1071 1079 1079 1074 1074 1073 1073 1080 1080 1080 1080 1073 1073 1081 1081 1078 1078 1077 1077 1082 1082 1083 1083 1084 1084 1085 1085 1085 1085 1086 1086 1087 1087 1051 1051 1050 1050 1056 1056 1048 1048 1076 1076 1077 1077 1088 1088 1084 1084 1089 1089 1090 1090 1084 1084 1091 1091 1086 1086 1085 1085 1084 1084 1084 1084 1083 1083 1091 1091 1079 1079 1071 1071 1092 1092 1080 1080 1081 1081 1093 1093 1094 1094 1074 1074 1095 1095 1078 1078 1096 1096 1097 1097 1089 1089 1084 1084 1098 1098 1084 1084 1090 1090 1099 1099 862 862 859 859 864 864 865 865 863 863 1100 1100 914 914 926 926 944 944 996 996 1004 1004 865 865 1042 1042 1043 1043 1101 1101 1084 1084 1088 1088 1074 1074 1074 1074 1102 1102 1103 1103 1103 1103 1104 1104 1074 1074 1105 1105 1106 1106 1107 1107 901 901 1108 1108 860 860 1109 1109 860 860 1108 1108 1110 1110 1111 1111 1112 1112 1113 1113 1114 1114 1115 1115 1037 1037 1116 1116 1117 1117 1042 1042 1118 1118 1119 1119 1042 1042 1120 1120 1121 1121 1120 1120 1042 1042 1119 1119 1117 1117 1046 1046 1037 1037 1122 1122 1101 1101 1123 1123 1118 1118 1042 1042 1101 1101 1101 1101 1122 1122 1118 1118 1117 1117 1124 1124 1125 1125 1122 1122 1126 1126 1117 1117 1046 1046 1117 1117 1125 1125 1127 1127 1122 1122 1123 1123 1124 1124 1117 1117 1126 1126 1126 1126 1122 1122 1127 1127 1128 1128 1129 1129 1037 1037 1129 1129 1128 1128 1130 1130 1116 1116 1037 1037 1129 1129 1113 1113 1131 1131 1029 1029 1131 1131 1113 1113 1115 1115 1131 1131 1132 1132 1133 1133 1134 1134 1037 1037 1135 1135 1136 1136 1137 1137 1132 1132 1131 1131 1138 1138 1139 1139 1037 1037 1140 1140 1141 1141 1132 1132 1131 1131 1136 1136 1142 1142 1143 1143 1144 1144 1131 1131 1145 1145 1146 1146 1037 1037 1147 1147 1140 1140 1037 1037 1148 1148 1149 1149 1136 1136 1150 1150 1151 1151 1137 1137 1136 1136 1151 1151 1144 1144 1152 1152 1153 1153 1131 1131 1154 1154 1155 1155 1145 1145 1131 1131 1139 1139 1029 1029 1135 1135 1037 1037 1131 1131 1156 1156 1157 1157 1037 1037 1158 1158 1159 1159 1148 1148 1037 1037 1141 1141 1037 1037 1160 1160 1161 1161 1136 1136 1162 1162 1150 1150 1163 1163 1136 1136 1164 1164 1144 1144 1165 1165 1152 1152 1142 1142 1144 1144 1153 1153 1131 1131 1144 1144 1154 1154 1138 1138 1131 1131 1155 1155 1156 1156 1131 1131 1146 1146 1029 1029 1166 1166 1167 1167 1158 1158 1037 1037 1134 1134 1168 1168 1169 1169 1170 1170 1171 1171 1037 1037 1149 1149 1128 1128 1136 1136 1172 1172 1037 1037 1173 1173 1128 1128 1162 1162 1136 1136 1163 1163 1165 1165 1144 1144 1133 1133 1142 1142 1174 1174 1143 1143 1144 1144 1131 1131 1133 1133 1029 1029 1175 1175 1176 1176 1177 1177 1029 1029 1167 1167 1170 1170 1178 1178 1168 1168 1179 1179 1159 1159 1170 1170 1160 1160 1037 1037 1171 1171 1173 1173 1037 1037 1161 1161 1164 1164 1128 1128 1173 1173 1142 1142 1180 1180 1174 1174 1029 1029 1181 1181 1175 1175 1166 1166 1029 1029 1176 1176 1135 1135 1029 1029 1177 1177 1178 1178 1170 1170 1159 1159 1168 1168 1182 1182 1169 1169 1037 1037 1179 1179 1147 1147 1136 1136 1128 1128 1164 1164 1183 1183 1184 1184 1185 1185 1131 1131 1186 1186 1029 1029 1187 1187 1188 1188 1189 1189 1179 1179 1037 1037 1159 1159 1190 1190 1180 1180 1142 1142 1186 1186 1131 1131 1157 1157 1181 1181 1029 1029 1186 1186 1191 1191 1182 1182 1168 1168 1190 1190 1185 1185 1180 1180 1191 1191 1189 1189 1182 1182 1185 1185 1190 1190 1192 1192 1183 1183 1185 1185 1192 1192 1189 1189 1191 1191 1193 1193 1189 1189 1194 1194 1195 1195 1196 1196 1197 1197 1184 1184 1189 1189 1198 1198 1199 1199 1189 1189 1200 1200 1187 1187 1184 1184 1201 1201 1196 1196 1198 1198 1189 1189 1193 1193 1202 1202 1189 1189 1199 1199 1200 1200 1189 1189 1195 1195 1187 1187 1203 1203 1188 1188 1184 1184 1204 1204 1201 1201 1196 1196 1205 1205 1206 1206 1194 1194 1189 1189 1202 1202 1187 1187 1207 1207 1203 1203 1204 1204 1184 1184 1183 1183 1208 1208 1196 1196 1209 1209 1210 1210 1196 1196 1206 1206 1207 1207 1187 1187 1211 1211 1205 1205 1196 1196 1208 1208 1197 1197 1196 1196 1210 1210 1110 1110 1212 1212 1213 1213 1212 1212 1110 1110 1214 1214 1212 1212 1215 1215 1213 1213 865 865 1216 1216 1217 1217 1114 1114 1113 1113 996 996 1216 1216 865 865 1218 1218 1114 1114 1219 1219 1220 1220 865 865 1221 1221 996 996 1212 1212 1222 1222 1223 1223 1224 1224 865 865 1217 1217 996 996 1225 1225 1226 1226 1114 1114 1222 1222 1212 1212 1215 1215 1212 1212 1223 1223 1221 1221 865 865 1224 1224 996 996 1227 1227 1225 1225 996 996 1228 1228 1114 1114 1222 1222 1114 1114 1220 1220 996 996 1229 1229 1227 1227 1230 1230 996 996 1226 1226 1231 1231 1114 1114 1228 1228 1229 1229 996 996 1221 1221 1228 1228 996 996 1230 1230 1232 1232 1114 1114 1231 1231 1219 1219 1114 1114 1232 1232 1218 1218 1100 1100 1233 1233 1234 1234 1235 1235 1236 1236 1111 1111 1110 1110 1213 1213 1234 1234 1213 1213 1235 1235 1234 1234 1237 1237 1100 1100 1213 1213 1234 1234 1111 1111 1237 1237 1234 1234 1236 1236 1238 1238 1100 1100 1237 1237 1233 1233 1100 1100 1238 1238 1100 1100 1218 1218 865 865 860 860 1109 1109 861 861 1108 1108 901 901 1239 1239 1084 1084 1240 1240 1241 1241 1074 1074 1242 1242 1084 1084 1084 1084 1243 1243 1244 1244 1074 1074 1245 1245 1246 1246 1240 1240 1084 1084 1242 1242 1243 1243 1084 1084 1241 1241 1247 1247 1248 1248 1249 1249 1245 1245 1074 1074 1104 1104 1250 1250 1074 1074 1246 1246 1247 1247 1251 1251 1252 1252 1105 1105 1253 1253 1106 1106 1242 1242 1074 1074 1250 1250 1084 1084 1254 1254 1247 1247 1248 1248 1247 1247 1252 1252 1255 1255 1256 1256 1257 1257 1254 1254 1084 1084 1244 1244 1251 1251 1247 1247 1254 1254 1249 1249 1257 1257 1247 1247 1258 1258 1259 1259 1260 1260 1257 1257 1249 1249 1255 1255 1255 1255 1260 1260 1256 1256 1259 1259 1253 1253 1105 1105 1260 1260 1255 1255 1258 1258 1253 1253 1259 1259 1258 1258 1103 1103 1261 1261 1262 1262 1105 1105 1263 1263 1261 1261 1264 1264 1103 1103 1262 1262 1265 1265 1105 1105 1107 1107 1261 1261 1103 1103 1105 1105 1104 1104 1103 1103 1264 1264 1263 1263 1105 1105 1265 1265 1080 1080 1266 1266 1074 1074 1266 1266 1080 1080 1267 1267 1102 1102 1074 1074 1266 1266 1042 1042 1268 1268 1026 1026 1268 1268 1042 1042 1121 1121 1026 1026 1086 1086 1084 1084 1086 1086 1026 1026 1268 1268 1074 1074 1269 1269 1270 1270 1074 1074 1271 1271 1272 1272 1080 1080 1273 1273 1086 1086 1074 1074 1274 1274 1275 1275 1269 1269 1074 1074 1272 1272 1074 1074 1276 1276 1277 1277 1278 1278 1279 1279 1280 1280 1274 1274 1074 1074 1088 1088 1281 1281 1096 1096 1282 1282 1276 1276 1074 1074 1270 1270 1080 1080 1283 1283 1284 1284 1086 1086 1278 1278 1280 1280 1086 1086 1285 1285 1286 1286 1282 1282 1287 1287 1281 1281 1271 1271 1275 1275 1282 1282 1080 1080 1093 1093 1288 1288 1289 1289 1080 1080 1284 1284 1086 1086 1290 1290 1291 1291 1278 1278 1292 1292 1293 1293 1086 1086 1294 1294 1285 1285 1287 1287 1282 1282 1275 1275 1078 1078 1082 1082 1096 1096 1271 1271 1074 1074 1275 1275 1095 1095 1074 1074 1277 1277 1283 1283 1080 1080 1288 1288 1295 1295 1080 1080 1289 1289 1290 1290 1086 1086 1273 1273 1278 1278 1086 1086 1291 1291 1079 1079 1092 1092 1292 1292 1279 1279 1278 1278 1293 1293 1294 1294 1086 1086 1280 1280 1086 1086 1296 1296 1297 1297 1084 1084 1099 1099 1098 1098 1097 1097 1096 1096 1281 1281 1074 1074 1094 1094 1075 1075 1273 1273 1080 1080 1295 1295 1079 1079 1292 1292 1278 1278 1296 1296 1086 1086 1286 1286 1087 1087 1086 1086 1297 1297 1010 1010 981 981 998 998 1298 1298 1299 1299 1300 1300 1299 1299 1298 1298 1301 1301 1302 1302 1303 1303 1304 1304 1303 1303 1302 1302 1305 1305 1306 1306 1307 1307 1308 1308 1309 1309 1307 1307 1310 1310 1307 1307 1309 1309 1308 1308 1307 1307 1306 1306 1311 1311 1312 1312 1313 1313 1314 1314 1315 1315 1316 1316 1312 1312 1316 1316 1315 1315 1317 1317 1313 1313 1318 1318 1319 1319 1313 1313 1312 1312 1316 1316 1318 1318 1313 1313 1316 1316 1320 1320 1321 1321 1322 1322 1323 1323 1324 1324 1325 1325 1326 1326 1327 1327 1328 1328 1329 1329 1321 1321 1327 1327 1330 1330 1321 1321 1331 1331 1323 1323 1332 1332 1333 1333 1323 1323 1334 1334 1332 1332 1324 1324 1323 1323 1333 1333 1335 1335 1336 1336 1337 1337 1323 1323 1336 1336 1335 1335 1321 1321 1330 1330 1338 1338 1320 1320 1339 1339 1340 1340 1321 1321 1329 1329 1331 1331 1327 1327 1326 1326 1329 1329 1341 1341 1327 1327 1335 1335 1342 1342 1343 1343 1344 1344 1345 1345 1327 1327 1346 1346 1339 1339 1347 1347 1340 1340 1348 1348 1349 1349 1350 1350 1334 1334 1323 1323 1339 1339 1336 1336 1323 1323 1325 1325 1339 1339 1351 1351 1352 1352 1339 1339 1320 1320 1322 1322 1320 1320 1353 1353 1321 1321 1339 1339 1354 1354 1351 1351 1355 1355 1339 1339 1352 1352 1353 1353 1356 1356 1357 1357 1354 1354 1339 1339 1323 1323 1353 1353 1358 1358 1359 1359 1358 1358 1353 1353 1320 1320 1356 1356 1353 1353 1359 1359 1339 1339 1355 1355 1347 1347 1360 1360 1361 1361 1335 1335 1362 1362 1327 1327 1321 1321 1350 1350 1363 1363 1348 1348 1327 1327 1364 1364 1365 1365 1363 1363 1350 1350 1361 1361 1348 1348 1366 1366 1367 1367 1327 1327 1368 1368 1364 1364 1327 1327 1341 1341 1369 1369 1335 1335 1361 1361 1323 1323 1343 1343 1342 1342 1370 1370 1348 1348 1371 1371 1372 1372 1327 1327 1373 1373 1374 1374 1335 1335 1375 1375 1376 1376 1327 1327 1345 1345 1328 1328 1361 1361 1360 1360 1363 1363 1343 1343 1377 1377 1378 1378 1366 1366 1348 1348 1343 1343 1371 1371 1348 1348 1367 1367 1349 1349 1348 1348 1372 1372 1379 1379 1327 1327 1362 1362 1380 1380 1327 1327 1369 1369 1341 1341 1335 1335 1381 1381 1382 1382 1335 1335 1376 1376 1383 1383 1327 1327 1374 1374 1373 1373 1327 1327 1379 1379 1344 1344 1343 1343 1378 1378 1377 1377 1343 1343 1348 1348 1321 1321 1338 1338 1322 1322 1327 1327 1380 1380 1346 1346 1335 1335 1382 1382 1381 1381 1375 1375 1335 1335 1337 1337 1327 1327 1383 1383 1368 1368 1384 1384 1385 1385 1386 1386 1385 1385 1384 1384 1387 1387 1388 1388 1389 1389 1390 1390 1389 1389 1388 1388 1391 1391 1392 1392 1393 1393 1394 1394 1395 1395 1392 1392 1394 1394 1393 1393 1392 1392 1396 1396 1392 1392 1395 1395 1397 1397 1398 1398 1399 1399 1400 1400 1400 1400 1399 1399 1401 1401 1402 1402 1399 1399 1403 1403 1399 1399 1398 1398 1404 1404 1405 1405 1399 1399 1406 1406 1399 1399 1404 1404 1403 1403 1407 1407 1399 1399 1408 1408 1399 1399 1409 1409 1408 1408 1410 1410 1411 1411 1399 1399 1399 1399 1402 1402 1406 1406 1409 1409 1399 1399 1412 1412 1399 1399 1405 1405 1410 1410 1411 1411 1410 1410 1413 1413 1399 1399 1407 1407 1401 1401 1414 1414 1415 1415 1416 1416 1417 1417 1418 1418 1419 1419 1415 1415 1414 1414 1420 1420 1420 1420 1414 1414 1418 1418 1418 1418 1417 1417 1420 1420 1421 1421 1422 1422 1423 1423 1422 1422 1424 1424 1425 1425 1424 1424 1422 1422 1421 1421 1426 1426 1427 1427 1428 1428 1427 1427 1426 1426 1429 1429 1423 1423 1429 1429 1421 1421 1430 1430 1431 1431 1432 1432 1431 1431 1430 1430 1425 1425 1425 1425 1424 1424 1431 1431 1429 1429 1423 1423 1427 1427 1433 1433 1434 1434 1435 1435 1434 1434 1433 1433 1436 1436 1437 1437 1438 1438 1439 1439 1438 1438 1437 1437 1440 1440 1441 1441 1442 1442 1443 1443 1444 1444 1443 1443 1442 1442 1445 1445 1446 1446 1447 1447 1446 1446 1445 1445 1448 1448 1449 1449 1450 1450 1447 1447 1442 1442 1441 1441 1451 1451 1443 1443 1444 1444 1448 1448 1450 1450 1449 1449 1452 1452 1445 1445 1447 1447 1450 1450 1446 1446 1448 1448 1444 1444 1453 1453 1454 1454 1455 1455 1456 1456 1457 1457 1455 1455 1454 1454 1453 1453 1458 1458 1457 1457 1456 1456 1459 1459 1453 1453 1455 1455 1457 1457 1460 1460 1461 1461 1462 1462 1462 1462 1463 1463 1464 1464 1461 1461 1460 1460 1465 1465 1465 1465 1466 1466 1467 1467 1466 1466 1465 1465 1460 1460 1463 1463 1462 1462 1461 1461 1468 1468 1469 1469 1470 1470 1469 1469 1468 1468 1471 1471 1472 1472 1473 1473 1474 1474 1473 1473 1472 1472 1475 1475 1476 1476 1477 1477 1478 1478 1477 1477 1476 1476 1479 1479 1480 1480 1481 1481 1482 1482 1481 1481 1480 1480 1483 1483 1484 1484 1485 1485 1486 1486 1485 1485 1484 1484 1487 1487 1488 1488 1489 1489 1490 1490 1489 1489 1488 1488 1491 1491 1492 1492 1493 1493 1494 1494 1493 1493 1492 1492 1495 1495 1496 1496 1497 1497 1498 1498 1497 1497 1496 1496 1499 1499 1500 1500 1501 1501 1502 1502 1501 1501 1500 1500 1503 1503 1504 1504 1505 1505 1506 1506 1505 1505 1504 1504 1507 1507 1508 1508 1509 1509 1510 1510 1511 1511 1508 1508 1512 1512 1509 1509 1508 1508 1513 1513 1510 1510 1509 1509 1514 1514 1508 1508 1511 1511 1513 1513 1515 1515 1516 1516 1517 1517 1517 1517 1511 1511 1512 1512 1516 1516 1515 1515 1518 1518 1515 1515 1519 1519 1518 1518 1519 1519 1515 1515 1520 1520 1511 1511 1517 1517 1516 1516 1521 1521 1522 1522 1523 1523 1524 1524 1523 1523 1522 1522 1523 1523 1524 1524 1525 1525 1522 1522 1521 1521 1526 1526 1527 1527 1528 1528 1529 1529 1529 1529 1530 1530 1527 1527 1530 1530 1529 1529 1531 1531 1528 1528 1527 1527 1532 1532 1533 1533 1534 1534 1535 1535 1536 1536 1533 1533 1537 1537 1534 1534 1533 1533 1538 1538 1539 1539 1537 1537 1540 1540 1533 1533 1536 1536 1538 1538 1541 1541 1542 1542 1543 1543 1542 1542 1539 1539 1540 1540 1537 1537 1539 1539 1536 1536 1539 1539 1542 1542 1544 1544 1542 1542 1541 1541 1544 1544 1545 1545 1546 1546 1547 1547 1546 1546 1545 1545 1548 1548 1549 1549 1550 1550 1551 1551 1550 1550 1549 1549 1552 1552 1553 1553 1552 1552 1549 1549 1552 1552 1553 1553 1554 1554 1555 1555 1556 1556 1557 1557 1558 1558 1559 1559 1560 1560 1561 1561 1558 1558 1560 1560 1562 1562 1556 1556 1563 1563 1556 1556 1555 1555 1564 1564 1562 1562 1565 1565 1561 1561 1558 1558 1561 1561 1565 1565 1559 1559 1558 1558 1566 1566 1565 1565 1562 1562 1563 1563 1556 1556 1562 1562 1557 1557 1567 1567 1568 1568 1569 1569 1568 1568 1567 1567 1570 1570 1571 1571 1569 1569 1568 1568 1569 1569 1571 1571 1572 1572 1573 1573 1574 1574 1575 1575 1574 1574 1573 1573 1576 1576 1575 1575 1577 1577 1573 1573 1577 1577 1575 1575 1578 1578 1579 1579 1580 1580 1581 1581 1580 1580 1582 1582 1583 1583 1582 1582 1579 1579 1584 1584 1579 1579 1582 1582 1580 1580 1585 1585 1586 1586 1587 1587 1586 1586 1585 1585 1588 1588 1589 1589 1590 1590 1591 1591 1590 1590 1589 1589 1592 1592 1591 1591 1590 1590 1593 1593 1589 1589 1591 1591 1594 1594 1595 1595 1596 1596 1597 1597 1598 1598 1599 1599 1600 1600 1595 1595 1598 1598 1596 1596 1599 1599 1598 1598 1595 1595 1601 1601 1602 1602 1603 1603 1602 1602 1601 1601 1604 1604 1605 1605 1606 1606 1607 1607 1607 1607 1608 1608 1605 1605 1606 1606 1605 1605 1609 1609 1608 1608 1607 1607 1610 1610 1611 1611 1612 1612 1613 1613 1614 1614 1612 1612 1611 1611 1612 1612 1614 1614 1615 1615 1616 1616 1617 1617 1618 1618 1617 1617 1616 1616 1619 1619 1620 1620 1621 1621 1622 1622 1623 1623 1620 1620 1624 1624 1620 1620 1623 1623 1621 1621 1625 1625 1626 1626 1627 1627 1626 1626 1628 1628 1629 1629 1626 1626 1625 1625 1628 1628 1625 1625 1627 1627 1630 1630 1631 1631 1632 1632 1633 1633 1632 1632 1631 1631 1634 1634 1635 1635 1636 1636 1637 1637 1638 1638 1636 1636 1635 1635 1639 1639 1638 1638 1640 1640 1636 1636 1638 1638 1639 1639 1641 1641 1642 1642 1643 1643 1644 1644 1645 1645 1646 1646 1642 1642 1641 1641 1647 1647 1644 1644 1643 1643 1648 1648 1645 1645 1644 1644 1648 1648 1643 1643 1644 1644 1641 1641 1649 1649 1650 1650 1651 1651 1652 1652 1653 1653 1654 1654 1650 1650 1649 1649 1652 1652 1655 1655 1651 1651 1650 1650 1656 1656 1657 1657 1655 1655 1657 1657 1656 1656 1658 1658 1651 1651 1655 1655 1657 1657 1659 1659 1654 1654 1653 1653 1653 1653 1652 1652 1649 1649 1654 1654 1659 1659 1660 1660 1661 1661 1662 1662 1663 1663 1664 1664 1665 1665 1666 1666 1667 1667 1663 1663 1662 1662 1662 1662 1661 1661 1668 1668 1668 1668 1666 1666 1665 1665 1669 1669 1670 1670 1664 1664 1665 1665 1664 1664 1670 1670 1666 1666 1668 1668 1661 1661 1663 1663 1667 1667 1671 1671 1670 1670 1669 1669 1672 1672 1673 1673 1674 1674 1675 1675 1674 1674 1673 1673 1676 1676 1677 1677 1678 1678 1679 1679 1680 1680 1681 1681 1682 1682 1677 1677 1683 1683 1678 1678 1679 1679 1684 1684 1685 1685 1684 1684 1680 1680 1685 1685 1680 1680 1682 1682 1686 1686 1684 1684 1679 1679 1678 1678 1683 1683 1677 1677 1687 1687 1681 1681 1680 1680 1684 1684 1687 1687 1677 1677 1688 1688 1689 1689 1690 1690 1691 1691 1692 1692 1693 1693 1694 1694 1690 1690 1689 1689 1695 1695 1693 1693 1691 1691 1690 1690 1693 1693 1696 1696 1691 1691 1696 1696 1693 1693 1692 1692 1697 1697 1698 1698 1699 1699 1698 1698 1697 1697 1689 1689 1689 1689 1697 1697 1695 1695 1697 1697 1699 1699 1700 1700 1701 1701 1702 1702 1703 1703 1704 1704 1705 1705 1702 1702 1706 1706 1707 1707 1705 1705 1708 1708 1709 1709 1707 1707 1710 1710 1711 1711 1709 1709 1712 1712 1713 1713 1711 1711 1714 1714 1715 1715 1713 1713 1716 1716 1717 1717 1715 1715 1718 1718 1719 1719 1717 1717 1720 1720 1721 1721 1719 1719 1722 1722 1723 1723 1721 1721 1724 1724 1725 1725 1723 1723 1725 1725 1724 1724 1726 1726 1723 1723 1722 1722 1724 1724 1721 1721 1720 1720 1722 1722 1719 1719 1718 1718 1720 1720 1717 1717 1716 1716 1718 1718 1715 1715 1714 1714 1716 1716 1713 1713 1712 1712 1714 1714 1711 1711 1710 1710 1712 1712 1709 1709 1708 1708 1710 1710 1707 1707 1706 1706 1708 1708 1705 1705 1704 1704 1706 1706 1702 1702 1701 1701 1704 1704 1727 1727 1728 1728 1729 1729 1728 1728 1727 1727 1730 1730 1731 1731 1732 1732 1733 1733 1734 1734 1735 1735 1731 1731 1736 1736 1737 1737 1734 1734 1738 1738 1739 1739 1736 1736 1740 1740 1741 1741 1738 1738 1742 1742 1743 1743 1740 1740 1744 1744 1745 1745 1742 1742 1746 1746 1747 1747 1744 1744 1748 1748 1749 1749 1746 1746 1750 1750 1751 1751 1748 1748 1752 1752 1753 1753 1750 1750 1754 1754 1755 1755 1752 1752 1755 1755 1754 1754 1756 1756 1753 1753 1752 1752 1755 1755 1751 1751 1750 1750 1753 1753 1749 1749 1748 1748 1751 1751 1747 1747 1746 1746 1749 1749 1745 1745 1744 1744 1747 1747 1743 1743 1742 1742 1745 1745 1741 1741 1740 1740 1743 1743 1739 1739 1738 1738 1741 1741 1737 1737 1736 1736 1739 1739 1735 1735 1734 1734 1737 1737 1732 1732 1731 1731 1735 1735 1757 1757 1758 1758 1759 1759 1758 1758 1757 1757 1760 1760 1761 1761 1762 1762 1763 1763 1764 1764 1765 1765 1762 1762 1766 1766 1767 1767 1765 1765 1768 1768 1769 1769 1767 1767 1770 1770 1771 1771 1769 1769 1772 1772 1773 1773 1771 1771 1774 1774 1775 1775 1773 1773 1776 1776 1777 1777 1775 1775 1778 1778 1779 1779 1777 1777 1780 1780 1781 1781 1779 1779 1782 1782 1783 1783 1781 1781 1784 1784 1785 1785 1783 1783 1785 1785 1784 1784 1786 1786 1783 1783 1782 1782 1784 1784 1781 1781 1780 1780 1782 1782 1779 1779 1778 1778 1780 1780 1777 1777 1776 1776 1778 1778 1775 1775 1774 1774 1776 1776 1773 1773 1772 1772 1774 1774 1771 1771 1770 1770 1772 1772 1769 1769 1768 1768 1770 1770 1767 1767 1766 1766 1768 1768 1765 1765 1764 1764 1766 1766 1762 1762 1761 1761 1764 1764 1787 1787 1788 1788 1789 1789 1788 1788 1787 1787 1790 1790 1791 1791 1792 1792 1793 1793 1794 1794 1795 1795 1792 1792 1796 1796 1797 1797 1795 1795 1798 1798 1799 1799 1797 1797 1800 1800 1801 1801 1799 1799 1802 1802 1803 1803 1801 1801 1804 1804 1805 1805 1803 1803 1806 1806 1807 1807 1805 1805 1808 1808 1809 1809 1807 1807 1810 1810 1811 1811 1809 1809 1812 1812 1813 1813 1811 1811 1814 1814 1815 1815 1813 1813 1815 1815 1814 1814 1816 1816 1813 1813 1812 1812 1814 1814 1811 1811 1810 1810 1812 1812 1809 1809 1808 1808 1810 1810 1807 1807 1806 1806 1808 1808 1805 1805 1804 1804 1806 1806 1803 1803 1802 1802 1804 1804 1801 1801 1800 1800 1802 1802 1799 1799 1798 1798 1800 1800 1797 1797 1796 1796 1798 1798 1795 1795 1794 1794 1796 1796 1792 1792 1791 1791 1794 1794 1817 1817 1818 1818 1819 1819 1818 1818 1817 1817 1820 1820 1821 1821 1822 1822 1823 1823 1824 1824 1825 1825 1821 1821 1826 1826 1827 1827 1824 1824 1828 1828 1829 1829 1826 1826 1830 1830 1831 1831 1828 1828 1832 1832 1833 1833 1830 1830 1834 1834 1835 1835 1832 1832 1836 1836 1837 1837 1834 1834 1838 1838 1839 1839 1836 1836 1840 1840 1841 1841 1838 1838 1842 1842 1843 1843 1840 1840 1844 1844 1845 1845 1842 1842 1845 1845 1844 1844 1846 1846 1843 1843 1842 1842 1845 1845 1841 1841 1840 1840 1843 1843 1839 1839 1838 1838 1841 1841 1837 1837 1836 1836 1839 1839 1835 1835 1834 1834 1837 1837 1833 1833 1832 1832 1835 1835 1831 1831 1830 1830 1833 1833 1829 1829 1828 1828 1831 1831 1827 1827 1826 1826 1829 1829 1825 1825 1824 1824 1827 1827 1822 1822 1821 1821 1825 1825 1847 1847 1848 1848 1849 1849 1848 1848 1847 1847 1850 1850 1851 1851 1852 1852 1853 1853 1854 1854 1855 1855 1852 1852 1856 1856 1857 1857 1855 1855 1858 1858 1859 1859 1857 1857 1860 1860 1861 1861 1859 1859 1862 1862 1863 1863 1861 1861 1864 1864 1865 1865 1863 1863 1866 1866 1867 1867 1865 1865 1868 1868 1869 1869 1867 1867 1870 1870 1871 1871 1869 1869 1872 1872 1873 1873 1871 1871 1874 1874 1875 1875 1873 1873 1875 1875 1874 1874 1876 1876 1873 1873 1872 1872 1874 1874 1871 1871 1870 1870 1872 1872 1869 1869 1868 1868 1870 1870 1867 1867 1866 1866 1868 1868 1865 1865 1864 1864 1866 1866 1863 1863 1862 1862 1864 1864 1861 1861 1860 1860 1862 1862 1859 1859 1858 1858 1860 1860 1857 1857 1856 1856 1858 1858 1855 1855 1854 1854 1856 1856 1852 1852 1851 1851 1854 1854 1877 1877 1878 1878 1879 1879 1878 1878 1877 1877 1880 1880 1881 1881 1882 1882 1883 1883 1884 1884 1885 1885 1882 1882 1886 1886 1887 1887 1885 1885 1888 1888 1889 1889 1887 1887 1890 1890 1891 1891 1889 1889 1892 1892 1893 1893 1891 1891 1894 1894 1895 1895 1893 1893 1896 1896 1897 1897 1895 1895 1898 1898 1899 1899 1897 1897 1900 1900 1901 1901 1899 1899 1902 1902 1903 1903 1901 1901 1904 1904 1905 1905 1903 1903 1905 1905 1904 1904 1906 1906 1903 1903 1902 1902 1904 1904 1901 1901 1900 1900 1902 1902 1899 1899 1898 1898 1900 1900 1897 1897 1896 1896 1898 1898 1895 1895 1894 1894 1896 1896 1893 1893 1892 1892 1894 1894 1891 1891 1890 1890 1892 1892 1889 1889 1888 1888 1890 1890 1887 1887 1886 1886 1888 1888 1885 1885 1884 1884 1886 1886 1882 1882 1881 1881 1884 1884 1907 1907 1908 1908 1909 1909 1908 1908 1907 1907 1910 1910 1911 1911 1912 1912 1913 1913 1914 1914 1915 1915 1911 1911 1916 1916 1917 1917 1914 1914 1918 1918 1919 1919 1916 1916 1920 1920 1921 1921 1918 1918 1922 1922 1923 1923 1920 1920 1924 1924 1925 1925 1922 1922 1926 1926 1927 1927 1924 1924 1928 1928 1929 1929 1926 1926 1930 1930 1931 1931 1928 1928 1932 1932 1933 1933 1930 1930 1934 1934 1935 1935 1932 1932 1935 1935 1934 1934 1936 1936 1933 1933 1932 1932 1935 1935 1931 1931 1930 1930 1933 1933 1929 1929 1928 1928 1931 1931 1927 1927 1926 1926 1929 1929 1925 1925 1924 1924 1927 1927 1923 1923 1922 1922 1925 1925 1921 1921 1920 1920 1923 1923 1919 1919 1918 1918 1921 1921 1917 1917 1916 1916 1919 1919 1915 1915 1914 1914 1917 1917 1912 1912 1911 1911 1915 1915 1937 1937 1938 1938 1939 1939 1938 1938 1937 1937 1940 1940 1941 1941 1942 1942 1943 1943 1944 1944 1945 1945 1942 1942 1946 1946 1947 1947 1945 1945 1948 1948 1949 1949 1947 1947 1950 1950 1951 1951 1949 1949 1952 1952 1953 1953 1951 1951 1954 1954 1955 1955 1953 1953 1956 1956 1957 1957 1955 1955 1958 1958 1959 1959 1957 1957 1960 1960 1961 1961 1959 1959 1962 1962 1963 1963 1961 1961 1964 1964 1965 1965 1963 1963 1965 1965 1964 1964 1966 1966 1963 1963 1962 1962 1964 1964 1961 1961 1960 1960 1962 1962 1959 1959 1958 1958 1960 1960 1957 1957 1956 1956 1958 1958 1955 1955 1954 1954 1956 1956 1953 1953 1952 1952 1954 1954 1951 1951 1950 1950 1952 1952 1949 1949 1948 1948 1950 1950 1947 1947 1946 1946 1948 1948 1945 1945 1944 1944 1946 1946 1942 1942 1941 1941 1944 1944 1967 1967 1968 1968 1969 1969 1968 1968 1967 1967 1970 1970 1971 1971 1972 1972 1973 1973 1974 1974 1975 1975 1972 1972 1976 1976 1977 1977 1975 1975 1978 1978 1979 1979 1977 1977 1980 1980 1981 1981 1979 1979 1982 1982 1983 1983 1981 1981 1984 1984 1985 1985 1983 1983 1986 1986 1987 1987 1985 1985 1988 1988 1989 1989 1987 1987 1990 1990 1991 1991 1989 1989 1992 1992 1993 1993 1991 1991 1994 1994 1995 1995 1993 1993 1995 1995 1994 1994 1996 1996 1993 1993 1992 1992 1994 1994 1991 1991 1990 1990 1992 1992 1989 1989 1988 1988 1990 1990 1987 1987 1986 1986 1988 1988 1985 1985 1984 1984 1986 1986 1983 1983 1982 1982 1984 1984 1981 1981 1980 1980 1982 1982 1979 1979 1978 1978 1980 1980 1977 1977 1976 1976 1978 1978 1975 1975 1974 1974 1976 1976 1972 1972 1971 1971 1974 1974 1997 1997 1998 1998 1999 1999 1998 1998 1997 1997 2000 2000 2001 2001 2002 2002 2003 2003 2004 2004 2005 2005 2001 2001 2006 2006 2007 2007 2004 2004 2008 2008 2009 2009 2006 2006 2010 2010 2011 2011 2008 2008 2012 2012 2013 2013 2010 2010 2014 2014 2015 2015 2012 2012 2016 2016 2017 2017 2014 2014 2018 2018 2019 2019 2016 2016 2020 2020 2021 2021 2018 2018 2022 2022 2023 2023 2020 2020 2024 2024 2025 2025 2022 2022 2025 2025 2024 2024 2026 2026 2023 2023 2022 2022 2025 2025 2021 2021 2020 2020 2023 2023 2019 2019 2018 2018 2021 2021 2017 2017 2016 2016 2019 2019 2015 2015 2014 2014 2017 2017 2013 2013 2012 2012 2015 2015 2011 2011 2010 2010 2013 2013 2009 2009 2008 2008 2011 2011 2007 2007 2006 2006 2009 2009 2005 2005 2004 2004 2007 2007 2002 2002 2001 2001 2005 2005 2027 2027 2028 2028 2029 2029 2028 2028 2027 2027 2030 2030 2031 2031 2032 2032 2033 2033 2034 2034 2035 2035 2032 2032 2036 2036 2037 2037 2035 2035 2038 2038 2039 2039 2037 2037 2040 2040 2041 2041 2039 2039 2042 2042 2043 2043 2041 2041 2044 2044 2045 2045 2043 2043 2046 2046 2047 2047 2045 2045 2048 2048 2049 2049 2047 2047 2050 2050 2051 2051 2049 2049 2052 2052 2053 2053 2051 2051 2054 2054 2055 2055 2053 2053 2053 2053 2052 2052 2054 2054 2051 2051 2050 2050 2052 2052 2049 2049 2048 2048 2050 2050 2047 2047 2046 2046 2048 2048 2045 2045 2044 2044 2046 2046 2043 2043 2042 2042 2044 2044 2041 2041 2040 2040 2042 2042 2039 2039 2038 2038 2040 2040 2037 2037 2036 2036 2038 2038 2035 2035 2034 2034 2036 2036 2032 2032 2031 2031 2034 2034 2055 2055 2054 2054 2056 2056 2057 2057 2058 2058 2059 2059 2058 2058 2057 2057 2060 2060 2061 2061 2062 2062 2063 2063 2064 2064 2063 2063 2065 2065 2066 2066 2065 2065 2067 2067 2068 2068 2067 2067 2069 2069 2070 2070 2071 2071 2062 2062 2072 2072 2073 2073 2074 2074 2075 2075 2074 2074 2076 2076 2077 2077 2076 2076 2078 2078 2079 2079 2078 2078 2080 2080 2081 2081 2080 2080 2082 2082 2083 2083 2069 2069 2073 2073 2084 2084 2085 2085 2086 2086 2071 2071 2070 2070 2085 2085 2062 2062 2061 2061 2070 2070 2063 2063 2064 2064 2061 2061 2065 2065 2066 2066 2064 2064 2067 2067 2068 2068 2066 2066 2069 2069 2083 2083 2068 2068 2073 2073 2072 2072 2083 2083 2074 2074 2075 2075 2072 2072 2076 2076 2077 2077 2075 2075 2078 2078 2079 2079 2077 2077 2080 2080 2081 2081 2079 2079 2085 2085 2084 2084 2071 2071 2087 2087 2088 2088 2089 2089 2088 2088 2087 2087 2090 2090 2091 2091 2092 2092 2093 2093 2094 2094 2095 2095 2091 2091 2096 2096 2097 2097 2094 2094 2098 2098 2099 2099 2096 2096 2100 2100 2101 2101 2098 2098 2102 2102 2103 2103 2100 2100 2104 2104 2105 2105 2102 2102 2106 2106 2107 2107 2104 2104 2108 2108 2109 2109 2106 2106 2110 2110 2111 2111 2108 2108 2112 2112 2113 2113 2110 2110 2114 2114 2115 2115 2112 2112 2115 2115 2114 2114 2116 2116 2113 2113 2112 2112 2115 2115 2111 2111 2110 2110 2113 2113 2109 2109 2108 2108 2111 2111 2107 2107 2106 2106 2109 2109 2105 2105 2104 2104 2107 2107 2103 2103 2102 2102 2105 2105 2101 2101 2100 2100 2103 2103 2099 2099 2098 2098 2101 2101 2097 2097 2096 2096 2099 2099 2095 2095 2094 2094 2097 2097 2092 2092 2091 2091 2095 2095 2117 2117 2118 2118 2119 2119 2118 2118 2117 2117 2120 2120 2121 2121 2122 2122 2123 2123 2124 2124 2125 2125 2122 2122 2126 2126 2127 2127 2125 2125 2128 2128 2129 2129 2127 2127 2130 2130 2131 2131 2129 2129 2132 2132 2133 2133 2131 2131 2134 2134 2135 2135 2133 2133 2136 2136 2137 2137 2135 2135 2138 2138 2139 2139 2137 2137 2140 2140 2141 2141 2139 2139 2142 2142 2143 2143 2141 2141 2144 2144 2145 2145 2143 2143 2145 2145 2144 2144 2146 2146 2143 2143 2142 2142 2144 2144 2141 2141 2140 2140 2142 2142 2139 2139 2138 2138 2140 2140 2137 2137 2136 2136 2138 2138 2135 2135 2134 2134 2136 2136 2133 2133 2132 2132 2134 2134 2131 2131 2130 2130 2132 2132 2129 2129 2128 2128 2130 2130 2127 2127 2126 2126 2128 2128 2125 2125 2124 2124 2126 2126 2122 2122 2121 2121 2124 2124 2147 2147 2148 2148 2149 2149 2148 2148 2147 2147 2150 2150 2151 2151 2152 2152 2153 2153 2154 2154 2155 2155 2152 2152 2156 2156 2157 2157 2155 2155 2158 2158 2159 2159 2157 2157 2160 2160 2161 2161 2159 2159 2162 2162 2163 2163 2161 2161 2164 2164 2165 2165 2163 2163 2166 2166 2167 2167 2165 2165 2168 2168 2169 2169 2167 2167 2170 2170 2171 2171 2169 2169 2172 2172 2173 2173 2171 2171 2174 2174 2175 2175 2173 2173 2175 2175 2174 2174 2176 2176 2173 2173 2172 2172 2174 2174 2171 2171 2170 2170 2172 2172 2169 2169 2168 2168 2170 2170 2167 2167 2166 2166 2168 2168 2163 2163 2162 2162 2164 2164 2161 2161 2160 2160 2162 2162 2159 2159 2158 2158 2160 2160 2157 2157 2156 2156 2158 2158 2155 2155 2154 2154 2156 2156 2152 2152 2151 2151 2154 2154 2165 2165 2164 2164 2166 2166 2177 2177 2178 2178 2179 2179 2178 2178 2177 2177 2180 2180 2181 2181 2182 2182 2183 2183 2183 2183 2184 2184 2185 2185 2184 2184 2183 2183 2182 2182 2182 2182 2181 2181 2186 2186 2186 2186 2187 2187 2188 2188 2188 2188 2189 2189 2190 2190 2191 2191 2192 2192 2193 2193 2194 2194 2195 2195 2196 2196 2196 2196 2197 2197 2198 2198 2198 2198 2199 2199 2200 2200 2200 2200 2201 2201 2202 2202 2202 2202 2203 2203 2204 2204 2204 2204 2193 2193 2192 2192 2192 2192 2191 2191 2205 2205 2193 2193 2204 2204 2203 2203 2190 2190 2206 2206 2194 2194 2201 2201 2200 2200 2199 2199 2199 2199 2198 2198 2197 2197 2197 2197 2196 2196 2195 2195 2195 2195 2194 2194 2206 2206 2206 2206 2190 2190 2189 2189 2189 2189 2188 2188 2187 2187 2203 2203 2202 2202 2201 2201 2187 2187 2186 2186 2181 2181 2207 2207 2208 2208 2209 2209 2208 2208 2207 2207 2210 2210 2211 2211 2212 2212 2213 2213 2214 2214 2215 2215 2212 2212 2216 2216 2217 2217 2215 2215 2218 2218 2219 2219 2217 2217 2220 2220 2221 2221 2219 2219 2222 2222 2223 2223 2221 2221 2224 2224 2225 2225 2223 2223 2226 2226 2227 2227 2225 2225 2228 2228 2229 2229 2227 2227 2230 2230 2231 2231 2229 2229 2232 2232 2233 2233 2231 2231 2234 2234 2235 2235 2233 2233 2235 2235 2234 2234 2236 2236 2233 2233 2232 2232 2234 2234 2231 2231 2230 2230 2232 2232 2229 2229 2228 2228 2230 2230 2227 2227 2226 2226 2228 2228 2225 2225 2224 2224 2226 2226 2223 2223 2222 2222 2224 2224 2221 2221 2220 2220 2222 2222 2219 2219 2218 2218 2220 2220 2217 2217 2216 2216 2218 2218 2215 2215 2214 2214 2216 2216 2212 2212 2211 2211 2214 2214 2237 2237 2238 2238 2239 2239 2238 2238 2237 2237 2240 2240 2241 2241 2242 2242 2243 2243 2244 2244 2245 2245 2242 2242 2246 2246 2247 2247 2245 2245 2248 2248 2249 2249 2247 2247 2250 2250 2251 2251 2249 2249 2252 2252 2253 2253 2251 2251 2254 2254 2255 2255 2253 2253 2256 2256 2257 2257 2255 2255 2258 2258 2259 2259 2257 2257 2260 2260 2261 2261 2259 2259 2262 2262 2263 2263 2261 2261 2264 2264 2265 2265 2263 2263 2265 2265 2264 2264 2266 2266 2263 2263 2262 2262 2264 2264 2261 2261 2260 2260 2262 2262 2259 2259 2258 2258 2260 2260 2257 2257 2256 2256 2258 2258 2255 2255 2254 2254 2256 2256 2253 2253 2252 2252 2254 2254 2251 2251 2250 2250 2252 2252 2249 2249 2248 2248 2250 2250 2247 2247 2246 2246 2248 2248 2245 2245 2244 2244 2246 2246 2242 2242 2241 2241 2244 2244 2267 2267 2268 2268 2269 2269 2268 2268 2267 2267 2270 2270 2271 2271 2272 2272 2273 2273 2274 2274 2275 2275 2271 2271 2276 2276 2277 2277 2274 2274 2278 2278 2279 2279 2276 2276 2280 2280 2281 2281 2278 2278 2282 2282 2283 2283 2280 2280 2284 2284 2285 2285 2282 2282 2286 2286 2287 2287 2284 2284 2288 2288 2289 2289 2286 2286 2290 2290 2291 2291 2288 2288 2292 2292 2293 2293 2290 2290 2294 2294 2295 2295 2292 2292 2295 2295 2294 2294 2296 2296 2293 2293 2292 2292 2295 2295 2291 2291 2290 2290 2293 2293 2289 2289 2288 2288 2291 2291 2287 2287 2286 2286 2289 2289 2285 2285 2284 2284 2287 2287 2283 2283 2282 2282 2285 2285 2281 2281 2280 2280 2283 2283 2279 2279 2278 2278 2281 2281 2277 2277 2276 2276 2279 2279 2275 2275 2274 2274 2277 2277 2272 2272 2271 2271 2275 2275 2297 2297 2298 2298 2299 2299 2298 2298 2297 2297 2300 2300 2301 2301 2302 2302 2303 2303 2304 2304 2305 2305 2302 2302 2306 2306 2307 2307 2305 2305 2308 2308 2309 2309 2307 2307 2310 2310 2311 2311 2309 2309 2312 2312 2313 2313 2311 2311 2314 2314 2315 2315 2313 2313 2316 2316 2317 2317 2315 2315 2318 2318 2319 2319 2317 2317 2320 2320 2321 2321 2319 2319 2322 2322 2323 2323 2321 2321 2324 2324 2325 2325 2323 2323 2325 2325 2324 2324 2326 2326 2323 2323 2322 2322 2324 2324 2321 2321 2320 2320 2322 2322 2319 2319 2318 2318 2320 2320 2317 2317 2316 2316 2318 2318 2315 2315 2314 2314 2316 2316 2313 2313 2312 2312 2314 2314 2311 2311 2310 2310 2312 2312 2309 2309 2308 2308 2310 2310 2307 2307 2306 2306 2308 2308 2305 2305 2304 2304 2306 2306 2302 2302 2301 2301 2304 2304 2327 2327 2328 2328 2329 2329 2328 2328 2327 2327 2330 2330 2331 2331 2332 2332 2333 2333 2334 2334 2335 2335 2332 2332 2336 2336 2337 2337 2335 2335 2338 2338 2339 2339 2337 2337 2340 2340 2341 2341 2339 2339 2342 2342 2343 2343 2341 2341 2344 2344 2345 2345 2343 2343 2346 2346 2347 2347 2345 2345 2348 2348 2349 2349 2347 2347 2350 2350 2351 2351 2349 2349 2352 2352 2353 2353 2351 2351 2354 2354 2355 2355 2353 2353 2355 2355 2354 2354 2356 2356 2353 2353 2352 2352 2354 2354 2351 2351 2350 2350 2352 2352 2349 2349 2348 2348 2350 2350 2347 2347 2346 2346 2348 2348 2345 2345 2344 2344 2346 2346 2343 2343 2342 2342 2344 2344 2341 2341 2340 2340 2342 2342 2339 2339 2338 2338 2340 2340 2337 2337 2336 2336 2338 2338 2335 2335 2334 2334 2336 2336 2332 2332 2331 2331 2334 2334 2357 2357 2358 2358 2359 2359 2358 2358 2357 2357 2360 2360 2361 2361 2362 2362 2363 2363 2363 2363 2364 2364 2365 2365 2365 2365 2366 2366 2367 2367 2367 2367 2368 2368 2369 2369 2370 2370 2371 2371 2361 2361 2372 2372 2373 2373 2370 2370 2374 2374 2375 2375 2372 2372 2376 2376 2377 2377 2374 2374 2378 2378 2379 2379 2376 2376 2380 2380 2381 2381 2378 2378 2382 2382 2383 2383 2380 2380 2384 2384 2385 2385 2382 2382 2385 2385 2384 2384 2386 2386 2383 2383 2382 2382 2385 2385 2381 2381 2380 2380 2383 2383 2379 2379 2378 2378 2381 2381 2377 2377 2376 2376 2379 2379 2375 2375 2374 2374 2377 2377 2373 2373 2372 2372 2375 2375 2371 2371 2370 2370 2373 2373 2362 2362 2361 2361 2371 2371 2364 2364 2363 2363 2362 2362 2366 2366 2365 2365 2364 2364 2368 2368 2367 2367 2366 2366 2387 2387 2388 2388 2389 2389 2388 2388 2387 2387 2390 2390 2391 2391 2392 2392 2393 2393 2394 2394 2395 2395 2392 2392 2396 2396 2397 2397 2395 2395 2398 2398 2399 2399 2397 2397 2400 2400 2401 2401 2399 2399 2402 2402 2403 2403 2401 2401 2404 2404 2405 2405 2403 2403 2406 2406 2407 2407 2405 2405 2408 2408 2409 2409 2407 2407 2410 2410 2411 2411 2409 2409 2412 2412 2413 2413 2411 2411 2414 2414 2415 2415 2413 2413 2415 2415 2414 2414 2416 2416 2413 2413 2412 2412 2414 2414 2392 2392 2391 2391 2394 2394 2411 2411 2410 2410 2412 2412 2409 2409 2408 2408 2410 2410 2407 2407 2406 2406 2408 2408 2405 2405 2404 2404 2406 2406 2403 2403 2402 2402 2404 2404 2401 2401 2400 2400 2402 2402 2399 2399 2398 2398 2400 2400 2397 2397 2396 2396 2398 2398 2395 2395 2394 2394 2396 2396 2417 2417 2418 2418 2419 2419 2418 2418 2417 2417 2420 2420 2421 2421 2422 2422 2423 2423 2424 2424 2425 2425 2426 2426 2427 2427 2428 2428 2425 2425 2429 2429 2430 2430 2428 2428 2431 2431 2432 2432 2430 2430 2433 2433 2434 2434 2432 2432 2435 2435 2436 2436 2434 2434 2437 2437 2438 2438 2436 2436 2439 2439 2440 2440 2438 2438 2441 2441 2442 2442 2440 2440 2443 2443 2444 2444 2442 2442 2445 2445 2446 2446 2444 2444 2447 2447 2448 2448 2446 2446 2449 2449 2450 2450 2448 2448 2422 2422 2421 2421 2450 2450 2423 2423 2451 2451 2421 2421 2452 2452 2453 2453 2451 2451 2454 2454 2455 2455 2453 2453 2456 2456 2457 2457 2455 2455 2458 2458 2459 2459 2457 2457 2460 2460 2461 2461 2459 2459 2462 2462 2463 2463 2461 2461 2464 2464 2465 2465 2463 2463 2466 2466 2467 2467 2465 2465 2468 2468 2426 2426 2467 2467 2426 2426 2468 2468 2424 2424 2467 2467 2466 2466 2468 2468 2465 2465 2464 2464 2466 2466 2463 2463 2462 2462 2464 2464 2461 2461 2460 2460 2462 2462 2459 2459 2458 2458 2460 2460 2457 2457 2456 2456 2458 2458 2455 2455 2454 2454 2456 2456 2453 2453 2452 2452 2454 2454 2450 2450 2449 2449 2422 2422 2448 2448 2447 2447 2449 2449 2446 2446 2445 2445 2447 2447 2444 2444 2443 2443 2445 2445 2442 2442 2441 2441 2443 2443 2440 2440 2439 2439 2441 2441 2438 2438 2437 2437 2439 2439 2436 2436 2435 2435 2437 2437 2434 2434 2433 2433 2435 2435 2432 2432 2431 2431 2433 2433 2430 2430 2429 2429 2431 2431 2428 2428 2427 2427 2429 2429 2425 2425 2424 2424 2427 2427 2451 2451 2423 2423 2452 2452 2469 2469 2470 2470 2471 2471 2472 2472 2471 2471 2473 2473 2474 2474 2473 2473 2475 2475 2476 2476 2475 2475 2477 2477 2478 2478 2477 2477 2479 2479 2480 2480 2479 2479 2481 2481 2482 2482 2481 2481 2483 2483 2484 2484 2483 2483 2485 2485 2486 2486 2485 2485 2487 2487 2488 2488 2487 2487 2489 2489 2490 2490 2489 2489 2491 2491 2492 2492 2491 2491 2493 2493 2494 2494 2493 2493 2495 2495 2496 2496 2495 2495 2497 2497 2498 2498 2497 2497 2499 2499 2500 2500 2499 2499 2501 2501 2502 2502 2501 2501 2503 2503 2504 2504 2503 2503 2505 2505 2506 2506 2505 2505 2507 2507 2508 2508 2507 2507 2509 2509 2510 2510 2509 2509 2511 2511 2512 2512 2511 2511 2513 2513 2514 2514 2513 2513 2515 2515 2516 2516 2515 2515 2470 2470 2471 2471 2472 2472 2469 2469 2473 2473 2474 2474 2472 2472 2475 2475 2476 2476 2474 2474 2477 2477 2478 2478 2476 2476 2479 2479 2480 2480 2478 2478 2481 2481 2482 2482 2480 2480 2483 2483 2484 2484 2482 2482 2485 2485 2486 2486 2484 2484 2487 2487 2488 2488 2486 2486 2489 2489 2490 2490 2488 2488 2491 2491 2492 2492 2490 2490 2493 2493 2494 2494 2492 2492 2495 2495 2496 2496 2494 2494 2497 2497 2498 2498 2496 2496 2499 2499 2500 2500 2498 2498 2501 2501 2502 2502 2500 2500 2503 2503 2504 2504 2502 2502 2505 2505 2506 2506 2504 2504 2507 2507 2508 2508 2506 2506 2509 2509 2510 2510 2508 2508 2511 2511 2512 2512 2510 2510 2513 2513 2514 2514 2512 2512 2515 2515 2516 2516 2514 2514 2470 2470 2469 2469 2516 2516 2517 2517 2518 2518 2519 2519 2520 2520 2521 2521 2522 2522 2523 2523 2522 2522 2524 2524 2525 2525 2524 2524 2526 2526 2527 2527 2526 2526 2528 2528 2529 2529 2528 2528 2530 2530 2531 2531 2530 2530 2532 2532 2533 2533 2532 2532 2534 2534 2535 2535 2534 2534 2536 2536 2537 2537 2538 2538 2539 2539 2521 2521 2520 2520 2538 2538 2522 2522 2523 2523 2520 2520 2524 2524 2525 2525 2523 2523 2526 2526 2527 2527 2525 2525 2528 2528 2529 2529 2527 2527 2530 2530 2531 2531 2529 2529 2532 2532 2533 2533 2531 2531 2534 2534 2535 2535 2533 2533 2536 2536 2540 2540 2535 2535 2541 2541 2542 2542 2540 2540 2543 2543 2544 2544 2542 2542 2545 2545 2546 2546 2544 2544 2547 2547 2548 2548 2546 2546 2549 2549 2550 2550 2548 2548 2551 2551 2552 2552 2550 2550 2553 2553 2554 2554 2552 2552 2555 2555 2556 2556 2554 2554 2557 2557 2519 2519 2556 2556 2538 2538 2537 2537 2521 2521 2558 2558 2559 2559 2518 2518 2560 2560 2561 2561 2559 2559 2562 2562 2563 2563 2561 2561 2564 2564 2539 2539 2563 2563 2539 2539 2564 2564 2537 2537 2563 2563 2562 2562 2564 2564 2561 2561 2560 2560 2562 2562 2559 2559 2558 2558 2560 2560 2518 2518 2517 2517 2558 2558 2519 2519 2557 2557 2517 2517 2556 2556 2555 2555 2557 2557 2554 2554 2553 2553 2555 2555 2552 2552 2551 2551 2553 2553 2550 2550 2549 2549 2551 2551 2548 2548 2547 2547 2549 2549 2546 2546 2545 2545 2547 2547 2544 2544 2543 2543 2545 2545 2542 2542 2541 2541 2543 2543 2540 2540 2536 2536 2541 2541 2565 2565 2566 2566 2567 2567 2568 2568 2569 2569 2566 2566 2570 2570 2571 2571 2569 2569 2572 2572 2573 2573 2571 2571 2574 2574 2575 2575 2573 2573 2576 2576 2577 2577 2575 2575 2578 2578 2579 2579 2577 2577 2580 2580 2581 2581 2579 2579 2582 2582 2583 2583 2584 2584 2585 2585 2567 2567 2586 2586 2587 2587 2586 2586 2588 2588 2589 2589 2588 2588 2583 2583 2590 2590 2591 2591 2581 2581 2592 2592 2584 2584 2593 2593 2594 2594 2593 2593 2595 2595 2596 2596 2595 2595 2597 2597 2598 2598 2597 2597 2599 2599 2600 2600 2599 2599 2601 2601 2602 2602 2601 2601 2603 2603 2604 2604 2603 2603 2605 2605 2606 2606 2605 2605 2607 2607 2608 2608 2607 2607 2609 2609 2610 2610 2609 2609 2611 2611 2612 2612 2611 2611 2591 2591 2591 2591 2590 2590 2612 2612 2611 2611 2612 2612 2610 2610 2609 2609 2610 2610 2608 2608 2607 2607 2608 2608 2606 2606 2605 2605 2606 2606 2604 2604 2603 2603 2604 2604 2602 2602 2601 2601 2602 2602 2600 2600 2599 2599 2600 2600 2598 2598 2597 2597 2598 2598 2596 2596 2595 2595 2596 2596 2594 2594 2593 2593 2594 2594 2592 2592 2584 2584 2592 2592 2582 2582 2583 2583 2582 2582 2589 2589 2588 2588 2589 2589 2587 2587 2586 2586 2587 2587 2585 2585 2567 2567 2585 2585 2565 2565 2566 2566 2565 2565 2568 2568 2569 2569 2568 2568 2570 2570 2571 2571 2570 2570 2572 2572 2573 2573 2572 2572 2574 2574 2575 2575 2574 2574 2576 2576 2577 2577 2576 2576 2578 2578 2579 2579 2578 2578 2580 2580 2581 2581 2580 2580 2590 2590 2613 2613 2614 2614 2615 2615 2613 2613 2616 2616 2614 2614 2613 2613 2617 2617 2616 2616 2613 2613 2618 2618 2617 2617 2613 2613 2619 2619 2618 2618 2613 2613 2620 2620 2619 2619 2613 2613 2621 2621 2620 2620 2613 2613 2622 2622 2621 2621 2613 2613 2623 2623 2622 2622 2613 2613 2624 2624 2623 2623 2613 2613 2625 2625 2624 2624 2613 2613 2626 2626 2625 2625 2613 2613 2627 2627 2626 2626 2613 2613 2628 2628 2627 2627 2613 2613 2629 2629 2628 2628 2613 2613 2630 2630 2629 2629 2613 2613 2631 2631 2630 2630 2613 2613 2632 2632 2631 2631 2613 2613 2633 2633 2632 2632 2613 2613 2634 2634 2633 2633 2613 2613 2635 2635 2634 2634 2613 2613 2636 2636 2635 2635 2613 2613 2637 2637 2636 2636 2637 2637 2613 2613 2615 2615 2638 2638 2639 2639 2640 2640 2641 2641 2642 2642 2639 2639 2643 2643 2644 2644 2642 2642 2641 2641 2645 2645 2646 2646 2647 2647 2642 2642 2646 2646 2648 2648 2649 2649 2639 2639 2641 2641 2650 2650 2651 2651 2646 2646 2652 2652 2653 2653 2642 2642 2654 2654 2643 2643 2655 2655 2639 2639 2642 2642 2642 2642 2641 2641 2646 2646 2656 2656 2657 2657 2650 2650 2645 2645 2641 2641 2651 2651 2658 2658 2646 2646 2645 2645 2659 2659 2653 2653 2660 2660 2654 2654 2642 2642 2647 2647 2661 2661 2643 2643 2662 2662 2640 2640 2639 2639 2655 2655 2650 2650 2663 2663 2656 2656 2652 2652 2646 2646 2658 2658 2644 2644 2643 2643 2661 2661 2639 2639 2638 2638 2648 2648 2663 2663 2650 2650 2641 2641 2657 2657 2656 2656 2664 2664 2649 2649 2648 2648 2665 2665 2653 2653 2659 2659 2646 2646 2666 2666 2667 2667 2668 2668 2667 2667 2666 2666 2669 2669 2670 2670 2671 2671 2672 2672 2673 2673 2674 2674 2671 2671 2675 2675 2676 2676 2674 2674 2677 2677 2678 2678 2676 2676 2671 2671 2670 2670 2673 2673 2674 2674 2673 2673 2675 2675 2679 2679 2680 2680 2681 2681 2682 2682 2683 2683 2678 2678 2680 2680 2679 2679 2683 2683 2678 2678 2677 2677 2682 2682 2683 2683 2682 2682 2680 2680 2676 2676 2675 2675 2677 2677 2684 2684 2685 2685 2686 2686 2685 2685 2684 2684 2687 2687 2688 2688 2689 2689 2690 2690 2691 2691 2692 2692 2689 2689 2693 2693 2694 2694 2692 2692 2695 2695 2696 2696 2694 2694 2696 2696 2695 2695 2697 2697 2694 2694 2693 2693 2695 2695 2692 2692 2691 2691 2693 2693 2689 2689 2688 2688 2691 2691 2690 2690 2698 2698 2688 2688 2699 2699 2700 2700 2698 2698 2700 2700 2699 2699 2701 2701 2698 2698 2690 2690 2699 2699 2702 2702 2703 2703 2704 2704 2703 2703 2702 2702 2705 2705 2706 2706 2707 2707 2708 2708 2709 2709 2710 2710 2711 2711 2712 2712 2713 2713 2714 2714 2715 2715 2716 2716 2707 2707 2717 2717 2718 2718 2716 2716 2708 2708 2714 2714 2706 2706 2714 2714 2708 2708 2712 2712 2710 2710 2709 2709 2713 2713 2718 2718 2717 2717 2719 2719 2716 2716 2715 2715 2717 2717 2713 2713 2712 2712 2710 2710 2707 2707 2706 2706 2715 2715 2720 2720 2721 2721 2722 2722 2721 2721 2720 2720 2723 2723 2724 2724 2725 2725 2726 2726 2727 2727 2728 2728 2729 2729 2730 2730 2731 2731 2728 2728 2732 2732 2733 2733 2731 2731 2734 2734 2735 2735 2733 2733 2735 2735 2734 2734 2736 2736 2733 2733 2732 2732 2734 2734 2731 2731 2730 2730 2732 2732 2728 2728 2727 2727 2730 2730 2729 2729 2737 2737 2727 2727 2725 2725 2724 2724 2737 2737 2737 2737 2729 2729 2725 2725 2738 2738 2739 2739 2740 2740 2738 2738 2741 2741 2739 2739 2738 2738 2742 2742 2741 2741 2738 2738 2743 2743 2742 2742 2738 2738 2744 2744 2743 2743 2738 2738 2745 2745 2744 2744 2738 2738 2746 2746 2745 2745 2738 2738 2747 2747 2746 2746 2738 2738 2748 2748 2747 2747 2738 2738 2749 2749 2748 2748 2738 2738 2750 2750 2749 2749 2738 2738 2751 2751 2750 2750 2738 2738 2752 2752 2751 2751 2738 2738 2753 2753 2752 2752 2738 2738 2754 2754 2753 2753 2738 2738 2755 2755 2754 2754 2738 2738 2756 2756 2755 2755 2738 2738 2757 2757 2756 2756 2738 2738 2758 2758 2757 2757 2738 2738 2759 2759 2758 2758 2738 2738 2760 2760 2759 2759 2738 2738 2761 2761 2760 2760 2738 2738 2762 2762 2761 2761 2762 2762 2738 2738 2740 2740 2763 2763 2764 2764 2765 2765 2766 2766 2765 2765 2767 2767 2768 2768 2767 2767 2769 2769 2770 2770 2769 2769 2771 2771 2772 2772 2771 2771 2773 2773 2774 2774 2773 2773 2775 2775 2776 2776 2775 2775 2777 2777 2778 2778 2777 2777 2779 2779 2780 2780 2779 2779 2781 2781 2782 2782 2783 2783 2784 2784 2785 2785 2786 2786 2764 2764 2787 2787 2788 2788 2789 2789 2790 2790 2789 2789 2791 2791 2792 2792 2791 2791 2793 2793 2794 2794 2793 2793 2795 2795 2796 2796 2795 2795 2797 2797 2784 2784 2797 2797 2782 2782 2783 2783 2782 2782 2798 2798 2799 2799 2800 2800 2786 2786 2801 2801 2802 2802 2800 2800 2803 2803 2804 2804 2802 2802 2805 2805 2806 2806 2804 2804 2807 2807 2798 2798 2806 2806 2765 2765 2766 2766 2763 2763 2767 2767 2768 2768 2766 2766 2769 2769 2770 2770 2768 2768 2771 2771 2772 2772 2770 2770 2798 2798 2807 2807 2783 2783 2806 2806 2805 2805 2807 2807 2804 2804 2803 2803 2805 2805 2802 2802 2801 2801 2803 2803 2797 2797 2784 2784 2796 2796 2786 2786 2785 2785 2799 2799 2800 2800 2799 2799 2801 2801 2808 2808 2809 2809 2788 2788 2764 2764 2763 2763 2785 2785 2773 2773 2774 2774 2772 2772 2775 2775 2776 2776 2774 2774 2777 2777 2778 2778 2776 2776 2779 2779 2780 2780 2778 2778 2791 2791 2792 2792 2790 2790 2793 2793 2794 2794 2792 2792 2795 2795 2796 2796 2794 2794 2781 2781 2810 2810 2780 2780 2809 2809 2808 2808 2810 2810 2788 2788 2787 2787 2808 2808 2810 2810 2781 2781 2809 2809 2789 2789 2790 2790 2787 2787</p></triangles><triangles count="133" material="oriongreymatt-material"><input offset="0" semantic="VERTEX" source="#bau0234565898-mesh-vertices" /><input offset="1" semantic="NORMAL" source="#bau0234565898-mesh-normals" /><p>2811 2811 2812 2812 2813 2813 2812 2812 2811 2811 2814 2814 2815 2815 2816 2816 2817 2817 2817 2817 2818 2818 2819 2819 2819 2819 2820 2820 2821 2821 2820 2820 2819 2819 2818 2818 2818 2818 2817 2817 2816 2816 2816 2816 2815 2815 2822 2822 2822 2822 2823 2823 2824 2824 2823 2823 2822 2822 2815 2815 2825 2825 2826 2826 2827 2827 2827 2827 2828 2828 2829 2829 2829 2829 2830 2830 2831 2831 2831 2831 2832 2832 2833 2833 2833 2833 2834 2834 2835 2835 2835 2835 2836 2836 2837 2837 2837 2837 2838 2838 2839 2839 2824 2824 2840 2840 2825 2825 2828 2828 2827 2827 2826 2826 2826 2826 2825 2825 2840 2840 2830 2830 2829 2829 2828 2828 2832 2832 2831 2831 2830 2830 2834 2834 2833 2833 2832 2832 2836 2836 2835 2835 2834 2834 2838 2838 2837 2837 2836 2836 2840 2840 2824 2824 2823 2823 2841 2841 2842 2842 2843 2843 2842 2842 2841 2841 2844 2844 2845 2845 2846 2846 2847 2847 2846 2846 2848 2848 2849 2849 2846 2846 2845 2845 2848 2848 2850 2850 2851 2851 2852 2852 2853 2853 2854 2854 2850 2850 2855 2855 2856 2856 2853 2853 2857 2857 2858 2858 2855 2855 2859 2859 2860 2860 2857 2857 2860 2860 2859 2859 2861 2861 2852 2852 2862 2862 2863 2863 2858 2858 2857 2857 2860 2860 2856 2856 2855 2855 2858 2858 2854 2854 2853 2853 2856 2856 2851 2851 2850 2850 2854 2854 2862 2862 2852 2852 2851 2851 2864 2864 2865 2865 2866 2866 2867 2867 2865 2865 2868 2868 2865 2865 2867 2867 2869 2869 2865 2865 2864 2864 2868 2868 2870 2870 2871 2871 2872 2872 2873 2873 2874 2874 2870 2870 2875 2875 2876 2876 2873 2873 2877 2877 2878 2878 2875 2875 2879 2879 2880 2880 2877 2877 2880 2880 2879 2879 2881 2881 2878 2878 2877 2877 2880 2880 2876 2876 2875 2875 2878 2878 2874 2874 2873 2873 2876 2876 2871 2871 2870 2870 2874 2874 2872 2872 2882 2882 2883 2883 2882 2882 2872 2872 2871 2871 2884 2884 2885 2885 2886 2886 2887 2887 2885 2885 2884 2884 2888 2888 2884 2884 2889 2889 2884 2884 2890 2890 2891 2891 2892 2892 2893 2893 2894 2894 2895 2895 2896 2896 2897 2897 2895 2895 2897 2897 2898 2898 2899 2899 2900 2900 2901 2901 2901 2901 2900 2900 2902 2902 2903 2903 2887 2887 2904 2904 2892 2892 2905 2905 2906 2906 2892 2892 2907 2907 2908 2908 2892 2892 2909 2909 2910 2910 2911 2911 2892 2892 2912 2912 2892 2892 2913 2913 2914 2914 2915 2915 2892 2892 2910 2910 2905 2905 2892 2892 2914 2914 2887 2887 2916 2916 2917 2917 2906 2906 2916 2916 2887 2887 2900 2900 2899 2899 2895 2895 2896 2896 2895 2895 2899 2899 2895 2895 2887 2887 2918 2918 2885 2885 2887 2887 2919 2919 2906 2906 2920 2920 2921 2921 2892 2892 2894 2894 2922 2922 2884 2884 2888 2888 2923 2923 2887 2887 2924 2924 2925 2925 2926 2926 2895 2895 2898 2898 2927 2927 2887 2887 2928 2928 2887 2887 2917 2917 2904 2904 2929 2929 2906 2906 2921 2921 2884 2884 2930 2930 2931 2931 2887 2887 2925 2925 2919 2919 2895 2895 2926 2926 2932 2932 2887 2887 2927 2927 2933 2933 2906 2906 2929 2929 2934 2934 2887 2887 2903 2903 2928 2928 2884 2884 2886 2886 2889 2889 2887 2887 2933 2933 2918 2918 2890 2890 2884 2884 2923 2923 2930 2930 2884 2884 2891 2891 2884 2884 2893 2893 2892 2892 2907 2907 2892 2892 2922 2922 2892 2892 2935 2935 2912 2912 2901 2901 2935 2935 2892 2892 2909 2909 2892 2892 2911 2911 2913 2913 2892 2892 2915 2915 2906 2906 2936 2936 2937 2937 2920 2920 2906 2906 2937 2937 2916 2916 2906 2906 2934 2934 2895 2895 2924 2924 2887 2887 2893 2893 2884 2884 2931 2931 2901 2901 2892 2892 2908 2908 2906 2906 2938 2938 2936 2936 2939 2939 2906 2906 2905 2905 2935 2935 2901 2901 2902 2902 2924 2924 2895 2895 2932 2932 2938 2938 2906 2906 2939 2939 2940 2940 2941 2941 2942 2942 2943 2943 2944 2944 2945 2945 2946 2946 2947 2947 2943 2943 2948 2948 2949 2949 2946 2946 2950 2950 2951 2951 2948 2948 2951 2951 2950 2950 2952 2952 2949 2949 2948 2948 2951 2951 2947 2947 2946 2946 2949 2949 2944 2944 2943 2943 2947 2947 2953 2953 2945 2945 2944 2944 2941 2941 2940 2940 2953 2953 2945 2945 2953 2953 2940 2940 2954 2954 2955 2955 2956 2956 2954 2954 2957 2957 2958 2958 2957 2957 2954 2954 2956 2956 2955 2955 2954 2954 2959 2959</p></triangles></mesh></geometry></library_geometries><library_visual_scenes><visual_scene id="VisualSceneNode" name="VisualSceneNode"><node id="Main-Component-Node1" name="bau0234565898"><instance_geometry url="#bau0234565898-mesh" name="bau0234565898"><bind_material><technique_common><instance_material symbol="white-material" target="#white-material" /><instance_material symbol="zincplated-material" target="#zincplated-material" /><instance_material symbol="oriongreymatt-material" target="#oriongreymatt-material" /></technique_common></bind_material></instance_geometry></node></visual_scene></library_visual_scenes><scene><instance_visual_scene url="#VisualSceneNode" /></scene></COLLADA>