<?xml version="1.0" encoding="utf-8"?><COLLADA xmlns:xsd="http://www.w3.org/2001/XMLSchema" xmlns:xsi="http://www.w3.org/2001/XMLSchema-instance" version="1.4.1" xmlns="http://www.collada.org/2005/11/COLLADASchema"><asset><contributor><author>bau05662</author><authoring_tool>Blum.Cape.SolidWorks.Export.Collada 25.0.0.0</authoring_tool></contributor><created>0001-01-01T00:00:00</created><modified>2026-02-17T14:55:33.8710482+01:00</modified><unit meter="0.001" name="millimeter" /></asset><library_effects><effect id="white-effect"><profile_COMMON><technique sid="common"><phong><emission><color sid="emission">0 0 0 0</color></emission><ambient><color sid="ambient">0.871849574807697 0.871849574807697 0.839396720452679 1</color></ambient><diffuse><color sid="diffuse">0.871849574807697 0.871849574807697 0.839396720452679 1</color></diffuse><specular><color sid="specular">0.991136764316137 0.991136764316137 0.991136764316137 1</color></specular><shininess><float sid="shininess">0.1</float></shininess><reflective><color sid="reflective">1 1 1 1</color></reflective><reflectivity><float sid="reflectivity">0</float></reflectivity><transparent><color>1 1 1 1</color></transparent><transparency><float sid="transparency">1</float></transparency><index_of_refraction><float sid="index_of_refraction">1</float></index_of_refraction></phong></technique></profile_COMMON></effect><effect id="zincplated-effect"><profile_COMMON><technique sid="common"><phong><emission><color sid="emission">0 0 0 0</color></emission><ambient><color sid="ambient">0.408975652376015 0.419604810831399 0.486751175550744 1</color></ambient><diffuse><color sid="diffuse">0.408975652376015 0.419604810831399 0.486751175550744 1</color></diffuse><specular><color sid="specular">0.991136764316137 0.991136764316137 0.991136764316137 1</color></specular><shininess><float sid="shininess">0.1</float></shininess><reflective><color sid="reflective">1 1 1 1</color></reflective><reflectivity><float sid="reflectivity">1</float></reflectivity><transparent><color>1 1 1 1</color></transparent><transparency><float sid="transparency">1</float></transparency><index_of_refraction><float sid="index_of_refraction">1</float></index_of_refraction></phong></technique></profile_COMMON></effect><effect id="silkwhitematt-effect"><profile_COMMON><technique sid="common"><phong><emission><color sid="emission">0 0 0 0</color></emission><ambient><color sid="ambient">0.863669004656513 0.863669004656513 0.815527082421169 1</color></ambient><diffuse><color sid="diffuse">0.863669004656513 0.863669004656513 0.815527082421169 1</color></diffuse><specular><color sid="specular">0.991136764316137 0.991136764316137 0.991136764316137 1</color></specular><shininess><float sid="shininess">0.1</float></shininess><reflective><color sid="reflective">1 1 1 1</color></reflective><reflectivity><float sid="reflectivity">0</float></reflectivity><transparent><color>1 1 1 1</color></transparent><transparency><float sid="transparency">1</float></transparency><index_of_refraction><float sid="index_of_refraction">1</float></index_of_refraction></phong></technique></profile_COMMON></effect></library_effects><library_materials><material id="white-material" name="white"><instance_effect url="#white-effect" /></material><material id="zincplated-material" name="zincplated"><instance_effect url="#zincplated-effect" /></material><material id="silkwhitematt-material" name="silkwhitematt"><instance_effect url="#silkwhitematt-effect" /></material></library_materials><library_geometries><geometry id="bau0234569715-mesh" name="bau0234569715"><mesh><source id="bau0234569715-mesh-positions"><float_array id="bau0234569715-mesh-positions-array" count="8985">-18.6000000685453 -7.30000017210841 -453.20001244545 -13.9499995857477 28.2000005245209 -453.20001244545 -9.60000045597553 -7.30000017210841 -453.20001244545 -13.0596132948995 149.371638894081 -453.20001244545 -13.9499995857477 144.099995493889 -453.20001244545 -13.2350521162152 149.591043591499 -453.20001244545 -13.9499995857477 133.100003004074 -453.20001244545 -12.9000591114163 148.837730288506 -453.20001244545 -7.54044810310006 -7.30000017210841 -453.20001244545 -13.7207917869091 149.864122271538 -453.20001244545 -13.460342772305 149.758860468864 -453.20001244545 -18.6000000685453 39.2000004649162 -453.20001244545 -18.6000000685453 133.100003004074 -453.20001244545 -13.9994118362665 149.900004267693 -453.20001244545 -12.9454666748643 149.114966392517 -453.20001244545 -18.6000000685453 144.099995493889 -453.20001244545 -13.9499995857477 39.2000004649162 -453.20001244545 -18.6000000685453 149.900004267693 -453.20001244545 -18.6000000685453 28.2000005245209 -453.20001244545 -18.6000000685453 38.6199988424778 -447.800010442734 -18.6000000685453 70.5000013113022 -447.499990463257 -18.6000000685453 39.2000004649162 -453.20001244545 -18.6000000685453 28.6200009286404 -439.79999423027 -18.6000000685453 10.9323877841234 -443.36000084877 -18.6000000685453 11.2028121948242 -438.199996948242 -18.6000000685453 28.2000005245209 -453.20001244545 -18.6000000685453 28.2000005245209 -454.277992248535 -18.6000000685453 131.587192416191 -438.199996948242 -18.6000000685453 149.900004267693 -437.000006437302 -18.6000000685453 145.352810621262 -438.199996948242 -18.6000000685453 145.082384347916 -443.36000084877 -18.6000000685453 38.6199988424778 -439.79999423027 -18.6000000685453 -6.59999996423721 -442.00000166893 -18.6000000685453 -2.2923881188035 -443.36000084877 -18.6000000685453 -0.472872576210648 -448.100000619888 -18.6000000685453 143.262878060341 -448.100000619888 -18.6000000685453 144.099995493889 -453.20001244545 -18.6000000685453 133.677124977112 -448.100000619888 -18.6000000685453 70.5000013113022 -439.500004053116 -18.6000000685453 80.4999992251396 -439.500004053116 -18.6000000685453 -6.59999996423721 -437.000006437302 -18.6000000685453 -2.56281229667366 -438.199996948242 -18.6000000685453 39.2000004649162 -454.277992248535 -18.6000000685453 80.4999992251396 -447.499990463257 -18.6000000685453 28.6200009286404 -447.800010442734 -18.6000000685453 133.100003004074 -453.20001244545 -18.6000000685453 -7.30000017210841 -453.20001244545 -18.6000000685453 144.099995493889 -454.277992248535 -18.6000000685453 9.11287218332291 -448.100000619888 -18.6000000685453 131.857618689537 -443.36000084877 -18.6000000685453 -7.30000017210841 -442.00000166893 -18.6000000685453 149.900004267693 -453.20001244545 -18.6000000685453 133.100003004074 -454.277992248535 -18.6000000685453 -6.59999996423721 -437.000006437302 -26.7999991774559 149.900004267693 -437.000006437302 -18.6000000685453 149.900004267693 -437.000006437302 -27.8999991714954 148.800000548363 -437.000006437302 -27.0847007632256 149.862512946129 -437.000006437302 -25.2000000327826 -6.59999996423721 -437.000006437302 -27.8999991714954 -17.2000005841255 -437.000006437302 -27.7794227004051 -17.6500007510185 -437.000006437302 -27.6363957673311 -17.8363956511021 -437.000006437302 -27.0000007003546 -18.1000009179115 -437.000006437302 -25.2000000327826 -18.1000009179115 -437.000006437302 -27.577817440033 149.577811360359 -437.000006437302 -27.3499991744757 149.752631783485 -437.000006437302 -27.4500008672476 -17.9794225841761 -437.000006437302 -27.7526285499334 149.350002408028 -437.000006437302 -27.232937514782 -18.0693324655294 -437.000006437302 -27.8693325817585 -17.4329373985529 -437.000006437302 -27.8625190258026 149.084702134132 -437.000006437302 -23.700000718236 -2.2923881188035 -443.36000084877 -18.6000000685453 -2.56281229667366 -438.199996948242 -23.700000718236 -2.56281229667366 -438.199996948242 -18.6000000685453 -2.2923881188035 -443.36000084877 -23.700000718236 11.2028121948242 -438.199996948242 -18.6000000685453 -2.56281229667366 -438.199996948242 -18.6000000685453 11.2028121948242 -438.199996948242 -23.700000718236 -2.56281229667366 -438.199996948242 -18.6000000685453 11.2028121948242 -438.199996948242 -23.700000718236 10.9323877841234 -443.36000084877 -23.700000718236 11.2028121948242 -438.199996948242 -18.6000000685453 10.9323877841234 -443.36000084877 -23.700000718236 9.11287218332291 -448.100000619888 -18.6000000685453 10.9323877841234 -443.36000084877 -18.6000000685453 9.11287218332291 -448.100000619888 -23.700000718236 10.9323877841234 -443.36000084877 -18.6000000685453 9.11287218332291 -448.100000619888 -23.700000718236 -0.472872576210648 -448.100000619888 -23.700000718236 9.11287218332291 -448.100000619888 -18.6000000685453 -0.472872576210648 -448.100000619888 -23.700000718236 -2.2923881188035 -443.36000084877 -18.6000000685453 -0.472872576210648 -448.100000619888 -18.6000000685453 -2.2923881188035 -443.36000084877 -23.700000718236 -0.472872576210648 -448.100000619888 -23.700000718236 10.9323877841234 -443.36000084877 -23.700000718236 -2.56281229667366 -438.199996948242 -23.700000718236 11.2028121948242 -438.199996948242 -23.700000718236 -2.2923881188035 -443.36000084877 -23.700000718236 9.11287218332291 -448.100000619888 -23.700000718236 -0.472872576210648 -448.100000619888 -18.6000000685453 131.587192416191 -438.199996948242 -23.700000718236 131.857618689537 -443.36000084877 -18.6000000685453 131.857618689537 -443.36000084877 -23.700000718236 131.587192416191 -438.199996948242 -18.6000000685453 131.587192416191 -438.199996948242 -23.700000718236 145.352810621262 -438.199996948242 -23.700000718236 131.587192416191 -438.199996948242 -18.6000000685453 145.352810621262 -438.199996948242 -23.700000718236 145.082384347916 -443.36000084877 -18.6000000685453 145.352810621262 -438.199996948242 -18.6000000685453 145.082384347916 -443.36000084877 -23.700000718236 145.352810621262 -438.199996948242 -18.6000000685453 145.082384347916 -443.36000084877 -23.700000718236 143.262878060341 -448.100000619888 -23.700000718236 145.082384347916 -443.36000084877 -18.6000000685453 143.262878060341 -448.100000619888 -18.6000000685453 133.677124977112 -448.100000619888 -23.700000718236 143.262878060341 -448.100000619888 -18.6000000685453 143.262878060341 -448.100000619888 -23.700000718236 133.677124977112 -448.100000619888 -23.700000718236 131.857618689537 -443.36000084877 -18.6000000685453 133.677124977112 -448.100000619888 -18.6000000685453 131.857618689537 -443.36000084877 -23.700000718236 133.677124977112 -448.100000619888 -23.700000718236 145.352810621262 -438.199996948242 -23.700000718236 131.857618689537 -443.36000084877 -23.700000718236 131.587192416191 -438.199996948242 -23.700000718236 143.262878060341 -448.100000619888 -23.700000718236 133.677124977112 -448.100000619888 -23.700000718236 145.082384347916 -443.36000084877 -18.6000000685453 38.6199988424778 -447.800010442734 -22.7000005543232 38.6199988424778 -439.79999423027 -18.6000000685453 38.6199988424778 -439.79999423027 -22.7000005543232 38.6199988424778 -447.800010442734 -18.6000000685453 38.6199988424778 -447.800010442734 -22.7000005543232 28.6200009286404 -447.800010442734 -22.7000005543232 38.6199988424778 -447.800010442734 -18.6000000685453 28.6200009286404 -447.800010442734 -22.7000005543232 28.6200009286404 -439.79999423027 -18.6000000685453 28.6200009286404 -447.800010442734 -18.6000000685453 28.6200009286404 -439.79999423027 -22.7000005543232 28.6200009286404 -447.800010442734 -22.7000005543232 38.6199988424778 -439.79999423027 -18.6000000685453 28.6200009286404 -439.79999423027 -18.6000000685453 38.6199988424778 -439.79999423027 -22.7000005543232 28.6200009286404 -439.79999423027 -22.7000005543232 28.6200009286404 -447.800010442734 -22.7000005543232 38.6199988424778 -439.79999423027 -22.7000005543232 38.6199988424778 -447.800010442734 -22.7000005543232 28.6200009286404 -439.79999423027 -23.700000718236 80.4999992251396 -447.499990463257 -18.6000000685453 70.5000013113022 -447.499990463257 -23.700000718236 70.5000013113022 -447.499990463257 -18.6000000685453 80.4999992251396 -447.499990463257 -23.700000718236 70.5000013113022 -439.500004053116 -18.6000000685453 70.5000013113022 -447.499990463257 -18.6000000685453 70.5000013113022 -439.500004053116 -23.700000718236 70.5000013113022 -447.499990463257 -23.700000718236 70.5000013113022 -439.500004053116 -18.6000000685453 80.4999992251396 -439.500004053116 -23.700000718236 80.4999992251396 -439.500004053116 -18.6000000685453 70.5000013113022 -439.500004053116 -18.6000000685453 80.4999992251396 -439.500004053116 -23.700000718236 80.4999992251396 -447.499990463257 -23.700000718236 80.4999992251396 -439.500004053116 -18.6000000685453 80.4999992251396 -447.499990463257 -23.700000718236 70.5000013113022 -447.499990463257 -23.700000718236 80.4999992251396 -439.500004053116 -23.700000718236 80.4999992251396 -447.499990463257 -23.700000718236 70.5000013113022 -439.500004053116 -13.9499995857477 28.2000005245209 -453.863173723221 -13.9499995857477 39.2000004649162 -453.20001244545 -13.9499995857477 28.2000005245209 -453.20001244545 -13.9499995857477 39.2000004649162 -453.863173723221 -16.1893758922815 28.2000005245209 -456.102550029755 -13.9499995857477 39.2000004649162 -453.863173723221 -13.9499995857477 28.2000005245209 -453.863173723221 -16.1893758922815 39.2000004649162 -456.102550029755 -16.1893758922815 39.2000004649162 -456.102550029755 -22.6000007241964 28.2000005245209 -455.766588449478 -22.6000007241964 39.2000004649162 -455.766588449478 -16.1893758922815 28.2000005245209 -456.102550029755 -22.6000007241964 39.2000004649162 -455.766588449478 -22.6000007241964 28.2000005245209 -454.34781908989 -22.6000007241964 39.2000004649162 -454.34781908989 -22.6000007241964 28.2000005245209 -455.766588449478 -18.6000000685453 39.2000004649162 -454.277992248535 -22.6000007241964 28.2000005245209 -454.34781908989 -18.6000000685453 28.2000005245209 -454.277992248535 -22.6000007241964 39.2000004649162 -454.34781908989 -22.6000007241964 39.2000004649162 -455.766588449478 -18.6000000685453 39.2000004649162 -454.277992248535 -16.1893758922815 39.2000004649162 -456.102550029755 -22.6000007241964 39.2000004649162 -454.34781908989 -13.9499995857477 39.2000004649162 -453.863173723221 -18.6000000685453 39.2000004649162 -453.20001244545 -13.9499995857477 39.2000004649162 -453.20001244545 -18.6000000685453 28.2000005245209 -454.277992248535 -22.6000007241964 28.2000005245209 -455.766588449478 -16.1893758922815 28.2000005245209 -456.102550029755 -18.6000000685453 28.2000005245209 -453.20001244545 -13.9499995857477 28.2000005245209 -453.863173723221 -13.9499995857477 28.2000005245209 -453.20001244545 -22.6000007241964 28.2000005245209 -454.34781908989 -13.9499995857477 133.100003004074 -453.863173723221 -13.9499995857477 144.099995493889 -453.20001244545 -13.9499995857477 133.100003004074 -453.20001244545 -13.9499995857477 144.099995493889 -453.863173723221 -13.9499995857477 133.100003004074 -453.863173723221 -16.1893758922815 144.099995493889 -456.102550029755 -13.9499995857477 144.099995493889 -453.863173723221 -16.1893758922815 133.100003004074 -456.102550029755 -16.1893758922815 133.100003004074 -456.102550029755 -22.6000007241964 144.099995493889 -455.766588449478 -16.1893758922815 144.099995493889 -456.102550029755 -22.6000007241964 133.100003004074 -455.766588449478 -22.6000007241964 144.099995493889 -455.766588449478 -22.6000007241964 133.100003004074 -454.34781908989 -22.6000007241964 144.099995493889 -454.34781908989 -22.6000007241964 133.100003004074 -455.766588449478 -18.6000000685453 133.100003004074 -454.277992248535 -22.6000007241964 144.099995493889 -454.34781908989 -22.6000007241964 133.100003004074 -454.34781908989 -18.6000000685453 144.099995493889 -454.277992248535 -13.9499995857477 144.099995493889 -453.863173723221 -18.6000000685453 144.099995493889 -454.277992248535 -18.6000000685453 144.099995493889 -453.20001244545 -16.1893758922815 144.099995493889 -456.102550029755 -13.9499995857477 144.099995493889 -453.20001244545 -22.6000007241964 144.099995493889 -455.766588449478 -22.6000007241964 144.099995493889 -454.34781908989 -13.9499995857477 133.100003004074 -453.863173723221 -18.6000000685453 133.100003004074 -454.277992248535 -16.1893758922815 133.100003004074 -456.102550029755 -18.6000000685453 133.100003004074 -453.20001244545 -22.6000007241964 133.100003004074 -455.766588449478 -22.6000007241964 133.100003004074 -454.34781908989 -13.9499995857477 133.100003004074 -453.20001244545 -29.899999499321 -35.1999998092651 -40.0000028312206 -29.899999499321 -34.4999991357327 -47.4404320120811 -29.899999499321 -35.1999998092651 -46.8530617654324 -29.899999499321 -34.4999991357327 -32.0595689117908 -29.899999499321 -35.1999998092651 -32.6469391584396 -31.1250016093254 -34.4999991357327 -181.500002741814 -34.400001168251 -35.1999998092651 -181.500002741814 -34.400001168251 -34.4999991357327 -181.500002741814 -29.899999499321 -35.1999998092651 -181.500002741814 -29.899999499321 -34.4999991357327 -181.500002741814 -39.9605855345726 -35.7359163463116 -145.810768008232 -38.4881645441055 -35.1999998092651 -97.4999964237213 -39.9605855345726 -35.7359163463116 -80.807238817215 -38.4881645441055 -35.1999998092651 -79.3348103761673 -38.4881645441055 -35.1999998092651 -147.283181548119 -39.9605855345726 -35.7359163463116 -80.807238817215 -40.1999987661839 -35.0781343877316 -145.571351051331 -39.9605855345726 -35.7359163463116 -145.810768008232 -40.1999987661839 -35.0781343877316 -81.0466483235359 -38.6115908622742 -34.4999991357327 -79.4582441449165 -40.1999987661839 -35.0781343877316 -145.571351051331 -40.1999987661839 -35.0781343877316 -81.0466483235359 -38.6115908622742 -34.4999991357327 -147.15975522995 -39.6318510174751 -35.6162674725056 31.2508009374142 -39.1142144799232 -35.4278646409512 32.1473740041256 -39.2867065966129 -35.4906469583511 31.9506861269474 -39.9605855345726 -35.7359163463116 30.0239473581314 -38.4881645441055 -35.1999998092651 32.5875170528889 -39.4320525228977 -35.5435460805893 31.7331627011299 -38.4881645441055 -35.1999998092651 4.72500175237656 -38.6999994516373 -35.2771021425724 32.4652120471001 -39.9605855345726 -35.7359163463116 -20.6860639154911 -38.4881645441055 -35.1999998092651 -22.1584867686033 -39.5477600395679 -35.5856604874134 31.4985290169716 -39.9605855345726 -35.7359163463116 -20.6860639154911 -40.1999987661839 -35.0781343877316 29.1304402053356 -40.1999987661839 -35.0781343877316 -20.4466488212347 -39.9605855345726 -35.7359163463116 30.0239473581314 -39.4320525228977 -34.7986221313477 31.7331627011299 -39.6318510174751 -34.8713435232639 31.2508009374142 -39.5477600395679 -34.8407365381718 31.4985290169716 -39.1142144799232 -34.6829406917095 32.1473740041256 -38.6999994516373 -34.5321781933308 32.4652120471001 -40.1999987661839 -35.0781343877316 29.1304402053356 -38.6115908622742 -34.4999991357327 32.5162559747696 -38.6115908622742 -34.4999991357327 4.72500175237656 -40.1999987661839 -35.0781343877316 -20.4466488212347 -39.2867065966129 -34.7457230091095 31.9506861269474 -38.6115908622742 -34.4999991357327 -22.0350567251444 -25.2000000327826 -34.4999991357327 35.5000011622906 -25.2000000327826 -24.5050005614758 19.3499997258186 -25.2000000327826 -28.4950006753206 19.3499997258186 -25.2000000327826 -34.4999991357327 4.72500175237656 -25.2000000327826 -28.4950006753206 10.3500001132488 -25.2000000327826 -6.59999996423721 -442.00000166893 -25.2000000327826 -18.1000009179115 -437.000006437302 -25.2000000327826 -6.59999996423721 -437.000006437302 -25.2000000327826 -34.4999991357327 -432.500004768372 -25.2000000327826 -28.4950006753206 -421.440005302429 -25.2000000327826 -32.2999991476536 -432.500004768372 -25.2000000327826 -18.1000009179115 35.5000011622906 -25.2000000327826 -24.5050005614758 10.3500001132488 -25.2000000327826 -32.2999991476536 -442.00000166893 -25.2000000327826 -28.4950006753206 -430.559992790222 -25.2000000327826 -34.4999991357327 -404.000014066696 -25.2000000327826 -24.5050005614758 -430.559992790222 -25.2000000327826 -24.5050005614758 -421.440005302429 -25.2000000327826 -34.4999991357327 -78.0000016093254 -25.2000000327826 -34.4999991357327 -317.999988794327 -25.2000000327826 -34.4999991357327 -249.274998903275 -25.2000000327826 -34.4999991357327 -189.724996685982 -7.55000021308661 -42.1000011265278 -453.20001244545 -8.17785132676363 -41.6182316839695 -453.20001244545 -8.20000004023314 -41.4500012993813 -453.20001244545 -9.60000045597553 -35.1499989628792 -453.20001244545 -6.89999992027879 -25.9577222168446 -453.20001244545 -8.20000004023314 -35.1499989628792 -453.20001244545 -7.0903804153204 -41.9096201658249 -453.20001244545 -7.22499983385205 -42.0129150152206 -453.20001244545 -6.89999992027879 -41.4500012993813 -453.20001244545 -6.92214816808701 -41.6182316839695 -453.20001244545 -6.9870837032795 -41.7749993503094 -453.20001244545 -7.38176750019193 -42.0778505504131 -453.20001244545 -8.00961907953024 -41.9096201658249 -453.20001244545 -8.11291672289371 -41.7749993503094 -453.20001244545 -7.87500012665987 -42.0129150152206 -453.20001244545 -7.71823246032 -42.0778505504131 -453.20001244545 -25.9293876588345 -35.6778725981712 35.5000011622906 -25.2000000327826 -34.4999991357327 35.5000011622906 -26.2157004326582 -35.5835370719433 35.5000011622906 -24.4999993592501 -18.1000009179115 35.5000011622906 -25.2000000327826 -18.1000009179115 35.5000011622906 -24.5378650724888 -34.7990654408932 35.5000011622906 -24.4999993592501 -34.4999991357327 35.5000011622906 -31.300000846386 -35.1999998092651 35.5000011622906 -31.1250016093254 -34.4999991357327 35.5000011622906 -31.300000846386 -34.4999991357327 35.5000011622906 -24.649066850543 -35.0792594254017 35.5000011622906 -26.6746785491705 -35.1999998092651 35.5000011622906 -26.4694690704346 -35.4208238422871 35.5000011622906 -25.6285984069109 -35.6978736817837 35.5000011622906 -25.3323148936033 -35.6422811746597 35.5000011622906 -25.0592343509197 -35.5146043002605 35.5000011622906 -24.8265918344259 -35.3228971362114 35.5000011622906 -26.6746785491705 -35.1999998092651 -189.724996685982 -26.4694690704346 -35.4208238422871 35.5000011622906 -26.6746785491705 -35.1999998092651 -97.4999964237213 -26.4694690704346 -35.4208238422871 -432.500004768372 -26.6746785491705 -35.1999998092651 -249.274998903275 -26.6746785491705 -35.1999998092651 -317.999988794327 -26.6746785491705 -35.1999998092651 -404.000014066696 -25.3323148936033 -35.6422811746597 35.5000011622906 -25.0592343509197 -35.5146043002605 -432.500004768372 -25.0592343509197 -35.5146043002605 35.5000011622906 -26.2157004326582 -35.5835370719433 -432.500004768372 -26.2157004326582 -35.5835370719433 35.5000011622906 -25.9293876588345 -35.6778725981712 -432.500004768372 -25.9293876588345 -35.6778725981712 35.5000011622906 -25.6285984069109 -35.6978736817837 -432.500004768372 -25.6285984069109 -35.6978736817837 35.5000011622906 -25.3323148936033 -35.6422811746597 -432.500004768372 -24.8265918344259 -35.3228971362114 -432.500004768372 -24.8265918344259 -35.3228971362114 35.5000011622906 -24.649066850543 -35.0792594254017 -432.500004768372 -24.649066850543 -35.0792594254017 35.5000011622906 -24.5378650724888 -34.7990654408932 -432.500004768372 -24.5378650724888 -34.7990654408932 35.5000011622906 -24.4999993592501 -34.4999991357327 -432.500004768372 -24.4999993592501 -34.4999991357327 35.5000011622906 -26.6746785491705 -35.1999998092651 4.72500175237656 -26.6746785491705 -35.1999998092651 35.5000011622906 -26.6746785491705 -35.1999998092651 -40.0000028312206 -26.6746785491705 -35.1999998092651 -432.500004768372 -30.9000033885241 -35.1999998092651 -22.7500032633543 -26.6746785491705 -35.1999998092651 4.72500175237656 -30.9000033885241 -35.1999998092651 -9.24999639391899 -33.5996821522713 -35.1999998092651 -18.5253228992224 -33.9492857456207 -35.1999998092651 -18.7183786183596 -34.0770743787289 -35.1999998092651 -18.873892724514 -33.3999991416931 -35.1999998092651 -18.5000021010637 -34.1986939311028 -35.1999998092651 -19.2542895674706 -33.200316131115 -35.1999998092651 -18.5253228992224 -32.8507162630558 -35.1999998092651 -18.7183786183596 -32.7229239046574 -35.1999998092651 -18.873892724514 -32.6379984617233 -35.1999998092651 -19.0563797950745 -32.6013080775738 -35.1999998092651 -19.2542895674706 -34.4367139041424 -35.1999998092651 -9.01819951832294 -32.3987789452076 -35.1999998092651 -9.20714065432549 -32.3632843792439 -35.1999998092651 -9.01819951832294 -36.1499972641468 -35.1999998092651 4.72500175237656 -35.8753576874733 -35.1999998092651 -9.05933603644371 -35.803060978651 -35.1999998092651 -8.88120289891958 -31.62856772542 -35.1999998092651 -23.4996974468231 -29.899999499321 -35.1999998092651 -31.7331552505493 -31.4386896789074 -35.1999998092651 -23.4696194529533 -31.9999828934669 -35.1999998092651 -8.58665909618139 -34.8000191152096 -35.1999998092651 -8.58665909618139 -32.1571119129658 -35.1999998092651 -8.69742035865784 -32.2809256613255 -35.1999998092651 -8.84448830038309 -34.5190726220608 -35.1999998092651 -8.84448830038309 -34.6428863704205 -35.1999998092651 -8.69742035865784 -35.3613123297691 -35.1999998092651 -8.53038113564253 -35.5373062193394 -35.1999998092651 -8.60774144530296 -35.6878526508808 -35.1999998092651 -8.72729998081923 -34.9801480770111 -35.1999998092651 -23.4805177897215 -36.1499972641468 -35.1999998092651 -31.7331552505493 -31.2626957893372 -35.1999998092651 -23.3922582119703 -31.1121474951506 -35.1999998092651 -23.2726987451315 -30.9969410300255 -35.1999998092651 -23.1187976896763 -30.9246424585581 -35.1999998092651 -22.9406636208296 -32.3987789452076 -35.1999998092651 -22.7928590029478 -33.0132767558098 -35.1999998092651 -18.5996852815151 -30.9969410300255 -35.1999998092651 -8.88120289891958 -31.1121474951506 -35.1999998092651 -8.72729998081923 -35.6878526508808 -35.1999998092651 -23.2726987451315 -35.5373062193394 -35.1999998092651 -23.3922582119703 -35.1714342832565 -35.1999998092651 -23.4996974468231 -34.5190726220608 -35.1999998092651 -23.1555122882128 -31.8198539316654 -35.1999998092651 -23.4805177897215 -34.4367139041424 -35.1999998092651 -22.9818001389503 -34.1620035469532 -35.1999998092651 -19.0563797950745 -31.2626957893372 -35.1999998092651 -8.60774144530296 -31.8198539316654 -35.1999998092651 -8.51948279887438 -34.9801480770111 -35.1999998092651 -8.51948279887438 -35.803060978651 -35.1999998092651 -23.1187976896763 -35.3613123297691 -35.1999998092651 -23.4696194529533 -34.8000191152096 -35.1999998092651 -23.4133396297693 -34.6428863704205 -35.1999998092651 -23.3025792986155 -34.4012230634689 -35.1999998092651 -22.7928590029478 -38.4881645441055 -35.1999998092651 -317.999988794327 -37.9690825939178 -35.1999998092651 -404.000014066696 -37.9690825939178 -35.1999998092651 -317.999988794327 -36.1499972641468 -35.1999998092651 -404.000014066696 -36.1499972641468 -35.1999998092651 -317.999988794327 -26.6746785491705 -35.1999998092651 -317.999988794327 -30.9246424585581 -35.1999998092651 -361.059337854385 -30.9000033885241 -35.1999998092651 -361.249983310699 -38.4881645441055 -35.1999998092651 -249.274998903275 -37.9690825939178 -35.1999998092651 -249.274998903275 -36.1499972641468 -35.1999998092651 -249.274998903275 -26.6746785491705 -35.1999998092651 -249.274998903275 -30.9246424585581 -35.1999998092651 -261.05934381485 -30.9000033885241 -35.1999998092651 -261.249989271164 -37.9690825939178 -35.1999998092651 -47.7668456733227 -36.4000014960766 -35.1999998092651 -56.4999990165234 -36.1499972641468 -35.1999998092651 -47.7668456733227 -37.9690825939178 -35.1999998092651 -97.4999964237213 -38.4881645441055 -35.1999998092651 -79.3348103761673 -38.4881645441055 -35.1999998092651 -97.4999964237213 -37.9690825939178 -35.1999998092651 -181.733161211014 -38.4000018239021 -35.1999998092651 -147.371351718903 -38.4000018239021 -35.1999998092651 -181.733161211014 -36.1499972641468 -35.1999998092651 -181.733161211014 -36.1499972641468 -35.1999998092651 -97.4999964237213 -26.6746785491705 -35.1999998092651 -189.724996685982 -29.899999499321 -35.1999998092651 -181.500002741814 -29.899999499321 -35.1999998092651 -189.724996685982 -36.1499972641468 -35.1999998092651 -199.266850948334 -34.400001168251 -35.1999998092651 -204.500004649162 -34.400001168251 -35.1999998092651 -199.266850948334 -37.9690825939178 -35.1999998092651 -199.266850948334 -35.9250009059906 -35.1999998092651 -232.358619570732 -38.4881645441055 -35.1999998092651 -204.516589641571 -38.4881645441055 -35.1999998092651 -429.587513208389 -37.9690825939178 -35.1999998092651 -429.88720536232 -33.4435924887657 -35.1999998092651 -432.500004768372 -26.6746785491705 -35.1999998092651 -404.000014066696 -26.6746785491705 -35.1999998092651 -432.500004768372 -35.1893976330757 -35.1999998092651 18.0539265275002 -35.9250009059906 -35.1999998092651 18.3586217463017 -37.9690825939178 -35.1999998092651 32.8872092068195 -35.9250009059906 -35.1999998092651 23.6413776874542 -35.300001502037 -35.1999998092651 34.4282016158104 -37.9690825939178 -35.1999998092651 4.72500175237656 -38.4881645441055 -35.1999998092651 32.5875170528889 -38.4881645441055 -35.1999998092651 4.72500175237656 -37.9690825939178 -35.1999998092651 -31.7331552505493 -38.4000018239021 -35.1999998092651 -22.2466494888067 -38.4000018239021 -35.1999998092651 -31.7331552505493 -26.6746785491705 -35.1999998092651 -40.0000028312206 -29.899999499321 -35.1999998092651 -32.6469391584396 -29.899999499321 -35.1999998092651 -40.0000028312206 -33.3999991416931 -35.1999998092651 -62.5 -36.4000014960766 -35.1999998092651 -62.5 -26.6746785491705 -35.1999998092651 -97.4999964237213 -33.3999991416931 -35.1999998092651 -56.4999990165234 -29.899999499321 -35.1999998092651 -47.7668456733227 -29.899999499321 -35.1999998092651 -46.8530617654324 -30.9246424585581 -35.1999998092651 -9.05933603644371 -32.2809256613255 -35.1999998092651 -23.1555122882128 -32.1571119129658 -35.1999998092651 -23.3025792986155 -31.62856772542 -35.1999998092651 -8.50030314177275 -32.3632843792439 -35.1999998092651 -22.9818001389503 -31.4386896789074 -35.1999998092651 -8.53038113564253 -31.9999828934669 -35.1999998092651 -23.4133396297693 -35.1714342832565 -35.1999998092651 -8.50030314177275 -38.4881645441055 -35.1999998092651 -404.000014066696 -32.6379984617233 -35.1999998092651 -364.943623542786 -32.8507162630558 -35.1999998092651 -365.281611680984 -32.7229239046574 -35.1999998092651 -365.126103162766 -32.6013080775738 -35.1999998092651 -364.745706319809 -33.0132767558098 -35.1999998092651 -365.400314331055 -33.200316131115 -35.1999998092651 -365.474671125412 -33.3999991416931 -35.1999998092651 -365.500003099442 -33.5996821522713 -35.1999998092651 -365.474671125412 -33.7867252528667 -35.1999998092651 -365.400314331055 -33.9492857456207 -35.1999998092651 -365.281611680984 -34.0770743787289 -35.1999998092651 -365.126103162766 -34.1620035469532 -35.1999998092651 -364.943623542786 -34.0770743787289 -35.1999998092651 -370.873898267746 -33.0132767558098 -35.1999998092651 -370.599687099457 -33.9492857456207 -35.1999998092651 -370.718389749527 -34.1986939311028 -35.1999998092651 -364.745706319809 -32.3987789452076 -35.1999998092651 -361.207127571106 -34.4012230634689 -35.1999998092651 -361.207127571106 -33.7867252528667 -35.1999998092651 -370.599687099457 -33.5996821522713 -35.1999998092651 -370.525330305099 -33.3999991416931 -35.1999998092651 -370.49999833107 -32.7229239046574 -35.1999998092651 -370.873898267746 -34.1986939311028 -35.1999998092651 -371.254295110703 -32.6379984617233 -35.1999998092651 -371.056377887726 -34.1620035469532 -35.1999998092651 -371.056377887726 -33.200316131115 -35.1999998092651 -370.525330305099 -32.1571119129658 -35.1999998092651 -375.302582979202 -34.6428863704205 -35.1999998092651 -375.302582979202 -32.8507162630558 -35.1999998092651 -370.718389749527 -32.6013080775738 -35.1999998092651 -371.254295110703 -32.3632843792439 -35.1999998092651 -361.01821064949 -34.4367139041424 -35.1999998092651 -361.01821064949 -32.3987789452076 -35.1999998092651 -374.792873859406 -34.5190726220608 -35.1999998092651 -360.844492912292 -35.8999967575073 -35.1999998092651 -361.249983310699 -35.8999967575073 -35.1999998092651 -374.750018119812 -34.4012230634689 -35.1999998092651 -374.792873859406 -32.1571119129658 -35.1999998092651 -360.697418451309 -34.8000191152096 -35.1999998092651 -360.586673021317 -32.2809256613255 -35.1999998092651 -360.844492912292 -34.6428863704205 -35.1999998092651 -360.697418451309 -35.6878526508808 -35.1999998092651 -360.727310180664 -35.803060978651 -35.1999998092651 -360.881209373474 -35.8753576874733 -35.1999998092651 -374.940663576126 -31.8198539316654 -35.1999998092651 -360.519468784332 -31.9999828934669 -35.1999998092651 -360.586673021317 -35.1714342832565 -35.1999998092651 -360.500305891037 -35.3613123297691 -35.1999998092651 -360.530376434326 -35.8753576874733 -35.1999998092651 -361.059337854385 -35.5373062193394 -35.1999998092651 -360.607743263245 -35.803060978651 -35.1999998092651 -375.118792057037 -35.6878526508808 -35.1999998092651 -375.272691249847 -34.5190726220608 -35.1999998092651 -375.155508518219 -34.4367139041424 -35.1999998092651 -374.981790781021 -32.3632843792439 -35.1999998092651 -374.981790781021 -32.2809256613255 -35.1999998092651 -375.155508518219 -31.4386896789074 -35.1999998092651 -360.530376434326 -31.62856772542 -35.1999998092651 -360.500305891037 -34.9801480770111 -35.1999998092651 -360.519468784332 -35.5373062193394 -35.1999998092651 -375.392258167267 -35.3613123297691 -35.1999998092651 -375.469624996185 -34.9801480770111 -35.1999998092651 -375.480502843857 -34.8000191152096 -35.1999998092651 -375.413328409195 -31.62856772542 -35.1999998092651 -375.499695539474 -30.9000033885241 -35.1999998092651 -374.750018119812 -31.1121474951506 -35.1999998092651 -360.727310180664 -31.2626957893372 -35.1999998092651 -360.607743263245 -35.1714342832565 -35.1999998092651 -375.499695539474 -31.8198539316654 -35.1999998092651 -375.480502843857 -31.2626957893372 -35.1999998092651 -375.392258167267 -31.1121474951506 -35.1999998092651 -375.272691249847 -30.9246424585581 -35.1999998092651 -374.940663576126 -30.9969410300255 -35.1999998092651 -360.881209373474 -35.8999967575073 -35.1999998092651 -9.24999639391899 -34.1986939311028 -35.1999998092651 -12.7457110211253 -32.6013080775738 -35.1999998092651 -12.7457110211253 -33.7867252528667 -35.1999998092651 -18.5996852815151 -35.8753576874733 -35.1999998092651 -22.9406636208296 -34.4012230634689 -35.1999998092651 -9.20714065432549 -33.3999991416931 -35.1999998092651 -13.4999984875321 -32.6379984617233 -35.1999998092651 -12.9436207935214 -35.8999967575073 -35.1999998092651 -22.7500032633543 -34.1620035469532 -35.1999998092651 -12.9436207935214 -34.0770743787289 -35.1999998092651 -13.1261078640819 -33.5996821522713 -35.1999998092651 -13.4746767580509 -33.7867252528667 -35.1999998092651 -13.4003153070807 -33.200316131115 -35.1999998092651 -13.4746767580509 -32.8507162630558 -35.1999998092651 -13.2816210389137 -32.7229239046574 -35.1999998092651 -13.1261078640819 -33.9492857456207 -35.1999998092651 -13.2816210389137 -33.0132767558098 -35.1999998092651 -13.4003153070807 -38.4881645441055 -35.1999998092651 -22.1584867686033 -36.556676030159 -35.1999998092651 18.84332485497 -37.0413772761822 -35.1999998092651 19.4749999791384 -37.3460724949837 -35.1999998092651 20.2106013894081 -37.3460724949837 -35.1999998092651 21.7893980443478 -37.0413772761822 -35.1999998092651 22.5249994546175 -37.4500006437302 -35.1999998092651 20.9999997168779 -36.556676030159 -35.1999998092651 23.156676441431 -31.7586213350296 -35.1999998092651 19.4749999791384 -32.2433225810528 -35.1999998092651 18.84332485497 -34.400001168251 -35.1999998092651 24.0499991923571 -35.1893976330757 -35.1999998092651 23.9460729062557 -32.8750014305115 -35.1999998092651 18.3586217463017 -33.6106009781361 -35.1999998092651 18.0539265275002 -31.3500016927719 -35.1999998092651 20.9999997168779 -31.4539261162281 -35.1999998092651 20.2106013894081 -34.400001168251 -35.1999998092651 17.9500002413988 -34.0361595153809 -35.1999998092651 35.0175425410271 -32.8750014305115 -35.1999998092651 23.6413776874542 -31.300000846386 -35.1999998092651 35.5000011622906 -33.6106009781361 -35.1999998092651 23.9460729062557 -26.6746785491705 -35.1999998092651 35.5000011622906 -32.2433225810528 -35.1999998092651 23.156676441431 -31.7586213350296 -35.1999998092651 22.5249994546175 -32.6891839504242 -35.1999998092651 35.3784635663033 -31.4539261162281 -35.1999998092651 21.7893980443478 -38.4000018239021 -35.1999998092651 -204.428434371948 -38.4000018239021 -35.1999998092651 -199.266850948334 -37.0413772761822 -35.1999998092651 -236.524999141693 -37.3460724949837 -35.1999998092651 -235.789403319359 -35.9250009059906 -35.1999998092651 -237.641379237175 -36.556676030159 -35.1999998092651 -237.156674265862 -37.4500006437302 -35.1999998092651 -234.999999403954 -37.3460724949837 -35.1999998092651 -234.210595488548 -37.0413772761822 -35.1999998092651 -233.474999666214 -36.556676030159 -35.1999998092651 -232.843324542046 -35.1893976330757 -35.1999998092651 -237.946078181267 -29.899999499321 -35.1999998092651 -204.500004649162 -34.400001168251 -35.1999998092651 -231.949999928474 -33.6106009781361 -35.1999998092651 -232.05392062664 -35.1893976330757 -35.1999998092651 -232.05392062664 -34.400001168251 -35.1999998092651 -238.049998879433 -32.8750014305115 -35.1999998092651 -237.641379237175 -33.6106009781361 -35.1999998092651 -237.946078181267 -31.3500016927719 -35.1999998092651 -234.999999403954 -31.4539261162281 -35.1999998092651 -235.789403319359 -32.2433225810528 -35.1999998092651 -232.843324542046 -31.7586213350296 -35.1999998092651 -233.474999666214 -31.7586213350296 -35.1999998092651 -236.524999141693 -32.8750014305115 -35.1999998092651 -232.358619570732 -31.4539261162281 -35.1999998092651 -234.210595488548 -32.2433225810528 -35.1999998092651 -237.156674265862 -34.400001168251 -35.1999998092651 -181.500002741814 -35.8753576874733 -35.1999998092651 -146.940663456917 -35.8999967575073 -35.1999998092651 -146.750003099442 -30.9246424585581 -35.1999998092651 -133.059337735176 -30.9000033885241 -35.1999998092651 -133.249998092651 -31.9999828934669 -35.1999998092651 -132.586658000946 -31.8198539316654 -35.1999998092651 -132.519483566284 -34.8000191152096 -35.1999998092651 -147.413343191147 -34.9801480770111 -35.1999998092651 -147.480517625809 -35.3613123297691 -35.1999998092651 -132.530376315117 -35.1714342832565 -35.1999998092651 -132.500305771828 -31.62856772542 -35.1999998092651 -132.500305771828 -31.2626957893372 -35.1999998092651 -147.392258048058 -31.4386896789074 -35.1999998092651 -147.469624876976 -35.1714342832565 -35.1999998092651 -147.499695420265 -35.6878526508808 -35.1999998092651 -132.727295160294 -35.5373062193394 -35.1999998092651 -132.607743144035 -34.9801480770111 -35.1999998092651 -132.519483566284 -31.4386896789074 -35.1999998092651 -132.530376315117 -31.2626957893372 -35.1999998092651 -132.607743144035 -30.9969410300255 -35.1999998092651 -147.118791937828 -31.1121474951506 -35.1999998092651 -147.272706031799 -32.3987789452076 -35.1999998092651 -146.792858839035 -34.4012230634689 -35.1999998092651 -146.792858839035 -34.4367139041424 -35.1999998092651 -146.981805562973 -35.3613123297691 -35.1999998092651 -147.469624876976 -35.5373062193394 -35.1999998092651 -147.392258048058 -35.8753576874733 -35.1999998092651 -133.059337735176 -35.803060978651 -35.1999998092651 -132.881209254265 -34.5190726220608 -35.1999998092651 -132.844492793083 -32.2809256613255 -35.1999998092651 -132.844492793083 -32.1571119129658 -35.1999998092651 -132.6974183321 -31.1121474951506 -35.1999998092651 -132.727295160294 -30.9969410300255 -35.1999998092651 -132.881209254265 -30.9246424585581 -35.1999998092651 -146.940663456917 -31.9999828934669 -35.1999998092651 -147.413343191147 -32.1571119129658 -35.1999998092651 -147.302582859993 -31.8198539316654 -35.1999998092651 -147.480517625809 -34.6428863704205 -35.1999998092651 -147.302582859993 -35.803060978651 -35.1999998092651 -147.118791937828 -35.8999967575073 -35.1999998092651 -133.249998092651 -34.6428863704205 -35.1999998092651 -132.6974183321 -30.9000033885241 -35.1999998092651 -146.750003099442 -32.2809256613255 -35.1999998092651 -147.15550839901 -32.3632843792439 -35.1999998092651 -146.981805562973 -34.5190726220608 -35.1999998092651 -147.15550839901 -35.6878526508808 -35.1999998092651 -147.272706031799 -34.8000191152096 -35.1999998092651 -132.586658000946 -34.4367139041424 -35.1999998092651 -133.01819562912 -32.3632843792439 -35.1999998092651 -133.01819562912 -31.62856772542 -35.1999998092651 -147.499695420265 -32.6379984617233 -35.1999998092651 -143.056377768517 -34.1620035469532 -35.1999998092651 -143.056377768517 -34.1986939311028 -35.1999998092651 -143.254294991493 -34.400001168251 -35.1999998092651 -181.733161211014 -32.3987789452076 -35.1999998092651 -133.207142353058 -34.1986939311028 -35.1999998092651 -136.7457062006 -32.6013080775738 -35.1999998092651 -136.7457062006 -32.6013080775738 -35.1999998092651 -143.254294991493 -34.4012230634689 -35.1999998092651 -133.207142353058 -33.0132767558098 -35.1999998092651 -142.599686980247 -34.0770743787289 -35.1999998092651 -142.873898148537 -33.200316131115 -35.1999998092651 -137.474671006203 -32.6379984617233 -35.1999998092651 -136.943623423576 -32.8507162630558 -35.1999998092651 -142.718374729156 -33.7867252528667 -35.1999998092651 -137.400314211845 -33.5996821522713 -35.1999998092651 -137.474671006203 -32.7229239046574 -35.1999998092651 -142.873898148537 -33.5996821522713 -35.1999998092651 -142.52533018589 -33.7867252528667 -35.1999998092651 -142.599686980247 -34.1620035469532 -35.1999998092651 -136.943623423576 -33.3999991416931 -35.1999998092651 -137.500002980232 -33.3999991416931 -35.1999998092651 -142.499998211861 -33.200316131115 -35.1999998092651 -142.52533018589 -33.9492857456207 -35.1999998092651 -142.718374729156 -34.0770743787289 -35.1999998092651 -137.126103043556 -33.9492857456207 -35.1999998092651 -137.281626462936 -32.8507162630558 -35.1999998092651 -137.281626462936 -32.7229239046574 -35.1999998092651 -137.126103043556 -33.0132767558098 -35.1999998092651 -137.400314211845 -38.4881645441055 -35.1999998092651 -147.283181548119 -38.4000018239021 -35.1999998092651 -79.2466476559639 -38.4000018239021 -35.1999998092651 -47.7668456733227 -34.9801480770111 -35.1999998092651 -275.480508804321 -35.1714342832565 -35.1999998092651 -275.499701499939 -31.4386896789074 -35.1999998092651 -275.46963095665 -31.62856772542 -35.1999998092651 -275.499701499939 -34.4367139041424 -35.1999998092651 -261.018186807632 -32.1571119129658 -35.1999998092651 -260.697424411774 -31.9999828934669 -35.1999998092651 -260.586649179459 -31.1121474951506 -35.1999998092651 -275.272697210312 -31.2626957893372 -35.1999998092651 -275.392264127731 -31.8198539316654 -35.1999998092651 -275.480508804321 -31.9999828934669 -35.1999998092651 -275.413334369659 -35.5373062193394 -35.1999998092651 -260.607749223709 -35.3613123297691 -35.1999998092651 -260.530382394791 -31.4386896789074 -35.1999998092651 -260.530382394791 -31.2626957893372 -35.1999998092651 -260.607749223709 -30.9000033885241 -35.1999998092651 -274.749994277954 -30.9246424585581 -35.1999998092651 -274.940669536591 -34.6428863704205 -35.1999998092651 -275.302588939667 -34.8000191152096 -35.1999998092651 -275.413334369659 -35.3613123297691 -35.1999998092651 -275.46963095665 -35.5373062193394 -35.1999998092651 -275.392264127731 -35.1714342832565 -35.1999998092651 -260.500311851501 -31.62856772542 -35.1999998092651 -260.500311851501 -31.1121474951506 -35.1999998092651 -260.727286338806 -30.9969410300255 -35.1999998092651 -275.118798017502 -32.3987789452076 -35.1999998092651 -274.792850017548 -34.4012230634689 -35.1999998092651 -274.792850017548 -34.4367139041424 -35.1999998092651 -274.981796741486 -34.9801480770111 -35.1999998092651 -260.519474744797 -34.8000191152096 -35.1999998092651 -260.586649179459 -30.9969410300255 -35.1999998092651 -260.881215333939 -32.2809256613255 -35.1999998092651 -275.155514478683 -32.3632843792439 -35.1999998092651 -274.981796741486 -35.803060978651 -35.1999998092651 -275.118798017502 -35.8753576874733 -35.1999998092651 -274.940669536591 -35.6878526508808 -35.1999998092651 -275.272697210312 -35.8753576874733 -35.1999998092651 -261.05934381485 -35.803060978651 -35.1999998092651 -260.881215333939 -34.5190726220608 -35.1999998092651 -260.844498872757 -31.8198539316654 -35.1999998092651 -260.519474744797 -32.1571119129658 -35.1999998092651 -275.302588939667 -34.5190726220608 -35.1999998092651 -275.155514478683 -35.8999967575073 -35.1999998092651 -261.249989271164 -35.6878526508808 -35.1999998092651 -260.727286338806 -34.6428863704205 -35.1999998092651 -260.697424411774 -32.3632843792439 -35.1999998092651 -261.018186807632 -32.2809256613255 -35.1999998092651 -260.844498872757 -33.5996821522713 -35.1999998092651 -270.525336265564 -34.1620035469532 -35.1999998092651 -271.05638384819 -34.1986939311028 -35.1999998092651 -271.254301071167 -32.3987789452076 -35.1999998092651 -261.20713353157 -35.8999967575073 -35.1999998092651 -274.749994277954 -34.1986939311028 -35.1999998092651 -264.745712280273 -32.6013080775738 -35.1999998092651 -264.745712280273 -32.6013080775738 -35.1999998092651 -271.254301071167 -33.0132767558098 -35.1999998092651 -270.599693059921 -33.200316131115 -35.1999998092651 -270.525336265564 -34.4012230634689 -35.1999998092651 -261.20713353157 -32.6379984617233 -35.1999998092651 -271.05638384819 -33.3999991416931 -35.1999998092651 -270.500004291534 -33.9492857456207 -35.1999998092651 -265.281617641449 -32.6379984617233 -35.1999998092651 -264.94362950325 -32.7229239046574 -35.1999998092651 -270.87390422821 -32.8507162630558 -35.1999998092651 -270.718365907669 -33.9492857456207 -35.1999998092651 -270.718365907669 -34.0770743787289 -35.1999998092651 -270.87390422821 -34.1620035469532 -35.1999998092651 -264.94362950325 -33.7867252528667 -35.1999998092651 -270.599693059921 -34.0770743787289 -35.1999998092651 -265.12610912323 -33.3999991416931 -35.1999998092651 -265.500009059906 -33.0132767558098 -35.1999998092651 -265.400320291519 -32.8507162630558 -35.1999998092651 -265.281617641449 -33.5996821522713 -35.1999998092651 -265.474677085876 -32.7229239046574 -35.1999998092651 -265.12610912323 -33.7867252528667 -35.1999998092651 -265.400320291519 -33.200316131115 -35.1999998092651 -265.474677085876 -31.4386896789074 -35.1999998092651 -375.469624996185 -30.9969410300255 -35.1999998092651 -375.118792057037 -31.9999828934669 -35.1999998092651 -375.413328409195 -39.9605855345726 -35.7359163463116 -355.014026165009 -38.4881645441055 -35.1999998092651 -404.000014066696 -38.4881645441055 -35.1999998092651 -317.999988794327 -39.9605855345726 -35.7359163463116 -279.090076684952 -38.4881645441055 -35.1999998092651 -249.274998903275 -39.9605855345726 -35.7359163463116 -241.128131747246 -38.4881645441055 -35.1999998092651 -204.516589641571 -39.9605855345726 -35.7359163463116 -205.989018082619 -39.1142144799232 -35.4278646409512 -429.147362709045 -39.6318510174751 -35.6162674725056 -428.250789642334 -39.2867065966129 -35.4906469583511 -428.950697183609 -39.4320525228977 -35.5435460805893 -428.733170032501 -39.5477600395679 -35.5856604874134 -428.498536348343 -39.9605855345726 -35.7359163463116 -427.023947238922 -38.4881645441055 -35.1999998092651 -429.587513208389 -38.6999994516373 -35.2771021425724 -429.46520447731 -39.9605855345726 -35.7359163463116 -317.052066326141 -39.9605855345726 -35.7359163463116 -392.975986003876 -39.9605855345726 -35.7359163463116 -355.014026165009 -40.1999987661839 -35.0781343877316 -392.936378717422 -39.9605855345726 -35.7359163463116 -392.975986003876 -40.1999987661839 -35.0781343877316 -241.219893097878 -39.9605855345726 -35.7359163463116 -279.090076684952 -39.9605855345726 -35.7359163463116 -241.128131747246 -40.1999987661839 -35.0781343877316 -279.149025678635 -40.1999987661839 -35.0781343877316 -206.228420138359 -39.9605855345726 -35.7359163463116 -205.989018082619 -40.1999987661839 -35.0781343877316 -426.130443811417 -39.9605855345726 -35.7359163463116 -427.023947238922 -39.9605855345726 -35.7359163463116 -317.052066326141 -40.1999987661839 -35.0781343877316 -317.078143358231 -40.1999987661839 -35.0781343877316 -355.007261037827 -38.6999994516373 -34.5321781933308 -429.46520447731 -39.6318510174751 -34.8713435232639 -428.250789642334 -38.6115908622742 -34.4999991357327 -429.51625585556 -39.4320525228977 -34.7986221313477 -428.733170032501 -39.5477600395679 -34.8407365381718 -428.498536348343 -38.6115908622742 -34.4999991357327 -392.936378717422 -40.1999987661839 -35.0781343877316 -426.130443811417 -40.1999987661839 -35.0781343877316 -392.936378717422 -39.1142144799232 -34.6829406917095 -429.147362709045 -39.2867065966129 -34.7457230091095 -428.950697183609 -38.6115908622742 -34.4999991357327 -241.219893097878 -40.1999987661839 -35.0781343877316 -206.228420138359 -38.6115908622742 -34.4999991357327 -204.64001595974 -40.1999987661839 -35.0781343877316 -241.219893097878 -40.1999987661839 -35.0781343877316 -279.149025678635 -38.6115908622742 -34.4999991357327 -279.149025678635 -40.1999987661839 -35.0781343877316 -317.078143358231 -38.6115908622742 -34.4999991357327 -317.078143358231 -38.6115908622742 -34.4999991357327 -355.007261037827 -40.1999987661839 -35.0781343877316 -355.007261037827 -36.6749987006187 -34.4999991357327 -317.999988794327 -38.6115908622742 -34.4999991357327 -355.007261037827 -38.6115908622742 -34.4999991357327 -317.078143358231 -36.6749987006187 -34.4999991357327 -249.274998903275 -38.6115908622742 -34.4999991357327 -279.149025678635 -38.6115908622742 -34.4999991357327 -241.219893097878 -25.2000000327826 -34.4999991357327 -432.500004768372 -31.1250016093254 -34.4999991357327 -404.000014066696 -25.2000000327826 -34.4999991357327 -404.000014066696 -25.2000000327826 -34.4999991357327 4.72500175237656 -31.1250016093254 -34.4999991357327 35.5000011622906 -25.2000000327826 -34.4999991357327 35.5000011622906 -31.2626957893372 -34.4999991357327 -375.392258167267 -31.1121474951506 -34.4999991357327 -375.272691249847 -25.2000000327826 -34.4999991357327 -249.274998903275 -31.1121474951506 -34.4999991357327 -260.727286338806 -31.1250016093254 -34.4999991357327 -249.274998903275 -31.1250016093254 -34.4999991357327 -317.999988794327 -31.2626957893372 -34.4999991357327 -275.392264127731 -31.1121474951506 -34.4999991357327 -275.272697210312 -31.1250016093254 -34.4999991357327 -78.0000016093254 -36.6749987006187 -34.4999991357327 -47.4404320120811 -31.1250016093254 -34.4999991357327 -47.4404320120811 -31.1121474951506 -34.4999991357327 -8.72729998081923 -31.1250016093254 -34.4999991357327 4.72500175237656 -31.1250016093254 -34.4999991357327 -32.0595689117908 -31.2626957893372 -34.4999991357327 -23.3922582119703 -31.1121474951506 -34.4999991357327 -23.2726987451315 -36.6749987006187 -34.4999991357327 4.72500175237656 -38.6115908622742 -34.4999991357327 -22.0350567251444 -38.6115908622742 -34.4999991357327 4.72500175237656 -36.556676030159 -34.4999991357327 18.84332485497 -38.6115908622742 -34.4999991357327 32.5162559747696 -35.9250009059906 -34.4999991357327 23.6413776874542 -36.556676030159 -34.4999991357327 23.156676441431 -33.4435924887657 -34.4999991357327 -432.500004768372 -36.6749987006187 -34.4999991357327 -404.000014066696 -38.6115908622742 -34.4999991357327 -429.51625585556 -36.6749987006187 -34.4999991357327 -198.940426111221 -38.4000018239021 -34.4999991357327 -204.428434371948 -38.4000018239021 -34.4999991357327 -198.940426111221 -34.400001168251 -34.4999991357327 -204.500004649162 -35.9250009059906 -34.4999991357327 -232.358619570732 -36.556676030159 -34.4999991357327 -232.843324542046 -25.2000000327826 -34.4999991357327 -189.724996685982 -29.899999499321 -34.4999991357327 -204.500004649162 -29.899999499321 -34.4999991357327 -189.724996685982 -25.2000000327826 -34.4999991357327 -78.0000016093254 -31.1121474951506 -34.4999991357327 -132.727295160294 -36.6749987006187 -34.4999991357327 -78.0000016093254 -38.4000018239021 -34.4999991357327 -79.2466476559639 -38.4000018239021 -34.4999991357327 -78.0000016093254 -38.4000018239021 -34.4999991357327 -47.4404320120811 -36.6749987006187 -34.4999991357327 -182.059571146965 -38.4000018239021 -34.4999991357327 -147.371351718903 -38.4000018239021 -34.4999991357327 -182.059571146965 -38.6115908622742 -34.4999991357327 -147.15975522995 -38.6115908622742 -34.4999991357327 -79.4582441449165 -31.1250016093254 -34.4999991357327 -181.500002741814 -31.2626957893372 -34.4999991357327 -147.392258048058 -31.1121474951506 -34.4999991357327 -147.272706031799 -35.1714342832565 -34.4999991357327 -147.499695420265 -34.9801480770111 -34.4999991357327 -147.480517625809 -31.62856772542 -34.4999991357327 -132.500305771828 -31.8198539316654 -34.4999991357327 -132.519483566284 -34.400001168251 -34.4999991357327 -181.500002741814 -35.3613123297691 -34.4999991357327 -147.469624876976 -34.4367139041424 -34.4999991357327 -146.981805562973 -31.9999828934669 -34.4999991357327 -147.413343191147 -31.8198539316654 -34.4999991357327 -147.480517625809 -34.9801480770111 -34.4999991357327 -132.519483566284 -35.1714342832565 -34.4999991357327 -132.500305771828 -34.5190726220608 -34.4999991357327 -147.15550839901 -31.4386896789074 -34.4999991357327 -147.469624876976 -31.4386896789074 -34.4999991357327 -132.530376315117 -31.2626957893372 -34.4999991357327 -132.607743144035 -32.3632843792439 -34.4999991357327 -133.01819562912 -34.8000191152096 -34.4999991357327 -132.586658000946 -35.3613123297691 -34.4999991357327 -132.530376315117 -35.5373062193394 -34.4999991357327 -132.607743144035 -35.6878526508808 -34.4999991357327 -147.272706031799 -35.5373062193394 -34.4999991357327 -147.392258048058 -34.8000191152096 -34.4999991357327 -147.413343191147 -34.6428863704205 -34.4999991357327 -147.302582859993 -32.2809256613255 -34.4999991357327 -147.15550839901 -32.1571119129658 -34.4999991357327 -147.302582859993 -31.9999828934669 -34.4999991357327 -132.586658000946 -32.1571119129658 -34.4999991357327 -132.6974183321 -35.803060978651 -34.4999991357327 -147.118791937828 -35.8753576874733 -34.4999991357327 -146.940663456917 -31.62856772542 -34.4999991357327 -147.499695420265 -32.3632843792439 -34.4999991357327 -146.981805562973 -32.2809256613255 -34.4999991357327 -132.844492793083 -35.803060978651 -34.4999991357327 -132.881209254265 -35.8753576874733 -34.4999991357327 -133.059337735176 -35.6878526508808 -34.4999991357327 -132.727295160294 -34.400001168251 -34.4999991357327 -182.059571146965 -35.8999967575073 -34.4999991357327 -133.249998092651 -35.8999967575073 -34.4999991357327 -146.750003099442 -32.3987789452076 -34.4999991357327 -146.792858839035 -32.3987789452076 -34.4999991357327 -133.207142353058 -34.4012230634689 -34.4999991357327 -133.207142353058 -34.4367139041424 -34.4999991357327 -133.01819562912 -34.4012230634689 -34.4999991357327 -146.792858839035 -32.6013080775738 -34.4999991357327 -143.254294991493 -34.5190726220608 -34.4999991357327 -132.844492793083 -32.6013080775738 -34.4999991357327 -136.7457062006 -34.1620035469532 -34.4999991357327 -136.943623423576 -34.1986939311028 -34.4999991357327 -136.7457062006 -34.6428863704205 -34.4999991357327 -132.6974183321 -34.1620035469532 -34.4999991357327 -143.056377768517 -32.6379984617233 -34.4999991357327 -143.056377768517 -34.1986939311028 -34.4999991357327 -143.254294991493 -33.5996821522713 -34.4999991357327 -137.474671006203 -34.0770743787289 -34.4999991357327 -137.126103043556 -33.7867252528667 -34.4999991357327 -142.599686980247 -32.7229239046574 -34.4999991357327 -142.873898148537 -33.0132767558098 -34.4999991357327 -137.400314211845 -33.200316131115 -34.4999991357327 -137.474671006203 -33.9492857456207 -34.4999991357327 -142.718374729156 -32.6379984617233 -34.4999991357327 -136.943623423576 -32.7229239046574 -34.4999991357327 -137.126103043556 -33.3999991416931 -34.4999991357327 -137.500002980232 -34.0770743787289 -34.4999991357327 -142.873898148537 -33.0132767558098 -34.4999991357327 -142.599686980247 -32.8507162630558 -34.4999991357327 -142.718374729156 -32.8507162630558 -34.4999991357327 -137.281626462936 -33.9492857456207 -34.4999991357327 -137.281626462936 -33.200316131115 -34.4999991357327 -142.52533018589 -33.7867252528667 -34.4999991357327 -137.400314211845 -33.3999991416931 -34.4999991357327 -142.499998211861 -33.5996821522713 -34.4999991357327 -142.52533018589 -29.899999499321 -34.4999991357327 -181.500002741814 -30.9969410300255 -34.4999991357327 -147.118791937828 -30.9246424585581 -34.4999991357327 -133.059337735176 -30.9969410300255 -34.4999991357327 -132.881209254265 -30.9000033885241 -34.4999991357327 -133.249998092651 -30.9000033885241 -34.4999991357327 -146.750003099442 -30.9246424585581 -34.4999991357327 -146.940663456917 -31.1250016093254 -34.4999991357327 -204.500004649162 -34.400001168251 -34.4999991357327 -198.940426111221 -35.9250009059906 -34.4999991357327 -237.641379237175 -35.1893976330757 -34.4999991357327 -237.946078181267 -36.556676030159 -34.4999991357327 -237.156674265862 -32.8750014305115 -34.4999991357327 -232.358619570732 -33.6106009781361 -34.4999991357327 -232.05392062664 -34.400001168251 -34.4999991357327 -238.049998879433 -33.6106009781361 -34.4999991357327 -237.946078181267 -34.400001168251 -34.4999991357327 -231.949999928474 -35.1893976330757 -34.4999991357327 -232.05392062664 -31.7586213350296 -34.4999991357327 -236.524999141693 -31.4539261162281 -34.4999991357327 -235.789403319359 -32.2433225810528 -34.4999991357327 -237.156674265862 -31.3500016927719 -34.4999991357327 -234.999999403954 -31.4539261162281 -34.4999991357327 -234.210595488548 -32.8750014305115 -34.4999991357327 -237.641379237175 -31.7586213350296 -34.4999991357327 -233.474999666214 -32.2433225810528 -34.4999991357327 -232.843324542046 -37.0413772761822 -34.4999991357327 -236.524999141693 -38.6115908622742 -34.4999991357327 -204.64001595974 -37.0413772761822 -34.4999991357327 -233.474999666214 -37.3460724949837 -34.4999991357327 -234.210595488548 -37.4500006437302 -34.4999991357327 -234.999999403954 -37.3460724949837 -34.4999991357327 -235.789403319359 -38.6115908622742 -34.4999991357327 -392.936378717422 -31.1250016093254 -34.4999991357327 -432.500004768372 -32.8750014305115 -34.4999991357327 18.3586217463017 -32.2433225810528 -34.4999991357327 18.84332485497 -34.400001168251 -34.4999991357327 17.9500002413988 -33.6106009781361 -34.4999991357327 18.0539265275002 -31.7586213350296 -34.4999991357327 19.4749999791384 -31.4539261162281 -34.4999991357327 20.2106013894081 -35.9250009059906 -34.4999991357327 18.3586217463017 -35.1893976330757 -34.4999991357327 18.0539265275002 -32.2433225810528 -34.4999991357327 23.156676441431 -32.8750014305115 -34.4999991357327 23.6413776874542 -31.4539261162281 -34.4999991357327 21.7893980443478 -31.7586213350296 -34.4999991357327 22.5249994546175 -35.1893976330757 -34.4999991357327 23.9460729062557 -31.3500016927719 -34.4999991357327 20.9999997168779 -33.6106009781361 -34.4999991357327 23.9460729062557 -31.300000846386 -34.4999991357327 35.5000011622906 -34.400001168251 -34.4999991357327 24.0499991923571 -35.300001502037 -34.4999991357327 34.4282016158104 -34.0361595153809 -34.4999991357327 35.0175425410271 -32.6891839504242 -34.4999991357327 35.3784635663033 -37.4500006437302 -34.4999991357327 20.9999997168779 -37.3460724949837 -34.4999991357327 20.2106013894081 -37.3460724949837 -34.4999991357327 21.7893980443478 -37.0413772761822 -34.4999991357327 19.4749999791384 -37.0413772761822 -34.4999991357327 22.5249994546175 -36.6749987006187 -34.4999991357327 -32.0595689117908 -38.4000018239021 -34.4999991357327 -22.2466494888067 -38.4000018239021 -34.4999991357327 -32.0595689117908 -35.1714342832565 -34.4999991357327 -8.50030314177275 -31.4386896789074 -34.4999991357327 -8.53038113564253 -31.62856772542 -34.4999991357327 -8.50030314177275 -34.9801480770111 -34.4999991357327 -23.4805177897215 -31.2626957893372 -34.4999991357327 -8.60774144530296 -34.6428863704205 -34.4999991357327 -8.69742035865784 -34.8000191152096 -34.4999991357327 -8.58665909618139 -35.3613123297691 -34.4999991357327 -8.53038113564253 -35.5373062193394 -34.4999991357327 -8.60774144530296 -34.5190726220608 -34.4999991357327 -23.1555122882128 -31.9999828934669 -34.4999991357327 -23.4133396297693 -31.8198539316654 -34.4999991357327 -23.4805177897215 -31.8198539316654 -34.4999991357327 -8.51948279887438 -31.9999828934669 -34.4999991357327 -8.58665909618139 -34.9801480770111 -34.4999991357327 -8.51948279887438 -35.6878526508808 -34.4999991357327 -23.2726987451315 -35.5373062193394 -34.4999991357327 -23.3922582119703 -31.4386896789074 -34.4999991357327 -23.4696194529533 -32.2809256613255 -34.4999991357327 -8.84448830038309 -34.4367139041424 -34.4999991357327 -9.01819951832294 -34.5190726220608 -34.4999991357327 -8.84448830038309 -35.8753576874733 -34.4999991357327 -22.9406636208296 -35.803060978651 -34.4999991357327 -23.1187976896763 -35.3613123297691 -34.4999991357327 -23.4696194529533 -34.8000191152096 -34.4999991357327 -23.4133396297693 -34.6428863704205 -34.4999991357327 -23.3025792986155 -32.2809256613255 -34.4999991357327 -23.1555122882128 -32.1571119129658 -34.4999991357327 -23.3025792986155 -31.62856772542 -34.4999991357327 -23.4996974468231 -32.1571119129658 -34.4999991357327 -8.69742035865784 -35.6878526508808 -34.4999991357327 -8.72729998081923 -35.1714342832565 -34.4999991357327 -23.4996974468231 -34.4367139041424 -34.4999991357327 -22.9818001389503 -32.3632843792439 -34.4999991357327 -22.9818001389503 -32.3987789452076 -34.4999991357327 -9.20714065432549 -34.4012230634689 -34.4999991357327 -9.20714065432549 -35.803060978651 -34.4999991357327 -8.88120289891958 -35.8753576874733 -34.4999991357327 -9.05933603644371 -32.3632843792439 -34.4999991357327 -9.01819951832294 -35.8999967575073 -34.4999991357327 -22.7500032633543 -32.3987789452076 -34.4999991357327 -22.7928590029478 -33.200316131115 -34.4999991357327 -18.5253228992224 -32.6379984617233 -34.4999991357327 -19.0563797950745 -32.6013080775738 -34.4999991357327 -19.2542895674706 -32.6013080775738 -34.4999991357327 -12.7457110211253 -34.1620035469532 -34.4999991357327 -12.9436207935214 -34.1986939311028 -34.4999991357327 -12.7457110211253 -35.8999967575073 -34.4999991357327 -9.24999639391899 -34.4012230634689 -34.4999991357327 -22.7928590029478 -34.1986939311028 -34.4999991357327 -19.2542895674706 -34.0770743787289 -34.4999991357327 -13.1261078640819 -33.7867252528667 -34.4999991357327 -18.5996852815151 -33.5996821522713 -34.4999991357327 -18.5253228992224 -32.7229239046574 -34.4999991357327 -13.1261078640819 -33.200316131115 -34.4999991357327 -13.4746767580509 -33.3999991416931 -34.4999991357327 -13.4999984875321 -34.1620035469532 -34.4999991357327 -19.0563797950745 -34.0770743787289 -34.4999991357327 -18.873892724514 -33.3999991416931 -34.4999991357327 -18.5000021010637 -32.6379984617233 -34.4999991357327 -12.9436207935214 -33.9492857456207 -34.4999991357327 -13.2816210389137 -33.9492857456207 -34.4999991357327 -18.7183786183596 -32.8507162630558 -34.4999991357327 -18.7183786183596 -32.7229239046574 -34.4999991357327 -18.873892724514 -32.8507162630558 -34.4999991357327 -13.2816210389137 -33.0132767558098 -34.4999991357327 -13.4003153070807 -33.5996821522713 -34.4999991357327 -13.4746767580509 -33.0132767558098 -34.4999991357327 -18.5996852815151 -33.7867252528667 -34.4999991357327 -13.4003153070807 -29.899999499321 -34.4999991357327 -47.4404320120811 -29.899999499321 -34.4999991357327 -32.0595689117908 -30.9969410300255 -34.4999991357327 -23.1187976896763 -30.9969410300255 -34.4999991357327 -8.88120289891958 -30.9246424585581 -34.4999991357327 -9.05933603644371 -30.9246424585581 -34.4999991357327 -22.9406636208296 -30.9000033885241 -34.4999991357327 -9.24999639391899 -30.9000033885241 -34.4999991357327 -22.7500032633543 -31.8198539316654 -34.4999991357327 -275.480508804321 -31.62856772542 -34.4999991357327 -275.499701499939 -35.3613123297691 -34.4999991357327 -275.46963095665 -35.1714342832565 -34.4999991357327 -275.499701499939 -31.4386896789074 -34.4999991357327 -275.46963095665 -31.8198539316654 -34.4999991357327 -260.519474744797 -31.9999828934669 -34.4999991357327 -260.586649179459 -34.9801480770111 -34.4999991357327 -275.480508804321 -34.8000191152096 -34.4999991357327 -275.413334369659 -31.2626957893372 -34.4999991357327 -260.607749223709 -34.9801480770111 -34.4999991357327 -260.519474744797 -35.1714342832565 -34.4999991357327 -260.500311851501 -34.4367139041424 -34.4999991357327 -274.981796741486 -32.1571119129658 -34.4999991357327 -275.302588939667 -31.9999828934669 -34.4999991357327 -275.413334369659 -31.4386896789074 -34.4999991357327 -260.530382394791 -34.6428863704205 -34.4999991357327 -260.697424411774 -34.8000191152096 -34.4999991357327 -260.586649179459 -35.3613123297691 -34.4999991357327 -260.530382394791 -31.62856772542 -34.4999991357327 -260.500311851501 -32.3987789452076 -34.4999991357327 -261.20713353157 -34.4012230634689 -34.4999991357327 -261.20713353157 -34.4367139041424 -34.4999991357327 -261.018186807632 -35.6878526508808 -34.4999991357327 -260.727286338806 -35.803060978651 -34.4999991357327 -260.881215333939 -34.5190726220608 -34.4999991357327 -275.155514478683 -34.6428863704205 -34.4999991357327 -275.302588939667 -32.2809256613255 -34.4999991357327 -275.155514478683 -32.1571119129658 -34.4999991357327 -260.697424411774 -32.2809256613255 -34.4999991357327 -260.844498872757 -34.5190726220608 -34.4999991357327 -260.844498872757 -35.5373062193394 -34.4999991357327 -260.607749223709 -32.3987789452076 -34.4999991357327 -274.792850017548 -32.3632843792439 -34.4999991357327 -274.981796741486 -32.3632843792439 -34.4999991357327 -261.018186807632 -35.5373062193394 -34.4999991357327 -275.392264127731 -34.1986939311028 -34.4999991357327 -271.254301071167 -32.6379984617233 -34.4999991357327 -271.05638384819 -32.6013080775738 -34.4999991357327 -271.254301071167 -35.8753576874733 -34.4999991357327 -261.05934381485 -35.6878526508808 -34.4999991357327 -275.272697210312 -35.803060978651 -34.4999991357327 -275.118798017502 -34.4012230634689 -34.4999991357327 -274.792850017548 -32.6013080775738 -34.4999991357327 -264.745712280273 -34.1620035469532 -34.4999991357327 -264.94362950325 -34.1986939311028 -34.4999991357327 -264.745712280273 -35.8999967575073 -34.4999991357327 -274.749994277954 -35.8753576874733 -34.4999991357327 -274.940669536591 -35.8999967575073 -34.4999991357327 -261.249989271164 -33.3999991416931 -34.4999991357327 -270.500004291534 -33.200316131115 -34.4999991357327 -270.525336265564 -32.8507162630558 -34.4999991357327 -265.281617641449 -34.0770743787289 -34.4999991357327 -265.12610912323 -33.7867252528667 -34.4999991357327 -270.599693059921 -33.5996821522713 -34.4999991357327 -270.525336265564 -33.0132767558098 -34.4999991357327 -270.599693059921 -32.8507162630558 -34.4999991357327 -270.718365907669 -32.7229239046574 -34.4999991357327 -265.12610912323 -33.9492857456207 -34.4999991357327 -270.718365907669 -34.1620035469532 -34.4999991357327 -271.05638384819 -34.0770743787289 -34.4999991357327 -270.87390422821 -32.7229239046574 -34.4999991357327 -270.87390422821 -32.6379984617233 -34.4999991357327 -264.94362950325 -33.5996821522713 -34.4999991357327 -265.474677085876 -33.7867252528667 -34.4999991357327 -265.400320291519 -33.3999991416931 -34.4999991357327 -265.500009059906 -33.0132767558098 -34.4999991357327 -265.400320291519 -33.200316131115 -34.4999991357327 -265.474677085876 -33.9492857456207 -34.4999991357327 -265.281617641449 -25.2000000327826 -34.4999991357327 -317.999988794327 -30.9969410300255 -34.4999991357327 -275.118798017502 -30.9969410300255 -34.4999991357327 -260.881215333939 -30.9246424585581 -34.4999991357327 -261.05934381485 -30.9246424585581 -34.4999991357327 -274.940669536591 -30.9000033885241 -34.4999991357327 -261.249989271164 -30.9000033885241 -34.4999991357327 -274.749994277954 -35.3613123297691 -34.4999991357327 -375.469624996185 -35.1714342832565 -34.4999991357327 -375.499695539474 -31.62856772542 -34.4999991357327 -375.499695539474 -31.2626957893372 -34.4999991357327 -360.607743263245 -35.1714342832565 -34.4999991357327 -360.500305891037 -35.3613123297691 -34.4999991357327 -360.530376434326 -34.4367139041424 -34.4999991357327 -374.981790781021 -32.1571119129658 -34.4999991357327 -375.302582979202 -31.9999828934669 -34.4999991357327 -375.413328409195 -31.4386896789074 -34.4999991357327 -375.469624996185 -31.1121474951506 -34.4999991357327 -360.727310180664 -31.8198539316654 -34.4999991357327 -360.519468784332 -31.9999828934669 -34.4999991357327 -360.586673021317 -31.4386896789074 -34.4999991357327 -360.530376434326 -31.62856772542 -34.4999991357327 -360.500305891037 -34.6428863704205 -34.4999991357327 -360.697418451309 -34.8000191152096 -34.4999991357327 -360.586673021317 -35.6878526508808 -34.4999991357327 -375.272691249847 -35.5373062193394 -34.4999991357327 -375.392258167267 -34.9801480770111 -34.4999991357327 -375.480502843857 -34.8000191152096 -34.4999991357327 -375.413328409195 -31.8198539316654 -34.4999991357327 -375.480502843857 -32.3987789452076 -34.4999991357327 -361.207127571106 -34.4012230634689 -34.4999991357327 -361.207127571106 -34.4367139041424 -34.4999991357327 -361.01821064949 -34.9801480770111 -34.4999991357327 -360.519468784332 -35.5373062193394 -34.4999991357327 -360.607743263245 -35.6878526508808 -34.4999991357327 -360.727310180664 -34.5190726220608 -34.4999991357327 -375.155508518219 -32.1571119129658 -34.4999991357327 -360.697418451309 -32.2809256613255 -34.4999991357327 -360.844492912292 -34.5190726220608 -34.4999991357327 -360.844492912292 -34.6428863704205 -34.4999991357327 -375.302582979202 -32.2809256613255 -34.4999991357327 -375.155508518219 -32.3632843792439 -34.4999991357327 -361.01821064949 -35.8999967575073 -34.4999991357327 -374.750018119812 -35.8753576874733 -34.4999991357327 -374.940663576126 -35.803060978651 -34.4999991357327 -375.118792057037 -32.3987789452076 -34.4999991357327 -374.792873859406 -32.3632843792439 -34.4999991357327 -374.981790781021 -35.8753576874733 -34.4999991357327 -361.059337854385 -35.8999967575073 -34.4999991357327 -361.249983310699 -35.803060978651 -34.4999991357327 -360.881209373474 -34.4012230634689 -34.4999991357327 -374.792873859406 -32.6013080775738 -34.4999991357327 -371.254295110703 -32.6013080775738 -34.4999991357327 -364.745706319809 -34.1620035469532 -34.4999991357327 -364.943623542786 -34.1986939311028 -34.4999991357327 -364.745706319809 -32.8507162630558 -34.4999991357327 -370.718389749527 -32.6379984617233 -34.4999991357327 -371.056377887726 -34.0770743787289 -34.4999991357327 -365.126103162766 -33.7867252528667 -34.4999991357327 -370.599687099457 -33.5996821522713 -34.4999991357327 -370.525330305099 -34.1986939311028 -34.4999991357327 -371.254295110703 -33.3999991416931 -34.4999991357327 -365.500003099442 -33.7867252528667 -34.4999991357327 -365.400314331055 -33.9492857456207 -34.4999991357327 -365.281611680984 -34.1620035469532 -34.4999991357327 -371.056377887726 -33.3999991416931 -34.4999991357327 -370.49999833107 -33.200316131115 -34.4999991357327 -370.525330305099 -32.8507162630558 -34.4999991357327 -365.281611680984 -33.0132767558098 -34.4999991357327 -365.400314331055 -34.0770743787289 -34.4999991357327 -370.873898267746 -33.9492857456207 -34.4999991357327 -370.718389749527 -33.0132767558098 -34.4999991357327 -370.599687099457 -32.7229239046574 -34.4999991357327 -365.126103162766 -33.200316131115 -34.4999991357327 -365.474671125412 -32.7229239046574 -34.4999991357327 -370.873898267746 -32.6379984617233 -34.4999991357327 -364.943623542786 -33.5996821522713 -34.4999991357327 -365.474671125412 -30.9969410300255 -34.4999991357327 -375.118792057037 -30.9969410300255 -34.4999991357327 -360.881209373474 -30.9000033885241 -34.4999991357327 -361.249983310699 -30.9246424585581 -34.4999991357327 -361.059337854385 -30.9246424585581 -34.4999991357327 -374.940663576126 -30.9000033885241 -34.4999991357327 -374.750018119812 -8.20000004023314 -35.1499989628792 37.0000004768372 -9.60000045597553 -35.1499989628792 -453.20001244545 -8.20000004023314 -35.1499989628792 -453.20001244545 -9.60000045597553 -35.1499989628792 37.0000004768372 -9.60000045597553 -35.1499989628792 -453.20001244545 -9.60000045597553 -7.30000017210841 37.0000004768372 -9.60000045597553 -7.30000017210841 -453.20001244545 -9.60000045597553 -35.1499989628792 37.0000004768372 -24.4999993592501 -7.30000017210841 37.0000004768372 -18.6000000685453 -7.30000017210841 -442.00000166893 -9.60000045597553 -7.30000017210841 37.0000004768372 -9.60000045597553 -7.30000017210841 -453.20001244545 -24.4999993592501 -7.30000017210841 -442.00000166893 -18.6000000685453 -7.30000017210841 -453.20001244545 -24.4999993592501 -32.2999991476536 -432.500004768372 -24.4999993592501 -7.30000017210841 -442.00000166893 -24.4999993592501 -18.1000009179115 35.5000011622906 -24.4999993592501 -34.4999991357327 35.5000011622906 -24.4999993592501 -7.30000017210841 37.0000004768372 -24.4999993592501 -18.1000009179115 37.0000004768372 -24.4999993592501 -32.2999991476536 -442.00000166893 -24.4999993592501 -34.4999991357327 -432.500004768372 -19.8749992996454 138.417467474937 37.0000004768372 -20.1764758676291 12.7074075862765 37.0000004768372 -19.8749992996454 12.5825321301818 37.0000004768372 -19.6161158382893 138.616114854813 37.0000004768372 -19.4174684584141 138.874992728233 37.0000004768372 -19.2925930023193 139.176473021507 37.0000004768372 -12.9000591114163 148.837730288506 37.0000004768372 -19.2499998956919 139.500007033348 37.0000004768372 -19.2925930023193 11.8235237896442 37.0000004768372 -9.60000045597553 -7.30000017210841 37.0000004768372 -19.4174684584141 12.1250003576279 37.0000004768372 -19.6161158382893 12.383883818984 37.0000004768372 -21.5825326740742 12.1250003576279 37.0000004768372 -27.8999991714954 148.800000548363 37.0000004768372 -21.7074081301689 11.8235237896442 37.0000004768372 -21.7499993741512 11.5000000223517 37.0000004768372 -24.4999993592501 -7.30000017210841 37.0000004768372 -21.7074081301689 11.1764762550592 37.0000004768372 -21.5825326740742 10.8749996870756 37.0000004768372 -19.2499998956919 11.5000000223517 37.0000004768372 -21.3838834315538 12.383883818984 37.0000004768372 -21.1249999701977 12.5825321301818 37.0000004768372 -20.5000005662441 138.24999332428 37.0000004768372 -20.8235234022141 138.292595744133 37.0000004768372 -20.5000005662441 12.7499997615814 37.0000004768372 -20.8235234022141 12.7074075862765 37.0000004768372 -27.0847007632256 149.862512946129 37.0000004768372 -21.5825326740742 138.874992728233 37.0000004768372 -26.7999991774559 149.900004267693 37.0000004768372 -21.7074081301689 139.823526144028 37.0000004768372 -21.5825326740742 140.125006437302 37.0000004768372 -20.8235234022141 140.707403421402 37.0000004768372 -21.1249999701977 140.582531690598 37.0000004768372 -19.8749992996454 140.582531690598 37.0000004768372 -13.7207917869091 149.864122271538 37.0000004768372 -13.9994118362665 149.900004267693 37.0000004768372 -20.1764758676291 138.292595744133 37.0000004768372 -27.3499991744757 149.752631783485 37.0000004768372 -21.7074081301689 139.176473021507 37.0000004768372 -21.7499993741512 139.500007033348 37.0000004768372 -21.3838834315538 140.383884310722 37.0000004768372 -20.5000005662441 140.750005841255 37.0000004768372 -20.1764758676291 140.707403421402 37.0000004768372 -13.0596132948995 149.371638894081 37.0000004768372 -13.2350521162152 149.591043591499 37.0000004768372 -19.4174684584141 140.125006437302 37.0000004768372 -19.6161158382893 140.383884310722 37.0000004768372 -27.577817440033 149.577811360359 37.0000004768372 -20.1764758676291 10.292592458427 37.0000004768372 -7.87500012665987 -42.0129150152206 37.0000004768372 -7.55000021308661 -42.1000011265278 37.0000004768372 -8.00961907953024 -41.9096201658249 37.0000004768372 -19.2925930023193 139.823526144028 37.0000004768372 -21.3838834315538 10.6161162257195 37.0000004768372 -21.1249999701977 10.4174679145217 37.0000004768372 -20.8235234022141 10.292592458427 37.0000004768372 -20.5000005662441 10.2500002831221 37.0000004768372 -19.8749992996454 10.4174679145217 37.0000004768372 -19.6161158382893 10.6161162257195 37.0000004768372 -19.4174684584141 10.8749996870756 37.0000004768372 -27.4500008672476 -17.9794225841761 37.0000004768372 -27.6363957673311 -17.8363956511021 37.0000004768372 -27.7794227004051 -17.6500007510185 37.0000004768372 -27.8693325817585 -17.4329373985529 37.0000004768372 -8.11291672289371 -41.7749993503094 37.0000004768372 -8.17785132676363 -41.6182316839695 37.0000004768372 -8.20000004023314 -41.4500012993813 37.0000004768372 -19.2925930023193 11.1764762550592 37.0000004768372 -27.232937514782 -18.0693324655294 37.0000004768372 -27.8999991714954 -17.2000005841255 37.0000004768372 -6.92214816808701 -41.6182316839695 37.0000004768372 -6.9870837032795 -41.7749993503094 37.0000004768372 -7.0903804153204 -41.9096201658249 37.0000004768372 -7.22499983385205 -42.0129150152206 37.0000004768372 -7.38176750019193 -42.0778505504131 37.0000004768372 -6.89999992027879 -25.9577222168446 37.0000004768372 -9.60000045597553 -35.1499989628792 37.0000004768372 -8.20000004023314 -35.1499989628792 37.0000004768372 -21.1249999701977 138.417467474937 37.0000004768372 -7.71823246032 -42.0778505504131 37.0000004768372 -27.0000007003546 -18.1000009179115 37.0000004768372 -6.89999992027879 -41.4500012993813 37.0000004768372 -24.4999993592501 -18.1000009179115 37.0000004768372 -12.9454666748643 149.114966392517 37.0000004768372 -13.460342772305 149.758860468864 37.0000004768372 -27.7526285499334 149.350002408028 37.0000004768372 -27.8625190258026 149.084702134132 37.0000004768372 -21.3838834315538 138.616114854813 37.0000004768372 -25.2000000327826 -32.2999991476536 -432.500004768372 -24.4999993592501 -32.2999991476536 -442.00000166893 -24.4999993592501 -32.2999991476536 -432.500004768372 -25.2000000327826 -32.2999991476536 -442.00000166893 -25.2000000327826 -6.59999996423721 -442.00000166893 -18.6000000685453 -6.59999996423721 -437.000006437302 -18.6000000685453 -6.59999996423721 -442.00000166893 -25.2000000327826 -6.59999996423721 -437.000006437302 -24.4999993592501 -7.30000017210841 -442.00000166893 -25.2000000327826 -32.2999991476536 -442.00000166893 -25.2000000327826 -6.59999996423721 -442.00000166893 -18.6000000685453 -6.59999996423721 -442.00000166893 -18.6000000685453 -7.30000017210841 -442.00000166893 -24.4999993592501 -32.2999991476536 -442.00000166893 -31.1250016093254 -34.4999991357327 -432.500004768372 -26.6746785491705 -35.1999998092651 -432.500004768372 -33.4435924887657 -35.1999998092651 -432.500004768372 -25.2000000327826 -34.4999991357327 -432.500004768372 -25.0592343509197 -35.5146043002605 -432.500004768372 -25.3323148936033 -35.6422811746597 -432.500004768372 -25.9293876588345 -35.6778725981712 -432.500004768372 -25.6285984069109 -35.6978736817837 -432.500004768372 -24.8265918344259 -35.3228971362114 -432.500004768372 -24.649066850543 -35.0792594254017 -432.500004768372 -24.4999993592501 -32.2999991476536 -432.500004768372 -24.4999993592501 -34.4999991357327 -432.500004768372 -26.4694690704346 -35.4208238422871 -432.500004768372 -26.2157004326582 -35.5835370719433 -432.500004768372 -24.5378650724888 -34.7990654408932 -432.500004768372 -33.4435924887657 -34.4999991357327 -432.500004768372 -25.2000000327826 -32.2999991476536 -432.500004768372 -38.6999994516373 -34.5321781933308 -429.46520447731 -38.4881645441055 -35.1999998092651 -429.587513208389 -38.6999994516373 -35.2771021425724 -429.46520447731 -33.4435924887657 -34.4999991357327 -432.500004768372 -37.9690825939178 -35.1999998092651 -429.88720536232 -38.6115908622742 -34.4999991357327 -429.51625585556 -33.4435924887657 -35.1999998092651 -432.500004768372 -39.5477600395679 -34.8407365381718 -428.498536348343 -39.4320525228977 -35.5435460805893 -428.733170032501 -39.5477600395679 -35.5856604874134 -428.498536348343 -39.2867065966129 -34.7457230091095 -428.950697183609 -39.2867065966129 -35.4906469583511 -428.950697183609 -39.4320525228977 -34.7986221313477 -428.733170032501 -39.6318510174751 -34.8713435232639 -428.250789642334 -39.6318510174751 -35.6162674725056 -428.250789642334 -39.1142144799232 -35.4278646409512 -429.147362709045 -38.6999994516373 -35.2771021425724 -429.46520447731 -39.1142144799232 -34.6829406917095 -429.147362709045 -38.6999994516373 -34.5321781933308 -429.46520447731 -39.6318510174751 -34.8713435232639 -428.250789642334 -39.9605855345726 -35.7359163463116 -427.023947238922 -40.1999987661839 -35.0781343877316 -426.130443811417 -39.6318510174751 -35.6162674725056 -428.250789642334 -39.6318510174751 -34.8713435232639 31.2508009374142 -39.9605855345726 -35.7359163463116 30.0239473581314 -39.6318510174751 -35.6162674725056 31.2508009374142 -40.1999987661839 -35.0781343877316 29.1304402053356 -39.5477600395679 -34.8407365381718 31.4985290169716 -39.4320525228977 -35.5435460805893 31.7331627011299 -39.4320525228977 -34.7986221313477 31.7331627011299 -39.1142144799232 -34.6829406917095 32.1473740041256 -38.6999994516373 -35.2771021425724 32.4652120471001 -38.6999994516373 -34.5321781933308 32.4652120471001 -39.2867065966129 -34.7457230091095 31.9506861269474 -39.2867065966129 -35.4906469583511 31.9506861269474 -39.1142144799232 -35.4278646409512 32.1473740041256 -39.6318510174751 -34.8713435232639 31.2508009374142 -39.5477600395679 -35.5856604874134 31.4985290169716 -39.6318510174751 -35.6162674725056 31.2508009374142 -37.9690825939178 -35.1999998092651 32.8872092068195 -35.300001502037 -34.4999991357327 34.4282016158104 -38.6115908622742 -34.4999991357327 32.5162559747696 -38.6999994516373 -34.5321781933308 32.4652120471001 -38.4881645441055 -35.1999998092651 32.5875170528889 -38.6999994516373 -35.2771021425724 32.4652120471001 -35.300001502037 -35.1999998092651 34.4282016158104 -34.0361595153809 -34.4999991357327 35.0175425410271 -32.6891839504242 -35.1999998092651 35.3784635663033 -32.6891839504242 -34.4999991357327 35.3784635663033 -35.300001502037 -34.4999991357327 34.4282016158104 -34.0361595153809 -35.1999998092651 35.0175425410271 -31.300000846386 -35.1999998092651 35.5000011622906 -35.300001502037 -35.1999998092651 34.4282016158104 -31.300000846386 -34.4999991357327 35.5000011622906 -25.2000000327826 -24.5050005614758 -430.559992790222 -25.4999995231628 -24.5050005614758 -421.440005302429 -25.2000000327826 -24.5050005614758 -421.440005302429 -25.4999995231628 -24.5050005614758 -430.559992790222 -25.4999995231628 -24.5050005614758 -430.559992790222 -25.2000000327826 -28.4950006753206 -430.559992790222 -25.4999995231628 -28.4950006753206 -430.559992790222 -25.2000000327826 -24.5050005614758 -430.559992790222 -25.2000000327826 -28.4950006753206 -430.559992790222 -25.4999995231628 -28.4950006753206 -421.440005302429 -25.4999995231628 -28.4950006753206 -430.559992790222 -25.2000000327826 -28.4950006753206 -421.440005302429 -25.2000000327826 -24.5050005614758 -421.440005302429 -25.4999995231628 -28.4950006753206 -421.440005302429 -25.2000000327826 -28.4950006753206 -421.440005302429 -25.4999995231628 -24.5050005614758 -421.440005302429 -25.4999995231628 -28.4950006753206 -421.440005302429 -25.4999995231628 -24.5050005614758 -430.559992790222 -25.4999995231628 -28.4950006753206 -430.559992790222 -25.4999995231628 -24.5050005614758 -421.440005302429 -25.2000000327826 -24.5050005614758 19.3499997258186 -25.4999995231628 -28.4950006753206 19.3499997258186 -25.2000000327826 -28.4950006753206 19.3499997258186 -25.4999995231628 -24.5050005614758 19.3499997258186 -25.4999995231628 -24.5050005614758 19.3499997258186 -25.2000000327826 -24.5050005614758 10.3500001132488 -25.4999995231628 -24.5050005614758 10.3500001132488 -25.2000000327826 -24.5050005614758 19.3499997258186 -25.4999995231628 -28.4950006753206 10.3500001132488 -25.2000000327826 -24.5050005614758 10.3500001132488 -25.2000000327826 -28.4950006753206 10.3500001132488 -25.4999995231628 -24.5050005614758 10.3500001132488 -25.2000000327826 -28.4950006753206 19.3499997258186 -25.4999995231628 -28.4950006753206 10.3500001132488 -25.2000000327826 -28.4950006753206 10.3500001132488 -25.4999995231628 -28.4950006753206 19.3499997258186 -25.4999995231628 -24.5050005614758 19.3499997258186 -25.4999995231628 -28.4950006753206 10.3500001132488 -25.4999995231628 -28.4950006753206 19.3499997258186 -25.4999995231628 -24.5050005614758 10.3500001132488 -38.4000018239021 -35.1999998092651 -47.7668456733227 -38.4000018239021 -35.5999991297722 -46.5174205601215 -38.4000018239021 -34.4999991357327 -47.4404320120811 -38.4000018239021 -34.4999991357327 -22.2466494888067 -38.4000018239021 -35.1999998092651 -31.7331552505493 -38.4000018239021 -35.1999998092651 -22.2466494888067 -38.4000018239021 -35.5999991297722 -32.9825803637505 -38.4000018239021 -36.2999998033047 -32.6561629772186 -38.4000018239021 -35.1999998092651 -79.2466476559639 -38.4000018239021 -34.4999991357327 -78.0000016093254 -38.4000018239021 -34.4999991357327 -79.2466476559639 -38.4000018239021 -34.4999991357327 -32.0595689117908 -38.4000018239021 -36.2999998033047 -46.8438379466534 -38.6115908622742 -34.4999991357327 -22.0350567251444 -39.9605855345726 -35.7359163463116 -20.6860639154911 -40.1999987661839 -35.0781343877316 -20.4466488212347 -38.4881645441055 -35.1999998092651 -22.1584867686033 -38.4000018239021 -34.4999991357327 -22.2466494888067 -38.4000018239021 -35.1999998092651 -22.2466494888067 -39.9605855345726 -35.7359163463116 -80.807238817215 -38.6115908622742 -34.4999991357327 -79.4582441449165 -40.1999987661839 -35.0781343877316 -81.0466483235359 -38.4881645441055 -35.1999998092651 -79.3348103761673 -38.4000018239021 -34.4999991357327 -79.2466476559639 -38.4000018239021 -35.1999998092651 -79.2466476559639 -34.400001168251 -34.4999991357327 -204.500004649162 -34.400001168251 -35.1999998092651 -199.266850948334 -34.400001168251 -35.1999998092651 -204.500004649162 -34.400001168251 -35.5999991297722 -198.017418384552 -34.400001168251 -36.2999998033047 -198.343843221664 -34.400001168251 -36.2999998033047 -182.656168937683 -34.400001168251 -35.5999991297722 -182.982578873634 -34.400001168251 -34.4999991357327 -198.940426111221 -34.400001168251 -34.4999991357327 -181.500002741814 -34.400001168251 -35.1999998092651 -181.733161211014 -34.400001168251 -34.4999991357327 -182.059571146965 -34.400001168251 -35.1999998092651 -181.500002741814 -31.1250016093254 -34.4999991357327 -204.500004649162 -29.899999499321 -35.1999998092651 -204.500004649162 -29.899999499321 -34.4999991357327 -204.500004649162 -34.400001168251 -35.1999998092651 -204.500004649162 -34.400001168251 -34.4999991357327 -204.500004649162 -29.899999499321 -34.4999991357327 -189.724996685982 -29.899999499321 -35.1999998092651 -181.500002741814 -29.899999499321 -34.4999991357327 -181.500002741814 -29.899999499321 -35.1999998092651 -189.724996685982 -29.899999499321 -34.4999991357327 -204.500004649162 -29.899999499321 -35.1999998092651 -204.500004649162 -38.4000018239021 -35.1999998092651 -199.266850948334 -38.4000018239021 -34.4999991357327 -204.428434371948 -38.4000018239021 -35.1999998092651 -204.428434371948 -38.4000018239021 -35.5999991297722 -198.017418384552 -38.4000018239021 -36.2999998033047 -182.656168937683 -38.4000018239021 -35.5999991297722 -182.982578873634 -38.4000018239021 -35.1999998092651 -181.733161211014 -38.4000018239021 -34.4999991357327 -198.940426111221 -38.4000018239021 -34.4999991357327 -147.371351718903 -38.4000018239021 -35.1999998092651 -147.371351718903 -38.4000018239021 -36.2999998033047 -198.343843221664 -38.4000018239021 -34.4999991357327 -182.059571146965 -39.9605855345726 -35.7359163463116 -145.810768008232 -38.6115908622742 -34.4999991357327 -147.15975522995 -38.4881645441055 -35.1999998092651 -147.283181548119 -38.4000018239021 -34.4999991357327 -147.371351718903 -38.4000018239021 -35.1999998092651 -147.371351718903 -40.1999987661839 -35.0781343877316 -145.571351051331 -38.4000018239021 -34.4999991357327 -204.428434371948 -38.4881645441055 -35.1999998092651 -204.516589641571 -38.4000018239021 -35.1999998092651 -204.428434371948 -38.6115908622742 -34.4999991357327 -204.64001595974 -39.9605855345726 -35.7359163463116 -205.989018082619 -40.1999987661839 -35.0781343877316 -206.228420138359 -36.6749987006187 -34.4999991357327 -47.4404320120811 -29.899999499321 -35.5999991297722 -46.5174205601215 -31.1250016093254 -34.4999991357327 -47.4404320120811 -29.899999499321 -35.1999998092651 -46.8530617654324 -29.899999499321 -34.4999991357327 -47.4404320120811 -38.4000018239021 -35.5999991297722 -46.5174205601215 -38.4000018239021 -34.4999991357327 -47.4404320120811 -29.899999499321 -35.5999991297722 -32.9825803637505 -38.4000018239021 -35.5999991297722 -46.5174205601215 -38.4000018239021 -35.5999991297722 -32.9825803637505 -29.899999499321 -35.5999991297722 -46.5174205601215 -31.1250016093254 -34.4999991357327 -32.0595689117908 -29.899999499321 -35.1999998092651 -32.6469391584396 -29.899999499321 -35.5999991297722 -32.9825803637505 -29.899999499321 -34.4999991357327 -32.0595689117908 -36.6749987006187 -34.4999991357327 -32.0595689117908 -38.4000018239021 -35.5999991297722 -32.9825803637505 -38.4000018239021 -34.4999991357327 -32.0595689117908 -36.1499972641468 -35.1999998092651 -31.7331552505493 -29.899999499321 -36.2999998033047 -32.6561629772186 -29.899999499321 -35.1999998092651 -31.7331552505493 -38.4000018239021 -36.2999998033047 -32.6561629772186 -37.9690825939178 -35.1999998092651 -31.7331552505493 -38.4000018239021 -35.1999998092651 -31.7331552505493 -29.899999499321 -36.2999998033047 -32.6561629772186 -38.4000018239021 -36.2999998033047 -46.8438379466534 -29.899999499321 -36.2999998033047 -46.8438379466534 -38.4000018239021 -36.2999998033047 -32.6561629772186 -37.9690825939178 -35.1999998092651 -47.7668456733227 -38.4000018239021 -36.2999998033047 -46.8438379466534 -38.4000018239021 -35.1999998092651 -47.7668456733227 -29.899999499321 -36.2999998033047 -46.8438379466534 -36.1499972641468 -35.1999998092651 -47.7668456733227 -29.899999499321 -35.1999998092651 -47.7668456733227 -34.400001168251 -35.5999991297722 -198.017418384552 -36.6749987006187 -34.4999991357327 -198.940426111221 -38.4000018239021 -35.5999991297722 -198.017418384552 -38.4000018239021 -34.4999991357327 -198.940426111221 -34.400001168251 -34.4999991357327 -198.940426111221 -34.400001168251 -35.5999991297722 -182.982578873634 -38.4000018239021 -35.5999991297722 -198.017418384552 -38.4000018239021 -35.5999991297722 -182.982578873634 -34.400001168251 -35.5999991297722 -198.017418384552 -36.6749987006187 -34.4999991357327 -182.059571146965 -38.4000018239021 -35.5999991297722 -182.982578873634 -38.4000018239021 -34.4999991357327 -182.059571146965 -34.400001168251 -35.5999991297722 -182.982578873634 -34.400001168251 -34.4999991357327 -182.059571146965 -36.1499972641468 -35.1999998092651 -181.733161211014 -34.400001168251 -36.2999998033047 -182.656168937683 -34.400001168251 -35.1999998092651 -181.733161211014 -38.4000018239021 -36.2999998033047 -182.656168937683 -37.9690825939178 -35.1999998092651 -181.733161211014 -38.4000018239021 -35.1999998092651 -181.733161211014 -34.400001168251 -36.2999998033047 -182.656168937683 -38.4000018239021 -36.2999998033047 -198.343843221664 -34.400001168251 -36.2999998033047 -198.343843221664 -38.4000018239021 -36.2999998033047 -182.656168937683 -38.4000018239021 -36.2999998033047 -198.343843221664 -36.1499972641468 -35.1999998092651 -199.266850948334 -34.400001168251 -36.2999998033047 -198.343843221664 -37.9690825939178 -35.1999998092651 -199.266850948334 -34.400001168251 -35.1999998092651 -199.266850948334 -38.4000018239021 -35.1999998092651 -199.266850948334 -29.899999499321 -36.2999998033047 -32.6561629772186 -29.899999499321 -35.5999991297722 -46.5174205601215 -29.899999499321 -35.5999991297722 -32.9825803637505 -29.899999499321 -35.1999998092651 -32.6469391584396 -29.899999499321 -35.1999998092651 -31.7331552505493 -29.899999499321 -36.2999998033047 -46.8438379466534 -29.899999499321 -35.1999998092651 -46.8530617654324 -29.899999499321 -35.1999998092651 -47.7668456733227 -33.3999991416931 -35.1999998092651 -56.4999990165234 -36.4000014960766 -35.5693250894547 -56.74047768116 -33.3999991416931 -35.5693250894547 -56.74047768116 -36.4000014960766 -35.1999998092651 -56.4999990165234 -36.4000014960766 -36.1081287264824 -57.4312619864941 -33.3999991416931 -35.8770154416561 -57.0560060441494 -36.4000014960766 -35.8770154416561 -57.0560060441494 -36.4000014960766 -36.2514406442642 -57.8480251133442 -33.3999991416931 -36.1081287264824 -57.4312619864941 -36.4000014960766 -36.2999998033047 -58.2860559225082 -33.3999991416931 -36.2514406442642 -57.8480251133442 -33.3999991416931 -36.2999998033047 -58.2860559225082 -36.4000014960766 -36.2514406442642 -61.1519739031792 -33.3999991416931 -36.2999998033047 -60.7139430940151 -36.4000014960766 -36.2999998033047 -60.7139430940151 -36.4000014960766 -36.1081287264824 -61.5687370300293 -33.3999991416931 -36.2514406442642 -61.1519739031792 -36.4000014960766 -35.8770154416561 -61.943992972374 -33.3999991416931 -36.1081287264824 -61.5687370300293 -36.4000014960766 -35.5693250894547 -62.2595213353634 -33.3999991416931 -35.8770154416561 -61.943992972374 -36.4000014960766 -35.1999998092651 -62.5 -33.3999991416931 -35.5693250894547 -62.2595213353634 -33.3999991416931 -35.1999998092651 -62.5 -36.4000014960766 -36.2999998033047 -60.7139430940151 -33.3999991416931 -36.2999998033047 -58.2860559225082 -36.4000014960766 -36.2999998033047 -58.2860559225082 -33.3999991416931 -36.2999998033047 -60.7139430940151 -36.4000014960766 -36.2514406442642 -61.1519739031792 -36.4000014960766 -35.5693250894547 -62.2595213353634 -36.4000014960766 -36.1081287264824 -61.5687370300293 -36.4000014960766 -36.2514406442642 -57.8480251133442 -36.4000014960766 -35.5693250894547 -56.74047768116 -36.4000014960766 -36.2999998033047 -58.2860559225082 -36.4000014960766 -35.8770154416561 -61.943992972374 -36.4000014960766 -36.1081287264824 -57.4312619864941 -36.4000014960766 -35.1999998092651 -56.4999990165234 -36.4000014960766 -36.2999998033047 -60.7139430940151 -36.4000014960766 -35.1999998092651 -62.5 -36.4000014960766 -35.8770154416561 -57.0560060441494 -33.3999991416931 -36.2514406442642 -61.1519739031792 -33.3999991416931 -35.5693250894547 -62.2595213353634 -33.3999991416931 -36.2999998033047 -60.7139430940151 -33.3999991416931 -36.1081287264824 -61.5687370300293 -33.3999991416931 -36.2514406442642 -57.8480251133442 -33.3999991416931 -35.5693250894547 -56.74047768116 -33.3999991416931 -36.1081287264824 -57.4312619864941 -33.3999991416931 -35.8770154416561 -61.943992972374 -33.3999991416931 -35.1999998092651 -56.4999990165234 -33.3999991416931 -36.2999998033047 -58.2860559225082 -33.3999991416931 -35.8770154416561 -57.0560060441494 -33.3999991416931 -35.1999998092651 -62.5 -35.3613123297691 -34.4999991357327 -23.4696194529533 -35.5373062193394 -35.1999998092651 -23.3922582119703 -35.3613123297691 -35.1999998092651 -23.4696194529533 -35.8753576874733 -35.1999998092651 -22.9406636208296 -35.803060978651 -34.4999991357327 -23.1187976896763 -35.8753576874733 -34.4999991357327 -22.9406636208296 -35.803060978651 -35.1999998092651 -23.1187976896763 -35.6878526508808 -34.4999991357327 -23.2726987451315 -35.6878526508808 -35.1999998092651 -23.2726987451315 -35.5373062193394 -34.4999991357327 -23.3922582119703 -35.1714342832565 -34.4999991357327 -23.4996974468231 -35.1714342832565 -35.1999998092651 -23.4996974468231 -34.9801480770111 -34.4999991357327 -23.4805177897215 -34.9801480770111 -35.1999998092651 -23.4805177897215 -34.8000191152096 -34.4999991357327 -23.4133396297693 -34.8000191152096 -35.1999998092651 -23.4133396297693 -34.6428863704205 -34.4999991357327 -23.3025792986155 -34.6428863704205 -35.1999998092651 -23.3025792986155 -34.5190726220608 -34.4999991357327 -23.1555122882128 -34.5190726220608 -35.1999998092651 -23.1555122882128 -34.4367139041424 -34.4999991357327 -22.9818001389503 -34.4367139041424 -35.1999998092651 -22.9818001389503 -34.4012230634689 -34.4999991357327 -22.7928590029478 -34.4012230634689 -35.1999998092651 -22.7928590029478 -35.8999967575073 -35.1999998092651 -22.7500032633543 -35.8999967575073 -34.4999991357327 -22.7500032633543 -34.1986939311028 -35.1999998092651 -19.2542895674706 -34.4012230634689 -34.4999991357327 -22.7928590029478 -34.4012230634689 -35.1999998092651 -22.7928590029478 -34.1986939311028 -34.4999991357327 -19.2542895674706 -33.5996821522713 -35.1999998092651 -18.5253228992224 -33.7867252528667 -34.4999991357327 -18.5996852815151 -33.7867252528667 -35.1999998092651 -18.5996852815151 -34.1620035469532 -35.1999998092651 -19.0563797950745 -34.1986939311028 -34.4999991357327 -19.2542895674706 -34.1986939311028 -35.1999998092651 -19.2542895674706 -34.0770743787289 -35.1999998092651 -18.873892724514 -34.1620035469532 -34.4999991357327 -19.0563797950745 -33.9492857456207 -35.1999998092651 -18.7183786183596 -34.0770743787289 -34.4999991357327 -18.873892724514 -33.9492857456207 -34.4999991357327 -18.7183786183596 -33.200316131115 -34.4999991357327 -18.5253228992224 -33.0132767558098 -35.1999998092651 -18.5996852815151 -33.0132767558098 -34.4999991357327 -18.5996852815151 -33.3999991416931 -35.1999998092651 -18.5000021010637 -33.5996821522713 -34.4999991357327 -18.5253228992224 -33.200316131115 -35.1999998092651 -18.5253228992224 -33.3999991416931 -34.4999991357327 -18.5000021010637 -32.8507162630558 -35.1999998092651 -18.7183786183596 -32.8507162630558 -34.4999991357327 -18.7183786183596 -32.7229239046574 -35.1999998092651 -18.873892724514 -32.7229239046574 -34.4999991357327 -18.873892724514 -32.6379984617233 -35.1999998092651 -19.0563797950745 -32.6379984617233 -34.4999991357327 -19.0563797950745 -32.6013080775738 -35.1999998092651 -19.2542895674706 -32.6013080775738 -34.4999991357327 -19.2542895674706 -32.3987789452076 -35.1999998092651 -22.7928590029478 -32.6013080775738 -34.4999991357327 -19.2542895674706 -32.6013080775738 -35.1999998092651 -19.2542895674706 -32.3987789452076 -34.4999991357327 -22.7928590029478 -31.1121474951506 -35.1999998092651 -23.2726987451315 -30.9969410300255 -34.4999991357327 -23.1187976896763 -31.1121474951506 -34.4999991357327 -23.2726987451315 -32.3987789452076 -35.1999998092651 -22.7928590029478 -32.3632843792439 -34.4999991357327 -22.9818001389503 -32.3987789452076 -34.4999991357327 -22.7928590029478 -32.3632843792439 -35.1999998092651 -22.9818001389503 -32.2809256613255 -34.4999991357327 -23.1555122882128 -32.2809256613255 -35.1999998092651 -23.1555122882128 -32.1571119129658 -34.4999991357327 -23.3025792986155 -32.1571119129658 -35.1999998092651 -23.3025792986155 -31.9999828934669 -34.4999991357327 -23.4133396297693 -31.9999828934669 -35.1999998092651 -23.4133396297693 -31.8198539316654 -34.4999991357327 -23.4805177897215 -31.8198539316654 -35.1999998092651 -23.4805177897215 -31.62856772542 -34.4999991357327 -23.4996974468231 -31.62856772542 -35.1999998092651 -23.4996974468231 -31.4386896789074 -34.4999991357327 -23.4696194529533 -31.4386896789074 -35.1999998092651 -23.4696194529533 -31.2626957893372 -34.4999991357327 -23.3922582119703 -30.9969410300255 -35.1999998092651 -23.1187976896763 -30.9246424585581 -34.4999991357327 -22.9406636208296 -30.9246424585581 -35.1999998092651 -22.9406636208296 -30.9000033885241 -34.4999991357327 -22.7500032633543 -30.9000033885241 -35.1999998092651 -22.7500032633543 -31.2626957893372 -35.1999998092651 -23.3922582119703 -30.9000033885241 -34.4999991357327 -22.7500032633543 -30.9000033885241 -35.1999998092651 -9.24999639391899 -30.9000033885241 -34.4999991357327 -9.24999639391899 -30.9000033885241 -35.1999998092651 -22.7500032633543 -30.9000033885241 -35.1999998092651 -9.24999639391899 -30.9246424585581 -34.4999991357327 -9.05933603644371 -30.9000033885241 -34.4999991357327 -9.24999639391899 -30.9246424585581 -35.1999998092651 -9.05933603644371 -30.9969410300255 -34.4999991357327 -8.88120289891958 -30.9969410300255 -35.1999998092651 -8.88120289891958 -31.1121474951506 -34.4999991357327 -8.72729998081923 -31.1121474951506 -35.1999998092651 -8.72729998081923 -31.2626957893372 -34.4999991357327 -8.60774144530296 -31.2626957893372 -35.1999998092651 -8.60774144530296 -31.4386896789074 -34.4999991357327 -8.53038113564253 -31.4386896789074 -35.1999998092651 -8.53038113564253 -31.62856772542 -34.4999991357327 -8.50030314177275 -31.62856772542 -35.1999998092651 -8.50030314177275 -31.8198539316654 -34.4999991357327 -8.51948279887438 -31.8198539316654 -35.1999998092651 -8.51948279887438 -31.9999828934669 -34.4999991357327 -8.58665909618139 -31.9999828934669 -35.1999998092651 -8.58665909618139 -32.1571119129658 -34.4999991357327 -8.69742035865784 -32.1571119129658 -35.1999998092651 -8.69742035865784 -32.2809256613255 -34.4999991357327 -8.84448830038309 -32.2809256613255 -35.1999998092651 -8.84448830038309 -32.3632843792439 -34.4999991357327 -9.01819951832294 -32.3632843792439 -35.1999998092651 -9.01819951832294 -32.3987789452076 -34.4999991357327 -9.20714065432549 -32.3987789452076 -35.1999998092651 -9.20714065432549 -32.3987789452076 -34.4999991357327 -9.20714065432549 -32.6013080775738 -35.1999998092651 -12.7457110211253 -32.6013080775738 -34.4999991357327 -12.7457110211253 -32.3987789452076 -35.1999998092651 -9.20714065432549 -32.6379984617233 -35.1999998092651 -12.9436207935214 -32.6013080775738 -34.4999991357327 -12.7457110211253 -32.6013080775738 -35.1999998092651 -12.7457110211253 -32.7229239046574 -35.1999998092651 -13.1261078640819 -32.6379984617233 -34.4999991357327 -12.9436207935214 -32.8507162630558 -35.1999998092651 -13.2816210389137 -32.7229239046574 -34.4999991357327 -13.1261078640819 -33.0132767558098 -35.1999998092651 -13.4003153070807 -32.8507162630558 -34.4999991357327 -13.2816210389137 -33.200316131115 -35.1999998092651 -13.4746767580509 -33.0132767558098 -34.4999991357327 -13.4003153070807 -33.3999991416931 -35.1999998092651 -13.4999984875321 -33.200316131115 -34.4999991357327 -13.4746767580509 -33.5996821522713 -35.1999998092651 -13.4746767580509 -33.3999991416931 -34.4999991357327 -13.4999984875321 -33.7867252528667 -35.1999998092651 -13.4003153070807 -33.5996821522713 -34.4999991357327 -13.4746767580509 -33.9492857456207 -35.1999998092651 -13.2816210389137 -33.7867252528667 -34.4999991357327 -13.4003153070807 -34.0770743787289 -35.1999998092651 -13.1261078640819 -33.9492857456207 -34.4999991357327 -13.2816210389137 -34.1620035469532 -35.1999998092651 -12.9436207935214 -34.0770743787289 -34.4999991357327 -13.1261078640819 -34.1986939311028 -35.1999998092651 -12.7457110211253 -34.1620035469532 -34.4999991357327 -12.9436207935214 -34.1986939311028 -34.4999991357327 -12.7457110211253 -34.1986939311028 -34.4999991357327 -12.7457110211253 -34.4012230634689 -35.1999998092651 -9.20714065432549 -34.4012230634689 -34.4999991357327 -9.20714065432549 -34.1986939311028 -35.1999998092651 -12.7457110211253 -34.4012230634689 -35.1999998092651 -9.20714065432549 -34.4367139041424 -34.4999991357327 -9.01819951832294 -34.4012230634689 -34.4999991357327 -9.20714065432549 -34.4367139041424 -35.1999998092651 -9.01819951832294 -34.5190726220608 -34.4999991357327 -8.84448830038309 -34.5190726220608 -35.1999998092651 -8.84448830038309 -34.6428863704205 -34.4999991357327 -8.69742035865784 -34.6428863704205 -35.1999998092651 -8.69742035865784 -34.8000191152096 -34.4999991357327 -8.58665909618139 -34.8000191152096 -35.1999998092651 -8.58665909618139 -34.9801480770111 -34.4999991357327 -8.51948279887438 -34.9801480770111 -35.1999998092651 -8.51948279887438 -35.1714342832565 -34.4999991357327 -8.50030314177275 -35.1714342832565 -35.1999998092651 -8.50030314177275 -35.3613123297691 -34.4999991357327 -8.53038113564253 -35.3613123297691 -35.1999998092651 -8.53038113564253 -35.5373062193394 -34.4999991357327 -8.60774144530296 -35.5373062193394 -35.1999998092651 -8.60774144530296 -35.6878526508808 -34.4999991357327 -8.72729998081923 -35.6878526508808 -35.1999998092651 -8.72729998081923 -35.803060978651 -34.4999991357327 -8.88120289891958 -35.803060978651 -35.1999998092651 -8.88120289891958 -35.8753576874733 -34.4999991357327 -9.05933603644371 -35.8753576874733 -35.1999998092651 -9.05933603644371 -35.8999967575073 -34.4999991357327 -9.24999639391899 -35.8999967575073 -35.1999998092651 -9.24999639391899 -35.8999967575073 -34.4999991357327 -9.24999639391899 -35.8999967575073 -35.1999998092651 -22.7500032633543 -35.8999967575073 -34.4999991357327 -22.7500032633543 -35.8999967575073 -35.1999998092651 -9.24999639391899 -35.8999967575073 -35.1999998092651 -146.750003099442 -35.8753576874733 -34.4999991357327 -146.940663456917 -35.8999967575073 -34.4999991357327 -146.750003099442 -35.8753576874733 -35.1999998092651 -146.940663456917 -35.803060978651 -34.4999991357327 -147.118791937828 -35.803060978651 -35.1999998092651 -147.118791937828 -35.6878526508808 -34.4999991357327 -147.272706031799 -35.6878526508808 -35.1999998092651 -147.272706031799 -35.5373062193394 -34.4999991357327 -147.392258048058 -35.5373062193394 -35.1999998092651 -147.392258048058 -35.3613123297691 -34.4999991357327 -147.469624876976 -35.3613123297691 -35.1999998092651 -147.469624876976 -35.1714342832565 -34.4999991357327 -147.499695420265 -35.1714342832565 -35.1999998092651 -147.499695420265 -34.9801480770111 -34.4999991357327 -147.480517625809 -34.9801480770111 -35.1999998092651 -147.480517625809 -34.8000191152096 -34.4999991357327 -147.413343191147 -34.8000191152096 -35.1999998092651 -147.413343191147 -34.6428863704205 -34.4999991357327 -147.302582859993 -34.6428863704205 -35.1999998092651 -147.302582859993 -34.5190726220608 -34.4999991357327 -147.15550839901 -34.5190726220608 -35.1999998092651 -147.15550839901 -34.4367139041424 -34.4999991357327 -146.981805562973 -34.4367139041424 -35.1999998092651 -146.981805562973 -34.4012230634689 -34.4999991357327 -146.792858839035 -34.4012230634689 -35.1999998092651 -146.792858839035 -34.1986939311028 -35.1999998092651 -143.254294991493 -34.4012230634689 -34.4999991357327 -146.792858839035 -34.4012230634689 -35.1999998092651 -146.792858839035 -34.1986939311028 -34.4999991357327 -143.254294991493 -34.1620035469532 -35.1999998092651 -143.056377768517 -34.1986939311028 -34.4999991357327 -143.254294991493 -34.1986939311028 -35.1999998092651 -143.254294991493 -34.0770743787289 -35.1999998092651 -142.873898148537 -34.1620035469532 -34.4999991357327 -143.056377768517 -33.9492857456207 -35.1999998092651 -142.718374729156 -34.0770743787289 -34.4999991357327 -142.873898148537 -33.7867252528667 -35.1999998092651 -142.599686980247 -33.9492857456207 -34.4999991357327 -142.718374729156 -33.5996821522713 -35.1999998092651 -142.52533018589 -33.7867252528667 -34.4999991357327 -142.599686980247 -33.3999991416931 -35.1999998092651 -142.499998211861 -33.5996821522713 -34.4999991357327 -142.52533018589 -33.200316131115 -35.1999998092651 -142.52533018589 -33.3999991416931 -34.4999991357327 -142.499998211861 -33.0132767558098 -35.1999998092651 -142.599686980247 -33.200316131115 -34.4999991357327 -142.52533018589 -32.8507162630558 -35.1999998092651 -142.718374729156 -33.0132767558098 -34.4999991357327 -142.599686980247 -32.7229239046574 -35.1999998092651 -142.873898148537 -32.8507162630558 -34.4999991357327 -142.718374729156 -32.6379984617233 -35.1999998092651 -143.056377768517 -32.7229239046574 -34.4999991357327 -142.873898148537 -32.6013080775738 -35.1999998092651 -143.254294991493 -32.6379984617233 -34.4999991357327 -143.056377768517 -32.6013080775738 -34.4999991357327 -143.254294991493 -32.3987789452076 -35.1999998092651 -146.792858839035 -32.6013080775738 -34.4999991357327 -143.254294991493 -32.6013080775738 -35.1999998092651 -143.254294991493 -32.3987789452076 -34.4999991357327 -146.792858839035 -32.3987789452076 -35.1999998092651 -146.792858839035 -32.3632843792439 -34.4999991357327 -146.981805562973 -32.3987789452076 -34.4999991357327 -146.792858839035 -32.3632843792439 -35.1999998092651 -146.981805562973 -32.2809256613255 -34.4999991357327 -147.15550839901 -32.2809256613255 -35.1999998092651 -147.15550839901 -32.1571119129658 -34.4999991357327 -147.302582859993 -32.1571119129658 -35.1999998092651 -147.302582859993 -31.9999828934669 -34.4999991357327 -147.413343191147 -31.9999828934669 -35.1999998092651 -147.413343191147 -31.8198539316654 -34.4999991357327 -147.480517625809 -31.8198539316654 -35.1999998092651 -147.480517625809 -31.62856772542 -34.4999991357327 -147.499695420265 -31.62856772542 -35.1999998092651 -147.499695420265 -31.4386896789074 -34.4999991357327 -147.469624876976 -31.4386896789074 -35.1999998092651 -147.469624876976 -31.2626957893372 -34.4999991357327 -147.392258048058 -31.2626957893372 -35.1999998092651 -147.392258048058 -31.1121474951506 -34.4999991357327 -147.272706031799 -31.1121474951506 -35.1999998092651 -147.272706031799 -30.9969410300255 -34.4999991357327 -147.118791937828 -30.9969410300255 -35.1999998092651 -147.118791937828 -30.9246424585581 -34.4999991357327 -146.940663456917 -30.9246424585581 -35.1999998092651 -146.940663456917 -30.9000033885241 -34.4999991357327 -146.750003099442 -30.9000033885241 -35.1999998092651 -146.750003099442 -30.9000033885241 -34.4999991357327 -146.750003099442 -30.9000033885241 -35.1999998092651 -133.249998092651 -30.9000033885241 -34.4999991357327 -133.249998092651 -30.9000033885241 -35.1999998092651 -146.750003099442 -30.9000033885241 -35.1999998092651 -133.249998092651 -30.9246424585581 -34.4999991357327 -133.059337735176 -30.9000033885241 -34.4999991357327 -133.249998092651 -30.9246424585581 -35.1999998092651 -133.059337735176 -30.9969410300255 -34.4999991357327 -132.881209254265 -30.9969410300255 -35.1999998092651 -132.881209254265 -31.1121474951506 -34.4999991357327 -132.727295160294 -31.1121474951506 -35.1999998092651 -132.727295160294 -31.2626957893372 -34.4999991357327 -132.607743144035 -31.2626957893372 -35.1999998092651 -132.607743144035 -31.4386896789074 -34.4999991357327 -132.530376315117 -31.4386896789074 -35.1999998092651 -132.530376315117 -31.62856772542 -34.4999991357327 -132.500305771828 -31.62856772542 -35.1999998092651 -132.500305771828 -31.8198539316654 -34.4999991357327 -132.519483566284 -31.8198539316654 -35.1999998092651 -132.519483566284 -31.9999828934669 -34.4999991357327 -132.586658000946 -31.9999828934669 -35.1999998092651 -132.586658000946 -32.1571119129658 -34.4999991357327 -132.6974183321 -32.1571119129658 -35.1999998092651 -132.6974183321 -32.2809256613255 -34.4999991357327 -132.844492793083 -32.2809256613255 -35.1999998092651 -132.844492793083 -32.3632843792439 -34.4999991357327 -133.01819562912 -32.3632843792439 -35.1999998092651 -133.01819562912 -32.3987789452076 -34.4999991357327 -133.207142353058 -32.3987789452076 -35.1999998092651 -133.207142353058 -32.3987789452076 -34.4999991357327 -133.207142353058 -32.6013080775738 -35.1999998092651 -136.7457062006 -32.6013080775738 -34.4999991357327 -136.7457062006 -32.3987789452076 -35.1999998092651 -133.207142353058 -32.6379984617233 -35.1999998092651 -136.943623423576 -32.6013080775738 -34.4999991357327 -136.7457062006 -32.6013080775738 -35.1999998092651 -136.7457062006 -32.7229239046574 -35.1999998092651 -137.126103043556 -32.6379984617233 -34.4999991357327 -136.943623423576 -32.8507162630558 -35.1999998092651 -137.281626462936 -32.7229239046574 -34.4999991357327 -137.126103043556 -33.0132767558098 -35.1999998092651 -137.400314211845 -32.8507162630558 -34.4999991357327 -137.281626462936 -33.200316131115 -35.1999998092651 -137.474671006203 -33.0132767558098 -34.4999991357327 -137.400314211845 -33.3999991416931 -35.1999998092651 -137.500002980232 -33.200316131115 -34.4999991357327 -137.474671006203 -33.5996821522713 -35.1999998092651 -137.474671006203 -33.3999991416931 -34.4999991357327 -137.500002980232 -33.7867252528667 -35.1999998092651 -137.400314211845 -33.5996821522713 -34.4999991357327 -137.474671006203 -33.9492857456207 -35.1999998092651 -137.281626462936 -33.7867252528667 -34.4999991357327 -137.400314211845 -34.0770743787289 -35.1999998092651 -137.126103043556 -33.9492857456207 -34.4999991357327 -137.281626462936 -34.1620035469532 -35.1999998092651 -136.943623423576 -34.0770743787289 -34.4999991357327 -137.126103043556 -34.1986939311028 -35.1999998092651 -136.7457062006 -34.1620035469532 -34.4999991357327 -136.943623423576 -34.1986939311028 -34.4999991357327 -136.7457062006 -34.1986939311028 -34.4999991357327 -136.7457062006 -34.4012230634689 -35.1999998092651 -133.207142353058 -34.4012230634689 -34.4999991357327 -133.207142353058 -34.1986939311028 -35.1999998092651 -136.7457062006 -34.4012230634689 -35.1999998092651 -133.207142353058 -34.4367139041424 -34.4999991357327 -133.01819562912 -34.4012230634689 -34.4999991357327 -133.207142353058 -34.4367139041424 -35.1999998092651 -133.01819562912 -34.5190726220608 -34.4999991357327 -132.844492793083 -34.5190726220608 -35.1999998092651 -132.844492793083 -34.6428863704205 -34.4999991357327 -132.6974183321 -34.6428863704205 -35.1999998092651 -132.6974183321 -34.8000191152096 -34.4999991357327 -132.586658000946 -34.8000191152096 -35.1999998092651 -132.586658000946 -34.9801480770111 -34.4999991357327 -132.519483566284 -34.9801480770111 -35.1999998092651 -132.519483566284 -35.1714342832565 -34.4999991357327 -132.500305771828 -35.1714342832565 -35.1999998092651 -132.500305771828 -35.3613123297691 -34.4999991357327 -132.530376315117 -35.3613123297691 -35.1999998092651 -132.530376315117 -35.5373062193394 -34.4999991357327 -132.607743144035 -35.5373062193394 -35.1999998092651 -132.607743144035 -35.6878526508808 -34.4999991357327 -132.727295160294 -35.6878526508808 -35.1999998092651 -132.727295160294 -35.803060978651 -34.4999991357327 -132.881209254265 -35.803060978651 -35.1999998092651 -132.881209254265 -35.8753576874733 -34.4999991357327 -133.059337735176 -35.8753576874733 -35.1999998092651 -133.059337735176 -35.8999967575073 -34.4999991357327 -133.249998092651 -35.8999967575073 -35.1999998092651 -133.249998092651 -35.8999967575073 -35.1999998092651 -146.750003099442 -35.8999967575073 -34.4999991357327 -133.249998092651 -35.8999967575073 -35.1999998092651 -133.249998092651 -35.8999967575073 -34.4999991357327 -146.750003099442 -35.8999967575073 -35.1999998092651 -274.749994277954 -35.8753576874733 -34.4999991357327 -274.940669536591 -35.8999967575073 -34.4999991357327 -274.749994277954 -35.8753576874733 -35.1999998092651 -274.940669536591 -35.803060978651 -34.4999991357327 -275.118798017502 -35.803060978651 -35.1999998092651 -275.118798017502 -35.6878526508808 -34.4999991357327 -275.272697210312 -35.6878526508808 -35.1999998092651 -275.272697210312 -35.5373062193394 -34.4999991357327 -275.392264127731 -35.5373062193394 -35.1999998092651 -275.392264127731 -35.3613123297691 -34.4999991357327 -275.46963095665 -35.3613123297691 -35.1999998092651 -275.46963095665 -35.1714342832565 -34.4999991357327 -275.499701499939 -35.1714342832565 -35.1999998092651 -275.499701499939 -34.9801480770111 -34.4999991357327 -275.480508804321 -34.9801480770111 -35.1999998092651 -275.480508804321 -34.8000191152096 -34.4999991357327 -275.413334369659 -34.8000191152096 -35.1999998092651 -275.413334369659 -34.6428863704205 -34.4999991357327 -275.302588939667 -34.6428863704205 -35.1999998092651 -275.302588939667 -34.5190726220608 -34.4999991357327 -275.155514478683 -34.5190726220608 -35.1999998092651 -275.155514478683 -34.4367139041424 -34.4999991357327 -274.981796741486 -34.4367139041424 -35.1999998092651 -274.981796741486 -34.4012230634689 -34.4999991357327 -274.792850017548 -34.4012230634689 -35.1999998092651 -274.792850017548 -34.1986939311028 -35.1999998092651 -271.254301071167 -34.4012230634689 -34.4999991357327 -274.792850017548 -34.4012230634689 -35.1999998092651 -274.792850017548 -34.1986939311028 -34.4999991357327 -271.254301071167 -34.1620035469532 -35.1999998092651 -271.05638384819 -34.1986939311028 -34.4999991357327 -271.254301071167 -34.1986939311028 -35.1999998092651 -271.254301071167 -34.0770743787289 -35.1999998092651 -270.87390422821 -34.1620035469532 -34.4999991357327 -271.05638384819 -33.9492857456207 -35.1999998092651 -270.718365907669 -34.0770743787289 -34.4999991357327 -270.87390422821 -33.7867252528667 -35.1999998092651 -270.599693059921 -33.9492857456207 -34.4999991357327 -270.718365907669 -33.5996821522713 -35.1999998092651 -270.525336265564 -33.7867252528667 -34.4999991357327 -270.599693059921 -33.3999991416931 -35.1999998092651 -270.500004291534 -33.5996821522713 -34.4999991357327 -270.525336265564 -33.200316131115 -35.1999998092651 -270.525336265564 -33.3999991416931 -34.4999991357327 -270.500004291534 -33.0132767558098 -35.1999998092651 -270.599693059921 -33.200316131115 -34.4999991357327 -270.525336265564 -32.8507162630558 -35.1999998092651 -270.718365907669 -33.0132767558098 -34.4999991357327 -270.599693059921 -32.7229239046574 -35.1999998092651 -270.87390422821 -32.8507162630558 -34.4999991357327 -270.718365907669 -32.6379984617233 -35.1999998092651 -271.05638384819 -32.7229239046574 -34.4999991357327 -270.87390422821 -32.6013080775738 -35.1999998092651 -271.254301071167 -32.6379984617233 -34.4999991357327 -271.05638384819 -32.6013080775738 -34.4999991357327 -271.254301071167 -32.3987789452076 -34.4999991357327 -274.792850017548 -32.6013080775738 -35.1999998092651 -271.254301071167 -32.3987789452076 -35.1999998092651 -274.792850017548 -32.6013080775738 -34.4999991357327 -271.254301071167 -32.3987789452076 -35.1999998092651 -274.792850017548 -32.3632843792439 -34.4999991357327 -274.981796741486 -32.3987789452076 -34.4999991357327 -274.792850017548 -32.3632843792439 -35.1999998092651 -274.981796741486 -32.2809256613255 -34.4999991357327 -275.155514478683 -32.2809256613255 -35.1999998092651 -275.155514478683 -32.1571119129658 -34.4999991357327 -275.302588939667 -32.1571119129658 -35.1999998092651 -275.302588939667 -31.9999828934669 -34.4999991357327 -275.413334369659 -31.9999828934669 -35.1999998092651 -275.413334369659 -31.8198539316654 -34.4999991357327 -275.480508804321 -31.8198539316654 -35.1999998092651 -275.480508804321 -31.62856772542 -34.4999991357327 -275.499701499939 -31.62856772542 -35.1999998092651 -275.499701499939 -31.4386896789074 -34.4999991357327 -275.46963095665 -31.4386896789074 -35.1999998092651 -275.46963095665 -31.2626957893372 -34.4999991357327 -275.392264127731 -31.2626957893372 -35.1999998092651 -275.392264127731 -31.1121474951506 -34.4999991357327 -275.272697210312 -31.1121474951506 -35.1999998092651 -275.272697210312 -30.9969410300255 -34.4999991357327 -275.118798017502 -30.9969410300255 -35.1999998092651 -275.118798017502 -30.9246424585581 -34.4999991357327 -274.940669536591 -30.9246424585581 -35.1999998092651 -274.940669536591 -30.9000033885241 -34.4999991357327 -274.749994277954 -30.9000033885241 -35.1999998092651 -274.749994277954 -30.9000033885241 -34.4999991357327 -274.749994277954 -30.9000033885241 -35.1999998092651 -261.249989271164 -30.9000033885241 -34.4999991357327 -261.249989271164 -30.9000033885241 -35.1999998092651 -274.749994277954 -30.9000033885241 -35.1999998092651 -261.249989271164 -30.9246424585581 -34.4999991357327 -261.05934381485 -30.9000033885241 -34.4999991357327 -261.249989271164 -30.9246424585581 -35.1999998092651 -261.05934381485 -30.9969410300255 -34.4999991357327 -260.881215333939 -30.9969410300255 -35.1999998092651 -260.881215333939 -31.1121474951506 -34.4999991357327 -260.727286338806 -31.1121474951506 -35.1999998092651 -260.727286338806 -31.2626957893372 -34.4999991357327 -260.607749223709 -31.2626957893372 -35.1999998092651 -260.607749223709 -31.4386896789074 -34.4999991357327 -260.530382394791 -31.4386896789074 -35.1999998092651 -260.530382394791 -31.62856772542 -34.4999991357327 -260.500311851501 -31.62856772542 -35.1999998092651 -260.500311851501 -31.8198539316654 -34.4999991357327 -260.519474744797 -31.8198539316654 -35.1999998092651 -260.519474744797 -31.9999828934669 -34.4999991357327 -260.586649179459 -31.9999828934669 -35.1999998092651 -260.586649179459 -32.1571119129658 -34.4999991357327 -260.697424411774 -32.1571119129658 -35.1999998092651 -260.697424411774 -32.2809256613255 -34.4999991357327 -260.844498872757 -32.2809256613255 -35.1999998092651 -260.844498872757 -32.3632843792439 -34.4999991357327 -261.018186807632 -32.3632843792439 -35.1999998092651 -261.018186807632 -32.3987789452076 -34.4999991357327 -261.20713353157 -32.3987789452076 -35.1999998092651 -261.20713353157 -32.3987789452076 -34.4999991357327 -261.20713353157 -32.6013080775738 -35.1999998092651 -264.745712280273 -32.6013080775738 -34.4999991357327 -264.745712280273 -32.3987789452076 -35.1999998092651 -261.20713353157 -32.6379984617233 -35.1999998092651 -264.94362950325 -32.6013080775738 -34.4999991357327 -264.745712280273 -32.6013080775738 -35.1999998092651 -264.745712280273 -32.7229239046574 -35.1999998092651 -265.12610912323 -32.6379984617233 -34.4999991357327 -264.94362950325 -32.8507162630558 -35.1999998092651 -265.281617641449 -32.7229239046574 -34.4999991357327 -265.12610912323 -33.0132767558098 -35.1999998092651 -265.400320291519 -32.8507162630558 -34.4999991357327 -265.281617641449 -33.200316131115 -35.1999998092651 -265.474677085876 -33.0132767558098 -34.4999991357327 -265.400320291519 -33.3999991416931 -35.1999998092651 -265.500009059906 -33.200316131115 -34.4999991357327 -265.474677085876 -33.5996821522713 -35.1999998092651 -265.474677085876 -33.3999991416931 -34.4999991357327 -265.500009059906 -33.7867252528667 -35.1999998092651 -265.400320291519 -33.5996821522713 -34.4999991357327 -265.474677085876 -33.9492857456207 -35.1999998092651 -265.281617641449 -33.7867252528667 -34.4999991357327 -265.400320291519 -34.0770743787289 -35.1999998092651 -265.12610912323 -33.9492857456207 -34.4999991357327 -265.281617641449 -34.1620035469532 -35.1999998092651 -264.94362950325 -34.0770743787289 -34.4999991357327 -265.12610912323 -34.1986939311028 -35.1999998092651 -264.745712280273 -34.1620035469532 -34.4999991357327 -264.94362950325 -34.1986939311028 -34.4999991357327 -264.745712280273 -34.4012230634689 -35.1999998092651 -261.20713353157 -34.1986939311028 -34.4999991357327 -264.745712280273 -34.1986939311028 -35.1999998092651 -264.745712280273 -34.4012230634689 -34.4999991357327 -261.20713353157 -34.4012230634689 -35.1999998092651 -261.20713353157 -34.4367139041424 -34.4999991357327 -261.018186807632 -34.4012230634689 -34.4999991357327 -261.20713353157 -34.4367139041424 -35.1999998092651 -261.018186807632 -34.5190726220608 -34.4999991357327 -260.844498872757 -34.5190726220608 -35.1999998092651 -260.844498872757 -34.6428863704205 -34.4999991357327 -260.697424411774 -34.6428863704205 -35.1999998092651 -260.697424411774 -34.8000191152096 -34.4999991357327 -260.586649179459 -34.8000191152096 -35.1999998092651 -260.586649179459 -34.9801480770111 -34.4999991357327 -260.519474744797 -34.9801480770111 -35.1999998092651 -260.519474744797 -35.1714342832565 -34.4999991357327 -260.500311851501 -35.1714342832565 -35.1999998092651 -260.500311851501 -35.3613123297691 -34.4999991357327 -260.530382394791 -35.3613123297691 -35.1999998092651 -260.530382394791 -35.5373062193394 -34.4999991357327 -260.607749223709 -35.5373062193394 -35.1999998092651 -260.607749223709 -35.6878526508808 -34.4999991357327 -260.727286338806 -35.6878526508808 -35.1999998092651 -260.727286338806 -35.803060978651 -34.4999991357327 -260.881215333939 -35.803060978651 -35.1999998092651 -260.881215333939 -35.8753576874733 -34.4999991357327 -261.05934381485 -35.8753576874733 -35.1999998092651 -261.05934381485 -35.8999967575073 -34.4999991357327 -261.249989271164 -35.8999967575073 -35.1999998092651 -261.249989271164 -35.8999967575073 -35.1999998092651 -261.249989271164 -35.8999967575073 -34.4999991357327 -274.749994277954 -35.8999967575073 -34.4999991357327 -261.249989271164 -35.8999967575073 -35.1999998092651 -274.749994277954 -35.8999967575073 -35.1999998092651 -374.750018119812 -35.8753576874733 -34.4999991357327 -374.940663576126 -35.8999967575073 -34.4999991357327 -374.750018119812 -35.8753576874733 -35.1999998092651 -374.940663576126 -35.803060978651 -34.4999991357327 -375.118792057037 -35.803060978651 -35.1999998092651 -375.118792057037 -35.6878526508808 -34.4999991357327 -375.272691249847 -35.6878526508808 -35.1999998092651 -375.272691249847 -35.5373062193394 -34.4999991357327 -375.392258167267 -35.5373062193394 -35.1999998092651 -375.392258167267 -35.3613123297691 -34.4999991357327 -375.469624996185 -35.3613123297691 -35.1999998092651 -375.469624996185 -35.1714342832565 -34.4999991357327 -375.499695539474 -35.1714342832565 -35.1999998092651 -375.499695539474 -34.9801480770111 -34.4999991357327 -375.480502843857 -34.9801480770111 -35.1999998092651 -375.480502843857 -34.8000191152096 -34.4999991357327 -375.413328409195 -34.8000191152096 -35.1999998092651 -375.413328409195 -34.6428863704205 -34.4999991357327 -375.302582979202 -34.6428863704205 -35.1999998092651 -375.302582979202 -34.5190726220608 -34.4999991357327 -375.155508518219 -34.5190726220608 -35.1999998092651 -375.155508518219 -34.4367139041424 -34.4999991357327 -374.981790781021 -34.4367139041424 -35.1999998092651 -374.981790781021 -34.4012230634689 -34.4999991357327 -374.792873859406 -34.4012230634689 -35.1999998092651 -374.792873859406 -34.4012230634689 -34.4999991357327 -374.792873859406 -34.1986939311028 -35.1999998092651 -371.254295110703 -34.1986939311028 -34.4999991357327 -371.254295110703 -34.4012230634689 -35.1999998092651 -374.792873859406 -34.1986939311028 -34.4999991357327 -371.254295110703 -34.1620035469532 -35.1999998092651 -371.056377887726 -34.1620035469532 -34.4999991357327 -371.056377887726 -34.0770743787289 -35.1999998092651 -370.873898267746 -34.0770743787289 -34.4999991357327 -370.873898267746 -33.9492857456207 -35.1999998092651 -370.718389749527 -33.9492857456207 -34.4999991357327 -370.718389749527 -33.7867252528667 -35.1999998092651 -370.599687099457 -33.7867252528667 -34.4999991357327 -370.599687099457 -33.5996821522713 -35.1999998092651 -370.525330305099 -33.5996821522713 -34.4999991357327 -370.525330305099 -33.3999991416931 -35.1999998092651 -370.49999833107 -33.3999991416931 -34.4999991357327 -370.49999833107 -32.8507162630558 -35.1999998092651 -370.718389749527 -33.0132767558098 -34.4999991357327 -370.599687099457 -33.0132767558098 -35.1999998092651 -370.599687099457 -33.200316131115 -34.4999991357327 -370.525330305099 -32.8507162630558 -34.4999991357327 -370.718389749527 -32.7229239046574 -35.1999998092651 -370.873898267746 -32.7229239046574 -34.4999991357327 -370.873898267746 -32.6379984617233 -35.1999998092651 -371.056377887726 -32.6379984617233 -34.4999991357327 -371.056377887726 -32.6013080775738 -35.1999998092651 -371.254295110703 -32.6013080775738 -34.4999991357327 -371.254295110703 -33.200316131115 -35.1999998092651 -370.525330305099 -34.1986939311028 -35.1999998092651 -371.254295110703 -32.3987789452076 -35.1999998092651 -374.792873859406 -32.6013080775738 -34.4999991357327 -371.254295110703 -32.6013080775738 -35.1999998092651 -371.254295110703 -32.3987789452076 -34.4999991357327 -374.792873859406 -32.3632843792439 -34.4999991357327 -374.981790781021 -32.3987789452076 -35.1999998092651 -374.792873859406 -32.3632843792439 -35.1999998092651 -374.981790781021 -32.2809256613255 -34.4999991357327 -375.155508518219 -32.2809256613255 -35.1999998092651 -375.155508518219 -32.1571119129658 -34.4999991357327 -375.302582979202 -32.1571119129658 -35.1999998092651 -375.302582979202 -31.9999828934669 -34.4999991357327 -375.413328409195 -31.9999828934669 -35.1999998092651 -375.413328409195 -31.8198539316654 -34.4999991357327 -375.480502843857 -31.8198539316654 -35.1999998092651 -375.480502843857 -31.2626957893372 -35.1999998092651 -375.392258167267 -31.1121474951506 -34.4999991357327 -375.272691249847 -31.2626957893372 -34.4999991357327 -375.392258167267 -31.1121474951506 -35.1999998092651 -375.272691249847 -30.9969410300255 -34.4999991357327 -375.118792057037 -30.9969410300255 -35.1999998092651 -375.118792057037 -30.9246424585581 -34.4999991357327 -374.940663576126 -30.9246424585581 -35.1999998092651 -374.940663576126 -30.9000033885241 -34.4999991357327 -374.750018119812 -30.9000033885241 -35.1999998092651 -374.750018119812 -31.4386896789074 -35.1999998092651 -375.469624996185 -31.4386896789074 -34.4999991357327 -375.469624996185 -31.62856772542 -35.1999998092651 -375.499695539474 -31.62856772542 -34.4999991357327 -375.499695539474 -32.3987789452076 -34.4999991357327 -374.792873859406 -30.9000033885241 -34.4999991357327 -374.750018119812 -30.9000033885241 -35.1999998092651 -361.249983310699 -30.9000033885241 -34.4999991357327 -361.249983310699 -30.9000033885241 -35.1999998092651 -374.750018119812 -30.9000033885241 -35.1999998092651 -361.249983310699 -30.9246424585581 -34.4999991357327 -361.059337854385 -30.9000033885241 -34.4999991357327 -361.249983310699 -30.9246424585581 -35.1999998092651 -361.059337854385 -30.9969410300255 -34.4999991357327 -360.881209373474 -30.9969410300255 -35.1999998092651 -360.881209373474 -31.1121474951506 -34.4999991357327 -360.727310180664 -31.1121474951506 -35.1999998092651 -360.727310180664 -31.2626957893372 -34.4999991357327 -360.607743263245 -31.2626957893372 -35.1999998092651 -360.607743263245 -31.4386896789074 -34.4999991357327 -360.530376434326 -31.4386896789074 -35.1999998092651 -360.530376434326 -31.62856772542 -34.4999991357327 -360.500305891037 -31.62856772542 -35.1999998092651 -360.500305891037 -31.8198539316654 -34.4999991357327 -360.519468784332 -31.8198539316654 -35.1999998092651 -360.519468784332 -31.9999828934669 -34.4999991357327 -360.586673021317 -31.9999828934669 -35.1999998092651 -360.586673021317 -32.1571119129658 -34.4999991357327 -360.697418451309 -32.1571119129658 -35.1999998092651 -360.697418451309 -32.2809256613255 -34.4999991357327 -360.844492912292 -32.2809256613255 -35.1999998092651 -360.844492912292 -32.3632843792439 -34.4999991357327 -361.01821064949 -32.3632843792439 -35.1999998092651 -361.01821064949 -32.3987789452076 -34.4999991357327 -361.207127571106 -32.3987789452076 -35.1999998092651 -361.207127571106 -32.3987789452076 -34.4999991357327 -361.207127571106 -32.6013080775738 -35.1999998092651 -364.745706319809 -32.6013080775738 -34.4999991357327 -364.745706319809 -32.3987789452076 -35.1999998092651 -361.207127571106 -32.8507162630558 -35.1999998092651 -365.281611680984 -32.7229239046574 -34.4999991357327 -365.126103162766 -32.7229239046574 -35.1999998092651 -365.126103162766 -32.6379984617233 -35.1999998092651 -364.943623542786 -32.6013080775738 -34.4999991357327 -364.745706319809 -32.6013080775738 -35.1999998092651 -364.745706319809 -33.200316131115 -35.1999998092651 -365.474671125412 -33.0132767558098 -34.4999991357327 -365.400314331055 -33.0132767558098 -35.1999998092651 -365.400314331055 -33.3999991416931 -35.1999998092651 -365.500003099442 -33.200316131115 -34.4999991357327 -365.474671125412 -33.5996821522713 -35.1999998092651 -365.474671125412 -33.3999991416931 -34.4999991357327 -365.500003099442 -33.7867252528667 -35.1999998092651 -365.400314331055 -33.5996821522713 -34.4999991357327 -365.474671125412 -32.8507162630558 -34.4999991357327 -365.281611680984 -32.6379984617233 -34.4999991357327 -364.943623542786 -34.0770743787289 -35.1999998092651 -365.126103162766 -33.9492857456207 -34.4999991357327 -365.281611680984 -33.9492857456207 -35.1999998092651 -365.281611680984 -34.1620035469532 -35.1999998092651 -364.943623542786 -34.0770743787289 -34.4999991357327 -365.126103162766 -34.1986939311028 -35.1999998092651 -364.745706319809 -34.1620035469532 -34.4999991357327 -364.943623542786 -34.1986939311028 -34.4999991357327 -364.745706319809 -33.7867252528667 -34.4999991357327 -365.400314331055 -34.4012230634689 -35.1999998092651 -361.207127571106 -34.1986939311028 -34.4999991357327 -364.745706319809 -34.1986939311028 -35.1999998092651 -364.745706319809 -34.4012230634689 -34.4999991357327 -361.207127571106 -34.9801480770111 -34.4999991357327 -360.519468784332 -34.8000191152096 -35.1999998092651 -360.586673021317 -34.9801480770111 -35.1999998092651 -360.519468784332 -35.1714342832565 -34.4999991357327 -360.500305891037 -35.1714342832565 -35.1999998092651 -360.500305891037 -35.3613123297691 -34.4999991357327 -360.530376434326 -35.3613123297691 -35.1999998092651 -360.530376434326 -35.5373062193394 -34.4999991357327 -360.607743263245 -35.5373062193394 -35.1999998092651 -360.607743263245 -35.6878526508808 -34.4999991357327 -360.727310180664 -35.6878526508808 -35.1999998092651 -360.727310180664 -35.803060978651 -34.4999991357327 -360.881209373474 -35.803060978651 -35.1999998092651 -360.881209373474 -35.8753576874733 -34.4999991357327 -361.059337854385 -35.8753576874733 -35.1999998092651 -361.059337854385 -35.8999967575073 -34.4999991357327 -361.249983310699 -35.8999967575073 -35.1999998092651 -361.249983310699 -34.8000191152096 -34.4999991357327 -360.586673021317 -34.6428863704205 -35.1999998092651 -360.697418451309 -34.5190726220608 -34.4999991357327 -360.844492912292 -34.4367139041424 -35.1999998092651 -361.01821064949 -34.5190726220608 -35.1999998092651 -360.844492912292 -34.6428863704205 -34.4999991357327 -360.697418451309 -34.4367139041424 -34.4999991357327 -361.01821064949 -34.4012230634689 -35.1999998092651 -361.207127571106 -34.4012230634689 -34.4999991357327 -361.207127571106 -35.8999967575073 -35.1999998092651 -361.249983310699 -35.8999967575073 -34.4999991357327 -374.750018119812 -35.8999967575073 -34.4999991357327 -361.249983310699 -35.8999967575073 -35.1999998092651 -374.750018119812 -35.1893976330757 -35.1999998092651 23.9460729062557 -35.9250009059906 -34.4999991357327 23.6413776874542 -35.1893976330757 -34.4999991357327 23.9460729062557 -35.9250009059906 -35.1999998092651 23.6413776874542 -36.556676030159 -34.4999991357327 23.156676441431 -36.556676030159 -35.1999998092651 23.156676441431 -37.0413772761822 -34.4999991357327 22.5249994546175 -37.0413772761822 -35.1999998092651 22.5249994546175 -37.3460724949837 -34.4999991357327 21.7893980443478 -34.400001168251 -35.1999998092651 24.0499991923571 -34.400001168251 -34.4999991357327 24.0499991923571 -37.4500006437302 -35.1999998092651 20.9999997168779 -37.3460724949837 -34.4999991357327 20.2106013894081 -37.4500006437302 -34.4999991357327 20.9999997168779 -37.3460724949837 -35.1999998092651 20.2106013894081 -37.0413772761822 -34.4999991357327 19.4749999791384 -37.0413772761822 -35.1999998092651 19.4749999791384 -36.556676030159 -34.4999991357327 18.84332485497 -36.556676030159 -35.1999998092651 18.84332485497 -35.9250009059906 -34.4999991357327 18.3586217463017 -35.9250009059906 -35.1999998092651 18.3586217463017 -35.1893976330757 -34.4999991357327 18.0539265275002 -37.3460724949837 -35.1999998092651 21.7893980443478 -34.400001168251 -35.1999998092651 17.9500002413988 -33.6106009781361 -34.4999991357327 18.0539265275002 -34.400001168251 -34.4999991357327 17.9500002413988 -33.6106009781361 -35.1999998092651 18.0539265275002 -32.8750014305115 -34.4999991357327 18.3586217463017 -32.8750014305115 -35.1999998092651 18.3586217463017 -32.2433225810528 -34.4999991357327 18.84332485497 -32.2433225810528 -35.1999998092651 18.84332485497 -31.7586213350296 -34.4999991357327 19.4749999791384 -31.7586213350296 -35.1999998092651 19.4749999791384 -31.4539261162281 -34.4999991357327 20.2106013894081 -31.4539261162281 -35.1999998092651 20.2106013894081 -31.3500016927719 -34.4999991357327 20.9999997168779 -31.3500016927719 -35.1999998092651 20.9999997168779 -31.4539261162281 -34.4999991357327 21.7893980443478 -31.4539261162281 -35.1999998092651 21.7893980443478 -31.7586213350296 -34.4999991357327 22.5249994546175 -31.7586213350296 -35.1999998092651 22.5249994546175 -32.2433225810528 -34.4999991357327 23.156676441431 -32.2433225810528 -35.1999998092651 23.156676441431 -32.8750014305115 -34.4999991357327 23.6413776874542 -32.8750014305115 -35.1999998092651 23.6413776874542 -33.6106009781361 -34.4999991357327 23.9460729062557 -33.6106009781361 -35.1999998092651 23.9460729062557 -35.1893976330757 -35.1999998092651 18.0539265275002 -33.6106009781361 -35.1999998092651 -232.05392062664 -34.400001168251 -34.4999991357327 -231.949999928474 -33.6106009781361 -34.4999991357327 -232.05392062664 -32.8750014305115 -35.1999998092651 -232.358619570732 -32.8750014305115 -34.4999991357327 -232.358619570732 -32.2433225810528 -35.1999998092651 -232.843324542046 -32.2433225810528 -34.4999991357327 -232.843324542046 -31.7586213350296 -35.1999998092651 -233.474999666214 -31.7586213350296 -34.4999991357327 -233.474999666214 -31.4539261162281 -35.1999998092651 -234.210595488548 -31.4539261162281 -34.4999991357327 -234.210595488548 -31.3500016927719 -35.1999998092651 -234.999999403954 -31.3500016927719 -34.4999991357327 -234.999999403954 -31.4539261162281 -35.1999998092651 -235.789403319359 -31.4539261162281 -34.4999991357327 -235.789403319359 -31.7586213350296 -35.1999998092651 -236.524999141693 -31.7586213350296 -34.4999991357327 -236.524999141693 -32.2433225810528 -35.1999998092651 -237.156674265862 -32.2433225810528 -34.4999991357327 -237.156674265862 -32.8750014305115 -35.1999998092651 -237.641379237175 -32.8750014305115 -34.4999991357327 -237.641379237175 -33.6106009781361 -35.1999998092651 -237.946078181267 -33.6106009781361 -34.4999991357327 -237.946078181267 -34.400001168251 -35.1999998092651 -238.049998879433 -34.400001168251 -34.4999991357327 -238.049998879433 -35.1893976330757 -35.1999998092651 -237.946078181267 -35.1893976330757 -34.4999991357327 -237.946078181267 -35.9250009059906 -35.1999998092651 -237.641379237175 -35.9250009059906 -34.4999991357327 -237.641379237175 -36.556676030159 -35.1999998092651 -237.156674265862 -36.556676030159 -34.4999991357327 -237.156674265862 -37.0413772761822 -35.1999998092651 -236.524999141693 -37.0413772761822 -34.4999991357327 -236.524999141693 -35.1893976330757 -34.4999991357327 -232.05392062664 -34.400001168251 -35.1999998092651 -231.949999928474 -35.1893976330757 -35.1999998092651 -232.05392062664 -35.9250009059906 -34.4999991357327 -232.358619570732 -35.9250009059906 -35.1999998092651 -232.358619570732 -36.556676030159 -34.4999991357327 -232.843324542046 -36.556676030159 -35.1999998092651 -232.843324542046 -37.0413772761822 -34.4999991357327 -233.474999666214 -37.0413772761822 -35.1999998092651 -233.474999666214 -37.3460724949837 -34.4999991357327 -234.210595488548 -37.3460724949837 -35.1999998092651 -234.210595488548 -37.4500006437302 -34.4999991357327 -234.999999403954 -37.4500006437302 -35.1999998092651 -234.999999403954 -37.3460724949837 -34.4999991357327 -235.789403319359 -37.3460724949837 -35.1999998092651 -235.789403319359 -19.2499998956919 11.5000000223517 32.0000015199184 -19.2925930023193 11.1764762550592 37.0000004768372 -19.2499998956919 11.5000000223517 37.0000004768372 -19.4174684584141 10.8749996870756 32.0000015199184 -19.6161158382893 10.6161162257195 37.0000004768372 -19.4174684584141 10.8749996870756 37.0000004768372 -19.6161158382893 10.6161162257195 32.0000015199184 -19.8749992996454 10.4174679145217 37.0000004768372 -19.8749992996454 10.4174679145217 32.0000015199184 -20.1764758676291 10.292592458427 37.0000004768372 -20.1764758676291 10.292592458427 32.0000015199184 -20.5000005662441 10.2500002831221 37.0000004768372 -20.5000005662441 10.2500002831221 32.0000015199184 -20.8235234022141 10.292592458427 37.0000004768372 -20.8235234022141 10.292592458427 32.0000015199184 -21.1249999701977 10.4174679145217 37.0000004768372 -21.1249999701977 10.4174679145217 32.0000015199184 -21.3838834315538 10.6161162257195 37.0000004768372 -21.3838834315538 10.6161162257195 32.0000015199184 -21.5825326740742 10.8749996870756 37.0000004768372 -21.5825326740742 10.8749996870756 32.0000015199184 -21.7074081301689 11.1764762550592 37.0000004768372 -21.7074081301689 11.1764762550592 32.0000015199184 -21.7499993741512 11.5000000223517 37.0000004768372 -21.7499993741512 11.5000000223517 32.0000015199184 -21.7074081301689 11.8235237896442 37.0000004768372 -21.7074081301689 11.8235237896442 32.0000015199184 -21.5825326740742 12.1250003576279 37.0000004768372 -21.5825326740742 12.1250003576279 32.0000015199184 -21.3838834315538 12.383883818984 37.0000004768372 -21.3838834315538 12.383883818984 32.0000015199184 -21.1249999701977 12.5825321301818 37.0000004768372 -21.1249999701977 12.5825321301818 32.0000015199184 -20.8235234022141 12.7074075862765 37.0000004768372 -20.8235234022141 12.7074075862765 32.0000015199184 -20.5000005662441 12.7499997615814 37.0000004768372 -20.5000005662441 12.7499997615814 32.0000015199184 -20.1764758676291 12.7074075862765 37.0000004768372 -20.1764758676291 12.7074075862765 32.0000015199184 -19.8749992996454 12.5825321301818 37.0000004768372 -19.8749992996454 12.5825321301818 32.0000015199184 -19.6161158382893 12.383883818984 37.0000004768372 -19.6161158382893 12.383883818984 32.0000015199184 -19.4174684584141 12.1250003576279 37.0000004768372 -19.4174684584141 12.1250003576279 32.0000015199184 -19.2925930023193 11.8235237896442 37.0000004768372 -19.2925930023193 11.8235237896442 32.0000015199184 -19.2925930023193 11.1764762550592 32.0000015199184 -20.5000005662441 11.5000000223517 32.0000015199184 -19.6161158382893 10.6161162257195 32.0000015199184 -19.4174684584141 10.8749996870756 32.0000015199184 -19.4174684584141 12.1250003576279 32.0000015199184 -19.6161158382893 12.383883818984 32.0000015199184 -19.8749992996454 12.5825321301818 32.0000015199184 -20.1764758676291 12.7074075862765 32.0000015199184 -20.5000005662441 12.7499997615814 32.0000015199184 -20.8235234022141 12.7074075862765 32.0000015199184 -21.1249999701977 12.5825321301818 32.0000015199184 -21.3838834315538 12.383883818984 32.0000015199184 -21.5825326740742 12.1250003576279 32.0000015199184 -21.7074081301689 11.8235237896442 32.0000015199184 -21.7499993741512 11.5000000223517 32.0000015199184 -21.7074081301689 11.1764762550592 32.0000015199184 -21.5825326740742 10.8749996870756 32.0000015199184 -21.3838834315538 10.6161162257195 32.0000015199184 -21.1249999701977 10.4174679145217 32.0000015199184 -20.8235234022141 10.292592458427 32.0000015199184 -20.5000005662441 10.2500002831221 32.0000015199184 -20.1764758676291 10.292592458427 32.0000015199184 -19.8749992996454 10.4174679145217 32.0000015199184 -19.2925930023193 11.8235237896442 32.0000015199184 -19.2925930023193 11.1764762550592 32.0000015199184 -19.2499998956919 11.5000000223517 32.0000015199184 -19.2925930023193 139.823526144028 37.0000004768372 -19.4174684584141 140.125006437302 32.0000015199184 -19.2925930023193 139.823526144028 32.0000015199184 -19.4174684584141 140.125006437302 37.0000004768372 -19.6161158382893 140.383884310722 32.0000015199184 -19.6161158382893 140.383884310722 37.0000004768372 -19.8749992996454 140.582531690598 32.0000015199184 -19.8749992996454 140.582531690598 37.0000004768372 -20.1764758676291 140.707403421402 32.0000015199184 -20.1764758676291 140.707403421402 37.0000004768372 -20.5000005662441 140.750005841255 32.0000015199184 -20.5000005662441 140.750005841255 37.0000004768372 -20.8235234022141 140.707403421402 32.0000015199184 -20.8235234022141 140.707403421402 37.0000004768372 -21.1249999701977 140.582531690598 32.0000015199184 -21.1249999701977 140.582531690598 37.0000004768372 -21.3838834315538 140.383884310722 32.0000015199184 -19.2499998956919 139.500007033348 32.0000015199184 -19.2925930023193 139.176473021507 37.0000004768372 -19.2499998956919 139.500007033348 37.0000004768372 -21.3838834315538 140.383884310722 37.0000004768372 -21.5825326740742 140.125006437302 32.0000015199184 -21.5825326740742 140.125006437302 37.0000004768372 -21.7074081301689 139.823526144028 32.0000015199184 -21.7074081301689 139.823526144028 37.0000004768372 -21.7499993741512 139.500007033348 32.0000015199184 -21.7499993741512 139.500007033348 37.0000004768372 -21.7074081301689 139.176473021507 32.0000015199184 -21.7074081301689 139.176473021507 37.0000004768372 -21.5825326740742 138.874992728233 32.0000015199184 -21.5825326740742 138.874992728233 37.0000004768372 -21.3838834315538 138.616114854813 32.0000015199184 -21.3838834315538 138.616114854813 37.0000004768372 -21.1249999701977 138.417467474937 32.0000015199184 -21.1249999701977 138.417467474937 37.0000004768372 -20.8235234022141 138.292595744133 32.0000015199184 -20.8235234022141 138.292595744133 37.0000004768372 -20.5000005662441 138.24999332428 32.0000015199184 -20.5000005662441 138.24999332428 37.0000004768372 -20.1764758676291 138.292595744133 32.0000015199184 -20.1764758676291 138.292595744133 37.0000004768372 -19.8749992996454 138.417467474937 32.0000015199184 -19.8749992996454 138.417467474937 37.0000004768372 -19.6161158382893 138.616114854813 32.0000015199184 -19.6161158382893 138.616114854813 37.0000004768372 -19.4174684584141 138.874992728233 32.0000015199184 -19.4174684584141 138.874992728233 37.0000004768372 -19.2925930023193 139.176473021507 32.0000015199184 -20.5000005662441 139.500007033348 32.0000015199184 -19.2499998956919 139.500007033348 32.0000015199184 -19.2925930023193 139.823526144028 32.0000015199184 -19.4174684584141 140.125006437302 32.0000015199184 -19.6161158382893 140.383884310722 32.0000015199184 -19.8749992996454 140.582531690598 32.0000015199184 -20.1764758676291 140.707403421402 32.0000015199184 -20.5000005662441 140.750005841255 32.0000015199184 -20.8235234022141 140.707403421402 32.0000015199184 -21.1249999701977 140.582531690598 32.0000015199184 -21.3838834315538 140.383884310722 32.0000015199184 -21.5825326740742 140.125006437302 32.0000015199184 -21.7074081301689 139.823526144028 32.0000015199184 -21.7499993741512 139.500007033348 32.0000015199184 -21.7074081301689 139.176473021507 32.0000015199184 -21.5825326740742 138.874992728233 32.0000015199184 -21.3838834315538 138.616114854813 32.0000015199184 -21.1249999701977 138.417467474937 32.0000015199184 -19.2925930023193 139.176473021507 32.0000015199184 -19.4174684584141 138.874992728233 32.0000015199184 -19.6161158382893 138.616114854813 32.0000015199184 -19.8749992996454 138.417467474937 32.0000015199184 -20.1764758676291 138.292595744133 32.0000015199184 -20.5000005662441 138.24999332428 32.0000015199184 -20.8235234022141 138.292595744133 32.0000015199184 -26.7500001937151 4.09289309754968 -14.6071063354611 -26.7500001937151 4.54118102788925 -14.8659255355597 -26.7500001937151 4.30000014603138 -14.7660253569484 -26.7500001937151 24.4999993592501 28.1660258769989 -26.7500001937151 24.965925142169 27.5588184595108 -26.7500001937151 25.000000372529 27.3000001907349 -26.7500001937151 4.17651003226638 28.0818305909634 -26.7500001937151 3.80000006407499 27.3000001907349 -26.7500001937151 4.0181684307754 27.9234889894724 -26.7500001937151 24.2588184773922 28.2659251242876 -26.7500001937151 24.0000002086163 28.3000003546476 -26.7500001937151 24.7071068733931 28.0071068555117 -26.7500001937151 24.8660258948803 27.7999993413687 -26.7500001937151 24.965925142169 -14.1588188707829 -26.7500001937151 24.0000002086163 -14.8999998345971 -26.7500001937151 25.000000372529 -13.8999996706843 -26.7500001937151 24.4999993592501 -14.7660253569484 -26.7500001937151 24.8660258948803 -14.3999997526407 -26.7500001937151 24.7071068733931 -14.6071063354611 -26.7500001937151 4.80000022798777 -14.8999998345971 -26.7500001937151 3.93397454172373 -14.3999997526407 -26.7500001937151 24.2588184773922 -14.8659255355597 -26.7500001937151 3.83407413028181 -14.1588188707829 -26.7500001937151 3.80000006407499 -13.8999996706843 -26.7500001937151 4.5774788595736 28.2749272882938 -26.7500001937151 4.80000022798777 28.3000003546476 -26.7500001937151 4.36611613258719 28.2009690999985 -26.7500001937151 3.82507219910622 27.5225210934877 -26.7500001937151 3.89903108589351 27.7338828891516 -27.8999991714954 3.80000006407499 27.3000001907349 -26.7500001937151 3.80000006407499 -13.8999996706843 -27.8999991714954 3.80000006407499 -13.8999996706843 -26.7500001937151 3.80000006407499 27.3000001907349 -26.7500001937151 3.82507219910622 27.5225210934877 -27.8999991714954 3.80000006407499 27.3000001907349 -27.8999991714954 3.82507219910622 27.5225210934877 -26.7500001937151 3.89903108589351 27.7338828891516 -27.8999991714954 3.89903108589351 27.7338828891516 -26.7500001937151 4.0181684307754 27.9234889894724 -27.8999991714954 4.0181684307754 27.9234889894724 -26.7500001937151 4.17651003226638 28.0818305909634 -27.8999991714954 4.17651003226638 28.0818305909634 -26.7500001937151 3.80000006407499 27.3000001907349 -26.7500001937151 4.5774788595736 28.2749272882938 -27.8999991714954 4.36611613258719 28.2009690999985 -27.8999991714954 4.5774788595736 28.2749272882938 -26.7500001937151 4.80000022798777 28.3000003546476 -27.8999991714954 4.80000022798777 28.3000003546476 -26.7500001937151 4.36611613258719 28.2009690999985 -26.7500001937151 4.80000022798777 28.3000003546476 -27.8999991714954 24.0000002086163 28.3000003546476 -26.7500001937151 24.0000002086163 28.3000003546476 -27.8999991714954 4.80000022798777 28.3000003546476 -27.8999991714954 24.2588184773922 28.2659251242876 -26.7500001937151 24.4999993592501 28.1660258769989 -26.7500001937151 24.2588184773922 28.2659251242876 -27.8999991714954 24.0000002086163 28.3000003546476 -26.7500001937151 24.0000002086163 28.3000003546476 -27.8999991714954 24.4999993592501 28.1660258769989 -26.7500001937151 24.7071068733931 28.0071068555117 -27.8999991714954 24.7071068733931 28.0071068555117 -26.7500001937151 24.8660258948803 27.7999993413687 -27.8999991714954 24.8660258948803 27.7999993413687 -26.7500001937151 24.965925142169 27.5588184595108 -27.8999991714954 24.965925142169 27.5588184595108 -26.7500001937151 25.000000372529 27.3000001907349 -27.8999991714954 25.000000372529 27.3000001907349 -26.7500001937151 25.000000372529 -13.8999996706843 -27.8999991714954 25.000000372529 27.3000001907349 -27.8999991714954 25.000000372529 -13.8999996706843 -26.7500001937151 25.000000372529 27.3000001907349 -26.7500001937151 24.2588184773922 -14.8659255355597 -27.8999991714954 24.4999993592501 -14.7660253569484 -27.8999991714954 24.2588184773922 -14.8659255355597 -26.7500001937151 24.0000002086163 -14.8999998345971 -27.8999991714954 24.0000002086163 -14.8999998345971 -26.7500001937151 24.4999993592501 -14.7660253569484 -27.8999991714954 24.7071068733931 -14.6071063354611 -26.7500001937151 24.8660258948803 -14.3999997526407 -27.8999991714954 24.965925142169 -14.1588188707829 -27.8999991714954 24.8660258948803 -14.3999997526407 -26.7500001937151 24.965925142169 -14.1588188707829 -27.8999991714954 25.000000372529 -13.8999996706843 -26.7500001937151 25.000000372529 -13.8999996706843 -26.7500001937151 24.7071068733931 -14.6071063354611 -26.7500001937151 4.80000022798777 -14.8999998345971 -27.8999991714954 24.0000002086163 -14.8999998345971 -27.8999991714954 4.80000022798777 -14.8999998345971 -26.7500001937151 24.0000002086163 -14.8999998345971 -26.7500001937151 3.80000006407499 -13.8999996706843 -27.8999991714954 3.83407413028181 -14.1588188707829 -27.8999991714954 3.80000006407499 -13.8999996706843 -26.7500001937151 3.93397454172373 -14.3999997526407 -27.8999991714954 4.09289309754968 -14.6071063354611 -27.8999991714954 3.93397454172373 -14.3999997526407 -26.7500001937151 4.09289309754968 -14.6071063354611 -27.8999991714954 4.30000014603138 -14.7660253569484 -26.7500001937151 4.30000014603138 -14.7660253569484 -27.8999991714954 4.54118102788925 -14.8659255355597 -26.7500001937151 4.54118102788925 -14.8659255355597 -27.8999991714954 4.80000022798777 -14.8999998345971 -26.7500001937151 4.80000022798777 -14.8999998345971 -26.7500001937151 3.83407413028181 -14.1588188707829 -26.0000005364418 11.6999996826053 -416.35000705719 -26.0000005364418 8.27096309512854 -417.268812656403 -26.0000005364418 8.15000012516975 -416.35000705719 -26.0000005364418 8.62560980021954 -418.125003576279 -26.0000005364418 9.18977055698633 -418.860226869583 -26.0000005364418 9.9250003695488 -419.424384832382 -26.0000005364418 10.7811922207475 -419.779032468796 -26.0000005364418 11.6999996826053 -419.900000095367 -26.0000005364418 12.6188071444631 -419.779032468796 -26.0000005364418 13.4749999269843 -419.424384832382 -26.0000005364418 14.2102288082242 -418.860226869583 -26.0000005364418 14.7743904963136 -418.125003576279 -26.0000005364418 15.129036270082 -417.268812656403 -26.0000005364418 15.2500001713634 -416.35000705719 -26.0000005364418 14.7743904963136 -414.575010538101 -26.0000005364418 15.129036270082 -415.431201457977 -26.0000005364418 14.2102288082242 -413.839757442474 -26.0000005364418 13.4749999269843 -413.275599479675 -26.0000005364418 12.6188071444631 -412.920951843262 -26.0000005364418 11.6999996826053 -412.800014019012 -26.0000005364418 10.7811922207475 -412.920951843262 -26.0000005364418 9.9250003695488 -413.275599479675 -26.0000005364418 9.18977055698633 -413.839757442474 -26.0000005364418 8.62560980021954 -414.575010538101 -26.0000005364418 8.27096309512854 -415.431201457977 -26.0000005364418 9.18977055698633 -413.839757442474 -27.8999991714954 8.62560980021954 -414.575010538101 -27.8999991714954 9.18977055698633 -413.839757442474 -26.0000005364418 9.9250003695488 -413.275599479675 -27.8999991714954 9.9250003695488 -413.275599479675 -26.0000005364418 10.7811922207475 -412.920951843262 -27.8999991714954 10.7811922207475 -412.920951843262 -26.0000005364418 11.6999996826053 -412.800014019012 -27.8999991714954 11.6999996826053 -412.800014019012 -26.0000005364418 12.6188071444631 -412.920951843262 -27.8999991714954 12.6188071444631 -412.920951843262 -26.0000005364418 13.4749999269843 -413.275599479675 -27.8999991714954 13.4749999269843 -413.275599479675 -26.0000005364418 14.2102288082242 -413.839757442474 -27.8999991714954 14.2102288082242 -413.839757442474 -26.0000005364418 14.7743904963136 -414.575010538101 -27.8999991714954 14.7743904963136 -414.575010538101 -26.0000005364418 15.129036270082 -415.431201457977 -27.8999991714954 15.129036270082 -415.431201457977 -26.0000005364418 15.2500001713634 -416.35000705719 -27.8999991714954 15.2500001713634 -416.35000705719 -26.0000005364418 8.62560980021954 -414.575010538101 -27.8999991714954 8.27096309512854 -415.431201457977 -26.0000005364418 14.7743904963136 -418.125003576279 -27.8999991714954 15.129036270082 -417.268812656403 -27.8999991714954 14.7743904963136 -418.125003576279 -26.0000005364418 13.4749999269843 -419.424384832382 -27.8999991714954 14.2102288082242 -418.860226869583 -27.8999991714954 13.4749999269843 -419.424384832382 -26.0000005364418 12.6188071444631 -419.779032468796 -27.8999991714954 12.6188071444631 -419.779032468796 -26.0000005364418 11.6999996826053 -419.900000095367 -27.8999991714954 11.6999996826053 -419.900000095367 -26.0000005364418 10.7811922207475 -419.779032468796 -27.8999991714954 10.7811922207475 -419.779032468796 -26.0000005364418 9.9250003695488 -419.424384832382 -27.8999991714954 9.9250003695488 -419.424384832382 -26.0000005364418 9.18977055698633 -418.860226869583 -27.8999991714954 9.18977055698633 -418.860226869583 -26.0000005364418 8.62560980021954 -418.125003576279 -27.8999991714954 8.62560980021954 -418.125003576279 -26.0000005364418 8.27096309512854 -417.268812656403 -27.8999991714954 8.27096309512854 -417.268812656403 -26.0000005364418 8.15000012516975 -416.35000705719 -27.8999991714954 8.15000012516975 -416.35000705719 -26.0000005364418 8.27096309512854 -415.431201457977 -26.0000005364418 15.129036270082 -417.268812656403 -26.0000005364418 14.2102288082242 -418.860226869583 -8.20000004023314 -41.4500012993813 -453.20001244545 -8.20000004023314 -35.1499989628792 37.0000004768372 -8.20000004023314 -35.1499989628792 -453.20001244545 -8.20000004023314 -41.4500012993813 37.0000004768372 -8.17785132676363 -41.6182316839695 -453.20001244545 -8.20000004023314 -41.4500012993813 37.0000004768372 -8.20000004023314 -41.4500012993813 -453.20001244545 -8.11291672289371 -41.7749993503094 -453.20001244545 -8.17785132676363 -41.6182316839695 37.0000004768372 -8.00961907953024 -41.9096201658249 -453.20001244545 -8.11291672289371 -41.7749993503094 37.0000004768372 -7.87500012665987 -42.0129150152206 -453.20001244545 -8.00961907953024 -41.9096201658249 37.0000004768372 -7.71823246032 -42.0778505504131 -453.20001244545 -7.87500012665987 -42.0129150152206 37.0000004768372 -7.55000021308661 -42.1000011265278 -453.20001244545 -7.71823246032 -42.0778505504131 37.0000004768372 -7.38176750019193 -42.0778505504131 -453.20001244545 -7.55000021308661 -42.1000011265278 37.0000004768372 -7.22499983385205 -42.0129150152206 -453.20001244545 -7.38176750019193 -42.0778505504131 37.0000004768372 -7.0903804153204 -41.9096201658249 -453.20001244545 -7.22499983385205 -42.0129150152206 37.0000004768372 -6.9870837032795 -41.7749993503094 -453.20001244545 -7.0903804153204 -41.9096201658249 37.0000004768372 -6.92214816808701 -41.6182316839695 -453.20001244545 -6.9870837032795 -41.7749993503094 37.0000004768372 -6.89999992027879 -41.4500012993813 -453.20001244545 -6.92214816808701 -41.6182316839695 37.0000004768372 -6.89999992027879 -41.4500012993813 37.0000004768372 -6.89999992027879 -25.9577222168446 -453.20001244545 -6.89999992027879 -41.4500012993813 37.0000004768372 -6.89999992027879 -41.4500012993813 -453.20001244545 -6.89999992027879 -25.9577222168446 37.0000004768372 -7.54044810310006 -7.30000017210841 -453.20001244545 -6.89999992027879 -25.9577222168446 37.0000004768372 -6.89999992027879 -25.9577222168446 -453.20001244545 -12.9000591114163 148.837730288506 37.0000004768372 -12.9000591114163 148.837730288506 -453.20001244545 -12.9454666748643 149.114966392517 -453.20001244545 -12.9000591114163 148.837730288506 37.0000004768372 -12.9000591114163 148.837730288506 -453.20001244545 -13.0596132948995 149.371638894081 -453.20001244545 -12.9454666748643 149.114966392517 37.0000004768372 -13.2350521162152 149.591043591499 -453.20001244545 -13.0596132948995 149.371638894081 37.0000004768372 -13.460342772305 149.758860468864 -453.20001244545 -13.2350521162152 149.591043591499 37.0000004768372 -13.7207917869091 149.864122271538 -453.20001244545 -13.460342772305 149.758860468864 37.0000004768372 -13.9994118362665 149.900004267693 -453.20001244545 -13.7207917869091 149.864122271538 37.0000004768372 -13.9994118362665 149.900004267693 37.0000004768372 -26.7999991774559 149.900004267693 37.0000004768372 -18.6000000685453 149.900004267693 -437.000006437302 -26.7999991774559 149.900004267693 -437.000006437302 -13.9994118362665 149.900004267693 -453.20001244545 -18.6000000685453 149.900004267693 -453.20001244545 -13.9994118362665 149.900004267693 37.0000004768372 -27.8625190258026 149.084702134132 -437.000006437302 -27.7526285499334 149.350002408028 37.0000004768372 -27.7526285499334 149.350002408028 -437.000006437302 -27.8999991714954 148.800000548363 -437.000006437302 -27.8625190258026 149.084702134132 37.0000004768372 -27.8999991714954 148.800000548363 37.0000004768372 -27.577817440033 149.577811360359 37.0000004768372 -27.577817440033 149.577811360359 -437.000006437302 -27.3499991744757 149.752631783485 37.0000004768372 -27.0847007632256 149.862512946129 37.0000004768372 -27.3499991744757 149.752631783485 -437.000006437302 -26.7999991774559 149.900004267693 37.0000004768372 -27.0847007632256 149.862512946129 -437.000006437302 -26.7999991774559 149.900004267693 -437.000006437302 -27.8999991714954 14.2102288082242 -413.839757442474 -27.8999991714954 4.09289309754968 -14.6071063354611 -27.8999991714954 14.7743904963136 -414.575010538101 -27.8999991714954 4.80000022798777 -14.8999998345971 -27.8999991714954 148.800000548363 -437.000006437302 -27.8999991714954 4.54118102788925 -14.8659255355597 -27.8999991714954 4.30000014603138 -14.7660253569484 -27.8999991714954 15.2500001713634 -416.35000705719 -27.8999991714954 24.0000002086163 -14.8999998345971 -27.8999991714954 15.129036270082 -417.268812656403 -27.8999991714954 24.2588184773922 -14.8659255355597 -27.8999991714954 14.7743904963136 -418.125003576279 -27.8999991714954 25.000000372529 -13.8999996706843 -27.8999991714954 148.800000548363 37.0000004768372 -27.8999991714954 24.965925142169 -14.1588188707829 -27.8999991714954 3.82507219910622 27.5225210934877 -27.8999991714954 -17.2000005841255 37.0000004768372 -27.8999991714954 3.89903108589351 27.7338828891516 -27.8999991714954 4.36611613258719 28.2009690999985 -27.8999991714954 4.17651003226638 28.0818305909634 -27.8999991714954 11.6999996826053 -412.800014019012 -27.8999991714954 3.93397454172373 -14.3999997526407 -27.8999991714954 10.7811922207475 -412.920951843262 -27.8999991714954 -17.2000005841255 -437.000006437302 -27.8999991714954 12.6188071444631 -419.779032468796 -27.8999991714954 25.000000372529 27.3000001907349 -27.8999991714954 24.965925142169 27.5588184595108 -27.8999991714954 4.5774788595736 28.2749272882938 -27.8999991714954 4.0181684307754 27.9234889894724 -27.8999991714954 3.83407413028181 -14.1588188707829 -27.8999991714954 11.6999996826053 -419.900000095367 -27.8999991714954 14.2102288082242 -418.860226869583 -27.8999991714954 24.0000002086163 28.3000003546476 -27.8999991714954 24.2588184773922 28.2659251242876 -27.8999991714954 24.8660258948803 27.7999993413687 -27.8999991714954 24.8660258948803 -14.3999997526407 -27.8999991714954 24.4999993592501 -14.7660253569484 -27.8999991714954 24.7071068733931 -14.6071063354611 -27.8999991714954 13.4749999269843 -419.424384832382 -27.8999991714954 10.7811922207475 -419.779032468796 -27.8999991714954 9.9250003695488 -419.424384832382 -27.8999991714954 9.18977055698633 -418.860226869583 -27.8999991714954 8.62560980021954 -418.125003576279 -27.8999991714954 8.27096309512854 -415.431201457977 -27.8999991714954 8.62560980021954 -414.575010538101 -27.8999991714954 9.18977055698633 -413.839757442474 -27.8999991714954 15.129036270082 -415.431201457977 -27.8999991714954 13.4749999269843 -413.275599479675 -27.8999991714954 4.80000022798777 28.3000003546476 -27.8999991714954 24.4999993592501 28.1660258769989 -27.8999991714954 8.27096309512854 -417.268812656403 -27.8999991714954 8.15000012516975 -416.35000705719 -27.8999991714954 9.9250003695488 -413.275599479675 -27.8999991714954 12.6188071444631 -412.920951843262 -27.8999991714954 24.7071068733931 28.0071068555117 -27.8999991714954 3.80000006407499 -13.8999996706843 -27.8999991714954 3.80000006407499 27.3000001907349 -27.8999991714954 -17.2000005841255 37.0000004768372 -27.8693325817585 -17.4329373985529 -437.000006437302 -27.8693325817585 -17.4329373985529 37.0000004768372 -27.7794227004051 -17.6500007510185 -437.000006437302 -27.7794227004051 -17.6500007510185 37.0000004768372 -27.6363957673311 -17.8363956511021 -437.000006437302 -27.6363957673311 -17.8363956511021 37.0000004768372 -27.4500008672476 -17.9794225841761 -437.000006437302 -27.4500008672476 -17.9794225841761 37.0000004768372 -27.232937514782 -18.0693324655294 -437.000006437302 -27.232937514782 -18.0693324655294 37.0000004768372 -27.0000007003546 -18.1000009179115 -437.000006437302 -27.0000007003546 -18.1000009179115 37.0000004768372 -27.8999991714954 -17.2000005841255 -437.000006437302 -25.2000000327826 -18.1000009179115 35.5000011622906 -27.0000007003546 -18.1000009179115 -437.000006437302 -25.2000000327826 -18.1000009179115 -437.000006437302 -27.0000007003546 -18.1000009179115 37.0000004768372 -24.4999993592501 -18.1000009179115 37.0000004768372 -24.4999993592501 -18.1000009179115 35.5000011622906</float_array><technique_common><accessor count="2995" source="#bau0234569715-mesh-positions-array" stride="3"><param name="X" type="float" /><param name="Y" type="float" /><param name="Z" type="float" /></accessor></technique_common></source><source id="bau0234569715-mesh-normals"><float_array id="bau0234569715-mesh-normals-array" count="8985">0 0 -1 0 0 -1 0 0 -1 0 0 -1 0 0 -1 0 0 -1 0 0 -1 0 0 -1 0 0 -1 0 0 -1 0 0 -1 0 0 -1 0 0 -1 0 0 -1 0 0 -1 0 0 -1 0 0 -1 0 0 -1 0 0 -1 -1 1.05134755117163E-16 0 -1 1.05134755117163E-16 0 -1 1.05134755117163E-16 0 -1 1.05134755117163E-16 0 -1 1.05134755117163E-16 0 -1 1.05134755117163E-16 0 -1 1.05134755117163E-16 0 -1 1.05134755117163E-16 0 -1 1.05134755117163E-16 0 -1 1.05134755117163E-16 0 -1 1.05134755117163E-16 0 -1 1.05134755117163E-16 0 -1 1.05134755117163E-16 0 -1 1.05134755117163E-16 0 -1 1.05134755117163E-16 0 -1 1.05134755117163E-16 0 -1 1.05134755117163E-16 0 -1 1.05134755117163E-16 0 -1 1.05134755117163E-16 0 -1 1.05134755117163E-16 0 -1 1.05134755117163E-16 0 -1 1.05134755117163E-16 0 -1 1.05134755117163E-16 0 -1 1.05134755117163E-16 0 -1 1.05134755117163E-16 0 -1 1.05134755117163E-16 0 -1 1.05134755117163E-16 0 -1 1.05134755117163E-16 0 -1 1.05134755117163E-16 0 -1 1.05134755117163E-16 0 -1 1.05134755117163E-16 0 -1 1.05134755117163E-16 0 -1 1.05134755117163E-16 0 -1 1.05134755117163E-16 0 0 0 -1 0 0 -1 0 0 -1 0 0 -1 0 0 -1 0 0 -1 0 0 -1 0 0 -1 0 0 -1 0 0 -1 0 0 -1 0 0 -1 0 0 -1 0 0 -1 0 0 -1 0 0 -1 0 0 -1 0 0 -1 1.0824385440102E-15 -0.998629510402679 -0.0523359552025795 1.0824385440102E-15 -0.998629510402679 -0.0523359552025795 1.0824385440102E-15 -0.998629510402679 -0.0523359552025795 1.0824385440102E-15 -0.998629510402679 -0.0523359552025795 0 0 1 0 0 1 0 0 1 0 0 1 -1.0824385440102E-15 0.998629510402679 -0.0523359552025795 -1.0824385440102E-15 0.998629510402679 -0.0523359552025795 -1.0824385440102E-15 0.998629510402679 -0.0523359552025795 -1.0824385440102E-15 0.998629510402679 -0.0523359552025795 -1.01193025093133E-15 0.93358039855957 -0.358367949724197 -1.01193025093133E-15 0.93358039855957 -0.358367949724197 -1.01193025093133E-15 0.93358039855957 -0.358367949724197 -1.01193025093133E-15 0.93358039855957 -0.358367949724197 0 0 -1 0 0 -1 0 0 -1 0 0 -1 1.01193025093133E-15 -0.93358039855957 -0.358367949724197 1.01193025093133E-15 -0.93358039855957 -0.358367949724197 1.01193025093133E-15 -0.93358039855957 -0.358367949724197 1.01193025093133E-15 -0.93358039855957 -0.358367949724197 -1 1.05134755117163E-16 0 -1 1.05134755117163E-16 0 -1 1.05134755117163E-16 0 -1 1.05134755117163E-16 0 -1 1.05134755117163E-16 0 -1 1.05134755117163E-16 0 1.0824385440102E-15 -0.998629510402679 -0.0523359552025795 1.0824385440102E-15 -0.998629510402679 -0.0523359552025795 1.0824385440102E-15 -0.998629510402679 -0.0523359552025795 1.0824385440102E-15 -0.998629510402679 -0.0523359552025795 0 0 1 0 0 1 0 0 1 0 0 1 -1.0824385440102E-15 0.998629510402679 -0.0523359552025795 -1.0824385440102E-15 0.998629510402679 -0.0523359552025795 -1.0824385440102E-15 0.998629510402679 -0.0523359552025795 -1.0824385440102E-15 0.998629510402679 -0.0523359552025795 -1.01193025093133E-15 0.93358039855957 -0.358367949724197 -1.01193025093133E-15 0.93358039855957 -0.358367949724197 -1.01193025093133E-15 0.93358039855957 -0.358367949724197 -1.01193025093133E-15 0.93358039855957 -0.358367949724197 0 0 -1 0 0 -1 0 0 -1 0 0 -1 1.01193025093133E-15 -0.93358039855957 -0.358367949724197 1.01193025093133E-15 -0.93358039855957 -0.358367949724197 1.01193025093133E-15 -0.93358039855957 -0.358367949724197 1.01193025093133E-15 -0.93358039855957 -0.358367949724197 -1 -1.0858144997006E-15 -5.69051226169771E-17 -1 -1.0858144997006E-15 -5.69051226169771E-17 -1 -1.0858144997006E-15 -5.69051226169771E-17 -1 -1.0858144997006E-15 -5.69051226169771E-17 -1 -1.0858144997006E-15 -5.69051226169771E-17 -1 -1.0858144997006E-15 -5.69051226169771E-17 -1.08392402804145E-15 1 8.67361737988404E-16 -1.08392402804145E-15 1 8.67361737988404E-16 -1.08392402804145E-15 1 8.67361737988404E-16 -1.08392402804145E-15 1 8.67361737988404E-16 0 0 -1 0 0 -1 0 0 -1 0 0 -1 1.08392402804145E-15 -1 0 1.08392402804145E-15 -1 0 1.08392402804145E-15 -1 0 1.08392402804145E-15 -1 0 0 0 1 0 0 1 0 0 1 0 0 1 -1 -1.04083408558608E-15 -9.02779661431517E-31 -1 -1.04083408558608E-15 -9.02779661431517E-31 -1 -1.04083408558608E-15 -9.02779661431517E-31 -1 -1.04083408558608E-15 -9.02779661431517E-31 0 0 -1 0 0 -1 0 0 -1 0 0 -1 1.08392402804145E-15 -1 0 1.08392402804145E-15 -1 0 1.08392402804145E-15 -1 0 1.08392402804145E-15 -1 0 0 0 1 0 0 1 0 0 1 0 0 1 -1.08392402804145E-15 1 0 -1.08392402804145E-15 1 0 -1.08392402804145E-15 1 0 -1.08392402804145E-15 1 0 -1 -1.04083408558608E-15 0 -1 -1.04083408558608E-15 0 -1 -1.04083408558608E-15 0 -1 -1.04083408558608E-15 0 1 -1.39709275506945E-15 0 1 -1.39709275506945E-15 0 1 -1.39709275506945E-15 0 1 -1.39709275506945E-15 0 0.70710676908493 -9.87893785228862E-16 -0.70710676908493 0.70710676908493 -9.87893785228862E-16 -0.70710676908493 0.70710676908493 -9.87893785228862E-16 -0.70710676908493 0.70710676908493 -9.87893785228862E-16 -0.70710676908493 -0.0523359552025795 7.31181868778166E-17 -0.998629510402679 -0.0523359552025795 7.31181868778166E-17 -0.998629510402679 -0.0523359552025795 7.31181868778166E-17 -0.998629510402679 -0.0523359552025795 7.31181868778166E-17 -0.998629510402679 -1 1.39709275506945E-15 0 -1 1.39709275506945E-15 0 -1 1.39709275506945E-15 0 -1 1.39709275506945E-15 0 -0.0174524057656527 2.43826308626582E-17 0.999847710132599 -0.0174524057656527 2.43826308626582E-17 0.999847710132599 -0.0174524057656527 2.43826308626582E-17 0.999847710132599 -0.0174524057656527 2.43826308626582E-17 0.999847710132599 1.4922352014742E-15 1 -4.802626050793E-30 1.4922352014742E-15 1 -4.802626050793E-30 1.4922352014742E-15 1 -4.802626050793E-30 1.4922352014742E-15 1 -4.802626050793E-30 1.4922352014742E-15 1 -4.802626050793E-30 1.4922352014742E-15 1 -4.802626050793E-30 1.4922352014742E-15 1 -4.802626050793E-30 -1.4922352014742E-15 -1 4.802626050793E-30 -1.4922352014742E-15 -1 4.802626050793E-30 -1.4922352014742E-15 -1 4.802626050793E-30 -1.4922352014742E-15 -1 4.802626050793E-30 -1.4922352014742E-15 -1 4.802626050793E-30 -1.4922352014742E-15 -1 4.802626050793E-30 -1.4922352014742E-15 -1 4.802626050793E-30 1 -1.39709275506945E-15 0 1 -1.39709275506945E-15 0 1 -1.39709275506945E-15 0 1 -1.39709275506945E-15 0 0.70710676908493 -9.87893785228862E-16 -0.70710676908493 0.70710676908493 -9.87893785228862E-16 -0.70710676908493 0.70710676908493 -9.87893785228862E-16 -0.70710676908493 0.70710676908493 -9.87893785228862E-16 -0.70710676908493 -0.0523359552025795 7.31181868778166E-17 -0.998629510402679 -0.0523359552025795 7.31181868778166E-17 -0.998629510402679 -0.0523359552025795 7.31181868778166E-17 -0.998629510402679 -0.0523359552025795 7.31181868778166E-17 -0.998629510402679 -1 1.39709275506945E-15 0 -1 1.39709275506945E-15 0 -1 1.39709275506945E-15 0 -1 1.39709275506945E-15 0 -0.0174524057656527 2.43826308626582E-17 0.999847710132599 -0.0174524057656527 2.43826308626582E-17 0.999847710132599 -0.0174524057656527 2.43826308626582E-17 0.999847710132599 -0.0174524057656527 2.43826308626582E-17 0.999847710132599 1.4922352014742E-15 1 -4.802626050793E-30 1.4922352014742E-15 1 -4.802626050793E-30 1.4922352014742E-15 1 -4.802626050793E-30 1.4922352014742E-15 1 -4.802626050793E-30 1.4922352014742E-15 1 -4.802626050793E-30 1.4922352014742E-15 1 -4.802626050793E-30 1.4922352014742E-15 1 -4.802626050793E-30 -1.4922352014742E-15 -1 4.802626050793E-30 -1.4922352014742E-15 -1 4.802626050793E-30 -1.4922352014742E-15 -1 4.802626050793E-30 -1.4922352014742E-15 -1 4.802626050793E-30 -1.4922352014742E-15 -1 4.802626050793E-30 -1.4922352014742E-15 -1 4.802626050793E-30 -1.4922352014742E-15 -1 4.802626050793E-30 -1 0 2.10269510234327E-16 -1 0 2.10269510234327E-16 -1 0 2.10269510234327E-16 -1 0 2.10269510234327E-16 -1 0 2.10269510234327E-16 0 0 -1 0 0 -1 0 0 -1 0 0 -1 0 0 -1 0.342020153999329 -0.939692616462708 0 0.342020153999329 -0.939692616462708 0 0.342020153999329 -0.939692616462708 0 0.342020153999329 -0.939692616462708 0 0.342020153999329 -0.939692616462708 0 -0.939692616462708 -0.342020153999329 0 -0.939692616462708 -0.342020153999329 0 -0.939692616462708 -0.342020153999329 0 -0.939692616462708 -0.342020153999329 0 -0.342020153999329 0.939692616462708 0 -0.342020153999329 0.939692616462708 0 -0.342020153999329 0.939692616462708 0 -0.342020153999329 0.939692616462708 0 0.342020153999329 -0.939692616462708 0 0.342020153999329 -0.939692616462708 0 0.342020153999329 -0.939692616462708 0 0.342020153999329 -0.939692616462708 0 0.342020153999329 -0.939692616462708 0 0.342020153999329 -0.939692616462708 0 0.342020153999329 -0.939692616462708 0 0.342020153999329 -0.939692616462708 0 0.342020153999329 -0.939692616462708 0 0.342020153999329 -0.939692616462708 0 0.342020153999329 -0.939692616462708 0 -0.939692616462708 -0.342020153999329 0 -0.939692616462708 -0.342020153999329 0 -0.939692616462708 -0.342020153999329 0 -0.939692616462708 -0.342020153999329 0 -0.342020153999329 0.939692616462708 0 -0.342020153999329 0.939692616462708 0 -0.342020153999329 0.939692616462708 0 -0.342020153999329 0.939692616462708 0 -0.342020153999329 0.939692616462708 0 -0.342020153999329 0.939692616462708 0 -0.342020153999329 0.939692616462708 0 -0.342020153999329 0.939692616462708 0 -0.342020153999329 0.939692616462708 0 -0.342020153999329 0.939692616462708 0 -0.342020153999329 0.939692616462708 0 -1 0 0 -1 0 0 -1 0 0 -1 0 0 -1 0 0 -1 0 0 -1 0 0 -1 0 0 -1 0 0 -1 0 0 -1 0 0 -1 0 0 -1 0 0 -1 0 0 -1 0 0 -1 0 0 -1 0 0 -1 0 0 -1 0 0 -1 0 0 -1 0 0 -1 0 0 0 0 -1 0 0 -1 0 0 -1 0 0 -1 0 0 -1 0 0 -1 0 0 -1 0 0 -1 0 0 -1 0 0 -1 0 0 -1 0 0 -1 0 0 -1 0 0 -1 0 0 -1 0 0 -1 0 0 1 0 0 1 0 0 1 0 0 1 0 0 1 0 0 1 0 0 1 0 0 1 0 0 1 0 0 1 0 0 1 0 0 1 0 0 1 0 0 1 0 0 1 0 0 1 0 0 1 -0.812232851982117 -0.583333313465118 4.62592915633376E-14 -0.64122462272644 -0.767353236675262 0 -0.812232851982117 -0.583333313465118 4.62592915633376E-14 -0.64122462272644 -0.767353236675262 0 -0.812232851982117 -0.583333313465118 4.62592915633376E-14 -0.812232851982117 -0.583333313465118 4.62592915633376E-14 -0.812232851982117 -0.583333313465118 4.62592915633376E-14 0.306404262781143 -0.951901495456696 0 0.533970713615417 -0.845502972602844 0 0.533970713615417 -0.845502972602844 0 -0.429750591516495 -0.902947664260864 0 -0.429750591516495 -0.902947664260864 0 -0.191156193614006 -0.981559634208679 0 -0.191156193614006 -0.981559634208679 0 0.0595015212893486 -0.998228192329407 0 0.0595015212893486 -0.998228192329407 0 0.306404262781143 -0.951901495456696 0 0.727839767932892 -0.68574720621109 0 0.727839767932892 -0.68574720621109 0 0.875777006149292 -0.482715904712677 0 0.875777006149292 -0.482715904712677 0 0.968446433544159 -0.249221786856651 0 0.968446433544159 -0.249221786856651 0 1 0 5.7824114454172E-15 1 0 5.7824114454172E-15 -0.812232851982117 -0.583333313465118 4.62592915633376E-14 -0.812232851982117 -0.583333313465118 4.62592915633376E-14 -0.812232851982117 -0.583333313465118 4.62592915633376E-14 -0.812232851982117 -0.583333313465118 4.62592915633376E-14 -5.8737065622964E-16 -1 0 -5.8737065622964E-16 -1 0 -5.8737065622964E-16 -1 0 -5.8737065622964E-16 -1 0 -5.8737065622964E-16 -1 0 -5.8737065622964E-16 -1 0 -5.8737065622964E-16 -1 0 -5.8737065622964E-16 -1 0 -5.8737065622964E-16 -1 0 -5.8737065622964E-16 -1 0 -5.8737065622964E-16 -1 0 -5.8737065622964E-16 -1 0 -5.8737065622964E-16 -1 0 -5.8737065622964E-16 -1 0 -5.8737065622964E-16 -1 0 -5.8737065622964E-16 -1 0 -5.8737065622964E-16 -1 0 -5.8737065622964E-16 -1 0 -5.8737065622964E-16 -1 0 -5.8737065622964E-16 -1 0 -5.8737065622964E-16 -1 0 -5.8737065622964E-16 -1 0 -5.8737065622964E-16 -1 0 -5.8737065622964E-16 -1 0 -5.8737065622964E-16 -1 0 -5.8737065622964E-16 -1 0 -5.8737065622964E-16 -1 0 -5.8737065622964E-16 -1 0 -5.8737065622964E-16 -1 0 -5.8737065622964E-16 -1 0 -5.8737065622964E-16 -1 0 -5.8737065622964E-16 -1 0 -5.8737065622964E-16 -1 0 -5.8737065622964E-16 -1 0 -5.8737065622964E-16 -1 0 -5.8737065622964E-16 -1 0 -5.8737065622964E-16 -1 0 -5.8737065622964E-16 -1 0 -5.8737065622964E-16 -1 0 -5.8737065622964E-16 -1 0 -5.8737065622964E-16 -1 0 -5.8737065622964E-16 -1 0 -5.8737065622964E-16 -1 0 -5.8737065622964E-16 -1 0 -5.8737065622964E-16 -1 0 -5.8737065622964E-16 -1 0 -5.8737065622964E-16 -1 0 -5.8737065622964E-16 -1 0 -5.8737065622964E-16 -1 0 -5.8737065622964E-16 -1 0 -5.8737065622964E-16 -1 0 -5.8737065622964E-16 -1 0 -5.8737065622964E-16 -1 0 -5.8737065622964E-16 -1 0 -5.8737065622964E-16 -1 0 -5.8737065622964E-16 -1 0 -5.8737065622964E-16 -1 0 -5.8737065622964E-16 -1 0 -5.8737065622964E-16 -1 0 -5.8737065622964E-16 -1 0 -5.8737065622964E-16 -1 0 -5.8737065622964E-16 -1 0 -5.8737065622964E-16 -1 0 -5.8737065622964E-16 -1 0 -5.8737065622964E-16 -1 0 -5.8737065622964E-16 -1 0 -5.8737065622964E-16 -1 0 -5.8737065622964E-16 -1 0 -5.8737065622964E-16 -1 0 -5.8737065622964E-16 -1 0 -5.8737065622964E-16 -1 0 -5.8737065622964E-16 -1 0 -5.8737065622964E-16 -1 0 -5.8737065622964E-16 -1 0 -5.8737065622964E-16 -1 0 -5.8737065622964E-16 -1 0 -5.8737065622964E-16 -1 0 -5.8737065622964E-16 -1 0 -5.8737065622964E-16 -1 0 -5.8737065622964E-16 -1 0 -5.8737065622964E-16 -1 0 -5.8737065622964E-16 -1 0 -5.8737065622964E-16 -1 0 -5.8737065622964E-16 -1 0 -5.8737065622964E-16 -1 0 -5.8737065622964E-16 -1 0 -5.8737065622964E-16 -1 0 -5.8737065622964E-16 -1 0 -5.8737065622964E-16 -1 0 -5.8737065622964E-16 -1 0 -5.8737065622964E-16 -1 0 -5.8737065622964E-16 -1 0 -5.8737065622964E-16 -1 0 -5.8737065622964E-16 -1 0 -5.8737065622964E-16 -1 0 -5.8737065622964E-16 -1 0 -5.8737065622964E-16 -1 0 -5.8737065622964E-16 -1 0 -5.8737065622964E-16 -1 0 -5.8737065622964E-16 -1 0 -5.8737065622964E-16 -1 0 -5.8737065622964E-16 -1 0 -5.8737065622964E-16 -1 0 -5.8737065622964E-16 -1 0 -5.8737065622964E-16 -1 0 -5.8737065622964E-16 -1 0 -5.8737065622964E-16 -1 0 -5.8737065622964E-16 -1 0 -5.8737065622964E-16 -1 0 -5.8737065622964E-16 -1 0 -5.8737065622964E-16 -1 0 -5.8737065622964E-16 -1 0 -5.8737065622964E-16 -1 0 -5.8737065622964E-16 -1 0 -5.8737065622964E-16 -1 0 -5.8737065622964E-16 -1 0 -5.8737065622964E-16 -1 0 -5.8737065622964E-16 -1 0 -5.8737065622964E-16 -1 0 -5.8737065622964E-16 -1 0 -5.8737065622964E-16 -1 0 -5.8737065622964E-16 -1 0 -5.8737065622964E-16 -1 0 -5.8737065622964E-16 -1 0 -5.8737065622964E-16 -1 0 -5.8737065622964E-16 -1 0 -5.8737065622964E-16 -1 0 -5.8737065622964E-16 -1 0 -5.8737065622964E-16 -1 0 -5.8737065622964E-16 -1 0 -5.8737065622964E-16 -1 0 -5.8737065622964E-16 -1 0 -5.8737065622964E-16 -1 0 -5.8737065622964E-16 -1 0 -5.8737065622964E-16 -1 0 -5.8737065622964E-16 -1 0 -5.8737065622964E-16 -1 0 -5.8737065622964E-16 -1 0 -5.8737065622964E-16 -1 0 -5.8737065622964E-16 -1 0 -5.8737065622964E-16 -1 0 -5.8737065622964E-16 -1 0 -5.8737065622964E-16 -1 0 -5.8737065622964E-16 -1 0 -5.8737065622964E-16 -1 0 -5.8737065622964E-16 -1 0 -5.8737065622964E-16 -1 0 -5.8737065622964E-16 -1 0 -5.8737065622964E-16 -1 0 -5.8737065622964E-16 -1 0 -5.8737065622964E-16 -1 0 -5.8737065622964E-16 -1 0 -5.8737065622964E-16 -1 0 -5.8737065622964E-16 -1 0 -5.8737065622964E-16 -1 0 -5.8737065622964E-16 -1 0 -5.8737065622964E-16 -1 0 -5.8737065622964E-16 -1 0 -5.8737065622964E-16 -1 0 -5.8737065622964E-16 -1 0 -5.8737065622964E-16 -1 0 -5.8737065622964E-16 -1 0 -5.8737065622964E-16 -1 0 -5.8737065622964E-16 -1 0 -5.8737065622964E-16 -1 0 -5.8737065622964E-16 -1 0 -5.8737065622964E-16 -1 0 -5.8737065622964E-16 -1 0 -5.8737065622964E-16 -1 0 -5.8737065622964E-16 -1 0 -5.8737065622964E-16 -1 0 -5.8737065622964E-16 -1 0 -5.8737065622964E-16 -1 0 -5.8737065622964E-16 -1 0 -5.8737065622964E-16 -1 0 -5.8737065622964E-16 -1 0 -5.8737065622964E-16 -1 0 -5.8737065622964E-16 -1 0 -5.8737065622964E-16 -1 0 -5.8737065622964E-16 -1 0 -5.8737065622964E-16 -1 0 -5.8737065622964E-16 -1 0 -5.8737065622964E-16 -1 0 -5.8737065622964E-16 -1 0 -5.8737065622964E-16 -1 0 -5.8737065622964E-16 -1 0 -5.8737065622964E-16 -1 0 -5.8737065622964E-16 -1 0 -5.8737065622964E-16 -1 0 -5.8737065622964E-16 -1 0 -5.8737065622964E-16 -1 0 -5.8737065622964E-16 -1 0 -5.8737065622964E-16 -1 0 -5.8737065622964E-16 -1 0 -5.8737065622964E-16 -1 0 -5.8737065622964E-16 -1 0 -5.8737065622964E-16 -1 0 -5.8737065622964E-16 -1 0 -5.8737065622964E-16 -1 0 -5.8737065622964E-16 -1 0 -5.8737065622964E-16 -1 0 -5.8737065622964E-16 -1 0 -5.8737065622964E-16 -1 0 -5.8737065622964E-16 -1 0 -5.8737065622964E-16 -1 0 -5.8737065622964E-16 -1 0 -5.8737065622964E-16 -1 0 -5.8737065622964E-16 -1 0 -5.8737065622964E-16 -1 0 -5.8737065622964E-16 -1 0 -5.8737065622964E-16 -1 0 -5.8737065622964E-16 -1 0 -5.8737065622964E-16 -1 0 -5.8737065622964E-16 -1 0 -5.8737065622964E-16 -1 0 -5.8737065622964E-16 -1 0 -5.8737065622964E-16 -1 0 -5.8737065622964E-16 -1 0 -5.8737065622964E-16 -1 0 -5.8737065622964E-16 -1 0 -5.8737065622964E-16 -1 0 -5.8737065622964E-16 -1 0 -5.8737065622964E-16 -1 0 -5.8737065622964E-16 -1 0 -5.8737065622964E-16 -1 0 -5.8737065622964E-16 -1 0 -5.8737065622964E-16 -1 0 -5.8737065622964E-16 -1 0 -5.8737065622964E-16 -1 0 -5.8737065622964E-16 -1 0 -5.8737065622964E-16 -1 0 -5.8737065622964E-16 -1 0 -5.8737065622964E-16 -1 0 -5.8737065622964E-16 -1 0 -5.8737065622964E-16 -1 0 -5.8737065622964E-16 -1 0 -5.8737065622964E-16 -1 0 -5.8737065622964E-16 -1 0 -5.8737065622964E-16 -1 0 -5.8737065622964E-16 -1 0 -5.8737065622964E-16 -1 0 -5.8737065622964E-16 -1 0 -5.8737065622964E-16 -1 0 -5.8737065622964E-16 -1 0 -5.8737065622964E-16 -1 0 -5.8737065622964E-16 -1 0 -5.8737065622964E-16 -1 0 -5.8737065622964E-16 -1 0 -5.8737065622964E-16 -1 0 -5.8737065622964E-16 -1 0 -5.8737065622964E-16 -1 0 -5.8737065622964E-16 -1 0 -5.8737065622964E-16 -1 0 -5.8737065622964E-16 -1 0 -5.8737065622964E-16 -1 0 -5.8737065622964E-16 -1 0 -5.8737065622964E-16 -1 0 -5.8737065622964E-16 -1 0 -5.8737065622964E-16 -1 0 -5.8737065622964E-16 -1 0 -5.8737065622964E-16 -1 0 -5.8737065622964E-16 -1 0 -5.8737065622964E-16 -1 0 -5.8737065622964E-16 -1 0 -5.8737065622964E-16 -1 0 -5.8737065622964E-16 -1 0 -5.8737065622964E-16 -1 0 -5.8737065622964E-16 -1 0 -5.8737065622964E-16 -1 0 -5.8737065622964E-16 -1 0 -5.8737065622964E-16 -1 0 -5.8737065622964E-16 -1 0 -5.8737065622964E-16 -1 0 -5.8737065622964E-16 -1 0 -5.8737065622964E-16 -1 0 -5.8737065622964E-16 -1 0 -5.8737065622964E-16 -1 0 -5.8737065622964E-16 -1 0 -5.8737065622964E-16 -1 0 -5.8737065622964E-16 -1 0 -5.8737065622964E-16 -1 0 -5.8737065622964E-16 -1 0 -5.8737065622964E-16 -1 0 -5.8737065622964E-16 -1 0 -5.8737065622964E-16 -1 0 -5.8737065622964E-16 -1 0 -5.8737065622964E-16 -1 0 -5.8737065622964E-16 -1 0 -5.8737065622964E-16 -1 0 -5.8737065622964E-16 -1 0 -5.8737065622964E-16 -1 0 -5.8737065622964E-16 -1 0 -5.8737065622964E-16 -1 0 -5.8737065622964E-16 -1 0 -5.8737065622964E-16 -1 0 -5.8737065622964E-16 -1 0 -5.8737065622964E-16 -1 0 -5.8737065622964E-16 -1 0 -5.8737065622964E-16 -1 0 -5.8737065622964E-16 -1 0 -5.8737065622964E-16 -1 0 -5.8737065622964E-16 -1 0 -5.8737065622964E-16 -1 0 -5.8737065622964E-16 -1 0 -5.8737065622964E-16 -1 0 -5.8737065622964E-16 -1 0 -5.8737065622964E-16 -1 0 -5.8737065622964E-16 -1 0 -5.8737065622964E-16 -1 0 -5.8737065622964E-16 -1 0 -5.8737065622964E-16 -1 0 -5.8737065622964E-16 -1 0 -5.8737065622964E-16 -1 0 -5.8737065622964E-16 -1 0 -5.8737065622964E-16 -1 0 -5.8737065622964E-16 -1 0 -5.8737065622964E-16 -1 0 -5.8737065622964E-16 -1 0 -5.8737065622964E-16 -1 0 -5.8737065622964E-16 -1 0 -5.8737065622964E-16 -1 0 -5.8737065622964E-16 -1 0 -5.8737065622964E-16 -1 0 -5.8737065622964E-16 -1 0 -5.8737065622964E-16 -1 0 -5.8737065622964E-16 -1 0 -5.8737065622964E-16 -1 0 -5.8737065622964E-16 -1 0 -5.8737065622964E-16 -1 0 -5.8737065622964E-16 -1 0 -5.8737065622964E-16 -1 0 -5.8737065622964E-16 -1 0 -5.8737065622964E-16 -1 0 -5.8737065622964E-16 -1 0 -5.8737065622964E-16 -1 0 -5.8737065622964E-16 -1 0 -5.8737065622964E-16 -1 0 -5.8737065622964E-16 -1 0 -5.8737065622964E-16 -1 0 -5.8737065622964E-16 -1 0 -5.8737065622964E-16 -1 0 -5.8737065622964E-16 -1 0 -5.8737065622964E-16 -1 0 -5.8737065622964E-16 -1 0 -5.8737065622964E-16 -1 0 -5.8737065622964E-16 -1 0 -5.8737065622964E-16 -1 0 -5.8737065622964E-16 -1 0 -5.8737065622964E-16 -1 0 -5.8737065622964E-16 -1 0 -5.8737065622964E-16 -1 0 -5.8737065622964E-16 -1 0 -5.8737065622964E-16 -1 0 -5.8737065622964E-16 -1 0 -5.8737065622964E-16 -1 0 -5.8737065622964E-16 -1 0 -5.8737065622964E-16 -1 0 -5.8737065622964E-16 -1 0 -5.8737065622964E-16 -1 0 -5.8737065622964E-16 -1 0 -5.8737065622964E-16 -1 0 -5.8737065622964E-16 -1 0 -5.8737065622964E-16 -1 0 -5.8737065622964E-16 -1 0 -5.8737065622964E-16 -1 0 -5.8737065622964E-16 -1 0 -5.8737065622964E-16 -1 0 -5.8737065622964E-16 -1 0 -5.8737065622964E-16 -1 0 -5.8737065622964E-16 -1 0 -5.8737065622964E-16 -1 0 -5.8737065622964E-16 -1 0 -5.8737065622964E-16 -1 0 -5.8737065622964E-16 -1 0 -5.8737065622964E-16 -1 0 -5.8737065622964E-16 -1 0 -5.8737065622964E-16 -1 0 -5.8737065622964E-16 -1 0 -5.8737065622964E-16 -1 0 -5.8737065622964E-16 -1 0 -5.8737065622964E-16 -1 0 -5.8737065622964E-16 -1 0 -5.8737065622964E-16 -1 0 -5.8737065622964E-16 -1 0 -5.8737065622964E-16 -1 0 -5.8737065622964E-16 -1 0 -5.8737065622964E-16 -1 0 -5.8737065622964E-16 -1 0 -5.8737065622964E-16 -1 0 -5.8737065622964E-16 -1 0 -5.8737065622964E-16 -1 0 -5.8737065622964E-16 -1 0 -5.8737065622964E-16 -1 0 -5.8737065622964E-16 -1 0 -5.8737065622964E-16 -1 0 -5.8737065622964E-16 -1 0 -5.8737065622964E-16 -1 0 -5.8737065622964E-16 -1 0 -5.8737065622964E-16 -1 0 -5.8737065622964E-16 -1 0 -5.8737065622964E-16 -1 0 -5.8737065622964E-16 -1 0 -5.8737065622964E-16 -1 0 -5.8737065622964E-16 -1 0 -5.8737065622964E-16 -1 0 -5.8737065622964E-16 -1 0 -5.8737065622964E-16 -1 0 -5.8737065622964E-16 -1 0 -5.8737065622964E-16 -1 0 -5.8737065622964E-16 -1 0 -5.8737065622964E-16 -1 0 -5.8737065622964E-16 -1 0 -5.8737065622964E-16 -1 0 -5.8737065622964E-16 -1 0 -5.8737065622964E-16 -1 0 -5.8737065622964E-16 -1 0 -5.8737065622964E-16 -1 0 -5.8737065622964E-16 -1 0 -5.8737065622964E-16 -1 0 -5.8737065622964E-16 -1 0 -5.8737065622964E-16 -1 0 -5.8737065622964E-16 -1 0 -5.8737065622964E-16 -1 0 -5.8737065622964E-16 -1 0 -5.8737065622964E-16 -1 0 -5.8737065622964E-16 -1 0 -5.8737065622964E-16 -1 0 -5.8737065622964E-16 -1 0 -5.8737065622964E-16 -1 0 0.342020153999329 -0.939692616462708 0 0.342020153999329 -0.939692616462708 0 0.342020153999329 -0.939692616462708 0 0.342020153999329 -0.939692616462708 0 0.342020153999329 -0.939692616462708 0 0.342020153999329 -0.939692616462708 0 0.342020153999329 -0.939692616462708 0 0.342020153999329 -0.939692616462708 0 0.342020153999329 -0.939692616462708 0 0.342020153999329 -0.939692616462708 0 0.342020153999329 -0.939692616462708 0 0.342020153999329 -0.939692616462708 0 0.342020153999329 -0.939692616462708 0 0.342020153999329 -0.939692616462708 0 0.342020153999329 -0.939692616462708 0 0.342020153999329 -0.939692616462708 0 0.342020153999329 -0.939692616462708 0 0.342020153999329 -0.939692616462708 0 -0.939692616462708 -0.342020153999329 0 -0.939692616462708 -0.342020153999329 0 -0.939692616462708 -0.342020153999329 0 -0.939692616462708 -0.342020153999329 0 -0.939692616462708 -0.342020153999329 0 -0.939692616462708 -0.342020153999329 0 -0.939692616462708 -0.342020153999329 0 -0.939692616462708 -0.342020153999329 0 -0.939692616462708 -0.342020153999329 0 -0.939692616462708 -0.342020153999329 0 -0.939692616462708 -0.342020153999329 0 -0.939692616462708 -0.342020153999329 0 -0.939692616462708 -0.342020153999329 0 -0.939692616462708 -0.342020153999329 0 -0.342020153999329 0.939692616462708 0 -0.342020153999329 0.939692616462708 0 -0.342020153999329 0.939692616462708 0 -0.342020153999329 0.939692616462708 0 -0.342020153999329 0.939692616462708 0 -0.342020153999329 0.939692616462708 0 -0.342020153999329 0.939692616462708 0 -0.342020153999329 0.939692616462708 0 -0.342020153999329 0.939692616462708 0 -0.342020153999329 0.939692616462708 0 -0.342020153999329 0.939692616462708 0 -0.342020153999329 0.939692616462708 0 -0.342020153999329 0.939692616462708 0 -0.342020153999329 0.939692616462708 0 -0.342020153999329 0.939692616462708 0 -0.342020153999329 0.939692616462708 0 -0.342020153999329 0.939692616462708 0 -0.342020153999329 0.939692616462708 0 -0.342020153999329 0.939692616462708 0 -0.342020153999329 0.939692616462708 0 -1.08392402804145E-15 1 0 -1.08392402804145E-15 1 0 -1.08392402804145E-15 1 0 -1.08392402804145E-15 1 0 -1.08392402804145E-15 1 0 -1.08392402804145E-15 1 0 -1.08392402804145E-15 1 0 -1.08392402804145E-15 1 0 -1.08392402804145E-15 1 0 -1.08392402804145E-15 1 0 -1.08392402804145E-15 1 0 -1.08392402804145E-15 1 0 -1.08392402804145E-15 1 0 -1.08392402804145E-15 1 0 -1.08392402804145E-15 1 0 -1.08392402804145E-15 1 0 -1.08392402804145E-15 1 0 -1.08392402804145E-15 1 0 -1.08392402804145E-15 1 0 -1.08392402804145E-15 1 0 -1.08392402804145E-15 1 0 -1.08392402804145E-15 1 0 -1.08392402804145E-15 1 0 -1.08392402804145E-15 1 0 -1.08392402804145E-15 1 0 -1.08392402804145E-15 1 0 -1.08392402804145E-15 1 0 -1.08392402804145E-15 1 0 -1.08392402804145E-15 1 0 -1.08392402804145E-15 1 0 -1.08392402804145E-15 1 0 -1.08392402804145E-15 1 0 -1.08392402804145E-15 1 0 -1.08392402804145E-15 1 0 -1.08392402804145E-15 1 0 -1.08392402804145E-15 1 0 -1.08392402804145E-15 1 0 -1.08392402804145E-15 1 0 -1.08392402804145E-15 1 0 -1.08392402804145E-15 1 0 -1.08392402804145E-15 1 0 -1.08392402804145E-15 1 0 -1.08392402804145E-15 1 0 -1.08392402804145E-15 1 0 -1.08392402804145E-15 1 0 -1.08392402804145E-15 1 0 -1.08392402804145E-15 1 0 -1.08392402804145E-15 1 0 -1.08392402804145E-15 1 0 -1.08392402804145E-15 1 0 -1.08392402804145E-15 1 0 -1.08392402804145E-15 1 0 -1.08392402804145E-15 1 0 -1.08392402804145E-15 1 0 -1.08392402804145E-15 1 0 -1.08392402804145E-15 1 0 -1.08392402804145E-15 1 0 -1.08392402804145E-15 1 0 -1.08392402804145E-15 1 0 -1.08392402804145E-15 1 0 -1.08392402804145E-15 1 0 -1.08392402804145E-15 1 0 -1.08392402804145E-15 1 0 -1.08392402804145E-15 1 0 -1.08392402804145E-15 1 0 -1.08392402804145E-15 1 0 -1.08392402804145E-15 1 0 -1.08392402804145E-15 1 0 -1.08392402804145E-15 1 0 -1.08392402804145E-15 1 0 -1.08392402804145E-15 1 0 -1.08392402804145E-15 1 0 -1.08392402804145E-15 1 0 -1.08392402804145E-15 1 0 -1.08392402804145E-15 1 0 -1.08392402804145E-15 1 0 -1.08392402804145E-15 1 0 -1.08392402804145E-15 1 0 -1.08392402804145E-15 1 0 -1.08392402804145E-15 1 0 -1.08392402804145E-15 1 0 -1.08392402804145E-15 1 0 -1.08392402804145E-15 1 0 -1.08392402804145E-15 1 0 -1.08392402804145E-15 1 0 -1.08392402804145E-15 1 0 -1.08392402804145E-15 1 0 -1.08392402804145E-15 1 0 -1.08392402804145E-15 1 0 -1.08392402804145E-15 1 0 -1.08392402804145E-15 1 0 -1.08392402804145E-15 1 0 -1.08392402804145E-15 1 0 -1.08392402804145E-15 1 0 -1.08392402804145E-15 1 0 -1.08392402804145E-15 1 0 -1.08392402804145E-15 1 0 -1.08392402804145E-15 1 0 -1.08392402804145E-15 1 0 -1.08392402804145E-15 1 0 -1.08392402804145E-15 1 0 -1.08392402804145E-15 1 0 -1.08392402804145E-15 1 0 -1.08392402804145E-15 1 0 -1.08392402804145E-15 1 0 -1.08392402804145E-15 1 0 -1.08392402804145E-15 1 0 -1.08392402804145E-15 1 0 -1.08392402804145E-15 1 0 -1.08392402804145E-15 1 0 -1.08392402804145E-15 1 0 -1.08392402804145E-15 1 0 -1.08392402804145E-15 1 0 -1.08392402804145E-15 1 0 -1.08392402804145E-15 1 0 -1.08392402804145E-15 1 0 -1.08392402804145E-15 1 0 -1.08392402804145E-15 1 0 -1.08392402804145E-15 1 0 -1.08392402804145E-15 1 0 -1.08392402804145E-15 1 0 -1.08392402804145E-15 1 0 -1.08392402804145E-15 1 0 -1.08392402804145E-15 1 0 -1.08392402804145E-15 1 0 -1.08392402804145E-15 1 0 -1.08392402804145E-15 1 0 -1.08392402804145E-15 1 0 -1.08392402804145E-15 1 0 -1.08392402804145E-15 1 0 -1.08392402804145E-15 1 0 -1.08392402804145E-15 1 0 -1.08392402804145E-15 1 0 -1.08392402804145E-15 1 0 -1.08392402804145E-15 1 0 -1.08392402804145E-15 1 0 -1.08392402804145E-15 1 0 -1.08392402804145E-15 1 0 -1.08392402804145E-15 1 0 -1.08392402804145E-15 1 0 -1.08392402804145E-15 1 0 -1.08392402804145E-15 1 0 -1.08392402804145E-15 1 0 -1.08392402804145E-15 1 0 -1.08392402804145E-15 1 0 -1.08392402804145E-15 1 0 -1.08392402804145E-15 1 0 -1.08392402804145E-15 1 0 -1.08392402804145E-15 1 0 -1.08392402804145E-15 1 0 -1.08392402804145E-15 1 0 -1.08392402804145E-15 1 0 -1.08392402804145E-15 1 0 -1.08392402804145E-15 1 0 -1.08392402804145E-15 1 0 -1.08392402804145E-15 1 0 -1.08392402804145E-15 1 0 -1.08392402804145E-15 1 0 -1.08392402804145E-15 1 0 -1.08392402804145E-15 1 0 -1.08392402804145E-15 1 0 -1.08392402804145E-15 1 0 -1.08392402804145E-15 1 0 -1.08392402804145E-15 1 0 -1.08392402804145E-15 1 0 -1.08392402804145E-15 1 0 -1.08392402804145E-15 1 0 -1.08392402804145E-15 1 0 -1.08392402804145E-15 1 0 -1.08392402804145E-15 1 0 -1.08392402804145E-15 1 0 -1.08392402804145E-15 1 0 -1.08392402804145E-15 1 0 -1.08392402804145E-15 1 0 -1.08392402804145E-15 1 0 -1.08392402804145E-15 1 0 -1.08392402804145E-15 1 0 -1.08392402804145E-15 1 0 -1.08392402804145E-15 1 0 -1.08392402804145E-15 1 0 -1.08392402804145E-15 1 0 -1.08392402804145E-15 1 0 -1.08392402804145E-15 1 0 -1.08392402804145E-15 1 0 -1.08392402804145E-15 1 0 -1.08392402804145E-15 1 0 -1.08392402804145E-15 1 0 -1.08392402804145E-15 1 0 -1.08392402804145E-15 1 0 -1.08392402804145E-15 1 0 -1.08392402804145E-15 1 0 -1.08392402804145E-15 1 0 -1.08392402804145E-15 1 0 -1.08392402804145E-15 1 0 -1.08392402804145E-15 1 0 -1.08392402804145E-15 1 0 -1.08392402804145E-15 1 0 -1.08392402804145E-15 1 0 -1.08392402804145E-15 1 0 -1.08392402804145E-15 1 0 -1.08392402804145E-15 1 0 -1.08392402804145E-15 1 0 -1.08392402804145E-15 1 0 -1.08392402804145E-15 1 0 -1.08392402804145E-15 1 0 -1.08392402804145E-15 1 0 -1.08392402804145E-15 1 0 -1.08392402804145E-15 1 0 -1.08392402804145E-15 1 0 -1.08392402804145E-15 1 0 -1.08392402804145E-15 1 0 -1.08392402804145E-15 1 0 -1.08392402804145E-15 1 0 -1.08392402804145E-15 1 0 -1.08392402804145E-15 1 0 -1.08392402804145E-15 1 0 -1.08392402804145E-15 1 0 -1.08392402804145E-15 1 0 -1.08392402804145E-15 1 0 -1.08392402804145E-15 1 0 -1.08392402804145E-15 1 0 -1.08392402804145E-15 1 0 -1.08392402804145E-15 1 0 -1.08392402804145E-15 1 0 -1.08392402804145E-15 1 0 -1.08392402804145E-15 1 0 -1.08392402804145E-15 1 0 -1.08392402804145E-15 1 0 -1.08392402804145E-15 1 0 -1.08392402804145E-15 1 0 -1.08392402804145E-15 1 0 -1.08392402804145E-15 1 0 -1.08392402804145E-15 1 0 -1.08392402804145E-15 1 0 -1.08392402804145E-15 1 0 -1.08392402804145E-15 1 0 -1.08392402804145E-15 1 0 -1.08392402804145E-15 1 0 -1.08392402804145E-15 1 0 -1.08392402804145E-15 1 0 -1.08392402804145E-15 1 0 -1.08392402804145E-15 1 0 -1.08392402804145E-15 1 0 -1.08392402804145E-15 1 0 -1.08392402804145E-15 1 0 -1.08392402804145E-15 1 0 -1.08392402804145E-15 1 0 -1.08392402804145E-15 1 0 -1.08392402804145E-15 1 0 -1.08392402804145E-15 1 0 -1.08392402804145E-15 1 0 -1.08392402804145E-15 1 0 -1.08392402804145E-15 1 0 -1.08392402804145E-15 1 0 -1.08392402804145E-15 1 0 -1.08392402804145E-15 1 0 -1.08392402804145E-15 1 0 -1.08392402804145E-15 1 0 -1.08392402804145E-15 1 0 -1.08392402804145E-15 1 0 -1.08392402804145E-15 1 0 -1.08392402804145E-15 1 0 -1.08392402804145E-15 1 0 -1.08392402804145E-15 1 0 -1.08392402804145E-15 1 0 -1.08392402804145E-15 1 0 -1.08392402804145E-15 1 0 -1.08392402804145E-15 1 0 -1.08392402804145E-15 1 0 -1.08392402804145E-15 1 0 -1.08392402804145E-15 1 0 -1.08392402804145E-15 1 0 -1.08392402804145E-15 1 0 -1.08392402804145E-15 1 0 -1.08392402804145E-15 1 0 -1.08392402804145E-15 1 0 -1.08392402804145E-15 1 0 -1.08392402804145E-15 1 0 -1.08392402804145E-15 1 0 -1.08392402804145E-15 1 0 -1.08392402804145E-15 1 0 -1.08392402804145E-15 1 0 -1.08392402804145E-15 1 0 -1.08392402804145E-15 1 0 -1.08392402804145E-15 1 0 -1.08392402804145E-15 1 0 -1.08392402804145E-15 1 0 -1.08392402804145E-15 1 0 -1.08392402804145E-15 1 0 -1.08392402804145E-15 1 0 -1.08392402804145E-15 1 0 -1.08392402804145E-15 1 0 -1.08392402804145E-15 1 0 -1.08392402804145E-15 1 0 -1.08392402804145E-15 1 0 -1.08392402804145E-15 1 0 -1.08392402804145E-15 1 0 -1.08392402804145E-15 1 0 -1.08392402804145E-15 1 0 -1.08392402804145E-15 1 0 -1.08392402804145E-15 1 0 -1.08392402804145E-15 1 0 -1.08392402804145E-15 1 0 -1.08392402804145E-15 1 0 -1.08392402804145E-15 1 0 -1.08392402804145E-15 1 0 -1.08392402804145E-15 1 0 -1.08392402804145E-15 1 0 -1.08392402804145E-15 1 0 -1.08392402804145E-15 1 0 -1.08392402804145E-15 1 0 -1.08392402804145E-15 1 0 -1.08392402804145E-15 1 0 -1.08392402804145E-15 1 0 -1.08392402804145E-15 1 0 -1.08392402804145E-15 1 0 -1.08392402804145E-15 1 0 -1.08392402804145E-15 1 0 -1.08392402804145E-15 1 0 -1.08392402804145E-15 1 0 -1.08392402804145E-15 1 0 -1.08392402804145E-15 1 0 -1.08392402804145E-15 1 0 -1.08392402804145E-15 1 0 -1.08392402804145E-15 1 0 -1.08392402804145E-15 1 0 -1.08392402804145E-15 1 0 -1.08392402804145E-15 1 0 -1.08392402804145E-15 1 0 -1.08392402804145E-15 1 0 -1.08392402804145E-15 1 0 -1.08392402804145E-15 1 0 -1.08392402804145E-15 1 0 -1.08392402804145E-15 1 0 -1.08392402804145E-15 1 0 -1.08392402804145E-15 1 0 -1.08392402804145E-15 1 0 -1.08392402804145E-15 1 0 -1.08392402804145E-15 1 0 -1.08392402804145E-15 1 0 -1.08392402804145E-15 1 0 -1.08392402804145E-15 1 0 -1.08392402804145E-15 1 0 -1.08392402804145E-15 1 0 -1.08392402804145E-15 1 0 -1.08392402804145E-15 1 0 -1.08392402804145E-15 1 0 -1.08392402804145E-15 1 0 -1.08392402804145E-15 1 0 -1.08392402804145E-15 1 0 -1.08392402804145E-15 1 0 -1.08392402804145E-15 1 0 -1.08392402804145E-15 1 0 -1.08392402804145E-15 1 0 -1.08392402804145E-15 1 0 -1.08392402804145E-15 1 0 -1.08392402804145E-15 1 0 -1.08392402804145E-15 1 0 -1.08392402804145E-15 1 0 -1.08392402804145E-15 1 0 -1.08392402804145E-15 1 0 -1.08392402804145E-15 1 0 -1.08392402804145E-15 1 0 -1.08392402804145E-15 1 0 -1.08392402804145E-15 1 0 -1.08392402804145E-15 1 0 -1.08392402804145E-15 1 0 -1.08392402804145E-15 1 0 -1.08392402804145E-15 1 0 -1.08392402804145E-15 1 0 -1.08392402804145E-15 1 0 -1.08392402804145E-15 1 0 -1.08392402804145E-15 1 0 -1.08392402804145E-15 1 0 -1.08392402804145E-15 1 0 -1.08392402804145E-15 1 0 -1.08392402804145E-15 1 0 -1.08392402804145E-15 1 0 -1.08392402804145E-15 1 0 -1.08392402804145E-15 1 0 -1.08392402804145E-15 1 0 -1.08392402804145E-15 1 0 -1.08392402804145E-15 1 0 -1.08392402804145E-15 1 0 -1.08392402804145E-15 1 0 -1.08392402804145E-15 1 0 -1.08392402804145E-15 1 0 -1.08392402804145E-15 1 0 -1.08392402804145E-15 1 0 -1.08392402804145E-15 1 0 -1.08392402804145E-15 1 0 -1.08392402804145E-15 1 0 -1.08392402804145E-15 1 0 -1.08392402804145E-15 1 0 -1.08392402804145E-15 1 0 -1.08392402804145E-15 1 0 -1.08392402804145E-15 1 0 -1.08392402804145E-15 1 0 -1.08392402804145E-15 1 0 -1.08392402804145E-15 1 0 -1.08392402804145E-15 1 0 -1.08392402804145E-15 1 0 -1.08392402804145E-15 1 0 -1.08392402804145E-15 1 0 -1.08392402804145E-15 1 0 -1.08392402804145E-15 1 0 -1.08392402804145E-15 1 0 -1.08392402804145E-15 1 0 -1.08392402804145E-15 1 0 -1.08392402804145E-15 1 0 -1.08392402804145E-15 1 0 -1.08392402804145E-15 1 0 -1.08392402804145E-15 1 0 -1.08392402804145E-15 1 0 -1.08392402804145E-15 1 0 -1.08392402804145E-15 1 0 -1.08392402804145E-15 1 0 -1.08392402804145E-15 1 0 -1.08392402804145E-15 1 0 -1.08392402804145E-15 1 0 -1.08392402804145E-15 1 0 -1.08392402804145E-15 1 0 -1.08392402804145E-15 1 0 0 -1 0 0 -1 0 0 -1 0 0 -1 0 -1 -1.24576192812234E-16 0 -1 -1.24576192812234E-16 0 -1 -1.24576192812234E-16 0 -1 -1.24576192812234E-16 0 0 -1 7.70988192722293E-15 0 -1 7.70988192722293E-15 0 -1 7.70988192722293E-15 0 -1 7.70988192722293E-15 0 -1 7.70988192722293E-15 0 -1 7.70988192722293E-15 1 0 0 1 0 0 1 0 0 1 0 0 1 0 0 1 0 0 1 0 0 1 0 0 0 0 1 0 0 1 0 0 1 0 0 1 0 0 1 0 0 1 0 0 1 0 0 1 0 0 1 0 0 1 0 0 1 0 0 1 0 0 1 0 0 1 0 0 1 0 0 1 0 0 1 0 0 1 0 0 1 0 0 1 0 0 1 0 0 1 0 0 1 0 0 1 0 0 1 0 0 1 0 0 1 0 0 1 0 0 1 0 0 1 0 0 1 0 0 1 0 0 1 0 0 1 0 0 1 0 0 1 0 0 1 0 0 1 0 0 1 0 0 1 0 0 1 0 0 1 0 0 1 0 0 1 0 0 1 0 0 1 0 0 1 0 0 1 0 0 1 0 0 1 0 0 1 0 0 1 0 0 1 0 0 1 0 0 1 0 0 1 0 0 1 0 0 1 0 0 1 0 0 1 0 0 1 0 0 1 0 0 1 0 0 1 0 0 1 0 0 1 0 0 1 0 0 1 0 0 1 0 0 1 0 0 1 0 0 1 0 0 1 0 0 1 0 0 1 0 0 1 0 0 1 0 0 1 0 0 1 0 0 1 0 0 1 0 0 1 0 0 1 0 0 1 0 0 1 0 0 1 0 0 1 0 0 1 0 -1 0 0 -1 0 0 -1 0 0 -1 0 -2.75978729039267E-15 1 0 -2.75978729039267E-15 1 0 -2.75978729039267E-15 1 0 -2.75978729039267E-15 1 0 0 0 -1 0 0 -1 0 0 -1 0 0 -1 0 0 -1 0 0 -1 0 0 -1 0 0 -1 0 0 -1 0 0 -1 0 0 -1 0 0 -1 0 0 -1 0 0 -1 0 0 -1 0 0 -1 0 0 -1 0 0 -1 0 0 -1 0 0 -1 0 0 -1 0 0 -1 0 0 -1 -0.5 0 -0.866025388240814 -0.5 0 -0.866025388240814 -0.5 0 -0.866025388240814 -0.5 0 -0.866025388240814 -0.5 0 -0.866025388240814 -0.5 0 -0.866025388240814 -0.5 0 -0.866025388240814 -0.923879504203796 8.67361737988404E-16 -0.382683426141739 -0.866025388240814 8.67361737988404E-16 -0.5 -0.923879504203796 8.67361737988404E-16 -0.382683426141739 -0.793353319168091 8.67361737988404E-16 -0.608761429786682 -0.793353319168091 8.67361737988404E-16 -0.608761429786682 -0.866025388240814 8.67361737988404E-16 -0.5 -0.965925812721252 8.67361737988404E-16 -0.258819043636322 -0.965925812721252 8.67361737988404E-16 -0.258819043636322 -0.70710676908493 8.67361737988404E-16 -0.70710676908493 -0.5 8.67361737988404E-16 -0.866025388240814 -0.70710676908493 8.67361737988404E-16 -0.70710676908493 -0.5 8.67361737988404E-16 -0.866025388240814 -0.965925812721252 0 -0.258819043636322 -0.965925812721252 0 -0.258819043636322 -0.965925812721252 0 -0.258819043636322 -0.965925812721252 0 -0.258819043636322 -0.965925812721252 8.67361737988404E-16 0.258819043636322 -0.965925812721252 8.67361737988404E-16 0.258819043636322 -0.965925812721252 8.67361737988404E-16 0.258819043636322 -0.965925812721252 8.67361737988404E-16 0.258819043636322 -0.923879504203796 8.67361737988404E-16 0.382683426141739 -0.866025388240814 8.67361737988404E-16 0.5 -0.866025388240814 8.67361737988404E-16 0.5 -0.70710676908493 0 0.70710676908493 -0.5 0 0.866025388240814 -0.5 0 0.866025388240814 -0.793353319168091 8.67361737988404E-16 0.608761429786682 -0.793353319168091 8.67361737988404E-16 0.608761429786682 -0.70710676908493 8.67361737988404E-16 0.70710676908493 -0.965925812721252 8.67361737988404E-16 0.258819043636322 -0.923879504203796 8.67361737988404E-16 0.382683426141739 -0.965925812721252 8.67361737988404E-16 0.258819043636322 -0.5 0 0.866025388240814 -0.5 0 0.866025388240814 -0.5 0 0.866025388240814 -0.5 0 0.866025388240814 -0.5 0 0.866025388240814 -0.5 0 0.866025388240814 -0.5 0 0.866025388240814 -0.342020153999329 0 0.939692616462708 -0.173648178577423 0 0.984807729721069 -0.173648178577423 0 0.984807729721069 -0.5 2.16840434497101E-16 0.866025388240814 -0.342020153999329 0 0.939692616462708 0 2.16840434497101E-16 1 -0.5 2.16840434497101E-16 0.866025388240814 0 2.16840434497101E-16 1 0 1 -3.80421819551016E-16 0 1 -3.80421819551016E-16 0 1 -3.80421819551016E-16 0 1 -3.80421819551016E-16 0 0 -1 0 0 -1 0 0 -1 0 0 -1 0 -1 -3.80421819551016E-16 0 -1 -3.80421819551016E-16 0 -1 -3.80421819551016E-16 0 -1 -3.80421819551016E-16 0 0 1 0 0 1 0 0 1 0 0 1 -1 0 0 -1 0 0 -1 0 0 -1 0 0 0 0 1 0 0 1 0 0 1 0 0 1 0 1 0 0 1 0 0 1 0 0 1 0 0 0 -1 0 0 -1 0 0 -1 0 0 -1 0 -1 0 0 -1 0 0 -1 0 0 -1 0 -1 0 0 -1 0 0 -1 0 0 -1 0 0 -1 1.39709275506945E-15 0 -1 1.39709275506945E-15 0 -1 1.39709275506945E-15 0 -1 1.39709275506945E-15 0 -1 1.39709275506945E-15 0 -1 1.39709275506945E-15 0 -1 1.39709275506945E-15 0 -1 1.39709275506945E-15 0 -1 1.39709275506945E-15 0 -1 1.39709275506945E-15 0 -1 1.39709275506945E-15 0 -1 1.39709275506945E-15 0 -1 1.39709275506945E-15 0 -0.70710676908493 0 -0.70710676908493 -0.70710676908493 0 -0.70710676908493 -0.70710676908493 0 -0.70710676908493 -0.70710676908493 0 -0.70710676908493 -0.70710676908493 0 -0.70710676908493 -0.70710676908493 0 -0.70710676908493 -0.70710676908493 0 0.70710676908493 -0.70710676908493 0 0.70710676908493 -0.70710676908493 0 0.70710676908493 -0.70710676908493 0 0.70710676908493 -0.70710676908493 0 0.70710676908493 -0.70710676908493 0 0.70710676908493 1 0 0 1 0 0 1 0 0 1 0 0 1 0 0 1 0 0 1 0 0 1 0 0 1 0 0 1 0 0 1 0 0 1 0 0 0 0 1 0 0 1 0 0 1 0 0 1 0 0 1 -1 0 0 -1 0 0 -1 0 0 -1 0 0 -1 0 0 -1 0 0 -1 0 0 -1 0 0 -1 0 0 -1 0 0 -1 0 0 -1 0 0 -1 0 0 -1 0 0 -1 0 0 -1 0 0 -1 0 0 -1 0 0 -0.70710676908493 0 -0.70710676908493 -0.70710676908493 0 -0.70710676908493 -0.70710676908493 0 -0.70710676908493 -0.70710676908493 0 -0.70710676908493 -0.70710676908493 0 -0.70710676908493 -0.70710676908493 0 -0.70710676908493 -0.70710676908493 0 0.70710676908493 -0.70710676908493 0 0.70710676908493 -0.70710676908493 0 0.70710676908493 -0.70710676908493 0 0.70710676908493 -0.70710676908493 0 0.70710676908493 -0.70710676908493 0 0.70710676908493 -4.49197294978039E-16 0.642787635326385 0.766044437885284 -4.49197294978039E-16 0.642787635326385 0.766044437885284 -4.49197294978039E-16 0.642787635326385 0.766044437885284 -4.49197294978039E-16 0.642787635326385 0.766044437885284 -4.49197294978039E-16 0.642787635326385 0.766044437885284 -4.49197294978039E-16 0.642787635326385 0.766044437885284 -4.49197294978039E-16 0.642787635326385 0.766044437885284 0 1 0 0 1 0 0 1 0 0 1 0 4.49197294978039E-16 0.642787635326385 -0.766044437885284 4.49197294978039E-16 0.642787635326385 -0.766044437885284 4.49197294978039E-16 0.642787635326385 -0.766044437885284 4.49197294978039E-16 0.642787635326385 -0.766044437885284 4.49197294978039E-16 0.642787635326385 -0.766044437885284 4.49197294978039E-16 0.642787635326385 -0.766044437885284 4.49197294978039E-16 0.642787635326385 -0.766044437885284 -4.49197294978039E-16 -0.642787635326385 0.766044437885284 -4.49197294978039E-16 -0.642787635326385 0.766044437885284 -4.49197294978039E-16 -0.642787635326385 0.766044437885284 -4.49197294978039E-16 -0.642787635326385 0.766044437885284 -4.49197294978039E-16 -0.642787635326385 0.766044437885284 -4.49197294978039E-16 -0.642787635326385 0.766044437885284 -1.14715525089402E-30 -1 1.95631618882448E-15 -1.14715525089402E-30 -1 1.95631618882448E-15 -1.14715525089402E-30 -1 1.95631618882448E-15 -1.14715525089402E-30 -1 1.95631618882448E-15 4.49197294978039E-16 -0.642787635326385 -0.766044437885284 4.49197294978039E-16 -0.642787635326385 -0.766044437885284 4.49197294978039E-16 -0.642787635326385 -0.766044437885284 4.49197294978039E-16 -0.642787635326385 -0.766044437885284 4.49197294978039E-16 -0.642787635326385 -0.766044437885284 4.49197294978039E-16 -0.642787635326385 -0.766044437885284 -4.49197294978039E-16 0.642787635326385 0.766044437885284 -4.49197294978039E-16 0.642787635326385 0.766044437885284 -4.49197294978039E-16 0.642787635326385 0.766044437885284 -4.49197294978039E-16 0.642787635326385 0.766044437885284 -4.49197294978039E-16 0.642787635326385 0.766044437885284 2.70629103803655E-31 1 -4.6152088320676E-16 2.70629103803655E-31 1 -4.6152088320676E-16 2.70629103803655E-31 1 -4.6152088320676E-16 2.70629103803655E-31 1 -4.6152088320676E-16 4.49197294978039E-16 0.642787635326385 -0.766044437885284 4.49197294978039E-16 0.642787635326385 -0.766044437885284 4.49197294978039E-16 0.642787635326385 -0.766044437885284 4.49197294978039E-16 0.642787635326385 -0.766044437885284 4.49197294978039E-16 0.642787635326385 -0.766044437885284 -4.49197294978039E-16 -0.642787635326385 0.766044437885284 -4.49197294978039E-16 -0.642787635326385 0.766044437885284 -4.49197294978039E-16 -0.642787635326385 0.766044437885284 -4.49197294978039E-16 -0.642787635326385 0.766044437885284 -4.49197294978039E-16 -0.642787635326385 0.766044437885284 -4.49197294978039E-16 -0.642787635326385 0.766044437885284 0 -1 0 0 -1 0 0 -1 0 0 -1 0 4.49197294978039E-16 -0.642787635326385 -0.766044437885284 4.49197294978039E-16 -0.642787635326385 -0.766044437885284 4.49197294978039E-16 -0.642787635326385 -0.766044437885284 4.49197294978039E-16 -0.642787635326385 -0.766044437885284 4.49197294978039E-16 -0.642787635326385 -0.766044437885284 4.49197294978039E-16 -0.642787635326385 -0.766044437885284 1 0 0 1 0 0 1 0 0 1 0 0 1 0 0 1 0 0 1 0 0 1 0 0 0 -0.449999988079071 0.893028557300568 1.33450146719033E-16 -0.634662389755249 0.772789537906647 1.33450146719033E-16 -0.634662389755249 0.772789537906647 0 -0.449999988079071 0.893028557300568 1.90097036783661E-16 -0.904063701629639 0.427397727966309 1.65798996719165E-16 -0.788507044315338 0.615025699138641 1.65798996719165E-16 -0.788507044315338 0.615025699138641 2.05164416191445E-16 -0.975721180438995 0.219016313552856 1.90097036783661E-16 -0.904063701629639 0.427397727966309 2.10269510234327E-16 -1 0 2.05164416191445E-16 -0.975721180438995 0.219016313552856 2.10269510234327E-16 -1 0 2.05164416191445E-16 -0.975721180438995 -0.219016313552856 2.10269510234327E-16 -1 0 2.10269510234327E-16 -1 0 1.90097036783661E-16 -0.904063701629639 -0.427397727966309 2.05164416191445E-16 -0.975721180438995 -0.219016313552856 1.65798996719165E-16 -0.788507044315338 -0.615025699138641 1.90097036783661E-16 -0.904063701629639 -0.427397727966309 1.33450146719033E-16 -0.634662389755249 -0.772789537906647 1.65798996719165E-16 -0.788507044315338 -0.615025699138641 9.46212829141694E-17 -0.449999988079071 -0.893028557300568 1.33450146719033E-16 -0.634662389755249 -0.772789537906647 9.46212829141694E-17 -0.449999988079071 -0.893028557300568 2.10269510234327E-16 -1 0 2.10269510234327E-16 -1 0 2.10269510234327E-16 -1 0 2.10269510234327E-16 -1 0 -1 -2.10269510234327E-16 0 -1 -2.10269510234327E-16 0 -1 -2.10269510234327E-16 0 -1 -2.10269510234327E-16 0 -1 -2.10269510234327E-16 0 -1 -2.10269510234327E-16 0 -1 -2.10269510234327E-16 0 -1 -2.10269510234327E-16 0 -1 -2.10269510234327E-16 0 -1 -2.10269510234327E-16 0 -1 -2.10269510234327E-16 0 -1 -2.10269510234327E-16 0 1 2.10269510234327E-16 0 1 2.10269510234327E-16 0 1 2.10269510234327E-16 0 1 2.10269510234327E-16 0 1 2.10269510234327E-16 0 1 2.10269510234327E-16 0 1 2.10269510234327E-16 0 1 2.10269510234327E-16 0 1 2.10269510234327E-16 0 1 2.10269510234327E-16 0 1 2.10269510234327E-16 0 1 2.10269510234327E-16 0 0.28175351023674 0 0.959486842155457 0.516412436962128 0 0.856339991092682 0.28175351023674 0 0.959486842155457 0.967147946357727 0 0.254214107990265 0.870750367641449 0 0.491725325584412 0.967147946357727 0 0.254214107990265 0.870750367641449 0 0.491725325584412 0.717140913009644 0 0.696928143501282 0.717140913009644 0 0.696928143501282 0.516412436962128 0 0.856339991092682 0.0285822600126266 0 0.999591469764709 0.0285822600126266 0 0.999591469764709 -0.226466968655586 0 0.97401887178421 -0.226466968655586 0 0.97401887178421 -0.466636389493942 0 0.884449243545532 -0.466636389493942 0 0.884449243545532 -0.676145911216736 0 0.736767709255219 -0.676145911216736 0 0.736767709255219 -0.841229915618896 0 0.540677607059479 -0.841229915618896 0 0.540677607059479 -0.951041638851166 0 0.309062719345093 -0.951041638851166 0 0.309062719345093 -0.998366117477417 -2.31296470522182E-15 0.0571411624550819 -0.998366117477417 -2.31296470522182E-15 0.0571411624550819 1 -2.31296470522182E-15 1.85037176417746E-14 1 -2.31296470522182E-15 1.85037176417746E-14 -0.998366117477417 -2.31296470522182E-15 0.0571411624550819 -0.998366117477417 -2.31296470522182E-15 0.0571411624550819 -0.998366117477417 -2.31296470522182E-15 0.0571411624550819 -0.998366117477417 -2.31296470522182E-15 0.0571411624550819 -0.249603405594826 0 0.968348145484924 -0.483405977487564 0 0.875396311283112 -0.483405977487564 0 0.875396311283112 -0.952503323554993 0 0.304528117179871 -0.998366117477417 -2.31296470522182E-15 0.0571411624550819 -0.998366117477417 -2.31296470522182E-15 0.0571411624550819 -0.846343576908112 0 0.532637298107147 -0.952503323554993 0 0.304528117179871 -0.686607182025909 0 0.727028608322144 -0.846343576908112 0 0.532637298107147 -0.686607182025909 0 0.727028608322144 0.249603405594826 0 0.968348145484924 0.483405977487564 0 0.875396311283112 0.483405977487564 0 0.875396311283112 -2.44929370517034E-16 0 1 -0.249603405594826 0 0.968348145484924 0.249603405594826 0 0.968348145484924 -2.44929370517034E-16 0 1 0.686607182025909 0 0.727028608322144 0.686607182025909 0 0.727028608322144 0.846343576908112 0 0.532637298107147 0.846343576908112 0 0.532637298107147 0.952503323554993 0 0.304528117179871 0.952503323554993 0 0.304528117179871 0.998366117477417 2.16840434497101E-15 0.0571411624550819 0.998366117477417 2.16840434497101E-15 0.0571411624550819 0.998366117477417 2.16840434497101E-15 0.0571411624550819 0.998366117477417 2.16840434497101E-15 0.0571411624550819 0.998366117477417 2.16840434497101E-15 0.0571411624550819 0.998366117477417 2.16840434497101E-15 0.0571411624550819 -0.717140913009644 0 0.696928143501282 -0.870750367641449 0 0.491725325584412 -0.717140913009644 0 0.696928143501282 0.998366117477417 2.16840434497101E-15 0.0571411624550819 0.951041638851166 0 0.309062719345093 0.998366117477417 2.16840434497101E-15 0.0571411624550819 0.951041638851166 0 0.309062719345093 0.841229915618896 0 0.540677607059479 0.841229915618896 0 0.540677607059479 0.676145911216736 0 0.736767709255219 0.676145911216736 0 0.736767709255219 0.466636389493942 0 0.884449243545532 0.466636389493942 0 0.884449243545532 0.226466968655586 0 0.97401887178421 0.226466968655586 0 0.97401887178421 -0.0285822600126266 0 0.999591469764709 -0.0285822600126266 0 0.999591469764709 -0.28175351023674 0 0.959486842155457 -0.28175351023674 0 0.959486842155457 -0.516412436962128 0 0.856339991092682 -0.870750367641449 0 0.491725325584412 -0.967147946357727 0 0.254214107990265 -0.967147946357727 0 0.254214107990265 -1 -2.31296470522182E-15 0 -1 -2.31296470522182E-15 0 -0.516412436962128 0 0.856339991092682 -1 -2.31296470522182E-15 0 -1 -2.31296470522182E-15 0 -1 -2.31296470522182E-15 0 -1 -2.31296470522182E-15 0 -1 -2.31296470522182E-15 0 -0.967147946357727 0 -0.254214107990265 -1 -2.31296470522182E-15 0 -0.967147946357727 0 -0.254214107990265 -0.870750367641449 0 -0.491725325584412 -0.870750367641449 0 -0.491725325584412 -0.717140913009644 0 -0.696928143501282 -0.717140913009644 0 -0.696928143501282 -0.516412436962128 0 -0.856339991092682 -0.516412436962128 0 -0.856339991092682 -0.28175351023674 0 -0.959486842155457 -0.28175351023674 0 -0.959486842155457 -0.0285822600126266 0 -0.999591469764709 -0.0285822600126266 0 -0.999591469764709 0.226466968655586 0 -0.97401887178421 0.226466968655586 0 -0.97401887178421 0.466636389493942 0 -0.884449243545532 0.466636389493942 0 -0.884449243545532 0.676145911216736 0 -0.736767709255219 0.676145911216736 0 -0.736767709255219 0.841229915618896 0 -0.540677607059479 0.841229915618896 0 -0.540677607059479 0.951041638851166 0 -0.309062719345093 0.951041638851166 0 -0.309062719345093 0.998366117477417 -2.31296470522182E-15 -0.0571411624550819 0.998366117477417 -2.31296470522182E-15 -0.0571411624550819 0.998366117477417 -2.31296470522182E-15 -0.0571411624550819 0.998366117477417 -2.31296470522182E-15 -0.0571411624550819 0.998366117477417 -2.31296470522182E-15 -0.0571411624550819 0.998366117477417 -2.31296470522182E-15 -0.0571411624550819 0.952503323554993 0 -0.304528117179871 0.998366117477417 -2.31296470522182E-15 -0.0571411624550819 0.998366117477417 -2.31296470522182E-15 -0.0571411624550819 0.846343576908112 0 -0.532637298107147 0.952503323554993 0 -0.304528117179871 0.686607182025909 0 -0.727028608322144 0.846343576908112 0 -0.532637298107147 0.483405977487564 0 -0.875396311283112 0.686607182025909 0 -0.727028608322144 0.249603405594826 0 -0.968348145484924 0.483405977487564 0 -0.875396311283112 8.56015985769816E-15 0 -1 0.249603405594826 0 -0.968348145484924 -0.249603405594826 0 -0.968348145484924 8.56015985769816E-15 0 -1 -0.483405977487564 0 -0.875396311283112 -0.249603405594826 0 -0.968348145484924 -0.686607182025909 0 -0.727028608322144 -0.483405977487564 0 -0.875396311283112 -0.846343576908112 0 -0.532637298107147 -0.686607182025909 0 -0.727028608322144 -0.952503323554993 0 -0.304528117179871 -0.846343576908112 0 -0.532637298107147 -0.998366117477417 2.16840434497101E-15 -0.0571411624550819 -0.952503323554993 0 -0.304528117179871 -0.998366117477417 2.16840434497101E-15 -0.0571411624550819 -0.998366117477417 2.16840434497101E-15 -0.0571411624550819 -0.998366117477417 2.16840434497101E-15 -0.0571411624550819 -0.998366117477417 2.16840434497101E-15 -0.0571411624550819 -0.998366117477417 2.16840434497101E-15 -0.0571411624550819 -0.998366117477417 2.16840434497101E-15 -0.0571411624550819 -0.951041638851166 0 -0.309062719345093 -0.998366117477417 2.16840434497101E-15 -0.0571411624550819 -0.951041638851166 0 -0.309062719345093 -0.841229915618896 0 -0.540677607059479 -0.841229915618896 0 -0.540677607059479 -0.676145911216736 0 -0.736767709255219 -0.676145911216736 0 -0.736767709255219 -0.466636389493942 0 -0.884449243545532 -0.466636389493942 0 -0.884449243545532 -0.226466968655586 0 -0.97401887178421 -0.226466968655586 0 -0.97401887178421 0.0285822600126266 0 -0.999591469764709 0.0285822600126266 0 -0.999591469764709 0.28175351023674 0 -0.959486842155457 0.28175351023674 0 -0.959486842155457 0.516412436962128 0 -0.856339991092682 0.516412436962128 0 -0.856339991092682 0.717140913009644 0 -0.696928143501282 0.717140913009644 0 -0.696928143501282 0.870750367641449 0 -0.491725325584412 0.870750367641449 0 -0.491725325584412 0.967147946357727 0 -0.254214107990265 0.967147946357727 0 -0.254214107990265 1 -2.31296470522182E-15 0 1 -2.31296470522182E-15 0 1 -2.31296470522182E-15 0 1 -2.31296470522182E-15 0 1 -2.31296470522182E-15 0 1 -2.31296470522182E-15 0 1 -2.31296470522182E-15 0 0.967147946357727 0 0.254214107990265 1 -2.31296470522182E-15 0 0.967147946357727 0 0.254214107990265 0.870750367641449 0 0.491725325584412 0.870750367641449 0 0.491725325584412 0.717140913009644 0 0.696928143501282 0.717140913009644 0 0.696928143501282 0.516412436962128 0 0.856339991092682 0.516412436962128 0 0.856339991092682 0.28175351023674 0 0.959486842155457 0.28175351023674 0 0.959486842155457 0.0285822600126266 0 0.999591469764709 0.0285822600126266 0 0.999591469764709 -0.226466968655586 0 0.97401887178421 -0.226466968655586 0 0.97401887178421 -0.466636389493942 0 0.884449243545532 -0.466636389493942 0 0.884449243545532 -0.676145911216736 0 0.736767709255219 -0.676145911216736 0 0.736767709255219 -0.841229915618896 0 0.540677607059479 -0.841229915618896 0 0.540677607059479 -0.951041638851166 0 0.309062719345093 -0.951041638851166 0 0.309062719345093 -0.998366117477417 -2.31296470522182E-15 0.0571411624550819 -0.998366117477417 -2.31296470522182E-15 0.0571411624550819 -0.998366117477417 -2.31296470522182E-15 0.0571411624550819 -0.998366117477417 -2.31296470522182E-15 0.0571411624550819 -0.998366117477417 -2.31296470522182E-15 0.0571411624550819 -0.998366117477417 -2.31296470522182E-15 0.0571411624550819 -0.952503323554993 0 0.304528117179871 -0.998366117477417 -2.31296470522182E-15 0.0571411624550819 -0.998366117477417 -2.31296470522182E-15 0.0571411624550819 -0.846343576908112 0 0.532637298107147 -0.952503323554993 0 0.304528117179871 -0.686607182025909 0 0.727028608322144 -0.846343576908112 0 0.532637298107147 -0.483405977487564 0 0.875396311283112 -0.686607182025909 0 0.727028608322144 -0.249603405594826 0 0.968348145484924 -0.483405977487564 0 0.875396311283112 -2.44929370517034E-16 0 1 -0.249603405594826 0 0.968348145484924 0.249603405594826 0 0.968348145484924 -2.44929370517034E-16 0 1 0.483405977487564 0 0.875396311283112 0.249603405594826 0 0.968348145484924 0.686607182025909 0 0.727028608322144 0.483405977487564 0 0.875396311283112 0.846343576908112 0 0.532637298107147 0.686607182025909 0 0.727028608322144 0.952503323554993 0 0.304528117179871 0.846343576908112 0 0.532637298107147 0.998366117477417 2.16840434497101E-15 0.0571411624550819 0.952503323554993 0 0.304528117179871 0.998366117477417 2.16840434497101E-15 0.0571411624550819 0.998366117477417 2.16840434497101E-15 0.0571411624550819 0.998366117477417 2.16840434497101E-15 0.0571411624550819 0.998366117477417 2.16840434497101E-15 0.0571411624550819 0.998366117477417 2.16840434497101E-15 0.0571411624550819 0.998366117477417 2.16840434497101E-15 0.0571411624550819 0.951041638851166 0 0.309062719345093 0.998366117477417 2.16840434497101E-15 0.0571411624550819 0.951041638851166 0 0.309062719345093 0.841229915618896 0 0.540677607059479 0.841229915618896 0 0.540677607059479 0.676145911216736 0 0.736767709255219 0.676145911216736 0 0.736767709255219 0.466636389493942 0 0.884449243545532 0.466636389493942 0 0.884449243545532 0.226466968655586 0 0.97401887178421 0.226466968655586 0 0.97401887178421 -0.0285822600126266 0 0.999591469764709 -0.0285822600126266 0 0.999591469764709 -0.28175351023674 0 0.959486842155457 -0.28175351023674 0 0.959486842155457 -0.516412436962128 0 0.856339991092682 -0.516412436962128 0 0.856339991092682 -0.717140913009644 0 0.696928143501282 -0.717140913009644 0 0.696928143501282 -0.870750367641449 0 0.491725325584412 -0.870750367641449 0 0.491725325584412 -0.967147946357727 0 0.254214107990265 -0.967147946357727 0 0.254214107990265 -1 -2.31296470522182E-15 0 -1 -2.31296470522182E-15 0 -1 -2.31296470522182E-15 0 -1 -2.31296470522182E-15 0 -1 -2.31296470522182E-15 0 -1 -2.31296470522182E-15 0 -1 -2.31296470522182E-15 0 -0.967147946357727 0 -0.254214107990265 -1 -2.31296470522182E-15 0 -0.967147946357727 0 -0.254214107990265 -0.870750367641449 0 -0.491725325584412 -0.870750367641449 0 -0.491725325584412 -0.717140913009644 0 -0.696928143501282 -0.717140913009644 0 -0.696928143501282 -0.516412436962128 0 -0.856339991092682 -0.516412436962128 0 -0.856339991092682 -0.28175351023674 0 -0.959486842155457 -0.28175351023674 0 -0.959486842155457 -0.0285822600126266 0 -0.999591469764709 -0.0285822600126266 0 -0.999591469764709 0.226466968655586 0 -0.97401887178421 0.226466968655586 0 -0.97401887178421 0.466636389493942 0 -0.884449243545532 0.466636389493942 0 -0.884449243545532 0.676145911216736 0 -0.736767709255219 0.676145911216736 0 -0.736767709255219 0.841229915618896 0 -0.540677607059479 0.841229915618896 0 -0.540677607059479 0.951041638851166 0 -0.309062719345093 0.951041638851166 0 -0.309062719345093 0.998366117477417 -2.31296470522182E-15 -0.0571411624550819 0.998366117477417 -2.31296470522182E-15 -0.0571411624550819 0.998366117477417 -2.31296470522182E-15 -0.0571411624550819 0.998366117477417 -2.31296470522182E-15 -0.0571411624550819 0.998366117477417 -2.31296470522182E-15 -0.0571411624550819 0.998366117477417 -2.31296470522182E-15 -0.0571411624550819 0.952503323554993 0 -0.304528117179871 0.998366117477417 -2.31296470522182E-15 -0.0571411624550819 0.998366117477417 -2.31296470522182E-15 -0.0571411624550819 0.846343576908112 0 -0.532637298107147 0.952503323554993 0 -0.304528117179871 0.686607182025909 0 -0.727028608322144 0.846343576908112 0 -0.532637298107147 0.483405977487564 0 -0.875396311283112 0.686607182025909 0 -0.727028608322144 0.249603405594826 0 -0.968348145484924 0.483405977487564 0 -0.875396311283112 1.22464685258517E-16 0 -1 0.249603405594826 0 -0.968348145484924 -0.249603405594826 0 -0.968348145484924 1.22464685258517E-16 0 -1 -0.483405977487564 0 -0.875396311283112 -0.249603405594826 0 -0.968348145484924 -0.686607182025909 0 -0.727028608322144 -0.483405977487564 0 -0.875396311283112 -0.846343576908112 0 -0.532637298107147 -0.686607182025909 0 -0.727028608322144 -0.952503323554993 0 -0.304528117179871 -0.846343576908112 0 -0.532637298107147 -0.998366117477417 2.16840434497101E-15 -0.0571411624550819 -0.952503323554993 0 -0.304528117179871 -0.998366117477417 2.16840434497101E-15 -0.0571411624550819 -0.998366117477417 2.16840434497101E-15 -0.0571411624550819 -0.998366117477417 2.16840434497101E-15 -0.0571411624550819 -0.998366117477417 2.16840434497101E-15 -0.0571411624550819 -0.998366117477417 2.16840434497101E-15 -0.0571411624550819 -0.998366117477417 2.16840434497101E-15 -0.0571411624550819 -0.951041638851166 0 -0.309062719345093 -0.998366117477417 2.16840434497101E-15 -0.0571411624550819 -0.951041638851166 0 -0.309062719345093 -0.841229915618896 0 -0.540677607059479 -0.841229915618896 0 -0.540677607059479 -0.676145911216736 0 -0.736767709255219 -0.676145911216736 0 -0.736767709255219 -0.466636389493942 0 -0.884449243545532 -0.466636389493942 0 -0.884449243545532 -0.226466968655586 0 -0.97401887178421 -0.226466968655586 0 -0.97401887178421 0.0285822600126266 0 -0.999591469764709 0.0285822600126266 0 -0.999591469764709 0.28175351023674 0 -0.959486842155457 0.28175351023674 0 -0.959486842155457 0.516412436962128 0 -0.856339991092682 0.516412436962128 0 -0.856339991092682 0.717140913009644 0 -0.696928143501282 0.717140913009644 0 -0.696928143501282 0.870750367641449 0 -0.491725325584412 0.870750367641449 0 -0.491725325584412 0.967147946357727 0 -0.254214107990265 0.967147946357727 0 -0.254214107990265 1 -2.31296470522182E-15 0 1 -2.31296470522182E-15 0 1 -2.31296470522182E-15 0 1 -2.31296470522182E-15 0 1 -2.31296470522182E-15 0 1 -2.31296470522182E-15 0 1 -2.31296470522182E-15 0 0.967147946357727 0 0.254214107990265 1 -2.31296470522182E-15 0 0.967147946357727 0 0.254214107990265 0.870750367641449 0 0.491725325584412 0.870750367641449 0 0.491725325584412 0.717140913009644 0 0.696928143501282 0.717140913009644 0 0.696928143501282 0.516412436962128 0 0.856339991092682 0.516412436962128 0 0.856339991092682 0.28175351023674 0 0.959486842155457 0.28175351023674 0 0.959486842155457 0.0285822600126266 0 0.999591469764709 0.0285822600126266 0 0.999591469764709 -0.226466968655586 0 0.97401887178421 -0.226466968655586 0 0.97401887178421 -0.466636389493942 0 0.884449243545532 -0.466636389493942 0 0.884449243545532 -0.676145911216736 0 0.736767709255219 -0.676145911216736 0 0.736767709255219 -0.841229915618896 0 0.540677607059479 -0.841229915618896 0 0.540677607059479 -0.951041638851166 0 0.309062719345093 -0.951041638851166 0 0.309062719345093 -0.998366117477417 -2.31296470522182E-15 0.0571411624550819 -0.998366117477417 -2.31296470522182E-15 0.0571411624550819 -0.998366117477417 -2.31296470522182E-15 0.0571411624550819 -0.998366117477417 -2.31296470522182E-15 0.0571411624550819 -0.998366117477417 -2.31296470522182E-15 0.0571411624550819 -0.998366117477417 -2.31296470522182E-15 0.0571411624550819 -0.952503323554993 0 0.304528117179871 -0.998366117477417 -2.31296470522182E-15 0.0571411624550819 -0.998366117477417 -2.31296470522182E-15 0.0571411624550819 -0.846343576908112 0 0.532637298107147 -0.952503323554993 0 0.304528117179871 -0.686607182025909 0 0.727028608322144 -0.846343576908112 0 0.532637298107147 -0.483405977487564 0 0.875396311283112 -0.686607182025909 0 0.727028608322144 -0.249603405594826 0 0.968348145484924 -0.483405977487564 0 0.875396311283112 -2.44929370517034E-16 0 1 -0.249603405594826 0 0.968348145484924 0.249603405594826 0 0.968348145484924 -2.44929370517034E-16 0 1 0.483405977487564 0 0.875396311283112 0.249603405594826 0 0.968348145484924 0.686607182025909 0 0.727028608322144 0.483405977487564 0 0.875396311283112 0.846343576908112 0 0.532637298107147 0.686607182025909 0 0.727028608322144 0.952503323554993 0 0.304528117179871 0.846343576908112 0 0.532637298107147 0.998366117477417 2.16840434497101E-15 0.0571411624550819 0.952503323554993 0 0.304528117179871 0.998366117477417 2.16840434497101E-15 0.0571411624550819 0.998366117477417 2.16840434497101E-15 0.0571411624550819 0.998366117477417 2.16840434497101E-15 0.0571411624550819 0.998366117477417 2.16840434497101E-15 0.0571411624550819 0.998366117477417 2.16840434497101E-15 0.0571411624550819 0.998366117477417 2.16840434497101E-15 0.0571411624550819 0.951041638851166 0 0.309062719345093 0.998366117477417 2.16840434497101E-15 0.0571411624550819 0.951041638851166 0 0.309062719345093 0.841229915618896 0 0.540677607059479 0.841229915618896 0 0.540677607059479 0.676145911216736 0 0.736767709255219 0.676145911216736 0 0.736767709255219 0.466636389493942 0 0.884449243545532 0.466636389493942 0 0.884449243545532 0.226466968655586 0 0.97401887178421 0.226466968655586 0 0.97401887178421 -0.0285822600126266 0 0.999591469764709 -0.0285822600126266 0 0.999591469764709 -0.28175351023674 0 0.959486842155457 -0.28175351023674 0 0.959486842155457 -0.516412436962128 0 0.856339991092682 -0.516412436962128 0 0.856339991092682 -0.717140913009644 0 0.696928143501282 -0.717140913009644 0 0.696928143501282 -0.870750367641449 0 0.491725325584412 -0.870750367641449 0 0.491725325584412 -0.967147946357727 0 0.254214107990265 -0.967147946357727 0 0.254214107990265 -1 -2.31296470522182E-15 0 -1 -2.31296470522182E-15 0 -1 -2.31296470522182E-15 0 -1 -2.31296470522182E-15 0 -1 -2.31296470522182E-15 0 -1 -2.31296470522182E-15 0 -1 -2.31296470522182E-15 0 -0.967147946357727 0 -0.254214107990265 -1 -2.31296470522182E-15 0 -0.967147946357727 0 -0.254214107990265 -0.870750367641449 0 -0.491725325584412 -0.870750367641449 0 -0.491725325584412 -0.717140913009644 0 -0.696928143501282 -0.717140913009644 0 -0.696928143501282 -0.516412436962128 0 -0.856339991092682 -0.516412436962128 0 -0.856339991092682 -0.28175351023674 0 -0.959486842155457 -0.28175351023674 0 -0.959486842155457 -0.0285822600126266 0 -0.999591469764709 -0.0285822600126266 0 -0.999591469764709 0.226466968655586 0 -0.97401887178421 0.226466968655586 0 -0.97401887178421 0.466636389493942 0 -0.884449243545532 0.466636389493942 0 -0.884449243545532 0.676145911216736 0 -0.736767709255219 0.676145911216736 0 -0.736767709255219 0.841229915618896 0 -0.540677607059479 0.841229915618896 0 -0.540677607059479 0.951041638851166 0 -0.309062719345093 0.951041638851166 0 -0.309062719345093 0.998366117477417 -2.31296470522182E-15 -0.0571411624550819 0.998366117477417 -2.31296470522182E-15 -0.0571411624550819 0.998366117477417 -2.31296470522182E-15 -0.0571411624550819 0.998366117477417 -2.31296470522182E-15 -0.0571411624550819 0.998366117477417 -2.31296470522182E-15 -0.0571411624550819 0.998366117477417 -2.31296470522182E-15 -0.0571411624550819 0.952503323554993 0 -0.304528117179871 0.998366117477417 -2.31296470522182E-15 -0.0571411624550819 0.998366117477417 -2.31296470522182E-15 -0.0571411624550819 0.846343576908112 0 -0.532637298107147 0.952503323554993 0 -0.304528117179871 0.686607182025909 0 -0.727028608322144 0.846343576908112 0 -0.532637298107147 0.483405977487564 0 -0.875396311283112 0.686607182025909 0 -0.727028608322144 0.249603405594826 0 -0.968348145484924 0.483405977487564 0 -0.875396311283112 1.22464685258517E-16 0 -1 0.249603405594826 0 -0.968348145484924 -0.249603405594826 0 -0.968348145484924 1.22464685258517E-16 0 -1 -0.483405977487564 0 -0.875396311283112 -0.249603405594826 0 -0.968348145484924 -0.686607182025909 0 -0.727028608322144 -0.483405977487564 0 -0.875396311283112 -0.846343576908112 0 -0.532637298107147 -0.686607182025909 0 -0.727028608322144 -0.952503323554993 0 -0.304528117179871 -0.846343576908112 0 -0.532637298107147 -0.998366117477417 2.16840434497101E-15 -0.0571411624550819 -0.952503323554993 0 -0.304528117179871 -0.998366117477417 2.16840434497101E-15 -0.0571411624550819 -0.998366117477417 2.16840434497101E-15 -0.0571411624550819 -0.998366117477417 2.16840434497101E-15 -0.0571411624550819 -0.998366117477417 2.16840434497101E-15 -0.0571411624550819 -0.998366117477417 2.16840434497101E-15 -0.0571411624550819 -0.998366117477417 2.16840434497101E-15 -0.0571411624550819 -0.951041638851166 0 -0.309062719345093 -0.998366117477417 2.16840434497101E-15 -0.0571411624550819 -0.951041638851166 0 -0.309062719345093 -0.841229915618896 0 -0.540677607059479 -0.841229915618896 0 -0.540677607059479 -0.676145911216736 0 -0.736767709255219 -0.676145911216736 0 -0.736767709255219 -0.466636389493942 0 -0.884449243545532 -0.466636389493942 0 -0.884449243545532 -0.226466968655586 0 -0.97401887178421 -0.226466968655586 0 -0.97401887178421 0.0285822600126266 0 -0.999591469764709 0.0285822600126266 0 -0.999591469764709 0.28175351023674 0 -0.959486842155457 0.28175351023674 0 -0.959486842155457 0.516412436962128 0 -0.856339991092682 0.516412436962128 0 -0.856339991092682 0.717140913009644 0 -0.696928143501282 0.717140913009644 0 -0.696928143501282 0.870750367641449 0 -0.491725325584412 0.870750367641449 0 -0.491725325584412 0.967147946357727 0 -0.254214107990265 0.967147946357727 0 -0.254214107990265 1 -2.31296470522182E-15 0 1 -2.31296470522182E-15 0 1 -2.31296470522182E-15 0 1 -2.31296470522182E-15 0 1 -2.31296470522182E-15 0 1 -2.31296470522182E-15 0 1 -2.31296470522182E-15 0 0.967147946357727 0 0.254214107990265 1 -2.31296470522182E-15 0 0.967147946357727 0 0.254214107990265 0.870750367641449 0 0.491725325584412 0.870750367641449 0 0.491725325584412 0.717140913009644 0 0.696928143501282 0.717140913009644 0 0.696928143501282 0.516412436962128 0 0.856339991092682 0.516412436962128 0 0.856339991092682 0.28175351023674 0 0.959486842155457 0.28175351023674 0 0.959486842155457 0.0285822600126266 0 0.999591469764709 0.0285822600126266 0 0.999591469764709 -0.226466968655586 0 0.97401887178421 -0.226466968655586 0 0.97401887178421 -0.466636389493942 0 0.884449243545532 -0.466636389493942 0 0.884449243545532 -0.676145911216736 0 0.736767709255219 -0.676145911216736 0 0.736767709255219 -0.841229915618896 0 0.540677607059479 -0.841229915618896 0 0.540677607059479 -0.951041638851166 0 0.309062719345093 -0.951041638851166 0 0.309062719345093 -0.998366117477417 -2.31296470522182E-15 0.0571411624550819 -0.998366117477417 -2.31296470522182E-15 0.0571411624550819 -0.998366117477417 -2.31296470522182E-15 0.0571411624550819 -0.998366117477417 -2.31296470522182E-15 0.0571411624550819 -0.998366117477417 -2.31296470522182E-15 0.0571411624550819 -0.998366117477417 -2.31296470522182E-15 0.0571411624550819 -0.998366117477417 -2.31296470522182E-15 0.0571411624550819 -0.952503323554993 0 0.304528117179871 -0.952503323554993 0 0.304528117179871 -0.846343576908112 0 0.532637298107147 -0.846343576908112 0 0.532637298107147 -0.686607182025909 0 0.727028608322144 -0.686607182025909 0 0.727028608322144 -0.483405977487564 0 0.875396311283112 -0.483405977487564 0 0.875396311283112 -0.249603405594826 0 0.968348145484924 -0.249603405594826 0 0.968348145484924 -2.44929370517034E-16 0 1 -2.44929370517034E-16 0 1 0.686607182025909 0 0.727028608322144 0.483405977487564 0 0.875396311283112 0.483405977487564 0 0.875396311283112 0.249603405594826 0 0.968348145484924 0.686607182025909 0 0.727028608322144 0.846343576908112 0 0.532637298107147 0.846343576908112 0 0.532637298107147 0.952503323554993 0 0.304528117179871 0.952503323554993 0 0.304528117179871 0.998366117477417 2.16840434497101E-15 0.0571411624550819 0.998366117477417 2.16840434497101E-15 0.0571411624550819 0.249603405594826 0 0.968348145484924 -0.998366117477417 -2.31296470522182E-15 0.0571411624550819 0.998366117477417 2.16840434497101E-15 0.0571411624550819 0.998366117477417 2.16840434497101E-15 0.0571411624550819 0.998366117477417 2.16840434497101E-15 0.0571411624550819 0.998366117477417 2.16840434497101E-15 0.0571411624550819 0.951041638851166 0 0.309062719345093 0.998366117477417 2.16840434497101E-15 0.0571411624550819 0.951041638851166 0 0.309062719345093 0.841229915618896 0 0.540677607059479 0.841229915618896 0 0.540677607059479 0.676145911216736 0 0.736767709255219 0.676145911216736 0 0.736767709255219 0.466636389493942 0 0.884449243545532 0.466636389493942 0 0.884449243545532 0.226466968655586 0 0.97401887178421 0.226466968655586 0 0.97401887178421 -0.516412436962128 0 0.856339991092682 -0.717140913009644 0 0.696928143501282 -0.516412436962128 0 0.856339991092682 -0.717140913009644 0 0.696928143501282 -0.870750367641449 0 0.491725325584412 -0.870750367641449 0 0.491725325584412 -0.967147946357727 0 0.254214107990265 -0.967147946357727 0 0.254214107990265 -1 -2.31296470522182E-15 0 -1 -2.31296470522182E-15 0 -0.28175351023674 0 0.959486842155457 -0.28175351023674 0 0.959486842155457 -0.0285822600126266 0 0.999591469764709 -0.0285822600126266 0 0.999591469764709 0.998366117477417 2.16840434497101E-15 0.0571411624550819 -1 -2.31296470522182E-15 0 -1 -2.31296470522182E-15 0 -1 -2.31296470522182E-15 0 -1 -2.31296470522182E-15 0 -1 -2.31296470522182E-15 0 -0.967147946357727 0 -0.254214107990265 -1 -2.31296470522182E-15 0 -0.967147946357727 0 -0.254214107990265 -0.870750367641449 0 -0.491725325584412 -0.870750367641449 0 -0.491725325584412 -0.717140913009644 0 -0.696928143501282 -0.717140913009644 0 -0.696928143501282 -0.516412436962128 0 -0.856339991092682 -0.516412436962128 0 -0.856339991092682 -0.28175351023674 0 -0.959486842155457 -0.28175351023674 0 -0.959486842155457 -0.0285822600126266 0 -0.999591469764709 -0.0285822600126266 0 -0.999591469764709 0.226466968655586 0 -0.97401887178421 0.226466968655586 0 -0.97401887178421 0.466636389493942 0 -0.884449243545532 0.466636389493942 0 -0.884449243545532 0.676145911216736 0 -0.736767709255219 0.676145911216736 0 -0.736767709255219 0.841229915618896 0 -0.540677607059479 0.841229915618896 0 -0.540677607059479 0.951041638851166 0 -0.309062719345093 0.951041638851166 0 -0.309062719345093 0.998366117477417 -2.31296470522182E-15 -0.0571411624550819 0.998366117477417 -2.31296470522182E-15 -0.0571411624550819 0.998366117477417 -2.31296470522182E-15 -0.0571411624550819 0.998366117477417 -2.31296470522182E-15 -0.0571411624550819 0.998366117477417 -2.31296470522182E-15 -0.0571411624550819 0.998366117477417 -2.31296470522182E-15 -0.0571411624550819 0.686607182025909 0 -0.727028608322144 0.846343576908112 0 -0.532637298107147 0.846343576908112 0 -0.532637298107147 0.952503323554993 0 -0.304528117179871 0.998366117477417 -2.31296470522182E-15 -0.0571411624550819 0.998366117477417 -2.31296470522182E-15 -0.0571411624550819 0.249603405594826 0 -0.968348145484924 0.483405977487564 0 -0.875396311283112 0.483405977487564 0 -0.875396311283112 1.22464685258517E-16 0 -1 0.249603405594826 0 -0.968348145484924 -0.249603405594826 0 -0.968348145484924 1.22464685258517E-16 0 -1 -0.483405977487564 0 -0.875396311283112 -0.249603405594826 0 -0.968348145484924 0.686607182025909 0 -0.727028608322144 0.952503323554993 0 -0.304528117179871 -0.846343576908112 0 -0.532637298107147 -0.686607182025909 0 -0.727028608322144 -0.686607182025909 0 -0.727028608322144 -0.952503323554993 0 -0.304528117179871 -0.846343576908112 0 -0.532637298107147 -0.998366117477417 2.16840434497101E-15 -0.0571411624550819 -0.952503323554993 0 -0.304528117179871 -0.998366117477417 2.16840434497101E-15 -0.0571411624550819 -0.483405977487564 0 -0.875396311283112 -0.998366117477417 2.16840434497101E-15 -0.0571411624550819 -0.998366117477417 2.16840434497101E-15 -0.0571411624550819 -0.998366117477417 2.16840434497101E-15 -0.0571411624550819 -0.998366117477417 2.16840434497101E-15 -0.0571411624550819 -0.226466968655586 0 -0.97401887178421 -0.466636389493942 0 -0.884449243545532 -0.226466968655586 0 -0.97401887178421 0.0285822600126266 0 -0.999591469764709 0.0285822600126266 0 -0.999591469764709 0.28175351023674 0 -0.959486842155457 0.28175351023674 0 -0.959486842155457 0.516412436962128 0 -0.856339991092682 0.516412436962128 0 -0.856339991092682 0.717140913009644 0 -0.696928143501282 0.717140913009644 0 -0.696928143501282 0.870750367641449 0 -0.491725325584412 0.870750367641449 0 -0.491725325584412 0.967147946357727 0 -0.254214107990265 0.967147946357727 0 -0.254214107990265 1 -2.31296470522182E-15 0 1 -2.31296470522182E-15 0 -0.466636389493942 0 -0.884449243545532 -0.676145911216736 0 -0.736767709255219 -0.841229915618896 0 -0.540677607059479 -0.951041638851166 0 -0.309062719345093 -0.841229915618896 0 -0.540677607059479 -0.676145911216736 0 -0.736767709255219 -0.951041638851166 0 -0.309062719345093 -0.998366117477417 2.16840434497101E-15 -0.0571411624550819 -0.998366117477417 2.16840434497101E-15 -0.0571411624550819 1 -2.31296470522182E-15 0 1 -2.31296470522182E-15 0 1 -2.31296470522182E-15 0 1 -2.31296470522182E-15 0 0.258819043636322 0 -0.965925812721252 0.5 0 -0.866025388240814 0.258819043636322 0 -0.965925812721252 0.5 0 -0.866025388240814 0.70710676908493 0 -0.70710676908493 0.70710676908493 0 -0.70710676908493 0.866025388240814 0 -0.5 0.866025388240814 0 -0.5 0.965925812721252 0 -0.258819043636322 0 -5.68761818834496E-16 -1 0 -5.68761818834496E-16 -1 1 0 1.07187540788323E-15 0.965925812721252 0 0.258819043636322 1 0 1.07187540788323E-15 0.965925812721252 0 0.258819043636322 0.866025388240814 0 0.5 0.866025388240814 0 0.5 0.70710676908493 0 0.70710676908493 0.70710676908493 0 0.70710676908493 0.5 0 0.866025388240814 0.5 0 0.866025388240814 0.258819043636322 0 0.965925812721252 0.965925812721252 0 -0.258819043636322 -1.22464685258517E-16 0 1 -0.258819043636322 0 0.965925812721252 -1.22464685258517E-16 0 1 -0.258819043636322 0 0.965925812721252 -0.5 0 0.866025388240814 -0.5 0 0.866025388240814 -0.70710676908493 0 0.70710676908493 -0.70710676908493 0 0.70710676908493 -0.866025388240814 0 0.5 -0.866025388240814 0 0.5 -0.965925812721252 0 0.258819043636322 -0.965925812721252 0 0.258819043636322 -1 0 -6.12323426292584E-17 -1 -5.68761818834496E-16 0 -0.965925812721252 0 -0.258819043636322 -0.965925812721252 0 -0.258819043636322 -0.866025388240814 0 -0.5 -0.866025388240814 0 -0.5 -0.70710676908493 0 -0.70710676908493 -0.70710676908493 0 -0.70710676908493 -0.5 0 -0.866025388240814 -0.5 0 -0.866025388240814 -0.258819043636322 0 -0.965925812721252 -0.258819043636322 0 -0.965925812721252 0.258819043636322 0 0.965925812721252 -0.258819043636322 0 -0.965925812721252 0 -5.68761818834496E-16 -1 -0.258819043636322 0 -0.965925812721252 -0.5 0 -0.866025388240814 -0.5 0 -0.866025388240814 -0.70710676908493 0 -0.70710676908493 -0.70710676908493 0 -0.70710676908493 -0.866025388240814 0 -0.5 -0.866025388240814 0 -0.5 -0.965925812721252 0 -0.258819043636322 -0.965925812721252 0 -0.258819043636322 -1 -5.68761818834496E-16 0 -1 0 -6.12323426292584E-17 -0.965925812721252 0 0.258819043636322 -0.965925812721252 0 0.258819043636322 -0.866025388240814 0 0.5 -0.866025388240814 0 0.5 -0.70710676908493 0 0.70710676908493 -0.70710676908493 0 0.70710676908493 -0.5 0 0.866025388240814 -0.5 0 0.866025388240814 -0.258819043636322 0 0.965925812721252 -0.258819043636322 0 0.965925812721252 -1.22464685258517E-16 0 1 -1.22464685258517E-16 0 1 0.258819043636322 0 0.965925812721252 0.258819043636322 0 0.965925812721252 0.5 0 0.866025388240814 0.5 0 0.866025388240814 0.70710676908493 0 0.70710676908493 0.70710676908493 0 0.70710676908493 0.866025388240814 0 0.5 0.866025388240814 0 0.5 0.258819043636322 0 -0.965925812721252 0 -5.68761818834496E-16 -1 0.258819043636322 0 -0.965925812721252 0.5 0 -0.866025388240814 0.5 0 -0.866025388240814 0.70710676908493 0 -0.70710676908493 0.70710676908493 0 -0.70710676908493 0.866025388240814 0 -0.5 0.866025388240814 0 -0.5 0.965925812721252 0 -0.258819043636322 0.965925812721252 0 -0.258819043636322 1 0 1.83697014652885E-16 1 0 1.83697014652885E-16 0.965925812721252 0 0.258819043636322 0.965925812721252 0 0.258819043636322 -1 0 0 -0.965925812721252 0.258819043636322 0 -1 0 0 -0.866025388240814 0.5 0 -0.70710676908493 0.70710676908493 0 -0.866025388240814 0.5 0 -0.70710676908493 0.70710676908493 0 -0.5 0.866025388240814 0 -0.5 0.866025388240814 0 -0.258819043636322 0.965925812721252 0 -0.258819043636322 0.965925812721252 0 1.83697014652885E-16 1 0 1.83697014652885E-16 1 0 0.258819043636322 0.965925812721252 0 0.258819043636322 0.965925812721252 0 0.5 0.866025388240814 0 0.5 0.866025388240814 0 0.70710676908493 0.70710676908493 0 0.70710676908493 0.70710676908493 0 0.866025388240814 0.5 0 0.866025388240814 0.5 0 0.965925812721252 0.258819043636322 0 0.965925812721252 0.258819043636322 0 1 -1.22464685258517E-16 0 1 -1.22464685258517E-16 0 0.965925812721252 -0.258819043636322 0 0.965925812721252 -0.258819043636322 0 0.866025388240814 -0.5 0 0.866025388240814 -0.5 0 0.70710676908493 -0.70710676908493 0 0.70710676908493 -0.70710676908493 0 0.5 -0.866025388240814 0 0.5 -0.866025388240814 0 0.258819043636322 -0.965925812721252 0 0.258819043636322 -0.965925812721252 0 -6.12323426292584E-17 -1 0 -6.12323426292584E-17 -1 0 -0.258819043636322 -0.965925812721252 0 -0.258819043636322 -0.965925812721252 0 -0.5 -0.866025388240814 0 -0.5 -0.866025388240814 0 -0.70710676908493 -0.70710676908493 0 -0.70710676908493 -0.70710676908493 0 -0.866025388240814 -0.5 0 -0.866025388240814 -0.5 0 -0.965925812721252 -0.258819043636322 0 -0.965925812721252 -0.258819043636322 0 -0.965925812721252 0.258819043636322 0 0 0 1 0 0 1 0 0 1 0 0 1 0 0 1 0 0 1 0 0 1 0 0 1 0 0 1 0 0 1 0 0 1 0 0 1 0 0 1 0 0 1 0 0 1 0 0 1 0 0 1 0 0 1 0 0 1 0 0 1 0 0 1 0 0 1 0 0 1 0 0 1 0 0 1 -0.965925812721252 -0.258819043636322 0 -0.866025388240814 -0.5 0 -0.965925812721252 -0.258819043636322 0 -0.866025388240814 -0.5 0 -0.70710676908493 -0.70710676908493 0 -0.70710676908493 -0.70710676908493 0 -0.5 -0.866025388240814 0 -0.5 -0.866025388240814 0 -0.258819043636322 -0.965925812721252 0 -0.258819043636322 -0.965925812721252 0 -6.12323426292584E-17 -1 0 -6.12323426292584E-17 -1 0 0.258819043636322 -0.965925812721252 0 0.258819043636322 -0.965925812721252 0 0.5 -0.866025388240814 0 0.5 -0.866025388240814 0 0.70710676908493 -0.70710676908493 0 -1 0 0 -0.965925812721252 0.258819043636322 0 -1 0 0 0.70710676908493 -0.70710676908493 0 0.866025388240814 -0.5 0 0.866025388240814 -0.5 0 0.965925812721252 -0.258819043636322 0 0.965925812721252 -0.258819043636322 0 1 -1.22464685258517E-16 0 1 -1.22464685258517E-16 0 0.965925812721252 0.258819043636322 0 0.965925812721252 0.258819043636322 0 0.866025388240814 0.5 0 0.866025388240814 0.5 0 0.70710676908493 0.70710676908493 0 0.70710676908493 0.70710676908493 0 0.5 0.866025388240814 0 0.5 0.866025388240814 0 0.258819043636322 0.965925812721252 0 0.258819043636322 0.965925812721252 0 1.83697014652885E-16 1 0 1.83697014652885E-16 1 0 -0.258819043636322 0.965925812721252 0 -0.258819043636322 0.965925812721252 0 -0.5 0.866025388240814 0 -0.5 0.866025388240814 0 -0.70710676908493 0.70710676908493 0 -0.70710676908493 0.70710676908493 0 -0.866025388240814 0.5 0 -0.866025388240814 0.5 0 -0.965925812721252 0.258819043636322 0 0 0 1 0 0 1 0 0 1 0 0 1 0 0 1 0 0 1 0 0 1 0 0 1 0 0 1 0 0 1 0 0 1 0 0 1 0 0 1 0 0 1 0 0 1 0 0 1 0 0 1 0 0 1 0 0 1 0 0 1 0 0 1 0 0 1 0 0 1 0 0 1 0 0 1 -1 0 0 -1 0 0 -1 0 0 -1 0 0 -1 0 0 -1 0 0 -1 0 0 -1 0 0 -1 0 0 -1 0 0 -1 0 0 -1 0 0 -1 0 0 -1 0 0 -1 0 0 -1 0 0 -1 0 0 -1 0 0 -1 0 0 -1 0 0 -1 0 0 -1 0 0 -1 0 0 -1 0 0 -1 0 0 -1 0 0 -1 0 0 -1 0 0 -1 0 0 1.05134755117163E-16 1 0 1.05134755117163E-16 1 0 1.05134755117163E-16 1 0 1.05134755117163E-16 1 0 1.02498808437643E-16 0.97492790222168 -0.222520932555199 0 1 1.17961196366423E-13 1.02498808437643E-16 0.97492790222168 -0.222520932555199 9.47231452435217E-17 0.900968849658966 -0.433883726596832 9.47231452435217E-17 0.900968849658966 -0.433883726596832 8.21976653883334E-17 0.781831502914429 -0.623489797115326 8.21976653883334E-17 0.781831502914429 -0.623489797115326 6.55504504199118E-17 0.623489797115326 -0.781831502914429 6.55504504199118E-17 0.623489797115326 -0.781831502914429 0 1 1.17961196366423E-13 2.3394684389333E-17 0.222520932555199 -0.97492790222168 4.56162612339434E-17 0.433883726596832 -0.900968849658966 2.3394684389333E-17 0.222520932555199 -0.97492790222168 0 1.13966072297074E-14 -1 0 1.13966072297074E-14 -1 4.56162612339434E-17 0.433883726596832 -0.900968849658966 0 0 -1 0 0 -1 0 0 -1 0 0 -1 -2.72108771822627E-17 -0.258819043636322 -0.965925812721252 -5.25673775585817E-17 -0.5 -0.866025388240814 -2.72108771822627E-17 -0.258819043636322 -0.965925812721252 0 -6.81798884453262E-15 -1 0 -6.81798884453262E-15 -1 -5.25673775585817E-17 -0.5 -0.866025388240814 -7.43415009769988E-17 -0.70710676908493 -0.70710676908493 -7.43415009769988E-17 -0.70710676908493 -0.70710676908493 -9.10493714453777E-17 -0.866025388240814 -0.5 -9.10493714453777E-17 -0.866025388240814 -0.5 -1.01552374850539E-16 -0.965925812721252 -0.258819043636322 -1.01552374850539E-16 -0.965925812721252 -0.258819043636322 0 -1 1.07552855510562E-13 0 -1 1.07552855510562E-13 -1.05134755117163E-16 -1 2.52629641161404E-16 -1.05134755117163E-16 -1 2.52629641161404E-16 -1.05134755117163E-16 -1 2.52629641161404E-16 -1.05134755117163E-16 -1 2.52629641161404E-16 -2.72108771822627E-17 -0.258819043636322 0.965925812721252 -5.25673775585817E-17 -0.5 0.866025388240814 -2.72108771822627E-17 -0.258819043636322 0.965925812721252 0 1.20904966730377E-16 1 0 1.20904966730377E-16 1 -5.25673775585817E-17 -0.5 0.866025388240814 -7.43415009769988E-17 -0.70710676908493 0.70710676908493 -9.10493714453777E-17 -0.866025388240814 0.5 -1.01552374850539E-16 -0.965925812721252 0.258819043636322 -9.10493714453777E-17 -0.866025388240814 0.5 -1.01552374850539E-16 -0.965925812721252 0.258819043636322 0 -1 1.45716771982052E-13 0 -1 1.45716771982052E-13 -7.43415009769988E-17 -0.70710676908493 0.70710676908493 1.89978886020327E-32 1.80700357669287E-16 1 1.89978886020327E-32 1.80700357669287E-16 1 1.89978886020327E-32 1.80700357669287E-16 1 1.89978886020327E-32 1.80700357669287E-16 1 0 1 1.42247325030098E-13 1.01552374850539E-16 0.965925812721252 0.258819043636322 0 1 1.42247325030098E-13 9.10493714453777E-17 0.866025388240814 0.5 7.43415009769988E-17 0.70710676908493 0.70710676908493 9.10493714453777E-17 0.866025388240814 0.5 7.43415009769988E-17 0.70710676908493 0.70710676908493 5.25673775585817E-17 0.5 0.866025388240814 5.25673775585817E-17 0.5 0.866025388240814 2.72108771822627E-17 0.258819043636322 0.965925812721252 2.72108771822627E-17 0.258819043636322 0.965925812721252 0 1.31313307056842E-14 1 0 1.31313307056842E-14 1 1.01552374850539E-16 0.965925812721252 0.258819043636322 -1 1.05134755117163E-16 0 -1 1.05134755117163E-16 0 -1 1.05134755117163E-16 0 -1 1.05134755117163E-16 0 -1 1.05134755117163E-16 0 -1 1.05134755117163E-16 0 -1 1.05134755117163E-16 0 -1 1.05134755117163E-16 0 -1 1.05134755117163E-16 0 -1 1.05134755117163E-16 0 -1 1.05134755117163E-16 0 -1 1.05134755117163E-16 0 -1 1.05134755117163E-16 0 -1 1.05134755117163E-16 0 -1 1.05134755117163E-16 0 -1 1.05134755117163E-16 0 -1 1.05134755117163E-16 0 -1 1.05134755117163E-16 0 -1 1.05134755117163E-16 0 -1 1.05134755117163E-16 0 -1 1.05134755117163E-16 0 -1 1.05134755117163E-16 0 -1 1.05134755117163E-16 0 -1 1.05134755117163E-16 0 -1 1.05134755117163E-16 0 7.43415009769988E-17 0.70710676908493 -0.70710676908493 9.10493714453777E-17 0.866025388240814 -0.5 7.43415009769988E-17 0.70710676908493 -0.70710676908493 5.25673775585817E-17 0.5 -0.866025388240814 5.25673775585817E-17 0.5 -0.866025388240814 2.72108771822627E-17 0.258819043636322 -0.965925812721252 2.72108771822627E-17 0.258819043636322 -0.965925812721252 6.43764697484008E-33 6.12323426292584E-17 -1 6.43764697484008E-33 6.12323426292584E-17 -1 -2.72108771822627E-17 -0.258819043636322 -0.965925812721252 -2.72108771822627E-17 -0.258819043636322 -0.965925812721252 -5.25673775585817E-17 -0.5 -0.866025388240814 -5.25673775585817E-17 -0.5 -0.866025388240814 -7.43415009769988E-17 -0.70710676908493 -0.70710676908493 -7.43415009769988E-17 -0.70710676908493 -0.70710676908493 -9.10493714453777E-17 -0.866025388240814 -0.5 -9.10493714453777E-17 -0.866025388240814 -0.5 -1.01552374850539E-16 -0.965925812721252 -0.258819043636322 -1.01552374850539E-16 -0.965925812721252 -0.258819043636322 -1.05134755117163E-16 -1 -1.22464685258517E-16 -1.05134755117163E-16 -1 -1.22464685258517E-16 9.10493714453777E-17 0.866025388240814 -0.5 1.01552374850539E-16 0.965925812721252 -0.258819043636322 -9.10493714453777E-17 -0.866025388240814 0.5 -1.01552374850539E-16 -0.965925812721252 0.258819043636322 -9.10493714453777E-17 -0.866025388240814 0.5 -5.25673775585817E-17 -0.5 0.866025388240814 -7.43415009769988E-17 -0.70710676908493 0.70710676908493 -5.25673775585817E-17 -0.5 0.866025388240814 -2.72108771822627E-17 -0.258819043636322 0.965925812721252 -2.72108771822627E-17 -0.258819043636322 0.965925812721252 -1.93129416592042E-32 -1.83697014652885E-16 1 -1.93129416592042E-32 -1.83697014652885E-16 1 2.72108771822627E-17 0.258819043636322 0.965925812721252 2.72108771822627E-17 0.258819043636322 0.965925812721252 5.25673775585817E-17 0.5 0.866025388240814 5.25673775585817E-17 0.5 0.866025388240814 7.43415009769988E-17 0.70710676908493 0.70710676908493 7.43415009769988E-17 0.70710676908493 0.70710676908493 9.10493714453777E-17 0.866025388240814 0.5 9.10493714453777E-17 0.866025388240814 0.5 1.01552374850539E-16 0.965925812721252 0.258819043636322 1.01552374850539E-16 0.965925812721252 0.258819043636322 1.22163631220217E-16 1 0 1.22163631220217E-16 1 0 1.01552374850539E-16 0.965925812721252 -0.258819043636322 -1.01552374850539E-16 -0.965925812721252 0.258819043636322 -7.43415009769988E-17 -0.70710676908493 0.70710676908493 -1 -1.24576192812234E-16 0 -1 -1.24576192812234E-16 0 -1 -1.24576192812234E-16 0 -1 -1.24576192812234E-16 0 -0.965925812721252 -0.258819043636322 0 -1 -1.24576192812234E-16 0 -1 -1.24576192812234E-16 0 -0.866025388240814 -0.5 0 -0.965925812721252 -0.258819043636322 0 -0.70710676908493 -0.70710676908493 0 -0.866025388240814 -0.5 0 -0.5 -0.866025388240814 0 -0.70710676908493 -0.70710676908493 0 -0.258819043636322 -0.965925812721252 0 -0.5 -0.866025388240814 0 -1.83697014652885E-16 -1 0 -0.258819043636322 -0.965925812721252 0 0.258819043636322 -0.965925812721252 0 -1.83697014652885E-16 -1 0 0.5 -0.866025388240814 0 0.258819043636322 -0.965925812721252 0 0.70710676908493 -0.70710676908493 0 0.5 -0.866025388240814 0 0.866025388240814 -0.5 0 0.70710676908493 -0.70710676908493 0 0.965925812721252 -0.258819043636322 0 0.866025388240814 -0.5 0 1 0 0 0.965925812721252 -0.258819043636322 0 1 0 0 1 0 0 1 0 0 1 0 0 1 0 0 0.999411404132843 0.0343059673905373 0 0.999411404132843 0.0343059673905373 0 0.999411404132843 0.0343059673905373 0 0.999411404132843 0.0343059673905373 0 0.999411404132843 0.0343059673905373 0 0.958131313323975 0.286329090595245 0 0.999411404132843 0.0343059673905373 0 0.999411404132843 0.0343059673905373 0 0.85436224937439 0.519677877426147 0 0.958131313323975 0.286329090595245 0 0.694871962070465 0.719133496284485 0 0.85436224937439 0.519677877426147 0 0.490062296390533 0.871687412261963 0 0.694871962070465 0.719133496284485 0 0.253290921449661 0.967390179634094 0 0.490062296390533 0.871687412261963 0 0 1 0 0.253290921449661 0.967390179634094 0 0 1 0 -2.16830460684147E-15 1 0 -2.16830460684147E-15 1 0 -2.16830460684147E-15 1 0 -2.16830460684147E-15 1 0 -2.16830460684147E-15 1 0 -2.16830460684147E-15 1 0 -0.965925812721252 0.258819043636322 0 -0.866025388240814 0.5 0 -0.866025388240814 0.5 0 -1 0 6.3080851746809E-15 -0.965925812721252 0.258819043636322 0 -1 0 6.3080851746809E-15 -0.70710676908493 0.70710676908493 0 -0.70710676908493 0.70710676908493 0 -0.5 0.866025388240814 0 -0.258819043636322 0.965925812721252 0 -0.5 0.866025388240814 0 0 1 0 -0.258819043636322 0.965925812721252 0 0 1 0 -1 0 0 -1 0 0 -1 0 0 -1 0 0 -1 0 0 -1 0 0 -1 0 0 -1 0 0 -1 0 0 -1 0 0 -1 0 0 -1 0 0 -1 0 0 -1 0 0 -1 0 0 -1 0 0 -1 0 0 -1 0 0 -1 0 0 -1 0 0 -1 0 0 -1 0 0 -1 0 0 -1 0 0 -1 0 0 -1 0 0 -1 0 0 -1 0 0 -1 0 0 -1 0 0 -1 0 0 -1 0 0 -1 0 0 -1 0 0 -1 0 0 -1 0 0 -1 0 0 -1 0 0 -1 0 0 -1 0 0 -1 0 0 -1 0 0 -1 0 0 -1 0 0 -1 0 0 -1 0 0 -1 0 0 -1 0 0 -1 0 0 -1 0 0 -1 0 0 -1 0 0 -1 0 0 -1 0 0 -1 0 0 -1 0 0 -1 0 0 -1 0 6.3080851746809E-15 -0.965925812721252 -0.258819043636322 0 -0.965925812721252 -0.258819043636322 0 -0.866025388240814 -0.5 0 -0.866025388240814 -0.5 0 -0.70710676908493 -0.70710676908493 0 -0.70710676908493 -0.70710676908493 0 -0.5 -0.866025388240814 0 -0.5 -0.866025388240814 0 -0.258819043636322 -0.965925812721252 0 -0.258819043636322 -0.965925812721252 0 0 -1 7.70988192722293E-15 0 -1 7.70988192722293E-15 -1 0 6.3080851746809E-15 0 -1 0 0 -1 0 0 -1 0 0 -1 0 0 -1 0 0 -1 0</float_array><technique_common><accessor count="2995" source="#bau0234569715-mesh-normals-array" stride="3"><param name="X" type="float" /><param name="Y" type="float" /><param name="Z" type="float" /></accessor></technique_common></source><vertices id="bau0234569715-mesh-vertices"><input semantic="POSITION" source="#bau0234569715-mesh-positions" /></vertices><triangles count="165" material="white-material"><input offset="0" semantic="VERTEX" source="#bau0234569715-mesh-vertices" /><input offset="1" semantic="NORMAL" source="#bau0234569715-mesh-normals" /><p>0 0 1 1 2 2 3 3 4 4 5 5 6 6 7 7 8 8 4 4 9 9 10 10 6 6 11 11 12 12 9 9 4 4 13 13 14 14 4 4 3 3 15 15 13 13 4 4 4 4 14 14 7 7 7 7 6 6 4 4 16 16 8 8 1 1 11 11 6 6 16 16 13 13 15 15 17 17 4 4 10 10 5 5 2 2 1 1 8 8 8 8 16 16 6 6 1 1 0 0 18 18 19 19 20 20 21 21 22 22 23 23 24 24 25 25 21 21 26 26 27 27 28 28 29 29 28 28 30 30 29 29 31 31 20 20 19 19 32 32 33 33 34 34 35 35 36 36 37 37 21 21 25 25 19 19 38 38 28 28 39 39 28 28 27 27 39 39 40 40 24 24 41 41 26 26 21 21 42 42 39 39 27 27 43 43 25 25 44 44 19 19 21 21 37 37 45 45 28 28 38 38 40 40 24 24 31 31 22 22 44 44 25 25 46 46 45 45 36 36 47 47 46 46 48 48 44 44 32 32 41 41 33 33 43 43 49 49 21 21 23 23 22 22 44 44 48 48 46 46 34 34 32 32 46 46 50 50 37 37 21 21 49 49 43 43 21 21 20 20 36 36 45 45 37 37 30 30 28 28 51 51 41 41 32 32 40 40 23 23 44 44 48 48 46 46 32 32 34 34 49 49 43 43 27 27 45 45 47 47 52 52 30 30 51 51 35 35 36 36 35 35 51 51 24 24 40 40 38 38 31 31 24 24 38 38 20 20 31 31 38 38 53 53 54 54 55 55 56 56 57 57 54 54 58 58 59 59 56 56 53 53 56 56 54 54 60 60 58 58 61 61 62 62 58 58 63 63 56 56 53 53 58 58 56 56 64 64 65 65 58 58 66 66 61 61 56 56 67 67 64 64 57 57 56 56 65 65 68 68 58 58 62 62 58 58 60 60 69 69 67 67 56 56 70 70 66 66 58 58 68 68 58 58 69 69 59 59 71 71 72 72 73 73 72 72 71 71 74 74 75 75 76 76 77 77 76 76 75 75 78 78 79 79 80 80 81 81 80 80 79 79 82 82 83 83 84 84 85 85 84 84 83 83 86 86 87 87 88 88 89 89 88 88 87 87 90 90 91 91 92 92 93 93 92 92 91 91 94 94 95 95 96 96 97 97 98 98 99 99 100 100 99 99 98 98 95 95 95 95 98 98 96 96 101 101 102 102 103 103 102 102 101 101 104 104 105 105 106 106 107 107 106 106 105 105 108 108 109 109 110 110 111 111 110 110 109 109 112 112 113 113 114 114 115 115 114 114 113 113 116 116 117 117 118 118 119 119 118 118 117 117 120 120 121 121 122 122 123 123 122 122 121 121 124 124 125 125 126 126 127 127 126 126 128 128 129 129 130 130 126 126 125 125 128 128 126 126 130 130 131 131 132 132 133 133 132 132 131 131 134 134 135 135 136 136 137 137 136 136 135 135 138 138 139 139 140 140 141 141 140 140 139 139 142 142 143 143 144 144 145 145 144 144 143 143 146 146 147 147 148 148 149 149 148 148 147 147 150 150 151 151 152 152 153 153 152 152 151 151 154 154 155 155 156 156 157 157 156 156 155 155 158 158 159 159 160 160 161 161 160 160 159 159 162 162 163 163 164 164 165 165 164 164 163 163 166 166 167 167 168 168 169 169 168 168 167 167 170 170 171 171 172 172 173 173 172 172 171 171 174 174 175 175 176 176 177 177 176 176 175 175 178 178 179 179 180 180 181 181 180 180 179 179 182 182 183 183 184 184 185 185 184 184 183 183 186 186 187 187 188 188 189 189 188 188 187 187 190 190 191 191 192 192 193 193 192 192 191 191 194 194 192 192 195 195 193 193 195 195 196 196 197 197 195 195 192 192 196 196 198 198 199 199 200 200 201 201 202 202 203 203 199 199 198 198 204 204 202 202 198 198 200 200 198 198 202 202 201 201 205 205 206 206 207 207 206 206 205 205 208 208 209 209 210 210 211 211 210 210 209 209 212 212 213 213 214 214 215 215 214 214 213 213 216 216 217 217 218 218 219 219 218 218 217 217 220 220 221 221 222 222 223 223 222 222 221 221 224 224 225 225 226 226 227 227 226 226 225 225 228 228 225 225 227 227 229 229 226 226 230 230 231 231 230 230 226 226 228 228 232 232 233 233 234 234 233 233 232 232 235 235 233 233 236 236 234 234 236 236 233 233 237 237 235 235 232 232 238 238</p></triangles><triangles count="2405" material="zincplated-material"><input offset="0" semantic="VERTEX" source="#bau0234569715-mesh-vertices" /><input offset="1" semantic="NORMAL" source="#bau0234569715-mesh-normals" /><p>239 239 240 240 241 241 242 242 239 239 243 243 239 239 242 242 240 240 244 244 245 245 246 246 247 247 244 244 248 248 245 245 244 244 247 247 249 249 250 250 251 251 251 251 250 250 252 252 250 250 249 249 253 253 254 254 255 255 256 256 255 255 254 254 257 257 258 258 259 259 260 260 259 259 258 258 261 261 262 262 263 263 264 264 265 265 266 266 262 262 267 267 262 262 264 264 266 266 265 265 268 268 269 269 262 262 266 266 268 268 270 270 271 271 262 262 267 267 272 272 263 263 262 262 269 269 270 270 268 268 265 265 273 273 274 274 275 275 274 274 273 273 276 276 277 277 278 278 279 279 278 278 280 280 281 281 282 282 283 283 284 284 284 284 285 285 282 282 280 280 278 278 286 286 278 278 277 277 286 286 283 283 282 282 278 278 285 285 284 284 287 287 278 278 281 281 283 283 288 288 289 289 290 290 291 291 290 290 292 292 290 290 291 291 288 288 293 293 294 294 295 295 296 296 297 297 298 298 289 289 288 288 299 299 299 299 300 300 289 289 294 294 293 293 301 301 302 302 298 298 297 297 297 297 296 296 303 303 301 301 304 304 294 294 302 302 301 301 298 298 294 294 305 305 299 299 304 304 301 301 302 302 306 306 292 292 300 300 305 305 303 303 307 307 300 300 299 299 305 305 303 303 305 305 297 297 308 308 305 305 307 307 305 305 309 309 300 300 309 309 305 305 308 308 306 306 300 300 309 309 292 292 306 306 291 291 305 305 294 294 304 304 310 310 311 311 312 312 313 313 314 314 315 315 312 312 316 316 317 317 315 315 318 318 312 312 314 314 2 2 8 8 312 312 319 319 320 320 312 312 321 321 310 310 319 319 312 312 318 318 316 316 312 312 320 320 321 321 312 312 317 317 310 310 322 322 323 323 310 310 324 324 322 322 311 311 310 310 323 323 324 324 310 310 325 325 318 318 315 315 314 314 2 2 314 314 313 313 326 326 327 327 328 328 327 327 329 329 330 330 327 327 331 331 332 332 333 333 334 334 335 335 331 331 327 327 336 336 329 329 327 327 332 332 334 334 337 337 327 327 327 327 338 338 328 328 337 337 334 334 333 333 338 338 327 327 337 337 327 327 326 326 339 339 340 340 327 327 339 339 327 327 341 341 342 342 341 341 327 327 340 340 327 327 342 342 336 336 343 343 344 344 345 345 346 346 343 343 347 347 343 343 346 346 344 344 346 346 348 348 349 349 348 348 346 346 347 347 350 350 351 351 352 352 344 344 353 353 354 354 354 354 355 355 356 356 356 356 357 357 358 358 358 358 359 359 350 350 352 352 360 360 361 361 361 361 362 362 363 363 363 363 364 364 365 365 365 365 366 366 367 367 366 366 365 365 364 364 364 364 363 363 362 362 362 362 361 361 360 360 360 360 352 352 351 351 351 351 350 350 359 359 359 359 358 358 357 357 357 357 356 356 355 355 355 355 354 354 353 353 353 353 344 344 346 346 368 368 344 344 369 369 370 370 344 344 368 368 346 346 349 349 371 371 345 345 344 344 370 370 372 372 373 373 374 374 375 375 376 376 377 377 378 378 379 379 380 380 381 381 379 379 382 382 383 383 379 379 384 384 385 385 386 386 387 387 388 388 389 389 390 390 391 391 392 392 393 393 373 373 372 372 392 392 379 379 378 378 375 375 379 379 383 383 382 382 394 394 395 395 396 396 385 385 397 397 398 398 399 399 397 397 395 395 400 400 388 388 401 401 388 388 390 390 402 402 403 403 404 404 392 392 393 393 392 392 405 405 406 406 392 392 407 407 392 392 372 372 408 408 379 379 409 409 384 384 379 379 410 410 380 380 411 411 373 373 412 412 396 396 395 395 397 397 397 397 399 399 398 398 388 388 402 402 401 401 413 413 404 404 414 414 404 404 403 403 415 415 416 416 417 417 418 418 392 392 408 408 407 407 375 375 419 419 379 379 412 412 373 373 420 420 421 421 373 373 394 394 385 385 387 387 397 397 422 422 373 373 388 388 404 404 413 413 423 423 404 404 415 415 424 424 425 425 392 392 426 426 392 392 406 406 405 405 409 409 379 379 427 427 428 428 429 429 430 430 430 430 431 431 432 432 433 433 434 434 435 435 436 436 430 430 437 437 437 437 432 432 438 438 439 439 440 440 441 441 442 442 443 443 444 444 445 445 446 446 447 447 448 448 449 449 450 450 445 445 451 451 452 452 453 453 454 454 455 455 456 456 457 457 458 458 459 459 460 460 456 456 437 437 461 461 436 436 429 429 462 462 463 463 431 431 463 463 464 464 465 465 464 464 466 466 388 388 467 467 468 468 469 469 470 470 471 471 472 472 473 473 474 474 475 475 476 476 477 477 472 472 404 404 388 388 478 478 479 479 480 480 452 452 481 481 482 482 478 478 481 481 483 483 444 444 484 484 485 485 481 481 452 452 483 483 478 478 485 485 484 484 481 481 478 478 484 484 478 478 486 486 485 485 484 484 444 444 443 443 486 486 478 478 480 480 373 373 487 487 374 374 488 488 418 418 489 489 478 478 392 392 479 479 409 409 427 427 418 418 373 373 421 421 490 490 392 392 478 478 373 373 418 418 488 488 491 491 392 392 425 425 403 403 373 373 422 422 395 395 373 373 492 492 420 420 418 418 493 493 489 489 409 409 418 418 491 491 392 392 416 416 426 426 404 404 424 424 414 414 422 422 388 388 494 494 395 395 394 394 373 373 492 492 373 373 490 490 373 373 411 411 487 487 493 493 418 418 417 417 429 429 428 428 495 495 431 431 430 430 429 429 496 496 497 497 498 498 497 497 499 499 500 500 501 501 499 499 502 502 503 503 499 499 504 504 499 499 501 501 500 500 504 504 499 499 505 505 499 499 503 503 502 502 506 506 499 499 507 507 499 499 506 506 505 505 508 508 509 509 510 510 511 511 512 512 513 513 507 507 499 499 511 511 510 510 509 509 514 514 515 515 509 509 516 516 517 517 518 518 519 519 497 497 496 496 499 499 509 509 508 508 520 520 516 516 509 509 521 521 522 522 523 523 431 431 518 518 517 517 524 524 512 512 511 511 499 499 509 509 515 515 514 514 519 519 518 518 525 525 513 513 526 526 527 527 518 518 524 524 509 509 518 518 528 528 525 525 527 527 526 526 529 529 530 530 431 431 531 531 528 528 518 518 532 532 533 533 534 534 535 535 513 513 512 512 526 526 536 536 535 535 534 534 537 537 432 432 538 538 531 531 431 431 539 539 431 431 530 530 432 432 509 509 520 520 518 518 540 540 432 432 541 541 534 534 533 533 432 432 535 535 536 536 529 529 542 542 432 432 543 543 538 538 432 432 544 544 432 432 537 537 545 545 432 432 530 530 544 544 546 546 431 431 547 547 523 523 522 522 548 548 528 528 549 549 550 550 551 551 549 549 522 522 435 435 465 465 433 433 552 552 433 433 553 553 432 432 540 540 433 433 433 433 540 540 553 553 529 529 526 526 535 535 432 432 542 542 554 554 431 431 546 546 539 539 555 555 431 431 556 556 557 557 431 431 558 558 548 548 522 522 549 549 549 549 551 551 550 550 559 559 431 431 465 465 465 465 435 435 560 560 561 561 433 433 562 562 432 432 554 554 534 534 556 556 431 431 563 563 558 558 431 431 523 523 528 528 532 532 549 549 431 431 559 559 564 564 565 565 465 465 566 566 465 465 560 560 567 567 433 433 561 561 568 568 432 432 533 533 541 541 431 431 555 555 547 547 417 417 392 392 391 391 388 388 569 569 389 389 386 386 570 570 571 571 410 410 379 379 381 381 376 376 375 375 572 572 419 419 375 375 377 377 416 416 392 392 417 417 573 573 404 404 423 423 574 574 386 386 385 385 575 575 576 576 571 571 388 388 577 577 569 569 404 404 577 577 388 388 578 578 571 571 570 570 570 570 386 386 574 574 577 577 404 404 573 573 579 579 571 571 578 578 571 571 580 580 575 575 571 571 581 581 580 580 582 582 583 583 584 584 585 585 571 571 579 579 582 582 584 584 575 575 576 576 575 575 584 584 581 581 571 571 585 585 583 583 582 582 586 586 404 404 472 472 475 475 472 472 587 587 476 476 587 587 472 472 474 474 476 476 475 475 472 472 473 473 472 472 469 469 472 472 468 468 588 588 468 468 472 472 388 388 472 472 589 589 590 590 589 589 472 472 588 588 469 469 591 591 592 592 472 472 593 593 469 469 594 594 469 469 592 592 593 593 472 472 590 590 591 591 469 469 593 593 470 470 469 469 594 594 373 373 595 595 596 596 597 597 471 471 598 598 373 373 599 599 600 600 598 598 471 471 470 470 373 373 601 601 602 602 599 599 373 373 596 596 388 388 603 603 467 467 471 471 597 597 604 604 605 605 606 606 607 607 595 595 373 373 602 602 388 388 600 600 603 603 607 607 604 604 597 597 608 608 609 609 610 610 600 600 388 388 373 373 611 611 607 607 606 606 606 606 605 605 608 608 609 609 608 608 605 605 608 608 612 612 601 601 604 604 607 607 611 611 612 612 608 608 610 610 601 601 373 373 608 608 464 464 465 465 431 431 463 463 431 431 429 429 462 462 429 429 495 495 459 459 613 613 437 437 613 613 459 459 614 614 461 461 437 437 613 613 437 437 615 615 616 616 437 437 617 617 618 618 459 459 619 619 620 620 617 617 437 437 438 438 615 615 437 437 618 618 619 619 437 437 616 616 621 621 459 459 620 620 619 619 459 459 437 437 622 622 459 459 621 621 460 460 459 459 622 622 438 438 623 623 617 617 453 453 624 624 439 439 457 457 456 456 460 460 624 624 453 453 455 455 624 624 625 625 626 626 627 627 457 457 460 460 438 438 628 628 623 623 625 625 457 457 627 627 439 439 629 629 630 630 625 625 624 624 457 457 439 439 631 631 632 632 438 438 630 630 628 628 624 624 633 633 634 634 635 635 439 439 632 632 630 630 438 438 439 439 624 624 636 636 633 633 637 637 624 624 634 634 638 638 439 439 635 635 636 636 624 624 626 626 439 439 637 637 631 631 629 629 439 439 638 638 637 637 439 439 624 624 639 639 640 640 641 641 483 483 642 642 643 643 454 454 453 453 483 483 452 452 644 644 645 645 454 454 646 646 647 647 452 452 648 648 649 649 452 452 650 650 483 483 454 454 651 651 652 652 454 454 653 653 639 639 452 452 654 654 655 655 656 656 452 452 649 649 650 650 452 452 645 645 483 483 657 657 658 658 454 454 659 659 660 660 661 661 662 662 663 663 653 653 454 454 647 647 639 639 664 664 665 665 452 452 666 666 667 667 648 648 452 452 655 655 668 668 669 669 670 670 657 657 483 483 650 650 483 483 671 671 672 672 454 454 673 673 659 659 651 651 454 454 660 660 663 663 674 674 675 675 676 676 677 677 454 454 664 664 639 639 653 653 639 639 678 678 640 640 452 452 679 679 666 666 654 654 452 452 667 667 670 670 680 680 668 668 644 644 452 452 670 670 671 671 483 483 658 658 642 642 483 483 672 672 454 454 681 681 673 673 674 674 663 663 676 676 663 663 682 682 683 683 684 684 676 676 663 663 646 646 454 454 677 677 639 639 685 685 678 678 451 451 679 679 452 452 452 452 686 686 680 680 687 687 688 688 669 669 483 483 681 681 454 454 682 682 663 663 675 675 661 661 663 663 683 683 689 689 454 454 652 652 685 685 639 639 665 665 451 451 639 639 641 641 686 686 452 452 656 656 680 680 670 670 452 452 687 687 669 669 668 668 681 681 483 483 643 643 690 690 691 691 692 692 676 676 454 454 689 689 639 639 451 451 693 693 679 679 451 451 641 641 687 687 694 694 688 688 661 661 692 692 662 662 677 677 676 676 684 684 694 694 695 695 696 696 692 692 661 661 697 697 690 690 692 692 697 697 698 698 694 694 687 687 699 699 700 700 691 691 701 701 702 702 696 696 691 691 703 703 699 699 696 696 704 704 705 705 695 695 694 694 698 698 691 691 706 706 703 703 699 699 707 707 708 708 709 709 696 696 695 695 696 696 710 710 701 701 706 706 691 691 690 690 711 711 699 699 712 712 713 713 699 699 708 708 696 696 714 714 715 715 710 710 696 696 705 705 701 701 716 716 717 717 707 707 699 699 711 711 700 700 699 699 713 713 714 714 696 696 709 709 704 704 696 696 715 715 716 716 701 701 718 718 702 702 701 701 717 717 451 451 445 445 448 448 445 445 719 719 449 449 719 719 445 445 447 447 449 449 448 448 445 445 442 442 720 720 445 445 720 720 442 442 721 721 446 446 445 445 720 720 442 442 482 482 443 443 445 445 482 482 442 442 482 482 445 445 452 452 432 432 722 722 723 723 433 433 724 724 725 725 726 726 727 727 728 728 433 433 729 729 730 730 432 432 731 731 732 732 438 438 733 733 734 734 439 439 735 735 736 736 433 433 737 737 738 738 724 724 433 433 730 730 432 432 725 725 731 731 432 432 739 739 740 740 432 432 741 741 742 742 743 743 438 438 734 734 439 439 744 744 735 735 745 745 439 439 736 736 439 439 737 737 433 433 433 433 746 746 729 729 725 725 432 432 433 433 747 747 748 748 749 749 722 722 432 432 740 740 741 741 432 432 723 723 438 438 750 750 751 751 438 438 744 744 439 439 752 752 439 439 745 745 737 737 439 439 441 441 746 746 433 433 738 738 749 749 753 753 754 754 732 732 739 739 432 432 432 432 755 755 756 756 432 432 757 757 755 755 438 438 758 758 759 759 750 750 438 438 743 743 728 728 760 760 726 726 761 761 438 438 728 728 440 440 439 439 752 752 762 762 749 749 732 732 747 747 749 749 754 754 763 763 732 732 749 749 757 757 432 432 742 742 438 438 764 764 758 758 765 765 438 438 759 759 438 438 766 766 728 728 726 726 767 767 768 768 744 744 438 438 761 761 753 753 749 749 762 762 769 769 770 770 771 771 739 739 732 732 763 763 733 733 438 438 765 765 766 766 438 438 751 751 760 760 728 728 766 766 726 726 772 772 767 767 727 727 726 726 768 768 747 747 771 771 748 748 438 438 773 773 764 764 432 432 773 773 438 438 772 772 774 774 775 775 771 771 747 747 776 776 771 771 777 777 778 778 773 773 432 432 756 756 779 779 772 772 726 726 780 780 771 771 776 776 771 771 781 781 769 769 782 782 783 783 775 775 771 771 784 784 785 785 781 781 771 771 778 778 770 770 786 786 787 787 788 788 775 775 774 774 774 774 772 772 779 779 784 784 771 771 780 780 777 777 771 771 785 785 770 770 789 789 786 786 775 775 790 790 782 782 789 789 770 770 769 769 790 790 775 775 788 788 791 791 792 792 793 793 793 793 794 794 791 791 782 782 795 795 783 783 796 796 793 793 782 782 792 792 791 791 797 797 795 795 782 782 793 793 794 794 793 793 796 796 432 432 437 437 430 430 430 430 436 436 428 428 431 431 557 557 563 563 465 465 798 798 559 559 433 433 552 552 562 562 465 465 799 799 566 566 431 431 800 800 522 522 432 432 545 545 543 543 433 433 568 568 434 434 465 465 567 567 799 799 465 465 565 565 798 798 431 431 564 564 800 800 388 388 400 400 494 494 801 801 802 802 803 803 804 804 803 803 805 805 806 806 807 807 808 808 809 809 810 810 811 811 812 812 810 810 813 813 810 810 812 812 811 811 814 814 815 815 802 802 810 810 809 809 816 816 815 815 814 814 810 810 810 810 816 816 815 815 807 807 806 806 805 805 803 803 804 804 817 817 801 801 803 803 817 817 802 802 801 801 818 818 814 814 802 802 818 818 804 804 805 805 806 806 819 819 820 820 821 821 822 822 823 823 824 824 823 823 822 822 825 825 826 826 824 824 827 827 824 824 826 826 822 822 821 821 828 828 829 829 825 825 830 830 823 823 819 819 831 831 832 832 828 828 821 821 820 820 820 820 819 819 832 832 830 830 825 825 831 831 831 831 819 819 830 830 833 833 834 834 835 835 834 834 836 836 837 837 838 838 839 839 840 840 834 834 841 841 842 842 843 843 844 844 845 845 839 839 838 838 835 835 841 841 834 834 833 833 836 836 834 834 842 842 844 844 843 843 846 846 847 847 843 843 848 848 849 849 848 848 850 850 840 840 851 851 838 838 843 843 847 847 846 846 848 848 849 849 847 847 850 850 852 852 849 849 839 839 835 835 834 834 852 852 850 850 851 851 851 851 840 840 852 852 853 853 854 854 855 855 856 856 857 857 858 858 859 859 860 860 861 861 862 862 863 863 864 864 860 860 865 865 866 866 867 867 868 868 869 869 870 870 871 871 872 872 873 873 874 874 875 875 862 862 876 876 877 877 878 878 879 879 880 880 881 881 882 882 883 883 883 883 884 884 881 881 885 885 886 886 887 887 860 860 888 888 889 889 890 890 889 889 888 888 891 891 892 892 893 893 894 894 895 895 896 896 897 897 898 898 899 899 900 900 901 901 873 873 902 902 903 903 904 904 902 902 905 905 874 874 905 905 902 902 904 904 906 906 907 907 902 902 907 907 906 906 908 908 907 907 903 903 902 902 903 903 909 909 910 910 909 909 903 903 907 907 911 911 912 912 913 913 911 911 914 914 915 915 902 902 916 916 917 917 918 918 919 919 914 914 920 920 921 921 922 922 902 902 923 923 924 924 914 914 911 911 918 918 922 922 925 925 920 920 912 912 911 911 926 926 873 873 927 927 916 916 873 873 928 928 927 927 916 916 902 902 873 873 929 929 930 930 923 923 902 902 931 931 932 932 918 918 933 933 934 934 919 919 918 918 934 934 911 911 935 935 936 936 920 920 937 937 938 938 928 928 873 873 901 901 902 902 939 939 940 940 931 931 902 902 924 924 918 918 941 941 933 933 918 918 942 942 941 941 935 935 911 911 915 915 911 911 943 943 926 926 920 920 944 944 937 937 921 921 920 920 938 938 939 939 902 902 917 917 923 923 945 945 929 929 902 902 946 946 947 947 902 902 948 948 946 946 906 906 918 918 949 949 902 902 950 950 906 906 942 942 918 918 951 951 911 911 922 922 943 943 920 920 952 952 944 944 923 923 940 940 945 945 953 953 954 954 955 955 948 948 902 902 932 932 950 950 902 902 947 947 951 951 906 906 950 950 922 922 936 936 925 925 956 956 957 957 952 952 940 940 923 923 902 902 953 953 955 955 929 929 958 958 929 929 955 955 918 918 906 906 951 951 936 936 922 922 911 911 956 956 952 952 920 920 959 959 960 960 961 961 929 929 962 962 930 930 963 963 964 964 957 957 953 953 961 961 954 954 962 962 929 929 958 958 963 963 957 957 965 965 957 957 956 956 965 965 961 961 953 953 959 959 966 966 967 967 960 960 968 968 969 969 964 964 960 960 970 970 971 971 964 964 972 972 968 968 960 960 973 973 974 974 960 960 975 975 966 966 964 964 976 976 972 972 968 968 977 977 978 978 973 973 960 960 959 959 979 979 960 960 974 974 975 975 960 960 971 971 966 966 980 980 967 967 976 976 964 964 963 963 968 968 981 981 977 977 969 969 968 968 978 978 970 970 960 960 979 979 980 980 966 966 982 982 983 983 968 968 984 984 981 981 968 968 983 983 897 897 985 985 900 900 985 985 897 897 899 899 985 985 913 913 986 986 913 913 985 985 911 911 900 900 987 987 988 988 901 901 900 900 988 988 900 900 989 989 987 987 985 985 990 990 900 900 991 991 985 985 986 986 989 989 900 900 990 990 990 990 985 985 991 991 869 869 898 898 867 867 898 898 869 869 992 992 898 898 897 897 867 867 891 891 894 894 896 896 894 894 891 891 993 993 856 856 994 994 995 995 994 994 856 856 996 996 992 992 997 997 998 998 869 869 999 999 1000 1000 894 894 1001 1001 1002 1002 999 999 856 856 995 995 869 869 1003 1003 1004 1004 992 992 1001 1001 894 894 895 895 894 894 1002 1002 999 999 869 869 856 856 869 869 1005 1005 1003 1003 992 992 1006 1006 1007 1007 1001 1001 992 992 998 998 869 869 1008 1008 1005 1005 1006 1006 869 869 1004 1004 1009 1009 992 992 1007 1007 1008 1008 869 869 1000 1000 1006 1006 992 992 869 869 1010 1010 992 992 1009 1009 997 997 992 992 1010 1010 996 996 858 858 1011 1011 1012 1012 1013 1013 1014 1014 892 892 891 891 896 896 1012 1012 896 896 1013 1013 1012 1012 1015 1015 858 858 896 896 1012 1012 892 892 1015 1015 1012 1012 1014 1014 1016 1016 858 858 1015 1015 1011 1011 858 858 1016 1016 858 858 996 996 856 856 889 889 890 890 1017 1017 888 888 860 860 1018 1018 877 877 1019 1019 1020 1020 877 877 1021 1021 1022 1022 877 877 1023 1023 1024 1024 881 881 1025 1025 1026 1026 1019 1019 877 877 1022 1022 1023 1023 877 877 1020 1020 863 863 1027 1027 1028 1028 1025 1025 881 881 884 884 1021 1021 881 881 1026 1026 863 863 1029 1029 1030 1030 885 885 1031 1031 886 886 1021 1021 877 877 881 881 877 877 1032 1032 863 863 1027 1027 863 863 1030 1030 1033 1033 1034 1034 863 863 1032 1032 877 877 1024 1024 1029 1029 863 863 1032 1032 1033 1033 863 863 1028 1028 1035 1035 1036 1036 1037 1037 1033 1033 1038 1038 1034 1034 1036 1036 1031 1031 885 885 1033 1033 1037 1037 1038 1038 1031 1031 1036 1036 1035 1035 1037 1037 1033 1033 1035 1035 883 883 1039 1039 1040 1040 885 885 1041 1041 1039 1039 1042 1042 883 883 1040 1040 1043 1043 885 885 887 887 1039 1039 883 883 885 885 884 884 883 883 1042 1042 1041 1041 885 885 1043 1043 1044 1044 1045 1045 881 881 1045 1045 1044 1044 1046 1046 882 882 881 881 1045 1045 877 877 1047 1047 881 881 877 877 1048 1048 1049 1049 1044 1044 1050 1050 878 878 1051 1051 877 877 876 876 877 877 1052 1052 1053 1053 881 881 1054 1054 1055 1055 1056 1056 1057 1057 1058 1058 1048 1048 877 877 1051 1051 877 877 1059 1059 1060 1060 1061 1061 877 877 1053 1053 1054 1054 881 881 1047 1047 1044 1044 1062 1062 1063 1063 878 878 1056 1056 1058 1058 878 878 1064 1064 879 879 1059 1059 877 877 1049 1049 1065 1065 1066 1066 1067 1067 1047 1047 877 877 1061 1061 1044 1044 1068 1068 1069 1069 1070 1070 1044 1044 1063 1063 878 878 1071 1071 1072 1072 1056 1056 1073 1073 1074 1074 878 878 1075 1075 1064 1064 1067 1067 1076 1076 1065 1065 1060 1060 1052 1052 877 877 1077 1077 881 881 1055 1055 1062 1062 1044 1044 1069 1069 1078 1078 1044 1044 1070 1070 1071 1071 878 878 1050 1050 1056 1056 878 878 1072 1072 1079 1079 1080 1080 1073 1073 1057 1057 1056 1056 1074 1074 1075 1075 878 878 1058 1058 1076 1076 1067 1067 1060 1060 1081 1081 1082 1082 1066 1066 1052 1052 1060 1060 1067 1067 881 881 1083 1083 1084 1084 1050 1050 1044 1044 1078 1078 1079 1079 1073 1073 1056 1056 1085 1085 1066 1066 1065 1065 1083 1083 881 881 1077 1077 1044 1044 1086 1086 1068 1068 1079 1079 1087 1087 1080 1080 1081 1081 1066 1066 1085 1085 1088 1088 1089 1089 1090 1090 1091 1091 1092 1092 1093 1093 1044 1044 1094 1094 1086 1086 881 881 1094 1094 1044 1044 1095 1095 1087 1087 1079 1079 1081 1081 1093 1093 1082 1082 1094 1094 881 881 1084 1084 1087 1087 1096 1096 1090 1090 1093 1093 1081 1081 1091 1091 1091 1091 1097 1097 1092 1092 1096 1096 1087 1087 1095 1095 1090 1090 1098 1098 1099 1099 1100 1100 1101 1101 1102 1102 1090 1090 1103 1103 1104 1104 1090 1090 1105 1105 1088 1088 1102 1102 1106 1106 1100 1100 1091 1091 1107 1107 1097 1097 1103 1103 1090 1090 1096 1096 1108 1108 1090 1090 1104 1104 1105 1105 1090 1090 1099 1099 1088 1088 1109 1109 1110 1110 1106 1106 1102 1102 1091 1091 1101 1101 1111 1111 1112 1112 1113 1113 1091 1091 1102 1102 1098 1098 1090 1090 1108 1108 1109 1109 1088 1088 1114 1114 1111 1111 1101 1101 1100 1100 1091 1091 1115 1115 1107 1107 1115 1115 1091 1091 1113 1113 873 873 1116 1116 900 900 1116 1116 873 873 875 875 900 900 1117 1117 862 862 1117 1117 900 900 1116 1116 1117 1117 880 880 1118 1118 1119 1119 862 862 1120 1120 880 880 1117 1117 878 878 1121 1121 1117 1117 1118 1118 876 876 862 862 1119 1119 862 862 1122 1122 1120 1120 1117 1117 1123 1123 862 862 1123 1123 1117 1117 1121 1121 1122 1122 862 862 1123 1123 874 874 873 873 902 902 870 870 1124 1124 1125 1125 853 853 1126 1126 1127 1127 870 870 1128 1128 871 871 856 856 1129 1129 1130 1130 870 870 1131 1131 1132 1132 1128 1128 870 870 1125 1125 1133 1133 869 869 868 868 856 856 1134 1134 1135 1135 870 870 1127 1127 1131 1131 1136 1136 1137 1137 1138 1138 1139 1139 869 869 1133 1133 856 856 1140 1140 1141 1141 1142 1142 856 856 1135 1135 1127 1127 870 870 853 853 1124 1124 870 870 1138 1138 1143 1143 869 869 1139 1139 1144 1144 1145 1145 1146 1146 1134 1134 856 856 1141 1141 856 856 1147 1147 1148 1148 1138 1138 1149 1149 1136 1136 870 870 1150 1150 1138 1138 1136 1136 1151 1151 1137 1137 869 869 1129 1129 856 856 1146 1146 1152 1152 1153 1153 1130 1130 1154 1154 1140 1140 856 856 1155 1155 1147 1147 1150 1150 870 870 1132 1132 1149 1149 1138 1138 1150 1150 1136 1136 1156 1156 1157 1157 1129 1129 869 869 1143 1143 1152 1152 1146 1146 1130 1130 1158 1158 1146 1146 1153 1153 1154 1154 1130 1130 1146 1146 1140 1140 856 856 1130 1130 1155 1155 856 856 1142 1142 1126 1126 853 853 1159 1159 1160 1160 1161 1161 1162 1162 1151 1151 1136 1136 1157 1157 1144 1144 1146 1146 1158 1158 1163 1163 856 856 1148 1148 853 853 1164 1164 1159 1159 853 853 1165 1165 1164 1164 1166 1166 1156 1156 1136 1136 1167 1167 1168 1168 1169 1169 853 853 1170 1170 1171 1171 856 856 1172 1172 853 853 1165 1165 853 853 1171 1171 1166 1166 1162 1162 1156 1156 1144 1144 1169 1169 1145 1145 1172 1172 856 856 1163 1163 1170 1170 853 853 1172 1172 1162 1162 1166 1166 1160 1160 1160 1160 1173 1173 1174 1174 1169 1169 1144 1144 1167 1167 1175 1175 1176 1176 1168 1168 1160 1160 1177 1177 1178 1178 1160 1160 1179 1179 1180 1180 1168 1168 1181 1181 1175 1175 1182 1182 1183 1183 1184 1184 1173 1173 1160 1160 1178 1178 1179 1179 1160 1160 1174 1174 1160 1160 1185 1185 1161 1161 1186 1186 1168 1168 1167 1167 1175 1175 1187 1187 1188 1188 1183 1183 1182 1182 1160 1160 1177 1177 1160 1160 1182 1182 1185 1185 1160 1160 1180 1180 1181 1181 1168 1168 1186 1186 1189 1189 1190 1190 1191 1191 1192 1192 1175 1175 1188 1188 1190 1190 1189 1189 1175 1175 1187 1187 1175 1175 1189 1189 1176 1176 1175 1175 1192 1192 1193 1193 872 872 1194 1194 1195 1195 867 867 1196 1196 872 872 1193 1193 870 870 1193 1193 1197 1197 867 867 868 868 867 867 1195 1195 1197 1197 1193 1193 1194 1194 867 867 1198 1198 1196 1196 867 867 1199 1199 1198 1198 1199 1199 867 867 1197 1197 889 889 1200 1200 1201 1201 889 889 1202 1202 860 860 870 870 1203 1203 853 853 853 853 1204 1204 1205 1205 1206 1206 1207 1207 1208 1208 860 860 1209 1209 865 865 1203 1203 870 870 1210 1210 853 853 1211 1211 1212 1212 853 853 1213 1213 1214 1214 853 853 1215 1215 1216 1216 889 889 1217 1217 1218 1218 889 889 1219 1219 1220 1220 1221 1221 889 889 1208 1208 1209 1209 860 860 1202 1202 1213 1213 853 853 1203 1203 1211 1211 853 853 1214 1214 1222 1222 1223 1223 1224 1224 853 853 1225 1225 1204 1204 853 853 1226 1226 1227 1227 1200 1200 889 889 1218 1218 1219 1219 889 889 1201 1201 1208 1208 1228 1228 1206 1206 1202 1202 889 889 1221 1221 1224 1224 1229 1229 1230 1230 1231 1231 1212 1212 1224 1224 1225 1225 853 853 1216 1216 1226 1226 853 853 1205 1205 889 889 1232 1232 1208 1208 1206 1206 1233 1233 1207 1207 1229 1229 1224 1224 1212 1212 1234 1234 1224 1224 1230 1230 1215 1215 1212 1212 1231 1231 889 889 1235 1235 1236 1236 889 889 1237 1237 1217 1217 1232 1232 889 889 1220 1220 1228 1228 1208 1208 1232 1232 1206 1206 1238 1238 1239 1239 1222 1222 1224 1224 1234 1234 1215 1215 853 853 1212 1212 853 853 1240 1240 1241 1241 853 853 1242 1242 1240 1240 889 889 1241 1241 1235 1235 1237 1237 889 889 1236 1236 1243 1243 1244 1244 1238 1238 1233 1233 1206 1206 1239 1239 1245 1245 1246 1246 1247 1247 1242 1242 853 853 1227 1227 1241 1241 889 889 853 853 1243 1243 1238 1238 1206 1206 1222 1222 1247 1247 1223 1223 1248 1248 1249 1249 1244 1244 1247 1247 1222 1222 1245 1245 1245 1245 1250 1250 1246 1246 1244 1244 1251 1251 1252 1252 1244 1244 1243 1243 1253 1253 1254 1254 1255 1255 1256 1256 1257 1257 1244 1244 1253 1253 1244 1244 1258 1258 1259 1259 1256 1256 1260 1260 1261 1261 1250 1250 1245 1245 1256 1256 1244 1244 1262 1262 1263 1263 1258 1258 1244 1244 1252 1252 1244 1244 1264 1264 1248 1248 1256 1256 1265 1265 1260 1260 1256 1256 1266 1266 1254 1254 1262 1262 1244 1244 1257 1257 1251 1251 1244 1244 1263 1263 1264 1264 1244 1244 1259 1259 1249 1249 1248 1248 1267 1267 1268 1268 1256 1256 1245 1245 1266 1266 1256 1256 1261 1261 1255 1255 1254 1254 1269 1269 1265 1265 1256 1256 1268 1268 861 861 866 866 1270 1270 870 870 1271 1271 1210 1210 1193 1193 1271 1271 870 870 866 866 861 861 860 860 1193 1193 1272 1272 1273 1273 861 861 1274 1274 1275 1275 1271 1271 1193 1193 1273 1273 1274 1274 861 861 1270 1270 861 861 1272 1272 1193 1193 1272 1272 861 861 1275 1275 863 863 862 862 877 877 860 860 859 859 1018 1018 853 853 857 857 856 856 857 857 853 853 855 855 889 889 854 854 853 853 854 854 889 889 1017 1017 1089 1089 1088 1088 1110 1110 1276 1276 1277 1277 1278 1278 1277 1277 1276 1276 1279 1279 1280 1280 1281 1281 1282 1282 1281 1281 1280 1280 1283 1283 1284 1284 1285 1285 1286 1286 1285 1285 1287 1287 1286 1286 1285 1285 1284 1284 1288 1288 1287 1287 1285 1285 1289 1289 1290 1290 1291 1291 1292 1292 1293 1293 1290 1290 1292 1292 1292 1292 1294 1294 1295 1295 1294 1294 1292 1292 1291 1291 1291 1291 1290 1290 1296 1296 1290 1290 1293 1293 1297 1297 1298 1298 1299 1299 1300 1300 1301 1301 1300 1300 1302 1302 1303 1303 1304 1304 1305 1305 1306 1306 1307 1307 1308 1308 1309 1309 1304 1304 1300 1300 1304 1304 1308 1308 1307 1307 1300 1300 1303 1303 1302 1302 1310 1310 1311 1311 1312 1312 1313 1313 1311 1311 1314 1314 1315 1315 1314 1314 1316 1316 1307 1307 1306 1306 1317 1317 1300 1300 1301 1301 1298 1298 1311 1311 1310 1310 1318 1318 1311 1311 1318 1318 1319 1319 1319 1319 1320 1320 1321 1321 1322 1322 1298 1298 1323 1323 1324 1324 1325 1325 1326 1326 1326 1326 1327 1327 1328 1328 1329 1329 1326 1326 1330 1330 1331 1331 1332 1332 1333 1333 1320 1320 1319 1319 1334 1334 1335 1335 1325 1325 1324 1324 1326 1326 1336 1336 1337 1337 1338 1338 1326 1326 1328 1328 1333 1333 1339 1339 1340 1340 1331 1331 1341 1341 1342 1342 1343 1343 1304 1304 1344 1344 1345 1345 1325 1325 1335 1335 1336 1336 1326 1326 1325 1325 1314 1314 1315 1315 1313 1313 1346 1346 1314 1314 1307 1307 1347 1347 1348 1348 1349 1349 1304 1304 1350 1350 1305 1305 1308 1308 1304 1304 1309 1309 1351 1351 1314 1314 1352 1352 1353 1353 1314 1314 1354 1354 1346 1346 1307 1307 1355 1355 1356 1356 1307 1307 1357 1357 1358 1358 1314 1314 1359 1359 1360 1360 1314 1314 1361 1361 1349 1349 1348 1348 1362 1362 1363 1363 1348 1348 1364 1364 1314 1314 1353 1353 1352 1352 1307 1307 1356 1356 1355 1355 1365 1365 1307 1307 1317 1317 1314 1314 1358 1358 1366 1366 1361 1361 1314 1314 1367 1367 1368 1368 1364 1364 1369 1369 1370 1370 1364 1364 1371 1371 1372 1372 1364 1364 1348 1348 1348 1348 1363 1363 1362 1362 1373 1373 1374 1374 1375 1375 1314 1314 1351 1351 1316 1316 1307 1307 1365 1365 1357 1357 1314 1314 1360 1360 1359 1359 1364 1364 1370 1370 1369 1369 1303 1303 1300 1300 1304 1304 1319 1319 1321 1321 1376 1376 1334 1334 1323 1323 1298 1298 1298 1298 1322 1322 1299 1299 1348 1348 1347 1347 1377 1377 1326 1326 1338 1338 1330 1330 1307 1307 1373 1373 1304 1304 1314 1314 1346 1346 1354 1354 1314 1314 1366 1366 1378 1378 1364 1364 1372 1372 1371 1371 1375 1375 1379 1379 1373 1373 1314 1314 1378 1378 1380 1380 1379 1379 1375 1375 1364 1364 1367 1367 1314 1314 1311 1311 1374 1374 1373 1373 1307 1307 1364 1364 1368 1368 1379 1379 1333 1333 1340 1340 1331 1331 1311 1311 1313 1313 1312 1312 1327 1327 1326 1326 1337 1337 1339 1339 1326 1326 1329 1329 1331 1331 1381 1381 1341 1341 1382 1382 1331 1331 1342 1342 1350 1350 1304 1304 1343 1343 1383 1383 1325 1325 1345 1345 1339 1339 1333 1333 1326 1326 1331 1331 1304 1304 1381 1381 1332 1332 1331 1331 1382 1382 1384 1384 1325 1325 1383 1383 1304 1304 1331 1331 1344 1344 1311 1311 1325 1325 1384 1384 1319 1319 1325 1325 1311 1311 1385 1385 1319 1319 1376 1376 1325 1325 1319 1319 1385 1385 1323 1323 1334 1334 1319 1319 1386 1386 1387 1387 1388 1388 1387 1387 1386 1386 1389 1389 1390 1390 1391 1391 1392 1392 1391 1391 1390 1390 1393 1393 1394 1394 1395 1395 1396 1396 1394 1394 1397 1397 1398 1398 1397 1397 1394 1394 1396 1396 1395 1395 1394 1394 1399 1399 1400 1400 1401 1401 1402 1402 1403 1403 1404 1404 1405 1405 1406 1406 1403 1403 1407 1407 1408 1408 1403 1403 1409 1409 1403 1403 1410 1410 1411 1411 1412 1412 1403 1403 1413 1413 1403 1403 1405 1405 1407 1407 1414 1414 1403 1403 1411 1411 1400 1400 1402 1402 1415 1415 1403 1403 1406 1406 1413 1413 1410 1410 1403 1403 1416 1416 1403 1403 1412 1412 1401 1401 1401 1401 1400 1400 1403 1403 1403 1403 1414 1414 1409 1409 1404 1404 1403 1403 1408 1408 1417 1417 1418 1418 1419 1419 1420 1420 1421 1421 1422 1422 1418 1418 1417 1417 1422 1422 1422 1422 1421 1421 1418 1418 1421 1421 1420 1420 1423 1423 1424 1424 1425 1425 1426 1426 1427 1427 1428 1428 1429 1429 1430 1430 1426 1426 1431 1431 1428 1428 1427 1427 1432 1432 1429 1429 1428 1428 1425 1425 1433 1433 1434 1434 1435 1435 1434 1434 1433 1433 1432 1432 1432 1432 1427 1427 1434 1434 1425 1425 1424 1424 1429 1429 1426 1426 1430 1430 1424 1424 1436 1436 1437 1437 1438 1438 1437 1437 1436 1436 1439 1439 1440 1440 1441 1441 1442 1442 1441 1441 1440 1440 1443 1443 1444 1444 1445 1445 1446 1446 1447 1447 1448 1448 1449 1449 1450 1450 1451 1451 1452 1452 1451 1451 1446 1446 1445 1445 1450 1450 1452 1452 1447 1447 1453 1453 1454 1454 1444 1444 1445 1445 1444 1444 1454 1454 1454 1454 1453 1453 1455 1455 1451 1451 1450 1450 1446 1446 1448 1448 1447 1447 1452 1452 1456 1456 1457 1457 1458 1458 1459 1459 1460 1460 1458 1458 1460 1460 1459 1459 1461 1461 1457 1457 1456 1456 1462 1462 1456 1456 1458 1458 1460 1460 1463 1463 1464 1464 1465 1465 1466 1466 1467 1467 1463 1463 1468 1468 1465 1465 1464 1464 1464 1464 1463 1463 1467 1467 1467 1467 1466 1466 1469 1469 1465 1465 1468 1468 1470 1470 1471 1471 1472 1472 1473 1473 1472 1472 1471 1471 1474 1474 1475 1475 1476 1476 1477 1477 1476 1476 1475 1475 1478 1478 1479 1479 1480 1480 1481 1481 1480 1480 1479 1479 1482 1482 1483 1483 1484 1484 1485 1485 1484 1484 1483 1483 1486 1486 1487 1487 1488 1488 1489 1489 1488 1488 1487 1487 1490 1490 1491 1491 1492 1492 1493 1493 1492 1492 1491 1491 1494 1494 1495 1495 1496 1496 1497 1497 1496 1496 1495 1495 1498 1498 1499 1499 1500 1500 1501 1501 1500 1500 1499 1499 1502 1502 1503 1503 1504 1504 1505 1505 1504 1504 1503 1503 1506 1506 1507 1507 1508 1508 1509 1509 1508 1508 1507 1507 1510 1510 1511 1511 1512 1512 1513 1513 1514 1514 1515 1515 1516 1516 1515 1515 1517 1517 1518 1518 1519 1519 1520 1520 1521 1521 1517 1517 1515 1515 1522 1522 1515 1515 1514 1514 1522 1522 1512 1512 1518 1518 1517 1517 1511 1511 1520 1520 1519 1519 1512 1512 1511 1511 1523 1523 1518 1518 1512 1512 1523 1523 1520 1520 1511 1511 1513 1513 1524 1524 1525 1525 1526 1526 1527 1527 1528 1528 1529 1529 1525 1525 1524 1524 1527 1527 1528 1528 1527 1527 1524 1524 1530 1530 1531 1531 1532 1532 1533 1533 1534 1534 1531 1531 1531 1531 1530 1530 1533 1533 1534 1534 1533 1533 1535 1535 1536 1536 1537 1537 1538 1538 1537 1537 1539 1539 1540 1540 1541 1541 1539 1539 1542 1542 1539 1539 1537 1537 1543 1543 1539 1539 1541 1541 1540 1540 1544 1544 1545 1545 1546 1546 1545 1545 1544 1544 1547 1547 1542 1542 1545 1545 1541 1541 1545 1545 1542 1542 1546 1546 1537 1537 1536 1536 1543 1543 1548 1548 1549 1549 1550 1550 1551 1551 1548 1548 1552 1552 1548 1548 1551 1551 1549 1549 1553 1553 1554 1554 1555 1555 1556 1556 1557 1557 1558 1558 1557 1557 1556 1556 1553 1553 1554 1554 1553 1553 1556 1556 1559 1559 1560 1560 1561 1561 1562 1562 1563 1563 1564 1564 1565 1565 1564 1564 1563 1563 1560 1560 1559 1559 1566 1566 1567 1567 1565 1565 1568 1568 1563 1563 1562 1562 1569 1569 1559 1559 1562 1562 1566 1566 1562 1562 1559 1559 1569 1569 1565 1565 1567 1567 1570 1570 1564 1564 1565 1565 1570 1570 1571 1571 1572 1572 1573 1573 1574 1574 1573 1573 1572 1572 1573 1573 1574 1574 1575 1575 1572 1572 1571 1571 1576 1576 1577 1577 1578 1578 1579 1579 1580 1580 1581 1581 1578 1578 1581 1581 1580 1580 1582 1582 1578 1578 1577 1577 1580 1580 1583 1583 1584 1584 1585 1585 1586 1586 1585 1585 1584 1584 1585 1585 1586 1586 1587 1587 1584 1584 1583 1583 1588 1588 1588 1588 1583 1583 1589 1589 1590 1590 1591 1591 1592 1592 1591 1591 1590 1590 1593 1593 1594 1594 1595 1595 1596 1596 1595 1595 1594 1594 1597 1597 1598 1598 1596 1596 1599 1599 1596 1596 1598 1598 1594 1594 1598 1598 1599 1599 1600 1600 1601 1601 1602 1602 1603 1603 1604 1604 1601 1601 1605 1605 1602 1602 1601 1601 1604 1604 1604 1604 1605 1605 1606 1606 1607 1607 1608 1608 1609 1609 1608 1608 1607 1607 1610 1610 1611 1611 1612 1612 1613 1613 1614 1614 1615 1615 1616 1616 1612 1612 1611 1611 1615 1615 1615 1615 1614 1614 1612 1612 1617 1617 1618 1618 1619 1619 1619 1619 1618 1618 1620 1620 1618 1618 1617 1617 1621 1621 1622 1622 1623 1623 1624 1624 1623 1623 1622 1622 1625 1625 1626 1626 1627 1627 1628 1628 1629 1629 1626 1626 1630 1630 1626 1626 1629 1629 1627 1627 1631 1631 1632 1632 1633 1633 1634 1634 1631 1631 1635 1635 1634 1634 1635 1635 1636 1636 1631 1631 1634 1634 1632 1632 1637 1637 1638 1638 1639 1639 1638 1638 1637 1637 1640 1640 1641 1641 1642 1642 1643 1643 1642 1642 1641 1641 1644 1644 1643 1643 1642 1642 1645 1645 1644 1644 1641 1641 1646 1646 1647 1647 1648 1648 1649 1649 1650 1650 1647 1647 1649 1649 1647 1647 1650 1650 1651 1651 1652 1652 1653 1653 1648 1648 1648 1648 1647 1647 1652 1652 1653 1653 1652 1652 1654 1654 1655 1655 1656 1656 1657 1657 1656 1656 1655 1655 1658 1658 1659 1659 1660 1660 1661 1661 1662 1662 1663 1663 1659 1659 1664 1664 1665 1665 1662 1662 1665 1665 1664 1664 1666 1666 1663 1663 1662 1662 1665 1665 1660 1660 1659 1659 1663 1663 1657 1657 1661 1661 1660 1660 1661 1661 1657 1657 1656 1656 1667 1667 1668 1668 1669 1669 1670 1670 1671 1671 1667 1667 1672 1672 1673 1673 1670 1670 1674 1674 1675 1675 1672 1672 1676 1676 1677 1677 1674 1674 1677 1677 1676 1676 1678 1678 1675 1675 1674 1674 1677 1677 1673 1673 1672 1672 1675 1675 1671 1671 1670 1670 1673 1673 1668 1668 1667 1667 1671 1671 1679 1679 1680 1680 1681 1681 1680 1680 1679 1679 1682 1682 1683 1683 1684 1684 1685 1685 1686 1686 1687 1687 1688 1688 1685 1685 1684 1684 1689 1689 1687 1687 1686 1686 1690 1690 1688 1688 1687 1687 1691 1691 1684 1684 1692 1692 1693 1693 1687 1687 1690 1690 1694 1694 1684 1684 1683 1683 1692 1692 1693 1693 1688 1688 1691 1691 1688 1688 1693 1693 1692 1692 1695 1695 1696 1696 1697 1697 1696 1696 1695 1695 1698 1698 1699 1699 1700 1700 1701 1701 1696 1696 1698 1698 1702 1702 1697 1697 1703 1703 1704 1704 1701 1701 1700 1700 1705 1705 1703 1703 1697 1697 1706 1706 1700 1700 1704 1704 1703 1703 1700 1700 1699 1699 1704 1704 1697 1697 1696 1696 1706 1706 1707 1707 1708 1708 1709 1709 1710 1710 1711 1711 1712 1712 1713 1713 1714 1714 1711 1711 1715 1715 1716 1716 1714 1714 1708 1708 1707 1707 1716 1716 1709 1709 1717 1717 1707 1707 1718 1718 1719 1719 1717 1717 1720 1720 1721 1721 1719 1719 1722 1722 1723 1723 1721 1721 1724 1724 1725 1725 1723 1723 1726 1726 1727 1727 1725 1725 1728 1728 1729 1729 1727 1727 1729 1729 1728 1728 1730 1730 1727 1727 1726 1726 1728 1728 1725 1725 1724 1724 1726 1726 1723 1723 1722 1722 1724 1724 1721 1721 1720 1720 1722 1722 1719 1719 1718 1718 1720 1720 1717 1717 1709 1709 1718 1718 1716 1716 1715 1715 1708 1708 1714 1714 1713 1713 1715 1715 1711 1711 1710 1710 1713 1713 1712 1712 1731 1731 1710 1710 1731 1731 1712 1712 1732 1732 1733 1733 1734 1734 1735 1735 1734 1734 1733 1733 1736 1736 1737 1737 1738 1738 1739 1739 1740 1740 1741 1741 1742 1742 1743 1743 1744 1744 1740 1740 1745 1745 1746 1746 1743 1743 1739 1739 1747 1747 1745 1745 1748 1748 1749 1749 1750 1750 1751 1751 1752 1752 1737 1737 1753 1753 1754 1754 1751 1751 1749 1749 1748 1748 1753 1753 1741 1741 1740 1740 1744 1744 1744 1744 1743 1743 1746 1746 1746 1746 1745 1745 1747 1747 1747 1747 1739 1739 1738 1738 1738 1738 1737 1737 1752 1752 1752 1752 1751 1751 1754 1754 1754 1754 1753 1753 1748 1748 1755 1755 1750 1750 1749 1749 1750 1750 1755 1755 1756 1756 1756 1756 1757 1757 1758 1758 1758 1758 1759 1759 1760 1760 1760 1760 1761 1761 1762 1762 1761 1761 1760 1760 1759 1759 1759 1759 1758 1758 1757 1757 1757 1757 1756 1756 1755 1755 1763 1763 1764 1764 1765 1765 1764 1764 1763 1763 1766 1766 1767 1767 1768 1768 1769 1769 1770 1770 1771 1771 1772 1772 1773 1773 1774 1774 1771 1771 1775 1775 1776 1776 1774 1774 1777 1777 1778 1778 1776 1776 1779 1779 1780 1780 1778 1778 1781 1781 1782 1782 1780 1780 1783 1783 1784 1784 1782 1782 1785 1785 1786 1786 1784 1784 1787 1787 1788 1788 1768 1768 1789 1789 1790 1790 1788 1788 1790 1790 1789 1789 1791 1791 1788 1788 1787 1787 1789 1789 1771 1771 1770 1770 1773 1773 1768 1768 1767 1767 1787 1787 1769 1769 1792 1792 1767 1767 1786 1786 1785 1785 1792 1792 1784 1784 1783 1783 1785 1785 1782 1782 1781 1781 1783 1783 1780 1780 1779 1779 1781 1781 1778 1778 1777 1777 1779 1779 1776 1776 1775 1775 1777 1777 1774 1774 1773 1773 1775 1775 1792 1792 1769 1769 1786 1786 1793 1793 1794 1794 1795 1795 1794 1794 1793 1793 1796 1796 1797 1797 1798 1798 1799 1799 1800 1800 1801 1801 1798 1798 1802 1802 1803 1803 1801 1801 1804 1804 1805 1805 1803 1803 1806 1806 1807 1807 1805 1805 1808 1808 1809 1809 1807 1807 1810 1810 1811 1811 1809 1809 1812 1812 1813 1813 1811 1811 1814 1814 1815 1815 1813 1813 1816 1816 1817 1817 1815 1815 1818 1818 1819 1819 1817 1817 1820 1820 1821 1821 1819 1819 1821 1821 1820 1820 1822 1822 1819 1819 1818 1818 1820 1820 1817 1817 1816 1816 1818 1818 1815 1815 1814 1814 1816 1816 1813 1813 1812 1812 1814 1814 1811 1811 1810 1810 1812 1812 1809 1809 1808 1808 1810 1810 1807 1807 1806 1806 1808 1808 1805 1805 1804 1804 1806 1806 1803 1803 1802 1802 1804 1804 1801 1801 1800 1800 1802 1802 1798 1798 1797 1797 1800 1800 1823 1823 1824 1824 1825 1825 1824 1824 1823 1823 1826 1826 1827 1827 1828 1828 1829 1829 1830 1830 1831 1831 1827 1827 1832 1832 1833 1833 1830 1830 1834 1834 1835 1835 1832 1832 1836 1836 1837 1837 1834 1834 1838 1838 1839 1839 1836 1836 1840 1840 1841 1841 1838 1838 1842 1842 1843 1843 1840 1840 1844 1844 1845 1845 1842 1842 1846 1846 1847 1847 1844 1844 1848 1848 1849 1849 1846 1846 1850 1850 1851 1851 1848 1848 1851 1851 1850 1850 1852 1852 1849 1849 1848 1848 1851 1851 1847 1847 1846 1846 1849 1849 1845 1845 1844 1844 1847 1847 1843 1843 1842 1842 1845 1845 1841 1841 1840 1840 1843 1843 1839 1839 1838 1838 1841 1841 1837 1837 1836 1836 1839 1839 1835 1835 1834 1834 1837 1837 1833 1833 1832 1832 1835 1835 1831 1831 1830 1830 1833 1833 1828 1828 1827 1827 1831 1831 1853 1853 1854 1854 1855 1855 1854 1854 1853 1853 1856 1856 1857 1857 1858 1858 1859 1859 1860 1860 1861 1861 1858 1858 1862 1862 1863 1863 1861 1861 1864 1864 1865 1865 1863 1863 1866 1866 1867 1867 1865 1865 1868 1868 1869 1869 1867 1867 1870 1870 1871 1871 1869 1869 1872 1872 1873 1873 1871 1871 1874 1874 1875 1875 1873 1873 1876 1876 1877 1877 1875 1875 1878 1878 1879 1879 1877 1877 1880 1880 1881 1881 1879 1879 1881 1881 1880 1880 1882 1882 1879 1879 1878 1878 1880 1880 1877 1877 1876 1876 1878 1878 1875 1875 1874 1874 1876 1876 1873 1873 1872 1872 1874 1874 1871 1871 1870 1870 1872 1872 1869 1869 1868 1868 1870 1870 1867 1867 1866 1866 1868 1868 1865 1865 1864 1864 1866 1866 1863 1863 1862 1862 1864 1864 1861 1861 1860 1860 1862 1862 1858 1858 1857 1857 1860 1860 1883 1883 1884 1884 1885 1885 1884 1884 1883 1883 1886 1886 1887 1887 1888 1888 1889 1889 1890 1890 1891 1891 1888 1888 1892 1892 1893 1893 1891 1891 1894 1894 1895 1895 1893 1893 1896 1896 1897 1897 1895 1895 1898 1898 1899 1899 1897 1897 1900 1900 1901 1901 1899 1899 1902 1902 1903 1903 1901 1901 1904 1904 1905 1905 1903 1903 1906 1906 1907 1907 1905 1905 1908 1908 1909 1909 1907 1907 1910 1910 1911 1911 1909 1909 1911 1911 1910 1910 1912 1912 1909 1909 1908 1908 1910 1910 1907 1907 1906 1906 1908 1908 1905 1905 1904 1904 1906 1906 1903 1903 1902 1902 1904 1904 1901 1901 1900 1900 1902 1902 1899 1899 1898 1898 1900 1900 1897 1897 1896 1896 1898 1898 1895 1895 1894 1894 1896 1896 1893 1893 1892 1892 1894 1894 1891 1891 1890 1890 1892 1892 1888 1888 1887 1887 1890 1890 1913 1913 1914 1914 1915 1915 1914 1914 1913 1913 1916 1916 1917 1917 1918 1918 1919 1919 1920 1920 1921 1921 1917 1917 1922 1922 1923 1923 1920 1920 1924 1924 1925 1925 1922 1922 1926 1926 1927 1927 1924 1924 1928 1928 1929 1929 1926 1926 1930 1930 1931 1931 1928 1928 1932 1932 1933 1933 1930 1930 1934 1934 1935 1935 1932 1932 1936 1936 1937 1937 1934 1934 1938 1938 1939 1939 1936 1936 1940 1940 1941 1941 1938 1938 1941 1941 1940 1940 1942 1942 1939 1939 1938 1938 1941 1941 1937 1937 1936 1936 1939 1939 1935 1935 1934 1934 1937 1937 1933 1933 1932 1932 1935 1935 1931 1931 1930 1930 1933 1933 1929 1929 1928 1928 1931 1931 1927 1927 1926 1926 1929 1929 1925 1925 1924 1924 1927 1927 1923 1923 1922 1922 1925 1925 1921 1921 1920 1920 1923 1923 1918 1918 1917 1917 1921 1921 1943 1943 1944 1944 1945 1945 1944 1944 1943 1943 1946 1946 1947 1947 1948 1948 1949 1949 1950 1950 1951 1951 1948 1948 1952 1952 1953 1953 1951 1951 1954 1954 1955 1955 1953 1953 1956 1956 1957 1957 1955 1955 1958 1958 1959 1959 1957 1957 1960 1960 1961 1961 1959 1959 1962 1962 1963 1963 1961 1961 1964 1964 1965 1965 1963 1963 1966 1966 1967 1967 1965 1965 1968 1968 1969 1969 1967 1967 1970 1970 1971 1971 1969 1969 1971 1971 1970 1970 1972 1972 1969 1969 1968 1968 1970 1970 1967 1967 1966 1966 1968 1968 1965 1965 1964 1964 1966 1966 1963 1963 1962 1962 1964 1964 1961 1961 1960 1960 1962 1962 1959 1959 1958 1958 1960 1960 1957 1957 1956 1956 1958 1958 1955 1955 1954 1954 1956 1956 1953 1953 1952 1952 1954 1954 1951 1951 1950 1950 1952 1952 1948 1948 1947 1947 1950 1950 1973 1973 1974 1974 1975 1975 1974 1974 1973 1973 1976 1976 1977 1977 1978 1978 1979 1979 1980 1980 1981 1981 1978 1978 1982 1982 1983 1983 1981 1981 1984 1984 1985 1985 1983 1983 1986 1986 1987 1987 1985 1985 1988 1988 1989 1989 1987 1987 1990 1990 1991 1991 1989 1989 1992 1992 1993 1993 1991 1991 1994 1994 1995 1995 1993 1993 1996 1996 1997 1997 1995 1995 1998 1998 1999 1999 1997 1997 2000 2000 2001 2001 1999 1999 2001 2001 2000 2000 2002 2002 1999 1999 1998 1998 2000 2000 1997 1997 1996 1996 1998 1998 1995 1995 1994 1994 1996 1996 1993 1993 1992 1992 1994 1994 1991 1991 1990 1990 1992 1992 1989 1989 1988 1988 1990 1990 1987 1987 1986 1986 1988 1988 1985 1985 1984 1984 1986 1986 1983 1983 1982 1982 1984 1984 1981 1981 1980 1980 1982 1982 1978 1978 1977 1977 1980 1980 2003 2003 2004 2004 2005 2005 2004 2004 2003 2003 2006 2006 2007 2007 2008 2008 2009 2009 2010 2010 2011 2011 2007 2007 2012 2012 2013 2013 2010 2010 2014 2014 2015 2015 2012 2012 2016 2016 2017 2017 2014 2014 2018 2018 2019 2019 2016 2016 2020 2020 2021 2021 2018 2018 2022 2022 2023 2023 2020 2020 2024 2024 2025 2025 2022 2022 2026 2026 2027 2027 2024 2024 2028 2028 2029 2029 2026 2026 2030 2030 2031 2031 2028 2028 2031 2031 2030 2030 2032 2032 2029 2029 2028 2028 2031 2031 2027 2027 2026 2026 2029 2029 2025 2025 2024 2024 2027 2027 2023 2023 2022 2022 2025 2025 2021 2021 2020 2020 2023 2023 2019 2019 2018 2018 2021 2021 2017 2017 2016 2016 2019 2019 2015 2015 2014 2014 2017 2017 2013 2013 2012 2012 2015 2015 2011 2011 2010 2010 2013 2013 2008 2008 2007 2007 2011 2011 2033 2033 2034 2034 2035 2035 2034 2034 2033 2033 2036 2036 2037 2037 2038 2038 2039 2039 2040 2040 2041 2041 2038 2038 2042 2042 2043 2043 2041 2041 2044 2044 2045 2045 2043 2043 2046 2046 2047 2047 2045 2045 2048 2048 2049 2049 2047 2047 2050 2050 2051 2051 2049 2049 2052 2052 2053 2053 2051 2051 2054 2054 2055 2055 2053 2053 2056 2056 2057 2057 2055 2055 2058 2058 2059 2059 2057 2057 2060 2060 2061 2061 2059 2059 2061 2061 2060 2060 2062 2062 2059 2059 2058 2058 2060 2060 2057 2057 2056 2056 2058 2058 2055 2055 2054 2054 2056 2056 2053 2053 2052 2052 2054 2054 2051 2051 2050 2050 2052 2052 2049 2049 2048 2048 2050 2050 2047 2047 2046 2046 2048 2048 2045 2045 2044 2044 2046 2046 2043 2043 2042 2042 2044 2044 2041 2041 2040 2040 2042 2042 2038 2038 2037 2037 2040 2040 2063 2063 2064 2064 2065 2065 2064 2064 2063 2063 2066 2066 2067 2067 2068 2068 2069 2069 2070 2070 2071 2071 2068 2068 2072 2072 2073 2073 2071 2071 2074 2074 2075 2075 2073 2073 2076 2076 2077 2077 2075 2075 2078 2078 2079 2079 2077 2077 2080 2080 2081 2081 2079 2079 2082 2082 2083 2083 2081 2081 2084 2084 2085 2085 2083 2083 2086 2086 2087 2087 2085 2085 2088 2088 2089 2089 2087 2087 2090 2090 2091 2091 2089 2089 2091 2091 2090 2090 2092 2092 2089 2089 2088 2088 2090 2090 2087 2087 2086 2086 2088 2088 2085 2085 2084 2084 2086 2086 2083 2083 2082 2082 2084 2084 2081 2081 2080 2080 2082 2082 2079 2079 2078 2078 2080 2080 2077 2077 2076 2076 2078 2078 2075 2075 2074 2074 2076 2076 2073 2073 2072 2072 2074 2074 2071 2071 2070 2070 2072 2072 2068 2068 2067 2067 2070 2070 2093 2093 2094 2094 2095 2095 2094 2094 2093 2093 2096 2096 2097 2097 2098 2098 2099 2099 2100 2100 2101 2101 2097 2097 2102 2102 2103 2103 2100 2100 2104 2104 2105 2105 2102 2102 2106 2106 2107 2107 2104 2104 2108 2108 2109 2109 2106 2106 2110 2110 2111 2111 2108 2108 2112 2112 2113 2113 2110 2110 2114 2114 2115 2115 2112 2112 2116 2116 2117 2117 2114 2114 2118 2118 2119 2119 2116 2116 2120 2120 2121 2121 2118 2118 2121 2121 2120 2120 2122 2122 2119 2119 2118 2118 2121 2121 2117 2117 2116 2116 2119 2119 2115 2115 2114 2114 2117 2117 2113 2113 2112 2112 2115 2115 2111 2111 2110 2110 2113 2113 2109 2109 2108 2108 2111 2111 2107 2107 2106 2106 2109 2109 2105 2105 2104 2104 2107 2107 2103 2103 2102 2102 2105 2105 2101 2101 2100 2100 2103 2103 2098 2098 2097 2097 2101 2101 2123 2123 2124 2124 2125 2125 2124 2124 2123 2123 2126 2126 2127 2127 2128 2128 2129 2129 2130 2130 2131 2131 2128 2128 2132 2132 2133 2133 2131 2131 2134 2134 2135 2135 2133 2133 2136 2136 2137 2137 2135 2135 2138 2138 2139 2139 2137 2137 2140 2140 2141 2141 2139 2139 2142 2142 2143 2143 2141 2141 2144 2144 2145 2145 2143 2143 2146 2146 2147 2147 2145 2145 2148 2148 2149 2149 2147 2147 2150 2150 2151 2151 2149 2149 2151 2151 2150 2150 2152 2152 2149 2149 2148 2148 2150 2150 2147 2147 2146 2146 2148 2148 2145 2145 2144 2144 2146 2146 2143 2143 2142 2142 2144 2144 2141 2141 2140 2140 2142 2142 2139 2139 2138 2138 2140 2140 2137 2137 2136 2136 2138 2138 2135 2135 2134 2134 2136 2136 2133 2133 2132 2132 2134 2134 2131 2131 2130 2130 2132 2132 2128 2128 2127 2127 2130 2130 2153 2153 2154 2154 2155 2155 2154 2154 2153 2153 2156 2156 2157 2157 2158 2158 2159 2159 2160 2160 2161 2161 2158 2158 2162 2162 2163 2163 2161 2161 2164 2164 2165 2165 2163 2163 2166 2166 2167 2167 2165 2165 2168 2168 2169 2169 2167 2167 2170 2170 2171 2171 2169 2169 2172 2172 2173 2173 2171 2171 2174 2174 2175 2175 2173 2173 2176 2176 2177 2177 2175 2175 2178 2178 2179 2179 2177 2177 2180 2180 2181 2181 2179 2179 2181 2181 2180 2180 2182 2182 2179 2179 2178 2178 2180 2180 2177 2177 2176 2176 2178 2178 2175 2175 2174 2174 2176 2176 2173 2173 2172 2172 2174 2174 2171 2171 2170 2170 2172 2172 2169 2169 2168 2168 2170 2170 2167 2167 2166 2166 2168 2168 2165 2165 2164 2164 2166 2166 2163 2163 2162 2162 2164 2164 2161 2161 2160 2160 2162 2162 2158 2158 2157 2157 2160 2160 2183 2183 2184 2184 2185 2185 2184 2184 2183 2183 2186 2186 2187 2187 2188 2188 2189 2189 2190 2190 2191 2191 2187 2187 2192 2192 2193 2193 2190 2190 2194 2194 2195 2195 2192 2192 2196 2196 2197 2197 2194 2194 2198 2198 2199 2199 2196 2196 2200 2200 2201 2201 2198 2198 2202 2202 2203 2203 2200 2200 2204 2204 2205 2205 2202 2202 2206 2206 2207 2207 2204 2204 2208 2208 2209 2209 2206 2206 2210 2210 2211 2211 2208 2208 2211 2211 2210 2210 2212 2212 2209 2209 2208 2208 2211 2211 2207 2207 2206 2206 2209 2209 2205 2205 2204 2204 2207 2207 2203 2203 2202 2202 2205 2205 2201 2201 2200 2200 2203 2203 2199 2199 2198 2198 2201 2201 2197 2197 2196 2196 2199 2199 2195 2195 2194 2194 2197 2197 2193 2193 2192 2192 2195 2195 2191 2191 2190 2190 2193 2193 2188 2188 2187 2187 2191 2191 2213 2213 2214 2214 2215 2215 2214 2214 2213 2213 2216 2216 2217 2217 2218 2218 2219 2219 2220 2220 2221 2221 2218 2218 2222 2222 2223 2223 2221 2221 2224 2224 2225 2225 2223 2223 2226 2226 2227 2227 2225 2225 2228 2228 2229 2229 2227 2227 2230 2230 2231 2231 2229 2229 2232 2232 2233 2233 2231 2231 2234 2234 2235 2235 2233 2233 2236 2236 2237 2237 2235 2235 2238 2238 2239 2239 2237 2237 2240 2240 2241 2241 2239 2239 2241 2241 2240 2240 2242 2242 2239 2239 2238 2238 2240 2240 2237 2237 2236 2236 2238 2238 2235 2235 2234 2234 2236 2236 2233 2233 2232 2232 2234 2234 2231 2231 2230 2230 2232 2232 2229 2229 2228 2228 2230 2230 2227 2227 2226 2226 2228 2228 2225 2225 2224 2224 2226 2226 2223 2223 2222 2222 2224 2224 2221 2221 2220 2220 2222 2222 2218 2218 2217 2217 2220 2220 2243 2243 2244 2244 2245 2245 2244 2244 2243 2243 2246 2246 2247 2247 2248 2248 2249 2249 2250 2250 2251 2251 2248 2248 2252 2252 2253 2253 2251 2251 2254 2254 2255 2255 2253 2253 2256 2256 2257 2257 2255 2255 2258 2258 2259 2259 2257 2257 2260 2260 2261 2261 2259 2259 2262 2262 2263 2263 2261 2261 2264 2264 2265 2265 2263 2263 2266 2266 2267 2267 2265 2265 2268 2268 2269 2269 2267 2267 2270 2270 2271 2271 2269 2269 2271 2271 2270 2270 2272 2272 2269 2269 2268 2268 2270 2270 2267 2267 2266 2266 2268 2268 2265 2265 2264 2264 2266 2266 2263 2263 2262 2262 2264 2264 2261 2261 2260 2260 2262 2262 2259 2259 2258 2258 2260 2260 2248 2248 2247 2247 2250 2250 2251 2251 2250 2250 2252 2252 2253 2253 2252 2252 2254 2254 2255 2255 2254 2254 2256 2256 2257 2257 2256 2256 2258 2258 2273 2273 2274 2274 2275 2275 2274 2274 2273 2273 2276 2276 2277 2277 2278 2278 2279 2279 2279 2279 2280 2280 2281 2281 2281 2281 2282 2282 2283 2283 2283 2283 2284 2284 2285 2285 2285 2285 2286 2286 2287 2287 2287 2287 2288 2288 2289 2289 2290 2290 2291 2291 2292 2292 2293 2293 2292 2292 2291 2291 2291 2291 2290 2290 2294 2294 2294 2294 2295 2295 2296 2296 2296 2296 2297 2297 2298 2298 2298 2298 2299 2299 2300 2300 2299 2299 2298 2298 2297 2297 2297 2297 2296 2296 2295 2295 2289 2289 2301 2301 2293 2293 2286 2286 2285 2285 2284 2284 2278 2278 2277 2277 2302 2302 2280 2280 2279 2279 2278 2278 2282 2282 2281 2281 2280 2280 2284 2284 2283 2283 2282 2282 2292 2292 2293 2293 2301 2301 2288 2288 2287 2287 2286 2286 2301 2301 2289 2289 2288 2288 2295 2295 2294 2294 2290 2290 2303 2303 2304 2304 2305 2305 2304 2304 2303 2303 2306 2306 2307 2307 2308 2308 2309 2309 2310 2310 2309 2309 2311 2311 2312 2312 2311 2311 2313 2313 2314 2314 2313 2313 2315 2315 2316 2316 2315 2315 2317 2317 2318 2318 2319 2319 2320 2320 2321 2321 2322 2322 2319 2319 2323 2323 2324 2324 2322 2322 2325 2325 2326 2326 2324 2324 2326 2326 2325 2325 2327 2327 2324 2324 2323 2323 2325 2325 2322 2322 2321 2321 2323 2323 2319 2319 2318 2318 2321 2321 2320 2320 2328 2328 2318 2318 2329 2329 2330 2330 2328 2328 2331 2331 2317 2317 2330 2330 2308 2308 2307 2307 2332 2332 2309 2309 2310 2310 2307 2307 2311 2311 2312 2312 2310 2310 2313 2313 2314 2314 2312 2312 2315 2315 2316 2316 2314 2314 2317 2317 2331 2331 2316 2316 2330 2330 2329 2329 2331 2331 2328 2328 2320 2320 2329 2329 2333 2333 2334 2334 2335 2335 2334 2334 2333 2333 2336 2336 2337 2337 2338 2338 2339 2339 2340 2340 2341 2341 2338 2338 2342 2342 2343 2343 2341 2341 2344 2344 2345 2345 2343 2343 2346 2346 2347 2347 2345 2345 2348 2348 2349 2349 2347 2347 2350 2350 2351 2351 2349 2349 2352 2352 2353 2353 2351 2351 2354 2354 2355 2355 2353 2353 2338 2338 2337 2337 2340 2340 2341 2341 2340 2340 2342 2342 2343 2343 2342 2342 2344 2344 2345 2345 2344 2344 2346 2346 2347 2347 2346 2346 2348 2348 2349 2349 2348 2348 2350 2350 2351 2351 2350 2350 2352 2352 2355 2355 2354 2354 2356 2356 2357 2357 2356 2356 2358 2358 2359 2359 2358 2358 2360 2360 2361 2361 2360 2360 2362 2362 2360 2360 2361 2361 2359 2359 2358 2358 2359 2359 2357 2357 2356 2356 2357 2357 2355 2355 2353 2353 2352 2352 2354 2354 2363 2363 2364 2364 2365 2365 2364 2364 2363 2363 2366 2366 2367 2367 2368 2368 2369 2369 2370 2370 2371 2371 2372 2372 2373 2373 2374 2374 2375 2375 2376 2376 2377 2377 2373 2373 2378 2378 2379 2379 2376 2376 2380 2380 2381 2381 2378 2378 2375 2375 2382 2382 2367 2367 2369 2369 2383 2383 2370 2370 2384 2384 2385 2385 2386 2386 2387 2387 2388 2388 2384 2384 2389 2389 2390 2390 2387 2387 2390 2390 2389 2389 2391 2391 2388 2388 2387 2387 2390 2390 2385 2385 2384 2384 2388 2388 2392 2392 2386 2386 2385 2385 2381 2381 2380 2380 2392 2392 2379 2379 2378 2378 2381 2381 2377 2377 2376 2376 2379 2379 2374 2374 2373 2373 2377 2377 2382 2382 2375 2375 2374 2374 2368 2368 2367 2367 2382 2382 2383 2383 2369 2369 2368 2368 2371 2371 2370 2370 2383 2383 2386 2386 2392 2392 2380 2380 2393 2393 2394 2394 2395 2395 2394 2394 2393 2393 2396 2396 2397 2397 2398 2398 2399 2399 2400 2400 2399 2399 2401 2401 2402 2402 2401 2401 2403 2403 2404 2404 2403 2403 2405 2405 2406 2406 2405 2405 2407 2407 2408 2408 2407 2407 2409 2409 2410 2410 2409 2409 2411 2411 2412 2412 2411 2411 2413 2413 2411 2411 2412 2412 2410 2410 2414 2414 2415 2415 2398 2398 2416 2416 2417 2417 2418 2418 2405 2405 2406 2406 2404 2404 2403 2403 2404 2404 2402 2402 2401 2401 2402 2402 2400 2400 2399 2399 2400 2400 2397 2397 2398 2398 2397 2397 2414 2414 2415 2415 2414 2414 2419 2419 2418 2418 2419 2419 2416 2416 2417 2417 2416 2416 2420 2420 2421 2421 2420 2420 2422 2422 2409 2409 2410 2410 2408 2408 2419 2419 2418 2418 2415 2415 2420 2420 2421 2421 2417 2417 2407 2407 2408 2408 2406 2406 2423 2423 2424 2424 2425 2425 2424 2424 2423 2423 2426 2426 2427 2427 2428 2428 2429 2429 2430 2430 2431 2431 2428 2428 2432 2432 2433 2433 2431 2431 2434 2434 2435 2435 2433 2433 2436 2436 2429 2429 2437 2437 2438 2438 2439 2439 2440 2440 2441 2441 2442 2442 2439 2439 2443 2443 2444 2444 2442 2442 2445 2445 2446 2446 2444 2444 2447 2447 2448 2448 2446 2446 2449 2449 2440 2440 2435 2435 2450 2450 2451 2451 2452 2452 2453 2453 2454 2454 2451 2451 2455 2455 2456 2456 2454 2454 2457 2457 2458 2458 2456 2456 2459 2459 2460 2460 2458 2458 2461 2461 2462 2462 2460 2460 2463 2463 2464 2464 2462 2462 2465 2465 2466 2466 2464 2464 2467 2467 2468 2468 2466 2466 2469 2469 2470 2470 2468 2468 2471 2471 2472 2472 2470 2470 2473 2473 2437 2437 2472 2472 2437 2437 2473 2473 2436 2436 2472 2472 2471 2471 2473 2473 2470 2470 2469 2469 2471 2471 2468 2468 2467 2467 2469 2469 2466 2466 2465 2465 2467 2467 2464 2464 2463 2463 2465 2465 2429 2429 2436 2436 2427 2427 2462 2462 2461 2461 2463 2463 2460 2460 2459 2459 2461 2461 2458 2458 2457 2457 2459 2459 2456 2456 2455 2455 2457 2457 2454 2454 2453 2453 2455 2455 2451 2451 2450 2450 2453 2453 2452 2452 2474 2474 2450 2450 2448 2448 2447 2447 2474 2474 2446 2446 2445 2445 2447 2447 2444 2444 2443 2443 2445 2445 2442 2442 2441 2441 2443 2443 2439 2439 2438 2438 2441 2441 2440 2440 2449 2449 2438 2438 2435 2435 2434 2434 2449 2449 2433 2433 2432 2432 2434 2434 2431 2431 2430 2430 2432 2432 2428 2428 2427 2427 2430 2430 2474 2474 2452 2452 2448 2448 2475 2475 2476 2476 2477 2477 2478 2478 2477 2477 2479 2479 2480 2480 2479 2479 2481 2481 2482 2482 2481 2481 2483 2483 2484 2484 2483 2483 2485 2485 2486 2486 2485 2485 2487 2487 2488 2488 2487 2487 2489 2489 2490 2490 2489 2489 2491 2491 2492 2492 2491 2491 2493 2493 2494 2494 2493 2493 2495 2495 2496 2496 2495 2495 2497 2497 2498 2498 2497 2497 2499 2499 2500 2500 2499 2499 2501 2501 2502 2502 2501 2501 2503 2503 2504 2504 2503 2503 2505 2505 2506 2506 2505 2505 2507 2507 2508 2508 2509 2509 2510 2510 2511 2511 2510 2510 2512 2512 2513 2513 2512 2512 2514 2514 2515 2515 2514 2514 2516 2516 2517 2517 2516 2516 2518 2518 2519 2519 2518 2518 2520 2520 2521 2521 2520 2520 2522 2522 2507 2507 2522 2522 2506 2506 2522 2522 2507 2507 2521 2521 2520 2520 2521 2521 2519 2519 2518 2518 2519 2519 2517 2517 2516 2516 2517 2517 2515 2515 2514 2514 2515 2515 2513 2513 2512 2512 2513 2513 2511 2511 2510 2510 2511 2511 2508 2508 2509 2509 2508 2508 2476 2476 2476 2476 2475 2475 2509 2509 2477 2477 2478 2478 2475 2475 2479 2479 2480 2480 2478 2478 2481 2481 2482 2482 2480 2480 2483 2483 2484 2484 2482 2482 2485 2485 2486 2486 2484 2484 2487 2487 2488 2488 2486 2486 2489 2489 2490 2490 2488 2488 2491 2491 2492 2492 2490 2490 2493 2493 2494 2494 2492 2492 2495 2495 2496 2496 2494 2494 2497 2497 2498 2498 2496 2496 2499 2499 2500 2500 2498 2498 2501 2501 2502 2502 2500 2500 2503 2503 2504 2504 2502 2502 2505 2505 2506 2506 2504 2504 2523 2523 2524 2524 2525 2525 2526 2526 2527 2527 2528 2528 2529 2529 2530 2530 2527 2527 2531 2531 2532 2532 2530 2530 2533 2533 2534 2534 2532 2532 2535 2535 2536 2536 2534 2534 2537 2537 2538 2538 2536 2536 2539 2539 2540 2540 2538 2538 2541 2541 2542 2542 2540 2540 2543 2543 2544 2544 2542 2542 2545 2545 2546 2546 2544 2544 2547 2547 2548 2548 2546 2546 2549 2549 2550 2550 2548 2548 2551 2551 2552 2552 2550 2550 2553 2553 2554 2554 2552 2552 2555 2555 2556 2556 2554 2554 2557 2557 2558 2558 2556 2556 2559 2559 2560 2560 2558 2558 2561 2561 2562 2562 2560 2560 2563 2563 2564 2564 2562 2562 2565 2565 2566 2566 2564 2564 2567 2567 2568 2568 2566 2566 2569 2569 2525 2525 2568 2568 2525 2525 2569 2569 2523 2523 2568 2568 2567 2567 2569 2569 2566 2566 2565 2565 2567 2567 2564 2564 2563 2563 2565 2565 2562 2562 2561 2561 2563 2563 2560 2560 2559 2559 2561 2561 2558 2558 2557 2557 2559 2559 2556 2556 2555 2555 2557 2557 2554 2554 2553 2553 2555 2555 2552 2552 2551 2551 2553 2553 2550 2550 2549 2549 2551 2551 2548 2548 2547 2547 2549 2549 2546 2546 2545 2545 2547 2547 2544 2544 2543 2543 2545 2545 2542 2542 2541 2541 2543 2543 2540 2540 2539 2539 2541 2541 2538 2538 2537 2537 2539 2539 2536 2536 2535 2535 2537 2537 2534 2534 2533 2533 2535 2535 2532 2532 2531 2531 2533 2533 2530 2530 2529 2529 2531 2531 2527 2527 2526 2526 2529 2529 2528 2528 2570 2570 2526 2526 2524 2524 2523 2523 2570 2570 2570 2570 2528 2528 2524 2524 2571 2571 2572 2572 2573 2573 2571 2571 2574 2574 2575 2575 2571 2571 2575 2575 2576 2576 2571 2571 2576 2576 2577 2577 2571 2571 2577 2577 2578 2578 2571 2571 2578 2578 2579 2579 2571 2571 2579 2579 2580 2580 2571 2571 2580 2580 2581 2581 2571 2571 2581 2581 2582 2582 2571 2571 2582 2582 2583 2583 2571 2571 2583 2583 2584 2584 2571 2571 2584 2584 2585 2585 2571 2571 2585 2585 2586 2586 2571 2571 2586 2586 2587 2587 2571 2571 2587 2587 2588 2588 2571 2571 2588 2588 2589 2589 2571 2571 2589 2589 2590 2590 2571 2571 2590 2590 2591 2591 2571 2571 2591 2591 2592 2592 2571 2571 2592 2592 2572 2572 2574 2574 2571 2571 2593 2593 2571 2571 2573 2573 2594 2594 2571 2571 2594 2594 2595 2595 2571 2571 2595 2595 2593 2593 2596 2596 2597 2597 2598 2598 2599 2599 2600 2600 2597 2597 2601 2601 2602 2602 2600 2600 2603 2603 2604 2604 2602 2602 2605 2605 2606 2606 2604 2604 2607 2607 2608 2608 2606 2606 2609 2609 2610 2610 2608 2608 2611 2611 2612 2612 2610 2610 2613 2613 2614 2614 2615 2615 2615 2615 2598 2598 2613 2613 2598 2598 2615 2615 2596 2596 2597 2597 2596 2596 2599 2599 2600 2600 2599 2599 2601 2601 2602 2602 2601 2601 2603 2603 2604 2604 2603 2603 2605 2605 2606 2606 2605 2605 2607 2607 2608 2608 2607 2607 2609 2609 2610 2610 2609 2609 2611 2611 2612 2612 2611 2611 2616 2616 2617 2617 2616 2616 2618 2618 2619 2619 2618 2618 2620 2620 2621 2621 2620 2620 2622 2622 2623 2623 2622 2622 2624 2624 2625 2625 2624 2624 2626 2626 2627 2627 2626 2626 2628 2628 2629 2629 2628 2628 2630 2630 2631 2631 2630 2630 2632 2632 2633 2633 2632 2632 2634 2634 2635 2635 2634 2634 2636 2636 2637 2637 2636 2636 2638 2638 2639 2639 2638 2638 2640 2640 2641 2641 2640 2640 2642 2642 2616 2616 2617 2617 2612 2612 2618 2618 2619 2619 2617 2617 2620 2620 2621 2621 2619 2619 2622 2622 2623 2623 2621 2621 2624 2624 2625 2625 2623 2623 2626 2626 2627 2627 2625 2625 2628 2628 2629 2629 2627 2627 2630 2630 2631 2631 2629 2629 2632 2632 2633 2633 2631 2631 2634 2634 2635 2635 2633 2633 2636 2636 2637 2637 2635 2635 2638 2638 2639 2639 2637 2637 2640 2640 2641 2641 2639 2639 2642 2642 2643 2643 2641 2641 2614 2614 2613 2613 2643 2643 2643 2643 2642 2642 2614 2614 2644 2644 2645 2645 2646 2646 2644 2644 2647 2647 2648 2648 2644 2644 2648 2648 2649 2649 2644 2644 2649 2649 2650 2650 2644 2644 2650 2650 2651 2651 2644 2644 2651 2651 2652 2652 2644 2644 2652 2652 2653 2653 2644 2644 2653 2653 2654 2654 2644 2644 2654 2654 2655 2655 2644 2644 2655 2655 2656 2656 2644 2644 2656 2656 2657 2657 2644 2644 2657 2657 2658 2658 2644 2644 2658 2658 2659 2659 2644 2644 2659 2659 2660 2660 2644 2644 2660 2660 2661 2661 2647 2647 2644 2644 2646 2646 2644 2644 2662 2662 2645 2645 2644 2644 2663 2663 2662 2662 2644 2644 2664 2664 2663 2663 2644 2644 2665 2665 2664 2664 2644 2644 2666 2666 2665 2665 2644 2644 2667 2667 2666 2666 2644 2644 2668 2668 2667 2667 2644 2644 2661 2661 2668 2668 2669 2669 2670 2670 2671 2671 2672 2672 2673 2673 2674 2674 2675 2675 2676 2676 2677 2677 2678 2678 2674 2674 2679 2679 2673 2673 2680 2680 2681 2681 2682 2682 2683 2683 2684 2684 2685 2685 2686 2686 2687 2687 2670 2670 2669 2669 2688 2688 2689 2689 2688 2688 2669 2669 2680 2680 2673 2673 2672 2672 2690 2690 2686 2686 2685 2685 2688 2688 2691 2691 2692 2692 2674 2674 2692 2692 2676 2676 2683 2683 2692 2692 2684 2684 2676 2676 2693 2693 2694 2694 2692 2692 2674 2674 2684 2684 2692 2692 2683 2683 2688 2688 2676 2676 2675 2675 2695 2695 2676 2676 2679 2679 2674 2674 2686 2686 2690 2690 2683 2683 2688 2688 2689 2689 2691 2691 2677 2677 2696 2696 2697 2697 2693 2693 2676 2676 2695 2695 2679 2679 2676 2676 2694 2694 2674 2674 2678 2678 2672 2672 2683 2683 2682 2682 2686 2686 2696 2696 2677 2677 2676 2676 2698 2698 2699 2699 2700 2700 2699 2699 2698 2698 2701 2701 2702 2702 2703 2703 2704 2704 2705 2705 2704 2704 2706 2706 2707 2707 2706 2706 2708 2708 2709 2709 2708 2708 2710 2710 2703 2703 2702 2702 2711 2711 2712 2712 2713 2713 2714 2714 2715 2715 2714 2714 2716 2716 2704 2704 2705 2705 2702 2702 2714 2714 2715 2715 2712 2712 2706 2706 2707 2707 2705 2705 2708 2708 2709 2709 2707 2707 2710 2710 2717 2717 2709 2709 2713 2713 2712 2712 2717 2717 2717 2717 2710 2710 2713 2713 2718 2718 2719 2719 2720 2720 2719 2719 2718 2718 2721 2721 2722 2722 2723 2723 2724 2724 2725 2725 2724 2724 2726 2726 2724 2724 2725 2725 2722 2722 2727 2727 2728 2728 2723 2723 2728 2728 2727 2727 2729 2729 2730 2730 2729 2729 2731 2731 2731 2731 2732 2732 2730 2730 2733 2733 2734 2734 2732 2732 2723 2723 2722 2722 2727 2727 2729 2729 2730 2730 2728 2728 2732 2732 2731 2731 2733 2733 2734 2734 2733 2733 2735 2735 2736 2736 2737 2737 2738 2738 2737 2737 2736 2736 2739 2739 2740 2740 2741 2741 2742 2742 2743 2743 2742 2742 2744 2744 2745 2745 2746 2746 2741 2741 2747 2747 2748 2748 2749 2749 2750 2750 2751 2751 2748 2748 2751 2751 2750 2750 2752 2752 2748 2748 2747 2747 2750 2750 2749 2749 2753 2753 2747 2747 2746 2746 2745 2745 2753 2753 2741 2741 2740 2740 2745 2745 2742 2742 2743 2743 2740 2740 2753 2753 2749 2749 2746 2746 2754 2754 2755 2755 2756 2756 2755 2755 2754 2754 2757 2757 2758 2758 2759 2759 2760 2760 2761 2761 2762 2762 2763 2763 2764 2764 2765 2765 2762 2762 2766 2766 2767 2767 2765 2765 2768 2768 2769 2769 2767 2767 2769 2769 2768 2768 2770 2770 2767 2767 2766 2766 2768 2768 2765 2765 2764 2764 2766 2766 2762 2762 2761 2761 2764 2764 2763 2763 2771 2771 2761 2761 2759 2759 2758 2758 2771 2771 2771 2771 2763 2763 2759 2759 2772 2772 2773 2773 2774 2774 2772 2772 2775 2775 2773 2773 2772 2772 2776 2776 2775 2775 2772 2772 2777 2777 2776 2776 2772 2772 2778 2778 2777 2777 2772 2772 2779 2779 2778 2778 2772 2772 2780 2780 2779 2779 2772 2772 2781 2781 2780 2780 2772 2772 2782 2782 2781 2781 2772 2772 2783 2783 2782 2782 2772 2772 2784 2784 2783 2783 2772 2772 2785 2785 2784 2784 2772 2772 2786 2786 2787 2787 2772 2772 2788 2788 2786 2786 2772 2772 2789 2789 2788 2788 2772 2772 2790 2790 2789 2789 2772 2772 2791 2791 2790 2790 2772 2772 2792 2792 2791 2791 2772 2772 2793 2793 2792 2792 2772 2772 2794 2794 2793 2793 2772 2772 2795 2795 2794 2794 2795 2795 2772 2772 2796 2796 2772 2772 2787 2787 2785 2785 2772 2772 2774 2774 2796 2796 2797 2797 2798 2798 2799 2799 2800 2800 2799 2799 2801 2801 2802 2802 2801 2801 2803 2803 2804 2804 2803 2803 2805 2805 2806 2806 2805 2805 2807 2807 2808 2808 2807 2807 2809 2809 2810 2810 2809 2809 2811 2811 2812 2812 2811 2811 2813 2813 2814 2814 2813 2813 2815 2815 2816 2816 2815 2815 2817 2817 2818 2818 2819 2819 2798 2798 2820 2820 2821 2821 2822 2822 2815 2815 2816 2816 2814 2814 2823 2823 2824 2824 2825 2825 2826 2826 2825 2825 2827 2827 2828 2828 2827 2827 2829 2829 2830 2830 2829 2829 2831 2831 2832 2832 2831 2831 2833 2833 2834 2834 2833 2833 2835 2835 2836 2836 2835 2835 2837 2837 2838 2838 2837 2837 2839 2839 2840 2840 2839 2839 2841 2841 2842 2842 2841 2841 2819 2819 2841 2841 2842 2842 2840 2840 2819 2819 2818 2818 2842 2842 2839 2839 2840 2840 2838 2838 2798 2798 2797 2797 2818 2818 2799 2799 2800 2800 2797 2797 2801 2801 2802 2802 2800 2800 2803 2803 2804 2804 2802 2802 2805 2805 2806 2806 2804 2804 2807 2807 2808 2808 2806 2806 2811 2811 2812 2812 2810 2810 2809 2809 2810 2810 2808 2808 2843 2843 2817 2817 2821 2821 2813 2813 2814 2814 2812 2812 2817 2817 2843 2843 2816 2816 2821 2821 2820 2820 2843 2843 2822 2822 2844 2844 2820 2820 2824 2824 2823 2823 2844 2844 2837 2837 2838 2838 2836 2836 2835 2835 2836 2836 2834 2834 2833 2833 2834 2834 2832 2832 2825 2825 2826 2826 2823 2823 2827 2827 2828 2828 2826 2826 2829 2829 2830 2830 2828 2828 2831 2831 2832 2832 2830 2830 2844 2844 2822 2822 2824 2824</p></triangles><triangles count="134" material="silkwhitematt-material"><input offset="0" semantic="VERTEX" source="#bau0234569715-mesh-vertices" /><input offset="1" semantic="NORMAL" source="#bau0234569715-mesh-normals" /><p>2845 2845 2846 2846 2847 2847 2846 2846 2845 2845 2848 2848 2849 2849 2850 2850 2851 2851 2852 2852 2853 2853 2849 2849 2854 2854 2855 2855 2852 2852 2856 2856 2857 2857 2854 2854 2858 2858 2859 2859 2856 2856 2860 2860 2861 2861 2858 2858 2862 2862 2863 2863 2860 2860 2864 2864 2865 2865 2862 2862 2866 2866 2867 2867 2864 2864 2868 2868 2869 2869 2866 2866 2870 2870 2871 2871 2868 2868 2872 2872 2873 2873 2870 2870 2873 2873 2872 2872 2874 2874 2871 2871 2870 2870 2873 2873 2869 2869 2868 2868 2871 2871 2867 2867 2866 2866 2869 2869 2865 2865 2864 2864 2867 2867 2863 2863 2862 2862 2865 2865 2861 2861 2860 2860 2863 2863 2859 2859 2858 2858 2861 2861 2857 2857 2856 2856 2859 2859 2855 2855 2854 2854 2857 2857 2853 2853 2852 2852 2855 2855 2850 2850 2849 2849 2853 2853 2875 2875 2876 2876 2877 2877 2876 2876 2875 2875 2878 2878 2879 2879 2880 2880 2881 2881 2879 2879 2882 2882 2880 2880 2882 2882 2879 2879 2883 2883 2884 2884 2885 2885 2886 2886 2887 2887 2888 2888 2884 2884 2889 2889 2890 2890 2887 2887 2891 2891 2892 2892 2889 2889 2893 2893 2894 2894 2891 2891 2895 2895 2896 2896 2893 2893 2896 2896 2895 2895 2897 2897 2894 2894 2893 2893 2896 2896 2892 2892 2891 2891 2894 2894 2890 2890 2889 2889 2892 2892 2888 2888 2887 2887 2890 2890 2885 2885 2884 2884 2888 2888 2898 2898 2899 2899 2900 2900 2899 2899 2901 2901 2902 2902 2899 2899 2898 2898 2903 2903 2901 2901 2899 2899 2903 2903 2904 2904 2905 2905 2906 2906 2907 2907 2908 2908 2904 2904 2908 2908 2907 2907 2909 2909 2906 2906 2910 2910 2911 2911 2910 2910 2906 2906 2905 2905 2912 2912 2911 2911 2910 2910 2913 2913 2914 2914 2912 2912 2915 2915 2916 2916 2913 2913 2911 2911 2912 2912 2914 2914 2914 2914 2913 2913 2916 2916 2905 2905 2904 2904 2908 2908 2916 2916 2915 2915 2917 2917 2918 2918 2919 2919 2920 2920 2921 2921 2922 2922 2923 2923 2924 2924 2925 2925 2919 2919 2923 2923 2922 2922 2924 2924 2922 2922 2921 2921 2926 2926 2925 2925 2922 2922 2927 2927 2922 2922 2926 2926 2928 2928 2927 2927 2922 2922 2929 2929 2930 2930 2931 2931 2932 2932 2933 2933 2934 2934 2935 2935 2934 2934 2936 2936 2937 2937 2938 2938 2939 2939 2919 2919 2940 2940 2939 2939 2938 2938 2941 2941 2942 2942 2922 2922 2931 2931 2943 2943 2944 2944 2936 2936 2934 2934 2945 2945 2946 2946 2934 2934 2937 2937 2939 2939 2940 2940 2947 2947 2942 2942 2941 2941 2948 2948 2929 2929 2922 2922 2949 2949 2950 2950 2934 2934 2951 2951 2931 2931 2944 2944 2952 2952 2953 2953 2931 2931 2922 2922 2922 2922 2954 2954 2955 2955 2922 2922 2942 2942 2956 2956 2957 2957 2941 2941 2958 2958 2959 2959 2941 2941 2960 2960 2961 2961 2941 2941 2962 2962 2962 2962 2947 2947 2963 2963 2919 2919 2964 2964 2920 2920 2919 2919 2918 2918 2965 2965 2934 2934 2946 2946 2935 2935 2934 2934 2950 2950 2966 2966 2934 2934 2966 2966 2945 2945 2951 2951 2931 2931 2967 2967 2931 2931 2953 2953 2932 2932 2922 2922 2956 2956 2949 2949 2941 2941 2959 2959 2958 2958 2968 2968 2941 2941 2969 2969 2947 2947 2962 2962 2941 2941 2941 2941 2961 2961 2969 2969 2947 2947 2940 2940 2970 2970 2919 2919 2965 2965 2971 2971 2967 2967 2931 2931 2972 2972 2931 2931 2951 2951 2934 2934 2922 2922 2955 2955 2953 2953 2925 2925 2924 2924 2922 2922 2931 2931 2930 2930 2943 2943 2954 2954 2922 2922 2928 2928 2941 2941 2968 2968 2960 2960 2947 2947 2970 2970 2963 2963 2934 2934 2947 2947 2941 2941 2931 2931 2952 2952 2972 2972 2973 2973 2934 2934 2974 2974 2941 2941 2957 2957 2948 2948 2934 2934 2933 2933 2974 2974 2947 2947 2934 2934 2973 2973 2919 2919 2971 2971 2938 2938 2964 2964 2919 2919 2925 2925 2975 2975 2976 2976 2977 2977 2977 2977 2978 2978 2979 2979 2979 2979 2980 2980 2981 2981 2981 2981 2982 2982 2983 2983 2983 2983 2984 2984 2985 2985 2985 2985 2986 2986 2987 2987 2986 2986 2985 2985 2984 2984 2984 2984 2983 2983 2982 2982 2982 2982 2981 2981 2980 2980 2980 2980 2979 2979 2978 2978 2978 2978 2977 2977 2976 2976 2976 2976 2975 2975 2988 2988 2989 2989 2990 2990 2991 2991 2990 2990 2989 2989 2992 2992 2993 2993 2989 2989 2994 2994 2989 2989 2993 2993 2992 2992</p></triangles></mesh></geometry></library_geometries><library_visual_scenes><visual_scene id="VisualSceneNode" name="VisualSceneNode"><node id="Main-Component-Node1" name="bau0234569715"><instance_geometry url="#bau0234569715-mesh" name="bau0234569715"><bind_material><technique_common><instance_material symbol="white-material" target="#white-material" /><instance_material symbol="zincplated-material" target="#zincplated-material" /><instance_material symbol="silkwhitematt-material" target="#silkwhitematt-material" /></technique_common></bind_material></instance_geometry></node></visual_scene></library_visual_scenes><scene><instance_visual_scene url="#VisualSceneNode" /></scene></COLLADA>