<?xml version="1.0" encoding="utf-8"?><COLLADA xmlns:xsd="http://www.w3.org/2001/XMLSchema" xmlns:xsi="http://www.w3.org/2001/XMLSchema-instance" version="1.4.1" xmlns="http://www.collada.org/2005/11/COLLADASchema"><asset><contributor><author>bau05662</author><authoring_tool>Blum.Cape.SolidWorks.Export.Collada 25.0.0.0</authoring_tool></contributor><created>0001-01-01T00:00:00</created><modified>2026-02-18T08:01:20.559361+01:00</modified><unit meter="0.001" name="millimeter" /></asset><library_effects><effect id="white-effect"><profile_COMMON><technique sid="common"><phong><emission><color sid="emission">0 0 0 0</color></emission><ambient><color sid="ambient">0.871849574807697 0.871849574807697 0.839396720452679 1</color></ambient><diffuse><color sid="diffuse">0.871849574807697 0.871849574807697 0.839396720452679 1</color></diffuse><specular><color sid="specular">0.991136764316137 0.991136764316137 0.991136764316137 1</color></specular><shininess><float sid="shininess">0.1</float></shininess><reflective><color sid="reflective">1 1 1 1</color></reflective><reflectivity><float sid="reflectivity">0</float></reflectivity><transparent><color>1 1 1 1</color></transparent><transparency><float sid="transparency">1</float></transparency><index_of_refraction><float sid="index_of_refraction">1</float></index_of_refraction></phong></technique></profile_COMMON></effect><effect id="zincplated-effect"><profile_COMMON><technique sid="common"><phong><emission><color sid="emission">0 0 0 0</color></emission><ambient><color sid="ambient">0.408975652376015 0.419604810831399 0.486751175550744 1</color></ambient><diffuse><color sid="diffuse">0.408975652376015 0.419604810831399 0.486751175550744 1</color></diffuse><specular><color sid="specular">0.991136764316137 0.991136764316137 0.991136764316137 1</color></specular><shininess><float sid="shininess">0.1</float></shininess><reflective><color sid="reflective">1 1 1 1</color></reflective><reflectivity><float sid="reflectivity">1</float></reflectivity><transparent><color>1 1 1 1</color></transparent><transparency><float sid="transparency">1</float></transparency><index_of_refraction><float sid="index_of_refraction">1</float></index_of_refraction></phong></technique></profile_COMMON></effect><effect id="oriongreymatt-effect"><profile_COMMON><technique sid="common"><phong><emission><color sid="emission">0 0 0 0</color></emission><ambient><color sid="ambient">0.113502777804244 0.116016134223458 0.106154548287322 1</color></ambient><diffuse><color sid="diffuse">0.113502777804244 0.116016134223458 0.106154548287322 1</color></diffuse><specular><color sid="specular">0.991136764316137 0.991136764316137 0.991136764316137 1</color></specular><shininess><float sid="shininess">0.1</float></shininess><reflective><color sid="reflective">1 1 1 1</color></reflective><reflectivity><float sid="reflectivity">0</float></reflectivity><transparent><color>1 1 1 1</color></transparent><transparency><float sid="transparency">1</float></transparency><index_of_refraction><float sid="index_of_refraction">1</float></index_of_refraction></phong></technique></profile_COMMON></effect></library_effects><library_materials><material id="white-material" name="white"><instance_effect url="#white-effect" /></material><material id="zincplated-material" name="zincplated"><instance_effect url="#zincplated-effect" /></material><material id="oriongreymatt-material" name="oriongreymatt"><instance_effect url="#oriongreymatt-effect" /></material></library_materials><library_geometries><geometry id="bau0074571110-mesh" name="bau0074571110"><mesh><source id="bau0074571110-mesh-positions"><float_array id="bau0074571110-mesh-positions-array" count="8580">8.41586757451296 -7.30000017210841 -453.20001244545 13.9499995857477 38.8999991118908 -453.20001244545 13.9499995857477 27.8999991714954 -453.20001244545 18.6000000685453 38.8999991118908 -453.20001244545 13.9967147260904 48.9000007510185 -453.20001244545 18.6000000685453 48.9000007510185 -453.20001244545 12.9003282636404 47.8890873491764 -453.20001244545 18.6000000685453 -7.30000017210841 -453.20001244545 18.6000000685453 27.8999991714954 -453.20001244545 13.2510596886277 48.6087016761303 -453.20001244545 13.4726585820317 48.7671419978142 -453.20001244545 13.7263974174857 48.866268247366 -453.20001244545 12.9558425396681 48.1557846069336 -453.20001244545 13.0751924589276 48.4006628394127 -453.20001244545 9.60000045597553 -7.30000017210841 -453.20001244545 18.6000000685453 42.9200008511543 -438.100010156631 18.6000000685453 40.012389421463 -443.36000084877 18.6000000685453 42.9200008511543 -444.900006055832 18.6000000685453 48.9000007510185 -437.000006437302 18.6000000685453 40.2828119695187 -438.199996948242 18.6000000685453 -2.73281219415367 -438.199996948242 18.6000000685453 -6.59999996423721 -442.00000166893 18.6000000685453 -2.46238801628351 -443.36000084877 18.6000000685453 8.9428722858429 -448.100000619888 18.6000000685453 28.607128188014 -448.100000619888 18.6000000685453 10.7623878866434 -443.36000084877 18.6000000685453 27.8999991714954 -453.20001244545 18.6000000685453 38.8999991118908 -454.360038042068 18.6000000685453 38.8999991118908 -453.20001244545 18.6000000685453 46.7000007629395 -444.900006055832 18.6000000685453 38.1928719580173 -448.100000619888 18.6000000685453 -7.30000017210841 -453.20001244545 18.6000000685453 -0.642872590105981 -448.100000619888 18.6000000685453 -7.30000017210841 -442.00000166893 18.6000000685453 48.9000007510185 -453.20001244545 18.6000000685453 46.7000007629395 -438.100010156631 18.6000000685453 11.0328122973442 -438.199996948242 18.6000000685453 26.5171881765127 -438.199996948242 18.6000000685453 26.7876125872135 -443.36000084877 18.6000000685453 -6.59999996423721 -437.000006437302 18.6000000685453 27.8999991714954 -454.360038042068 27.0847007632256 48.8625168800354 -437.000006437302 27.8625190258026 48.0847023427486 -437.000006437302 27.8999991714954 47.800000756979 -437.000006437302 25.2000000327826 -6.59999996423721 -437.000006437302 27.2002685815096 -18.0774349719286 -437.000006437302 27.0000007003546 -18.1000009179115 -437.000006437302 27.8108716011047 -17.590494826436 -437.000006437302 27.8774350881577 -17.4002684652805 -437.000006437302 27.7526285499334 48.3499988913536 -437.000006437302 27.577817440033 48.577819019556 -437.000006437302 27.3499991744757 48.7526282668114 -437.000006437302 27.5611411780119 -17.9036483168602 -437.000006437302 27.7036484330893 -17.7611410617828 -437.000006437302 27.8999991714954 -17.2000005841255 -437.000006437302 27.3904949426651 -18.0108714848757 -437.000006437302 26.7999991774559 48.9000007510185 -437.000006437302 25.2000000327826 -18.1000009179115 -437.000006437302 18.6000000685453 48.9000007510185 -437.000006437302 18.6000000685453 -6.59999996423721 -437.000006437302 18.6000000685453 -2.73281219415367 -438.199996948242 23.700000718236 -2.46238801628351 -443.36000084877 23.700000718236 -2.73281219415367 -438.199996948242 18.6000000685453 -2.46238801628351 -443.36000084877 18.6000000685453 11.0328122973442 -438.199996948242 23.700000718236 -2.73281219415367 -438.199996948242 23.700000718236 11.0328122973442 -438.199996948242 18.6000000685453 -2.73281219415367 -438.199996948242 23.700000718236 11.0328122973442 -438.199996948242 18.6000000685453 10.7623878866434 -443.36000084877 18.6000000685453 11.0328122973442 -438.199996948242 23.700000718236 10.7623878866434 -443.36000084877 18.6000000685453 8.9428722858429 -448.100000619888 23.700000718236 10.7623878866434 -443.36000084877 23.700000718236 8.9428722858429 -448.100000619888 18.6000000685453 10.7623878866434 -443.36000084877 18.6000000685453 8.9428722858429 -448.100000619888 23.700000718236 -0.642872590105981 -448.100000619888 18.6000000685453 -0.642872590105981 -448.100000619888 23.700000718236 8.9428722858429 -448.100000619888 23.700000718236 -2.46238801628351 -443.36000084877 18.6000000685453 -0.642872590105981 -448.100000619888 23.700000718236 -0.642872590105981 -448.100000619888 18.6000000685453 -2.46238801628351 -443.36000084877 23.700000718236 -2.73281219415367 -438.199996948242 23.700000718236 10.7623878866434 -443.36000084877 23.700000718236 11.0328122973442 -438.199996948242 23.700000718236 -2.46238801628351 -443.36000084877 23.700000718236 8.9428722858429 -448.100000619888 23.700000718236 -0.642872590105981 -448.100000619888 23.700000718236 26.7876125872135 -443.36000084877 18.6000000685453 26.5171881765127 -438.199996948242 18.6000000685453 26.7876125872135 -443.36000084877 23.700000718236 26.5171881765127 -438.199996948242 18.6000000685453 40.2828119695187 -438.199996948242 23.700000718236 26.5171881765127 -438.199996948242 23.700000718236 40.2828119695187 -438.199996948242 18.6000000685453 26.5171881765127 -438.199996948242 18.6000000685453 40.2828119695187 -438.199996948242 23.700000718236 40.012389421463 -443.36000084877 18.6000000685453 40.012389421463 -443.36000084877 23.700000718236 40.2828119695187 -438.199996948242 18.6000000685453 38.1928719580173 -448.100000619888 23.700000718236 40.012389421463 -443.36000084877 23.700000718236 38.1928719580173 -448.100000619888 18.6000000685453 40.012389421463 -443.36000084877 18.6000000685453 38.1928719580173 -448.100000619888 23.700000718236 28.607128188014 -448.100000619888 18.6000000685453 28.607128188014 -448.100000619888 23.700000718236 38.1928719580173 -448.100000619888 18.6000000685453 28.607128188014 -448.100000619888 23.700000718236 26.7876125872135 -443.36000084877 18.6000000685453 26.7876125872135 -443.36000084877 23.700000718236 28.607128188014 -448.100000619888 23.700000718236 28.607128188014 -448.100000619888 23.700000718236 40.012389421463 -443.36000084877 23.700000718236 26.7876125872135 -443.36000084877 23.700000718236 38.1928719580173 -448.100000619888 23.700000718236 26.5171881765127 -438.199996948242 23.700000718236 40.2828119695187 -438.199996948242 23.700000718236 42.9200008511543 -438.100010156631 18.6000000685453 46.7000007629395 -438.100010156631 18.6000000685453 42.9200008511543 -438.100010156631 23.700000718236 46.7000007629395 -438.100010156631 18.6000000685453 46.7000007629395 -438.100010156631 23.700000718236 46.7000007629395 -444.900006055832 18.6000000685453 46.7000007629395 -444.900006055832 23.700000718236 46.7000007629395 -438.100010156631 18.6000000685453 46.7000007629395 -444.900006055832 23.700000718236 42.9200008511543 -444.900006055832 18.6000000685453 42.9200008511543 -444.900006055832 23.700000718236 46.7000007629395 -444.900006055832 18.6000000685453 42.9200008511543 -444.900006055832 23.700000718236 42.9200008511543 -438.100010156631 18.6000000685453 42.9200008511543 -438.100010156631 23.700000718236 42.9200008511543 -444.900006055832 23.700000718236 46.7000007629395 -444.900006055832 23.700000718236 42.9200008511543 -438.100010156631 23.700000718236 42.9200008511543 -444.900006055832 23.700000718236 46.7000007629395 -438.100010156631 16.1893758922815 27.8999991714954 -456.184595823288 13.9499995857477 38.8999991118908 -453.945219516754 16.1893758922815 38.8999991118908 -456.184595823288 13.9499995857477 27.8999991714954 -453.945219516754 16.1893758922815 38.8999991118908 -456.184595823288 22.6000007241964 27.8999991714954 -455.848634243011 16.1893758922815 27.8999991714954 -456.184595823288 22.6000007241964 38.8999991118908 -455.848634243011 22.6000007241964 38.8999991118908 -454.429864883423 22.6000007241964 27.8999991714954 -455.848634243011 22.6000007241964 38.8999991118908 -455.848634243011 22.6000007241964 27.8999991714954 -454.429864883423 18.6000000685453 38.8999991118908 -454.360038042068 22.6000007241964 27.8999991714954 -454.429864883423 22.6000007241964 38.8999991118908 -454.429864883423 18.6000000685453 27.8999991714954 -454.360038042068 29.899999499321 -35.1999998092651 -40.0000028312206 29.899999499321 -34.4999991357327 -32.0595689117908 29.899999499321 -35.1999998092651 -32.6469391584396 29.899999499321 -34.4999991357327 -47.4404320120811 29.899999499321 -35.1999998092651 -46.8530617654324 31.1250016093254 -34.4999991357327 -181.500002741814 34.400001168251 -35.1999998092651 -181.500002741814 29.899999499321 -35.1999998092651 -181.500002741814 29.899999499321 -34.4999991357327 -181.500002741814 34.400001168251 -34.4999991357327 -181.500002741814 38.4881645441055 -35.1999998092651 -97.4999964237213 39.9605855345726 -35.7359163463116 -145.810768008232 39.9605855345726 -35.7359163463116 -80.807238817215 38.4881645441055 -35.1999998092651 -147.283181548119 38.4881645441055 -35.1999998092651 -79.3348103761673 40.1999987661839 -35.0781343877316 -145.571351051331 39.9605855345726 -35.7359163463116 -80.807238817215 39.9605855345726 -35.7359163463116 -145.810768008232 40.1999987661839 -35.0781343877316 -81.0466483235359 40.1999987661839 -35.0781343877316 -145.571351051331 38.6115908622742 -34.4999991357327 -79.4582441449165 40.1999987661839 -35.0781343877316 -81.0466483235359 38.6115908622742 -34.4999991357327 -147.15975522995 38.4881645441055 -35.1999998092651 29.7749992460012 38.6999994516373 -35.2771021425724 32.4652120471001 38.4881645441055 -35.1999998092651 32.5875170528889 39.9605855345726 -35.7359163463116 30.0239473581314 38.4881645441055 -35.1999998092651 4.72500175237656 39.9605855345726 -35.7359163463116 -20.6860639154911 39.6318510174751 -35.6162674725056 31.2508009374142 39.1142144799232 -35.4278646409512 32.1473740041256 39.4320525228977 -35.5435460805893 31.7331627011299 39.2867065966129 -35.4906469583511 31.9506861269474 39.5477600395679 -35.5856604874134 31.4985290169716 38.4881645441055 -35.1999998092651 -22.1584867686033 40.1999987661839 -35.0781343877316 29.1304402053356 39.9605855345726 -35.7359163463116 -20.6860639154911 40.1999987661839 -35.0781343877316 -20.4466488212347 39.9605855345726 -35.7359163463116 30.0239473581314 39.6318510174751 -34.8713435232639 31.2508009374142 39.4320525228977 -34.7986221313477 31.7331627011299 39.5477600395679 -34.8407365381718 31.4985290169716 38.6115908622742 -34.4999991357327 32.5162559747696 40.1999987661839 -35.0781343877316 29.1304402053356 38.6115908622742 -34.4999991357327 4.72500175237656 40.1999987661839 -35.0781343877316 -20.4466488212347 38.6115908622742 -34.4999991357327 -22.0350567251444 39.2867065966129 -34.7457230091095 31.9506861269474 39.1142144799232 -34.6829406917095 32.1473740041256 38.6999994516373 -34.5321781933308 32.4652120471001 25.2000000327826 -18.1000009179115 35.5000011622906 25.2000000327826 -24.5050005614758 10.3500001132488 25.2000000327826 -18.1000009179115 -437.000006437302 25.2000000327826 -32.2999991476536 -442.00000166893 25.2000000327826 -24.5050005614758 -430.559992790222 25.2000000327826 -32.2999991476536 -432.500004768372 25.2000000327826 -34.4999991357327 4.72500175237656 25.2000000327826 -28.4950006753206 19.3499997258186 25.2000000327826 -34.4999991357327 35.5000011622906 25.2000000327826 -28.4950006753206 -430.559992790222 25.2000000327826 -6.59999996423721 -442.00000166893 25.2000000327826 -28.4950006753206 10.3500001132488 25.2000000327826 -24.5050005614758 19.3499997258186 25.2000000327826 -34.4999991357327 -432.500004768372 25.2000000327826 -28.4950006753206 -421.440005302429 25.2000000327826 -34.4999991357327 -404.000014066696 25.2000000327826 -6.59999996423721 -437.000006437302 25.2000000327826 -24.5050005614758 -421.440005302429 25.2000000327826 -34.4999991357327 -78.0000016093254 25.2000000327826 -34.4999991357327 -189.724996685982 25.2000000327826 -34.4999991357327 -249.274998903275 25.2000000327826 -34.4999991357327 -317.999988794327 6.89999992027879 -41.4500012993813 -453.20001244545 8.20000004023314 -35.1499989628792 -453.20001244545 8.20000004023314 -41.4500012993813 -453.20001244545 6.89999992027879 -25.9553827345371 -453.20001244545 9.60000045597553 -35.1499989628792 -453.20001244545 7.71823246032 -42.0778505504131 -453.20001244545 8.00961907953024 -41.9096201658249 -453.20001244545 7.87500012665987 -42.0129150152206 -453.20001244545 8.17785132676363 -41.6182316839695 -453.20001244545 8.11291672289371 -41.7749993503094 -453.20001244545 7.38176750019193 -42.0778505504131 -453.20001244545 7.22499983385205 -42.0129150152206 -453.20001244545 7.55000021308661 -42.1000011265278 -453.20001244545 7.0903804153204 -41.9096201658249 -453.20001244545 6.9870837032795 -41.7749993503094 -453.20001244545 6.92214816808701 -41.6182316839695 -453.20001244545 24.4999993592501 -18.1000009179115 35.5000011622906 25.2000000327826 -34.4999991357327 35.5000011622906 25.2000000327826 -18.1000009179115 35.5000011622906 25.9293876588345 -35.6778725981712 35.5000011622906 25.6285984069109 -35.6978736817837 35.5000011622906 24.8265918344259 -35.3228971362114 35.5000011622906 25.0592343509197 -35.5146043002605 35.5000011622906 26.6746785491705 -35.1999998092651 35.5000011622906 31.1250016093254 -34.4999991357327 35.5000011622906 26.2157004326582 -35.5835370719433 35.5000011622906 25.3323148936033 -35.6422811746597 35.5000011622906 31.300000846386 -35.1999998092651 35.5000011622906 31.300000846386 -34.4999991357327 35.5000011622906 24.5378650724888 -34.7990654408932 35.5000011622906 24.649066850543 -35.0792594254017 35.5000011622906 24.4999993592501 -34.4999991357327 35.5000011622906 26.4694690704346 -35.4208238422871 35.5000011622906 24.649066850543 -35.0792594254017 -432.500004768372 24.5378650724888 -34.7990654408932 35.5000011622906 24.5378650724888 -34.7990654408932 -432.500004768372 24.4999993592501 -34.4999991357327 35.5000011622906 24.649066850543 -35.0792594254017 35.5000011622906 24.8265918344259 -35.3228971362114 -432.500004768372 24.8265918344259 -35.3228971362114 35.5000011622906 25.0592343509197 -35.5146043002605 -432.500004768372 25.0592343509197 -35.5146043002605 35.5000011622906 25.3323148936033 -35.6422811746597 -432.500004768372 25.3323148936033 -35.6422811746597 35.5000011622906 25.6285984069109 -35.6978736817837 -432.500004768372 25.6285984069109 -35.6978736817837 35.5000011622906 25.9293876588345 -35.6778725981712 -432.500004768372 25.9293876588345 -35.6778725981712 35.5000011622906 26.2157004326582 -35.5835370719433 -432.500004768372 26.2157004326582 -35.5835370719433 35.5000011622906 26.4694690704346 -35.4208238422871 -432.500004768372 26.4694690704346 -35.4208238422871 35.5000011622906 26.6746785491705 -35.1999998092651 -317.999988794327 26.6746785491705 -35.1999998092651 -432.500004768372 26.6746785491705 -35.1999998092651 29.7749992460012 26.6746785491705 -35.1999998092651 35.5000011622906 26.6746785491705 -35.1999998092651 -249.274998903275 26.6746785491705 -35.1999998092651 -189.724996685982 26.6746785491705 -35.1999998092651 -97.4999964237213 26.6746785491705 -35.1999998092651 -40.0000028312206 26.6746785491705 -35.1999998092651 4.72500175237656 24.4999993592501 -34.4999991357327 -432.500004768372 36.1499972641468 -35.1999998092651 -249.274998903275 34.6428863704205 -35.1999998092651 -260.697424411774 34.8000191152096 -35.1999998092651 -260.586649179459 35.5373062193394 -35.1999998092651 -260.607749223709 35.3613123297691 -35.1999998092651 -260.530382394791 35.803060978651 -35.1999998092651 -260.881215333939 35.8753576874733 -35.1999998092651 -261.05934381485 34.6428863704205 -35.1999998092651 -275.302588939667 26.6746785491705 -35.1999998092651 -317.999988794327 34.8000191152096 -35.1999998092651 -275.413334369659 34.5190726220608 -35.1999998092651 -275.155514478683 31.9999828934669 -35.1999998092651 -275.413334369659 33.200316131115 -35.1999998092651 -270.525336265564 32.6379984617233 -35.1999998092651 -271.05638384819 32.6013080775738 -35.1999998092651 -271.254301071167 34.4367139041424 -35.1999998092651 -274.981796741486 32.2809256613255 -35.1999998092651 -275.155514478683 32.1571119129658 -35.1999998092651 -275.302588939667 30.9969410300255 -35.1999998092651 -275.118798017502 30.9246424585581 -35.1999998092651 -274.940669536591 31.1121474951506 -35.1999998092651 -275.272697210312 26.6746785491705 -35.1999998092651 -249.274998903275 30.9969410300255 -35.1999998092651 -260.881215333939 31.1121474951506 -35.1999998092651 -260.727286338806 31.62856772542 -35.1999998092651 -260.500311851501 31.4386896789074 -35.1999998092651 -260.530382394791 32.2809256613255 -35.1999998092651 -260.844498872757 34.4367139041424 -35.1999998092651 -261.018186807632 34.5190726220608 -35.1999998092651 -260.844498872757 34.9801480770111 -35.1999998092651 -260.519474744797 35.6878526508808 -35.1999998092651 -260.727286338806 35.8999967575073 -35.1999998092651 -274.749994277954 36.1499972641468 -35.1999998092651 -317.999988794327 35.8999967575073 -35.1999998092651 -261.249989271164 34.4012230634689 -35.1999998092651 -274.792850017548 32.3987789452076 -35.1999998092651 -274.792850017548 32.3632843792439 -35.1999998092651 -274.981796741486 31.2626957893372 -35.1999998092651 -275.392264127731 30.9000033885241 -35.1999998092651 -261.249989271164 30.9246424585581 -35.1999998092651 -261.05934381485 31.8198539316654 -35.1999998092651 -260.519474744797 32.3987789452076 -35.1999998092651 -361.207127571106 34.4012230634689 -35.1999998092651 -361.207127571106 32.3632843792439 -35.1999998092651 -361.01821064949 33.7867252528667 -35.1999998092651 -370.599687099457 32.7229239046574 -35.1999998092651 -370.873898267746 32.6379984617233 -35.1999998092651 -371.056377887726 33.3999991416931 -35.1999998092651 -370.49999833107 33.5996821522713 -35.1999998092651 -370.525330305099 32.6013080775738 -35.1999998092651 -371.254295110703 34.0770743787289 -35.1999998092651 -370.873898267746 33.9492857456207 -35.1999998092651 -370.718389749527 32.6013080775738 -35.1999998092651 -364.745706319809 34.1620035469532 -35.1999998092651 -364.943623542786 34.1986939311028 -35.1999998092651 -364.745706319809 33.200316131115 -35.1999998092651 -370.525330305099 33.0132767558098 -35.1999998092651 -370.599687099457 34.1620035469532 -35.1999998092651 -371.056377887726 34.1986939311028 -35.1999998092651 -371.254295110703 34.4367139041424 -35.1999998092651 -361.01821064949 31.2626957893372 -35.1999998092651 -260.607749223709 35.1714342832565 -35.1999998092651 -260.500311851501 31.4386896789074 -35.1999998092651 -275.46963095665 31.62856772542 -35.1999998092651 -275.499701499939 31.8198539316654 -35.1999998092651 -275.480508804321 35.1714342832565 -35.1999998092651 -275.499701499939 34.4012230634689 -35.1999998092651 -374.792873859406 34.6428863704205 -35.1999998092651 -360.697418451309 32.2809256613255 -35.1999998092651 -360.844492912292 34.5190726220608 -35.1999998092651 -360.844492912292 35.803060978651 -35.1999998092651 -275.118798017502 35.8753576874733 -35.1999998092651 -274.940669536591 34.9801480770111 -35.1999998092651 -275.480508804321 35.6878526508808 -35.1999998092651 -275.272697210312 31.9999828934669 -35.1999998092651 -260.586649179459 35.3613123297691 -35.1999998092651 -275.46963095665 35.5373062193394 -35.1999998092651 -275.392264127731 37.4500006437302 -35.1999998092651 20.9999997168779 37.9690825939178 -35.1999998092651 4.72500175237656 37.9690825939178 -35.1999998092651 29.7749992460012 37.3460724949837 -35.1999998092651 21.7893980443478 37.0413772761822 -35.1999998092651 22.5249994546175 35.9250009059906 -35.1999998092651 23.6413776874542 36.1499972641468 -35.1999998092651 29.7749992460012 36.556676030159 -35.1999998092651 23.156676441431 32.1571119129658 -35.1999998092651 -360.697418451309 31.9999828934669 -35.1999998092651 -360.586673021317 30.9000033885241 -35.1999998092651 -374.750018119812 26.6746785491705 -35.1999998092651 -432.500004768372 30.9246424585581 -35.1999998092651 -374.940663576126 32.3987789452076 -35.1999998092651 -374.792873859406 34.9801480770111 -35.1999998092651 -360.519468784332 34.8000191152096 -35.1999998092651 -360.586673021317 31.62856772542 -35.1999998092651 -360.500305891037 30.9969410300255 -35.1999998092651 -375.118792057037 34.4367139041424 -35.1999998092651 -374.981790781021 35.803060978651 -35.1999998092651 -360.881209373474 35.6878526508808 -35.1999998092651 -360.727310180664 35.5373062193394 -35.1999998092651 -360.607743263245 35.3613123297691 -35.1999998092651 -360.530376434326 35.1714342832565 -35.1999998092651 -360.500305891037 31.8198539316654 -35.1999998092651 -360.519468784332 31.4386896789074 -35.1999998092651 -360.530376434326 31.2626957893372 -35.1999998092651 -360.607743263245 30.9969410300255 -35.1999998092651 -360.881209373474 30.9246424585581 -35.1999998092651 -361.059337854385 30.9000033885241 -35.1999998092651 -361.249983310699 31.1121474951506 -35.1999998092651 -375.272691249847 32.2809256613255 -35.1999998092651 -375.155508518219 32.3632843792439 -35.1999998092651 -374.981790781021 36.1499972641468 -35.1999998092651 -430.937469005585 34.9801480770111 -35.1999998092651 -375.480502843857 33.4435924887657 -35.1999998092651 -432.500004768372 35.8999967575073 -35.1999998092651 -361.249983310699 35.8753576874733 -35.1999998092651 -361.059337854385 31.1121474951506 -35.1999998092651 -360.727310180664 31.4386896789074 -35.1999998092651 -375.469624996185 31.62856772542 -35.1999998092651 -375.499695539474 31.8198539316654 -35.1999998092651 -375.480502843857 31.9999828934669 -35.1999998092651 -375.413328409195 32.1571119129658 -35.1999998092651 -375.302582979202 34.6428863704205 -35.1999998092651 -375.302582979202 34.5190726220608 -35.1999998092651 -375.155508518219 31.2626957893372 -35.1999998092651 -375.392258167267 35.1714342832565 -35.1999998092651 -375.499695539474 35.8999967575073 -35.1999998092651 -374.750018119812 34.8000191152096 -35.1999998092651 -375.413328409195 35.5373062193394 -35.1999998092651 -375.392258167267 35.6878526508808 -35.1999998092651 -375.272691249847 37.0413772761822 -35.1999998092651 19.4749999791384 37.3460724949837 -35.1999998092651 20.2106013894081 35.8753576874733 -35.1999998092651 -374.940663576126 35.803060978651 -35.1999998092651 -375.118792057037 32.7229239046574 -35.1999998092651 -365.126103162766 32.8507162630558 -35.1999998092651 -365.281611680984 35.3613123297691 -35.1999998092651 -375.469624996185 37.9690825939178 -35.1999998092651 -429.88720536232 38.4881645441055 -35.1999998092651 -355.014026165009 38.4881645441055 -35.1999998092651 -392.975986003876 37.9690825939178 -35.1999998092651 -317.999988794327 38.4881645441055 -35.1999998092651 -429.587513208389 38.4000018239021 -35.1999998092651 -204.428434371948 37.9690825939178 -35.1999998092651 -199.266850948334 37.9690825939178 -35.1999998092651 -249.274998903275 38.4881645441055 -35.1999998092651 -241.128131747246 38.4881645441055 -35.1999998092651 -204.516589641571 35.9250009059906 -35.1999998092651 -237.641379237175 36.556676030159 -35.1999998092651 -237.156674265862 37.0413772761822 -35.1999998092651 -236.524999141693 37.3460724949837 -35.1999998092651 -235.789403319359 37.4500006437302 -35.1999998092651 -234.999999403954 37.3460724949837 -35.1999998092651 -234.210595488548 35.9250009059906 -35.1999998092651 -232.358619570732 36.1499972641468 -35.1999998092651 -199.266850948334 36.556676030159 -35.1999998092651 -232.843324542046 35.9250009059906 -35.1999998092651 18.3586217463017 36.556676030159 -35.1999998092651 18.84332485497 37.0413772761822 -35.1999998092651 -233.474999666214 31.4539261162281 -35.1999998092651 -234.210595488548 31.3500016927719 -35.1999998092651 -234.999999403954 31.4539261162281 -35.1999998092651 21.7893980443478 26.6746785491705 -35.1999998092651 29.7749992460012 31.3500016927719 -35.1999998092651 20.9999997168779 26.6746785491705 -35.1999998092651 4.72500175237656 31.4539261162281 -35.1999998092651 20.2106013894081 33.6106009781361 -35.1999998092651 23.9460729062557 32.8750014305115 -35.1999998092651 -232.358619570732 29.899999499321 -35.1999998092651 -204.500004649162 32.2433225810528 -35.1999998092651 -232.843324542046 31.4539261162281 -35.1999998092651 -235.789403319359 31.7586213350296 -35.1999998092651 -233.474999666214 31.7586213350296 -35.1999998092651 -236.524999141693 32.2433225810528 -35.1999998092651 -237.156674265862 32.8750014305115 -35.1999998092651 -237.641379237175 33.6106009781361 -35.1999998092651 -237.946078181267 34.400001168251 -35.1999998092651 -238.049998879433 34.400001168251 -35.1999998092651 -231.949999928474 33.6106009781361 -35.1999998092651 -232.05392062664 35.1893976330757 -35.1999998092651 -237.946078181267 34.400001168251 -35.1999998092651 -204.500004649162 26.6746785491705 -35.1999998092651 -189.724996685982 35.1893976330757 -35.1999998092651 -232.05392062664 34.400001168251 -35.1999998092651 -199.266850948334 33.9492857456207 -35.1999998092651 -137.281626462936 33.5996821522713 -35.1999998092651 -137.474671006203 33.7867252528667 -35.1999998092651 -137.400314211845 34.0770743787289 -35.1999998092651 -137.126103043556 33.0132767558098 -35.1999998092651 -137.400314211845 34.1986939311028 -35.1999998092651 -136.7457062006 32.8507162630558 -35.1999998092651 -137.281626462936 34.1620035469532 -35.1999998092651 -136.943623423576 33.3999991416931 -35.1999998092651 -137.500002980232 33.200316131115 -35.1999998092651 -137.474671006203 32.7229239046574 -35.1999998092651 -137.126103043556 32.6379984617233 -35.1999998092651 -136.943623423576 32.6013080775738 -35.1999998092651 -136.7457062006 32.7229239046574 -35.1999998092651 -142.873898148537 33.7867252528667 -35.1999998092651 -142.599686980247 32.8507162630558 -35.1999998092651 -142.718374729156 33.200316131115 -35.1999998092651 -142.52533018589 33.3999991416931 -35.1999998092651 -142.499998211861 33.0132767558098 -35.1999998092651 -142.599686980247 33.5996821522713 -35.1999998092651 -142.52533018589 34.0770743787289 -35.1999998092651 -142.873898148537 32.6379984617233 -35.1999998092651 -143.056377768517 34.1620035469532 -35.1999998092651 -143.056377768517 32.3987789452076 -35.1999998092651 -133.207142353058 33.9492857456207 -35.1999998092651 -142.718374729156 34.4012230634689 -35.1999998092651 -133.207142353058 30.9000033885241 -35.1999998092651 -146.750003099442 29.899999499321 -35.1999998092651 -181.500002741814 30.9246424585581 -35.1999998092651 -146.940663456917 26.6746785491705 -35.1999998092651 -97.4999964237213 30.9000033885241 -35.1999998092651 -133.249998092651 34.4367139041424 -35.1999998092651 -133.01819562912 32.3632843792439 -35.1999998092651 -133.01819562912 32.2433225810528 -35.1999998092651 23.156676441431 31.7586213350296 -35.1999998092651 22.5249994546175 31.7586213350296 -35.1999998092651 19.4749999791384 32.2433225810528 -35.1999998092651 18.84332485497 32.8750014305115 -35.1999998092651 18.3586217463017 33.6106009781361 -35.1999998092651 18.0539265275002 36.1499972641468 -35.1999998092651 4.72500175237656 34.400001168251 -35.1999998092651 17.9500002413988 32.8750014305115 -35.1999998092651 23.6413776874542 35.1893976330757 -35.1999998092651 18.0539265275002 35.1893976330757 -35.1999998092651 23.9460729062557 34.400001168251 -35.1999998092651 24.0499991923571 33.7867252528667 -35.1999998092651 -13.4003153070807 32.6013080775738 -35.1999998092651 -12.7457110211253 33.5996821522713 -35.1999998092651 -13.4746767580509 32.8507162630558 -35.1999998092651 -13.2816210389137 33.200316131115 -35.1999998092651 -13.4746767580509 32.7229239046574 -35.1999998092651 -13.1261078640819 33.9492857456207 -35.1999998092651 -13.2816210389137 33.0132767558098 -35.1999998092651 -13.4003153070807 32.6379984617233 -35.1999998092651 -12.9436207935214 33.3999991416931 -35.1999998092651 -13.4999984875321 34.0770743787289 -35.1999998092651 -13.1261078640819 34.1620035469532 -35.1999998092651 -12.9436207935214 34.1986939311028 -35.1999998092651 -12.7457110211253 32.3987789452076 -35.1999998092651 -9.20714065432549 30.9000033885241 -35.1999998092651 -22.7500032633543 29.899999499321 -35.1999998092651 -31.7331552505493 34.4012230634689 -35.1999998092651 -9.20714065432549 30.9246424585581 -35.1999998092651 -22.9406636208296 32.6379984617233 -35.1999998092651 -19.0563797950745 33.200316131115 -35.1999998092651 -18.5253228992224 32.7229239046574 -35.1999998092651 -18.873892724514 32.8507162630558 -35.1999998092651 -18.7183786183596 33.0132767558098 -35.1999998092651 -18.5996852815151 33.7867252528667 -35.1999998092651 -18.5996852815151 32.6013080775738 -35.1999998092651 -19.2542895674706 33.9492857456207 -35.1999998092651 -18.7183786183596 30.9969410300255 -35.1999998092651 -8.88120289891958 30.9246424585581 -35.1999998092651 -9.05933603644371 30.9000033885241 -35.1999998092651 -9.24999639391899 34.5190726220608 -35.1999998092651 -23.1555122882128 34.6428863704205 -35.1999998092651 -23.3025792986155 34.4367139041424 -35.1999998092651 -9.01819951832294 32.3632843792439 -35.1999998092651 -9.01819951832294 32.6013080775738 -35.1999998092651 -143.254294991493 34.1986939311028 -35.1999998092651 -143.254294991493 34.4012230634689 -35.1999998092651 -146.792858839035 34.8000191152096 -35.1999998092651 -132.586658000946 32.2809256613255 -35.1999998092651 -132.844492793083 34.6428863704205 -35.1999998092651 -132.6974183321 32.1571119129658 -35.1999998092651 -260.697424411774 32.3987789452076 -35.1999998092651 -261.20713353157 34.4012230634689 -35.1999998092651 -261.20713353157 34.1986939311028 -35.1999998092651 -271.254301071167 33.7867252528667 -35.1999998092651 -270.599693059921 33.5996821522713 -35.1999998092651 -270.525336265564 30.9000033885241 -35.1999998092651 -274.749994277954 32.3632843792439 -35.1999998092651 -261.018186807632 34.1620035469532 -35.1999998092651 -271.05638384819 33.3999991416931 -35.1999998092651 -270.500004291534 34.0770743787289 -35.1999998092651 -270.87390422821 33.9492857456207 -35.1999998092651 -270.718365907669 32.8507162630558 -35.1999998092651 -270.718365907669 32.7229239046574 -35.1999998092651 -270.87390422821 32.6013080775738 -35.1999998092651 -264.745712280273 34.1620035469532 -35.1999998092651 -264.94362950325 34.1986939311028 -35.1999998092651 -264.745712280273 33.0132767558098 -35.1999998092651 -270.599693059921 32.6379984617233 -35.1999998092651 -264.94362950325 33.200316131115 -35.1999998092651 -265.474677085876 33.3999991416931 -35.1999998092651 -265.500009059906 32.7229239046574 -35.1999998092651 -265.12610912323 33.0132767558098 -35.1999998092651 -265.400320291519 32.8507162630558 -35.1999998092651 -265.281617641449 33.5996821522713 -35.1999998092651 -265.474677085876 33.7867252528667 -35.1999998092651 -265.400320291519 33.9492857456207 -35.1999998092651 -265.281617641449 38.4881645441055 -35.1999998092651 -279.090076684952 38.4881645441055 -35.1999998092651 -317.052066326141 34.0770743787289 -35.1999998092651 -265.12610912323 38.4881645441055 -35.1999998092651 4.72500175237656 38.4881645441055 -35.1999998092651 29.7749992460012 33.3999991416931 -35.1999998092651 -18.5000021010637 33.5996821522713 -35.1999998092651 -18.5253228992224 34.0770743787289 -35.1999998092651 -18.873892724514 34.1620035469532 -35.1999998092651 -19.0563797950745 34.1986939311028 -35.1999998092651 -19.2542895674706 31.1121474951506 -35.1999998092651 -8.72729998081923 30.9969410300255 -35.1999998092651 -23.1187976896763 31.8198539316654 -35.1999998092651 -23.4805177897215 35.8999967575073 -35.1999998092651 -9.24999639391899 35.8753576874733 -35.1999998092651 -9.05933603644371 32.2809256613255 -35.1999998092651 -8.84448830038309 31.1121474951506 -35.1999998092651 -23.2726987451315 31.2626957893372 -35.1999998092651 -23.3922582119703 31.62856772542 -35.1999998092651 -23.4996974468231 36.1499972641468 -35.1999998092651 -31.7331552505493 35.8999967575073 -35.1999998092651 -22.7500032633543 34.5190726220608 -35.1999998092651 -8.84448830038309 31.9999828934669 -35.1999998092651 -8.58665909618139 32.1571119129658 -35.1999998092651 -8.69742035865784 31.1121474951506 -35.1999998092651 -132.727295160294 30.9969410300255 -35.1999998092651 -132.881209254265 30.9246424585581 -35.1999998092651 -133.059337735176 32.3987789452076 -35.1999998092651 -146.792858839035 34.6428863704205 -35.1999998092651 -147.302582859993 31.8198539316654 -35.1999998092651 -147.480517625809 35.8999967575073 -35.1999998092651 -133.249998092651 36.1499972641468 -35.1999998092651 -97.4999964237213 35.8753576874733 -35.1999998092651 -133.059337735176 34.5190726220608 -35.1999998092651 -132.844492793083 30.9969410300255 -35.1999998092651 -147.118791937828 31.1121474951506 -35.1999998092651 -147.272706031799 34.4367139041424 -35.1999998092651 -146.981805562973 34.5190726220608 -35.1999998092651 -147.15550839901 35.803060978651 -35.1999998092651 -132.881209254265 36.1499972641468 -35.1999998092651 -181.733161211014 32.1571119129658 -35.1999998092651 -132.6974183321 34.9801480770111 -35.1999998092651 -132.519483566284 31.4386896789074 -35.1999998092651 -132.530376315117 31.2626957893372 -35.1999998092651 -132.607743144035 32.3987789452076 -35.1999998092651 -22.7928590029478 34.4012230634689 -35.1999998092651 -22.7928590029478 31.4386896789074 -35.1999998092651 -8.53038113564253 31.2626957893372 -35.1999998092651 -8.60774144530296 31.4386896789074 -35.1999998092651 -23.4696194529533 34.9801480770111 -35.1999998092651 -23.4805177897215 35.1714342832565 -35.1999998092651 -23.4996974468231 35.803060978651 -35.1999998092651 -8.88120289891958 34.6428863704205 -35.1999998092651 -8.69742035865784 35.3613123297691 -35.1999998092651 -23.4696194529533 35.6878526508808 -35.1999998092651 -23.2726987451315 35.803060978651 -35.1999998092651 -23.1187976896763 35.8753576874733 -35.1999998092651 -22.9406636208296 35.6878526508808 -35.1999998092651 -8.72729998081923 34.9801480770111 -35.1999998092651 -8.51948279887438 34.8000191152096 -35.1999998092651 -8.58665909618139 31.8198539316654 -35.1999998092651 -8.51948279887438 31.62856772542 -35.1999998092651 -8.50030314177275 31.9999828934669 -35.1999998092651 -23.4133396297693 34.4367139041424 -35.1999998092651 -22.9818001389503 32.1571119129658 -35.1999998092651 -23.3025792986155 32.2809256613255 -35.1999998092651 -23.1555122882128 32.3632843792439 -35.1999998092651 -22.9818001389503 34.8000191152096 -35.1999998092651 -23.4133396297693 35.5373062193394 -35.1999998092651 -23.3922582119703 35.5373062193394 -35.1999998092651 -8.60774144530296 35.3613123297691 -35.1999998092651 -8.53038113564253 35.1714342832565 -35.1999998092651 -8.50030314177275 26.6746785491705 -35.1999998092651 -40.0000028312206 29.899999499321 -35.1999998092651 -32.6469391584396 29.899999499321 -35.1999998092651 -40.0000028312206 37.9690825939178 -35.1999998092651 -31.7331552505493 38.4881645441055 -35.1999998092651 -22.1584867686033 38.4000018239021 -35.1999998092651 -22.2466494888067 38.4000018239021 -35.1999998092651 -31.7331552505493 38.4881645441055 -35.1999998092651 32.5875170528889 37.9690825939178 -35.1999998092651 32.8872092068195 32.6891839504242 -35.1999998092651 35.3784635663033 34.0361595153809 -35.1999998092651 35.0175425410271 35.300001502037 -35.1999998092651 34.4282016158104 31.300000846386 -35.1999998092651 35.5000011622906 33.200316131115 -35.1999998092651 -365.474671125412 33.9492857456207 -35.1999998092651 -365.281611680984 33.0132767558098 -35.1999998092651 -365.400314331055 33.7867252528667 -35.1999998092651 -365.400314331055 33.3999991416931 -35.1999998092651 -365.500003099442 33.5996821522713 -35.1999998092651 -365.474671125412 34.0770743787289 -35.1999998092651 -365.126103162766 32.6379984617233 -35.1999998092651 -364.943623542786 32.2809256613255 -35.1999998092651 -147.15550839901 32.3632843792439 -35.1999998092651 -146.981805562973 31.62856772542 -35.1999998092651 -147.499695420265 35.8999967575073 -35.1999998092651 -146.750003099442 32.8507162630558 -35.1999998092651 -370.718389749527 35.6878526508808 -35.1999998092651 -132.727295160294 35.5373062193394 -35.1999998092651 -132.607743144035 31.9999828934669 -35.1999998092651 -132.586658000946 31.8198539316654 -35.1999998092651 -132.519483566284 31.62856772542 -35.1999998092651 -132.500305771828 31.9999828934669 -35.1999998092651 -147.413343191147 32.1571119129658 -35.1999998092651 -147.302582859993 31.4386896789074 -35.1999998092651 -147.469624876976 34.8000191152096 -35.1999998092651 -147.413343191147 34.9801480770111 -35.1999998092651 -147.480517625809 35.803060978651 -35.1999998092651 -147.118791937828 34.400001168251 -35.1999998092651 -181.500002741814 35.8753576874733 -35.1999998092651 -146.940663456917 35.3613123297691 -35.1999998092651 -132.530376315117 35.1714342832565 -35.1999998092651 -132.500305771828 31.2626957893372 -35.1999998092651 -147.392258048058 35.6878526508808 -35.1999998092651 -147.272706031799 35.3613123297691 -35.1999998092651 -147.469624876976 35.5373062193394 -35.1999998092651 -147.392258048058 35.1714342832565 -35.1999998092651 -147.499695420265 29.899999499321 -35.1999998092651 -189.724996685982 37.9690825939178 -35.1999998092651 -181.733161211014 37.9690825939178 -35.1999998092651 -97.4999964237213 38.4881645441055 -35.1999998092651 -147.283181548119 38.4000018239021 -35.1999998092651 -147.371351718903 38.4000018239021 -35.1999998092651 -181.733161211014 38.4000018239021 -35.1999998092651 -79.2466476559639 37.9690825939178 -35.1999998092651 -47.7668456733227 38.4881645441055 -35.1999998092651 -79.3348103761673 38.4881645441055 -35.1999998092651 -97.4999964237213 36.4000014960766 -35.1999998092651 -62.5 36.4000014960766 -35.1999998092651 -56.4999990165234 36.1499972641468 -35.1999998092651 -47.7668456733227 29.899999499321 -35.1999998092651 -46.8530617654324 29.899999499321 -35.1999998092651 -47.7668456733227 33.3999991416931 -35.1999998092651 -56.4999990165234 33.3999991416931 -35.1999998092651 -62.5 38.4000018239021 -35.1999998092651 -47.7668456733227 34.400001168251 -35.1999998092651 -181.733161211014 38.4000018239021 -35.1999998092651 -199.266850948334 26.6746785491705 -35.1999998092651 35.5000011622906 38.4881645441055 -35.1999998092651 -279.090076684952 39.9605855345726 -35.7359163463116 -317.052066326141 39.9605855345726 -35.7359163463116 -279.090076684952 38.4881645441055 -35.1999998092651 -317.052066326141 39.9605855345726 -35.7359163463116 -355.014026165009 38.4881645441055 -35.1999998092651 -355.014026165009 39.9605855345726 -35.7359163463116 -392.975986003876 39.9605855345726 -35.7359163463116 -205.989018082619 38.4881645441055 -35.1999998092651 -241.128131747246 39.9605855345726 -35.7359163463116 -241.128131747246 39.4320525228977 -35.5435460805893 -428.733170032501 39.6318510174751 -35.6162674725056 -428.250789642334 39.2867065966129 -35.4906469583511 -428.950697183609 39.9605855345726 -35.7359163463116 -427.023947238922 38.4881645441055 -35.1999998092651 -392.975986003876 38.4881645441055 -35.1999998092651 -429.587513208389 39.1142144799232 -35.4278646409512 -429.147362709045 38.6999994516373 -35.2771021425724 -429.46520447731 39.5477600395679 -35.5856604874134 -428.498536348343 38.4881645441055 -35.1999998092651 -204.516589641571 39.9605855345726 -35.7359163463116 -392.975986003876 40.1999987661839 -35.0781343877316 -426.130443811417 40.1999987661839 -35.0781343877316 -392.936378717422 39.9605855345726 -35.7359163463116 -279.090076684952 40.1999987661839 -35.0781343877316 -241.219893097878 39.9605855345726 -35.7359163463116 -241.128131747246 40.1999987661839 -35.0781343877316 -206.228420138359 40.1999987661839 -35.0781343877316 -279.149025678635 39.9605855345726 -35.7359163463116 -317.052066326141 40.1999987661839 -35.0781343877316 -317.078143358231 39.9605855345726 -35.7359163463116 -355.014026165009 40.1999987661839 -35.0781343877316 -355.007261037827 39.9605855345726 -35.7359163463116 -427.023947238922 39.9605855345726 -35.7359163463116 -205.989018082619 38.6115908622742 -34.4999991357327 -404.000014066696 40.1999987661839 -35.0781343877316 -355.007261037827 40.1999987661839 -35.0781343877316 -392.936378717422 38.6115908622742 -34.4999991357327 -204.64001595974 40.1999987661839 -35.0781343877316 -241.219893097878 38.6115908622742 -34.4999991357327 -249.274998903275 38.6115908622742 -34.4999991357327 -317.999988794327 40.1999987661839 -35.0781343877316 -279.149025678635 40.1999987661839 -35.0781343877316 -317.078143358231 39.6318510174751 -34.8713435232639 -428.250789642334 38.6999994516373 -34.5321781933308 -429.46520447731 38.6115908622742 -34.4999991357327 -429.51625585556 40.1999987661839 -35.0781343877316 -426.130443811417 39.1142144799232 -34.6829406917095 -429.147362709045 39.4320525228977 -34.7986221313477 -428.733170032501 39.2867065966129 -34.7457230091095 -428.950697183609 39.5477600395679 -34.8407365381718 -428.498536348343 40.1999987661839 -35.0781343877316 -206.228420138359 25.2000000327826 -34.4999991357327 -404.000014066696 31.1250016093254 -34.4999991357327 -432.500004768372 25.2000000327826 -34.4999991357327 -432.500004768372 25.2000000327826 -34.4999991357327 35.5000011622906 31.1250016093254 -34.4999991357327 4.72500175237656 25.2000000327826 -34.4999991357327 4.72500175237656 36.6749987006187 -34.4999991357327 -317.999988794327 38.6115908622742 -34.4999991357327 -404.000014066696 36.6749987006187 -34.4999991357327 -404.000014066696 36.6749987006187 -34.4999991357327 -249.274998903275 38.6115908622742 -34.4999991357327 -317.999988794327 30.9000033885241 -34.4999991357327 -361.249983310699 25.2000000327826 -34.4999991357327 -317.999988794327 30.9246424585581 -34.4999991357327 -361.059337854385 30.9000033885241 -34.4999991357327 -374.750018119812 31.1121474951506 -34.4999991357327 -375.272691249847 30.9969410300255 -34.4999991357327 -375.118792057037 30.9246424585581 -34.4999991357327 -374.940663576126 31.1121474951506 -34.4999991357327 -360.727310180664 31.1250016093254 -34.4999991357327 -317.999988794327 30.9969410300255 -34.4999991357327 -360.881209373474 33.0132767558098 -34.4999991357327 -365.400314331055 33.3999991416931 -34.4999991357327 -365.500003099442 33.200316131115 -34.4999991357327 -365.474671125412 33.5996821522713 -34.4999991357327 -365.474671125412 32.8507162630558 -34.4999991357327 -365.281611680984 33.7867252528667 -34.4999991357327 -365.400314331055 34.0770743787289 -34.4999991357327 -365.126103162766 34.1620035469532 -34.4999991357327 -364.943623542786 32.7229239046574 -34.4999991357327 -365.126103162766 33.9492857456207 -34.4999991357327 -365.281611680984 32.6379984617233 -34.4999991357327 -364.943623542786 34.0770743787289 -34.4999991357327 -370.873898267746 34.1986939311028 -34.4999991357327 -371.254295110703 33.9492857456207 -34.4999991357327 -370.718389749527 33.7867252528667 -34.4999991357327 -370.599687099457 33.5996821522713 -34.4999991357327 -370.525330305099 32.7229239046574 -34.4999991357327 -370.873898267746 32.6379984617233 -34.4999991357327 -371.056377887726 34.1986939311028 -34.4999991357327 -364.745706319809 32.3987789452076 -34.4999991357327 -361.207127571106 34.4012230634689 -34.4999991357327 -361.207127571106 32.6013080775738 -34.4999991357327 -364.745706319809 35.8999967575073 -34.4999991357327 -374.750018119812 35.8753576874733 -34.4999991357327 -374.940663576126 33.3999991416931 -34.4999991357327 -370.49999833107 33.200316131115 -34.4999991357327 -370.525330305099 33.0132767558098 -34.4999991357327 -370.599687099457 32.8507162630558 -34.4999991357327 -370.718389749527 32.6013080775738 -34.4999991357327 -371.254295110703 35.8999967575073 -34.4999991357327 -361.249983310699 34.4367139041424 -34.4999991357327 -361.01821064949 32.3987789452076 -34.4999991357327 -374.792873859406 35.8753576874733 -34.4999991357327 -361.059337854385 35.803060978651 -34.4999991357327 -375.118792057037 35.6878526508808 -34.4999991357327 -375.272691249847 34.4012230634689 -34.4999991357327 -374.792873859406 32.3632843792439 -34.4999991357327 -361.01821064949 34.1620035469532 -34.4999991357327 -371.056377887726 31.8198539316654 -34.4999991357327 -360.519468784332 31.9999828934669 -34.4999991357327 -360.586673021317 32.1571119129658 -34.4999991357327 -360.697418451309 34.5190726220608 -34.4999991357327 -360.844492912292 32.2809256613255 -34.4999991357327 -360.844492912292 34.6428863704205 -34.4999991357327 -360.697418451309 34.8000191152096 -34.4999991357327 -360.586673021317 35.6878526508808 -34.4999991357327 -360.727310180664 35.803060978651 -34.4999991357327 -360.881209373474 35.5373062193394 -34.4999991357327 -375.392258167267 35.3613123297691 -34.4999991357327 -375.469624996185 35.1714342832565 -34.4999991357327 -375.499695539474 34.6428863704205 -34.4999991357327 -375.302582979202 31.9999828934669 -34.4999991357327 -375.413328409195 34.5190726220608 -34.4999991357327 -375.155508518219 34.4367139041424 -34.4999991357327 -374.981790781021 32.3632843792439 -34.4999991357327 -374.981790781021 32.2809256613255 -34.4999991357327 -375.155508518219 32.1571119129658 -34.4999991357327 -375.302582979202 31.62856772542 -34.4999991357327 -360.500305891037 35.5373062193394 -34.4999991357327 -360.607743263245 35.3613123297691 -34.4999991357327 -360.530376434326 34.9801480770111 -34.4999991357327 -360.519468784332 35.1714342832565 -34.4999991357327 -360.500305891037 31.1250016093254 -34.4999991357327 -404.000014066696 31.4386896789074 -34.4999991357327 -360.530376434326 34.9801480770111 -34.4999991357327 -375.480502843857 31.8198539316654 -34.4999991357327 -375.480502843857 31.62856772542 -34.4999991357327 -375.499695539474 31.2626957893372 -34.4999991357327 -360.607743263245 34.8000191152096 -34.4999991357327 -375.413328409195 31.4386896789074 -34.4999991357327 -375.469624996185 31.2626957893372 -34.4999991357327 -375.392258167267 30.9000033885241 -34.4999991357327 -274.749994277954 25.2000000327826 -34.4999991357327 -249.274998903275 30.9000033885241 -34.4999991357327 -261.249989271164 30.9246424585581 -34.4999991357327 -261.05934381485 31.1121474951506 -34.4999991357327 -275.272697210312 30.9969410300255 -34.4999991357327 -275.118798017502 30.9246424585581 -34.4999991357327 -274.940669536591 31.1121474951506 -34.4999991357327 -260.727286338806 31.1250016093254 -34.4999991357327 -249.274998903275 30.9969410300255 -34.4999991357327 -260.881215333939 33.200316131115 -34.4999991357327 -265.474677085876 34.1620035469532 -34.4999991357327 -264.94362950325 33.3999991416931 -34.4999991357327 -265.500009059906 33.5996821522713 -34.4999991357327 -265.474677085876 33.7867252528667 -34.4999991357327 -265.400320291519 33.9492857456207 -34.4999991357327 -265.281617641449 34.0770743787289 -34.4999991357327 -265.12610912323 32.7229239046574 -34.4999991357327 -265.12610912323 32.8507162630558 -34.4999991357327 -265.281617641449 33.0132767558098 -34.4999991357327 -265.400320291519 34.0770743787289 -34.4999991357327 -270.87390422821 32.6013080775738 -34.4999991357327 -271.254301071167 33.9492857456207 -34.4999991357327 -270.718365907669 33.7867252528667 -34.4999991357327 -270.599693059921 33.5996821522713 -34.4999991357327 -270.525336265564 33.0132767558098 -34.4999991357327 -270.599693059921 32.8507162630558 -34.4999991357327 -270.718365907669 32.6379984617233 -34.4999991357327 -271.05638384819 32.6379984617233 -34.4999991357327 -264.94362950325 33.3999991416931 -34.4999991357327 -270.500004291534 33.200316131115 -34.4999991357327 -270.525336265564 32.7229239046574 -34.4999991357327 -270.87390422821 34.1620035469532 -34.4999991357327 -271.05638384819 34.1986939311028 -34.4999991357327 -264.745712280273 32.3987789452076 -34.4999991357327 -261.20713353157 34.4012230634689 -34.4999991357327 -261.20713353157 32.6013080775738 -34.4999991357327 -264.745712280273 34.1986939311028 -34.4999991357327 -271.254301071167 32.3987789452076 -34.4999991357327 -274.792850017548 34.4012230634689 -34.4999991357327 -274.792850017548 34.4367139041424 -34.4999991357327 -261.018186807632 35.8999967575073 -34.4999991357327 -274.749994277954 35.8753576874733 -34.4999991357327 -274.940669536591 31.8198539316654 -34.4999991357327 -260.519474744797 31.9999828934669 -34.4999991357327 -260.586649179459 34.5190726220608 -34.4999991357327 -260.844498872757 34.6428863704205 -34.4999991357327 -260.697424411774 35.8999967575073 -34.4999991357327 -261.249989271164 34.4367139041424 -34.4999991357327 -274.981796741486 32.3632843792439 -34.4999991357327 -274.981796741486 32.2809256613255 -34.4999991357327 -275.155514478683 32.1571119129658 -34.4999991357327 -275.302588939667 31.62856772542 -34.4999991357327 -260.500311851501 32.1571119129658 -34.4999991357327 -260.697424411774 32.2809256613255 -34.4999991357327 -260.844498872757 32.3632843792439 -34.4999991357327 -261.018186807632 34.8000191152096 -34.4999991357327 -260.586649179459 35.803060978651 -34.4999991357327 -260.881215333939 35.8753576874733 -34.4999991357327 -261.05934381485 35.6878526508808 -34.4999991357327 -275.272697210312 35.5373062193394 -34.4999991357327 -275.392264127731 34.6428863704205 -34.4999991357327 -275.302588939667 31.9999828934669 -34.4999991357327 -275.413334369659 34.5190726220608 -34.4999991357327 -275.155514478683 31.4386896789074 -34.4999991357327 -260.530382394791 35.1714342832565 -34.4999991357327 -260.500311851501 35.803060978651 -34.4999991357327 -275.118798017502 31.2626957893372 -34.4999991357327 -260.607749223709 34.9801480770111 -34.4999991357327 -260.519474744797 35.5373062193394 -34.4999991357327 -260.607749223709 35.6878526508808 -34.4999991357327 -260.727286338806 34.9801480770111 -34.4999991357327 -275.480508804321 34.8000191152096 -34.4999991357327 -275.413334369659 31.62856772542 -34.4999991357327 -275.499701499939 35.3613123297691 -34.4999991357327 -260.530382394791 35.3613123297691 -34.4999991357327 -275.46963095665 35.1714342832565 -34.4999991357327 -275.499701499939 31.8198539316654 -34.4999991357327 -275.480508804321 31.2626957893372 -34.4999991357327 -275.392264127731 31.4386896789074 -34.4999991357327 -275.46963095665 31.1250016093254 -34.4999991357327 -47.4404320120811 36.6749987006187 -34.4999991357327 -78.0000016093254 31.1250016093254 -34.4999991357327 -78.0000016093254 36.6749987006187 -34.4999991357327 -47.4404320120811 38.4000018239021 -34.4999991357327 -78.0000016093254 38.6115908622742 -34.4999991357327 -79.4582441449165 38.4000018239021 -34.4999991357327 -147.371351718903 38.4000018239021 -34.4999991357327 -79.2466476559639 36.6749987006187 -34.4999991357327 -182.059571146965 38.6115908622742 -34.4999991357327 -147.15975522995 34.0770743787289 -34.4999991357327 -142.873898148537 33.0132767558098 -34.4999991357327 -142.599686980247 33.9492857456207 -34.4999991357327 -142.718374729156 33.5996821522713 -34.4999991357327 -142.52533018589 33.3999991416931 -34.4999991357327 -142.499998211861 33.7867252528667 -34.4999991357327 -142.599686980247 33.200316131115 -34.4999991357327 -142.52533018589 32.7229239046574 -34.4999991357327 -142.873898148537 34.1620035469532 -34.4999991357327 -143.056377768517 32.6379984617233 -34.4999991357327 -143.056377768517 32.8507162630558 -34.4999991357327 -142.718374729156 34.1986939311028 -34.4999991357327 -143.254294991493 32.6013080775738 -34.4999991357327 -143.254294991493 32.3987789452076 -34.4999991357327 -146.792858839035 33.7867252528667 -34.4999991357327 -137.400314211845 32.6013080775738 -34.4999991357327 -136.7457062006 33.9492857456207 -34.4999991357327 -137.281626462936 34.4012230634689 -34.4999991357327 -146.792858839035 32.6379984617233 -34.4999991357327 -136.943623423576 33.200316131115 -34.4999991357327 -137.474671006203 32.7229239046574 -34.4999991357327 -137.126103043556 32.8507162630558 -34.4999991357327 -137.281626462936 33.0132767558098 -34.4999991357327 -137.400314211845 34.0770743787289 -34.4999991357327 -137.126103043556 33.3999991416931 -34.4999991357327 -137.500002980232 33.5996821522713 -34.4999991357327 -137.474671006203 34.1620035469532 -34.4999991357327 -136.943623423576 34.4367139041424 -34.4999991357327 -146.981805562973 32.3632843792439 -34.4999991357327 -146.981805562973 34.1986939311028 -34.4999991357327 -136.7457062006 34.9801480770111 -34.4999991357327 -132.519483566284 35.1714342832565 -34.4999991357327 -132.500305771828 32.2809256613255 -34.4999991357327 -147.15550839901 32.3987789452076 -34.4999991357327 -133.207142353058 34.4012230634689 -34.4999991357327 -133.207142353058 34.8000191152096 -34.4999991357327 -132.586658000946 32.1571119129658 -34.4999991357327 -132.6974183321 32.2809256613255 -34.4999991357327 -132.844492793083 35.8999967575073 -34.4999991357327 -133.249998092651 35.8999967575073 -34.4999991357327 -146.750003099442 34.400001168251 -34.4999991357327 -181.500002741814 34.400001168251 -34.4999991357327 -182.059571146965 35.6878526508808 -34.4999991357327 -147.272706031799 35.5373062193394 -34.4999991357327 -147.392258048058 34.8000191152096 -34.4999991357327 -147.413343191147 32.1571119129658 -34.4999991357327 -147.302582859993 34.6428863704205 -34.4999991357327 -147.302582859993 31.1250016093254 -34.4999991357327 -181.500002741814 31.9999828934669 -34.4999991357327 -147.413343191147 34.6428863704205 -34.4999991357327 -132.6974183321 32.3632843792439 -34.4999991357327 -133.01819562912 35.803060978651 -34.4999991357327 -132.881209254265 35.8753576874733 -34.4999991357327 -133.059337735176 35.803060978651 -34.4999991357327 -147.118791937828 35.8753576874733 -34.4999991357327 -146.940663456917 34.5190726220608 -34.4999991357327 -147.15550839901 31.8198539316654 -34.4999991357327 -147.480517625809 31.62856772542 -34.4999991357327 -147.499695420265 31.4386896789074 -34.4999991357327 -147.469624876976 34.4367139041424 -34.4999991357327 -133.01819562912 34.5190726220608 -34.4999991357327 -132.844492793083 31.9999828934669 -34.4999991357327 -132.586658000946 35.6878526508808 -34.4999991357327 -132.727295160294 35.5373062193394 -34.4999991357327 -132.607743144035 35.3613123297691 -34.4999991357327 -147.469624876976 35.1714342832565 -34.4999991357327 -147.499695420265 31.4386896789074 -34.4999991357327 -132.530376315117 31.62856772542 -34.4999991357327 -132.500305771828 35.3613123297691 -34.4999991357327 -132.530376315117 34.9801480770111 -34.4999991357327 -147.480517625809 31.2626957893372 -34.4999991357327 -147.392258048058 31.1121474951506 -34.4999991357327 -147.272706031799 31.2626957893372 -34.4999991357327 -132.607743144035 31.8198539316654 -34.4999991357327 -132.519483566284 31.1121474951506 -34.4999991357327 -132.727295160294 30.9000033885241 -34.4999991357327 -146.750003099442 29.899999499321 -34.4999991357327 -181.500002741814 30.9000033885241 -34.4999991357327 -133.249998092651 25.2000000327826 -34.4999991357327 -78.0000016093254 30.9246424585581 -34.4999991357327 -133.059337735176 30.9246424585581 -34.4999991357327 -146.940663456917 30.9969410300255 -34.4999991357327 -132.881209254265 30.9969410300255 -34.4999991357327 -147.118791937828 25.2000000327826 -34.4999991357327 -189.724996685982 29.899999499321 -34.4999991357327 -204.500004649162 29.899999499321 -34.4999991357327 -189.724996685982 32.8750014305115 -34.4999991357327 -232.358619570732 31.1250016093254 -34.4999991357327 -204.500004649162 33.6106009781361 -34.4999991357327 -232.05392062664 31.3500016927719 -34.4999991357327 -234.999999403954 31.4539261162281 -34.4999991357327 -234.210595488548 32.2433225810528 -34.4999991357327 -232.843324542046 34.400001168251 -34.4999991357327 -238.049998879433 33.6106009781361 -34.4999991357327 -237.946078181267 32.8750014305115 -34.4999991357327 -237.641379237175 32.2433225810528 -34.4999991357327 -237.156674265862 31.7586213350296 -34.4999991357327 -236.524999141693 31.4539261162281 -34.4999991357327 -235.789403319359 31.7586213350296 -34.4999991357327 -233.474999666214 35.9250009059906 -34.4999991357327 -237.641379237175 35.1893976330757 -34.4999991357327 -237.946078181267 34.400001168251 -34.4999991357327 -231.949999928474 34.400001168251 -34.4999991357327 -204.500004649162 35.1893976330757 -34.4999991357327 -232.05392062664 35.9250009059906 -34.4999991357327 -232.358619570732 36.556676030159 -34.4999991357327 -232.843324542046 31.1250016093254 -34.4999991357327 35.5000011622906 38.6115908622742 -34.4999991357327 -249.274998903275 38.4000018239021 -34.4999991357327 -47.4404320120811 38.4000018239021 -34.4999991357327 -182.059571146965 36.6749987006187 -34.4999991357327 -198.940426111221 34.400001168251 -34.4999991357327 -198.940426111221 38.6115908622742 -34.4999991357327 -204.64001595974 38.4000018239021 -34.4999991357327 -204.428434371948 38.6115908622742 -34.4999991357327 -429.51625585556 33.4435924887657 -34.4999991357327 -432.500004768372 36.6749987006187 -34.4999991357327 4.72500175237656 35.9250009059906 -34.4999991357327 18.3586217463017 36.556676030159 -34.4999991357327 18.84332485497 38.6115908622742 -34.4999991357327 32.5162559747696 37.0413772761822 -34.4999991357327 22.5249994546175 36.556676030159 -34.4999991357327 23.156676441431 36.6749987006187 -34.4999991357327 -32.0595689117908 38.4000018239021 -34.4999991357327 -22.2466494888067 38.4000018239021 -34.4999991357327 -32.0595689117908 31.2626957893372 -34.4999991357327 -8.60774144530296 31.1121474951506 -34.4999991357327 -8.72729998081923 29.899999499321 -34.4999991357327 -47.4404320120811 29.899999499321 -34.4999991357327 -32.0595689117908 31.1121474951506 -34.4999991357327 -23.2726987451315 31.1250016093254 -34.4999991357327 -32.0595689117908 30.9969410300255 -34.4999991357327 -8.88120289891958 30.9246424585581 -34.4999991357327 -9.05933603644371 30.9246424585581 -34.4999991357327 -22.9406636208296 30.9969410300255 -34.4999991357327 -23.1187976896763 30.9000033885241 -34.4999991357327 -22.7500032633543 30.9000033885241 -34.4999991357327 -9.24999639391899 35.3613123297691 -34.4999991357327 -8.53038113564253 35.1714342832565 -34.4999991357327 -8.50030314177275 34.8000191152096 -34.4999991357327 -23.4133396297693 34.9801480770111 -34.4999991357327 -23.4805177897215 31.8198539316654 -34.4999991357327 -8.51948279887438 31.62856772542 -34.4999991357327 -8.50030314177275 31.62856772542 -34.4999991357327 -23.4996974468231 31.8198539316654 -34.4999991357327 -23.4805177897215 35.6878526508808 -34.4999991357327 -8.72729998081923 35.5373062193394 -34.4999991357327 -8.60774144530296 34.9801480770111 -34.4999991357327 -8.51948279887438 34.8000191152096 -34.4999991357327 -8.58665909618139 31.4386896789074 -34.4999991357327 -8.53038113564253 31.2626957893372 -34.4999991357327 -23.3922582119703 32.2809256613255 -34.4999991357327 -23.1555122882128 34.4367139041424 -34.4999991357327 -22.9818001389503 34.5190726220608 -34.4999991357327 -23.1555122882128 35.3613123297691 -34.4999991357327 -23.4696194529533 35.5373062193394 -34.4999991357327 -23.3922582119703 34.5190726220608 -34.4999991357327 -8.84448830038309 32.1571119129658 -34.4999991357327 -8.69742035865784 31.9999828934669 -34.4999991357327 -8.58665909618139 31.4386896789074 -34.4999991357327 -23.4696194529533 31.9999828934669 -34.4999991357327 -23.4133396297693 32.1571119129658 -34.4999991357327 -23.3025792986155 34.6428863704205 -34.4999991357327 -23.3025792986155 35.1714342832565 -34.4999991357327 -23.4996974468231 35.6878526508808 -34.4999991357327 -23.2726987451315 35.803060978651 -34.4999991357327 -23.1187976896763 34.6428863704205 -34.4999991357327 -8.69742035865784 35.803060978651 -34.4999991357327 -8.88120289891958 32.3632843792439 -34.4999991357327 -9.01819951832294 32.2809256613255 -34.4999991357327 -8.84448830038309 32.3987789452076 -34.4999991357327 -22.7928590029478 34.4012230634689 -34.4999991357327 -22.7928590029478 34.4367139041424 -34.4999991357327 -9.01819951832294 32.3987789452076 -34.4999991357327 -9.20714065432549 35.8753576874733 -34.4999991357327 -22.9406636208296 35.8753576874733 -34.4999991357327 -9.05933603644371 32.3632843792439 -34.4999991357327 -22.9818001389503 35.8999967575073 -34.4999991357327 -9.24999639391899 35.8999967575073 -34.4999991357327 -22.7500032633543 34.1986939311028 -34.4999991357327 -12.7457110211253 32.6013080775738 -34.4999991357327 -12.7457110211253 34.1986939311028 -34.4999991357327 -19.2542895674706 34.4012230634689 -34.4999991357327 -9.20714065432549 33.5996821522713 -34.4999991357327 -18.5253228992224 34.1620035469532 -34.4999991357327 -19.0563797950745 33.3999991416931 -34.4999991357327 -13.4999984875321 32.6379984617233 -34.4999991357327 -12.9436207935214 33.0132767558098 -34.4999991357327 -18.5996852815151 33.200316131115 -34.4999991357327 -18.5253228992224 32.6013080775738 -34.4999991357327 -19.2542895674706 34.1620035469532 -34.4999991357327 -12.9436207935214 32.6379984617233 -34.4999991357327 -19.0563797950745 32.7229239046574 -34.4999991357327 -18.873892724514 33.3999991416931 -34.4999991357327 -18.5000021010637 33.5996821522713 -34.4999991357327 -13.4746767580509 32.8507162630558 -34.4999991357327 -18.7183786183596 33.9492857456207 -34.4999991357327 -18.7183786183596 34.0770743787289 -34.4999991357327 -18.873892724514 34.0770743787289 -34.4999991357327 -13.1261078640819 33.200316131115 -34.4999991357327 -13.4746767580509 32.8507162630558 -34.4999991357327 -13.2816210389137 32.7229239046574 -34.4999991357327 -13.1261078640819 33.7867252528667 -34.4999991357327 -18.5996852815151 33.7867252528667 -34.4999991357327 -13.4003153070807 33.9492857456207 -34.4999991357327 -13.2816210389137 33.0132767558098 -34.4999991357327 -13.4003153070807 38.6115908622742 -34.4999991357327 -22.0350567251444 38.6115908622742 -34.4999991357327 4.72500175237656 37.0413772761822 -34.4999991357327 19.4749999791384 37.3460724949837 -34.4999991357327 20.2106013894081 37.3460724949837 -34.4999991357327 21.7893980443478 37.4500006437302 -34.4999991357327 20.9999997168779 34.400001168251 -34.4999991357327 17.9500002413988 35.1893976330757 -34.4999991357327 18.0539265275002 31.3500016927719 -34.4999991357327 20.9999997168779 31.4539261162281 -34.4999991357327 20.2106013894081 35.9250009059906 -34.4999991357327 23.6413776874542 31.7586213350296 -34.4999991357327 19.4749999791384 32.2433225810528 -34.4999991357327 18.84332485497 33.6106009781361 -34.4999991357327 23.9460729062557 32.8750014305115 -34.4999991357327 23.6413776874542 32.8750014305115 -34.4999991357327 18.3586217463017 33.6106009781361 -34.4999991357327 18.0539265275002 35.300001502037 -34.4999991357327 34.4282016158104 35.1893976330757 -34.4999991357327 23.9460729062557 34.400001168251 -34.4999991357327 24.0499991923571 32.2433225810528 -34.4999991357327 23.156676441431 31.7586213350296 -34.4999991357327 22.5249994546175 34.0361595153809 -34.4999991357327 35.0175425410271 31.4539261162281 -34.4999991357327 21.7893980443478 31.300000846386 -34.4999991357327 35.5000011622906 32.6891839504242 -34.4999991357327 35.3784635663033 38.4000018239021 -34.4999991357327 -198.940426111221 37.3460724949837 -34.4999991357327 -234.210595488548 37.0413772761822 -34.4999991357327 -233.474999666214 36.556676030159 -34.4999991357327 -237.156674265862 37.0413772761822 -34.4999991357327 -236.524999141693 37.3460724949837 -34.4999991357327 -235.789403319359 37.4500006437302 -34.4999991357327 -234.999999403954 9.60000045597553 -35.1499989628792 -453.20001244545 8.20000004023314 -35.1499989628792 37.0000004768372 8.20000004023314 -35.1499989628792 -453.20001244545 9.60000045597553 -35.1499989628792 37.0000004768372 9.60000045597553 -35.1499989628792 37.0000004768372 9.60000045597553 -7.30000017210841 -453.20001244545 9.60000045597553 -7.30000017210841 37.0000004768372 9.60000045597553 -35.1499989628792 -453.20001244545 18.6000000685453 -7.30000017210841 -442.00000166893 24.4999993592501 -7.30000017210841 37.0000004768372 9.60000045597553 -7.30000017210841 37.0000004768372 24.4999993592501 -7.30000017210841 -442.00000166893 9.60000045597553 -7.30000017210841 -453.20001244545 18.6000000685453 -7.30000017210841 -453.20001244545 24.4999993592501 -7.30000017210841 37.0000004768372 24.4999993592501 -18.1000009179115 35.5000011622906 24.4999993592501 -18.1000009179115 37.0000004768372 24.4999993592501 -32.2999991476536 -432.500004768372 24.4999993592501 -34.4999991357327 35.5000011622906 24.4999993592501 -34.4999991357327 -432.500004768372 24.4999993592501 -7.30000017210841 -442.00000166893 24.4999993592501 -32.2999991476536 -442.00000166893 13.9967147260904 48.9000007510185 37.0000004768372 20.5000005662441 12.7499997615814 37.0000004768372 26.7999991774559 48.9000007510185 37.0000004768372 21.7074081301689 11.8235237896442 37.0000004768372 27.8999991714954 47.800000756979 37.0000004768372 21.5825326740742 12.1250003576279 37.0000004768372 27.3499991744757 48.7526282668114 37.0000004768372 27.0847007632256 48.8625168800354 37.0000004768372 20.1764758676291 12.7074075862765 37.0000004768372 13.7263974174857 48.866268247366 37.0000004768372 13.4726585820317 48.7671419978142 37.0000004768372 27.8625190258026 48.0847023427486 37.0000004768372 27.7526285499334 48.3499988913536 37.0000004768372 27.0000007003546 -18.1000009179115 37.0000004768372 27.8999991714954 -17.2000005841255 37.0000004768372 24.4999993592501 -7.30000017210841 37.0000004768372 6.89999992027879 -25.9553827345371 37.0000004768372 9.60000045597553 -7.30000017210841 37.0000004768372 12.9003282636404 47.8890873491764 37.0000004768372 6.89999992027879 -41.4500012993813 37.0000004768372 8.20000004023314 -35.1499989628792 37.0000004768372 8.17785132676363 -41.6182316839695 37.0000004768372 8.20000004023314 -41.4500012993813 37.0000004768372 9.60000045597553 -35.1499989628792 37.0000004768372 20.8235234022141 10.292592458427 37.0000004768372 20.5000005662441 10.2500002831221 37.0000004768372 21.7499993741512 11.5000000223517 37.0000004768372 8.00961907953024 -41.9096201658249 37.0000004768372 7.71823246032 -42.0778505504131 37.0000004768372 7.87500012665987 -42.0129150152206 37.0000004768372 21.7074081301689 11.1764762550592 37.0000004768372 21.5825326740742 10.8749996870756 37.0000004768372 19.6161158382893 10.6161162257195 37.0000004768372 19.4174684584141 10.8749996870756 37.0000004768372 24.4999993592501 -18.1000009179115 37.0000004768372 7.0903804153204 -41.9096201658249 37.0000004768372 7.22499983385205 -42.0129150152206 37.0000004768372 8.11291672289371 -41.7749993503094 37.0000004768372 21.3838834315538 10.6161162257195 37.0000004768372 21.1249999701977 10.4174679145217 37.0000004768372 20.1764758676291 10.292592458427 37.0000004768372 19.8749992996454 10.4174679145217 37.0000004768372 19.2925930023193 11.8235237896442 37.0000004768372 19.4174684584141 12.1250003576279 37.0000004768372 27.8774350881577 -17.4002684652805 37.0000004768372 27.7036484330893 -17.7611410617828 37.0000004768372 27.8108716011047 -17.590494826436 37.0000004768372 6.92214816808701 -41.6182316839695 37.0000004768372 6.9870837032795 -41.7749993503094 37.0000004768372 7.38176750019193 -42.0778505504131 37.0000004768372 7.55000021308661 -42.1000011265278 37.0000004768372 19.2925930023193 11.1764762550592 37.0000004768372 19.2499998956919 11.5000000223517 37.0000004768372 19.6161158382893 12.383883818984 37.0000004768372 19.8749992996454 12.5825321301818 37.0000004768372 27.2002685815096 -18.0774349719286 37.0000004768372 27.3904949426651 -18.0108714848757 37.0000004768372 20.8235234022141 12.7074075862765 37.0000004768372 21.1249999701977 12.5825321301818 37.0000004768372 27.5611411780119 -17.9036483168602 37.0000004768372 21.3838834315538 12.383883818984 37.0000004768372 12.9558425396681 48.1557846069336 37.0000004768372 13.2510596886277 48.6087016761303 37.0000004768372 13.0751924589276 48.4006628394127 37.0000004768372 27.577817440033 48.577819019556 37.0000004768372 25.2000000327826 -32.2999991476536 -432.500004768372 24.4999993592501 -32.2999991476536 -442.00000166893 25.2000000327826 -32.2999991476536 -442.00000166893 24.4999993592501 -32.2999991476536 -432.500004768372 18.6000000685453 -6.59999996423721 -442.00000166893 25.2000000327826 -6.59999996423721 -437.000006437302 25.2000000327826 -6.59999996423721 -442.00000166893 18.6000000685453 -6.59999996423721 -437.000006437302 24.4999993592501 -7.30000017210841 -442.00000166893 18.6000000685453 -6.59999996423721 -442.00000166893 25.2000000327826 -6.59999996423721 -442.00000166893 25.2000000327826 -32.2999991476536 -442.00000166893 18.6000000685453 -7.30000017210841 -442.00000166893 24.4999993592501 -32.2999991476536 -442.00000166893 25.0592343509197 -35.5146043002605 -432.500004768372 25.2000000327826 -34.4999991357327 -432.500004768372 25.3323148936033 -35.6422811746597 -432.500004768372 25.9293876588345 -35.6778725981712 -432.500004768372 26.2157004326582 -35.5835370719433 -432.500004768372 26.4694690704346 -35.4208238422871 -432.500004768372 26.6746785491705 -35.1999998092651 -432.500004768372 25.6285984069109 -35.6978736817837 -432.500004768372 31.1250016093254 -34.4999991357327 -432.500004768372 33.4435924887657 -35.1999998092651 -432.500004768372 24.4999993592501 -34.4999991357327 -432.500004768372 25.2000000327826 -32.2999991476536 -432.500004768372 24.5378650724888 -34.7990654408932 -432.500004768372 24.649066850543 -35.0792594254017 -432.500004768372 33.4435924887657 -34.4999991357327 -432.500004768372 24.4999993592501 -32.2999991476536 -432.500004768372 24.8265918344259 -35.3228971362114 -432.500004768372 37.9690825939178 -35.1999998092651 -429.88720536232 38.6115908622742 -34.4999991357327 -429.51625585556 38.4881645441055 -35.1999998092651 -429.587513208389 36.1499972641468 -35.1999998092651 -430.937469005585 38.6999994516373 -34.5321781933308 -429.46520447731 38.6999994516373 -35.2771021425724 -429.46520447731 33.4435924887657 -34.4999991357327 -432.500004768372 33.4435924887657 -35.1999998092651 -432.500004768372 39.2867065966129 -34.7457230091095 -428.950697183609 39.2867065966129 -35.4906469583511 -428.950697183609 39.1142144799232 -35.4278646409512 -429.147362709045 39.4320525228977 -34.7986221313477 -428.733170032501 39.4320525228977 -35.5435460805893 -428.733170032501 39.1142144799232 -34.6829406917095 -429.147362709045 38.6999994516373 -35.2771021425724 -429.46520447731 38.6999994516373 -34.5321781933308 -429.46520447731 39.6318510174751 -34.8713435232639 -428.250789642334 39.5477600395679 -35.5856604874134 -428.498536348343 39.5477600395679 -34.8407365381718 -428.498536348343 39.6318510174751 -35.6162674725056 -428.250789642334 39.9605855345726 -35.7359163463116 -427.023947238922 39.6318510174751 -34.8713435232639 -428.250789642334 40.1999987661839 -35.0781343877316 -426.130443811417 39.6318510174751 -35.6162674725056 -428.250789642334 39.6318510174751 -34.8713435232639 31.2508009374142 39.9605855345726 -35.7359163463116 30.0239473581314 40.1999987661839 -35.0781343877316 29.1304402053356 39.6318510174751 -35.6162674725056 31.2508009374142 39.2867065966129 -34.7457230091095 31.9506861269474 39.2867065966129 -35.4906469583511 31.9506861269474 39.4320525228977 -34.7986221313477 31.7331627011299 39.5477600395679 -35.5856604874134 31.4985290169716 39.6318510174751 -34.8713435232639 31.2508009374142 39.5477600395679 -34.8407365381718 31.4985290169716 39.4320525228977 -35.5435460805893 31.7331627011299 39.1142144799232 -35.4278646409512 32.1473740041256 39.1142144799232 -34.6829406917095 32.1473740041256 38.6999994516373 -35.2771021425724 32.4652120471001 38.6999994516373 -34.5321781933308 32.4652120471001 39.6318510174751 -35.6162674725056 31.2508009374142 37.9690825939178 -35.1999998092651 32.8872092068195 35.300001502037 -34.4999991357327 34.4282016158104 35.300001502037 -35.1999998092651 34.4282016158104 38.6115908622742 -34.4999991357327 32.5162559747696 38.4881645441055 -35.1999998092651 32.5875170528889 38.6999994516373 -34.5321781933308 32.4652120471001 38.6999994516373 -35.2771021425724 32.4652120471001 34.0361595153809 -35.1999998092651 35.0175425410271 32.6891839504242 -34.4999991357327 35.3784635663033 32.6891839504242 -35.1999998092651 35.3784635663033 35.300001502037 -35.1999998092651 34.4282016158104 34.0361595153809 -34.4999991357327 35.0175425410271 31.300000846386 -34.4999991357327 35.5000011622906 31.300000846386 -35.1999998092651 35.5000011622906 35.300001502037 -34.4999991357327 34.4282016158104 13.9499995857477 38.8999991118908 -453.945219516754 13.9499995857477 27.8999991714954 -453.20001244545 13.9499995857477 38.8999991118908 -453.20001244545 13.9499995857477 27.8999991714954 -453.945219516754 22.6000007241964 38.8999991118908 -455.848634243011 18.6000000685453 38.8999991118908 -454.360038042068 22.6000007241964 38.8999991118908 -454.429864883423 13.9499995857477 38.8999991118908 -453.945219516754 18.6000000685453 38.8999991118908 -453.20001244545 16.1893758922815 38.8999991118908 -456.184595823288 13.9499995857477 38.8999991118908 -453.20001244545 18.6000000685453 27.8999991714954 -454.360038042068 22.6000007241964 27.8999991714954 -455.848634243011 22.6000007241964 27.8999991714954 -454.429864883423 13.9499995857477 27.8999991714954 -453.945219516754 16.1893758922815 27.8999991714954 -456.184595823288 18.6000000685453 27.8999991714954 -453.20001244545 13.9499995857477 27.8999991714954 -453.20001244545 25.2000000327826 -24.5050005614758 -421.440005302429 25.4999995231628 -24.5050005614758 -430.559992790222 25.2000000327826 -24.5050005614758 -430.559992790222 25.4999995231628 -24.5050005614758 -421.440005302429 25.2000000327826 -24.5050005614758 -430.559992790222 25.4999995231628 -28.4950006753206 -430.559992790222 25.2000000327826 -28.4950006753206 -430.559992790222 25.4999995231628 -24.5050005614758 -430.559992790222 25.2000000327826 -28.4950006753206 -430.559992790222 25.4999995231628 -28.4950006753206 -421.440005302429 25.2000000327826 -28.4950006753206 -421.440005302429 25.4999995231628 -28.4950006753206 -430.559992790222 25.4999995231628 -28.4950006753206 -421.440005302429 25.2000000327826 -24.5050005614758 -421.440005302429 25.2000000327826 -28.4950006753206 -421.440005302429 25.4999995231628 -24.5050005614758 -421.440005302429 25.4999995231628 -24.5050005614758 -421.440005302429 25.4999995231628 -28.4950006753206 -430.559992790222 25.4999995231628 -24.5050005614758 -430.559992790222 25.4999995231628 -28.4950006753206 -421.440005302429 25.2000000327826 -28.4950006753206 19.3499997258186 25.4999995231628 -24.5050005614758 19.3499997258186 25.2000000327826 -24.5050005614758 19.3499997258186 25.4999995231628 -28.4950006753206 19.3499997258186 25.4999995231628 -24.5050005614758 10.3500001132488 25.2000000327826 -24.5050005614758 19.3499997258186 25.4999995231628 -24.5050005614758 19.3499997258186 25.2000000327826 -24.5050005614758 10.3500001132488 25.2000000327826 -24.5050005614758 10.3500001132488 25.4999995231628 -28.4950006753206 10.3500001132488 25.2000000327826 -28.4950006753206 10.3500001132488 25.4999995231628 -24.5050005614758 10.3500001132488 25.2000000327826 -28.4950006753206 19.3499997258186 25.4999995231628 -28.4950006753206 10.3500001132488 25.4999995231628 -28.4950006753206 19.3499997258186 25.2000000327826 -28.4950006753206 10.3500001132488 25.4999995231628 -28.4950006753206 19.3499997258186 25.4999995231628 -24.5050005614758 10.3500001132488 25.4999995231628 -24.5050005614758 19.3499997258186 25.4999995231628 -28.4950006753206 10.3500001132488 38.4000018239021 -36.2999998033047 -32.6561629772186 38.4000018239021 -35.5999991297722 -46.5174205601215 38.4000018239021 -35.5999991297722 -32.9825803637505 38.4000018239021 -35.1999998092651 -47.7668456733227 38.4000018239021 -36.2999998033047 -46.8438379466534 38.4000018239021 -34.4999991357327 -78.0000016093254 38.4000018239021 -35.1999998092651 -79.2466476559639 38.4000018239021 -34.4999991357327 -79.2466476559639 38.4000018239021 -34.4999991357327 -22.2466494888067 38.4000018239021 -35.1999998092651 -31.7331552505493 38.4000018239021 -34.4999991357327 -32.0595689117908 38.4000018239021 -34.4999991357327 -47.4404320120811 38.4000018239021 -35.1999998092651 -22.2466494888067 38.4000018239021 -34.4999991357327 -22.2466494888067 38.4881645441055 -35.1999998092651 -22.1584867686033 38.4000018239021 -35.1999998092651 -22.2466494888067 38.6115908622742 -34.4999991357327 -22.0350567251444 39.9605855345726 -35.7359163463116 -20.6860639154911 40.1999987661839 -35.0781343877316 -20.4466488212347 39.9605855345726 -35.7359163463116 -80.807238817215 38.6115908622742 -34.4999991357327 -79.4582441449165 38.4881645441055 -35.1999998092651 -79.3348103761673 38.4000018239021 -34.4999991357327 -79.2466476559639 38.4000018239021 -35.1999998092651 -79.2466476559639 40.1999987661839 -35.0781343877316 -81.0466483235359 34.400001168251 -35.5999991297722 -198.017418384552 34.400001168251 -35.1999998092651 -199.266850948334 34.400001168251 -36.2999998033047 -198.343843221664 34.400001168251 -34.4999991357327 -181.500002741814 34.400001168251 -35.1999998092651 -181.733161211014 34.400001168251 -35.1999998092651 -181.500002741814 34.400001168251 -36.2999998033047 -182.656168937683 34.400001168251 -35.5999991297722 -182.982578873634 34.400001168251 -34.4999991357327 -204.500004649162 34.400001168251 -34.4999991357327 -198.940426111221 34.400001168251 -34.4999991357327 -182.059571146965 34.400001168251 -35.1999998092651 -204.500004649162 31.1250016093254 -34.4999991357327 -204.500004649162 34.400001168251 -35.1999998092651 -204.500004649162 34.400001168251 -34.4999991357327 -204.500004649162 29.899999499321 -35.1999998092651 -204.500004649162 29.899999499321 -34.4999991357327 -204.500004649162 29.899999499321 -34.4999991357327 -204.500004649162 29.899999499321 -35.1999998092651 -189.724996685982 29.899999499321 -35.1999998092651 -204.500004649162 29.899999499321 -34.4999991357327 -189.724996685982 29.899999499321 -35.1999998092651 -181.500002741814 29.899999499321 -34.4999991357327 -181.500002741814 38.4000018239021 -35.1999998092651 -199.266850948334 38.4000018239021 -35.5999991297722 -198.017418384552 38.4000018239021 -36.2999998033047 -198.343843221664 38.4000018239021 -36.2999998033047 -182.656168937683 38.4000018239021 -35.5999991297722 -182.982578873634 38.4000018239021 -34.4999991357327 -198.940426111221 38.4000018239021 -34.4999991357327 -204.428434371948 38.4000018239021 -35.1999998092651 -204.428434371948 38.4000018239021 -35.1999998092651 -181.733161211014 38.4000018239021 -34.4999991357327 -182.059571146965 38.4000018239021 -34.4999991357327 -147.371351718903 38.4000018239021 -35.1999998092651 -147.371351718903 39.9605855345726 -35.7359163463116 -145.810768008232 38.6115908622742 -34.4999991357327 -147.15975522995 40.1999987661839 -35.0781343877316 -145.571351051331 38.4881645441055 -35.1999998092651 -147.283181548119 38.4000018239021 -34.4999991357327 -147.371351718903 38.4000018239021 -35.1999998092651 -147.371351718903 38.4000018239021 -34.4999991357327 -204.428434371948 38.4881645441055 -35.1999998092651 -204.516589641571 38.6115908622742 -34.4999991357327 -204.64001595974 39.9605855345726 -35.7359163463116 -205.989018082619 40.1999987661839 -35.0781343877316 -206.228420138359 38.4000018239021 -35.1999998092651 -204.428434371948 36.6749987006187 -34.4999991357327 -47.4404320120811 38.4000018239021 -35.5999991297722 -46.5174205601215 38.4000018239021 -34.4999991357327 -47.4404320120811 29.899999499321 -35.1999998092651 -46.8530617654324 31.1250016093254 -34.4999991357327 -47.4404320120811 29.899999499321 -34.4999991357327 -47.4404320120811 29.899999499321 -35.5999991297722 -46.5174205601215 38.4000018239021 -35.5999991297722 -46.5174205601215 29.899999499321 -35.5999991297722 -32.9825803637505 38.4000018239021 -35.5999991297722 -32.9825803637505 29.899999499321 -35.5999991297722 -46.5174205601215 36.6749987006187 -34.4999991357327 -32.0595689117908 29.899999499321 -35.5999991297722 -32.9825803637505 31.1250016093254 -34.4999991357327 -32.0595689117908 38.4000018239021 -35.5999991297722 -32.9825803637505 29.899999499321 -35.1999998092651 -32.6469391584396 29.899999499321 -34.4999991357327 -32.0595689117908 38.4000018239021 -34.4999991357327 -32.0595689117908 36.1499972641468 -35.1999998092651 -31.7331552505493 29.899999499321 -36.2999998033047 -32.6561629772186 38.4000018239021 -36.2999998033047 -32.6561629772186 37.9690825939178 -35.1999998092651 -31.7331552505493 38.4000018239021 -35.1999998092651 -31.7331552505493 29.899999499321 -35.1999998092651 -31.7331552505493 38.4000018239021 -36.2999998033047 -46.8438379466534 29.899999499321 -36.2999998033047 -32.6561629772186 29.899999499321 -36.2999998033047 -46.8438379466534 38.4000018239021 -36.2999998033047 -32.6561629772186 38.4000018239021 -36.2999998033047 -46.8438379466534 37.9690825939178 -35.1999998092651 -47.7668456733227 38.4000018239021 -35.1999998092651 -47.7668456733227 36.1499972641468 -35.1999998092651 -47.7668456733227 29.899999499321 -36.2999998033047 -46.8438379466534 29.899999499321 -35.1999998092651 -47.7668456733227 36.6749987006187 -34.4999991357327 -198.940426111221 38.4000018239021 -35.5999991297722 -198.017418384552 38.4000018239021 -34.4999991357327 -198.940426111221 34.400001168251 -35.5999991297722 -198.017418384552 34.400001168251 -34.4999991357327 -198.940426111221 38.4000018239021 -35.5999991297722 -198.017418384552 34.400001168251 -35.5999991297722 -182.982578873634 38.4000018239021 -35.5999991297722 -182.982578873634 34.400001168251 -35.5999991297722 -198.017418384552 34.400001168251 -35.5999991297722 -182.982578873634 36.6749987006187 -34.4999991357327 -182.059571146965 38.4000018239021 -35.5999991297722 -182.982578873634 34.400001168251 -34.4999991357327 -182.059571146965 38.4000018239021 -34.4999991357327 -182.059571146965 37.9690825939178 -35.1999998092651 -181.733161211014 38.4000018239021 -36.2999998033047 -182.656168937683 38.4000018239021 -35.1999998092651 -181.733161211014 34.400001168251 -36.2999998033047 -182.656168937683 36.1499972641468 -35.1999998092651 -181.733161211014 34.400001168251 -35.1999998092651 -181.733161211014 34.400001168251 -36.2999998033047 -182.656168937683 38.4000018239021 -36.2999998033047 -198.343843221664 38.4000018239021 -36.2999998033047 -182.656168937683 34.400001168251 -36.2999998033047 -198.343843221664 38.4000018239021 -36.2999998033047 -198.343843221664 37.9690825939178 -35.1999998092651 -199.266850948334 38.4000018239021 -35.1999998092651 -199.266850948334 36.1499972641468 -35.1999998092651 -199.266850948334 34.400001168251 -36.2999998033047 -198.343843221664 34.400001168251 -35.1999998092651 -199.266850948334 29.899999499321 -35.1999998092651 -32.6469391584396 29.899999499321 -36.2999998033047 -32.6561629772186 29.899999499321 -35.1999998092651 -31.7331552505493 29.899999499321 -35.5999991297722 -32.9825803637505 29.899999499321 -36.2999998033047 -46.8438379466534 29.899999499321 -35.1999998092651 -46.8530617654324 29.899999499321 -35.1999998092651 -47.7668456733227 29.899999499321 -35.5999991297722 -46.5174205601215 36.4000014960766 -35.5693250894547 -56.74047768116 33.3999991416931 -35.8770154416561 -57.0560060441494 36.4000014960766 -35.8770154416561 -57.0560060441494 33.3999991416931 -36.1081287264824 -57.4312619864941 36.4000014960766 -36.1081287264824 -57.4312619864941 36.4000014960766 -36.2514406442642 -57.8480251133442 33.3999991416931 -36.2999998033047 -58.2860559225082 36.4000014960766 -36.2999998033047 -58.2860559225082 33.3999991416931 -36.2514406442642 -57.8480251133442 36.4000014960766 -35.1999998092651 -56.4999990165234 33.3999991416931 -35.5693250894547 -56.74047768116 33.3999991416931 -35.1999998092651 -56.4999990165234 36.4000014960766 -36.2514406442642 -61.1519739031792 33.3999991416931 -36.1081287264824 -61.5687370300293 36.4000014960766 -36.1081287264824 -61.5687370300293 36.4000014960766 -36.2999998033047 -60.7139430940151 33.3999991416931 -36.2514406442642 -61.1519739031792 33.3999991416931 -35.8770154416561 -61.943992972374 36.4000014960766 -35.8770154416561 -61.943992972374 33.3999991416931 -35.5693250894547 -62.2595213353634 36.4000014960766 -35.5693250894547 -62.2595213353634 33.3999991416931 -35.1999998092651 -62.5 36.4000014960766 -35.1999998092651 -62.5 33.3999991416931 -36.2999998033047 -60.7139430940151 36.4000014960766 -36.2999998033047 -58.2860559225082 33.3999991416931 -36.2999998033047 -60.7139430940151 36.4000014960766 -36.2999998033047 -60.7139430940151 33.3999991416931 -36.2999998033047 -58.2860559225082 36.4000014960766 -36.2514406442642 -61.1519739031792 36.4000014960766 -35.5693250894547 -62.2595213353634 36.4000014960766 -36.2999998033047 -60.7139430940151 36.4000014960766 -36.1081287264824 -61.5687370300293 36.4000014960766 -35.8770154416561 -57.0560060441494 36.4000014960766 -36.2999998033047 -58.2860559225082 36.4000014960766 -35.5693250894547 -56.74047768116 36.4000014960766 -35.8770154416561 -61.943992972374 36.4000014960766 -35.1999998092651 -62.5 36.4000014960766 -35.1999998092651 -56.4999990165234 36.4000014960766 -36.1081287264824 -57.4312619864941 36.4000014960766 -36.2514406442642 -57.8480251133442 33.3999991416931 -36.2514406442642 -61.1519739031792 33.3999991416931 -35.5693250894547 -62.2595213353634 33.3999991416931 -36.1081287264824 -61.5687370300293 33.3999991416931 -35.8770154416561 -57.0560060441494 33.3999991416931 -36.2999998033047 -58.2860559225082 33.3999991416931 -36.1081287264824 -57.4312619864941 33.3999991416931 -35.8770154416561 -61.943992972374 33.3999991416931 -36.2514406442642 -57.8480251133442 33.3999991416931 -36.2999998033047 -60.7139430940151 33.3999991416931 -35.1999998092651 -56.4999990165234 33.3999991416931 -35.1999998092651 -62.5 33.3999991416931 -35.5693250894547 -56.74047768116 34.4367139041424 -35.1999998092651 -22.9818001389503 34.5190726220608 -34.4999991357327 -23.1555122882128 34.4367139041424 -34.4999991357327 -22.9818001389503 34.5190726220608 -35.1999998092651 -23.1555122882128 34.6428863704205 -34.4999991357327 -23.3025792986155 34.6428863704205 -35.1999998092651 -23.3025792986155 34.8000191152096 -34.4999991357327 -23.4133396297693 34.8000191152096 -35.1999998092651 -23.4133396297693 34.9801480770111 -34.4999991357327 -23.4805177897215 34.9801480770111 -35.1999998092651 -23.4805177897215 35.1714342832565 -34.4999991357327 -23.4996974468231 35.1714342832565 -35.1999998092651 -23.4996974468231 35.3613123297691 -34.4999991357327 -23.4696194529533 35.3613123297691 -35.1999998092651 -23.4696194529533 35.5373062193394 -34.4999991357327 -23.3922582119703 35.5373062193394 -35.1999998092651 -23.3922582119703 35.6878526508808 -34.4999991357327 -23.2726987451315 35.6878526508808 -35.1999998092651 -23.2726987451315 35.803060978651 -34.4999991357327 -23.1187976896763 35.803060978651 -35.1999998092651 -23.1187976896763 35.8753576874733 -34.4999991357327 -22.9406636208296 35.8753576874733 -35.1999998092651 -22.9406636208296 35.8999967575073 -34.4999991357327 -22.7500032633543 35.8999967575073 -35.1999998092651 -22.7500032633543 34.4012230634689 -35.1999998092651 -22.7928590029478 34.4012230634689 -34.4999991357327 -22.7928590029478 34.4012230634689 -35.1999998092651 -22.7928590029478 34.1986939311028 -34.4999991357327 -19.2542895674706 34.1986939311028 -35.1999998092651 -19.2542895674706 34.4012230634689 -34.4999991357327 -22.7928590029478 33.9492857456207 -34.4999991357327 -18.7183786183596 34.0770743787289 -35.1999998092651 -18.873892724514 34.0770743787289 -34.4999991357327 -18.873892724514 34.1620035469532 -35.1999998092651 -19.0563797950745 34.1620035469532 -34.4999991357327 -19.0563797950745 34.1986939311028 -35.1999998092651 -19.2542895674706 34.1986939311028 -34.4999991357327 -19.2542895674706 33.9492857456207 -35.1999998092651 -18.7183786183596 33.7867252528667 -34.4999991357327 -18.5996852815151 33.7867252528667 -35.1999998092651 -18.5996852815151 33.5996821522713 -35.1999998092651 -18.5253228992224 33.3999991416931 -34.4999991357327 -18.5000021010637 33.3999991416931 -35.1999998092651 -18.5000021010637 33.200316131115 -34.4999991357327 -18.5253228992224 33.200316131115 -35.1999998092651 -18.5253228992224 33.0132767558098 -34.4999991357327 -18.5996852815151 33.0132767558098 -35.1999998092651 -18.5996852815151 32.8507162630558 -34.4999991357327 -18.7183786183596 32.8507162630558 -35.1999998092651 -18.7183786183596 32.7229239046574 -34.4999991357327 -18.873892724514 32.7229239046574 -35.1999998092651 -18.873892724514 32.6379984617233 -34.4999991357327 -19.0563797950745 32.6379984617233 -35.1999998092651 -19.0563797950745 32.6013080775738 -34.4999991357327 -19.2542895674706 32.6013080775738 -35.1999998092651 -19.2542895674706 33.5996821522713 -34.4999991357327 -18.5253228992224 32.6013080775738 -35.1999998092651 -19.2542895674706 32.3987789452076 -34.4999991357327 -22.7928590029478 32.3987789452076 -35.1999998092651 -22.7928590029478 32.6013080775738 -34.4999991357327 -19.2542895674706 30.9000033885241 -35.1999998092651 -22.7500032633543 30.9246424585581 -34.4999991357327 -22.9406636208296 30.9000033885241 -34.4999991357327 -22.7500032633543 30.9246424585581 -35.1999998092651 -22.9406636208296 30.9969410300255 -34.4999991357327 -23.1187976896763 30.9969410300255 -35.1999998092651 -23.1187976896763 31.1121474951506 -34.4999991357327 -23.2726987451315 31.1121474951506 -35.1999998092651 -23.2726987451315 31.2626957893372 -34.4999991357327 -23.3922582119703 31.2626957893372 -35.1999998092651 -23.3922582119703 31.4386896789074 -34.4999991357327 -23.4696194529533 31.4386896789074 -35.1999998092651 -23.4696194529533 31.62856772542 -34.4999991357327 -23.4996974468231 31.62856772542 -35.1999998092651 -23.4996974468231 31.8198539316654 -34.4999991357327 -23.4805177897215 31.8198539316654 -35.1999998092651 -23.4805177897215 31.9999828934669 -34.4999991357327 -23.4133396297693 31.9999828934669 -35.1999998092651 -23.4133396297693 32.1571119129658 -34.4999991357327 -23.3025792986155 32.1571119129658 -35.1999998092651 -23.3025792986155 32.2809256613255 -34.4999991357327 -23.1555122882128 32.2809256613255 -35.1999998092651 -23.1555122882128 32.3632843792439 -34.4999991357327 -22.9818001389503 32.3632843792439 -35.1999998092651 -22.9818001389503 32.3987789452076 -34.4999991357327 -22.7928590029478 32.3987789452076 -35.1999998092651 -22.7928590029478 30.9000033885241 -34.4999991357327 -9.24999639391899 30.9000033885241 -35.1999998092651 -22.7500032633543 30.9000033885241 -34.4999991357327 -22.7500032633543 30.9000033885241 -35.1999998092651 -9.24999639391899 32.3987789452076 -35.1999998092651 -9.20714065432549 32.3632843792439 -34.4999991357327 -9.01819951832294 32.3987789452076 -34.4999991357327 -9.20714065432549 32.3632843792439 -35.1999998092651 -9.01819951832294 32.2809256613255 -34.4999991357327 -8.84448830038309 32.2809256613255 -35.1999998092651 -8.84448830038309 32.1571119129658 -34.4999991357327 -8.69742035865784 32.1571119129658 -35.1999998092651 -8.69742035865784 31.9999828934669 -34.4999991357327 -8.58665909618139 31.9999828934669 -35.1999998092651 -8.58665909618139 31.8198539316654 -34.4999991357327 -8.51948279887438 31.8198539316654 -35.1999998092651 -8.51948279887438 31.62856772542 -34.4999991357327 -8.50030314177275 31.62856772542 -35.1999998092651 -8.50030314177275 31.4386896789074 -34.4999991357327 -8.53038113564253 31.4386896789074 -35.1999998092651 -8.53038113564253 31.2626957893372 -34.4999991357327 -8.60774144530296 31.2626957893372 -35.1999998092651 -8.60774144530296 31.1121474951506 -34.4999991357327 -8.72729998081923 31.1121474951506 -35.1999998092651 -8.72729998081923 30.9969410300255 -34.4999991357327 -8.88120289891958 30.9969410300255 -35.1999998092651 -8.88120289891958 30.9246424585581 -34.4999991357327 -9.05933603644371 30.9246424585581 -35.1999998092651 -9.05933603644371 30.9000033885241 -34.4999991357327 -9.24999639391899 30.9000033885241 -35.1999998092651 -9.24999639391899 32.6013080775738 -34.4999991357327 -12.7457110211253 32.3987789452076 -35.1999998092651 -9.20714065432549 32.3987789452076 -34.4999991357327 -9.20714065432549 32.6013080775738 -35.1999998092651 -12.7457110211253 34.1620035469532 -35.1999998092651 -12.9436207935214 34.1986939311028 -34.4999991357327 -12.7457110211253 34.1986939311028 -35.1999998092651 -12.7457110211253 34.0770743787289 -35.1999998092651 -13.1261078640819 34.1620035469532 -34.4999991357327 -12.9436207935214 33.9492857456207 -35.1999998092651 -13.2816210389137 34.0770743787289 -34.4999991357327 -13.1261078640819 33.7867252528667 -35.1999998092651 -13.4003153070807 33.9492857456207 -34.4999991357327 -13.2816210389137 33.5996821522713 -35.1999998092651 -13.4746767580509 33.7867252528667 -34.4999991357327 -13.4003153070807 33.3999991416931 -35.1999998092651 -13.4999984875321 33.5996821522713 -34.4999991357327 -13.4746767580509 33.200316131115 -35.1999998092651 -13.4746767580509 33.3999991416931 -34.4999991357327 -13.4999984875321 33.0132767558098 -35.1999998092651 -13.4003153070807 33.200316131115 -34.4999991357327 -13.4746767580509 32.8507162630558 -35.1999998092651 -13.2816210389137 33.0132767558098 -34.4999991357327 -13.4003153070807 32.7229239046574 -35.1999998092651 -13.1261078640819 32.8507162630558 -34.4999991357327 -13.2816210389137 32.6379984617233 -35.1999998092651 -12.9436207935214 32.7229239046574 -34.4999991357327 -13.1261078640819 32.6013080775738 -35.1999998092651 -12.7457110211253 32.6379984617233 -34.4999991357327 -12.9436207935214 32.6013080775738 -34.4999991357327 -12.7457110211253 34.4012230634689 -34.4999991357327 -9.20714065432549 34.1986939311028 -35.1999998092651 -12.7457110211253 34.1986939311028 -34.4999991357327 -12.7457110211253 34.4012230634689 -35.1999998092651 -9.20714065432549 35.8999967575073 -35.1999998092651 -9.24999639391899 35.8753576874733 -34.4999991357327 -9.05933603644371 35.8999967575073 -34.4999991357327 -9.24999639391899 35.8753576874733 -35.1999998092651 -9.05933603644371 35.803060978651 -34.4999991357327 -8.88120289891958 35.803060978651 -35.1999998092651 -8.88120289891958 35.6878526508808 -34.4999991357327 -8.72729998081923 35.6878526508808 -35.1999998092651 -8.72729998081923 35.5373062193394 -34.4999991357327 -8.60774144530296 35.5373062193394 -35.1999998092651 -8.60774144530296 35.3613123297691 -34.4999991357327 -8.53038113564253 35.3613123297691 -35.1999998092651 -8.53038113564253 35.1714342832565 -34.4999991357327 -8.50030314177275 35.1714342832565 -35.1999998092651 -8.50030314177275 34.9801480770111 -34.4999991357327 -8.51948279887438 34.9801480770111 -35.1999998092651 -8.51948279887438 34.8000191152096 -34.4999991357327 -8.58665909618139 34.8000191152096 -35.1999998092651 -8.58665909618139 34.6428863704205 -34.4999991357327 -8.69742035865784 34.6428863704205 -35.1999998092651 -8.69742035865784 34.5190726220608 -34.4999991357327 -8.84448830038309 34.5190726220608 -35.1999998092651 -8.84448830038309 34.4367139041424 -34.4999991357327 -9.01819951832294 34.4367139041424 -35.1999998092651 -9.01819951832294 34.4012230634689 -34.4999991357327 -9.20714065432549 34.4012230634689 -35.1999998092651 -9.20714065432549 35.8999967575073 -34.4999991357327 -9.24999639391899 35.8999967575073 -35.1999998092651 -22.7500032633543 35.8999967575073 -35.1999998092651 -9.24999639391899 35.8999967575073 -34.4999991357327 -22.7500032633543 34.4012230634689 -35.1999998092651 -146.792858839035 34.4367139041424 -34.4999991357327 -146.981805562973 34.4012230634689 -34.4999991357327 -146.792858839035 34.4367139041424 -35.1999998092651 -146.981805562973 34.5190726220608 -34.4999991357327 -147.15550839901 34.5190726220608 -35.1999998092651 -147.15550839901 34.6428863704205 -34.4999991357327 -147.302582859993 34.6428863704205 -35.1999998092651 -147.302582859993 34.8000191152096 -34.4999991357327 -147.413343191147 34.8000191152096 -35.1999998092651 -147.413343191147 34.9801480770111 -34.4999991357327 -147.480517625809 34.9801480770111 -35.1999998092651 -147.480517625809 35.1714342832565 -34.4999991357327 -147.499695420265 35.1714342832565 -35.1999998092651 -147.499695420265 35.3613123297691 -34.4999991357327 -147.469624876976 35.3613123297691 -35.1999998092651 -147.469624876976 35.5373062193394 -34.4999991357327 -147.392258048058 35.5373062193394 -35.1999998092651 -147.392258048058 35.6878526508808 -34.4999991357327 -147.272706031799 35.6878526508808 -35.1999998092651 -147.272706031799 35.803060978651 -34.4999991357327 -147.118791937828 35.803060978651 -35.1999998092651 -147.118791937828 35.8753576874733 -34.4999991357327 -146.940663456917 35.8753576874733 -35.1999998092651 -146.940663456917 35.8999967575073 -34.4999991357327 -146.750003099442 35.8999967575073 -35.1999998092651 -146.750003099442 34.1986939311028 -34.4999991357327 -143.254294991493 34.4012230634689 -35.1999998092651 -146.792858839035 34.4012230634689 -34.4999991357327 -146.792858839035 34.1986939311028 -35.1999998092651 -143.254294991493 32.6379984617233 -35.1999998092651 -143.056377768517 32.6013080775738 -34.4999991357327 -143.254294991493 32.6013080775738 -35.1999998092651 -143.254294991493 32.7229239046574 -35.1999998092651 -142.873898148537 32.6379984617233 -34.4999991357327 -143.056377768517 33.0132767558098 -35.1999998092651 -142.599686980247 32.8507162630558 -34.4999991357327 -142.718374729156 32.8507162630558 -35.1999998092651 -142.718374729156 33.5996821522713 -34.4999991357327 -142.52533018589 33.7867252528667 -35.1999998092651 -142.599686980247 33.7867252528667 -34.4999991357327 -142.599686980247 33.9492857456207 -35.1999998092651 -142.718374729156 33.9492857456207 -34.4999991357327 -142.718374729156 34.0770743787289 -35.1999998092651 -142.873898148537 34.0770743787289 -34.4999991357327 -142.873898148537 34.1620035469532 -35.1999998092651 -143.056377768517 34.1620035469532 -34.4999991357327 -143.056377768517 34.1986939311028 -35.1999998092651 -143.254294991493 34.1986939311028 -34.4999991357327 -143.254294991493 33.5996821522713 -35.1999998092651 -142.52533018589 33.3999991416931 -34.4999991357327 -142.499998211861 33.3999991416931 -35.1999998092651 -142.499998211861 33.200316131115 -34.4999991357327 -142.52533018589 33.200316131115 -35.1999998092651 -142.52533018589 33.0132767558098 -34.4999991357327 -142.599686980247 32.7229239046574 -34.4999991357327 -142.873898148537 32.3987789452076 -34.4999991357327 -146.792858839035 32.6013080775738 -35.1999998092651 -143.254294991493 32.6013080775738 -34.4999991357327 -143.254294991493 32.3987789452076 -35.1999998092651 -146.792858839035 30.9000033885241 -35.1999998092651 -146.750003099442 30.9246424585581 -34.4999991357327 -146.940663456917 30.9000033885241 -34.4999991357327 -146.750003099442 30.9246424585581 -35.1999998092651 -146.940663456917 30.9969410300255 -34.4999991357327 -147.118791937828 30.9969410300255 -35.1999998092651 -147.118791937828 31.1121474951506 -34.4999991357327 -147.272706031799 31.1121474951506 -35.1999998092651 -147.272706031799 31.2626957893372 -34.4999991357327 -147.392258048058 31.2626957893372 -35.1999998092651 -147.392258048058 31.4386896789074 -34.4999991357327 -147.469624876976 31.4386896789074 -35.1999998092651 -147.469624876976 31.62856772542 -34.4999991357327 -147.499695420265 31.62856772542 -35.1999998092651 -147.499695420265 31.8198539316654 -34.4999991357327 -147.480517625809 31.8198539316654 -35.1999998092651 -147.480517625809 31.9999828934669 -34.4999991357327 -147.413343191147 31.9999828934669 -35.1999998092651 -147.413343191147 32.1571119129658 -34.4999991357327 -147.302582859993 32.1571119129658 -35.1999998092651 -147.302582859993 32.2809256613255 -34.4999991357327 -147.15550839901 32.2809256613255 -35.1999998092651 -147.15550839901 32.3632843792439 -34.4999991357327 -146.981805562973 32.3632843792439 -35.1999998092651 -146.981805562973 32.3987789452076 -34.4999991357327 -146.792858839035 32.3987789452076 -35.1999998092651 -146.792858839035 30.9000033885241 -34.4999991357327 -133.249998092651 30.9000033885241 -35.1999998092651 -146.750003099442 30.9000033885241 -34.4999991357327 -146.750003099442 30.9000033885241 -35.1999998092651 -133.249998092651 32.3987789452076 -35.1999998092651 -133.207142353058 32.3632843792439 -34.4999991357327 -133.01819562912 32.3987789452076 -34.4999991357327 -133.207142353058 32.3632843792439 -35.1999998092651 -133.01819562912 32.2809256613255 -34.4999991357327 -132.844492793083 32.2809256613255 -35.1999998092651 -132.844492793083 32.1571119129658 -34.4999991357327 -132.6974183321 32.1571119129658 -35.1999998092651 -132.6974183321 31.9999828934669 -34.4999991357327 -132.586658000946 31.9999828934669 -35.1999998092651 -132.586658000946 31.8198539316654 -34.4999991357327 -132.519483566284 31.8198539316654 -35.1999998092651 -132.519483566284 31.62856772542 -34.4999991357327 -132.500305771828 31.62856772542 -35.1999998092651 -132.500305771828 31.4386896789074 -34.4999991357327 -132.530376315117 31.4386896789074 -35.1999998092651 -132.530376315117 31.2626957893372 -34.4999991357327 -132.607743144035 31.2626957893372 -35.1999998092651 -132.607743144035 31.1121474951506 -34.4999991357327 -132.727295160294 31.1121474951506 -35.1999998092651 -132.727295160294 30.9969410300255 -34.4999991357327 -132.881209254265 30.9969410300255 -35.1999998092651 -132.881209254265 30.9246424585581 -34.4999991357327 -133.059337735176 30.9246424585581 -35.1999998092651 -133.059337735176 30.9000033885241 -34.4999991357327 -133.249998092651 30.9000033885241 -35.1999998092651 -133.249998092651 32.6013080775738 -35.1999998092651 -136.7457062006 32.3987789452076 -34.4999991357327 -133.207142353058 32.6013080775738 -34.4999991357327 -136.7457062006 32.3987789452076 -35.1999998092651 -133.207142353058 34.1620035469532 -35.1999998092651 -136.943623423576 34.1986939311028 -34.4999991357327 -136.7457062006 34.1986939311028 -35.1999998092651 -136.7457062006 34.0770743787289 -35.1999998092651 -137.126103043556 34.1620035469532 -34.4999991357327 -136.943623423576 33.9492857456207 -35.1999998092651 -137.281626462936 34.0770743787289 -34.4999991357327 -137.126103043556 33.7867252528667 -35.1999998092651 -137.400314211845 33.9492857456207 -34.4999991357327 -137.281626462936 33.5996821522713 -35.1999998092651 -137.474671006203 33.7867252528667 -34.4999991357327 -137.400314211845 33.3999991416931 -35.1999998092651 -137.500002980232 33.5996821522713 -34.4999991357327 -137.474671006203 33.200316131115 -35.1999998092651 -137.474671006203 33.3999991416931 -34.4999991357327 -137.500002980232 33.0132767558098 -35.1999998092651 -137.400314211845 33.200316131115 -34.4999991357327 -137.474671006203 32.8507162630558 -35.1999998092651 -137.281626462936 33.0132767558098 -34.4999991357327 -137.400314211845 32.7229239046574 -35.1999998092651 -137.126103043556 32.8507162630558 -34.4999991357327 -137.281626462936 32.6379984617233 -35.1999998092651 -136.943623423576 32.7229239046574 -34.4999991357327 -137.126103043556 32.6013080775738 -35.1999998092651 -136.7457062006 32.6379984617233 -34.4999991357327 -136.943623423576 32.6013080775738 -34.4999991357327 -136.7457062006 34.1986939311028 -35.1999998092651 -136.7457062006 34.4012230634689 -34.4999991357327 -133.207142353058 34.4012230634689 -35.1999998092651 -133.207142353058 34.1986939311028 -34.4999991357327 -136.7457062006 34.8000191152096 -34.4999991357327 -132.586658000946 34.9801480770111 -35.1999998092651 -132.519483566284 34.8000191152096 -35.1999998092651 -132.586658000946 35.1714342832565 -34.4999991357327 -132.500305771828 35.3613123297691 -35.1999998092651 -132.530376315117 35.1714342832565 -35.1999998092651 -132.500305771828 35.8999967575073 -35.1999998092651 -133.249998092651 35.8753576874733 -34.4999991357327 -133.059337735176 35.8999967575073 -34.4999991357327 -133.249998092651 35.8753576874733 -35.1999998092651 -133.059337735176 35.803060978651 -34.4999991357327 -132.881209254265 35.803060978651 -35.1999998092651 -132.881209254265 35.6878526508808 -34.4999991357327 -132.727295160294 34.9801480770111 -34.4999991357327 -132.519483566284 35.5373062193394 -35.1999998092651 -132.607743144035 35.3613123297691 -34.4999991357327 -132.530376315117 35.5373062193394 -34.4999991357327 -132.607743144035 34.6428863704205 -34.4999991357327 -132.6974183321 34.6428863704205 -35.1999998092651 -132.6974183321 34.5190726220608 -34.4999991357327 -132.844492793083 34.5190726220608 -35.1999998092651 -132.844492793083 34.4367139041424 -34.4999991357327 -133.01819562912 34.4367139041424 -35.1999998092651 -133.01819562912 34.4012230634689 -34.4999991357327 -133.207142353058 34.4012230634689 -35.1999998092651 -133.207142353058 35.6878526508808 -35.1999998092651 -132.727295160294 35.8999967575073 -35.1999998092651 -146.750003099442 35.8999967575073 -34.4999991357327 -133.249998092651 35.8999967575073 -34.4999991357327 -146.750003099442 35.8999967575073 -35.1999998092651 -133.249998092651 35.5373062193394 -35.1999998092651 -275.392264127731 35.6878526508808 -34.4999991357327 -275.272697210312 35.5373062193394 -34.4999991357327 -275.392264127731 35.3613123297691 -35.1999998092651 -275.46963095665 35.3613123297691 -34.4999991357327 -275.46963095665 34.6428863704205 -34.4999991357327 -275.302588939667 34.5190726220608 -35.1999998092651 -275.155514478683 34.6428863704205 -35.1999998092651 -275.302588939667 34.9801480770111 -35.1999998092651 -275.480508804321 35.1714342832565 -34.4999991357327 -275.499701499939 34.9801480770111 -34.4999991357327 -275.480508804321 34.8000191152096 -35.1999998092651 -275.413334369659 34.8000191152096 -34.4999991357327 -275.413334369659 35.1714342832565 -35.1999998092651 -275.499701499939 35.6878526508808 -35.1999998092651 -275.272697210312 35.803060978651 -34.4999991357327 -275.118798017502 34.4367139041424 -34.4999991357327 -274.981796741486 34.4012230634689 -35.1999998092651 -274.792850017548 34.4367139041424 -35.1999998092651 -274.981796741486 34.5190726220608 -34.4999991357327 -275.155514478683 34.4012230634689 -34.4999991357327 -274.792850017548 35.803060978651 -35.1999998092651 -275.118798017502 35.8753576874733 -34.4999991357327 -274.940669536591 35.8753576874733 -35.1999998092651 -274.940669536591 35.8999967575073 -34.4999991357327 -274.749994277954 35.8999967575073 -35.1999998092651 -274.749994277954 34.1986939311028 -34.4999991357327 -271.254301071167 34.4012230634689 -35.1999998092651 -274.792850017548 34.4012230634689 -34.4999991357327 -274.792850017548 34.1986939311028 -35.1999998092651 -271.254301071167 34.1986939311028 -35.1999998092651 -271.254301071167 34.1620035469532 -34.4999991357327 -271.05638384819 34.1620035469532 -35.1999998092651 -271.05638384819 34.1986939311028 -34.4999991357327 -271.254301071167 34.0770743787289 -34.4999991357327 -270.87390422821 33.9492857456207 -34.4999991357327 -270.718365907669 34.0770743787289 -35.1999998092651 -270.87390422821 33.7867252528667 -34.4999991357327 -270.599693059921 33.9492857456207 -35.1999998092651 -270.718365907669 33.5996821522713 -34.4999991357327 -270.525336265564 33.7867252528667 -35.1999998092651 -270.599693059921 33.3999991416931 -34.4999991357327 -270.500004291534 33.5996821522713 -35.1999998092651 -270.525336265564 33.200316131115 -34.4999991357327 -270.525336265564 33.3999991416931 -35.1999998092651 -270.500004291534 33.0132767558098 -34.4999991357327 -270.599693059921 33.200316131115 -35.1999998092651 -270.525336265564 32.8507162630558 -34.4999991357327 -270.718365907669 33.0132767558098 -35.1999998092651 -270.599693059921 32.7229239046574 -34.4999991357327 -270.87390422821 32.8507162630558 -35.1999998092651 -270.718365907669 32.6379984617233 -34.4999991357327 -271.05638384819 32.7229239046574 -35.1999998092651 -270.87390422821 32.6013080775738 -34.4999991357327 -271.254301071167 32.6379984617233 -35.1999998092651 -271.05638384819 32.6013080775738 -35.1999998092651 -271.254301071167 32.6013080775738 -35.1999998092651 -271.254301071167 32.3987789452076 -34.4999991357327 -274.792850017548 32.3987789452076 -35.1999998092651 -274.792850017548 32.6013080775738 -34.4999991357327 -271.254301071167 32.3632843792439 -35.1999998092651 -274.981796741486 32.3987789452076 -34.4999991357327 -274.792850017548 32.3632843792439 -34.4999991357327 -274.981796741486 32.3987789452076 -35.1999998092651 -274.792850017548 32.2809256613255 -35.1999998092651 -275.155514478683 32.2809256613255 -34.4999991357327 -275.155514478683 32.1571119129658 -35.1999998092651 -275.302588939667 32.1571119129658 -34.4999991357327 -275.302588939667 31.9999828934669 -35.1999998092651 -275.413334369659 31.9999828934669 -34.4999991357327 -275.413334369659 31.8198539316654 -35.1999998092651 -275.480508804321 31.8198539316654 -34.4999991357327 -275.480508804321 31.62856772542 -35.1999998092651 -275.499701499939 31.62856772542 -34.4999991357327 -275.499701499939 31.4386896789074 -35.1999998092651 -275.46963095665 31.4386896789074 -34.4999991357327 -275.46963095665 31.2626957893372 -35.1999998092651 -275.392264127731 31.1121474951506 -34.4999991357327 -275.272697210312 30.9969410300255 -35.1999998092651 -275.118798017502 31.1121474951506 -35.1999998092651 -275.272697210312 30.9969410300255 -34.4999991357327 -275.118798017502 30.9246424585581 -35.1999998092651 -274.940669536591 30.9246424585581 -34.4999991357327 -274.940669536591 30.9000033885241 -35.1999998092651 -274.749994277954 31.2626957893372 -34.4999991357327 -275.392264127731 30.9000033885241 -34.4999991357327 -274.749994277954 30.9000033885241 -35.1999998092651 -274.749994277954 30.9000033885241 -34.4999991357327 -261.249989271164 30.9000033885241 -35.1999998092651 -261.249989271164 30.9000033885241 -34.4999991357327 -274.749994277954 30.9246424585581 -35.1999998092651 -261.05934381485 30.9000033885241 -34.4999991357327 -261.249989271164 30.9246424585581 -34.4999991357327 -261.05934381485 30.9000033885241 -35.1999998092651 -261.249989271164 30.9969410300255 -35.1999998092651 -260.881215333939 30.9969410300255 -34.4999991357327 -260.881215333939 31.1121474951506 -35.1999998092651 -260.727286338806 31.62856772542 -35.1999998092651 -260.500311851501 31.4386896789074 -34.4999991357327 -260.530382394791 31.62856772542 -34.4999991357327 -260.500311851501 31.1121474951506 -34.4999991357327 -260.727286338806 31.2626957893372 -35.1999998092651 -260.607749223709 31.2626957893372 -34.4999991357327 -260.607749223709 31.4386896789074 -35.1999998092651 -260.530382394791 31.8198539316654 -35.1999998092651 -260.519474744797 31.9999828934669 -34.4999991357327 -260.586649179459 32.1571119129658 -35.1999998092651 -260.697424411774 31.9999828934669 -35.1999998092651 -260.586649179459 32.1571119129658 -34.4999991357327 -260.697424411774 32.2809256613255 -35.1999998092651 -260.844498872757 32.2809256613255 -34.4999991357327 -260.844498872757 32.3632843792439 -35.1999998092651 -261.018186807632 32.3632843792439 -34.4999991357327 -261.018186807632 32.3987789452076 -35.1999998092651 -261.20713353157 31.8198539316654 -34.4999991357327 -260.519474744797 32.3987789452076 -34.4999991357327 -261.20713353157 32.3987789452076 -34.4999991357327 -261.20713353157 32.6013080775738 -35.1999998092651 -264.745712280273 32.3987789452076 -35.1999998092651 -261.20713353157 32.6013080775738 -34.4999991357327 -264.745712280273 32.6379984617233 -35.1999998092651 -264.94362950325 32.7229239046574 -34.4999991357327 -265.12610912323 32.7229239046574 -35.1999998092651 -265.12610912323 32.6013080775738 -35.1999998092651 -264.745712280273 32.6379984617233 -34.4999991357327 -264.94362950325 32.6013080775738 -34.4999991357327 -264.745712280273 32.8507162630558 -34.4999991357327 -265.281617641449 33.0132767558098 -34.4999991357327 -265.400320291519 32.8507162630558 -35.1999998092651 -265.281617641449 33.200316131115 -34.4999991357327 -265.474677085876 33.0132767558098 -35.1999998092651 -265.400320291519 33.3999991416931 -34.4999991357327 -265.500009059906 33.200316131115 -35.1999998092651 -265.474677085876 33.5996821522713 -34.4999991357327 -265.474677085876 33.3999991416931 -35.1999998092651 -265.500009059906 33.7867252528667 -34.4999991357327 -265.400320291519 33.5996821522713 -35.1999998092651 -265.474677085876 34.0770743787289 -34.4999991357327 -265.12610912323 33.9492857456207 -35.1999998092651 -265.281617641449 33.9492857456207 -34.4999991357327 -265.281617641449 34.1620035469532 -34.4999991357327 -264.94362950325 34.0770743787289 -35.1999998092651 -265.12610912323 34.1986939311028 -34.4999991357327 -264.745712280273 34.1620035469532 -35.1999998092651 -264.94362950325 33.7867252528667 -35.1999998092651 -265.400320291519 34.1986939311028 -35.1999998092651 -264.745712280273 34.4012230634689 -34.4999991357327 -261.20713353157 34.1986939311028 -35.1999998092651 -264.745712280273 34.1986939311028 -34.4999991357327 -264.745712280273 34.4012230634689 -35.1999998092651 -261.20713353157 35.8999967575073 -35.1999998092651 -261.249989271164 35.8753576874733 -34.4999991357327 -261.05934381485 35.8999967575073 -34.4999991357327 -261.249989271164 35.8753576874733 -35.1999998092651 -261.05934381485 35.803060978651 -34.4999991357327 -260.881215333939 35.803060978651 -35.1999998092651 -260.881215333939 35.6878526508808 -34.4999991357327 -260.727286338806 35.6878526508808 -35.1999998092651 -260.727286338806 35.5373062193394 -34.4999991357327 -260.607749223709 35.5373062193394 -35.1999998092651 -260.607749223709 35.3613123297691 -34.4999991357327 -260.530382394791 35.3613123297691 -35.1999998092651 -260.530382394791 35.1714342832565 -34.4999991357327 -260.500311851501 35.1714342832565 -35.1999998092651 -260.500311851501 34.9801480770111 -34.4999991357327 -260.519474744797 34.9801480770111 -35.1999998092651 -260.519474744797 34.8000191152096 -34.4999991357327 -260.586649179459 34.8000191152096 -35.1999998092651 -260.586649179459 34.6428863704205 -34.4999991357327 -260.697424411774 34.6428863704205 -35.1999998092651 -260.697424411774 34.5190726220608 -34.4999991357327 -260.844498872757 34.5190726220608 -35.1999998092651 -260.844498872757 34.4367139041424 -34.4999991357327 -261.018186807632 34.4367139041424 -35.1999998092651 -261.018186807632 34.4012230634689 -34.4999991357327 -261.20713353157 34.4012230634689 -35.1999998092651 -261.20713353157 35.8999967575073 -34.4999991357327 -274.749994277954 35.8999967575073 -35.1999998092651 -261.249989271164 35.8999967575073 -34.4999991357327 -261.249989271164 35.8999967575073 -35.1999998092651 -274.749994277954 35.8753576874733 -34.4999991357327 -374.940663576126 35.803060978651 -35.1999998092651 -375.118792057037 35.8753576874733 -35.1999998092651 -374.940663576126 35.803060978651 -34.4999991357327 -375.118792057037 35.6878526508808 -35.1999998092651 -375.272691249847 35.6878526508808 -34.4999991357327 -375.272691249847 35.5373062193394 -35.1999998092651 -375.392258167267 35.5373062193394 -34.4999991357327 -375.392258167267 35.3613123297691 -35.1999998092651 -375.469624996185 35.3613123297691 -34.4999991357327 -375.469624996185 35.1714342832565 -35.1999998092651 -375.499695539474 35.8999967575073 -34.4999991357327 -374.750018119812 35.8999967575073 -35.1999998092651 -374.750018119812 34.9801480770111 -34.4999991357327 -375.480502843857 34.8000191152096 -35.1999998092651 -375.413328409195 34.9801480770111 -35.1999998092651 -375.480502843857 34.8000191152096 -34.4999991357327 -375.413328409195 34.6428863704205 -35.1999998092651 -375.302582979202 34.6428863704205 -34.4999991357327 -375.302582979202 34.5190726220608 -35.1999998092651 -375.155508518219 34.5190726220608 -34.4999991357327 -375.155508518219 34.4367139041424 -35.1999998092651 -374.981790781021 34.4367139041424 -34.4999991357327 -374.981790781021 34.4012230634689 -35.1999998092651 -374.792873859406 34.4012230634689 -34.4999991357327 -374.792873859406 35.1714342832565 -34.4999991357327 -375.499695539474 34.1986939311028 -34.4999991357327 -371.254295110703 34.4012230634689 -35.1999998092651 -374.792873859406 34.4012230634689 -34.4999991357327 -374.792873859406 34.1986939311028 -35.1999998092651 -371.254295110703 32.6379984617233 -35.1999998092651 -371.056377887726 32.6013080775738 -34.4999991357327 -371.254295110703 32.6013080775738 -35.1999998092651 -371.254295110703 32.8507162630558 -35.1999998092651 -370.718389749527 32.7229239046574 -34.4999991357327 -370.873898267746 32.7229239046574 -35.1999998092651 -370.873898267746 33.0132767558098 -35.1999998092651 -370.599687099457 32.8507162630558 -34.4999991357327 -370.718389749527 33.200316131115 -35.1999998092651 -370.525330305099 33.0132767558098 -34.4999991357327 -370.599687099457 33.3999991416931 -35.1999998092651 -370.49999833107 33.200316131115 -34.4999991357327 -370.525330305099 33.5996821522713 -35.1999998092651 -370.525330305099 33.3999991416931 -34.4999991357327 -370.49999833107 33.7867252528667 -35.1999998092651 -370.599687099457 33.5996821522713 -34.4999991357327 -370.525330305099 32.6379984617233 -34.4999991357327 -371.056377887726 33.9492857456207 -35.1999998092651 -370.718389749527 33.7867252528667 -34.4999991357327 -370.599687099457 34.0770743787289 -35.1999998092651 -370.873898267746 33.9492857456207 -34.4999991357327 -370.718389749527 34.1620035469532 -35.1999998092651 -371.056377887726 34.0770743787289 -34.4999991357327 -370.873898267746 34.1986939311028 -35.1999998092651 -371.254295110703 34.1620035469532 -34.4999991357327 -371.056377887726 34.1986939311028 -34.4999991357327 -371.254295110703 32.6013080775738 -35.1999998092651 -371.254295110703 32.3987789452076 -34.4999991357327 -374.792873859406 32.3987789452076 -35.1999998092651 -374.792873859406 32.6013080775738 -34.4999991357327 -371.254295110703 31.1121474951506 -34.4999991357327 -375.272691249847 30.9969410300255 -35.1999998092651 -375.118792057037 31.1121474951506 -35.1999998092651 -375.272691249847 31.2626957893372 -34.4999991357327 -375.392258167267 31.2626957893372 -35.1999998092651 -375.392258167267 31.4386896789074 -34.4999991357327 -375.469624996185 31.4386896789074 -35.1999998092651 -375.469624996185 31.62856772542 -34.4999991357327 -375.499695539474 31.62856772542 -35.1999998092651 -375.499695539474 30.9969410300255 -34.4999991357327 -375.118792057037 30.9246424585581 -35.1999998092651 -374.940663576126 30.9246424585581 -34.4999991357327 -374.940663576126 30.9000033885241 -35.1999998092651 -374.750018119812 30.9000033885241 -34.4999991357327 -374.750018119812 31.8198539316654 -34.4999991357327 -375.480502843857 31.8198539316654 -35.1999998092651 -375.480502843857 31.9999828934669 -34.4999991357327 -375.413328409195 31.9999828934669 -35.1999998092651 -375.413328409195 32.1571119129658 -34.4999991357327 -375.302582979202 32.1571119129658 -35.1999998092651 -375.302582979202 32.2809256613255 -34.4999991357327 -375.155508518219 32.2809256613255 -35.1999998092651 -375.155508518219 32.3632843792439 -34.4999991357327 -374.981790781021 32.3632843792439 -35.1999998092651 -374.981790781021 32.3987789452076 -34.4999991357327 -374.792873859406 32.3987789452076 -35.1999998092651 -374.792873859406 30.9000033885241 -35.1999998092651 -374.750018119812 30.9000033885241 -34.4999991357327 -361.249983310699 30.9000033885241 -35.1999998092651 -361.249983310699 30.9000033885241 -34.4999991357327 -374.750018119812 31.9999828934669 -34.4999991357327 -360.586673021317 32.1571119129658 -35.1999998092651 -360.697418451309 31.9999828934669 -35.1999998092651 -360.586673021317 32.1571119129658 -34.4999991357327 -360.697418451309 32.2809256613255 -35.1999998092651 -360.844492912292 32.2809256613255 -34.4999991357327 -360.844492912292 32.3632843792439 -35.1999998092651 -361.01821064949 31.4386896789074 -34.4999991357327 -360.530376434326 31.62856772542 -35.1999998092651 -360.500305891037 31.4386896789074 -35.1999998092651 -360.530376434326 31.2626957893372 -34.4999991357327 -360.607743263245 31.2626957893372 -35.1999998092651 -360.607743263245 31.1121474951506 -34.4999991357327 -360.727310180664 31.1121474951506 -35.1999998092651 -360.727310180664 32.3632843792439 -34.4999991357327 -361.01821064949 32.3987789452076 -35.1999998092651 -361.207127571106 30.9969410300255 -34.4999991357327 -360.881209373474 30.9969410300255 -35.1999998092651 -360.881209373474 30.9246424585581 -34.4999991357327 -361.059337854385 30.9246424585581 -35.1999998092651 -361.059337854385 30.9000033885241 -34.4999991357327 -361.249983310699 30.9000033885241 -35.1999998092651 -361.249983310699 31.8198539316654 -34.4999991357327 -360.519468784332 31.8198539316654 -35.1999998092651 -360.519468784332 31.62856772542 -34.4999991357327 -360.500305891037 32.3987789452076 -34.4999991357327 -361.207127571106 32.3987789452076 -35.1999998092651 -361.207127571106 32.6013080775738 -34.4999991357327 -364.745706319809 32.6013080775738 -35.1999998092651 -364.745706319809 32.3987789452076 -34.4999991357327 -361.207127571106 33.9492857456207 -34.4999991357327 -365.281611680984 33.7867252528667 -35.1999998092651 -365.400314331055 33.7867252528667 -34.4999991357327 -365.400314331055 33.5996821522713 -35.1999998092651 -365.474671125412 33.5996821522713 -34.4999991357327 -365.474671125412 33.3999991416931 -35.1999998092651 -365.500003099442 33.3999991416931 -34.4999991357327 -365.500003099442 33.200316131115 -35.1999998092651 -365.474671125412 33.200316131115 -34.4999991357327 -365.474671125412 33.0132767558098 -35.1999998092651 -365.400314331055 33.0132767558098 -34.4999991357327 -365.400314331055 32.8507162630558 -35.1999998092651 -365.281611680984 32.8507162630558 -34.4999991357327 -365.281611680984 32.7229239046574 -35.1999998092651 -365.126103162766 32.7229239046574 -34.4999991357327 -365.126103162766 32.6379984617233 -35.1999998092651 -364.943623542786 32.6379984617233 -34.4999991357327 -364.943623542786 32.6013080775738 -35.1999998092651 -364.745706319809 32.6013080775738 -34.4999991357327 -364.745706319809 34.0770743787289 -34.4999991357327 -365.126103162766 33.9492857456207 -35.1999998092651 -365.281611680984 34.0770743787289 -35.1999998092651 -365.126103162766 34.1620035469532 -34.4999991357327 -364.943623542786 34.1620035469532 -35.1999998092651 -364.943623542786 34.1986939311028 -34.4999991357327 -364.745706319809 34.1986939311028 -35.1999998092651 -364.745706319809 34.4012230634689 -35.1999998092651 -361.207127571106 34.1986939311028 -34.4999991357327 -364.745706319809 34.4012230634689 -34.4999991357327 -361.207127571106 34.1986939311028 -35.1999998092651 -364.745706319809 35.3613123297691 -34.4999991357327 -360.530376434326 35.5373062193394 -35.1999998092651 -360.607743263245 35.3613123297691 -35.1999998092651 -360.530376434326 35.1714342832565 -34.4999991357327 -360.500305891037 35.1714342832565 -35.1999998092651 -360.500305891037 34.9801480770111 -34.4999991357327 -360.519468784332 34.9801480770111 -35.1999998092651 -360.519468784332 34.8000191152096 -34.4999991357327 -360.586673021317 34.8000191152096 -35.1999998092651 -360.586673021317 34.6428863704205 -34.4999991357327 -360.697418451309 34.6428863704205 -35.1999998092651 -360.697418451309 34.5190726220608 -34.4999991357327 -360.844492912292 34.5190726220608 -35.1999998092651 -360.844492912292 34.4367139041424 -34.4999991357327 -361.01821064949 34.4367139041424 -35.1999998092651 -361.01821064949 34.4012230634689 -34.4999991357327 -361.207127571106 34.4012230634689 -35.1999998092651 -361.207127571106 35.5373062193394 -34.4999991357327 -360.607743263245 35.6878526508808 -35.1999998092651 -360.727310180664 35.6878526508808 -34.4999991357327 -360.727310180664 35.803060978651 -35.1999998092651 -360.881209373474 35.803060978651 -34.4999991357327 -360.881209373474 35.8753576874733 -35.1999998092651 -361.059337854385 35.8753576874733 -34.4999991357327 -361.059337854385 35.8999967575073 -35.1999998092651 -361.249983310699 35.8999967575073 -34.4999991357327 -361.249983310699 35.8999967575073 -35.1999998092651 -361.249983310699 35.8999967575073 -34.4999991357327 -374.750018119812 35.8999967575073 -35.1999998092651 -374.750018119812 35.8999967575073 -34.4999991357327 -361.249983310699 34.400001168251 -34.4999991357327 17.9500002413988 33.6106009781361 -35.1999998092651 18.0539265275002 34.400001168251 -35.1999998092651 17.9500002413988 33.6106009781361 -35.1999998092651 23.9460729062557 32.8750014305115 -34.4999991357327 23.6413776874542 33.6106009781361 -34.4999991357327 23.9460729062557 32.8750014305115 -35.1999998092651 23.6413776874542 32.2433225810528 -34.4999991357327 23.156676441431 32.2433225810528 -35.1999998092651 23.156676441431 31.7586213350296 -34.4999991357327 22.5249994546175 31.7586213350296 -35.1999998092651 22.5249994546175 31.4539261162281 -34.4999991357327 21.7893980443478 31.4539261162281 -35.1999998092651 21.7893980443478 31.3500016927719 -34.4999991357327 20.9999997168779 31.3500016927719 -35.1999998092651 20.9999997168779 31.4539261162281 -34.4999991357327 20.2106013894081 31.4539261162281 -35.1999998092651 20.2106013894081 31.7586213350296 -34.4999991357327 19.4749999791384 31.7586213350296 -35.1999998092651 19.4749999791384 32.2433225810528 -34.4999991357327 18.84332485497 32.2433225810528 -35.1999998092651 18.84332485497 32.8750014305115 -34.4999991357327 18.3586217463017 32.8750014305115 -35.1999998092651 18.3586217463017 33.6106009781361 -34.4999991357327 18.0539265275002 35.1893976330757 -34.4999991357327 18.0539265275002 35.1893976330757 -35.1999998092651 18.0539265275002 35.9250009059906 -34.4999991357327 18.3586217463017 35.9250009059906 -35.1999998092651 18.3586217463017 36.556676030159 -34.4999991357327 18.84332485497 36.556676030159 -35.1999998092651 18.84332485497 37.0413772761822 -34.4999991357327 19.4749999791384 37.0413772761822 -35.1999998092651 19.4749999791384 37.3460724949837 -34.4999991357327 20.2106013894081 37.3460724949837 -35.1999998092651 20.2106013894081 37.4500006437302 -34.4999991357327 20.9999997168779 37.4500006437302 -35.1999998092651 20.9999997168779 37.3460724949837 -34.4999991357327 21.7893980443478 37.3460724949837 -35.1999998092651 21.7893980443478 37.0413772761822 -34.4999991357327 22.5249994546175 37.0413772761822 -35.1999998092651 22.5249994546175 36.556676030159 -34.4999991357327 23.156676441431 36.556676030159 -35.1999998092651 23.156676441431 35.9250009059906 -34.4999991357327 23.6413776874542 35.9250009059906 -35.1999998092651 23.6413776874542 35.1893976330757 -34.4999991357327 23.9460729062557 35.1893976330757 -35.1999998092651 23.9460729062557 34.400001168251 -34.4999991357327 24.0499991923571 34.400001168251 -35.1999998092651 24.0499991923571 33.6106009781361 -35.1999998092651 -232.05392062664 32.8750014305115 -34.4999991357327 -232.358619570732 33.6106009781361 -34.4999991357327 -232.05392062664 34.400001168251 -35.1999998092651 -231.949999928474 34.400001168251 -34.4999991357327 -231.949999928474 31.4539261162281 -34.4999991357327 -234.210595488548 31.7586213350296 -35.1999998092651 -233.474999666214 31.4539261162281 -35.1999998092651 -234.210595488548 32.8750014305115 -35.1999998092651 -232.358619570732 32.2433225810528 -34.4999991357327 -232.843324542046 32.2433225810528 -35.1999998092651 -232.843324542046 31.7586213350296 -34.4999991357327 -233.474999666214 31.3500016927719 -34.4999991357327 -234.999999403954 31.3500016927719 -35.1999998092651 -234.999999403954 31.4539261162281 -34.4999991357327 -235.789403319359 31.4539261162281 -35.1999998092651 -235.789403319359 31.7586213350296 -34.4999991357327 -236.524999141693 31.7586213350296 -35.1999998092651 -236.524999141693 32.2433225810528 -34.4999991357327 -237.156674265862 32.2433225810528 -35.1999998092651 -237.156674265862 32.8750014305115 -34.4999991357327 -237.641379237175 32.8750014305115 -35.1999998092651 -237.641379237175 33.6106009781361 -34.4999991357327 -237.946078181267 33.6106009781361 -35.1999998092651 -237.946078181267 34.400001168251 -34.4999991357327 -238.049998879433 34.400001168251 -35.1999998092651 -238.049998879433 35.1893976330757 -34.4999991357327 -237.946078181267 35.1893976330757 -35.1999998092651 -237.946078181267 35.9250009059906 -34.4999991357327 -237.641379237175 35.9250009059906 -35.1999998092651 -237.641379237175 36.556676030159 -34.4999991357327 -237.156674265862 36.556676030159 -35.1999998092651 -237.156674265862 37.0413772761822 -34.4999991357327 -236.524999141693 37.0413772761822 -35.1999998092651 -236.524999141693 37.3460724949837 -34.4999991357327 -235.789403319359 37.3460724949837 -35.1999998092651 -235.789403319359 37.4500006437302 -34.4999991357327 -234.999999403954 37.4500006437302 -35.1999998092651 -234.999999403954 37.3460724949837 -34.4999991357327 -234.210595488548 37.3460724949837 -35.1999998092651 -234.210595488548 37.0413772761822 -34.4999991357327 -233.474999666214 37.0413772761822 -35.1999998092651 -233.474999666214 36.556676030159 -34.4999991357327 -232.843324542046 36.556676030159 -35.1999998092651 -232.843324542046 35.9250009059906 -34.4999991357327 -232.358619570732 35.9250009059906 -35.1999998092651 -232.358619570732 35.1893976330757 -34.4999991357327 -232.05392062664 35.1893976330757 -35.1999998092651 -232.05392062664 19.4174684584141 10.8749996870756 32.0000015199184 19.2925930023193 11.1764762550592 37.0000004768372 19.4174684584141 10.8749996870756 37.0000004768372 19.4174684584141 12.1250003576279 37.0000004768372 19.2925930023193 11.8235237896442 32.0000015199184 19.4174684584141 12.1250003576279 32.0000015199184 19.6161158382893 12.383883818984 37.0000004768372 19.6161158382893 12.383883818984 32.0000015199184 19.8749992996454 12.5825321301818 37.0000004768372 19.8749992996454 12.5825321301818 32.0000015199184 19.2499998956919 11.5000000223517 32.0000015199184 19.2925930023193 11.8235237896442 37.0000004768372 19.2499998956919 11.5000000223517 37.0000004768372 20.1764758676291 12.7074075862765 37.0000004768372 20.1764758676291 12.7074075862765 32.0000015199184 20.5000005662441 12.7499997615814 37.0000004768372 20.5000005662441 12.7499997615814 32.0000015199184 20.8235234022141 12.7074075862765 37.0000004768372 20.8235234022141 12.7074075862765 32.0000015199184 21.1249999701977 12.5825321301818 37.0000004768372 21.1249999701977 12.5825321301818 32.0000015199184 21.3838834315538 12.383883818984 37.0000004768372 21.3838834315538 12.383883818984 32.0000015199184 21.5825326740742 12.1250003576279 37.0000004768372 21.5825326740742 12.1250003576279 32.0000015199184 21.7074081301689 11.8235237896442 37.0000004768372 21.7074081301689 11.8235237896442 32.0000015199184 21.7499993741512 11.5000000223517 37.0000004768372 21.7499993741512 11.5000000223517 32.0000015199184 21.7074081301689 11.1764762550592 37.0000004768372 21.7074081301689 11.1764762550592 32.0000015199184 21.5825326740742 10.8749996870756 37.0000004768372 21.5825326740742 10.8749996870756 32.0000015199184 21.3838834315538 10.6161162257195 37.0000004768372 21.3838834315538 10.6161162257195 32.0000015199184 21.1249999701977 10.4174679145217 37.0000004768372 21.1249999701977 10.4174679145217 32.0000015199184 20.8235234022141 10.292592458427 37.0000004768372 20.8235234022141 10.292592458427 32.0000015199184 20.5000005662441 10.2500002831221 37.0000004768372 20.5000005662441 10.2500002831221 32.0000015199184 20.1764758676291 10.292592458427 37.0000004768372 20.1764758676291 10.292592458427 32.0000015199184 19.8749992996454 10.4174679145217 37.0000004768372 19.8749992996454 10.4174679145217 32.0000015199184 19.6161158382893 10.6161162257195 37.0000004768372 19.6161158382893 10.6161162257195 32.0000015199184 19.2925930023193 11.1764762550592 32.0000015199184 20.5000005662441 11.5000000223517 32.0000015199184 21.5825326740742 12.1250003576279 32.0000015199184 21.3838834315538 12.383883818984 32.0000015199184 21.7074081301689 11.8235237896442 32.0000015199184 21.7499993741512 11.5000000223517 32.0000015199184 21.7074081301689 11.1764762550592 32.0000015199184 21.1249999701977 12.5825321301818 32.0000015199184 20.8235234022141 12.7074075862765 32.0000015199184 20.5000005662441 12.7499997615814 32.0000015199184 20.1764758676291 12.7074075862765 32.0000015199184 19.8749992996454 12.5825321301818 32.0000015199184 19.6161158382893 12.383883818984 32.0000015199184 19.4174684584141 10.8749996870756 32.0000015199184 19.2925930023193 11.1764762550592 32.0000015199184 19.4174684584141 12.1250003576279 32.0000015199184 19.2925930023193 11.8235237896442 32.0000015199184 19.2499998956919 11.5000000223517 32.0000015199184 21.5825326740742 10.8749996870756 32.0000015199184 21.3838834315538 10.6161162257195 32.0000015199184 21.1249999701977 10.4174679145217 32.0000015199184 20.8235234022141 10.292592458427 32.0000015199184 20.5000005662441 10.2500002831221 32.0000015199184 20.1764758676291 10.292592458427 32.0000015199184 19.8749992996454 10.4174679145217 32.0000015199184 19.6161158382893 10.6161162257195 32.0000015199184 17.8999993950129 48.0999983847141 33.9000001549721 22.9000002145767 48.0999983847141 28.8999993354082 17.8999993950129 48.0999983847141 28.8999993354082 22.9000002145767 48.0999983847141 33.9000001549721 17.8999993950129 48.0999983847141 28.8999993354082 22.9000002145767 48.9000007510185 28.8999993354082 17.8999993950129 48.9000007510185 28.8999993354082 22.9000002145767 48.0999983847141 28.8999993354082 22.9000002145767 48.9000007510185 28.8999993354082 22.9000002145767 48.0999983847141 33.9000001549721 22.9000002145767 48.9000007510185 33.9000001549721 22.9000002145767 48.0999983847141 28.8999993354082 17.8999993950129 48.0999983847141 33.9000001549721 22.9000002145767 48.9000007510185 33.9000001549721 22.9000002145767 48.0999983847141 33.9000001549721 17.8999993950129 48.9000007510185 33.9000001549721 17.8999993950129 48.9000007510185 28.8999993354082 17.8999993950129 48.0999983847141 33.9000001549721 17.8999993950129 48.0999983847141 28.8999993354082 17.8999993950129 48.9000007510185 33.9000001549721 26.7500001937151 0.433974608313292 25.2999998629093 26.7500001937151 1.30000000353903 25.8000008761883 26.7500001937151 0.592893222346902 25.5071073770523 26.7500001937151 20.9999997168779 25.6660245358944 26.7500001937151 21.4659254997969 25.0588189810514 26.7500001937151 21.3660262525082 25.2999998629093 26.7500001937151 21.2071072310209 -17.1071067452431 26.7500001937151 21.4659254997969 -16.6588183492422 26.7500001937151 21.5000007301569 -16.4000000804663 26.7500001937151 0.33407416776754 -16.6588183492422 26.7500001937151 1.30000000353903 -17.400000244379 26.7500001937151 0.300000014249235 -16.4000000804663 26.7500001937151 0.592893222346902 -17.1071067452431 26.7500001937151 0.7999999797903 -17.2660257667303 26.7500001937151 20.9999997168779 -17.2660257667303 26.7500001937151 21.5000007301569 24.8000007122755 26.7500001937151 20.5000005662441 -17.400000244379 26.7500001937151 20.7588188350201 25.7659256458282 26.7500001937151 20.7588188350201 -17.365925014019 26.7500001937151 0.433974608313292 -16.8999992311001 26.7500001937151 1.04118091985583 -17.365925014019 26.7500001937151 21.3660262525082 -16.8999992311001 26.7500001937151 21.2071072310209 25.5071073770523 26.7500001937151 0.300000014249235 24.8000007122755 26.7500001937151 0.33407416776754 25.0588189810514 26.7500001937151 1.04118091985583 25.7659256458282 26.7500001937151 20.5000005662441 25.8000008761883 26.7500001937151 0.7999999797903 25.6660245358944 27.8999991714954 0.300000014249235 24.8000007122755 26.7500001937151 0.300000014249235 -16.4000000804663 26.7500001937151 0.300000014249235 24.8000007122755 27.8999991714954 0.300000014249235 -16.4000000804663 27.8999991714954 0.33407416776754 25.0588189810514 26.7500001937151 0.300000014249235 24.8000007122755 26.7500001937151 0.33407416776754 25.0588189810514 27.8999991714954 0.433974608313292 25.2999998629093 26.7500001937151 0.433974608313292 25.2999998629093 27.8999991714954 0.592893222346902 25.5071073770523 26.7500001937151 0.592893222346902 25.5071073770523 27.8999991714954 0.7999999797903 25.6660245358944 26.7500001937151 0.7999999797903 25.6660245358944 27.8999991714954 1.04118091985583 25.7659256458282 26.7500001937151 1.04118091985583 25.7659256458282 27.8999991714954 1.30000000353903 25.8000008761883 26.7500001937151 1.30000000353903 25.8000008761883 27.8999991714954 0.300000014249235 24.8000007122755 27.8999991714954 1.30000000353903 25.8000008761883 26.7500001937151 20.5000005662441 25.8000008761883 27.8999991714954 20.5000005662441 25.8000008761883 26.7500001937151 1.30000000353903 25.8000008761883 26.7500001937151 20.5000005662441 25.8000008761883 27.8999991714954 20.7588188350201 25.7659256458282 27.8999991714954 20.5000005662441 25.8000008761883 26.7500001937151 20.7588188350201 25.7659256458282 27.8999991714954 20.9999997168779 25.6660245358944 26.7500001937151 20.9999997168779 25.6660245358944 27.8999991714954 21.2071072310209 25.5071073770523 26.7500001937151 21.2071072310209 25.5071073770523 27.8999991714954 21.3660262525082 25.2999998629093 26.7500001937151 21.3660262525082 25.2999998629093 27.8999991714954 21.4659254997969 25.0588189810514 26.7500001937151 21.4659254997969 25.0588189810514 27.8999991714954 21.5000007301569 24.8000007122755 26.7500001937151 21.5000007301569 24.8000007122755 26.7500001937151 21.5000007301569 24.8000007122755 27.8999991714954 21.5000007301569 -16.4000000804663 27.8999991714954 21.5000007301569 24.8000007122755 26.7500001937151 21.5000007301569 -16.4000000804663 27.8999991714954 21.3660262525082 -16.8999992311001 26.7500001937151 21.4659254997969 -16.6588183492422 26.7500001937151 21.3660262525082 -16.8999992311001 27.8999991714954 21.4659254997969 -16.6588183492422 26.7500001937151 21.5000007301569 -16.4000000804663 27.8999991714954 21.2071072310209 -17.1071067452431 26.7500001937151 21.2071072310209 -17.1071067452431 27.8999991714954 20.9999997168779 -17.2660257667303 26.7500001937151 20.9999997168779 -17.2660257667303 27.8999991714954 20.7588188350201 -17.365925014019 26.7500001937151 20.7588188350201 -17.365925014019 27.8999991714954 20.5000005662441 -17.400000244379 26.7500001937151 20.5000005662441 -17.400000244379 27.8999991714954 21.5000007301569 -16.4000000804663 27.8999991714954 1.30000000353903 -17.400000244379 26.7500001937151 20.5000005662441 -17.400000244379 26.7500001937151 1.30000000353903 -17.400000244379 27.8999991714954 20.5000005662441 -17.400000244379 27.8999991714954 0.433974608313292 -16.8999992311001 26.7500001937151 0.592893222346902 -17.1071067452431 26.7500001937151 0.433974608313292 -16.8999992311001 27.8999991714954 1.04118091985583 -17.365925014019 26.7500001937151 1.30000000353903 -17.400000244379 26.7500001937151 1.04118091985583 -17.365925014019 27.8999991714954 0.7999999797903 -17.2660257667303 26.7500001937151 0.7999999797903 -17.2660257667303 27.8999991714954 0.592893222346902 -17.1071067452431 27.8999991714954 1.30000000353903 -17.400000244379 27.8999991714954 0.33407416776754 -16.6588183492422 26.7500001937151 0.33407416776754 -16.6588183492422 27.8999991714954 0.300000014249235 -16.4000000804663 26.7500001937151 0.300000014249235 -16.4000000804663 26.0000005364418 11.6999996826053 -416.35000705719 26.0000005364418 14.2102288082242 -413.839757442474 26.0000005364418 13.4749999269843 -413.275599479675 26.0000005364418 14.7743904963136 -414.575010538101 26.0000005364418 15.129036270082 -415.431201457977 26.0000005364418 9.9250003695488 -413.275599479675 26.0000005364418 9.18977055698633 -413.839757442474 26.0000005364418 10.7811922207475 -419.779032468796 26.0000005364418 11.6999996826053 -419.900000095367 26.0000005364418 9.9250003695488 -419.424384832382 26.0000005364418 9.18977055698633 -418.860226869583 26.0000005364418 8.62560980021954 -418.125003576279 26.0000005364418 8.27096309512854 -417.268812656403 26.0000005364418 12.6188071444631 -412.920951843262 26.0000005364418 8.27096309512854 -415.431201457977 26.0000005364418 8.15000012516975 -416.35000705719 26.0000005364418 8.62560980021954 -414.575010538101 26.0000005364418 12.6188071444631 -419.779032468796 26.0000005364418 13.4749999269843 -419.424384832382 26.0000005364418 14.2102288082242 -418.860226869583 26.0000005364418 14.7743904963136 -418.125003576279 26.0000005364418 15.129036270082 -417.268812656403 26.0000005364418 15.2500001713634 -416.35000705719 26.0000005364418 11.6999996826053 -412.800014019012 26.0000005364418 10.7811922207475 -412.920951843262 27.8999991714954 8.27096309512854 -417.268812656403 26.0000005364418 8.62560980021954 -418.125003576279 26.0000005364418 8.27096309512854 -417.268812656403 27.8999991714954 8.62560980021954 -418.125003576279 26.0000005364418 9.18977055698633 -418.860226869583 27.8999991714954 8.15000012516975 -416.35000705719 26.0000005364418 8.15000012516975 -416.35000705719 27.8999991714954 9.18977055698633 -418.860226869583 26.0000005364418 9.9250003695488 -419.424384832382 27.8999991714954 9.9250003695488 -419.424384832382 26.0000005364418 10.7811922207475 -419.779032468796 27.8999991714954 10.7811922207475 -419.779032468796 26.0000005364418 11.6999996826053 -419.900000095367 27.8999991714954 11.6999996826053 -419.900000095367 26.0000005364418 12.6188071444631 -419.779032468796 27.8999991714954 12.6188071444631 -419.779032468796 27.8999991714954 11.6999996826053 -412.800014019012 26.0000005364418 10.7811922207475 -412.920951843262 26.0000005364418 11.6999996826053 -412.800014019012 27.8999991714954 12.6188071444631 -412.920951843262 26.0000005364418 12.6188071444631 -412.920951843262 27.8999991714954 13.4749999269843 -413.275599479675 26.0000005364418 13.4749999269843 -413.275599479675 27.8999991714954 14.2102288082242 -413.839757442474 26.0000005364418 14.2102288082242 -413.839757442474 27.8999991714954 14.7743904963136 -414.575010538101 26.0000005364418 14.7743904963136 -414.575010538101 27.8999991714954 8.27096309512854 -415.431201457977 26.0000005364418 8.27096309512854 -415.431201457977 27.8999991714954 8.62560980021954 -414.575010538101 26.0000005364418 8.62560980021954 -414.575010538101 26.0000005364418 13.4749999269843 -419.424384832382 27.8999991714954 9.18977055698633 -413.839757442474 26.0000005364418 9.18977055698633 -413.839757442474 27.8999991714954 9.9250003695488 -413.275599479675 26.0000005364418 9.9250003695488 -413.275599479675 27.8999991714954 10.7811922207475 -412.920951843262 27.8999991714954 15.129036270082 -415.431201457977 26.0000005364418 15.129036270082 -415.431201457977 27.8999991714954 15.2500001713634 -416.35000705719 26.0000005364418 15.2500001713634 -416.35000705719 27.8999991714954 15.129036270082 -417.268812656403 26.0000005364418 15.129036270082 -417.268812656403 27.8999991714954 14.7743904963136 -418.125003576279 26.0000005364418 14.7743904963136 -418.125003576279 27.8999991714954 13.4749999269843 -419.424384832382 26.0000005364418 14.2102288082242 -418.860226869583 27.8999991714954 14.2102288082242 -418.860226869583 8.20000004023314 -41.4500012993813 37.0000004768372 8.20000004023314 -35.1499989628792 -453.20001244545 8.20000004023314 -35.1499989628792 37.0000004768372 8.20000004023314 -41.4500012993813 -453.20001244545 7.55000021308661 -42.1000011265278 -453.20001244545 7.38176750019193 -42.0778505504131 37.0000004768372 7.38176750019193 -42.0778505504131 -453.20001244545 7.22499983385205 -42.0129150152206 37.0000004768372 7.22499983385205 -42.0129150152206 -453.20001244545 7.0903804153204 -41.9096201658249 37.0000004768372 7.0903804153204 -41.9096201658249 -453.20001244545 6.9870837032795 -41.7749993503094 37.0000004768372 6.9870837032795 -41.7749993503094 -453.20001244545 7.71823246032 -42.0778505504131 -453.20001244545 7.55000021308661 -42.1000011265278 37.0000004768372 7.87500012665987 -42.0129150152206 -453.20001244545 7.71823246032 -42.0778505504131 37.0000004768372 8.00961907953024 -41.9096201658249 -453.20001244545 7.87500012665987 -42.0129150152206 37.0000004768372 8.11291672289371 -41.7749993503094 -453.20001244545 8.00961907953024 -41.9096201658249 37.0000004768372 6.92214816808701 -41.6182316839695 37.0000004768372 6.92214816808701 -41.6182316839695 -453.20001244545 8.20000004023314 -41.4500012993813 -453.20001244545 8.17785132676363 -41.6182316839695 37.0000004768372 8.17785132676363 -41.6182316839695 -453.20001244545 8.20000004023314 -41.4500012993813 37.0000004768372 8.11291672289371 -41.7749993503094 37.0000004768372 6.89999992027879 -41.4500012993813 37.0000004768372 6.89999992027879 -41.4500012993813 -453.20001244545 6.89999992027879 -25.9553827345371 -453.20001244545 6.89999992027879 -41.4500012993813 37.0000004768372 6.89999992027879 -25.9553827345371 37.0000004768372 6.89999992027879 -41.4500012993813 -453.20001244545 12.9003282636404 47.8890873491764 37.0000004768372 8.41586757451296 -7.30000017210841 -453.20001244545 6.89999992027879 -25.9553827345371 37.0000004768372 6.89999992027879 -25.9553827345371 -453.20001244545 12.9003282636404 47.8890873491764 -453.20001244545 13.7263974174857 48.866268247366 37.0000004768372 13.4726585820317 48.7671419978142 -453.20001244545 13.4726585820317 48.7671419978142 37.0000004768372 12.9558425396681 48.1557846069336 -453.20001244545 13.0751924589276 48.4006628394127 37.0000004768372 13.0751924589276 48.4006628394127 -453.20001244545 13.2510596886277 48.6087016761303 37.0000004768372 13.2510596886277 48.6087016761303 -453.20001244545 13.7263974174857 48.866268247366 -453.20001244545 13.9967147260904 48.9000007510185 37.0000004768372 13.9967147260904 48.9000007510185 -453.20001244545 12.9558425396681 48.1557846069336 37.0000004768372 12.9003282636404 47.8890873491764 -453.20001244545 12.9003282636404 47.8890873491764 37.0000004768372 22.9000002145767 48.9000007510185 28.8999993354082 26.7999991774559 48.9000007510185 37.0000004768372 26.7999991774559 48.9000007510185 -437.000006437302 13.9967147260904 48.9000007510185 -453.20001244545 18.6000000685453 48.9000007510185 -437.000006437302 18.6000000685453 48.9000007510185 -453.20001244545 22.9000002145767 48.9000007510185 33.9000001549721 17.8999993950129 48.9000007510185 33.9000001549721 13.9967147260904 48.9000007510185 37.0000004768372 17.8999993950129 48.9000007510185 28.8999993354082 27.7526285499334 48.3499988913536 37.0000004768372 27.577817440033 48.577819019556 -437.000006437302 27.577817440033 48.577819019556 37.0000004768372 27.8625190258026 48.0847023427486 37.0000004768372 27.7526285499334 48.3499988913536 -437.000006437302 27.3499991744757 48.7526282668114 -437.000006437302 27.3499991744757 48.7526282668114 37.0000004768372 27.0847007632256 48.8625168800354 -437.000006437302 27.0847007632256 48.8625168800354 37.0000004768372 26.7999991774559 48.9000007510185 -437.000006437302 26.7999991774559 48.9000007510185 37.0000004768372 27.8625190258026 48.0847023427486 -437.000006437302 27.8999991714954 47.800000756979 37.0000004768372 27.8999991714954 47.800000756979 -437.000006437302 27.8999991714954 0.33407416776754 -16.6588183492422 27.8999991714954 -17.2000005841255 -437.000006437302 27.8999991714954 0.433974608313292 -16.8999992311001 27.8999991714954 0.592893222346902 -17.1071067452431 27.8999991714954 0.7999999797903 -17.2660257667303 27.8999991714954 47.800000756979 -437.000006437302 27.8999991714954 14.7743904963136 -418.125003576279 27.8999991714954 14.2102288082242 -418.860226869583 27.8999991714954 20.5000005662441 -17.400000244379 27.8999991714954 12.6188071444631 -412.920951843262 27.8999991714954 13.4749999269843 -413.275599479675 27.8999991714954 14.2102288082242 -413.839757442474 27.8999991714954 8.27096309512854 -417.268812656403 27.8999991714954 8.15000012516975 -416.35000705719 27.8999991714954 10.7811922207475 -419.779032468796 27.8999991714954 9.9250003695488 -419.424384832382 27.8999991714954 20.9999997168779 -17.2660257667303 27.8999991714954 20.7588188350201 -17.365925014019 27.8999991714954 21.3660262525082 25.2999998629093 27.8999991714954 47.800000756979 37.0000004768372 27.8999991714954 21.2071072310209 25.5071073770523 27.8999991714954 20.9999997168779 25.6660245358944 27.8999991714954 20.7588188350201 25.7659256458282 27.8999991714954 -17.2000005841255 37.0000004768372 27.8999991714954 0.7999999797903 25.6660245358944 27.8999991714954 1.04118091985583 25.7659256458282 27.8999991714954 9.18977055698633 -418.860226869583 27.8999991714954 21.3660262525082 -16.8999992311001 27.8999991714954 21.2071072310209 -17.1071067452431 27.8999991714954 20.5000005662441 25.8000008761883 27.8999991714954 0.433974608313292 25.2999998629093 27.8999991714954 0.592893222346902 25.5071073770523 27.8999991714954 11.6999996826053 -419.900000095367 27.8999991714954 13.4749999269843 -419.424384832382 27.8999991714954 0.300000014249235 -16.4000000804663 27.8999991714954 0.300000014249235 24.8000007122755 27.8999991714954 0.33407416776754 25.0588189810514 27.8999991714954 21.4659254997969 25.0588189810514 27.8999991714954 8.62560980021954 -418.125003576279 27.8999991714954 8.27096309512854 -415.431201457977 27.8999991714954 10.7811922207475 -412.920951843262 27.8999991714954 11.6999996826053 -412.800014019012 27.8999991714954 8.62560980021954 -414.575010538101 27.8999991714954 1.04118091985583 -17.365925014019 27.8999991714954 14.7743904963136 -414.575010538101 27.8999991714954 15.129036270082 -415.431201457977 27.8999991714954 15.2500001713634 -416.35000705719 27.8999991714954 15.129036270082 -417.268812656403 27.8999991714954 12.6188071444631 -419.779032468796 27.8999991714954 1.30000000353903 25.8000008761883 27.8999991714954 21.4659254997969 -16.6588183492422 27.8999991714954 9.9250003695488 -413.275599479675 27.8999991714954 21.5000007301569 24.8000007122755 27.8999991714954 21.5000007301569 -16.4000000804663 27.8999991714954 9.18977055698633 -413.839757442474 27.8999991714954 1.30000000353903 -17.400000244379 27.3904949426651 -18.0108714848757 -437.000006437302 27.2002685815096 -18.0774349719286 37.0000004768372 27.2002685815096 -18.0774349719286 -437.000006437302 27.5611411780119 -17.9036483168602 -437.000006437302 27.3904949426651 -18.0108714848757 37.0000004768372 27.7036484330893 -17.7611410617828 -437.000006437302 27.5611411780119 -17.9036483168602 37.0000004768372 27.8108716011047 -17.590494826436 -437.000006437302 27.7036484330893 -17.7611410617828 37.0000004768372 27.8774350881577 -17.4002684652805 -437.000006437302 27.8108716011047 -17.590494826436 37.0000004768372 27.8999991714954 -17.2000005841255 -437.000006437302 27.8774350881577 -17.4002684652805 37.0000004768372 27.8999991714954 -17.2000005841255 37.0000004768372 27.0000007003546 -18.1000009179115 37.0000004768372 27.0000007003546 -18.1000009179115 -437.000006437302 25.2000000327826 -18.1000009179115 35.5000011622906 24.4999993592501 -18.1000009179115 37.0000004768372 24.4999993592501 -18.1000009179115 35.5000011622906 27.0000007003546 -18.1000009179115 37.0000004768372 27.0000007003546 -18.1000009179115 -437.000006437302 25.2000000327826 -18.1000009179115 -437.000006437302</float_array><technique_common><accessor count="2860" source="#bau0074571110-mesh-positions-array" stride="3"><param name="X" type="float" /><param name="Y" type="float" /><param name="Z" type="float" /></accessor></technique_common></source><source id="bau0074571110-mesh-normals"><float_array id="bau0074571110-mesh-normals-array" count="8580">0 0 -1 0 0 -1 0 0 -1 0 0 -1 0 0 -1 0 0 -1 0 0 -1 0 0 -1 0 0 -1 0 0 -1 0 0 -1 0 0 -1 0 0 -1 0 0 -1 0 0 -1 1 1.05134755117163E-16 0 1 1.05134755117163E-16 0 1 1.05134755117163E-16 0 1 1.05134755117163E-16 0 1 1.05134755117163E-16 0 1 1.05134755117163E-16 0 1 1.05134755117163E-16 0 1 1.05134755117163E-16 0 1 1.05134755117163E-16 0 1 1.05134755117163E-16 0 1 1.05134755117163E-16 0 1 1.05134755117163E-16 0 1 1.05134755117163E-16 0 1 1.05134755117163E-16 0 1 1.05134755117163E-16 0 1 1.05134755117163E-16 0 1 1.05134755117163E-16 0 1 1.05134755117163E-16 0 1 1.05134755117163E-16 0 1 1.05134755117163E-16 0 1 1.05134755117163E-16 0 1 1.05134755117163E-16 0 1 1.05134755117163E-16 0 1 1.05134755117163E-16 0 1 1.05134755117163E-16 0 1 1.05134755117163E-16 0 0 0 -1 0 0 -1 0 0 -1 0 0 -1 0 0 -1 0 0 -1 0 0 -1 0 0 -1 0 0 -1 0 0 -1 0 0 -1 0 0 -1 0 0 -1 0 0 -1 0 0 -1 0 0 -1 0 0 -1 0 0 -1 0 0 -1 -1.0824385440102E-15 -0.998629510402679 -0.0523359552025795 -1.0824385440102E-15 -0.998629510402679 -0.0523359552025795 -1.0824385440102E-15 -0.998629510402679 -0.0523359552025795 -1.0824385440102E-15 -0.998629510402679 -0.0523359552025795 0 0 1 0 0 1 0 0 1 0 0 1 1.0824385440102E-15 0.998629510402679 -0.0523359552025795 1.0824385440102E-15 0.998629510402679 -0.0523359552025795 1.0824385440102E-15 0.998629510402679 -0.0523359552025795 1.0824385440102E-15 0.998629510402679 -0.0523359552025795 1.01193025093133E-15 0.93358039855957 -0.358367949724197 1.01193025093133E-15 0.93358039855957 -0.358367949724197 1.01193025093133E-15 0.93358039855957 -0.358367949724197 1.01193025093133E-15 0.93358039855957 -0.358367949724197 0 0 -1 0 0 -1 0 0 -1 0 0 -1 -1.01193025093133E-15 -0.93358039855957 -0.358367949724197 -1.01193025093133E-15 -0.93358039855957 -0.358367949724197 -1.01193025093133E-15 -0.93358039855957 -0.358367949724197 -1.01193025093133E-15 -0.93358039855957 -0.358367949724197 1 1.05134755117163E-16 0 1 1.05134755117163E-16 0 1 1.05134755117163E-16 0 1 1.05134755117163E-16 0 1 1.05134755117163E-16 0 1 1.05134755117163E-16 0 -1.0824385440102E-15 -0.998629510402679 -0.0523359552025795 -1.0824385440102E-15 -0.998629510402679 -0.0523359552025795 -1.0824385440102E-15 -0.998629510402679 -0.0523359552025795 -1.0824385440102E-15 -0.998629510402679 -0.0523359552025795 0 0 1 0 0 1 0 0 1 0 0 1 1.0824385440102E-15 0.998629510402679 -0.0523359552025795 1.0824385440102E-15 0.998629510402679 -0.0523359552025795 1.0824385440102E-15 0.998629510402679 -0.0523359552025795 1.0824385440102E-15 0.998629510402679 -0.0523359552025795 1.01193025093133E-15 0.93358039855957 -0.358367949724197 1.01193025093133E-15 0.93358039855957 -0.358367949724197 1.01193025093133E-15 0.93358039855957 -0.358367949724197 1.01193025093133E-15 0.93358039855957 -0.358367949724197 0 0 -1 0 0 -1 0 0 -1 0 0 -1 -1.01193025093133E-15 -0.93358039855957 -0.358367949724197 -1.01193025093133E-15 -0.93358039855957 -0.358367949724197 -1.01193025093133E-15 -0.93358039855957 -0.358367949724197 -1.01193025093133E-15 -0.93358039855957 -0.358367949724197 1 -1.0858144997006E-15 -5.69051226169771E-17 1 -1.0858144997006E-15 -5.69051226169771E-17 1 -1.0858144997006E-15 -5.69051226169771E-17 1 -1.0858144997006E-15 -5.69051226169771E-17 1 -1.0858144997006E-15 -5.69051226169771E-17 1 -1.0858144997006E-15 -5.69051226169771E-17 0 0 1 0 0 1 0 0 1 0 0 1 1.08392402804145E-15 1 0 1.08392402804145E-15 1 0 1.08392402804145E-15 1 0 1.08392402804145E-15 1 0 0 0 -1 0 0 -1 0 0 -1 0 0 -1 -1.08392402804145E-15 -1 0 -1.08392402804145E-15 -1 0 -1.08392402804145E-15 -1 0 -1.08392402804145E-15 -1 0 1 -1.83568620339949E-15 0 1 -1.83568620339949E-15 0 1 -1.83568620339949E-15 0 1 -1.83568620339949E-15 0 -0.70710676908493 -9.87893785228862E-16 -0.70710676908493 -0.70710676908493 -9.87893785228862E-16 -0.70710676908493 -0.70710676908493 -9.87893785228862E-16 -0.70710676908493 -0.70710676908493 -9.87893785228862E-16 -0.70710676908493 0.0523359552025795 7.31181868778166E-17 -0.998629510402679 0.0523359552025795 7.31181868778166E-17 -0.998629510402679 0.0523359552025795 7.31181868778166E-17 -0.998629510402679 0.0523359552025795 7.31181868778166E-17 -0.998629510402679 1 1.39709275506945E-15 0 1 1.39709275506945E-15 0 1 1.39709275506945E-15 0 1 1.39709275506945E-15 0 0.0174524057656527 2.43826308626582E-17 0.999847710132599 0.0174524057656527 2.43826308626582E-17 0.999847710132599 0.0174524057656527 2.43826308626582E-17 0.999847710132599 0.0174524057656527 2.43826308626582E-17 0.999847710132599 1 0 2.10269510234327E-16 1 0 2.10269510234327E-16 1 0 2.10269510234327E-16 1 0 2.10269510234327E-16 1 0 2.10269510234327E-16 0 0 -1 0 0 -1 0 0 -1 0 0 -1 0 0 -1 -0.342020153999329 -0.939692616462708 0 -0.342020153999329 -0.939692616462708 0 -0.342020153999329 -0.939692616462708 0 -0.342020153999329 -0.939692616462708 0 -0.342020153999329 -0.939692616462708 0 0.939692616462708 -0.342020153999329 0 0.939692616462708 -0.342020153999329 0 0.939692616462708 -0.342020153999329 0 0.939692616462708 -0.342020153999329 0 0.342020153999329 0.939692616462708 0 0.342020153999329 0.939692616462708 0 0.342020153999329 0.939692616462708 0 0.342020153999329 0.939692616462708 0 -0.342020153999329 -0.939692616462708 0 -0.342020153999329 -0.939692616462708 0 -0.342020153999329 -0.939692616462708 0 -0.342020153999329 -0.939692616462708 0 -0.342020153999329 -0.939692616462708 0 -0.342020153999329 -0.939692616462708 0 -0.342020153999329 -0.939692616462708 0 -0.342020153999329 -0.939692616462708 0 -0.342020153999329 -0.939692616462708 0 -0.342020153999329 -0.939692616462708 0 -0.342020153999329 -0.939692616462708 0 -0.342020153999329 -0.939692616462708 0 0.939692616462708 -0.342020153999329 0 0.939692616462708 -0.342020153999329 0 0.939692616462708 -0.342020153999329 0 0.939692616462708 -0.342020153999329 0 0.342020153999329 0.939692616462708 0 0.342020153999329 0.939692616462708 0 0.342020153999329 0.939692616462708 0 0.342020153999329 0.939692616462708 0 0.342020153999329 0.939692616462708 0 0.342020153999329 0.939692616462708 0 0.342020153999329 0.939692616462708 0 0.342020153999329 0.939692616462708 0 0.342020153999329 0.939692616462708 0 0.342020153999329 0.939692616462708 0 0.342020153999329 0.939692616462708 0 1 0 0 1 0 0 1 0 0 1 0 0 1 0 0 1 0 0 1 0 0 1 0 0 1 0 0 1 0 0 1 0 0 1 0 0 1 0 0 1 0 0 1 0 0 1 0 0 1 0 0 1 0 0 1 0 0 1 0 0 1 0 0 1 0 0 0 0 -1 0 0 -1 0 0 -1 0 0 -1 0 0 -1 0 0 -1 0 0 -1 0 0 -1 0 0 -1 0 0 -1 0 0 -1 0 0 -1 0 0 -1 0 0 -1 0 0 -1 0 0 -1 0 0 1 0 0 1 0 0 1 0 0 1 0 0 1 0 0 1 0 0 1 0 0 1 0 0 1 0 0 1 0 0 1 0 0 1 0 0 1 0 0 1 0 0 1 0 0 1 0 0 1 -0.875777006149292 -0.482715904712677 0 -0.968446433544159 -0.249221786856651 0 -0.968446433544159 -0.249221786856651 0 -1 0 0 -0.875777006149292 -0.482715904712677 0 -0.727839767932892 -0.68574720621109 0 -0.727839767932892 -0.68574720621109 0 -0.533970713615417 -0.845502972602844 0 -0.533970713615417 -0.845502972602844 0 -0.306404262781143 -0.951901495456696 0 -0.306404262781143 -0.951901495456696 0 -0.0595015212893486 -0.998228192329407 0 -0.0595015212893486 -0.998228192329407 0 0.191156193614006 -0.981559634208679 0 0.191156193614006 -0.981559634208679 0 0.429750591516495 -0.902947664260864 0 0.429750591516495 -0.902947664260864 0 0.64122462272644 -0.767353236675262 0 0.64122462272644 -0.767353236675262 0 0.812232851982117 -0.583333313465118 9.25185831266752E-14 0.812232851982117 -0.583333313465118 9.25185831266752E-14 0.812232851982117 -0.583333313465118 9.25185831266752E-14 0.812232851982117 -0.583333313465118 9.25185831266752E-14 0.812232851982117 -0.583333313465118 9.25185831266752E-14 0.812232851982117 -0.583333313465118 9.25185831266752E-14 0.812232851982117 -0.583333313465118 9.25185831266752E-14 0.812232851982117 -0.583333313465118 9.25185831266752E-14 0.812232851982117 -0.583333313465118 9.25185831266752E-14 -1 0 0 5.8737065622964E-16 -1 0 5.8737065622964E-16 -1 0 5.8737065622964E-16 -1 0 5.8737065622964E-16 -1 0 5.8737065622964E-16 -1 0 5.8737065622964E-16 -1 0 5.8737065622964E-16 -1 0 5.8737065622964E-16 -1 0 5.8737065622964E-16 -1 0 5.8737065622964E-16 -1 0 5.8737065622964E-16 -1 0 5.8737065622964E-16 -1 0 5.8737065622964E-16 -1 0 5.8737065622964E-16 -1 0 5.8737065622964E-16 -1 0 5.8737065622964E-16 -1 0 5.8737065622964E-16 -1 0 5.8737065622964E-16 -1 0 5.8737065622964E-16 -1 0 5.8737065622964E-16 -1 0 5.8737065622964E-16 -1 0 5.8737065622964E-16 -1 0 5.8737065622964E-16 -1 0 5.8737065622964E-16 -1 0 5.8737065622964E-16 -1 0 5.8737065622964E-16 -1 0 5.8737065622964E-16 -1 0 5.8737065622964E-16 -1 0 5.8737065622964E-16 -1 0 5.8737065622964E-16 -1 0 5.8737065622964E-16 -1 0 5.8737065622964E-16 -1 0 5.8737065622964E-16 -1 0 5.8737065622964E-16 -1 0 5.8737065622964E-16 -1 0 5.8737065622964E-16 -1 0 5.8737065622964E-16 -1 0 5.8737065622964E-16 -1 0 5.8737065622964E-16 -1 0 5.8737065622964E-16 -1 0 5.8737065622964E-16 -1 0 5.8737065622964E-16 -1 0 5.8737065622964E-16 -1 0 5.8737065622964E-16 -1 0 5.8737065622964E-16 -1 0 5.8737065622964E-16 -1 0 5.8737065622964E-16 -1 0 5.8737065622964E-16 -1 0 5.8737065622964E-16 -1 0 5.8737065622964E-16 -1 0 5.8737065622964E-16 -1 0 5.8737065622964E-16 -1 0 5.8737065622964E-16 -1 0 5.8737065622964E-16 -1 0 5.8737065622964E-16 -1 0 5.8737065622964E-16 -1 0 5.8737065622964E-16 -1 0 5.8737065622964E-16 -1 0 5.8737065622964E-16 -1 0 5.8737065622964E-16 -1 0 5.8737065622964E-16 -1 0 5.8737065622964E-16 -1 0 5.8737065622964E-16 -1 0 5.8737065622964E-16 -1 0 5.8737065622964E-16 -1 0 5.8737065622964E-16 -1 0 5.8737065622964E-16 -1 0 5.8737065622964E-16 -1 0 5.8737065622964E-16 -1 0 5.8737065622964E-16 -1 0 5.8737065622964E-16 -1 0 5.8737065622964E-16 -1 0 5.8737065622964E-16 -1 0 5.8737065622964E-16 -1 0 5.8737065622964E-16 -1 0 5.8737065622964E-16 -1 0 5.8737065622964E-16 -1 0 5.8737065622964E-16 -1 0 5.8737065622964E-16 -1 0 5.8737065622964E-16 -1 0 5.8737065622964E-16 -1 0 5.8737065622964E-16 -1 0 5.8737065622964E-16 -1 0 5.8737065622964E-16 -1 0 5.8737065622964E-16 -1 0 5.8737065622964E-16 -1 0 5.8737065622964E-16 -1 0 5.8737065622964E-16 -1 0 5.8737065622964E-16 -1 0 5.8737065622964E-16 -1 0 5.8737065622964E-16 -1 0 5.8737065622964E-16 -1 0 5.8737065622964E-16 -1 0 5.8737065622964E-16 -1 0 5.8737065622964E-16 -1 0 5.8737065622964E-16 -1 0 5.8737065622964E-16 -1 0 5.8737065622964E-16 -1 0 5.8737065622964E-16 -1 0 5.8737065622964E-16 -1 0 5.8737065622964E-16 -1 0 5.8737065622964E-16 -1 0 5.8737065622964E-16 -1 0 5.8737065622964E-16 -1 0 5.8737065622964E-16 -1 0 5.8737065622964E-16 -1 0 5.8737065622964E-16 -1 0 5.8737065622964E-16 -1 0 5.8737065622964E-16 -1 0 5.8737065622964E-16 -1 0 5.8737065622964E-16 -1 0 5.8737065622964E-16 -1 0 5.8737065622964E-16 -1 0 5.8737065622964E-16 -1 0 5.8737065622964E-16 -1 0 5.8737065622964E-16 -1 0 5.8737065622964E-16 -1 0 5.8737065622964E-16 -1 0 5.8737065622964E-16 -1 0 5.8737065622964E-16 -1 0 5.8737065622964E-16 -1 0 5.8737065622964E-16 -1 0 5.8737065622964E-16 -1 0 5.8737065622964E-16 -1 0 5.8737065622964E-16 -1 0 5.8737065622964E-16 -1 0 5.8737065622964E-16 -1 0 5.8737065622964E-16 -1 0 5.8737065622964E-16 -1 0 5.8737065622964E-16 -1 0 5.8737065622964E-16 -1 0 5.8737065622964E-16 -1 0 5.8737065622964E-16 -1 0 5.8737065622964E-16 -1 0 5.8737065622964E-16 -1 0 5.8737065622964E-16 -1 0 5.8737065622964E-16 -1 0 5.8737065622964E-16 -1 0 5.8737065622964E-16 -1 0 5.8737065622964E-16 -1 0 5.8737065622964E-16 -1 0 5.8737065622964E-16 -1 0 5.8737065622964E-16 -1 0 5.8737065622964E-16 -1 0 5.8737065622964E-16 -1 0 5.8737065622964E-16 -1 0 5.8737065622964E-16 -1 0 5.8737065622964E-16 -1 0 5.8737065622964E-16 -1 0 5.8737065622964E-16 -1 0 5.8737065622964E-16 -1 0 5.8737065622964E-16 -1 0 5.8737065622964E-16 -1 0 5.8737065622964E-16 -1 0 5.8737065622964E-16 -1 0 5.8737065622964E-16 -1 0 5.8737065622964E-16 -1 0 5.8737065622964E-16 -1 0 5.8737065622964E-16 -1 0 5.8737065622964E-16 -1 0 5.8737065622964E-16 -1 0 5.8737065622964E-16 -1 0 5.8737065622964E-16 -1 0 5.8737065622964E-16 -1 0 5.8737065622964E-16 -1 0 5.8737065622964E-16 -1 0 5.8737065622964E-16 -1 0 5.8737065622964E-16 -1 0 5.8737065622964E-16 -1 0 5.8737065622964E-16 -1 0 5.8737065622964E-16 -1 0 5.8737065622964E-16 -1 0 5.8737065622964E-16 -1 0 5.8737065622964E-16 -1 0 5.8737065622964E-16 -1 0 5.8737065622964E-16 -1 0 5.8737065622964E-16 -1 0 5.8737065622964E-16 -1 0 5.8737065622964E-16 -1 0 5.8737065622964E-16 -1 0 5.8737065622964E-16 -1 0 5.8737065622964E-16 -1 0 5.8737065622964E-16 -1 0 5.8737065622964E-16 -1 0 5.8737065622964E-16 -1 0 5.8737065622964E-16 -1 0 5.8737065622964E-16 -1 0 5.8737065622964E-16 -1 0 5.8737065622964E-16 -1 0 5.8737065622964E-16 -1 0 5.8737065622964E-16 -1 0 5.8737065622964E-16 -1 0 5.8737065622964E-16 -1 0 5.8737065622964E-16 -1 0 5.8737065622964E-16 -1 0 5.8737065622964E-16 -1 0 5.8737065622964E-16 -1 0 5.8737065622964E-16 -1 0 5.8737065622964E-16 -1 0 5.8737065622964E-16 -1 0 5.8737065622964E-16 -1 0 5.8737065622964E-16 -1 0 5.8737065622964E-16 -1 0 5.8737065622964E-16 -1 0 5.8737065622964E-16 -1 0 5.8737065622964E-16 -1 0 5.8737065622964E-16 -1 0 5.8737065622964E-16 -1 0 5.8737065622964E-16 -1 0 5.8737065622964E-16 -1 0 5.8737065622964E-16 -1 0 5.8737065622964E-16 -1 0 5.8737065622964E-16 -1 0 5.8737065622964E-16 -1 0 5.8737065622964E-16 -1 0 5.8737065622964E-16 -1 0 5.8737065622964E-16 -1 0 5.8737065622964E-16 -1 0 5.8737065622964E-16 -1 0 5.8737065622964E-16 -1 0 5.8737065622964E-16 -1 0 5.8737065622964E-16 -1 0 5.8737065622964E-16 -1 0 5.8737065622964E-16 -1 0 5.8737065622964E-16 -1 0 5.8737065622964E-16 -1 0 5.8737065622964E-16 -1 0 5.8737065622964E-16 -1 0 5.8737065622964E-16 -1 0 5.8737065622964E-16 -1 0 5.8737065622964E-16 -1 0 5.8737065622964E-16 -1 0 5.8737065622964E-16 -1 0 5.8737065622964E-16 -1 0 5.8737065622964E-16 -1 0 5.8737065622964E-16 -1 0 5.8737065622964E-16 -1 0 5.8737065622964E-16 -1 0 5.8737065622964E-16 -1 0 5.8737065622964E-16 -1 0 5.8737065622964E-16 -1 0 5.8737065622964E-16 -1 0 5.8737065622964E-16 -1 0 5.8737065622964E-16 -1 0 5.8737065622964E-16 -1 0 5.8737065622964E-16 -1 0 5.8737065622964E-16 -1 0 5.8737065622964E-16 -1 0 5.8737065622964E-16 -1 0 5.8737065622964E-16 -1 0 5.8737065622964E-16 -1 0 5.8737065622964E-16 -1 0 5.8737065622964E-16 -1 0 5.8737065622964E-16 -1 0 5.8737065622964E-16 -1 0 5.8737065622964E-16 -1 0 5.8737065622964E-16 -1 0 5.8737065622964E-16 -1 0 5.8737065622964E-16 -1 0 5.8737065622964E-16 -1 0 5.8737065622964E-16 -1 0 5.8737065622964E-16 -1 0 5.8737065622964E-16 -1 0 5.8737065622964E-16 -1 0 5.8737065622964E-16 -1 0 5.8737065622964E-16 -1 0 5.8737065622964E-16 -1 0 5.8737065622964E-16 -1 0 5.8737065622964E-16 -1 0 5.8737065622964E-16 -1 0 5.8737065622964E-16 -1 0 5.8737065622964E-16 -1 0 5.8737065622964E-16 -1 0 5.8737065622964E-16 -1 0 5.8737065622964E-16 -1 0 5.8737065622964E-16 -1 0 5.8737065622964E-16 -1 0 5.8737065622964E-16 -1 0 5.8737065622964E-16 -1 0 5.8737065622964E-16 -1 0 5.8737065622964E-16 -1 0 5.8737065622964E-16 -1 0 5.8737065622964E-16 -1 0 5.8737065622964E-16 -1 0 5.8737065622964E-16 -1 0 5.8737065622964E-16 -1 0 5.8737065622964E-16 -1 0 5.8737065622964E-16 -1 0 5.8737065622964E-16 -1 0 5.8737065622964E-16 -1 0 5.8737065622964E-16 -1 0 5.8737065622964E-16 -1 0 5.8737065622964E-16 -1 0 5.8737065622964E-16 -1 0 5.8737065622964E-16 -1 0 5.8737065622964E-16 -1 0 5.8737065622964E-16 -1 0 5.8737065622964E-16 -1 0 5.8737065622964E-16 -1 0 5.8737065622964E-16 -1 0 5.8737065622964E-16 -1 0 5.8737065622964E-16 -1 0 5.8737065622964E-16 -1 0 5.8737065622964E-16 -1 0 5.8737065622964E-16 -1 0 5.8737065622964E-16 -1 0 5.8737065622964E-16 -1 0 5.8737065622964E-16 -1 0 5.8737065622964E-16 -1 0 5.8737065622964E-16 -1 0 5.8737065622964E-16 -1 0 5.8737065622964E-16 -1 0 5.8737065622964E-16 -1 0 5.8737065622964E-16 -1 0 5.8737065622964E-16 -1 0 5.8737065622964E-16 -1 0 5.8737065622964E-16 -1 0 5.8737065622964E-16 -1 0 5.8737065622964E-16 -1 0 5.8737065622964E-16 -1 0 5.8737065622964E-16 -1 0 5.8737065622964E-16 -1 0 5.8737065622964E-16 -1 0 5.8737065622964E-16 -1 0 5.8737065622964E-16 -1 0 5.8737065622964E-16 -1 0 5.8737065622964E-16 -1 0 5.8737065622964E-16 -1 0 5.8737065622964E-16 -1 0 5.8737065622964E-16 -1 0 5.8737065622964E-16 -1 0 5.8737065622964E-16 -1 0 5.8737065622964E-16 -1 0 5.8737065622964E-16 -1 0 5.8737065622964E-16 -1 0 5.8737065622964E-16 -1 0 5.8737065622964E-16 -1 0 5.8737065622964E-16 -1 0 5.8737065622964E-16 -1 0 5.8737065622964E-16 -1 0 5.8737065622964E-16 -1 0 5.8737065622964E-16 -1 0 5.8737065622964E-16 -1 0 5.8737065622964E-16 -1 0 5.8737065622964E-16 -1 0 5.8737065622964E-16 -1 0 5.8737065622964E-16 -1 0 5.8737065622964E-16 -1 0 5.8737065622964E-16 -1 0 5.8737065622964E-16 -1 0 5.8737065622964E-16 -1 0 5.8737065622964E-16 -1 0 5.8737065622964E-16 -1 0 5.8737065622964E-16 -1 0 5.8737065622964E-16 -1 0 5.8737065622964E-16 -1 0 5.8737065622964E-16 -1 0 5.8737065622964E-16 -1 0 5.8737065622964E-16 -1 0 5.8737065622964E-16 -1 0 5.8737065622964E-16 -1 0 5.8737065622964E-16 -1 0 5.8737065622964E-16 -1 0 5.8737065622964E-16 -1 0 5.8737065622964E-16 -1 0 5.8737065622964E-16 -1 0 5.8737065622964E-16 -1 0 5.8737065622964E-16 -1 0 5.8737065622964E-16 -1 0 5.8737065622964E-16 -1 0 5.8737065622964E-16 -1 0 5.8737065622964E-16 -1 0 5.8737065622964E-16 -1 0 5.8737065622964E-16 -1 0 5.8737065622964E-16 -1 0 5.8737065622964E-16 -1 0 5.8737065622964E-16 -1 0 5.8737065622964E-16 -1 0 5.8737065622964E-16 -1 0 5.8737065622964E-16 -1 0 5.8737065622964E-16 -1 0 5.8737065622964E-16 -1 0 5.8737065622964E-16 -1 0 5.8737065622964E-16 -1 0 5.8737065622964E-16 -1 0 5.8737065622964E-16 -1 0 5.8737065622964E-16 -1 0 5.8737065622964E-16 -1 0 5.8737065622964E-16 -1 0 5.8737065622964E-16 -1 0 5.8737065622964E-16 -1 0 5.8737065622964E-16 -1 0 5.8737065622964E-16 -1 0 5.8737065622964E-16 -1 0 5.8737065622964E-16 -1 0 5.8737065622964E-16 -1 0 5.8737065622964E-16 -1 0 5.8737065622964E-16 -1 0 5.8737065622964E-16 -1 0 5.8737065622964E-16 -1 0 5.8737065622964E-16 -1 0 5.8737065622964E-16 -1 0 5.8737065622964E-16 -1 0 5.8737065622964E-16 -1 0 5.8737065622964E-16 -1 0 5.8737065622964E-16 -1 0 5.8737065622964E-16 -1 0 5.8737065622964E-16 -1 0 5.8737065622964E-16 -1 0 5.8737065622964E-16 -1 0 5.8737065622964E-16 -1 0 5.8737065622964E-16 -1 0 5.8737065622964E-16 -1 0 5.8737065622964E-16 -1 0 5.8737065622964E-16 -1 0 5.8737065622964E-16 -1 0 5.8737065622964E-16 -1 0 5.8737065622964E-16 -1 0 5.8737065622964E-16 -1 0 5.8737065622964E-16 -1 0 5.8737065622964E-16 -1 0 5.8737065622964E-16 -1 0 5.8737065622964E-16 -1 0 5.8737065622964E-16 -1 0 5.8737065622964E-16 -1 0 5.8737065622964E-16 -1 0 5.8737065622964E-16 -1 0 5.8737065622964E-16 -1 0 5.8737065622964E-16 -1 0 5.8737065622964E-16 -1 0 5.8737065622964E-16 -1 0 5.8737065622964E-16 -1 0 5.8737065622964E-16 -1 0 -0.342020153999329 -0.939692616462708 0 -0.342020153999329 -0.939692616462708 0 -0.342020153999329 -0.939692616462708 0 -0.342020153999329 -0.939692616462708 0 -0.342020153999329 -0.939692616462708 0 -0.342020153999329 -0.939692616462708 0 -0.342020153999329 -0.939692616462708 0 -0.342020153999329 -0.939692616462708 0 -0.342020153999329 -0.939692616462708 0 -0.342020153999329 -0.939692616462708 0 -0.342020153999329 -0.939692616462708 0 -0.342020153999329 -0.939692616462708 0 -0.342020153999329 -0.939692616462708 0 -0.342020153999329 -0.939692616462708 0 -0.342020153999329 -0.939692616462708 0 -0.342020153999329 -0.939692616462708 0 -0.342020153999329 -0.939692616462708 0 -0.342020153999329 -0.939692616462708 0 -0.342020153999329 -0.939692616462708 0 -0.342020153999329 -0.939692616462708 0 0.939692616462708 -0.342020153999329 0 0.939692616462708 -0.342020153999329 0 0.939692616462708 -0.342020153999329 0 0.939692616462708 -0.342020153999329 0 0.939692616462708 -0.342020153999329 0 0.939692616462708 -0.342020153999329 0 0.939692616462708 -0.342020153999329 0 0.939692616462708 -0.342020153999329 0 0.939692616462708 -0.342020153999329 0 0.939692616462708 -0.342020153999329 0 0.939692616462708 -0.342020153999329 0 0.939692616462708 -0.342020153999329 0 0.939692616462708 -0.342020153999329 0 0.939692616462708 -0.342020153999329 0 0.342020153999329 0.939692616462708 0 0.342020153999329 0.939692616462708 0 0.342020153999329 0.939692616462708 0 0.342020153999329 0.939692616462708 0 0.342020153999329 0.939692616462708 0 0.342020153999329 0.939692616462708 0 0.342020153999329 0.939692616462708 0 0.342020153999329 0.939692616462708 0 0.342020153999329 0.939692616462708 0 0.342020153999329 0.939692616462708 0 0.342020153999329 0.939692616462708 0 0.342020153999329 0.939692616462708 0 0.342020153999329 0.939692616462708 0 0.342020153999329 0.939692616462708 0 0.342020153999329 0.939692616462708 0 0.342020153999329 0.939692616462708 0 0.342020153999329 0.939692616462708 0 0.342020153999329 0.939692616462708 0 0 1 0 0 1 0 0 1 0 0 1 0 0 1 0 0 1 0 0 1 0 0 1 0 0 1 0 0 1 0 0 1 0 0 1 0 0 1 0 0 1 0 0 1 0 0 1 0 0 1 0 0 1 0 0 1 0 0 1 0 0 1 0 0 1 0 0 1 0 0 1 0 0 1 0 0 1 0 0 1 0 0 1 0 0 1 0 0 1 0 0 1 0 0 1 0 0 1 0 0 1 0 0 1 0 0 1 0 0 1 0 0 1 0 0 1 0 0 1 0 0 1 0 0 1 0 0 1 0 0 1 0 0 1 0 0 1 0 0 1 0 0 1 0 0 1 0 0 1 0 0 1 0 0 1 0 0 1 0 0 1 0 0 1 0 0 1 0 0 1 0 0 1 0 0 1 0 0 1 0 0 1 0 0 1 0 0 1 0 0 1 0 0 1 0 0 1 0 0 1 0 0 1 0 0 1 0 0 1 0 0 1 0 0 1 0 0 1 0 0 1 0 0 1 0 0 1 0 0 1 0 0 1 0 0 1 0 0 1 0 0 1 0 0 1 0 0 1 0 0 1 0 0 1 0 0 1 0 0 1 0 0 1 0 0 1 0 0 1 0 0 1 0 0 1 0 0 1 0 0 1 0 0 1 0 0 1 0 0 1 0 0 1 0 0 1 0 0 1 0 0 1 0 0 1 0 0 1 0 0 1 0 0 1 0 0 1 0 0 1 0 0 1 0 0 1 0 0 1 0 0 1 0 0 1 0 0 1 0 0 1 0 0 1 0 0 1 0 0 1 0 0 1 0 0 1 0 0 1 0 0 1 0 0 1 0 0 1 0 0 1 0 0 1 0 0 1 0 0 1 0 0 1 0 0 1 0 0 1 0 0 1 0 0 1 0 0 1 0 0 1 0 0 1 0 0 1 0 0 1 0 0 1 0 0 1 0 0 1 0 0 1 0 0 1 0 0 1 0 0 1 0 0 1 0 0 1 0 0 1 0 0 1 0 0 1 0 0 1 0 0 1 0 0 1 0 0 1 0 0 1 0 0 1 0 0 1 0 0 1 0 0 1 0 0 1 0 0 1 0 0 1 0 0 1 0 0 1 0 0 1 0 0 1 0 0 1 0 0 1 0 0 1 0 0 1 0 0 1 0 0 1 0 0 1 0 0 1 0 0 1 0 0 1 0 0 1 0 0 1 0 0 1 0 0 1 0 0 1 0 0 1 0 0 1 0 0 1 0 0 1 0 0 1 0 0 1 0 0 1 0 0 1 0 0 1 0 0 1 0 0 1 0 0 1 0 0 1 0 0 1 0 0 1 0 0 1 0 0 1 0 0 1 0 0 1 0 0 1 0 0 1 0 0 1 0 0 1 0 0 1 0 0 1 0 0 1 0 0 1 0 0 1 0 0 1 0 0 1 0 0 1 0 0 1 0 0 1 0 0 1 0 0 1 0 0 1 0 0 1 0 0 1 0 0 1 0 0 1 0 0 1 0 0 1 0 0 1 0 0 1 0 0 1 0 0 1 0 0 1 0 0 1 0 0 1 0 0 1 0 0 1 0 0 1 0 0 1 0 0 1 0 0 1 0 0 1 0 0 1 0 0 1 0 0 1 0 0 1 0 0 1 0 0 1 0 0 1 0 0 1 0 0 1 0 0 1 0 0 1 0 0 1 0 0 1 0 0 1 0 0 1 0 0 1 0 0 1 0 0 1 0 0 1 0 0 1 0 0 1 0 0 1 0 0 1 0 0 1 0 0 1 0 0 1 0 0 1 0 0 1 0 0 1 0 0 1 0 0 1 0 0 1 0 0 1 0 0 1 0 0 1 0 0 1 0 0 1 0 0 1 0 0 1 0 0 1 0 0 1 0 0 1 0 0 1 0 0 1 0 0 1 0 0 1 0 0 1 0 0 1 0 0 1 0 0 1 0 0 1 0 0 1 0 0 1 0 0 1 0 0 1 0 0 1 0 0 1 0 0 1 0 0 1 0 0 1 0 0 1 0 0 1 0 0 1 0 0 1 0 0 1 0 0 1 0 0 1 0 0 1 0 0 1 0 0 1 0 0 1 0 0 1 0 0 1 0 0 1 0 0 1 0 0 1 0 0 1 0 0 1 0 0 1 0 0 1 0 0 1 0 0 1 0 0 1 0 0 1 0 0 1 0 0 1 0 0 1 0 0 1 0 0 1 0 0 1 0 0 1 0 0 1 0 0 1 0 0 1 0 0 1 0 0 1 0 0 1 0 0 1 0 0 1 0 0 1 0 0 1 0 0 1 0 0 1 0 0 1 0 0 1 0 0 1 0 0 1 0 0 1 0 0 1 0 0 1 0 0 1 0 0 1 0 0 1 0 0 1 0 0 1 0 0 1 0 0 1 0 0 1 0 0 1 0 0 1 0 0 1 0 0 1 0 0 1 0 0 1 0 0 1 0 0 1 0 0 1 0 0 1 0 0 1 0 0 1 0 0 1 0 0 1 0 0 1 0 0 1 0 0 1 0 0 1 0 0 1 0 0 1 0 0 1 0 0 1 0 0 1 0 0 1 0 0 1 0 0 1 0 0 1 0 0 1 0 0 1 0 0 1 0 0 1 0 0 1 0 0 1 0 0 1 0 0 1 0 0 1 0 0 1 0 0 1 0 0 1 0 0 1 0 0 1 0 0 1 0 0 1 0 0 1 0 0 1 0 0 1 0 0 1 0 0 1 0 0 1 0 0 1 0 0 1 0 0 1 0 0 1 0 0 1 0 0 1 0 0 1 0 0 1 0 0 1 0 0 1 0 0 1 0 0 1 0 0 1 0 0 1 0 0 1 0 0 1 0 0 1 0 0 1 0 0 -1 0 0 -1 0 0 -1 0 0 -1 0 1 -1.24576192812234E-16 0 1 -1.24576192812234E-16 0 1 -1.24576192812234E-16 0 1 -1.24576192812234E-16 0 0 -1 0 0 -1 0 0 -1 0 0 -1 0 0 -1 0 0 -1 0 -1 0 0 -1 0 0 -1 0 0 -1 0 0 -1 0 0 -1 0 0 -1 0 0 -1 0 0 0 0 1 0 0 1 0 0 1 0 0 1 0 0 1 0 0 1 0 0 1 0 0 1 0 0 1 0 0 1 0 0 1 0 0 1 0 0 1 0 0 1 0 0 1 0 0 1 0 0 1 0 0 1 0 0 1 0 0 1 0 0 1 0 0 1 0 0 1 0 0 1 0 0 1 0 0 1 0 0 1 0 0 1 0 0 1 0 0 1 0 0 1 0 0 1 0 0 1 0 0 1 0 0 1 0 0 1 0 0 1 0 0 1 0 0 1 0 0 1 0 0 1 0 0 1 0 0 1 0 0 1 0 0 1 0 0 1 0 0 1 0 0 1 0 0 1 0 0 1 0 0 1 0 0 1 0 0 1 0 0 1 0 0 1 0 0 1 0 0 1 0 0 1 0 0 1 0 0 1 0 0 1 0 0 1 0 0 1 0 0 1 0 0 1 0 -1 0 0 -1 0 0 -1 0 0 -1 0 2.75978729039267E-15 1 0 2.75978729039267E-15 1 0 2.75978729039267E-15 1 0 2.75978729039267E-15 1 0 0 0 -1 0 0 -1 0 0 -1 0 0 -1 0 0 -1 0 0 -1 0 0 -1 0 0 -1 0 0 -1 0 0 -1 0 0 -1 0 0 -1 0 0 -1 0 0 -1 0 0 -1 0 0 -1 0 0 -1 0 0 -1 0 0 -1 0 0 -1 0 0 -1 0 0 -1 0 0 -1 0.5 0 -0.866025388240814 0.5 0 -0.866025388240814 0.5 0 -0.866025388240814 0.5 0 -0.866025388240814 0.5 0 -0.866025388240814 0.5 0 -0.866025388240814 0.5 0 -0.866025388240814 0.5 0 -0.866025388240814 0.793353319168091 8.67361737988404E-16 -0.608761429786682 0.793353319168091 8.67361737988404E-16 -0.608761429786682 0.70710676908493 8.67361737988404E-16 -0.70710676908493 0.866025388240814 8.67361737988404E-16 -0.5 0.866025388240814 8.67361737988404E-16 -0.5 0.70710676908493 8.67361737988404E-16 -0.70710676908493 0.5 0 -0.866025388240814 0.5 0 -0.866025388240814 0.965925812721252 8.67361737988404E-16 -0.258819043636322 0.923879504203796 8.67361737988404E-16 -0.382683426141739 0.923879504203796 8.67361737988404E-16 -0.382683426141739 0.965925812721252 8.67361737988404E-16 -0.258819043636322 0.965925812721252 8.67361737988404E-16 -0.258819043636322 0.965925812721252 8.67361737988404E-16 -0.258819043636322 0.965925812721252 8.67361737988404E-16 -0.258819043636322 0.965925812721252 8.67361737988404E-16 -0.258819043636322 0.965925812721252 0 0.258819043636322 0.965925812721252 0 0.258819043636322 0.965925812721252 0 0.258819043636322 0.965925812721252 0 0.258819043636322 0.793353319168091 8.67361737988404E-16 0.608761429786682 0.793353319168091 8.67361737988404E-16 0.608761429786682 0.866025388240814 8.67361737988404E-16 0.5 0.923879504203796 8.67361737988404E-16 0.382683426141739 0.965925812721252 8.67361737988404E-16 0.258819043636322 0.923879504203796 8.67361737988404E-16 0.382683426141739 0.866025388240814 8.67361737988404E-16 0.5 0.70710676908493 8.67361737988404E-16 0.70710676908493 0.70710676908493 8.67361737988404E-16 0.70710676908493 0.5 8.67361737988404E-16 0.866025388240814 0.5 8.67361737988404E-16 0.866025388240814 0.965925812721252 8.67361737988404E-16 0.258819043636322 0.5 0 0.866025388240814 0.5 0 0.866025388240814 0.5 0 0.866025388240814 0.5 0 0.866025388240814 0.5 0 0.866025388240814 0.5 0 0.866025388240814 0.5 0 0.866025388240814 0.342020153999329 0 0.939692616462708 0.173648178577423 0 0.984807729721069 0.173648178577423 0 0.984807729721069 0.5 2.16840434497101E-16 0.866025388240814 0.342020153999329 0 0.939692616462708 0 0 1 0 0 1 0.5 2.16840434497101E-16 0.866025388240814 -1 -1.39709275506945E-15 0 -1 -1.39709275506945E-15 0 -1 -1.39709275506945E-15 0 -1 -1.39709275506945E-15 0 -1.4922352014742E-15 1 0 -1.4922352014742E-15 1 0 -1.4922352014742E-15 1 0 -1.4922352014742E-15 1 0 -1.4922352014742E-15 1 0 -1.4922352014742E-15 1 0 -1.4922352014742E-15 1 0 1.4922352014742E-15 -1 0 1.4922352014742E-15 -1 0 1.4922352014742E-15 -1 0 1.4922352014742E-15 -1 0 1.4922352014742E-15 -1 0 1.4922352014742E-15 -1 0 1.4922352014742E-15 -1 0 0 1 -3.80421819551016E-16 0 1 -3.80421819551016E-16 0 1 -3.80421819551016E-16 0 1 -3.80421819551016E-16 0 0 -1 0 0 -1 0 0 -1 0 0 -1 0 -1 -3.80421819551016E-16 0 -1 -3.80421819551016E-16 0 -1 -3.80421819551016E-16 0 -1 -3.80421819551016E-16 0 0 1 0 0 1 0 0 1 0 0 1 1 0 0 1 0 0 1 0 0 1 0 0 0 0 1 0 0 1 0 0 1 0 0 1 0 1 0 0 1 0 0 1 0 0 1 0 0 0 -1 0 0 -1 0 0 -1 0 0 -1 0 -1 0 0 -1 0 0 -1 0 0 -1 0 1 0 0 1 0 0 1 0 0 1 0 0 1 0 0 1 0 0 1 0 0 1 0 0 1 0 0 1 0 0 1 0 0 1 0 0 1 0 0 1 0 0 1 0 0 1 0 0 1 0 0 0.70710676908493 0 -0.70710676908493 0.70710676908493 0 -0.70710676908493 0.70710676908493 0 -0.70710676908493 0.70710676908493 0 -0.70710676908493 0.70710676908493 0 -0.70710676908493 0.70710676908493 0 -0.70710676908493 0.70710676908493 0 0.70710676908493 0.70710676908493 0 0.70710676908493 0.70710676908493 0 0.70710676908493 0.70710676908493 0 0.70710676908493 0.70710676908493 0 0.70710676908493 0.70710676908493 0 0.70710676908493 -1 0 0 -1 0 0 -1 0 0 -1 0 0 -1 0 0 -1 0 0 -1 0 0 -1 0 0 -1 0 0 -1 0 0 -1 0 0 -1 0 0 0 0 1 0 0 1 0 0 1 0 0 1 0 0 1 1 0 0 1 0 0 1 0 0 1 0 0 1 0 0 1 0 0 1 0 0 1 0 0 1 0 0 1 0 0 1 0 0 1 0 0 1 0 0 1 0 0 1 0 0 1 0 0 1 0 0 1 0 0 0.70710676908493 0 -0.70710676908493 0.70710676908493 0 -0.70710676908493 0.70710676908493 0 -0.70710676908493 0.70710676908493 0 -0.70710676908493 0.70710676908493 0 -0.70710676908493 0.70710676908493 0 -0.70710676908493 0.70710676908493 0 0.70710676908493 0.70710676908493 0 0.70710676908493 0.70710676908493 0 0.70710676908493 0.70710676908493 0 0.70710676908493 0.70710676908493 0 0.70710676908493 0.70710676908493 0 0.70710676908493 4.49197294978039E-16 0.642787635326385 0.766044437885284 4.49197294978039E-16 0.642787635326385 0.766044437885284 4.49197294978039E-16 0.642787635326385 0.766044437885284 4.49197294978039E-16 0.642787635326385 0.766044437885284 4.49197294978039E-16 0.642787635326385 0.766044437885284 4.49197294978039E-16 0.642787635326385 0.766044437885284 4.49197294978039E-16 0.642787635326385 0.766044437885284 0 1 0 0 1 0 0 1 0 0 1 0 -4.49197294978039E-16 0.642787635326385 -0.766044437885284 -4.49197294978039E-16 0.642787635326385 -0.766044437885284 -4.49197294978039E-16 0.642787635326385 -0.766044437885284 -4.49197294978039E-16 0.642787635326385 -0.766044437885284 -4.49197294978039E-16 0.642787635326385 -0.766044437885284 -4.49197294978039E-16 0.642787635326385 -0.766044437885284 -4.49197294978039E-16 0.642787635326385 -0.766044437885284 4.49197294978039E-16 -0.642787635326385 0.766044437885284 4.49197294978039E-16 -0.642787635326385 0.766044437885284 4.49197294978039E-16 -0.642787635326385 0.766044437885284 4.49197294978039E-16 -0.642787635326385 0.766044437885284 4.49197294978039E-16 -0.642787635326385 0.766044437885284 4.49197294978039E-16 -0.642787635326385 0.766044437885284 1.14715525089402E-30 -1 1.95631618882448E-15 1.14715525089402E-30 -1 1.95631618882448E-15 1.14715525089402E-30 -1 1.95631618882448E-15 1.14715525089402E-30 -1 1.95631618882448E-15 -4.49197294978039E-16 -0.642787635326385 -0.766044437885284 -4.49197294978039E-16 -0.642787635326385 -0.766044437885284 -4.49197294978039E-16 -0.642787635326385 -0.766044437885284 -4.49197294978039E-16 -0.642787635326385 -0.766044437885284 -4.49197294978039E-16 -0.642787635326385 -0.766044437885284 -4.49197294978039E-16 -0.642787635326385 -0.766044437885284 4.49197294978039E-16 0.642787635326385 0.766044437885284 4.49197294978039E-16 0.642787635326385 0.766044437885284 4.49197294978039E-16 0.642787635326385 0.766044437885284 4.49197294978039E-16 0.642787635326385 0.766044437885284 4.49197294978039E-16 0.642787635326385 0.766044437885284 -2.70629103803655E-31 1 -4.6152088320676E-16 -2.70629103803655E-31 1 -4.6152088320676E-16 -2.70629103803655E-31 1 -4.6152088320676E-16 -2.70629103803655E-31 1 -4.6152088320676E-16 -4.49197294978039E-16 0.642787635326385 -0.766044437885284 -4.49197294978039E-16 0.642787635326385 -0.766044437885284 -4.49197294978039E-16 0.642787635326385 -0.766044437885284 -4.49197294978039E-16 0.642787635326385 -0.766044437885284 -4.49197294978039E-16 0.642787635326385 -0.766044437885284 4.49197294978039E-16 -0.642787635326385 0.766044437885284 4.49197294978039E-16 -0.642787635326385 0.766044437885284 4.49197294978039E-16 -0.642787635326385 0.766044437885284 4.49197294978039E-16 -0.642787635326385 0.766044437885284 4.49197294978039E-16 -0.642787635326385 0.766044437885284 4.49197294978039E-16 -0.642787635326385 0.766044437885284 0 -1 0 0 -1 0 0 -1 0 0 -1 0 -4.49197294978039E-16 -0.642787635326385 -0.766044437885284 -4.49197294978039E-16 -0.642787635326385 -0.766044437885284 -4.49197294978039E-16 -0.642787635326385 -0.766044437885284 -4.49197294978039E-16 -0.642787635326385 -0.766044437885284 -4.49197294978039E-16 -0.642787635326385 -0.766044437885284 -4.49197294978039E-16 -0.642787635326385 -0.766044437885284 -1 0 0 -1 0 0 -1 0 0 -1 0 0 -1 0 0 -1 0 0 -1 0 0 -1 0 0 -1.33450146719033E-16 -0.634662389755249 0.772789537906647 -1.65798996719165E-16 -0.788507044315338 0.615025699138641 -1.65798996719165E-16 -0.788507044315338 0.615025699138641 -1.90097036783661E-16 -0.904063701629639 0.427397727966309 -1.90097036783661E-16 -0.904063701629639 0.427397727966309 -2.05164416191445E-16 -0.975721180438995 0.219016313552856 5.8737065622964E-16 -1 0 5.8737065622964E-16 -1 0 -2.05164416191445E-16 -0.975721180438995 0.219016313552856 -9.46212829141694E-17 -0.449999988079071 0.893028557300568 -1.33450146719033E-16 -0.634662389755249 0.772789537906647 -9.46212829141694E-17 -0.449999988079071 0.893028557300568 -2.05164416191445E-16 -0.975721180438995 -0.219016313552856 -1.90097036783661E-16 -0.904063701629639 -0.427397727966309 -1.90097036783661E-16 -0.904063701629639 -0.427397727966309 -2.10269510234327E-16 -1 0 -2.05164416191445E-16 -0.975721180438995 -0.219016313552856 -1.65798996719165E-16 -0.788507044315338 -0.615025699138641 -1.65798996719165E-16 -0.788507044315338 -0.615025699138641 -1.33450146719033E-16 -0.634662389755249 -0.772789537906647 -1.33450146719033E-16 -0.634662389755249 -0.772789537906647 0 -0.449999988079071 -0.893028557300568 0 -0.449999988079071 -0.893028557300568 -2.10269510234327E-16 -1 0 -2.10269510234327E-16 -1 0 -2.10269510234327E-16 -1 0 -2.10269510234327E-16 -1 0 -2.10269510234327E-16 -1 0 1 -2.10269510234327E-16 0 1 -2.10269510234327E-16 0 1 -2.10269510234327E-16 0 1 -2.10269510234327E-16 0 1 -2.10269510234327E-16 0 1 -2.10269510234327E-16 0 1 -2.10269510234327E-16 0 1 -2.10269510234327E-16 0 1 -2.10269510234327E-16 0 1 -2.10269510234327E-16 0 1 -2.10269510234327E-16 0 1 -2.10269510234327E-16 0 -1 2.10269510234327E-16 0 -1 2.10269510234327E-16 0 -1 2.10269510234327E-16 0 -1 2.10269510234327E-16 0 -1 2.10269510234327E-16 0 -1 2.10269510234327E-16 0 -1 2.10269510234327E-16 0 -1 2.10269510234327E-16 0 -1 2.10269510234327E-16 0 -1 2.10269510234327E-16 0 -1 2.10269510234327E-16 0 -1 2.10269510234327E-16 0 0.951041638851166 0 0.309062719345093 0.841229915618896 0 0.540677607059479 0.951041638851166 0 0.309062719345093 0.841229915618896 0 0.540677607059479 0.676145911216736 0 0.736767709255219 0.676145911216736 0 0.736767709255219 0.466636389493942 0 0.884449243545532 0.466636389493942 0 0.884449243545532 0.226466968655586 0 0.97401887178421 0.226466968655586 0 0.97401887178421 -0.0285822600126266 0 0.999591469764709 -0.0285822600126266 0 0.999591469764709 -0.28175351023674 0 0.959486842155457 -0.28175351023674 0 0.959486842155457 -0.516412436962128 0 0.856339991092682 -0.516412436962128 0 0.856339991092682 -0.717140913009644 0 0.696928143501282 -0.717140913009644 0 0.696928143501282 -0.870750367641449 0 0.491725325584412 -0.870750367641449 0 0.491725325584412 -0.967147946357727 0 0.254214107990265 -0.967147946357727 0 0.254214107990265 -1 -2.31296470522182E-15 1.85037176417746E-14 -1 -2.31296470522182E-15 1.85037176417746E-14 0.998366117477417 -2.31296470522182E-15 0.0571411624550819 0.998366117477417 -2.31296470522182E-15 0.0571411624550819 0.998366117477417 0 0.0571411624550819 0.998366117477417 0 0.0571411624550819 0.998366117477417 0 0.0571411624550819 0.998366117477417 0 0.0571411624550819 0.686607182025909 0 0.727028608322144 0.846343576908112 0 0.532637298107147 0.846343576908112 0 0.532637298107147 0.952503323554993 0 0.304528117179871 0.952503323554993 0 0.304528117179871 0.998366117477417 2.16840434497101E-15 0.0571411624550819 0.998366117477417 2.16840434497101E-15 0.0571411624550819 0.686607182025909 0 0.727028608322144 0.483405977487564 0 0.875396311283112 0.483405977487564 0 0.875396311283112 0.249603405594826 0 0.968348145484924 -2.44929370517034E-16 0 1 -2.44929370517034E-16 0 1 -0.249603405594826 0 0.968348145484924 -0.249603405594826 0 0.968348145484924 -0.483405977487564 0 0.875396311283112 -0.483405977487564 0 0.875396311283112 -0.686607182025909 0 0.727028608322144 -0.686607182025909 0 0.727028608322144 -0.846343576908112 0 0.532637298107147 -0.846343576908112 0 0.532637298107147 -0.952503323554993 0 0.304528117179871 -0.952503323554993 0 0.304528117179871 -0.998366117477417 2.16840434497101E-15 0.0571411624550819 -0.998366117477417 2.16840434497101E-15 0.0571411624550819 0.249603405594826 0 0.968348145484924 -0.998366117477417 0 0.0571411624550819 -0.998366117477417 0 0.0571411624550819 -0.998366117477417 0 0.0571411624550819 -0.998366117477417 0 0.0571411624550819 1 -2.31296470522182E-15 0 0.967147946357727 0 0.254214107990265 1 -2.31296470522182E-15 0 0.967147946357727 0 0.254214107990265 0.870750367641449 0 0.491725325584412 0.870750367641449 0 0.491725325584412 0.717140913009644 0 0.696928143501282 0.717140913009644 0 0.696928143501282 0.516412436962128 0 0.856339991092682 0.516412436962128 0 0.856339991092682 0.28175351023674 0 0.959486842155457 0.28175351023674 0 0.959486842155457 0.0285822600126266 0 0.999591469764709 0.0285822600126266 0 0.999591469764709 -0.226466968655586 0 0.97401887178421 -0.226466968655586 0 0.97401887178421 -0.466636389493942 0 0.884449243545532 -0.466636389493942 0 0.884449243545532 -0.676145911216736 0 0.736767709255219 -0.676145911216736 0 0.736767709255219 -0.841229915618896 0 0.540677607059479 -0.841229915618896 0 0.540677607059479 -0.951041638851166 0 0.309062719345093 -0.951041638851166 0 0.309062719345093 -0.998366117477417 -2.31296470522182E-15 0.0571411624550819 -0.998366117477417 -2.31296470522182E-15 0.0571411624550819 1 0 0 1 0 0 1 0 0 1 0 0 -0.998366117477417 -2.31296470522182E-15 -0.0571411624550819 -0.951041638851166 0 -0.309062719345093 -0.998366117477417 -2.31296470522182E-15 -0.0571411624550819 -0.951041638851166 0 -0.309062719345093 -0.841229915618896 0 -0.540677607059479 -0.841229915618896 0 -0.540677607059479 -0.676145911216736 0 -0.736767709255219 -0.676145911216736 0 -0.736767709255219 -0.466636389493942 0 -0.884449243545532 -0.466636389493942 0 -0.884449243545532 -0.226466968655586 0 -0.97401887178421 -0.226466968655586 0 -0.97401887178421 0.0285822600126266 0 -0.999591469764709 0.0285822600126266 0 -0.999591469764709 0.28175351023674 0 -0.959486842155457 0.28175351023674 0 -0.959486842155457 0.516412436962128 0 -0.856339991092682 0.516412436962128 0 -0.856339991092682 0.717140913009644 0 -0.696928143501282 0.717140913009644 0 -0.696928143501282 0.870750367641449 0 -0.491725325584412 0.870750367641449 0 -0.491725325584412 0.967147946357727 0 -0.254214107990265 0.967147946357727 0 -0.254214107990265 1 -2.31296470522182E-15 0 1 -2.31296470522182E-15 0 -0.998366117477417 0 -0.0571411624550819 -0.998366117477417 0 -0.0571411624550819 -0.998366117477417 0 -0.0571411624550819 -0.998366117477417 0 -0.0571411624550819 0.952503323554993 0 -0.304528117179871 0.998366117477417 2.16840434497101E-15 -0.0571411624550819 0.998366117477417 2.16840434497101E-15 -0.0571411624550819 0.846343576908112 0 -0.532637298107147 0.952503323554993 0 -0.304528117179871 0.686607182025909 0 -0.727028608322144 0.846343576908112 0 -0.532637298107147 0.483405977487564 0 -0.875396311283112 0.686607182025909 0 -0.727028608322144 0.249603405594826 0 -0.968348145484924 0.483405977487564 0 -0.875396311283112 -8.31523011660422E-15 0 -1 0.249603405594826 0 -0.968348145484924 -0.249603405594826 0 -0.968348145484924 -8.31523011660422E-15 0 -1 -0.483405977487564 0 -0.875396311283112 -0.249603405594826 0 -0.968348145484924 -0.686607182025909 0 -0.727028608322144 -0.483405977487564 0 -0.875396311283112 -0.846343576908112 0 -0.532637298107147 -0.686607182025909 0 -0.727028608322144 -0.952503323554993 0 -0.304528117179871 -0.846343576908112 0 -0.532637298107147 -0.998366117477417 2.16840434497101E-15 -0.0571411624550819 -0.952503323554993 0 -0.304528117179871 -0.998366117477417 2.16840434497101E-15 -0.0571411624550819 0.998366117477417 0 -0.0571411624550819 0.998366117477417 0 -0.0571411624550819 0.998366117477417 0 -0.0571411624550819 0.998366117477417 0 -0.0571411624550819 -1 -2.31296470522182E-15 0 -0.967147946357727 0 -0.254214107990265 -1 -2.31296470522182E-15 0 -0.967147946357727 0 -0.254214107990265 -0.870750367641449 0 -0.491725325584412 -0.870750367641449 0 -0.491725325584412 -0.717140913009644 0 -0.696928143501282 -0.717140913009644 0 -0.696928143501282 -0.516412436962128 0 -0.856339991092682 -0.516412436962128 0 -0.856339991092682 -0.28175351023674 0 -0.959486842155457 -0.28175351023674 0 -0.959486842155457 -0.0285822600126266 0 -0.999591469764709 -0.0285822600126266 0 -0.999591469764709 0.226466968655586 0 -0.97401887178421 0.226466968655586 0 -0.97401887178421 0.466636389493942 0 -0.884449243545532 0.466636389493942 0 -0.884449243545532 0.676145911216736 0 -0.736767709255219 0.676145911216736 0 -0.736767709255219 0.841229915618896 0 -0.540677607059479 0.841229915618896 0 -0.540677607059479 0.951041638851166 0 -0.309062719345093 0.951041638851166 0 -0.309062719345093 0.998366117477417 -2.31296470522182E-15 -0.0571411624550819 0.998366117477417 -2.31296470522182E-15 -0.0571411624550819 -1 0 5.13991874371645E-16 -1 0 5.13991874371645E-16 -1 0 5.13991874371645E-16 -1 0 5.13991874371645E-16 0.998366117477417 -2.31296470522182E-15 0.0571411624550819 0.951041638851166 0 0.309062719345093 0.998366117477417 -2.31296470522182E-15 0.0571411624550819 0.951041638851166 0 0.309062719345093 0.841229915618896 0 0.540677607059479 0.841229915618896 0 0.540677607059479 0.676145911216736 0 0.736767709255219 0.676145911216736 0 0.736767709255219 0.466636389493942 0 0.884449243545532 0.466636389493942 0 0.884449243545532 0.226466968655586 0 0.97401887178421 0.226466968655586 0 0.97401887178421 -0.0285822600126266 0 0.999591469764709 -0.0285822600126266 0 0.999591469764709 -0.28175351023674 0 0.959486842155457 -0.28175351023674 0 0.959486842155457 -0.516412436962128 0 0.856339991092682 -0.516412436962128 0 0.856339991092682 -0.717140913009644 0 0.696928143501282 -0.717140913009644 0 0.696928143501282 -0.870750367641449 0 0.491725325584412 -0.870750367641449 0 0.491725325584412 -0.967147946357727 0 0.254214107990265 -0.967147946357727 0 0.254214107990265 -1 -2.31296470522182E-15 7.40148705670983E-14 -1 -2.31296470522182E-15 7.40148705670983E-14 0.998366117477417 0 0.0571411624550819 0.998366117477417 0 0.0571411624550819 0.998366117477417 0 0.0571411624550819 0.998366117477417 0 0.0571411624550819 -0.952503323554993 0 0.304528117179871 -0.998366117477417 2.16840434497101E-15 0.0571411624550819 -0.998366117477417 2.16840434497101E-15 0.0571411624550819 -0.846343576908112 0 0.532637298107147 -0.952503323554993 0 0.304528117179871 -0.483405977487564 0 0.875396311283112 -0.686607182025909 0 0.727028608322144 -0.686607182025909 0 0.727028608322144 0.249603405594826 0 0.968348145484924 0.483405977487564 0 0.875396311283112 0.483405977487564 0 0.875396311283112 0.686607182025909 0 0.727028608322144 0.686607182025909 0 0.727028608322144 0.846343576908112 0 0.532637298107147 0.846343576908112 0 0.532637298107147 0.952503323554993 0 0.304528117179871 0.952503323554993 0 0.304528117179871 0.998366117477417 2.16840434497101E-15 0.0571411624550819 0.998366117477417 2.16840434497101E-15 0.0571411624550819 0.249603405594826 0 0.968348145484924 -2.44929370517034E-16 0 1 -2.44929370517034E-16 0 1 -0.249603405594826 0 0.968348145484924 -0.249603405594826 0 0.968348145484924 -0.483405977487564 0 0.875396311283112 -0.846343576908112 0 0.532637298107147 -0.998366117477417 0 0.0571411624550819 -0.998366117477417 0 0.0571411624550819 -0.998366117477417 0 0.0571411624550819 -0.998366117477417 0 0.0571411624550819 1 -2.31296470522182E-15 0 0.967147946357727 0 0.254214107990265 1 -2.31296470522182E-15 0 0.967147946357727 0 0.254214107990265 0.870750367641449 0 0.491725325584412 0.870750367641449 0 0.491725325584412 0.717140913009644 0 0.696928143501282 0.717140913009644 0 0.696928143501282 0.516412436962128 0 0.856339991092682 0.516412436962128 0 0.856339991092682 0.28175351023674 0 0.959486842155457 0.28175351023674 0 0.959486842155457 0.0285822600126266 0 0.999591469764709 0.0285822600126266 0 0.999591469764709 -0.226466968655586 0 0.97401887178421 -0.226466968655586 0 0.97401887178421 -0.466636389493942 0 0.884449243545532 -0.466636389493942 0 0.884449243545532 -0.676145911216736 0 0.736767709255219 -0.676145911216736 0 0.736767709255219 -0.841229915618896 0 0.540677607059479 -0.841229915618896 0 0.540677607059479 -0.951041638851166 0 0.309062719345093 -0.951041638851166 0 0.309062719345093 -0.998366117477417 -2.31296470522182E-15 0.0571411624550819 -0.998366117477417 -2.31296470522182E-15 0.0571411624550819 1 0 0 1 0 0 1 0 0 1 0 0 -0.998366117477417 -2.31296470522182E-15 -0.0571411624550819 -0.951041638851166 0 -0.309062719345093 -0.998366117477417 -2.31296470522182E-15 -0.0571411624550819 -0.951041638851166 0 -0.309062719345093 -0.841229915618896 0 -0.540677607059479 -0.841229915618896 0 -0.540677607059479 -0.676145911216736 0 -0.736767709255219 -0.676145911216736 0 -0.736767709255219 -0.466636389493942 0 -0.884449243545532 -0.466636389493942 0 -0.884449243545532 -0.226466968655586 0 -0.97401887178421 -0.226466968655586 0 -0.97401887178421 0.0285822600126266 0 -0.999591469764709 0.0285822600126266 0 -0.999591469764709 0.28175351023674 0 -0.959486842155457 0.28175351023674 0 -0.959486842155457 0.516412436962128 0 -0.856339991092682 0.516412436962128 0 -0.856339991092682 0.717140913009644 0 -0.696928143501282 0.717140913009644 0 -0.696928143501282 0.870750367641449 0 -0.491725325584412 0.870750367641449 0 -0.491725325584412 0.967147946357727 0 -0.254214107990265 0.967147946357727 0 -0.254214107990265 1 -2.31296470522182E-15 0 1 -2.31296470522182E-15 0 -0.998366117477417 0 -0.0571411624550819 -0.998366117477417 0 -0.0571411624550819 -0.998366117477417 0 -0.0571411624550819 -0.998366117477417 0 -0.0571411624550819 0.952503323554993 0 -0.304528117179871 0.998366117477417 2.16840434497101E-15 -0.0571411624550819 0.998366117477417 2.16840434497101E-15 -0.0571411624550819 0.846343576908112 0 -0.532637298107147 0.952503323554993 0 -0.304528117179871 0.686607182025909 0 -0.727028608322144 0.846343576908112 0 -0.532637298107147 0.483405977487564 0 -0.875396311283112 0.686607182025909 0 -0.727028608322144 0.249603405594826 0 -0.968348145484924 0.483405977487564 0 -0.875396311283112 1.22464685258517E-16 0 -1 0.249603405594826 0 -0.968348145484924 -0.249603405594826 0 -0.968348145484924 1.22464685258517E-16 0 -1 -0.483405977487564 0 -0.875396311283112 -0.249603405594826 0 -0.968348145484924 -0.686607182025909 0 -0.727028608322144 -0.483405977487564 0 -0.875396311283112 -0.846343576908112 0 -0.532637298107147 -0.686607182025909 0 -0.727028608322144 -0.952503323554993 0 -0.304528117179871 -0.846343576908112 0 -0.532637298107147 -0.998366117477417 2.16840434497101E-15 -0.0571411624550819 -0.952503323554993 0 -0.304528117179871 -0.998366117477417 2.16840434497101E-15 -0.0571411624550819 0.998366117477417 0 -0.0571411624550819 0.998366117477417 0 -0.0571411624550819 0.998366117477417 0 -0.0571411624550819 0.998366117477417 0 -0.0571411624550819 0.466636389493942 0 -0.884449243545532 0.226466968655586 0 -0.97401887178421 0.466636389493942 0 -0.884449243545532 -0.0285822600126266 0 -0.999591469764709 -0.28175351023674 0 -0.959486842155457 -0.0285822600126266 0 -0.999591469764709 -1 -2.31296470522182E-15 0 -0.967147946357727 0 -0.254214107990265 -1 -2.31296470522182E-15 0 -0.967147946357727 0 -0.254214107990265 -0.870750367641449 0 -0.491725325584412 -0.870750367641449 0 -0.491725325584412 -0.717140913009644 0 -0.696928143501282 0.226466968655586 0 -0.97401887178421 -0.516412436962128 0 -0.856339991092682 -0.28175351023674 0 -0.959486842155457 -0.516412436962128 0 -0.856339991092682 0.676145911216736 0 -0.736767709255219 0.676145911216736 0 -0.736767709255219 0.841229915618896 0 -0.540677607059479 0.841229915618896 0 -0.540677607059479 0.951041638851166 0 -0.309062719345093 0.951041638851166 0 -0.309062719345093 0.998366117477417 -2.31296470522182E-15 -0.0571411624550819 0.998366117477417 -2.31296470522182E-15 -0.0571411624550819 -0.717140913009644 0 -0.696928143501282 -1 0 5.13991874371645E-16 -1 0 5.13991874371645E-16 -1 0 5.13991874371645E-16 -1 0 5.13991874371645E-16 -0.516412436962128 0 0.856339991092682 -0.717140913009644 0 0.696928143501282 -0.516412436962128 0 0.856339991092682 -0.28175351023674 0 0.959486842155457 -0.28175351023674 0 0.959486842155457 0.676145911216736 0 0.736767709255219 0.841229915618896 0 0.540677607059479 0.676145911216736 0 0.736767709255219 0.226466968655586 0 0.97401887178421 -0.0285822600126266 0 0.999591469764709 0.226466968655586 0 0.97401887178421 0.466636389493942 0 0.884449243545532 0.466636389493942 0 0.884449243545532 -0.0285822600126266 0 0.999591469764709 -0.717140913009644 0 0.696928143501282 -0.870750367641449 0 0.491725325584412 0.951041638851166 0 0.309062719345093 0.998366117477417 -2.31296470522182E-15 0.0571411624550819 0.951041638851166 0 0.309062719345093 0.841229915618896 0 0.540677607059479 0.998366117477417 -2.31296470522182E-15 0.0571411624550819 -0.870750367641449 0 0.491725325584412 -0.967147946357727 0 0.254214107990265 -0.967147946357727 0 0.254214107990265 -1 -2.31296470522182E-15 -7.40148705670983E-14 -1 -2.31296470522182E-15 -7.40148705670983E-14 0.998366117477417 0 0.0571411624550819 0.998366117477417 0 0.0571411624550819 0.998366117477417 0 0.0571411624550819 0.998366117477417 0 0.0571411624550819 0.998366117477417 2.16840434497101E-15 0.0571411624550819 0.952503323554993 0 0.304528117179871 0.952503323554993 0 0.304528117179871 0.998366117477417 2.16840434497101E-15 0.0571411624550819 0.846343576908112 0 0.532637298107147 0.686607182025909 0 0.727028608322144 0.846343576908112 0 0.532637298107147 0.483405977487564 0 0.875396311283112 0.686607182025909 0 0.727028608322144 0.249603405594826 0 0.968348145484924 0.483405977487564 0 0.875396311283112 -2.44929370517034E-16 0 1 0.249603405594826 0 0.968348145484924 -0.249603405594826 0 0.968348145484924 -2.44929370517034E-16 0 1 -0.483405977487564 0 0.875396311283112 -0.249603405594826 0 0.968348145484924 -0.686607182025909 0 0.727028608322144 -0.483405977487564 0 0.875396311283112 -0.846343576908112 0 0.532637298107147 -0.686607182025909 0 0.727028608322144 -0.952503323554993 0 0.304528117179871 -0.846343576908112 0 0.532637298107147 -0.998366117477417 2.16840434497101E-15 0.0571411624550819 -0.952503323554993 0 0.304528117179871 -0.998366117477417 2.16840434497101E-15 0.0571411624550819 -0.998366117477417 0 0.0571411624550819 -0.998366117477417 0 0.0571411624550819 -0.998366117477417 0 0.0571411624550819 -0.998366117477417 0 0.0571411624550819 -0.951041638851166 0 0.309062719345093 -0.998366117477417 -2.31296470522182E-15 0.0571411624550819 -0.951041638851166 0 0.309062719345093 -0.998366117477417 -2.31296470522182E-15 0.0571411624550819 -0.841229915618896 0 0.540677607059479 -0.841229915618896 0 0.540677607059479 -0.676145911216736 0 0.736767709255219 -0.676145911216736 0 0.736767709255219 -0.466636389493942 0 0.884449243545532 -0.466636389493942 0 0.884449243545532 -0.226466968655586 0 0.97401887178421 -0.226466968655586 0 0.97401887178421 0.0285822600126266 0 0.999591469764709 0.0285822600126266 0 0.999591469764709 0.28175351023674 0 0.959486842155457 0.28175351023674 0 0.959486842155457 0.516412436962128 0 0.856339991092682 0.717140913009644 0 0.696928143501282 0.870750367641449 0 0.491725325584412 0.717140913009644 0 0.696928143501282 0.870750367641449 0 0.491725325584412 0.967147946357727 0 0.254214107990265 0.967147946357727 0 0.254214107990265 1 -2.31296470522182E-15 0 0.516412436962128 0 0.856339991092682 1 -2.31296470522182E-15 0 1 0 0 1 0 0 1 0 0 1 0 0 0.967147946357727 0 -0.254214107990265 1 -2.31296470522182E-15 0 0.967147946357727 0 -0.254214107990265 1 -2.31296470522182E-15 0 0.870750367641449 0 -0.491725325584412 0.870750367641449 0 -0.491725325584412 0.717140913009644 0 -0.696928143501282 0.0285822600126266 0 -0.999591469764709 0.28175351023674 0 -0.959486842155457 0.0285822600126266 0 -0.999591469764709 0.717140913009644 0 -0.696928143501282 0.516412436962128 0 -0.856339991092682 0.516412436962128 0 -0.856339991092682 0.28175351023674 0 -0.959486842155457 -0.226466968655586 0 -0.97401887178421 -0.466636389493942 0 -0.884449243545532 -0.676145911216736 0 -0.736767709255219 -0.466636389493942 0 -0.884449243545532 -0.676145911216736 0 -0.736767709255219 -0.841229915618896 0 -0.540677607059479 -0.841229915618896 0 -0.540677607059479 -0.951041638851166 0 -0.309062719345093 -0.951041638851166 0 -0.309062719345093 -0.998366117477417 -2.31296470522182E-15 -0.0571411624550819 -0.226466968655586 0 -0.97401887178421 -0.998366117477417 -2.31296470522182E-15 -0.0571411624550819 -0.998366117477417 0 -0.0571411624550819 -0.998366117477417 0 -0.0571411624550819 -0.998366117477417 0 -0.0571411624550819 -0.998366117477417 0 -0.0571411624550819 -0.952503323554993 0 -0.304528117179871 -0.846343576908112 0 -0.532637298107147 -0.846343576908112 0 -0.532637298107147 -0.998366117477417 2.16840434497101E-15 -0.0571411624550819 -0.952503323554993 0 -0.304528117179871 -0.998366117477417 2.16840434497101E-15 -0.0571411624550819 -0.686607182025909 0 -0.727028608322144 -0.483405977487564 0 -0.875396311283112 -0.686607182025909 0 -0.727028608322144 -0.249603405594826 0 -0.968348145484924 -0.483405977487564 0 -0.875396311283112 1.22464685258517E-16 0 -1 -0.249603405594826 0 -0.968348145484924 0.249603405594826 0 -0.968348145484924 1.22464685258517E-16 0 -1 0.483405977487564 0 -0.875396311283112 0.249603405594826 0 -0.968348145484924 0.846343576908112 0 -0.532637298107147 0.686607182025909 0 -0.727028608322144 0.686607182025909 0 -0.727028608322144 0.952503323554993 0 -0.304528117179871 0.846343576908112 0 -0.532637298107147 0.998366117477417 2.16840434497101E-15 -0.0571411624550819 0.952503323554993 0 -0.304528117179871 0.483405977487564 0 -0.875396311283112 0.998366117477417 2.16840434497101E-15 -0.0571411624550819 0.998366117477417 0 -0.0571411624550819 0.998366117477417 0 -0.0571411624550819 0.998366117477417 0 -0.0571411624550819 0.998366117477417 0 -0.0571411624550819 -1 -2.31296470522182E-15 0 -0.967147946357727 0 -0.254214107990265 -1 -2.31296470522182E-15 0 -0.967147946357727 0 -0.254214107990265 -0.870750367641449 0 -0.491725325584412 -0.870750367641449 0 -0.491725325584412 -0.717140913009644 0 -0.696928143501282 -0.717140913009644 0 -0.696928143501282 -0.516412436962128 0 -0.856339991092682 -0.516412436962128 0 -0.856339991092682 -0.28175351023674 0 -0.959486842155457 -0.28175351023674 0 -0.959486842155457 -0.0285822600126266 0 -0.999591469764709 -0.0285822600126266 0 -0.999591469764709 0.226466968655586 0 -0.97401887178421 0.226466968655586 0 -0.97401887178421 0.466636389493942 0 -0.884449243545532 0.466636389493942 0 -0.884449243545532 0.676145911216736 0 -0.736767709255219 0.676145911216736 0 -0.736767709255219 0.841229915618896 0 -0.540677607059479 0.841229915618896 0 -0.540677607059479 0.951041638851166 0 -0.309062719345093 0.951041638851166 0 -0.309062719345093 0.998366117477417 -2.31296470522182E-15 -0.0571411624550819 0.998366117477417 -2.31296470522182E-15 -0.0571411624550819 -1 0 5.13991874371645E-16 -1 0 5.13991874371645E-16 -1 0 5.13991874371645E-16 -1 0 5.13991874371645E-16 -0.967147946357727 0 0.254214107990265 -0.870750367641449 0 0.491725325584412 -0.967147946357727 0 0.254214107990265 -0.870750367641449 0 0.491725325584412 -0.717140913009644 0 0.696928143501282 -0.717140913009644 0 0.696928143501282 -0.516412436962128 0 0.856339991092682 -0.516412436962128 0 0.856339991092682 -0.28175351023674 0 0.959486842155457 -0.28175351023674 0 0.959486842155457 -0.0285822600126266 0 0.999591469764709 -1 -2.31296470522182E-15 -7.40148705670983E-14 -1 -2.31296470522182E-15 -7.40148705670983E-14 0.226466968655586 0 0.97401887178421 0.466636389493942 0 0.884449243545532 0.226466968655586 0 0.97401887178421 0.466636389493942 0 0.884449243545532 0.676145911216736 0 0.736767709255219 0.676145911216736 0 0.736767709255219 0.841229915618896 0 0.540677607059479 0.841229915618896 0 0.540677607059479 0.951041638851166 0 0.309062719345093 0.951041638851166 0 0.309062719345093 0.998366117477417 -2.31296470522182E-15 0.0571411624550819 0.998366117477417 -2.31296470522182E-15 0.0571411624550819 -0.0285822600126266 0 0.999591469764709 0.998366117477417 0 0.0571411624550819 0.998366117477417 0 0.0571411624550819 0.998366117477417 0 0.0571411624550819 0.998366117477417 0 0.0571411624550819 -0.952503323554993 0 0.304528117179871 -0.998366117477417 2.16840434497101E-15 0.0571411624550819 -0.998366117477417 2.16840434497101E-15 0.0571411624550819 -0.686607182025909 0 0.727028608322144 -0.846343576908112 0 0.532637298107147 -0.846343576908112 0 0.532637298107147 -0.483405977487564 0 0.875396311283112 -0.686607182025909 0 0.727028608322144 -0.249603405594826 0 0.968348145484924 -0.483405977487564 0 0.875396311283112 -2.44929370517034E-16 0 1 -0.249603405594826 0 0.968348145484924 0.249603405594826 0 0.968348145484924 -2.44929370517034E-16 0 1 0.483405977487564 0 0.875396311283112 0.249603405594826 0 0.968348145484924 -0.952503323554993 0 0.304528117179871 0.686607182025909 0 0.727028608322144 0.483405977487564 0 0.875396311283112 0.846343576908112 0 0.532637298107147 0.686607182025909 0 0.727028608322144 0.952503323554993 0 0.304528117179871 0.846343576908112 0 0.532637298107147 0.998366117477417 2.16840434497101E-15 0.0571411624550819 0.952503323554993 0 0.304528117179871 0.998366117477417 2.16840434497101E-15 0.0571411624550819 -0.998366117477417 0 0.0571411624550819 -0.998366117477417 0 0.0571411624550819 -0.998366117477417 0 0.0571411624550819 -0.998366117477417 0 0.0571411624550819 0.717140913009644 0 0.696928143501282 0.870750367641449 0 0.491725325584412 0.717140913009644 0 0.696928143501282 0.516412436962128 0 0.856339991092682 0.516412436962128 0 0.856339991092682 0.28175351023674 0 0.959486842155457 0.28175351023674 0 0.959486842155457 0.0285822600126266 0 0.999591469764709 0.0285822600126266 0 0.999591469764709 0.870750367641449 0 0.491725325584412 0.967147946357727 0 0.254214107990265 0.967147946357727 0 0.254214107990265 1 -2.31296470522182E-15 0 1 -2.31296470522182E-15 0 -0.226466968655586 0 0.97401887178421 -0.226466968655586 0 0.97401887178421 -0.466636389493942 0 0.884449243545532 -0.466636389493942 0 0.884449243545532 -0.676145911216736 0 0.736767709255219 -0.676145911216736 0 0.736767709255219 -0.841229915618896 0 0.540677607059479 -0.841229915618896 0 0.540677607059479 -0.951041638851166 0 0.309062719345093 -0.951041638851166 0 0.309062719345093 -0.998366117477417 -2.31296470522182E-15 0.0571411624550819 -0.998366117477417 -2.31296470522182E-15 0.0571411624550819 1 0 0 1 0 0 1 0 0 1 0 0 -0.466636389493942 0 -0.884449243545532 -0.676145911216736 0 -0.736767709255219 -0.466636389493942 0 -0.884449243545532 -0.676145911216736 0 -0.736767709255219 -0.841229915618896 0 -0.540677607059479 -0.841229915618896 0 -0.540677607059479 -0.951041638851166 0 -0.309062719345093 0.28175351023674 0 -0.959486842155457 0.0285822600126266 0 -0.999591469764709 0.28175351023674 0 -0.959486842155457 0.516412436962128 0 -0.856339991092682 0.516412436962128 0 -0.856339991092682 0.717140913009644 0 -0.696928143501282 0.717140913009644 0 -0.696928143501282 -0.951041638851166 0 -0.309062719345093 -0.998366117477417 -2.31296470522182E-15 -0.0571411624550819 0.870750367641449 0 -0.491725325584412 0.870750367641449 0 -0.491725325584412 0.967147946357727 0 -0.254214107990265 0.967147946357727 0 -0.254214107990265 1 -2.31296470522182E-15 0 1 -2.31296470522182E-15 0 -0.226466968655586 0 -0.97401887178421 -0.226466968655586 0 -0.97401887178421 0.0285822600126266 0 -0.999591469764709 -0.998366117477417 -2.31296470522182E-15 -0.0571411624550819 -0.998366117477417 0 -0.0571411624550819 -0.998366117477417 0 -0.0571411624550819 -0.998366117477417 0 -0.0571411624550819 -0.998366117477417 0 -0.0571411624550819 0.686607182025909 0 -0.727028608322144 0.483405977487564 0 -0.875396311283112 0.483405977487564 0 -0.875396311283112 0.249603405594826 0 -0.968348145484924 0.249603405594826 0 -0.968348145484924 1.22464685258517E-16 0 -1 1.22464685258517E-16 0 -1 -0.249603405594826 0 -0.968348145484924 -0.249603405594826 0 -0.968348145484924 -0.483405977487564 0 -0.875396311283112 -0.483405977487564 0 -0.875396311283112 -0.686607182025909 0 -0.727028608322144 -0.686607182025909 0 -0.727028608322144 -0.846343576908112 0 -0.532637298107147 -0.846343576908112 0 -0.532637298107147 -0.952503323554993 0 -0.304528117179871 -0.952503323554993 0 -0.304528117179871 -0.998366117477417 2.16840434497101E-15 -0.0571411624550819 -0.998366117477417 2.16840434497101E-15 -0.0571411624550819 0.846343576908112 0 -0.532637298107147 0.686607182025909 0 -0.727028608322144 0.846343576908112 0 -0.532637298107147 0.952503323554993 0 -0.304528117179871 0.952503323554993 0 -0.304528117179871 0.998366117477417 2.16840434497101E-15 -0.0571411624550819 0.998366117477417 2.16840434497101E-15 -0.0571411624550819 0.998366117477417 0 -0.0571411624550819 0.998366117477417 0 -0.0571411624550819 0.998366117477417 0 -0.0571411624550819 0.998366117477417 0 -0.0571411624550819 -0.28175351023674 0 -0.959486842155457 -0.516412436962128 0 -0.856339991092682 -0.28175351023674 0 -0.959486842155457 -0.0285822600126266 0 -0.999591469764709 -0.0285822600126266 0 -0.999591469764709 0.226466968655586 0 -0.97401887178421 0.226466968655586 0 -0.97401887178421 0.466636389493942 0 -0.884449243545532 0.466636389493942 0 -0.884449243545532 0.676145911216736 0 -0.736767709255219 0.676145911216736 0 -0.736767709255219 0.841229915618896 0 -0.540677607059479 0.841229915618896 0 -0.540677607059479 0.951041638851166 0 -0.309062719345093 0.951041638851166 0 -0.309062719345093 0.998366117477417 -2.31296470522182E-15 -0.0571411624550819 0.998366117477417 -2.31296470522182E-15 -0.0571411624550819 -0.516412436962128 0 -0.856339991092682 -0.717140913009644 0 -0.696928143501282 -0.717140913009644 0 -0.696928143501282 -0.870750367641449 0 -0.491725325584412 -0.870750367641449 0 -0.491725325584412 -0.967147946357727 0 -0.254214107990265 -0.967147946357727 0 -0.254214107990265 -1 -2.31296470522182E-15 0 -1 -2.31296470522182E-15 0 -1 0 5.13991874371645E-16 -1 0 5.13991874371645E-16 -1 0 5.13991874371645E-16 -1 0 5.13991874371645E-16 -1.22464685258517E-16 0 1 0.258819043636322 0 0.965925812721252 -1.22464685258517E-16 0 1 0.258819043636322 0 -0.965925812721252 0.5 0 -0.866025388240814 0.258819043636322 0 -0.965925812721252 0.5 0 -0.866025388240814 0.70710676908493 0 -0.70710676908493 0.70710676908493 0 -0.70710676908493 0.866025388240814 0 -0.5 0.866025388240814 0 -0.5 0.965925812721252 0 -0.258819043636322 0.965925812721252 0 -0.258819043636322 1 0 1.07187540788323E-15 1 -5.68761818834496E-16 0 0.965925812721252 0 0.258819043636322 0.965925812721252 0 0.258819043636322 0.866025388240814 0 0.5 0.866025388240814 0 0.5 0.70710676908493 0 0.70710676908493 0.70710676908493 0 0.70710676908493 0.5 0 0.866025388240814 0.5 0 0.866025388240814 0.258819043636322 0 0.965925812721252 -0.258819043636322 0 0.965925812721252 -0.258819043636322 0 0.965925812721252 -0.5 0 0.866025388240814 -0.5 0 0.866025388240814 -0.70710676908493 0 0.70710676908493 -0.70710676908493 0 0.70710676908493 -0.866025388240814 0 0.5 -0.866025388240814 0 0.5 -0.965925812721252 0 0.258819043636322 -0.965925812721252 0 0.258819043636322 -1 0 -6.12323426292584E-17 -1 0 -6.12323426292584E-17 -0.965925812721252 0 -0.258819043636322 -0.965925812721252 0 -0.258819043636322 -0.866025388240814 0 -0.5 -0.866025388240814 0 -0.5 -0.70710676908493 0 -0.70710676908493 -0.70710676908493 0 -0.70710676908493 -0.5 0 -0.866025388240814 -0.5 0 -0.866025388240814 -0.258819043636322 0 -0.965925812721252 -0.258819043636322 0 -0.965925812721252 0 -5.68761818834496E-16 -1 0 -5.68761818834496E-16 -1 0.258819043636322 0 -0.965925812721252 0.5 0 -0.866025388240814 0.258819043636322 0 -0.965925812721252 0 -5.68761818834496E-16 -1 0 -5.68761818834496E-16 -1 0.965925812721252 0 -0.258819043636322 0.866025388240814 0 -0.5 0.965925812721252 0 -0.258819043636322 0.5 0 -0.866025388240814 0.70710676908493 0 -0.70710676908493 0.70710676908493 0 -0.70710676908493 0.866025388240814 0 -0.5 1 0 1.83697014652885E-16 1 -5.68761818834496E-16 0 0.965925812721252 0 0.258819043636322 0.965925812721252 0 0.258819043636322 0.866025388240814 0 0.5 0.866025388240814 0 0.5 0.70710676908493 0 0.70710676908493 0.70710676908493 0 0.70710676908493 0.5 0 0.866025388240814 0.5 0 0.866025388240814 0.258819043636322 0 0.965925812721252 0.258819043636322 0 0.965925812721252 -1.22464685258517E-16 0 1 -1.22464685258517E-16 0 1 -0.258819043636322 0 0.965925812721252 -0.258819043636322 0 0.965925812721252 -0.5 0 0.866025388240814 -0.5 0 0.866025388240814 -0.70710676908493 0 0.70710676908493 -0.70710676908493 0 0.70710676908493 -0.866025388240814 0 0.5 -0.866025388240814 0 0.5 -0.965925812721252 0 0.258819043636322 -0.965925812721252 0 0.258819043636322 -1 0 -6.12323426292584E-17 -1 0 -6.12323426292584E-17 -0.965925812721252 0 -0.258819043636322 -0.965925812721252 0 -0.258819043636322 -0.866025388240814 0 -0.5 -0.866025388240814 0 -0.5 -0.70710676908493 0 -0.70710676908493 -0.70710676908493 0 -0.70710676908493 -0.5 0 -0.866025388240814 -0.5 0 -0.866025388240814 -0.258819043636322 0 -0.965925812721252 -0.258819043636322 0 -0.965925812721252 0.866025388240814 0.5 0 0.965925812721252 0.258819043636322 0 0.866025388240814 0.5 0 0.866025388240814 -0.5 0 0.965925812721252 -0.258819043636322 0 0.866025388240814 -0.5 0 0.70710676908493 -0.70710676908493 0 0.70710676908493 -0.70710676908493 0 0.5 -0.866025388240814 0 0.5 -0.866025388240814 0 1 0 0 0.965925812721252 -0.258819043636322 0 1 0 0 0.258819043636322 -0.965925812721252 0 0.258819043636322 -0.965925812721252 0 -1.83697014652885E-16 -1 0 -1.83697014652885E-16 -1 0 -0.258819043636322 -0.965925812721252 0 -0.258819043636322 -0.965925812721252 0 -0.5 -0.866025388240814 0 -0.5 -0.866025388240814 0 -0.70710676908493 -0.70710676908493 0 -0.70710676908493 -0.70710676908493 0 -0.866025388240814 -0.5 0 -0.866025388240814 -0.5 0 -0.965925812721252 -0.258819043636322 0 -0.965925812721252 -0.258819043636322 0 -1 1.22464685258517E-16 0 -1 1.22464685258517E-16 0 -0.965925812721252 0.258819043636322 0 -0.965925812721252 0.258819043636322 0 -0.866025388240814 0.5 0 -0.866025388240814 0.5 0 -0.70710676908493 0.70710676908493 0 -0.70710676908493 0.70710676908493 0 -0.5 0.866025388240814 0 -0.5 0.866025388240814 0 -0.258819043636322 0.965925812721252 0 -0.258819043636322 0.965925812721252 0 6.12323426292584E-17 1 0 6.12323426292584E-17 1 0 0.258819043636322 0.965925812721252 0 0.258819043636322 0.965925812721252 0 0.5 0.866025388240814 0 0.5 0.866025388240814 0 0.70710676908493 0.70710676908493 0 0.70710676908493 0.70710676908493 0 0.965925812721252 0.258819043636322 0 0 0 1 0 0 1 0 0 1 0 0 1 0 0 1 0 0 1 0 0 1 0 0 1 0 0 1 0 0 1 0 0 1 0 0 1 0 0 1 0 0 1 0 0 1 0 0 1 0 0 1 0 0 1 0 0 1 0 0 1 0 0 1 0 0 1 0 0 1 0 0 1 0 0 1 0 1 0 0 1 0 0 1 0 0 1 0 0 0 1 0 0 1 0 0 1 0 0 1 -1 0 0 -1 0 0 -1 0 0 -1 0 0 0 0 -1 0 0 -1 0 0 -1 0 0 -1 1 0 0 1 0 0 1 0 0 1 0 0 1 0 0 1 0 0 1 0 0 1 0 0 1 0 0 1 0 0 1 0 0 1 0 0 1 0 0 1 0 0 1 0 0 1 0 0 1 0 0 1 0 0 1 0 0 1 0 0 1 0 0 1 0 0 1 0 0 1 0 0 1 0 0 1 0 0 1 0 0 1 0 0 1 0 0 1 0 0 1 0 0 1 0 0 -1.05134755117163E-16 1 0 -1.05134755117163E-16 1 0 -1.05134755117163E-16 1 0 -1.05134755117163E-16 1 0 -1.01552374850539E-16 0.965925812721252 -0.258819043636322 -1.05134755117163E-16 1 0 -1.01552374850539E-16 0.965925812721252 -0.258819043636322 -9.10493714453777E-17 0.866025388240814 -0.5 -9.10493714453777E-17 0.866025388240814 -0.5 -7.43415009769988E-17 0.70710676908493 -0.70710676908493 -7.43415009769988E-17 0.70710676908493 -0.70710676908493 -5.25673775585817E-17 0.5 -0.866025388240814 -5.25673775585817E-17 0.5 -0.866025388240814 -2.72108771822627E-17 0.258819043636322 -0.965925812721252 -2.72108771822627E-17 0.258819043636322 -0.965925812721252 0 -1.44074036284147E-14 -1 0 -1.44074036284147E-14 -1 -1.05134755117163E-16 1 0 0 -1.44074036284147E-14 -1 0 -1.44074036284147E-14 -1 0 -1.44074036284147E-14 -1 0 -1.44074036284147E-14 -1 0 -1.44074036284147E-14 -1 2.72108771822627E-17 -0.258819043636322 -0.965925812721252 0 -1.44074036284147E-14 -1 2.72108771822627E-17 -0.258819043636322 -0.965925812721252 5.25673775585817E-17 -0.5 -0.866025388240814 5.25673775585817E-17 -0.5 -0.866025388240814 7.43415009769988E-17 -0.70710676908493 -0.70710676908493 7.43415009769988E-17 -0.70710676908493 -0.70710676908493 9.10493714453777E-17 -0.866025388240814 -0.5 9.10493714453777E-17 -0.866025388240814 -0.5 1.01552374850539E-16 -0.965925812721252 -0.258819043636322 1.01552374850539E-16 -0.965925812721252 -0.258819043636322 0 -1 0 0 -1 0 0 -1 0 0 -1 0 0 -1 0 0 -1 0 9.10493714453777E-17 -0.866025388240814 0.5 1.01552374850539E-16 -0.965925812721252 0.258819043636322 9.10493714453777E-17 -0.866025388240814 0.5 1.01552374850539E-16 -0.965925812721252 0.258819043636322 0 -1 0 7.43415009769988E-17 -0.70710676908493 0.70710676908493 7.43415009769988E-17 -0.70710676908493 0.70710676908493 5.25673775585817E-17 -0.5 0.866025388240814 5.25673775585817E-17 -0.5 0.866025388240814 2.72108771822627E-17 -0.258819043636322 0.965925812721252 2.72108771822627E-17 -0.258819043636322 0.965925812721252 0 -3.34854189257901E-15 1 0 -3.34854189257901E-15 1 0 -1 0 0 -3.34854189257901E-15 1 0 -3.34854189257901E-15 1 0 -3.34854189257901E-15 1 0 -3.34854189257901E-15 1 -9.10493714453777E-17 0.866025388240814 0.5 -7.43415009769988E-17 0.70710676908493 0.70710676908493 -9.10493714453777E-17 0.866025388240814 0.5 -2.72108771822627E-17 0.258819043636322 0.965925812721252 0 -3.34854189257901E-15 1 -2.72108771822627E-17 0.258819043636322 0.965925812721252 -5.25673775585817E-17 0.5 0.866025388240814 -5.25673775585817E-17 0.5 0.866025388240814 -7.43415009769988E-17 0.70710676908493 0.70710676908493 0 -3.34854189257901E-15 1 -1.01552374850539E-16 0.965925812721252 0.258819043636322 -1.01552374850539E-16 0.965925812721252 0.258819043636322 0 1 1.04083408558608E-14 0 1 1.04083408558608E-14 1 1.05134755117163E-16 0 1 1.05134755117163E-16 0 1 1.05134755117163E-16 0 1 1.05134755117163E-16 0 1 1.05134755117163E-16 0 1 1.05134755117163E-16 0 1 1.05134755117163E-16 0 1 1.05134755117163E-16 0 1 1.05134755117163E-16 0 1 1.05134755117163E-16 0 1 1.05134755117163E-16 0 1 1.05134755117163E-16 0 1 1.05134755117163E-16 0 1 1.05134755117163E-16 0 1 1.05134755117163E-16 0 1 1.05134755117163E-16 0 1 1.05134755117163E-16 0 1 1.05134755117163E-16 0 1 1.05134755117163E-16 0 1 1.05134755117163E-16 0 1 1.05134755117163E-16 0 1 1.05134755117163E-16 0 1 1.05134755117163E-16 0 1 1.05134755117163E-16 0 1 1.05134755117163E-16 0 -1.01552374850539E-16 0.965925812721252 0.258819043636322 -9.10493714453777E-17 0.866025388240814 0.5 -1.01552374850539E-16 0.965925812721252 0.258819043636322 -9.10493714453777E-17 0.866025388240814 0.5 -7.43415009769988E-17 0.70710676908493 0.70710676908493 0 1 1.04083408558608E-14 0 1 1.04083408558608E-14 -7.43415009769988E-17 0.70710676908493 0.70710676908493 -5.25673775585817E-17 0.5 0.866025388240814 -5.25673775585817E-17 0.5 0.866025388240814 -2.72108771822627E-17 0.258819043636322 0.965925812721252 -2.72108771822627E-17 0.258819043636322 0.965925812721252 -5.31268550985491E-32 5.05321539244431E-16 1 -5.31268550985491E-32 5.05321539244431E-16 1 2.72108771822627E-17 -0.258819043636322 0.965925812721252 2.72108771822627E-17 -0.258819043636322 0.965925812721252 1.12691363784094E-31 -1.07187540788323E-15 -1 -2.72108771822627E-17 0.258819043636322 -0.965925812721252 1.12691363784094E-31 -1.07187540788323E-15 -1 2.72108771822627E-17 -0.258819043636322 -0.965925812721252 2.72108771822627E-17 -0.258819043636322 -0.965925812721252 5.25673775585817E-17 -0.5 -0.866025388240814 5.25673775585817E-17 -0.5 -0.866025388240814 7.43415009769988E-17 -0.70710676908493 -0.70710676908493 7.43415009769988E-17 -0.70710676908493 -0.70710676908493 9.10493714453777E-17 -0.866025388240814 -0.5 9.10493714453777E-17 -0.866025388240814 -0.5 -1.01552374850539E-16 0.965925812721252 -0.258819043636322 -1.01552374850539E-16 0.965925812721252 -0.258819043636322 -9.10493714453777E-17 0.866025388240814 -0.5 -9.10493714453777E-17 0.866025388240814 -0.5 5.25673775585817E-17 -0.5 0.866025388240814 -7.43415009769988E-17 0.70710676908493 -0.70710676908493 -7.43415009769988E-17 0.70710676908493 -0.70710676908493 -5.25673775585817E-17 0.5 -0.866025388240814 -5.25673775585817E-17 0.5 -0.866025388240814 -2.72108771822627E-17 0.258819043636322 -0.965925812721252 1.01552374850539E-16 -0.965925812721252 -0.258819043636322 1.01552374850539E-16 -0.965925812721252 -0.258819043636322 1.05134755117163E-16 -1 1.22464685258517E-16 1.05134755117163E-16 -1 1.22464685258517E-16 1.01552374850539E-16 -0.965925812721252 0.258819043636322 1.01552374850539E-16 -0.965925812721252 0.258819043636322 9.10493714453777E-17 -0.866025388240814 0.5 9.10493714453777E-17 -0.866025388240814 0.5 5.25673775585817E-17 -0.5 0.866025388240814 7.43415009769988E-17 -0.70710676908493 0.70710676908493 7.43415009769988E-17 -0.70710676908493 0.70710676908493 1 -1.24576192812234E-16 0 1 -1.24576192812234E-16 0 1 -1.24576192812234E-16 0 1 -1.24576192812234E-16 0 -6.12323426292584E-17 -1 0 -0.258819043636322 -0.965925812721252 0 -0.258819043636322 -0.965925812721252 0 -0.5 -0.866025388240814 0 -0.5 -0.866025388240814 0 -0.70710676908493 -0.70710676908493 0 -0.70710676908493 -0.70710676908493 0 -0.866025388240814 -0.5 0 -0.866025388240814 -0.5 0 0.258819043636322 -0.965925812721252 0 -6.12323426292584E-17 -1 0 0.5 -0.866025388240814 0 0.258819043636322 -0.965925812721252 0 0.70710676908493 -0.70710676908493 0 0.5 -0.866025388240814 0 0.866025388240814 -0.5 0 0.70710676908493 -0.70710676908493 0 -0.965925812721252 -0.258819043636322 0 -0.965925812721252 -0.258819043636322 0 1 0 0 0.965925812721252 -0.258819043636322 0 0.965925812721252 -0.258819043636322 0 1 0 0 0.866025388240814 -0.5 0 -1 0 1.70803543292526E-13 -1 0 1.70803543292526E-13 -1 2.79964585509382E-16 0 -1 2.79964585509382E-16 0 -1 2.79964585509382E-16 0 -1 2.79964585509382E-16 0 -0.996714949607849 0.0809893682599068 0 -0.996714949607849 0.0809893682599068 0 -0.996714949607849 0.0809893682599068 0 -0.996714949607849 0.0809893682599068 0 -0.996714949607849 0.0809893682599068 0 -0.245743229985237 0.969334959983826 0 -0.476415008306503 0.879220545291901 0 -0.476415008306503 0.879220545291901 0 -0.946248054504395 0.32344177365303 0 -0.837747693061829 0.546057462692261 0 -0.837747693061829 0.546057462692261 0 -0.677868187427521 0.735183417797089 0 -0.677868187427521 0.735183417797089 0 -0.245743229985237 0.969334959983826 0 0 1 1.00929362794894E-13 0 1 1.00929362794894E-13 -0.946248054504395 0.32344177365303 0 -0.996714949607849 0.0809893682599068 0 -0.996714949607849 0.0809893682599068 0 0 1 0 0 1 0 0 1 0 0 1 0 0 1 0 0 1 0 0 1 0 0 1 0 0 1 0 0 1 0 0.866025388240814 0.5 0 0.70710676908493 0.70710676908493 0 0.70710676908493 0.70710676908493 0 0.965925812721252 0.258819043636322 0 0.866025388240814 0.5 0 0.5 0.866025388240814 0 0.5 0.866025388240814 0 0.258819043636322 0.965925812721252 0 0.258819043636322 0.965925812721252 0 -3.15404258734045E-15 1 6.3080851746809E-15 -3.15404258734045E-15 1 6.3080851746809E-15 0.965925812721252 0.258819043636322 0 1 0 1.00929362794894E-13 1 0 1.00929362794894E-13 1 0 0 1 0 0 1 0 0 1 0 0 1 0 0 1 0 0 1 0 0 1 0 0 1 0 0 1 0 0 1 0 0 1 0 0 1 0 0 1 0 0 1 0 0 1 0 0 1 0 0 1 0 0 1 0 0 1 0 0 1 0 0 1 0 0 1 0 0 1 0 0 1 0 0 1 0 0 1 0 0 1 0 0 1 0 0 1 0 0 1 0 0 1 0 0 1 0 0 1 0 0 1 0 0 1 0 0 1 0 0 1 0 0 1 0 0 1 0 0 1 0 0 1 0 0 1 0 0 1 0 0 1 0 0 1 0 0 1 0 0 1 0 0 1 0 0 1 0 0 1 0 0 1 0 0 1 0 0 1 0 0 1 0 0 1 0 0 0.433883726596832 -0.900968849658966 0 0.222520932555199 -0.97492790222168 0 0.222520932555199 -0.97492790222168 0 0.623489797115326 -0.781831502914429 0 0.433883726596832 -0.900968849658966 0 0.781831502914429 -0.623489797115326 0 0.623489797115326 -0.781831502914429 0 0.900968849658966 -0.433883726596832 0 0.781831502914429 -0.623489797115326 0 0.97492790222168 -0.222520932555199 0 0.900968849658966 -0.433883726596832 0 1 2.31296457816688E-14 7.70988192722293E-15 0.97492790222168 -0.222520932555199 0 1 2.31296457816688E-14 7.70988192722293E-15 0 -1 1.23358110835567E-13 0 -1 1.23358110835567E-13 0 -1 0 0 -1 0 0 -1 0 0 -1 0 0 -1 0 0 -1 0</float_array><technique_common><accessor count="2860" source="#bau0074571110-mesh-normals-array" stride="3"><param name="X" type="float" /><param name="Y" type="float" /><param name="Z" type="float" /></accessor></technique_common></source><vertices id="bau0074571110-mesh-vertices"><input semantic="POSITION" source="#bau0074571110-mesh-positions" /></vertices><triangles count="110" material="white-material"><input offset="0" semantic="VERTEX" source="#bau0074571110-mesh-vertices" /><input offset="1" semantic="NORMAL" source="#bau0074571110-mesh-normals" /><p>0 0 1 1 2 2 3 3 4 4 5 5 4 4 3 3 1 1 1 1 0 0 6 6 7 7 2 2 8 8 1 1 9 9 10 10 1 1 11 11 4 4 12 12 1 1 6 6 1 1 12 12 13 13 11 11 1 1 10 10 2 2 7 7 14 14 9 9 1 1 13 13 2 2 14 14 0 0 15 15 16 16 17 17 15 15 18 18 19 19 20 20 21 21 22 22 23 23 24 24 25 25 26 26 27 27 28 28 16 16 15 15 19 19 29 29 30 30 26 26 31 31 23 23 32 32 31 31 21 21 33 33 18 18 29 29 34 34 30 30 29 29 17 17 24 24 26 26 30 30 23 23 31 31 26 26 21 21 31 31 32 32 29 29 18 18 35 35 28 28 29 29 26 26 25 25 24 24 36 36 24 24 23 23 26 26 18 18 37 37 19 19 36 36 38 38 37 37 18 18 15 15 35 35 37 37 18 18 39 39 29 29 28 28 34 34 39 39 36 36 37 37 21 21 20 20 39 39 17 17 16 16 30 30 36 36 39 39 20 20 27 27 26 26 40 40 38 38 36 36 24 24 22 22 21 21 32 32 41 41 42 42 43 43 44 44 45 45 46 46 47 47 44 44 48 48 42 42 41 41 49 49 50 50 41 41 51 51 52 52 44 44 53 53 48 48 44 44 54 54 41 41 50 50 49 49 45 45 44 44 55 55 44 44 47 47 53 53 41 41 43 43 56 56 44 44 52 52 55 55 56 56 43 43 44 44 54 54 44 44 43 43 44 44 46 46 57 57 58 58 44 44 59 59 44 44 58 58 56 56 60 60 61 61 62 62 61 61 60 60 63 63 64 64 65 65 66 66 65 65 64 64 67 67 68 68 69 69 70 70 69 69 68 68 71 71 72 72 73 73 74 74 73 73 72 72 75 75 76 76 77 77 78 78 77 77 76 76 79 79 80 80 81 81 82 82 81 81 80 80 83 83 84 84 85 85 86 86 87 87 85 85 84 84 88 88 87 87 89 89 87 87 88 88 85 85 90 90 91 91 92 92 91 91 90 90 93 93 94 94 95 95 96 96 95 95 94 94 97 97 98 98 99 99 100 100 99 99 98 98 101 101 102 102 103 103 104 104 103 103 102 102 105 105 106 106 107 107 108 108 107 107 106 106 109 109 110 110 111 111 112 112 111 111 110 110 113 113 114 114 115 115 116 116 115 115 114 114 117 117 118 118 115 115 119 119 116 116 115 115 118 118 120 120 121 121 122 122 121 121 120 120 123 123 124 124 125 125 126 126 125 125 124 124 127 127 128 128 129 129 130 130 129 129 128 128 131 131 132 132 133 133 134 134 133 133 132 132 135 135 136 136 137 137 138 138 137 137 136 136 139 139 140 140 141 141 142 142 141 141 140 140 143 143 144 144 145 145 146 146 145 145 144 144 147 147 148 148 149 149 150 150 149 149 148 148 151 151 152 152 153 153 154 154 153 153 152 152 155 155</p></triangles><triangles count="2331" material="zincplated-material"><input offset="0" semantic="VERTEX" source="#bau0074571110-mesh-vertices" /><input offset="1" semantic="NORMAL" source="#bau0074571110-mesh-normals" /><p>156 156 157 157 158 158 157 157 156 156 159 159 159 159 156 156 160 160 161 161 162 162 163 163 161 161 163 163 164 164 162 162 161 161 165 165 166 166 167 167 168 168 167 167 166 166 169 169 166 166 168 168 170 170 171 171 172 172 173 173 172 172 171 171 174 174 175 175 176 176 177 177 176 176 175 175 178 178 179 179 180 180 181 181 182 182 179 179 183 183 183 183 184 184 182 182 185 185 179 179 182 182 179 179 186 186 180 180 179 179 187 187 188 188 189 189 179 179 185 185 186 186 179 179 188 188 179 179 189 189 187 187 184 184 183 183 190 190 191 191 192 192 193 193 192 192 191 191 194 194 195 195 196 196 197 197 198 198 199 199 200 200 201 201 200 200 199 199 200 200 201 201 202 202 196 196 195 195 203 203 204 204 195 195 205 205 195 195 204 204 203 203 199 199 198 198 195 195 205 205 195 195 198 198 206 206 207 207 208 208 209 209 210 210 211 211 212 212 213 213 214 214 210 210 209 209 208 208 215 215 211 211 210 210 216 216 208 208 209 209 213 213 212 212 217 217 214 214 218 218 206 206 219 219 220 220 221 221 208 208 216 216 222 222 208 208 223 223 210 210 218 218 214 214 213 213 207 207 206 206 218 218 220 220 211 211 215 215 224 224 217 217 212 212 223 223 208 208 207 207 211 211 220 220 219 219 217 217 224 224 207 207 225 225 207 207 224 224 223 223 225 225 226 226 225 225 223 223 207 207 227 227 223 223 226 226 221 221 223 223 227 227 223 223 221 221 220 220 228 228 229 229 230 230 231 231 232 232 229 229 14 14 231 231 0 0 231 231 14 14 232 232 233 233 234 234 235 235 229 229 228 228 231 231 228 228 236 236 237 237 234 234 238 238 239 239 236 236 228 228 230 230 234 234 233 233 240 240 234 234 241 241 242 242 238 238 234 234 240 240 241 241 234 234 239 239 243 243 234 234 242 242 228 228 237 237 234 234 234 234 243 243 228 228 244 244 245 245 246 246 247 247 245 245 248 248 245 245 249 249 250 250 251 251 252 252 245 245 245 245 247 247 253 253 245 245 250 250 254 254 252 252 255 255 256 256 245 245 257 257 258 258 245 245 254 254 248 248 245 245 244 244 259 259 245 245 260 260 251 251 252 252 251 251 255 255 257 257 245 245 259 259 249 249 245 245 258 258 260 260 245 245 253 253 261 261 262 262 263 263 264 264 263 263 262 262 262 262 261 261 265 265 265 265 266 266 267 267 267 267 268 268 269 269 269 269 270 270 271 271 271 271 272 272 273 273 273 273 274 274 275 275 275 275 276 276 277 277 277 277 278 278 279 279 280 280 278 278 281 281 279 279 282 282 283 283 284 284 278 278 280 280 278 278 285 285 279 279 285 285 278 278 284 284 286 286 279 279 285 285 279 279 287 287 288 288 287 287 279 279 286 286 282 282 279 279 288 288 278 278 277 277 276 276 276 276 275 275 274 274 274 274 273 273 272 272 272 272 271 271 270 270 270 270 269 269 268 268 268 268 267 267 266 266 266 266 265 265 261 261 263 263 264 264 289 289 290 290 291 291 292 292 293 293 290 290 294 294 290 290 295 295 296 296 297 297 298 298 299 299 300 300 301 301 297 297 302 302 303 303 304 304 305 305 306 306 307 307 298 298 308 308 309 309 298 298 310 310 308 308 311 311 312 312 313 313 314 314 311 311 315 315 316 316 317 317 318 318 319 319 290 290 292 292 295 295 290 290 320 320 290 290 321 321 322 322 290 290 323 323 321 321 324 324 325 325 305 305 306 306 305 305 326 326 310 310 298 298 327 327 311 311 328 328 329 329 290 290 314 314 330 330 331 331 332 332 333 333 334 334 335 335 336 336 337 337 334 334 338 338 339 339 340 340 341 341 342 342 343 343 344 344 334 334 345 345 346 346 347 347 339 339 348 348 333 333 332 332 349 349 315 315 311 311 350 350 305 305 325 325 326 326 298 298 297 297 301 301 301 301 300 300 305 305 290 290 293 293 320 320 290 290 319 319 351 351 311 311 313 313 350 350 352 352 298 298 353 353 354 354 298 298 301 301 355 355 298 298 322 322 339 339 341 341 334 334 339 339 356 356 348 348 357 357 358 358 359 359 333 333 359 359 358 358 360 360 322 322 361 361 290 290 351 351 294 294 298 298 352 352 327 327 305 305 307 307 301 301 298 298 355 355 362 362 361 361 322 322 321 321 322 322 360 360 363 363 290 290 330 330 364 364 298 298 362 362 299 299 365 365 322 322 366 366 322 322 363 363 366 366 298 298 354 354 353 353 322 322 365 365 355 355 367 367 368 368 369 369 370 370 369 369 371 371 372 372 369 369 373 373 369 369 370 370 367 367 369 369 372 372 374 374 375 375 322 322 376 376 377 377 378 378 379 379 356 356 339 339 380 380 381 381 322 322 382 382 333 333 349 349 359 359 322 322 375 375 382 382 382 382 375 375 358 358 383 383 322 322 298 298 379 379 378 378 384 384 378 378 377 377 298 298 356 356 380 380 385 385 386 386 322 322 387 387 388 388 322 322 389 389 322 322 381 381 390 390 322 322 390 390 389 389 322 322 383 383 391 391 392 392 298 298 393 393 394 394 298 298 395 395 396 396 298 298 377 377 384 384 378 378 397 397 398 398 385 385 399 399 334 334 336 336 339 339 400 400 401 401 402 402 403 403 322 322 404 404 322 322 388 388 387 387 322 322 386 386 404 404 358 358 357 357 382 382 298 298 392 392 383 383 298 298 394 394 405 405 298 298 405 405 393 393 298 298 396 396 395 395 406 406 378 378 407 407 408 408 378 378 409 409 410 410 378 378 411 411 385 385 380 380 399 399 412 412 410 410 411 411 402 402 401 401 378 378 322 322 391 391 376 376 378 378 406 406 413 413 378 378 413 413 397 397 378 378 410 410 409 409 410 410 412 412 385 385 401 401 400 400 414 414 415 415 400 400 322 322 385 385 398 398 410 410 378 378 401 401 416 416 417 417 400 400 418 418 419 419 368 368 420 420 400 400 421 421 422 422 378 378 416 416 411 411 331 331 344 344 332 332 343 343 423 423 424 424 400 400 422 422 418 418 400 400 425 425 414 414 426 426 322 322 400 400 427 427 426 426 428 428 426 426 427 427 429 429 428 428 426 426 430 430 431 431 432 432 433 433 434 434 431 431 433 433 431 431 434 434 435 435 436 436 433 433 437 437 438 438 433 433 439 439 440 440 432 432 441 441 442 442 432 432 443 443 433 433 438 438 437 437 432 432 440 440 433 433 432 432 442 442 444 444 369 369 374 374 371 371 445 445 368 368 446 446 368 368 367 367 420 420 368 368 419 419 446 446 433 433 440 440 439 439 432 432 444 444 447 447 432 432 447 447 441 441 448 448 311 311 449 449 450 450 451 451 452 452 452 452 453 453 454 454 455 455 373 373 451 451 456 456 457 457 458 458 449 449 311 311 459 459 458 458 457 457 460 460 311 311 448 448 457 457 461 461 311 311 462 462 463 463 311 311 464 464 457 457 448 448 460 460 311 311 463 463 462 462 464 464 290 290 465 465 466 466 457 457 467 467 311 311 461 461 459 459 465 465 290 290 468 468 457 457 466 466 469 469 290 290 464 464 311 311 457 457 456 456 467 467 468 468 290 290 436 436 457 457 470 470 311 311 469 469 466 466 471 471 469 469 471 471 442 442 469 469 443 443 472 472 443 443 469 469 442 442 473 473 474 474 475 475 474 474 473 473 476 476 477 477 478 478 479 479 474 474 476 476 480 480 481 481 478 478 482 482 479 479 478 478 483 483 484 484 478 478 485 485 486 486 487 487 488 488 489 489 487 487 490 490 478 478 481 481 474 474 478 478 484 484 483 483 488 488 487 487 491 491 490 490 487 487 492 492 493 493 494 494 495 495 478 478 477 477 482 482 478 478 496 496 485 485 487 487 489 489 491 491 494 494 493 493 497 497 496 496 478 478 498 498 499 499 500 500 501 501 494 494 497 497 487 487 474 474 480 480 478 478 500 500 499 499 502 502 502 502 499 499 503 503 487 487 486 486 494 494 496 496 504 504 505 505 506 506 451 451 507 507 453 453 452 452 451 451 508 508 453 453 509 509 510 510 453 453 511 511 511 511 512 512 513 513 455 455 451 451 514 514 451 451 450 450 507 507 453 453 510 510 509 509 513 513 512 512 515 515 451 451 506 506 514 514 512 512 511 511 453 453 516 516 373 373 517 517 453 453 508 508 454 454 373 373 455 455 517 517 515 515 512 512 445 445 518 518 519 519 520 520 521 521 522 522 523 523 519 519 518 518 524 524 522 522 521 521 525 525 526 526 527 527 519 519 520 520 519 519 527 527 527 527 526 526 523 523 523 523 522 522 527 527 519 519 524 524 528 528 519 519 528 528 529 529 530 530 531 531 519 519 532 532 453 453 533 533 531 531 530 530 534 534 532 532 533 533 535 535 519 519 529 529 530 530 536 536 537 537 538 538 539 539 537 537 540 540 541 541 542 542 543 543 544 544 453 453 545 545 453 453 532 532 546 546 547 547 533 533 548 548 531 531 549 549 550 550 537 537 539 539 538 538 495 495 551 551 552 552 551 551 553 553 552 552 554 554 555 555 556 556 496 496 498 498 504 504 318 318 557 557 316 316 291 291 364 364 318 318 323 323 290 290 296 296 324 324 304 304 325 325 312 312 311 311 329 329 314 314 290 290 311 311 557 557 318 318 364 364 558 558 559 559 317 317 291 291 290 290 364 364 304 304 324 324 560 560 304 304 561 561 562 562 311 311 563 563 328 328 298 298 563 563 311 311 564 564 317 317 316 316 565 565 304 304 560 560 304 304 566 566 302 302 563 563 298 298 309 309 558 558 317 317 564 564 304 304 567 567 568 568 566 566 304 304 562 562 303 303 569 569 570 570 571 571 572 572 573 573 567 567 304 304 565 565 561 561 304 304 568 568 303 303 574 574 569 569 558 558 573 573 559 559 574 574 303 303 302 302 573 573 558 558 571 571 575 575 572 572 571 571 572 572 576 576 577 577 578 578 572 572 575 575 579 579 572 572 580 580 572 572 581 581 582 582 576 576 572 572 579 579 581 581 572 572 577 577 583 583 572 572 582 582 290 290 429 429 433 433 429 429 584 584 433 433 584 584 429 429 585 585 572 572 583 583 586 586 369 369 587 587 588 588 587 587 369 369 368 368 433 433 584 584 434 434 429 429 290 290 322 322 368 368 445 445 512 512 373 373 516 516 372 372 589 589 542 542 590 590 543 543 542 542 591 591 592 592 542 542 593 593 453 453 544 544 594 594 535 535 533 533 595 595 533 533 547 547 596 596 597 597 512 512 598 598 550 550 549 549 599 599 542 542 589 589 537 537 542 542 592 592 591 591 453 453 546 546 545 545 600 600 533 533 601 601 533 533 596 596 602 602 512 512 597 597 603 603 603 603 597 597 604 604 605 605 453 453 606 606 531 531 534 534 549 549 607 607 605 605 606 606 608 608 502 502 609 609 502 502 503 503 610 610 553 553 551 551 611 611 612 612 613 613 500 500 614 614 615 615 616 616 556 556 555 555 617 617 505 505 617 617 555 555 502 502 610 610 609 609 618 618 500 500 619 619 553 553 611 611 620 620 613 613 612 612 621 621 616 616 615 615 622 622 615 615 614 614 623 623 505 505 504 504 617 617 624 624 625 625 615 615 626 626 502 502 627 627 542 542 541 541 590 590 593 593 628 628 629 629 630 630 453 453 631 631 533 533 600 600 595 595 533 533 602 602 632 632 633 633 603 603 634 634 598 598 512 512 635 635 453 453 605 605 636 636 605 605 607 607 599 599 628 628 593 593 542 542 453 453 594 594 631 631 533 533 632 632 601 601 634 634 603 603 637 637 638 638 603 603 639 639 640 640 603 603 604 604 635 635 512 512 641 641 642 642 453 453 643 643 599 599 549 549 605 605 644 644 453 453 645 645 646 646 647 647 648 648 649 649 647 647 650 650 629 629 628 628 647 647 596 596 547 547 647 647 651 651 533 533 633 633 637 637 603 603 652 652 603 603 640 640 639 639 641 641 512 512 653 653 654 654 512 512 655 655 453 453 642 642 512 512 453 453 644 644 606 606 647 647 649 649 648 648 537 537 536 536 542 542 533 533 651 651 548 548 603 603 638 638 652 652 512 512 654 654 653 653 453 453 636 636 643 643 647 647 628 628 650 650 603 603 633 633 533 533 512 512 642 642 655 655 453 453 630 630 645 645 533 533 656 656 657 657 647 647 646 646 596 596 657 657 656 656 658 658 656 656 533 533 453 453 512 512 659 659 368 368 660 660 368 368 661 661 661 661 659 659 662 662 659 659 661 661 368 368 663 663 369 369 588 588 664 664 373 373 369 369 665 665 451 451 666 666 667 667 451 451 373 373 451 451 667 667 666 666 451 451 665 665 668 668 669 669 670 670 671 671 672 672 673 673 674 674 671 671 670 670 424 424 675 675 424 424 670 670 670 670 669 669 673 673 423 423 343 343 676 676 673 673 672 672 670 670 400 400 415 415 421 421 676 676 343 343 342 342 500 500 618 618 501 501 502 502 608 608 627 627 677 677 620 620 678 678 495 495 494 494 551 551 500 500 613 613 679 679 623 623 614 614 680 680 681 681 334 334 346 346 345 345 334 334 337 337 424 424 675 675 343 343 344 344 331 331 342 342 378 378 408 408 407 407 335 335 334 334 681 681 400 400 417 417 425 425 340 340 339 339 347 347 682 682 615 615 683 683 625 625 624 624 555 555 684 684 615 615 685 685 686 686 615 615 502 502 687 687 620 620 688 688 620 620 611 611 678 678 500 500 679 679 689 689 690 690 500 500 691 691 692 692 693 693 694 694 615 615 682 682 622 622 695 695 615 615 696 696 615 615 684 684 624 624 502 502 626 626 686 686 697 697 500 500 689 689 620 620 677 677 688 688 500 500 690 690 612 612 694 694 693 693 680 680 693 693 692 692 698 698 615 615 695 695 683 683 555 555 554 554 625 625 500 500 697 697 619 619 613 613 621 621 620 620 699 699 693 693 700 700 693 693 698 698 700 700 615 615 625 625 696 696 620 620 687 687 613 613 701 701 500 500 693 693 615 615 686 686 685 685 693 693 699 699 701 701 693 693 623 623 680 680 500 500 701 701 691 691 500 500 470 470 702 702 470 470 500 500 502 502 615 615 703 703 704 704 705 705 704 704 706 706 706 706 703 703 707 707 703 703 706 706 704 704 708 708 709 709 704 704 710 710 704 704 711 711 704 704 710 710 708 708 712 712 704 704 709 709 712 712 709 709 713 713 713 713 709 709 714 714 715 715 656 656 716 716 716 716 656 656 717 717 717 717 714 714 716 716 714 714 717 717 713 713 718 718 656 656 502 502 656 656 718 718 717 717 718 718 615 615 712 712 615 615 718 718 502 502 656 656 715 715 658 658 704 704 712 712 615 615 709 709 708 708 719 719 704 704 705 705 711 711 703 703 615 615 623 623 623 623 693 693 720 720 470 470 457 457 702 702 433 433 436 436 290 290 432 432 431 431 721 721 429 429 427 427 585 585 322 322 426 426 429 429 322 322 403 403 415 415 451 451 668 668 722 722 373 373 664 664 667 667 369 369 663 663 664 664 368 368 660 660 587 587 659 659 512 512 603 603 572 572 578 578 580 580 723 723 724 724 725 725 726 726 727 727 724 724 728 728 729 729 727 727 730 730 731 731 732 732 733 733 734 734 735 735 736 736 737 737 738 738 734 734 739 739 735 735 736 736 738 738 734 734 740 740 734 734 738 738 734 734 733 733 741 741 737 737 736 736 729 729 731 731 730 730 742 742 729 729 728 728 737 737 727 727 726 726 728 728 724 724 723 723 726 726 725 725 731 731 723 723 731 731 725 725 732 732 739 739 734 734 740 740 743 743 744 744 745 745 746 746 747 747 748 748 749 749 748 748 747 747 747 747 746 746 750 750 751 751 750 750 746 746 750 750 751 751 752 752 753 753 752 752 751 751 752 752 753 753 754 754 753 753 745 745 754 754 745 745 753 753 743 743 744 744 743 743 755 755 748 748 749 749 756 756 757 757 758 758 759 759 760 760 761 761 762 762 763 763 764 764 765 765 761 761 764 764 762 762 766 766 767 767 768 768 769 769 757 757 759 759 768 768 769 769 766 766 766 766 770 770 767 767 769 769 768 768 757 757 766 766 771 771 772 772 771 771 766 766 773 773 770 770 766 766 772 772 761 761 760 760 774 774 758 758 757 757 763 763 764 764 763 763 762 762 765 765 758 758 763 763 775 775 776 776 777 777 778 778 779 779 780 780 781 781 782 782 783 783 784 784 785 785 781 781 786 786 787 787 788 788 787 787 786 786 775 775 775 775 786 786 789 789 790 790 775 775 791 791 775 775 789 789 792 792 793 793 787 787 794 794 775 775 792 792 791 791 787 787 793 793 795 795 787 787 795 795 788 788 796 796 797 797 798 798 799 799 800 800 801 801 802 802 800 800 803 803 804 804 803 803 800 800 800 800 799 799 797 797 800 800 802 802 805 805 803 803 804 804 806 806 800 800 805 805 801 801 797 797 796 796 800 800 807 807 808 808 809 809 810 810 808 808 811 811 812 812 808 808 813 813 814 814 815 815 816 816 803 803 817 817 814 814 818 818 783 783 819 819 808 808 810 810 809 809 820 820 808 808 821 821 822 822 808 808 823 823 813 813 808 808 824 824 803 803 806 806 817 817 783 783 818 818 781 781 781 781 818 818 825 825 808 808 820 820 811 811 808 808 812 812 823 823 816 816 815 815 826 826 808 808 822 822 821 821 808 808 827 827 824 824 815 815 814 814 817 817 781 781 825 825 828 828 829 829 783 783 830 830 827 827 808 808 831 831 826 826 815 815 832 832 783 783 829 829 819 819 808 808 807 807 833 833 834 834 781 781 835 835 836 836 837 837 838 838 826 826 838 838 837 837 839 839 781 781 840 840 841 841 781 781 842 842 830 830 783 783 843 843 844 844 783 783 845 845 846 846 847 847 848 848 827 827 849 849 850 850 851 851 849 849 852 852 781 781 834 834 794 794 794 794 834 834 853 853 826 826 832 832 838 838 781 781 839 839 835 835 781 781 841 841 854 854 781 781 854 854 855 855 783 783 844 844 843 843 848 848 847 847 849 849 849 849 851 851 850 850 835 835 839 839 837 837 856 856 781 781 857 857 781 781 828 828 842 842 847 847 846 846 858 858 852 852 849 849 847 847 794 794 853 853 859 859 781 781 856 856 840 840 845 845 858 858 860 860 827 827 831 831 849 849 861 861 858 858 862 862 794 794 859 859 863 863 781 781 855 855 857 857 860 860 858 858 864 864 858 858 861 861 847 847 837 837 836 836 835 835 858 858 846 846 864 864 865 865 858 858 866 866 858 858 845 845 783 783 866 866 858 858 790 790 858 858 865 865 862 862 867 867 868 868 869 869 869 869 868 868 870 870 868 868 867 867 787 787 871 871 787 787 872 872 787 787 867 867 873 873 874 874 868 868 875 875 787 787 873 873 872 872 868 868 874 874 876 876 868 868 876 876 870 870 877 877 878 878 879 879 880 880 878 878 881 881 882 882 878 878 883 883 884 884 878 878 885 885 878 878 877 877 886 886 878 878 882 882 881 881 887 887 888 888 889 889 890 890 888 888 891 891 892 892 888 888 893 893 894 894 893 893 888 888 878 878 884 884 895 895 878 878 880 880 879 879 888 888 890 890 889 889 896 896 888 888 897 897 893 893 894 894 898 898 878 878 886 886 885 885 888 888 887 887 899 899 888 888 892 892 897 897 900 900 901 901 902 902 878 878 903 903 900 900 888 888 896 896 891 891 904 904 905 905 888 888 878 878 895 895 903 903 905 905 904 904 906 906 902 902 901 901 907 907 908 908 781 781 909 909 888 888 899 899 904 904 910 910 875 875 911 911 901 901 900 900 903 903 912 912 875 875 913 913 781 781 908 908 784 784 784 784 908 908 914 914 905 905 915 915 916 916 917 917 915 915 918 918 875 875 910 910 919 919 920 920 907 907 921 921 907 907 901 901 922 922 913 913 875 875 923 923 924 924 784 784 925 925 926 926 781 781 927 927 928 928 781 781 929 929 930 930 929 929 915 915 915 915 917 917 916 916 875 875 919 919 931 931 907 907 922 922 921 921 875 875 912 912 911 911 932 932 875 875 784 784 784 784 914 914 925 925 781 781 926 926 933 933 781 781 933 933 909 909 929 929 930 930 928 928 918 918 915 915 929 929 875 875 931 931 934 934 911 911 912 912 907 907 875 875 932 932 935 935 936 936 784 784 937 937 938 938 781 781 939 939 905 905 906 906 915 915 940 940 781 781 794 794 907 907 920 920 911 911 932 932 784 784 941 941 784 784 924 924 937 937 942 942 781 781 943 943 781 781 928 928 939 939 781 781 940 940 944 944 945 945 794 794 871 871 875 875 935 935 923 923 781 781 942 942 927 927 781 781 944 944 929 929 794 794 945 945 946 946 794 794 946 946 940 940 784 784 936 936 941 941 781 781 938 938 943 943 947 947 948 948 949 949 950 950 951 951 948 948 952 952 953 953 954 954 954 954 953 953 948 948 953 953 955 955 948 948 954 954 948 948 951 951 953 953 952 952 956 956 957 957 958 958 959 959 960 960 958 958 961 961 959 959 958 958 962 962 961 961 958 958 963 963 964 964 965 965 966 966 958 958 960 960 962 962 965 965 964 964 967 967 965 965 967 967 958 958 958 958 957 957 965 965 966 966 968 968 969 969 968 968 970 970 969 969 971 971 972 972 973 973 970 970 968 968 974 974 975 975 976 976 977 977 978 978 976 976 979 979 973 973 972 972 980 980 966 966 965 965 968 968 976 976 978 978 977 977 981 981 972 972 982 982 980 980 972 972 983 983 970 970 984 984 985 985 972 972 981 981 976 976 983 983 972 972 986 986 987 987 948 948 988 988 985 985 984 984 989 989 986 986 990 990 991 991 972 972 971 971 982 982 992 992 990 990 987 987 948 948 987 987 993 993 993 993 987 987 994 994 995 995 955 955 996 996 997 997 955 955 998 998 999 999 997 997 1000 1000 1001 1001 1002 1002 1003 1003 989 989 984 984 1002 1002 1002 1002 1004 1004 1005 1005 976 976 975 975 972 972 990 990 992 992 1006 1006 994 994 987 987 1007 1007 1008 1008 948 948 1009 1009 955 955 997 997 996 996 997 997 999 999 1010 1010 997 997 1010 1010 1011 1011 1003 1003 1002 1002 1012 1012 970 970 974 974 984 984 1005 1005 1004 1004 1013 1013 1014 1014 1004 1004 1015 1015 991 991 990 990 1016 1016 990 990 1006 1006 1017 1017 1018 1018 948 948 993 993 1007 1007 987 987 990 990 948 948 1008 1008 1019 1019 948 948 1019 1019 1020 1020 955 955 995 995 948 948 1021 1021 997 997 1022 1022 1002 1002 984 984 1012 1012 1004 1004 1014 1014 1013 1013 1023 1023 949 949 1024 1024 990 990 1017 1017 1016 1016 1025 1025 948 948 1020 1020 948 948 995 995 1009 1009 997 997 1021 1021 1000 1000 1022 1022 1004 1004 1026 1026 1004 1004 1002 1002 1026 1026 1027 1027 1004 1004 1028 1028 949 949 1023 1023 1029 1029 1024 1024 948 948 1030 1030 948 948 1018 1018 1030 1030 990 990 986 986 972 972 1004 1004 1022 1022 997 997 1004 1004 1027 1027 1015 1015 948 948 1024 1024 949 949 948 948 1025 1025 988 988 1002 1002 1001 1001 1026 1026 949 949 1029 1029 1031 1031 1032 1032 1033 1033 1034 1034 1034 1034 1035 1035 1036 1036 1033 1033 1032 1032 1037 1037 1036 1036 1035 1035 1038 1038 1035 1035 1034 1034 1033 1033 1033 1033 1037 1037 1039 1039 1031 1031 1035 1035 949 949 1028 1028 1033 1033 1039 1039 1035 1035 1031 1031 1038 1038 1033 1033 1040 1040 1035 1035 1033 1033 1028 1028 1004 1004 1041 1041 875 875 868 868 1041 1041 1040 1040 1042 1042 1040 1040 1041 1041 868 868 1043 1043 1044 1044 1045 1045 1046 1046 1044 1044 1047 1047 1044 1044 1043 1043 1048 1048 1049 1049 875 875 1050 1050 1051 1051 875 875 1052 1052 1053 1053 875 875 1054 1054 1044 1044 1046 1046 875 875 1044 1044 1048 1048 1055 1055 1056 1056 784 784 1057 1057 875 875 1049 1049 784 784 875 875 1053 1053 1052 1052 1044 1044 1055 1055 1047 1047 1058 1058 1044 1044 1059 1059 784 784 1049 1049 1057 1057 875 875 1046 1046 1054 1054 1058 1058 1059 1059 1060 1060 1061 1061 1059 1059 1062 1062 875 875 1051 1051 1050 1050 776 776 775 775 858 858 779 779 778 778 1063 1063 782 782 781 781 785 785 785 785 784 784 1064 1064 775 775 790 790 858 858 794 794 863 863 793 793 787 787 871 871 794 794 875 875 934 934 874 874 948 948 947 947 950 950 951 951 950 950 1065 1065 955 955 953 953 1066 1066 997 997 1011 1011 996 996 1040 1040 1033 1033 1042 1042 875 875 1041 1041 1044 1044 1067 1067 1059 1059 1068 1068 1069 1069 1062 1062 1070 1070 783 783 1071 1071 1072 1072 858 858 1072 1072 776 776 1073 1073 1074 1074 1075 1075 1076 1076 1077 1077 1078 1078 1079 1079 1080 1080 1081 1081 779 779 1082 1082 1083 1083 949 949 1084 1084 947 947 1035 1035 1085 1085 1084 1084 1085 1085 1086 1086 1087 1087 1084 1084 949 949 1035 1035 780 780 1088 1088 1089 1089 1085 1085 1035 1035 780 780 780 780 1083 1083 1088 1088 1085 1085 1090 1090 1091 1091 1083 1083 780 780 779 779 1085 1085 1092 1092 1090 1090 1086 1086 1085 1085 1091 1091 780 780 1092 1092 1085 1085 1093 1093 780 780 1089 1089 1092 1092 780 780 1093 1093 1073 1073 1094 1094 1095 1095 1087 1087 1096 1096 1097 1097 779 779 1098 1098 1099 1099 1087 1087 1100 1100 1101 1101 1073 1073 1102 1102 1103 1103 779 779 1104 1104 1105 1105 779 779 1106 1106 1082 1082 1107 1107 1087 1087 1086 1086 1108 1108 1109 1109 1110 1110 1079 1079 1111 1111 1112 1112 1094 1094 1073 1073 1103 1103 779 779 1095 1095 1104 1104 1113 1113 1114 1114 1115 1115 1106 1106 779 779 1099 1099 1116 1116 1087 1087 1107 1107 1110 1110 1117 1117 1118 1118 1087 1087 1110 1110 1119 1119 1079 1079 1120 1120 1111 1111 1079 1079 1121 1121 1122 1122 1095 1095 779 779 1073 1073 1115 1115 1123 1123 1113 1113 1098 1098 779 779 1115 1115 1100 1100 1087 1087 1116 1116 1117 1117 1110 1110 1101 1101 1108 1108 1110 1110 1118 1118 1110 1110 1087 1087 1101 1101 1096 1096 1087 1087 1119 1119 1079 1079 1097 1097 1120 1120 1121 1121 1079 1079 1112 1112 1073 1073 1124 1124 1102 1102 1123 1123 779 779 1105 1105 1113 1113 1125 1125 1126 1126 1127 1127 1128 1128 1109 1109 1097 1097 1079 1079 1087 1087 1123 1123 1115 1115 779 779 1129 1129 1130 1130 1125 1125 1114 1114 1113 1113 1126 1126 1059 1059 1061 1061 1060 1060 1131 1131 1079 1079 1122 1122 1124 1124 1073 1073 1132 1132 1129 1129 1125 1125 1113 1113 1127 1127 1109 1109 1133 1133 1073 1073 1134 1134 1132 1132 1079 1079 1135 1135 1073 1073 1130 1130 1136 1136 1137 1137 1127 1127 1138 1138 1128 1128 1135 1135 1079 1079 1131 1131 1134 1134 1073 1073 1135 1135 1139 1139 1130 1130 1129 1129 1140 1140 1141 1141 1138 1138 1142 1142 1143 1143 1137 1137 1138 1138 1144 1144 1145 1145 1138 1138 1127 1127 1146 1146 1147 1147 1137 1137 1136 1136 1136 1136 1130 1130 1139 1139 1138 1138 1148 1148 1149 1149 1138 1138 1150 1150 1140 1140 1137 1137 1151 1151 1142 1142 1148 1148 1138 1138 1146 1146 1152 1152 1138 1138 1149 1149 1150 1150 1138 1138 1145 1145 1140 1140 1153 1153 1154 1154 1155 1155 1137 1137 1147 1147 1156 1156 1157 1157 1158 1158 1144 1144 1138 1138 1152 1152 1153 1153 1140 1140 1159 1159 1141 1141 1140 1140 1154 1154 1137 1137 1160 1160 1151 1151 1156 1156 1158 1158 1142 1142 1143 1143 1142 1142 1158 1158 1161 1161 1137 1137 1155 1155 1157 1157 1156 1156 1162 1162 1160 1160 1137 1137 1161 1161 1073 1073 1163 1163 1080 1080 1163 1163 1073 1073 1164 1164 1080 1080 1079 1079 1073 1073 1164 1164 1165 1165 1166 1166 1164 1164 1075 1075 1165 1165 1076 1076 1167 1167 1077 1077 1075 1075 1164 1164 1073 1073 1164 1164 1168 1168 1076 1076 1168 1168 1164 1164 1166 1166 1167 1167 1076 1076 1168 1168 1073 1073 1169 1169 1170 1170 779 779 1171 1171 1172 1172 1074 1074 1073 1073 1170 1170 1173 1173 1076 1076 1078 1078 779 779 1174 1174 1175 1175 1063 1063 1176 1176 1177 1177 1174 1174 779 779 1172 1172 779 779 1178 1178 1179 1179 1180 1180 1181 1181 1182 1182 1063 1063 1183 1183 1184 1184 1178 1178 779 779 1175 1175 779 779 1169 1169 1073 1073 1181 1181 1076 1076 1173 1173 1176 1176 1185 1185 1182 1182 1183 1183 1063 1063 1177 1177 1063 1063 1186 1186 1171 1171 1169 1169 779 779 1179 1179 1180 1180 1182 1182 1185 1185 1187 1187 1176 1176 1063 1063 1186 1186 1063 1063 1184 1184 1171 1171 779 779 1063 1063 1181 1181 1180 1180 1076 1076 1188 1188 1176 1176 1187 1187 1185 1185 1176 1176 1188 1188 1072 1072 858 858 783 783 1071 1071 783 783 782 782 1067 1067 1070 1070 1062 1062 1070 1070 1067 1067 1189 1189 1069 1069 1190 1190 1191 1191 1064 1064 1192 1192 1193 1193 1062 1062 1069 1069 1191 1191 1192 1192 1064 1064 784 784 1194 1194 1064 1064 1193 1193 1069 1069 1195 1195 1190 1190 1195 1195 1064 1064 1194 1194 1195 1195 1069 1069 1064 1064 784 784 1056 1056 1192 1192 1044 1044 1058 1058 1045 1045 1059 1059 1067 1067 1062 1062 1133 1133 1109 1109 1108 1108 1196 1196 1197 1197 1198 1198 1197 1197 1196 1196 1199 1199 1200 1200 1201 1201 1202 1202 1201 1201 1200 1200 1203 1203 1204 1204 1205 1205 1206 1206 1205 1205 1204 1204 1207 1207 1204 1204 1208 1208 1209 1209 1208 1208 1204 1204 1206 1206 1210 1210 1211 1211 1212 1212 1213 1213 1214 1214 1211 1211 1214 1214 1213 1213 1215 1215 1216 1216 1213 1213 1211 1211 1211 1211 1210 1210 1216 1216 1213 1213 1216 1216 1217 1217 1218 1218 1219 1219 1220 1220 1221 1221 1222 1222 1223 1223 1219 1219 1224 1224 1225 1225 1219 1219 1218 1218 1226 1226 1226 1226 1227 1227 1228 1228 1219 1219 1229 1229 1230 1230 1231 1231 1232 1232 1233 1233 1234 1234 1235 1235 1236 1236 1237 1237 1238 1238 1234 1234 1237 1237 1239 1239 1240 1240 1241 1241 1234 1234 1238 1238 1233 1233 1242 1242 1243 1243 1233 1233 1232 1232 1244 1244 1245 1245 1246 1246 1247 1247 1238 1238 1237 1237 1240 1240 1234 1234 1241 1241 1235 1235 1233 1233 1248 1248 1249 1249 1235 1235 1250 1250 1251 1251 1231 1231 1233 1233 1252 1252 1245 1245 1253 1253 1254 1254 1255 1255 1237 1237 1245 1245 1248 1248 1233 1233 1244 1244 1233 1233 1256 1256 1257 1257 1235 1235 1258 1258 1259 1259 1236 1236 1260 1260 1261 1261 1262 1262 1263 1263 1264 1264 1245 1245 1265 1265 1266 1266 1245 1245 1267 1267 1268 1268 1239 1239 1237 1237 1255 1255 1256 1256 1233 1233 1249 1249 1242 1242 1233 1233 1257 1257 1233 1233 1258 1258 1235 1235 1250 1250 1235 1235 1259 1259 1235 1235 1269 1269 1270 1270 1236 1236 1271 1271 1272 1272 1262 1262 1273 1273 1274 1274 1232 1232 1231 1231 1262 1262 1265 1265 1245 1245 1237 1237 1253 1253 1245 1245 1266 1266 1267 1267 1245 1245 1254 1254 1246 1246 1245 1245 1268 1268 1258 1258 1233 1233 1243 1243 1269 1269 1235 1235 1251 1251 1235 1235 1260 1260 1236 1236 1271 1271 1236 1236 1261 1261 1222 1222 1275 1275 1276 1276 1273 1273 1262 1262 1231 1231 1262 1262 1277 1277 1263 1263 1260 1260 1235 1235 1270 1270 1226 1226 1236 1236 1272 1272 1222 1222 1278 1278 1223 1223 1277 1277 1262 1262 1274 1274 1219 1219 1225 1225 1220 1220 1278 1278 1222 1222 1276 1276 1232 1232 1221 1221 1244 1244 1222 1222 1221 1221 1232 1232 1226 1226 1279 1279 1236 1236 1227 1227 1226 1226 1218 1218 1226 1226 1280 1280 1281 1281 1219 1219 1222 1222 1229 1229 1282 1282 1219 1219 1230 1230 1280 1280 1226 1226 1228 1228 1279 1279 1226 1226 1281 1281 1222 1222 1219 1219 1275 1275 1224 1224 1219 1219 1282 1282 1283 1283 1284 1284 1285 1285 1284 1284 1283 1283 1286 1286 1287 1287 1288 1288 1289 1289 1288 1288 1287 1287 1290 1290 1291 1291 1292 1292 1293 1293 1294 1294 1291 1291 1293 1293 1292 1292 1291 1291 1295 1295 1291 1291 1294 1294 1296 1296 1297 1297 1298 1298 1299 1299 1300 1300 1298 1298 1301 1301 1302 1302 1298 1298 1303 1303 1299 1299 1298 1298 1304 1304 1298 1298 1302 1302 1301 1301 1305 1305 1303 1303 1298 1298 1298 1298 1300 1300 1304 1304 1303 1303 1305 1305 1306 1306 1307 1307 1308 1308 1298 1298 1309 1309 1298 1298 1310 1310 1306 1306 1305 1305 1311 1311 1298 1298 1309 1309 1307 1307 1308 1308 1307 1307 1312 1312 1298 1298 1313 1313 1310 1310 1313 1313 1298 1298 1297 1297 1314 1314 1315 1315 1316 1316 1315 1315 1314 1314 1317 1317 1318 1318 1316 1316 1315 1315 1316 1316 1318 1318 1319 1319 1320 1320 1317 1317 1321 1321 1317 1317 1320 1320 1315 1315 1322 1322 1323 1323 1324 1324 1323 1323 1325 1325 1326 1326 1327 1327 1328 1328 1329 1329 1330 1330 1331 1331 1332 1332 1326 1326 1332 1332 1331 1331 1332 1332 1326 1326 1325 1325 1331 1331 1330 1330 1333 1333 1323 1323 1322 1322 1325 1325 1328 1328 1327 1327 1324 1324 1322 1322 1324 1324 1327 1327 1334 1334 1335 1335 1336 1336 1335 1335 1334 1334 1337 1337 1338 1338 1339 1339 1340 1340 1339 1339 1338 1338 1341 1341 1342 1342 1343 1343 1344 1344 1345 1345 1346 1346 1347 1347 1344 1344 1343 1343 1348 1348 1348 1348 1347 1347 1344 1344 1349 1349 1342 1342 1350 1350 1347 1347 1348 1348 1345 1345 1351 1351 1350 1350 1352 1352 1343 1343 1342 1342 1349 1349 1350 1350 1351 1351 1349 1349 1346 1346 1345 1345 1353 1353 1354 1354 1355 1355 1356 1356 1355 1355 1354 1354 1357 1357 1358 1358 1359 1359 1357 1357 1359 1359 1358 1358 1360 1360 1357 1357 1354 1354 1358 1358 1361 1361 1362 1362 1363 1363 1364 1364 1365 1365 1361 1361 1362 1362 1361 1361 1365 1365 1363 1363 1366 1366 1367 1367 1366 1366 1363 1363 1362 1362 1365 1365 1364 1364 1368 1368 1369 1369 1370 1370 1371 1371 1370 1370 1369 1369 1372 1372 1373 1373 1374 1374 1375 1375 1374 1374 1376 1376 1377 1377 1376 1376 1374 1374 1378 1378 1377 1377 1376 1376 1379 1379 1374 1374 1373 1373 1378 1378 1380 1380 1381 1381 1382 1382 1380 1380 1383 1383 1384 1384 1381 1381 1380 1380 1384 1384 1383 1383 1380 1380 1385 1385 1383 1383 1385 1385 1386 1386 1387 1387 1388 1388 1389 1389 1388 1388 1387 1387 1390 1390 1391 1391 1392 1392 1393 1393 1392 1392 1391 1391 1394 1394 1395 1395 1396 1396 1397 1397 1396 1396 1395 1395 1398 1398 1399 1399 1400 1400 1401 1401 1400 1400 1399 1399 1402 1402 1403 1403 1404 1404 1405 1405 1404 1404 1403 1403 1406 1406 1407 1407 1408 1408 1409 1409 1408 1408 1407 1407 1410 1410 1411 1411 1412 1412 1413 1413 1412 1412 1411 1411 1414 1414 1415 1415 1416 1416 1417 1417 1416 1416 1415 1415 1418 1418 1419 1419 1420 1420 1421 1421 1420 1420 1419 1419 1422 1422 1423 1423 1424 1424 1425 1425 1424 1424 1423 1423 1426 1426 1427 1427 1428 1428 1429 1429 1430 1430 1428 1428 1431 1431 1432 1432 1433 1433 1434 1434 1428 1428 1427 1427 1431 1431 1435 1435 1436 1436 1437 1437 1432 1432 1430 1430 1433 1433 1430 1430 1432 1432 1438 1438 1436 1436 1435 1435 1439 1439 1436 1436 1429 1429 1437 1437 1428 1428 1430 1430 1438 1438 1429 1429 1436 1436 1427 1427 1440 1440 1441 1441 1442 1442 1443 1443 1444 1444 1441 1441 1444 1444 1443 1443 1445 1445 1441 1441 1440 1440 1443 1443 1446 1446 1447 1447 1448 1448 1448 1448 1449 1449 1450 1450 1447 1447 1446 1446 1451 1451 1449 1449 1448 1448 1447 1447 1452 1452 1453 1453 1454 1454 1455 1455 1456 1456 1457 1457 1458 1458 1452 1452 1454 1454 1452 1452 1458 1458 1459 1459 1456 1456 1459 1459 1458 1458 1460 1460 1453 1453 1461 1461 1453 1453 1452 1452 1461 1461 1456 1456 1455 1455 1462 1462 1453 1453 1460 1460 1463 1463 1459 1459 1456 1456 1462 1462 1464 1464 1465 1465 1466 1466 1467 1467 1464 1464 1468 1468 1465 1465 1464 1464 1467 1467 1469 1469 1470 1470 1471 1471 1472 1472 1473 1473 1470 1470 1473 1473 1472 1472 1474 1474 1470 1470 1469 1469 1472 1472 1475 1475 1476 1476 1477 1477 1478 1478 1476 1476 1479 1479 1476 1476 1475 1475 1480 1480 1481 1481 1475 1475 1482 1482 1476 1476 1478 1478 1477 1477 1483 1483 1479 1479 1484 1484 1483 1483 1485 1485 1486 1486 1479 1479 1483 1483 1478 1478 1475 1475 1481 1481 1480 1480 1485 1485 1483 1483 1484 1484 1487 1487 1488 1488 1489 1489 1490 1490 1491 1491 1488 1488 1491 1491 1490 1490 1492 1492 1488 1488 1487 1487 1490 1490 1493 1493 1494 1494 1495 1495 1495 1495 1496 1496 1497 1497 1494 1494 1493 1493 1498 1498 1496 1496 1495 1495 1494 1494 1499 1499 1500 1500 1501 1501 1502 1502 1503 1503 1504 1504 1505 1505 1499 1499 1503 1503 1503 1503 1502 1502 1505 1505 1499 1499 1505 1505 1500 1500 1506 1506 1507 1507 1508 1508 1507 1507 1506 1506 1509 1509 1510 1510 1511 1511 1512 1512 1511 1511 1510 1510 1513 1513 1512 1512 1514 1514 1515 1515 1514 1514 1512 1512 1511 1511 1513 1513 1510 1510 1516 1516 1517 1517 1518 1518 1519 1519 1517 1517 1519 1519 1520 1520 1520 1520 1519 1519 1521 1521 1518 1518 1517 1517 1522 1522 1523 1523 1524 1524 1525 1525 1524 1524 1523 1523 1526 1526 1527 1527 1528 1528 1529 1529 1530 1530 1531 1531 1532 1532 1531 1531 1530 1530 1527 1527 1528 1528 1527 1527 1530 1530 1533 1533 1534 1534 1535 1535 1533 1533 1536 1536 1534 1534 1536 1536 1533 1533 1537 1537 1538 1538 1539 1539 1540 1540 1539 1539 1538 1538 1541 1541 1542 1542 1543 1543 1544 1544 1543 1543 1542 1542 1545 1545 1544 1544 1543 1543 1546 1546 1547 1547 1548 1548 1549 1549 1550 1550 1551 1551 1552 1552 1548 1548 1551 1551 1550 1550 1551 1551 1548 1548 1547 1547 1553 1553 1554 1554 1555 1555 1554 1554 1553 1553 1556 1556 1557 1557 1558 1558 1559 1559 1560 1560 1561 1561 1562 1562 1557 1557 1560 1560 1558 1558 1560 1560 1557 1557 1561 1561 1563 1563 1564 1564 1565 1565 1564 1564 1563 1563 1566 1566 1567 1567 1568 1568 1569 1569 1568 1568 1567 1567 1570 1570 1570 1570 1564 1564 1566 1566 1564 1564 1570 1570 1567 1567 1571 1571 1572 1572 1573 1573 1573 1573 1574 1574 1575 1575 1576 1576 1577 1577 1578 1578 1575 1575 1579 1579 1576 1576 1580 1580 1581 1581 1571 1571 1577 1577 1576 1576 1579 1579 1579 1579 1575 1575 1574 1574 1574 1574 1573 1573 1572 1572 1572 1572 1571 1571 1581 1581 1581 1581 1580 1580 1582 1582 1583 1583 1584 1584 1585 1585 1586 1586 1587 1587 1583 1583 1585 1585 1588 1588 1589 1589 1589 1589 1590 1590 1591 1591 1590 1590 1589 1589 1588 1588 1592 1592 1591 1591 1590 1590 1591 1591 1592 1592 1593 1593 1588 1588 1585 1585 1584 1584 1584 1584 1583 1583 1587 1587 1587 1587 1586 1586 1594 1594 1595 1595 1596 1596 1597 1597 1596 1596 1595 1595 1598 1598 1599 1599 1600 1600 1601 1601 1600 1600 1599 1599 1602 1602 1603 1603 1604 1604 1605 1605 1600 1600 1602 1602 1606 1606 1604 1604 1607 1607 1608 1608 1604 1604 1603 1603 1609 1609 1607 1607 1604 1604 1601 1601 1605 1605 1604 1604 1608 1608 1601 1601 1600 1600 1607 1607 1604 1604 1609 1609 1610 1610 1611 1611 1612 1612 1613 1613 1614 1614 1615 1615 1616 1616 1613 1613 1612 1612 1617 1617 1616 1616 1615 1615 1618 1618 1619 1619 1620 1620 1621 1621 1612 1612 1619 1619 1621 1621 1615 1615 1614 1614 1622 1622 1612 1612 1611 1611 1619 1619 1620 1620 1619 1619 1615 1615 1615 1615 1622 1622 1620 1620 1623 1623 1624 1624 1625 1625 1626 1626 1627 1627 1624 1624 1628 1628 1629 1629 1627 1627 1630 1630 1631 1631 1629 1629 1632 1632 1633 1633 1631 1631 1634 1634 1635 1635 1633 1633 1636 1636 1637 1637 1635 1635 1638 1638 1639 1639 1637 1637 1640 1640 1641 1641 1639 1639 1642 1642 1643 1643 1641 1641 1644 1644 1645 1645 1643 1643 1645 1645 1644 1644 1646 1646 1643 1643 1642 1642 1644 1644 1641 1641 1640 1640 1642 1642 1639 1639 1638 1638 1640 1640 1637 1637 1636 1636 1638 1638 1635 1635 1634 1634 1636 1636 1633 1633 1632 1632 1634 1634 1631 1631 1630 1630 1632 1632 1625 1625 1647 1647 1623 1623 1624 1624 1623 1623 1626 1626 1627 1627 1626 1626 1628 1628 1629 1629 1628 1628 1630 1630 1647 1647 1625 1625 1648 1648 1649 1649 1650 1650 1651 1651 1650 1650 1649 1649 1652 1652 1653 1653 1654 1654 1655 1655 1655 1655 1656 1656 1657 1657 1657 1657 1658 1658 1659 1659 1658 1658 1657 1657 1656 1656 1656 1656 1655 1655 1654 1654 1654 1654 1653 1653 1660 1660 1660 1660 1661 1661 1662 1662 1661 1661 1660 1660 1653 1653 1663 1663 1664 1664 1665 1665 1665 1665 1666 1666 1667 1667 1667 1667 1668 1668 1669 1669 1669 1669 1670 1670 1671 1671 1671 1671 1672 1672 1673 1673 1673 1673 1674 1674 1675 1675 1675 1675 1676 1676 1677 1677 1662 1662 1678 1678 1663 1663 1678 1678 1662 1662 1661 1661 1664 1664 1663 1663 1678 1678 1666 1666 1665 1665 1664 1664 1668 1668 1667 1667 1666 1666 1670 1670 1669 1669 1668 1668 1672 1672 1671 1671 1670 1670 1674 1674 1673 1673 1672 1672 1676 1676 1675 1675 1674 1674 1679 1679 1680 1680 1681 1681 1680 1680 1679 1679 1682 1682 1683 1683 1684 1684 1685 1685 1686 1686 1687 1687 1684 1684 1688 1688 1689 1689 1687 1687 1690 1690 1691 1691 1689 1689 1692 1692 1693 1693 1691 1691 1694 1694 1695 1695 1693 1693 1696 1696 1697 1697 1695 1695 1698 1698 1699 1699 1697 1697 1700 1700 1701 1701 1699 1699 1702 1702 1703 1703 1701 1701 1704 1704 1705 1705 1703 1703 1706 1706 1707 1707 1705 1705 1707 1707 1706 1706 1708 1708 1705 1705 1704 1704 1706 1706 1703 1703 1702 1702 1704 1704 1701 1701 1700 1700 1702 1702 1699 1699 1698 1698 1700 1700 1697 1697 1696 1696 1698 1698 1695 1695 1694 1694 1696 1696 1693 1693 1692 1692 1694 1694 1691 1691 1690 1690 1692 1692 1689 1689 1688 1688 1690 1690 1687 1687 1686 1686 1688 1688 1684 1684 1683 1683 1686 1686 1709 1709 1710 1710 1711 1711 1710 1710 1709 1709 1712 1712 1713 1713 1714 1714 1715 1715 1716 1716 1717 1717 1714 1714 1718 1718 1719 1719 1717 1717 1720 1720 1721 1721 1719 1719 1722 1722 1723 1723 1721 1721 1724 1724 1725 1725 1723 1723 1726 1726 1727 1727 1725 1725 1728 1728 1729 1729 1727 1727 1730 1730 1731 1731 1729 1729 1732 1732 1733 1733 1731 1731 1734 1734 1735 1735 1733 1733 1736 1736 1737 1737 1735 1735 1737 1737 1736 1736 1738 1738 1735 1735 1734 1734 1736 1736 1733 1733 1732 1732 1734 1734 1731 1731 1730 1730 1732 1732 1729 1729 1728 1728 1730 1730 1727 1727 1726 1726 1728 1728 1725 1725 1724 1724 1726 1726 1714 1714 1713 1713 1716 1716 1717 1717 1716 1716 1718 1718 1719 1719 1718 1718 1720 1720 1721 1721 1720 1720 1722 1722 1723 1723 1722 1722 1724 1724 1739 1739 1740 1740 1741 1741 1740 1740 1739 1739 1742 1742 1743 1743 1744 1744 1745 1745 1746 1746 1747 1747 1743 1743 1748 1748 1749 1749 1746 1746 1750 1750 1751 1751 1748 1748 1752 1752 1753 1753 1750 1750 1754 1754 1755 1755 1752 1752 1756 1756 1757 1757 1754 1754 1758 1758 1759 1759 1756 1756 1760 1760 1761 1761 1758 1758 1762 1762 1763 1763 1760 1760 1764 1764 1765 1765 1762 1762 1766 1766 1767 1767 1764 1764 1767 1767 1766 1766 1768 1768 1765 1765 1764 1764 1767 1767 1763 1763 1762 1762 1765 1765 1761 1761 1760 1760 1763 1763 1759 1759 1758 1758 1761 1761 1757 1757 1756 1756 1759 1759 1755 1755 1754 1754 1757 1757 1753 1753 1752 1752 1755 1755 1751 1751 1750 1750 1753 1753 1749 1749 1748 1748 1751 1751 1747 1747 1746 1746 1749 1749 1744 1744 1743 1743 1747 1747 1769 1769 1770 1770 1771 1771 1770 1770 1769 1769 1772 1772 1773 1773 1774 1774 1775 1775 1776 1776 1777 1777 1774 1774 1778 1778 1779 1779 1777 1777 1780 1780 1781 1781 1779 1779 1782 1782 1783 1783 1781 1781 1784 1784 1785 1785 1783 1783 1786 1786 1787 1787 1785 1785 1788 1788 1789 1789 1787 1787 1790 1790 1791 1791 1789 1789 1792 1792 1793 1793 1791 1791 1794 1794 1795 1795 1793 1793 1796 1796 1797 1797 1795 1795 1797 1797 1796 1796 1798 1798 1795 1795 1794 1794 1796 1796 1793 1793 1792 1792 1794 1794 1791 1791 1790 1790 1792 1792 1789 1789 1788 1788 1790 1790 1787 1787 1786 1786 1788 1788 1785 1785 1784 1784 1786 1786 1783 1783 1782 1782 1784 1784 1781 1781 1780 1780 1782 1782 1779 1779 1778 1778 1780 1780 1777 1777 1776 1776 1778 1778 1774 1774 1773 1773 1776 1776 1799 1799 1800 1800 1801 1801 1800 1800 1799 1799 1802 1802 1803 1803 1804 1804 1805 1805 1806 1806 1807 1807 1804 1804 1808 1808 1809 1809 1807 1807 1810 1810 1811 1811 1809 1809 1812 1812 1813 1813 1811 1811 1814 1814 1815 1815 1813 1813 1816 1816 1817 1817 1815 1815 1818 1818 1819 1819 1817 1817 1820 1820 1821 1821 1819 1819 1822 1822 1823 1823 1821 1821 1824 1824 1825 1825 1823 1823 1826 1826 1827 1827 1825 1825 1827 1827 1826 1826 1828 1828 1825 1825 1824 1824 1826 1826 1823 1823 1822 1822 1824 1824 1821 1821 1820 1820 1822 1822 1819 1819 1818 1818 1820 1820 1817 1817 1816 1816 1818 1818 1815 1815 1814 1814 1816 1816 1804 1804 1803 1803 1806 1806 1807 1807 1806 1806 1808 1808 1809 1809 1808 1808 1810 1810 1811 1811 1810 1810 1812 1812 1813 1813 1812 1812 1814 1814 1829 1829 1830 1830 1831 1831 1830 1830 1829 1829 1832 1832 1833 1833 1834 1834 1835 1835 1836 1836 1837 1837 1833 1833 1838 1838 1839 1839 1840 1840 1841 1841 1842 1842 1843 1843 1843 1843 1844 1844 1845 1845 1845 1845 1846 1846 1847 1847 1847 1847 1848 1848 1849 1849 1849 1849 1850 1850 1851 1851 1850 1850 1849 1849 1848 1848 1848 1848 1847 1847 1846 1846 1846 1846 1845 1845 1844 1844 1844 1844 1843 1843 1842 1842 1842 1842 1841 1841 1852 1852 1852 1852 1853 1853 1854 1854 1854 1854 1855 1855 1856 1856 1853 1853 1852 1852 1841 1841 1855 1855 1854 1854 1853 1853 1839 1839 1838 1838 1857 1857 1858 1858 1840 1840 1839 1839 1837 1837 1836 1836 1858 1858 1834 1834 1833 1833 1837 1837 1840 1840 1858 1858 1836 1836 1856 1856 1857 1857 1838 1838 1857 1857 1856 1856 1855 1855 1859 1859 1860 1860 1861 1861 1860 1860 1859 1859 1862 1862 1863 1863 1864 1864 1865 1865 1866 1866 1867 1867 1864 1864 1868 1868 1869 1869 1867 1867 1870 1870 1871 1871 1869 1869 1872 1872 1873 1873 1871 1871 1874 1874 1875 1875 1873 1873 1876 1876 1877 1877 1875 1875 1878 1878 1879 1879 1877 1877 1880 1880 1881 1881 1879 1879 1882 1882 1883 1883 1881 1881 1884 1884 1885 1885 1883 1883 1886 1886 1887 1887 1885 1885 1887 1887 1886 1886 1888 1888 1885 1885 1884 1884 1886 1886 1883 1883 1882 1882 1884 1884 1881 1881 1880 1880 1882 1882 1879 1879 1878 1878 1880 1880 1877 1877 1876 1876 1878 1878 1875 1875 1874 1874 1876 1876 1873 1873 1872 1872 1874 1874 1871 1871 1870 1870 1872 1872 1869 1869 1868 1868 1870 1870 1867 1867 1866 1866 1868 1868 1864 1864 1863 1863 1866 1866 1889 1889 1890 1890 1891 1891 1890 1890 1889 1889 1892 1892 1893 1893 1894 1894 1895 1895 1896 1896 1897 1897 1894 1894 1898 1898 1899 1899 1897 1897 1900 1900 1901 1901 1899 1899 1902 1902 1903 1903 1901 1901 1904 1904 1905 1905 1903 1903 1906 1906 1907 1907 1905 1905 1908 1908 1909 1909 1907 1907 1910 1910 1911 1911 1909 1909 1912 1912 1913 1913 1911 1911 1914 1914 1915 1915 1913 1913 1916 1916 1917 1917 1915 1915 1917 1917 1916 1916 1918 1918 1915 1915 1914 1914 1916 1916 1913 1913 1912 1912 1914 1914 1911 1911 1910 1910 1912 1912 1909 1909 1908 1908 1910 1910 1907 1907 1906 1906 1908 1908 1903 1903 1902 1902 1904 1904 1894 1894 1893 1893 1896 1896 1897 1897 1896 1896 1898 1898 1899 1899 1898 1898 1900 1900 1901 1901 1900 1900 1902 1902 1905 1905 1904 1904 1906 1906 1919 1919 1920 1920 1921 1921 1920 1920 1919 1919 1922 1922 1923 1923 1924 1924 1925 1925 1926 1926 1927 1927 1923 1923 1928 1928 1929 1929 1926 1926 1930 1930 1931 1931 1928 1928 1932 1932 1933 1933 1930 1930 1934 1934 1935 1935 1932 1932 1936 1936 1937 1937 1934 1934 1938 1938 1939 1939 1936 1936 1940 1940 1941 1941 1938 1938 1942 1942 1943 1943 1940 1940 1944 1944 1945 1945 1942 1942 1946 1946 1947 1947 1944 1944 1947 1947 1946 1946 1948 1948 1945 1945 1944 1944 1947 1947 1943 1943 1942 1942 1945 1945 1941 1941 1940 1940 1943 1943 1939 1939 1938 1938 1941 1941 1937 1937 1936 1936 1939 1939 1935 1935 1934 1934 1937 1937 1933 1933 1932 1932 1935 1935 1931 1931 1930 1930 1933 1933 1924 1924 1923 1923 1927 1927 1929 1929 1928 1928 1931 1931 1927 1927 1926 1926 1929 1929 1949 1949 1950 1950 1951 1951 1950 1950 1949 1949 1952 1952 1953 1953 1954 1954 1955 1955 1956 1956 1957 1957 1958 1958 1959 1959 1960 1960 1961 1961 1962 1962 1963 1963 1960 1960 1964 1964 1965 1965 1963 1963 1966 1966 1958 1958 1954 1954 1967 1967 1968 1968 1969 1969 1957 1957 1956 1956 1968 1968 1958 1958 1966 1966 1956 1956 1954 1954 1953 1953 1966 1966 1955 1955 1970 1970 1953 1953 1971 1971 1972 1972 1970 1970 1973 1973 1974 1974 1972 1972 1975 1975 1976 1976 1974 1974 1976 1976 1975 1975 1977 1977 1974 1974 1973 1973 1975 1975 1972 1972 1971 1971 1973 1973 1970 1970 1955 1955 1971 1971 1968 1968 1967 1967 1957 1957 1969 1969 1978 1978 1967 1967 1965 1965 1964 1964 1978 1978 1963 1963 1962 1962 1964 1964 1960 1960 1959 1959 1962 1962 1978 1978 1969 1969 1965 1965 1979 1979 1980 1980 1981 1981 1980 1980 1979 1979 1982 1982 1983 1983 1984 1984 1985 1985 1986 1986 1985 1985 1987 1987 1988 1988 1989 1989 1990 1990 1991 1991 1992 1992 1993 1993 1994 1994 1993 1993 1995 1995 1990 1990 1995 1995 1988 1988 1996 1996 1987 1987 1992 1992 1997 1997 1998 1998 1984 1984 1995 1995 1990 1990 1994 1994 1993 1993 1994 1994 1991 1991 1999 1999 2000 2000 2001 2001 1992 1992 1991 1991 1996 1996 1987 1987 1996 1996 1986 1986 1985 1985 1986 1986 1983 1983 1984 1984 1983 1983 1997 1997 1989 1989 1988 1988 2002 2002 2001 2001 2002 2002 1999 1999 2000 2000 1999 1999 2003 2003 2002 2002 2001 2001 1989 1989 2004 2004 2005 2005 1998 1998 2006 2006 2007 2007 2005 2005 2007 2007 2006 2006 2008 2008 2005 2005 2004 2004 2006 2006 1998 1998 1997 1997 2004 2004 2009 2009 2010 2010 2011 2011 2010 2010 2009 2009 2012 2012 2013 2013 2014 2014 2015 2015 2014 2014 2013 2013 2016 2016 2017 2017 2015 2015 2014 2014 2018 2018 2019 2019 2017 2017 2020 2020 2021 2021 2018 2018 2022 2022 2023 2023 2020 2020 2024 2024 2025 2025 2022 2022 2026 2026 2027 2027 2024 2024 2028 2028 2029 2029 2026 2026 2030 2030 2031 2031 2028 2028 2032 2032 2033 2033 2030 2030 2034 2034 2035 2035 2032 2032 2036 2036 2037 2037 2034 2034 2019 2019 2018 2018 2021 2021 2021 2021 2020 2020 2023 2023 2023 2023 2022 2022 2025 2025 2025 2025 2024 2024 2027 2027 2027 2027 2026 2026 2029 2029 2029 2029 2028 2028 2031 2031 2031 2031 2030 2030 2033 2033 2033 2033 2032 2032 2035 2035 2035 2035 2034 2034 2037 2037 2037 2037 2036 2036 2038 2038 2015 2015 2017 2017 2019 2019 2039 2039 2040 2040 2041 2041 2040 2040 2039 2039 2042 2042 2043 2043 2044 2044 2045 2045 2044 2044 2043 2043 2046 2046 2045 2045 2047 2047 2043 2043 2048 2048 2049 2049 2047 2047 2050 2050 2051 2051 2049 2049 2052 2052 2053 2053 2051 2051 2054 2054 2055 2055 2053 2053 2056 2056 2057 2057 2055 2055 2058 2058 2059 2059 2057 2057 2047 2047 2045 2045 2048 2048 2060 2060 2061 2061 2062 2062 2063 2063 2064 2064 2061 2061 2065 2065 2066 2066 2064 2064 2057 2057 2056 2056 2058 2058 2059 2059 2058 2058 2067 2067 2062 2062 2067 2067 2060 2060 2061 2061 2060 2060 2063 2063 2064 2064 2063 2063 2065 2065 2066 2066 2065 2065 2068 2068 2067 2067 2062 2062 2059 2059 2049 2049 2048 2048 2050 2050 2053 2053 2052 2052 2054 2054 2051 2051 2050 2050 2052 2052 2055 2055 2054 2054 2056 2056 2069 2069 2070 2070 2071 2071 2070 2070 2069 2069 2072 2072 2073 2073 2074 2074 2075 2075 2074 2074 2073 2073 2076 2076 2075 2075 2077 2077 2073 2073 2078 2078 2079 2079 2077 2077 2080 2080 2081 2081 2082 2082 2083 2083 2084 2084 2079 2079 2085 2085 2086 2086 2084 2084 2081 2081 2080 2080 2086 2086 2082 2082 2087 2087 2080 2080 2077 2077 2075 2075 2078 2078 2088 2088 2089 2089 2090 2090 2091 2091 2092 2092 2089 2089 2093 2093 2094 2094 2092 2092 2095 2095 2096 2096 2094 2094 2087 2087 2082 2082 2097 2097 2090 2090 2097 2097 2088 2088 2089 2089 2088 2088 2091 2091 2092 2092 2091 2091 2093 2093 2094 2094 2093 2093 2095 2095 2096 2096 2095 2095 2098 2098 2097 2097 2090 2090 2087 2087 2086 2086 2085 2085 2081 2081 2084 2084 2083 2083 2085 2085 2079 2079 2078 2078 2083 2083 2099 2099 2100 2100 2101 2101 2100 2100 2099 2099 2102 2102 2103 2103 2104 2104 2105 2105 2106 2106 2107 2107 2103 2103 2107 2107 2106 2106 2108 2108 2104 2104 2103 2103 2107 2107 2109 2109 2105 2105 2104 2104 2110 2110 2111 2111 2109 2109 2112 2112 2113 2113 2110 2110 2114 2114 2115 2115 2112 2112 2116 2116 2117 2117 2114 2114 2118 2118 2119 2119 2116 2116 2105 2105 2109 2109 2111 2111 2120 2120 2121 2121 2122 2122 2123 2123 2124 2124 2120 2120 2125 2125 2126 2126 2123 2123 2115 2115 2114 2114 2117 2117 2117 2117 2116 2116 2119 2119 2119 2119 2118 2118 2127 2127 2127 2127 2122 2122 2121 2121 2121 2121 2120 2120 2124 2124 2124 2124 2123 2123 2126 2126 2126 2126 2125 2125 2128 2128 2111 2111 2110 2110 2113 2113 2122 2122 2127 2127 2118 2118 2113 2113 2112 2112 2115 2115 2129 2129 2130 2130 2131 2131 2130 2130 2129 2129 2132 2132 2133 2133 2134 2134 2135 2135 2136 2136 2137 2137 2134 2134 2134 2134 2133 2133 2136 2136 2137 2137 2136 2136 2138 2138 2139 2139 2138 2138 2140 2140 2141 2141 2140 2140 2142 2142 2143 2143 2142 2142 2144 2144 2145 2145 2144 2144 2146 2146 2147 2147 2146 2146 2148 2148 2149 2149 2148 2148 2150 2150 2151 2151 2150 2150 2152 2152 2138 2138 2139 2139 2137 2137 2140 2140 2141 2141 2139 2139 2142 2142 2143 2143 2141 2141 2144 2144 2145 2145 2143 2143 2146 2146 2147 2147 2145 2145 2148 2148 2149 2149 2147 2147 2150 2150 2151 2151 2149 2149 2152 2152 2153 2153 2151 2151 2154 2154 2155 2155 2153 2153 2156 2156 2157 2157 2155 2155 2157 2157 2156 2156 2158 2158 2155 2155 2154 2154 2156 2156 2153 2153 2152 2152 2154 2154 2159 2159 2160 2160 2161 2161 2160 2160 2159 2159 2162 2162 2163 2163 2164 2164 2165 2165 2166 2166 2167 2167 2164 2164 2168 2168 2169 2169 2167 2167 2170 2170 2171 2171 2169 2169 2172 2172 2173 2173 2171 2171 2174 2174 2165 2165 2175 2175 2176 2176 2177 2177 2178 2178 2179 2179 2180 2180 2177 2177 2181 2181 2182 2182 2180 2180 2183 2183 2184 2184 2182 2182 2185 2185 2186 2186 2184 2184 2186 2186 2185 2185 2187 2187 2165 2165 2174 2174 2163 2163 2188 2188 2178 2178 2173 2173 2167 2167 2166 2166 2168 2168 2169 2169 2168 2168 2170 2170 2171 2171 2170 2170 2172 2172 2173 2173 2172 2172 2188 2188 2178 2178 2188 2188 2176 2176 2177 2177 2176 2176 2179 2179 2180 2180 2179 2179 2181 2181 2182 2182 2181 2181 2183 2183 2184 2184 2183 2183 2185 2185 2164 2164 2163 2163 2166 2166 2189 2189 2190 2190 2191 2191 2190 2190 2189 2189 2192 2192 2193 2193 2194 2194 2195 2195 2196 2196 2197 2197 2198 2198 2199 2199 2200 2200 2196 2196 2201 2201 2202 2202 2199 2199 2203 2203 2204 2204 2201 2201 2205 2205 2206 2206 2203 2203 2207 2207 2208 2208 2205 2205 2194 2194 2193 2193 2209 2209 2209 2209 2198 2198 2197 2197 2210 2210 2211 2211 2207 2207 2212 2212 2213 2213 2210 2210 2214 2214 2215 2215 2212 2212 2216 2216 2217 2217 2214 2214 2217 2217 2216 2216 2218 2218 2215 2215 2214 2214 2217 2217 2213 2213 2212 2212 2215 2215 2211 2211 2210 2210 2213 2213 2208 2208 2207 2207 2211 2211 2206 2206 2205 2205 2208 2208 2204 2204 2203 2203 2206 2206 2202 2202 2201 2201 2204 2204 2200 2200 2199 2199 2202 2202 2197 2197 2196 2196 2200 2200 2198 2198 2209 2209 2193 2193 2219 2219 2220 2220 2221 2221 2220 2220 2219 2219 2222 2222 2223 2223 2224 2224 2225 2225 2226 2226 2225 2225 2227 2227 2228 2228 2227 2227 2229 2229 2230 2230 2229 2229 2231 2231 2232 2232 2233 2233 2224 2224 2234 2234 2235 2235 2233 2233 2235 2235 2234 2234 2236 2236 2233 2233 2232 2232 2234 2234 2224 2224 2223 2223 2232 2232 2225 2225 2226 2226 2223 2223 2227 2227 2228 2228 2226 2226 2229 2229 2230 2230 2228 2228 2231 2231 2237 2237 2230 2230 2238 2238 2239 2239 2237 2237 2240 2240 2241 2241 2239 2239 2242 2242 2243 2243 2241 2241 2244 2244 2245 2245 2243 2243 2246 2246 2247 2247 2245 2245 2247 2247 2246 2246 2248 2248 2245 2245 2244 2244 2246 2246 2243 2243 2242 2242 2244 2244 2241 2241 2240 2240 2242 2242 2239 2239 2238 2238 2240 2240 2237 2237 2231 2231 2238 2238 2249 2249 2250 2250 2251 2251 2250 2250 2249 2249 2252 2252 2253 2253 2254 2254 2255 2255 2256 2256 2257 2257 2254 2254 2258 2258 2259 2259 2257 2257 2260 2260 2261 2261 2262 2262 2263 2263 2262 2262 2264 2264 2265 2265 2264 2264 2266 2266 2267 2267 2268 2268 2259 2259 2269 2269 2266 2266 2270 2270 2271 2271 2270 2270 2272 2272 2273 2273 2272 2272 2274 2274 2275 2275 2255 2255 2276 2276 2266 2266 2269 2269 2265 2265 2264 2264 2265 2265 2263 2263 2262 2262 2263 2263 2260 2260 2261 2261 2260 2260 2277 2277 2276 2276 2277 2277 2275 2275 2255 2255 2275 2275 2253 2253 2254 2254 2253 2253 2256 2256 2257 2257 2256 2256 2258 2258 2259 2259 2258 2258 2267 2267 2268 2268 2267 2267 2278 2278 2270 2270 2271 2271 2269 2269 2277 2277 2276 2276 2261 2261 2272 2272 2273 2273 2271 2271 2279 2279 2280 2280 2281 2281 2280 2280 2279 2279 2282 2282 2283 2283 2284 2284 2285 2285 2285 2285 2286 2286 2287 2287 2287 2287 2288 2288 2289 2289 2289 2289 2290 2290 2291 2291 2291 2291 2292 2292 2293 2293 2293 2293 2294 2294 2295 2295 2295 2295 2296 2296 2297 2297 2297 2297 2298 2298 2299 2299 2299 2299 2300 2300 2301 2301 2300 2300 2299 2299 2298 2298 2302 2302 2303 2303 2283 2283 2296 2296 2295 2295 2294 2294 2294 2294 2293 2293 2292 2292 2292 2292 2291 2291 2290 2290 2290 2290 2289 2289 2288 2288 2288 2288 2287 2287 2286 2286 2286 2286 2285 2285 2284 2284 2284 2284 2283 2283 2303 2303 2303 2303 2302 2302 2304 2304 2304 2304 2305 2305 2306 2306 2306 2306 2307 2307 2308 2308 2298 2298 2297 2297 2296 2296 2307 2307 2306 2306 2305 2305 2305 2305 2304 2304 2302 2302 2309 2309 2310 2310 2311 2311 2310 2310 2309 2309 2312 2312 2313 2313 2314 2314 2315 2315 2316 2316 2315 2315 2317 2317 2318 2318 2317 2317 2319 2319 2320 2320 2319 2319 2321 2321 2322 2322 2321 2321 2323 2323 2324 2324 2323 2323 2325 2325 2326 2326 2325 2325 2327 2327 2328 2328 2327 2327 2329 2329 2325 2325 2326 2326 2324 2324 2330 2330 2331 2331 2314 2314 2323 2323 2324 2324 2322 2322 2321 2321 2322 2322 2320 2320 2319 2319 2320 2320 2318 2318 2317 2317 2318 2318 2316 2316 2315 2315 2316 2316 2313 2313 2314 2314 2313 2313 2330 2330 2331 2331 2330 2330 2332 2332 2333 2333 2332 2332 2334 2334 2335 2335 2334 2334 2336 2336 2337 2337 2336 2336 2338 2338 2327 2327 2328 2328 2326 2326 2332 2332 2333 2333 2331 2331 2334 2334 2335 2335 2333 2333 2336 2336 2337 2337 2335 2335 2339 2339 2340 2340 2341 2341 2340 2340 2339 2339 2342 2342 2343 2343 2344 2344 2345 2345 2346 2346 2347 2347 2348 2348 2349 2349 2350 2350 2347 2347 2351 2351 2352 2352 2350 2350 2353 2353 2354 2354 2352 2352 2355 2355 2356 2356 2354 2354 2357 2357 2358 2358 2356 2356 2359 2359 2360 2360 2358 2358 2361 2361 2362 2362 2360 2360 2363 2363 2364 2364 2362 2362 2365 2365 2366 2366 2364 2364 2344 2344 2343 2343 2366 2366 2345 2345 2367 2367 2343 2343 2368 2368 2369 2369 2367 2367 2370 2370 2371 2371 2369 2369 2372 2372 2373 2373 2371 2371 2374 2374 2375 2375 2373 2373 2376 2376 2377 2377 2375 2375 2378 2378 2379 2379 2377 2377 2380 2380 2381 2381 2379 2379 2382 2382 2383 2383 2381 2381 2384 2384 2385 2385 2383 2383 2386 2386 2387 2387 2385 2385 2388 2388 2389 2389 2387 2387 2389 2389 2388 2388 2390 2390 2387 2387 2386 2386 2388 2388 2348 2348 2390 2390 2346 2346 2347 2347 2346 2346 2349 2349 2350 2350 2349 2349 2351 2351 2352 2352 2351 2351 2353 2353 2354 2354 2353 2353 2355 2355 2356 2356 2355 2355 2357 2357 2358 2358 2357 2357 2359 2359 2360 2360 2359 2359 2361 2361 2362 2362 2361 2361 2363 2363 2364 2364 2363 2363 2365 2365 2366 2366 2365 2365 2344 2344 2390 2390 2348 2348 2389 2389 2367 2367 2345 2345 2368 2368 2369 2369 2368 2368 2370 2370 2371 2371 2370 2370 2372 2372 2373 2373 2372 2372 2374 2374 2375 2375 2374 2374 2376 2376 2377 2377 2376 2376 2378 2378 2379 2379 2378 2378 2380 2380 2381 2381 2380 2380 2382 2382 2383 2383 2382 2382 2384 2384 2385 2385 2384 2384 2386 2386 2391 2391 2392 2392 2393 2393 2394 2394 2393 2393 2395 2395 2396 2396 2397 2397 2398 2398 2399 2399 2400 2400 2392 2392 2401 2401 2402 2402 2400 2400 2397 2397 2396 2396 2402 2402 2398 2398 2403 2403 2396 2396 2404 2404 2405 2405 2403 2403 2406 2406 2407 2407 2405 2405 2408 2408 2409 2409 2407 2407 2410 2410 2411 2411 2409 2409 2412 2412 2413 2413 2411 2411 2414 2414 2415 2415 2413 2413 2416 2416 2417 2417 2415 2415 2418 2418 2419 2419 2417 2417 2420 2420 2421 2421 2419 2419 2422 2422 2423 2423 2421 2421 2424 2424 2425 2425 2423 2423 2426 2426 2427 2427 2425 2425 2428 2428 2429 2429 2427 2427 2430 2430 2431 2431 2429 2429 2432 2432 2433 2433 2431 2431 2434 2434 2435 2435 2433 2433 2436 2436 2437 2437 2435 2435 2393 2393 2394 2394 2391 2391 2392 2392 2391 2391 2399 2399 2400 2400 2399 2399 2401 2401 2402 2402 2401 2401 2397 2397 2438 2438 2395 2395 2437 2437 2403 2403 2398 2398 2404 2404 2405 2405 2404 2404 2406 2406 2407 2407 2406 2406 2408 2408 2409 2409 2408 2408 2410 2410 2411 2411 2410 2410 2412 2412 2413 2413 2412 2412 2414 2414 2415 2415 2414 2414 2416 2416 2417 2417 2416 2416 2418 2418 2419 2419 2418 2418 2420 2420 2421 2421 2420 2420 2422 2422 2423 2423 2422 2422 2424 2424 2425 2425 2424 2424 2426 2426 2427 2427 2426 2426 2428 2428 2429 2429 2428 2428 2430 2430 2431 2431 2430 2430 2432 2432 2433 2433 2432 2432 2434 2434 2435 2435 2434 2434 2436 2436 2437 2437 2436 2436 2438 2438 2395 2395 2438 2438 2394 2394 2439 2439 2440 2440 2441 2441 2442 2442 2443 2443 2444 2444 2445 2445 2444 2444 2446 2446 2447 2447 2446 2446 2448 2448 2449 2449 2450 2450 2451 2451 2443 2443 2442 2442 2450 2450 2444 2444 2445 2445 2442 2442 2446 2446 2447 2447 2445 2445 2448 2448 2452 2452 2447 2447 2453 2453 2454 2454 2452 2452 2455 2455 2456 2456 2454 2454 2457 2457 2458 2458 2456 2456 2459 2459 2460 2460 2458 2458 2461 2461 2462 2462 2460 2460 2463 2463 2464 2464 2462 2462 2465 2465 2466 2466 2464 2464 2467 2467 2468 2468 2466 2466 2469 2469 2470 2470 2468 2468 2471 2471 2472 2472 2470 2470 2473 2473 2474 2474 2472 2472 2475 2475 2476 2476 2474 2474 2477 2477 2478 2478 2476 2476 2479 2479 2480 2480 2478 2478 2481 2481 2482 2482 2480 2480 2483 2483 2484 2484 2482 2482 2485 2485 2441 2441 2484 2484 2450 2450 2449 2449 2443 2443 2486 2486 2451 2451 2440 2440 2451 2451 2486 2486 2449 2449 2440 2440 2439 2439 2486 2486 2441 2441 2485 2485 2439 2439 2484 2484 2483 2483 2485 2485 2482 2482 2481 2481 2483 2483 2480 2480 2479 2479 2481 2481 2478 2478 2477 2477 2479 2479 2476 2476 2475 2475 2477 2477 2474 2474 2473 2473 2475 2475 2472 2472 2471 2471 2473 2473 2470 2470 2469 2469 2471 2471 2468 2468 2467 2467 2469 2469 2466 2466 2465 2465 2467 2467 2464 2464 2463 2463 2465 2465 2462 2462 2461 2461 2463 2463 2460 2460 2459 2459 2461 2461 2458 2458 2457 2457 2459 2459 2456 2456 2455 2455 2457 2457 2454 2454 2453 2453 2455 2455 2452 2452 2448 2448 2453 2453 2487 2487 2488 2488 2489 2489 2487 2487 2490 2490 2488 2488 2487 2487 2491 2491 2490 2490 2487 2487 2492 2492 2491 2491 2487 2487 2489 2489 2493 2493 2487 2487 2493 2493 2494 2494 2487 2487 2494 2494 2495 2495 2487 2487 2495 2495 2496 2496 2487 2487 2496 2496 2497 2497 2487 2487 2497 2497 2498 2498 2499 2499 2487 2487 2500 2500 2487 2487 2498 2498 2501 2501 2487 2487 2502 2502 2503 2503 2487 2487 2503 2503 2500 2500 2487 2487 2504 2504 2492 2492 2487 2487 2505 2505 2504 2504 2487 2487 2506 2506 2505 2505 2487 2487 2507 2507 2506 2506 2487 2487 2508 2508 2507 2507 2487 2487 2509 2509 2508 2508 2487 2487 2510 2510 2509 2509 2487 2487 2511 2511 2510 2510 2487 2487 2499 2499 2511 2511 2487 2487 2501 2501 2502 2502 2512 2512 2513 2513 2514 2514 2513 2513 2512 2512 2515 2515 2516 2516 2517 2517 2518 2518 2517 2517 2516 2516 2519 2519 2520 2520 2521 2521 2522 2522 2521 2521 2520 2520 2523 2523 2524 2524 2525 2525 2526 2526 2525 2525 2524 2524 2527 2527 2528 2528 2529 2529 2530 2530 2529 2529 2528 2528 2531 2531 2532 2532 2533 2533 2534 2534 2535 2535 2536 2536 2537 2537 2538 2538 2539 2539 2540 2540 2541 2541 2542 2542 2543 2543 2541 2541 2544 2544 2545 2545 2540 2540 2546 2546 2538 2538 2547 2547 2548 2548 2540 2540 2549 2549 2547 2547 2535 2535 2546 2546 2540 2540 2550 2550 2544 2544 2541 2541 2551 2551 2552 2552 2541 2541 2545 2545 2550 2550 2540 2540 2548 2548 2539 2539 2538 2538 2553 2553 2536 2536 2535 2535 2547 2547 2535 2535 2537 2537 2554 2554 2555 2555 2542 2542 2533 2533 2533 2533 2532 2532 2556 2556 2557 2557 2534 2534 2533 2533 2542 2542 2558 2558 2533 2533 2542 2542 2555 2555 2543 2543 2534 2534 2557 2557 2559 2559 2558 2558 2542 2542 2548 2548 2533 2533 2556 2556 2555 2555 2541 2541 2552 2552 2542 2542 2547 2547 2549 2549 2558 2558 2548 2548 2547 2547 2558 2558 2560 2560 2561 2561 2562 2562 2561 2561 2560 2560 2563 2563 2564 2564 2565 2565 2566 2566 2567 2567 2566 2566 2568 2568 2569 2569 2568 2568 2570 2570 2571 2571 2570 2570 2572 2572 2573 2573 2572 2572 2574 2574 2575 2575 2574 2574 2576 2576 2574 2574 2575 2575 2573 2573 2572 2572 2573 2573 2571 2571 2570 2570 2571 2571 2569 2569 2568 2568 2569 2569 2567 2567 2566 2566 2567 2567 2564 2564 2565 2565 2564 2564 2577 2577 2578 2578 2579 2579 2580 2580 2579 2579 2578 2578 2581 2581 2582 2582 2583 2583 2584 2584 2585 2585 2586 2586 2583 2583 2587 2587 2588 2588 2586 2586 2589 2589 2590 2590 2588 2588 2591 2591 2592 2592 2590 2590 2593 2593 2594 2594 2592 2592 2583 2583 2582 2582 2585 2585 2592 2592 2591 2591 2593 2593 2590 2590 2589 2589 2591 2591 2588 2588 2587 2587 2589 2589 2586 2586 2585 2585 2587 2587 2594 2594 2593 2593 2595 2595 2596 2596 2597 2597 2598 2598 2597 2597 2596 2596 2599 2599 2600 2600 2601 2601 2602 2602 2603 2603 2604 2604 2601 2601 2605 2605 2602 2602 2606 2606 2607 2607 2606 2606 2608 2608 2609 2609 2608 2608 2610 2610 2611 2611 2610 2610 2612 2612 2610 2610 2611 2611 2609 2609 2608 2608 2609 2609 2607 2607 2606 2606 2607 2607 2605 2605 2602 2602 2605 2605 2600 2600 2601 2601 2600 2600 2603 2603 2604 2604 2603 2603 2613 2613 2614 2614 2615 2615 2616 2616 2615 2615 2614 2614 2617 2617 2618 2618 2619 2619 2620 2620 2621 2621 2622 2622 2623 2623 2624 2624 2623 2623 2625 2625 2626 2626 2625 2625 2619 2619 2622 2622 2621 2621 2627 2627 2623 2623 2624 2624 2621 2621 2625 2625 2626 2626 2624 2624 2619 2619 2618 2618 2626 2626 2620 2620 2628 2628 2618 2618 2629 2629 2630 2630 2628 2628 2630 2630 2629 2629 2631 2631 2628 2628 2620 2620 2629 2629 2632 2632 2633 2633 2634 2634 2632 2632 2635 2635 2633 2633 2632 2632 2636 2636 2635 2635 2632 2632 2637 2637 2638 2638 2632 2632 2639 2639 2640 2640 2632 2632 2641 2641 2639 2639 2632 2632 2642 2642 2641 2641 2632 2632 2643 2643 2642 2642 2643 2643 2632 2632 2644 2644 2632 2632 2634 2634 2645 2645 2632 2632 2646 2646 2647 2647 2632 2632 2648 2648 2646 2646 2632 2632 2638 2638 2648 2648 2632 2632 2649 2649 2650 2650 2632 2632 2650 2650 2651 2651 2632 2632 2640 2640 2649 2649 2632 2632 2651 2651 2652 2652 2632 2632 2652 2652 2653 2653 2632 2632 2653 2653 2654 2654 2632 2632 2654 2654 2636 2636 2632 2632 2645 2645 2655 2655 2632 2632 2655 2655 2656 2656 2632 2632 2647 2647 2644 2644 2632 2632 2656 2656 2637 2637 2657 2657 2658 2658 2659 2659 2660 2660 2661 2661 2658 2658 2662 2662 2659 2659 2663 2663 2659 2659 2662 2662 2657 2657 2658 2658 2657 2657 2660 2660 2661 2661 2660 2660 2664 2664 2665 2665 2664 2664 2666 2666 2667 2667 2666 2666 2668 2668 2669 2669 2668 2668 2670 2670 2671 2671 2670 2670 2672 2672 2664 2664 2665 2665 2661 2661 2666 2666 2667 2667 2665 2665 2668 2668 2669 2669 2667 2667 2670 2670 2671 2671 2669 2669 2673 2673 2674 2674 2675 2675 2676 2676 2675 2675 2677 2677 2678 2678 2677 2677 2679 2679 2680 2680 2679 2679 2681 2681 2682 2682 2681 2681 2683 2683 2684 2684 2663 2663 2685 2685 2686 2686 2685 2685 2687 2687 2672 2672 2688 2688 2671 2671 2689 2689 2687 2687 2690 2690 2691 2691 2690 2690 2692 2692 2693 2693 2692 2692 2674 2674 2694 2694 2683 2683 2695 2695 2696 2696 2695 2695 2697 2697 2698 2698 2697 2697 2699 2699 2700 2700 2699 2699 2701 2701 2663 2663 2684 2684 2662 2662 2685 2685 2686 2686 2684 2684 2687 2687 2689 2689 2686 2686 2690 2690 2691 2691 2689 2689 2692 2692 2693 2693 2691 2691 2674 2674 2673 2673 2693 2693 2675 2675 2676 2676 2673 2673 2677 2677 2678 2678 2676 2676 2679 2679 2680 2680 2678 2678 2681 2681 2682 2682 2680 2680 2683 2683 2694 2694 2682 2682 2702 2702 2703 2703 2688 2688 2704 2704 2701 2701 2703 2703 2688 2688 2672 2672 2702 2702 2703 2703 2702 2702 2704 2704 2701 2701 2704 2704 2700 2700 2699 2699 2700 2700 2698 2698 2697 2697 2698 2698 2696 2696 2695 2695 2696 2696 2694 2694</p></triangles><triangles count="141" material="oriongreymatt-material"><input offset="0" semantic="VERTEX" source="#bau0074571110-mesh-vertices" /><input offset="1" semantic="NORMAL" source="#bau0074571110-mesh-normals" /><p>2705 2705 2706 2706 2707 2707 2706 2706 2705 2705 2708 2708 2709 2709 2710 2710 2711 2711 2711 2711 2712 2712 2713 2713 2713 2713 2714 2714 2715 2715 2715 2715 2716 2716 2717 2717 2718 2718 2719 2719 2709 2709 2720 2720 2721 2721 2718 2718 2722 2722 2723 2723 2720 2720 2724 2724 2725 2725 2722 2722 2717 2717 2726 2726 2727 2727 2728 2728 2729 2729 2730 2730 2729 2729 2728 2728 2731 2731 2732 2732 2730 2730 2729 2729 2725 2725 2724 2724 2732 2732 2723 2723 2722 2722 2725 2725 2721 2721 2720 2720 2723 2723 2719 2719 2718 2718 2721 2721 2710 2710 2709 2709 2719 2719 2712 2712 2711 2711 2710 2710 2714 2714 2713 2713 2712 2712 2716 2716 2715 2715 2714 2714 2727 2727 2733 2733 2734 2734 2730 2730 2732 2732 2724 2724 2733 2733 2727 2727 2726 2726 2726 2726 2717 2717 2716 2716 2735 2735 2736 2736 2737 2737 2736 2736 2735 2735 2738 2738 2739 2739 2740 2740 2741 2741 2741 2741 2740 2740 2742 2742 2740 2740 2739 2739 2743 2743 2744 2744 2745 2745 2746 2746 2747 2747 2748 2748 2749 2749 2749 2749 2750 2750 2751 2751 2751 2751 2746 2746 2745 2745 2745 2745 2744 2744 2752 2752 2752 2752 2753 2753 2754 2754 2755 2755 2756 2756 2757 2757 2748 2748 2747 2747 2755 2755 2750 2750 2749 2749 2748 2748 2746 2746 2751 2751 2750 2750 2753 2753 2752 2752 2744 2744 2756 2756 2755 2755 2747 2747 2758 2758 2759 2759 2760 2760 2761 2761 2762 2762 2763 2763 2759 2759 2758 2758 2764 2764 2759 2759 2765 2765 2766 2766 2762 2762 2761 2761 2766 2766 2765 2765 2759 2759 2764 2764 2766 2766 2767 2767 2762 2762 2767 2767 2766 2766 2765 2765 2762 2762 2758 2758 2760 2760 2758 2758 2762 2762 2767 2767 2768 2768 2769 2769 2770 2770 2771 2771 2772 2772 2768 2768 2770 2770 2773 2773 2774 2774 2774 2774 2775 2775 2776 2776 2776 2776 2777 2777 2778 2778 2777 2777 2776 2776 2775 2775 2775 2775 2774 2774 2773 2773 2773 2773 2770 2770 2769 2769 2769 2769 2768 2768 2772 2772 2772 2772 2771 2771 2779 2779 2779 2779 2780 2780 2781 2781 2780 2780 2779 2779 2771 2771 2782 2782 2783 2783 2784 2784 2785 2785 2783 2783 2786 2786 2787 2787 2788 2788 2789 2789 2790 2790 2791 2791 2792 2792 2790 2790 2792 2792 2793 2793 2783 2783 2794 2794 2795 2795 2783 2783 2796 2796 2797 2797 2787 2787 2798 2798 2799 2799 2787 2787 2799 2799 2790 2790 2800 2800 2801 2801 2802 2802 2803 2803 2801 2801 2804 2804 2805 2805 2806 2806 2807 2807 2783 2783 2785 2785 2784 2784 2783 2783 2782 2782 2805 2805 2783 2783 2797 2797 2808 2808 2787 2787 2809 2809 2810 2810 2801 2801 2811 2811 2804 2804 2805 2805 2812 2812 2813 2813 2801 2801 2803 2803 2802 2802 2787 2787 2814 2814 2783 2783 2815 2815 2787 2787 2789 2789 2816 2816 2805 2805 2782 2782 2805 2805 2817 2817 2818 2818 2819 2819 2801 2801 2800 2800 2820 2820 2783 2783 2808 2808 2821 2821 2783 2783 2795 2795 2790 2790 2822 2822 2823 2823 2824 2824 2825 2825 2786 2786 2787 2787 2826 2826 2827 2827 2790 2790 2826 2826 2787 2787 2787 2787 2828 2828 2829 2829 2830 2830 2787 2787 2815 2815 2811 2811 2805 2805 2831 2831 2801 2801 2832 2832 2787 2787 2824 2824 2783 2783 2821 2821 2822 2822 2790 2790 2833 2833 2826 2826 2790 2790 2793 2793 2828 2828 2787 2787 2827 2827 2788 2788 2787 2787 2829 2829 2814 2814 2787 2787 2830 2830 2801 2801 2834 2834 2835 2835 2790 2790 2836 2836 2833 2833 2824 2824 2837 2837 2825 2825 2834 2834 2801 2801 2819 2819 2832 2832 2801 2801 2835 2835 2805 2805 2816 2816 2817 2817 2812 2812 2805 2805 2818 2818 2806 2806 2805 2805 2813 2813 2831 2831 2805 2805 2807 2807 2787 2787 2832 2832 2809 2809 2798 2798 2787 2787 2810 2810 2796 2796 2783 2783 2814 2814 2783 2783 2820 2820 2794 2794 2783 2783 2824 2824 2786 2786 2837 2837 2836 2836 2790 2790 2791 2791 2790 2790 2823 2823 2805 2805 2811 2811 2801 2801 2836 2836 2837 2837 2824 2824 2838 2838 2839 2839 2840 2840 2841 2841 2842 2842 2838 2838 2843 2843 2844 2844 2841 2841 2845 2845 2846 2846 2843 2843 2847 2847 2848 2848 2845 2845 2849 2849 2850 2850 2847 2847 2850 2850 2849 2849 2851 2851 2848 2848 2847 2847 2850 2850 2846 2846 2845 2845 2848 2848 2844 2844 2843 2843 2846 2846 2842 2842 2841 2841 2844 2844 2839 2839 2838 2838 2842 2842 2852 2852 2840 2840 2839 2839 2840 2840 2852 2852 2853 2853 2854 2854 2855 2855 2856 2856 2855 2855 2854 2854 2857 2857 2858 2858 2854 2854 2859 2859 2854 2854 2858 2858 2857 2857</p></triangles></mesh></geometry></library_geometries><library_visual_scenes><visual_scene id="VisualSceneNode" name="VisualSceneNode"><node id="Main-Component-Node1" name="bau0074571110"><instance_geometry url="#bau0074571110-mesh" name="bau0074571110"><bind_material><technique_common><instance_material symbol="white-material" target="#white-material" /><instance_material symbol="zincplated-material" target="#zincplated-material" /><instance_material symbol="oriongreymatt-material" target="#oriongreymatt-material" /></technique_common></bind_material></instance_geometry></node></visual_scene></library_visual_scenes><scene><instance_visual_scene url="#VisualSceneNode" /></scene></COLLADA>