<?xml version="1.0" encoding="utf-8"?><COLLADA xmlns:xsd="http://www.w3.org/2001/XMLSchema" xmlns:xsi="http://www.w3.org/2001/XMLSchema-instance" version="1.4.1" xmlns="http://www.collada.org/2005/11/COLLADASchema"><asset><contributor><author>bau05662</author><authoring_tool>Blum.Cape.SolidWorks.Export.Collada 25.0.0.0</authoring_tool></contributor><created>0001-01-01T00:00:00</created><modified>2025-08-26T09:00:37.9023151+02:00</modified><unit meter="0.001" name="millimeter" /></asset><library_effects><effect id="zincplated-effect"><profile_COMMON><technique sid="common"><phong><emission><color sid="emission">0 0 0 0</color></emission><ambient><color sid="ambient">0.408975652376015 0.419604810831399 0.486751175550744 1</color></ambient><diffuse><color sid="diffuse">0.408975652376015 0.419604810831399 0.486751175550744 1</color></diffuse><specular><color sid="specular">0.991136764316137 0.991136764316137 0.991136764316137 1</color></specular><shininess><float sid="shininess">0.1</float></shininess><reflective><color sid="reflective">1 1 1 1</color></reflective><reflectivity><float sid="reflectivity">1</float></reflectivity><transparent><color>1 1 1 1</color></transparent><transparency><float sid="transparency">1</float></transparency><index_of_refraction><float sid="index_of_refraction">1</float></index_of_refraction></phong></technique></profile_COMMON></effect><effect id="__5-ks-dunkelgrau-effect"><profile_COMMON><technique sid="common"><phong><emission><color sid="emission">0 0 0 0</color></emission><ambient><color sid="ambient">0.214041140471588 0.214041140471588 0.214041140471588 1</color></ambient><diffuse><color sid="diffuse">0.214041140471588 0.214041140471588 0.214041140471588 1</color></diffuse><specular><color sid="specular">0.991136764316137 0.991136764316137 0.991136764316137 1</color></specular><shininess><float sid="shininess">0.1</float></shininess><reflective><color sid="reflective">1 1 1 1</color></reflective><reflectivity><float sid="reflectivity">0.20000000298023224</float></reflectivity><transparent><color>1 1 1 1</color></transparent><transparency><float sid="transparency">1</float></transparency><index_of_refraction><float sid="index_of_refraction">1</float></index_of_refraction></phong></technique></profile_COMMON></effect></library_effects><library_materials><material id="zincplated-material" name="zincplated"><instance_effect url="#zincplated-effect" /></material><material id="__5-ks-dunkelgrau-material" name="__5-ks-dunkelgrau"><instance_effect url="#__5-ks-dunkelgrau-effect" /></material></library_materials><library_geometries><geometry id="bau0128552346-1-mesh" name="bau0128552346-1"><mesh><source id="bau0128552346-1-mesh-positions"><float_array id="bau0128552346-1-mesh-positions-array" count="1122">23.1638588011265 -9.77114215493202 483.700007200241 22.834999486804 -9.41794924438 483.700007200241 23.2492126524448 -9.73578635603189 483.700007200241 11.6849998012185 -9.20000020414591 483.700007200241 21.8349993228912 -9.15000028908253 483.700007200241 21.7850003391504 -9.20000020414591 483.700007200241 9.73500031977892 -11.1499996855855 483.700007200241 9.5849996432662 -35.1999998092651 483.700007200241 9.5849996432662 -11.1499996855855 483.700007200241 11.0673615708947 -9.21814795583487 483.700007200241 10.7100000604987 -9.46125015616417 483.700007200241 10.584999807179 -9.41794924438 483.700007200241 22.3526377230883 -9.21814795583487 483.700007200241 22.7600000798702 -9.46125015616417 483.700007200241 22.2896970808506 -9.26644448190928 483.700007200241 10.1707866415381 -9.73578635603189 483.700007200241 9.99625027179718 -10.1749999448657 483.700007200241 9.85294952988625 -10.1500004529953 483.700007200241 23.5670506954193 -10.1500004529953 483.700007200241 23.6685555428267 -10.6453029438853 483.700007200241 23.4737489372492 -10.1749999448657 483.700007200241 11.5849999710917 -9.15000028908253 483.700007200241 11.1803030595183 -9.26644448190928 483.700007200241 10.3061413392425 -9.77114215493202 483.700007200241 9.80144459754229 -10.6453029438853 483.700007200241 9.65314824134111 -10.632362216711 483.700007200241 23.7668510526419 -10.632362216711 483.700007200241 23.73499982059 -11.1499996855855 483.700007200241 23.73499982059 -29.449999332428 483.700007200241 23.8349996507168 -11.1499996855855 483.700007200241 23.8349996507168 -29.449999332428 483.700007200241 9.73500031977892 -35.1999998092651 483.700007200241 23.73499982059 -29.449999332428 0 19.0350003540516 -29.449999332428 469.85000371933 19.0350003540516 -29.449999332428 0 23.73499982059 -29.449999332428 469.85000371933 19.0350003540516 -31.9500006735325 483.700007200241 19.0350003540516 -35.1999998092651 473.349988460541 19.0350003540516 -31.9500006735325 473.349988460541 19.0350003540516 -35.1999998092651 483.700007200241 19.0350003540516 -29.449999332428 0 19.0350003540516 -35.1999998092651 469.85000371933 19.0350003540516 -35.1999998092651 0 19.0350003540516 -29.449999332428 469.85000371933 9.73500031977892 -35.1999998092651 0 19.0350003540516 -35.1999998092651 469.85000371933 9.73500031977892 -35.1999998092651 479.999989271164 17.7739672362804 -35.1999998092651 479.999989271164 19.0350003540516 -35.1999998092651 483.700007200241 17.7739672362804 -35.1999998092651 483.700007200241 19.0350003540516 -35.1999998092651 473.349988460541 19.0350003540516 -35.1999998092651 0 12.4850003048778 -9.20000020414591 314.500004053116 11.6849998012185 -9.20000020414591 483.700007200241 12.4850003048778 -9.20000020414591 364.499986171722 13.2349999621511 -9.20000020414591 455.50000667572 13.2349999621511 -9.20000020414591 462.700009346008 21.7850003391504 -9.20000020414591 483.700007200241 20.1849993318319 -9.20000020414591 314.500004053116 20.1849993318319 -9.20000020414591 364.499986171722 12.4000003561378 -9.20000020414591 27.4999998509884 14.2000000923872 -9.20000020414591 27.4999998509884 21.7850003391504 -9.20000020414591 0 14.2000000923872 -9.20000020414591 0.500000023748726 11.6849998012185 -9.20000020414591 0 12.4000003561378 -9.20000020414591 0.500000023748726 20.2350001782179 -9.20000020414591 462.700009346008 20.2350001782179 -9.20000020414591 455.50000667572 23.73499982059 -29.449999332428 469.85000371933 23.73499982059 -11.1499996855855 483.700007200241 23.73499982059 -29.449999332428 483.700007200241 23.73499982059 -11.1499996855855 0 23.73499982059 -29.449999332428 0 9.73500031977892 -11.1499996855855 0 9.73500031977892 -35.1999998092651 479.999989271164 9.73500031977892 -11.1499996855855 483.700007200241 9.73500031977892 -35.1999998092651 0 9.73500031977892 -35.1999998092651 483.700007200241 9.73500031977892 -11.1499996855855 0 9.80144459754229 -10.6453029438853 483.700007200241 9.80144459754229 -10.6453029438853 0 9.99625027179718 -10.1749999448657 483.700007200241 9.99625027179718 -10.1749999448657 0 10.3061413392425 -9.77114215493202 483.700007200241 10.3061413392425 -9.77114215493202 0 10.7100000604987 -9.46125015616417 483.700007200241 10.7100000604987 -9.46125015616417 0 11.1803030595183 -9.26644448190928 483.700007200241 11.1803030595183 -9.26644448190928 0 11.6849998012185 -9.20000020414591 483.700007200241 11.6849998012185 -9.20000020414591 0 9.73500031977892 -11.1499996855855 483.700007200241 21.7850003391504 -9.20000020414591 0 22.2896970808506 -9.26644448190928 483.700007200241 22.2896970808506 -9.26644448190928 0 22.7600000798702 -9.46125015616417 483.700007200241 23.1638588011265 -9.77114215493202 483.700007200241 22.7600000798702 -9.46125015616417 0 23.1638588011265 -9.77114215493202 0 23.4737489372492 -10.1749999448657 483.700007200241 23.4737489372492 -10.1749999448657 0 23.6685555428267 -10.6453029438853 483.700007200241 23.6685555428267 -10.6453029438853 0 23.73499982059 -11.1499996855855 483.700007200241 23.73499982059 -11.1499996855855 0 21.7850003391504 -9.20000020414591 483.700007200241 18.9568717032671 -31.9500006735325 483.700007200241 19.0350003540516 -35.1999998092651 483.700007200241 19.0350003540516 -31.9500006735325 483.700007200241 17.7739672362804 -35.1999998092651 483.700007200241 9.73500031977892 -35.1999998092651 0 19.0350003540516 -29.449999332428 0 19.0350003540516 -35.1999998092651 0 23.73499982059 -11.1499996855855 0 23.73499982059 -29.449999332428 0 11.6849998012185 -9.20000020414591 0 21.7850003391504 -9.20000020414591 0 9.73500031977892 -11.1499996855855 0 11.1803030595183 -9.26644448190928 0 23.6685555428267 -10.6453029438853 0 10.7100000604987 -9.46125015616417 0 22.7600000798702 -9.46125015616417 0 23.1638588011265 -9.77114215493202 0 9.80144459754229 -10.6453029438853 0 10.3061413392425 -9.77114215493202 0 9.99625027179718 -10.1749999448657 0 22.2896970808506 -9.26644448190928 0 23.4737489372492 -10.1749999448657 0 14.2000000923872 -2.89999996311963 47.4999994039536 12.4000003561378 -3.1999999191612 27.4999998509884 14.2000000923872 -3.1999999191612 27.4999998509884 12.4000003561378 -2.89999996311963 47.4999994039536 12.4000003561378 -2.89999996311963 47.4999994039536 14.2000000923872 0.899999984540045 47.4999994039536 12.4000003561378 0.899999984540045 47.4999994039536 14.2000000923872 -2.89999996311963 47.4999994039536 14.2000000923872 0.899999984540045 47.4999994039536 12.4000003561378 0.899999984540045 0.500000023748726 12.4000003561378 0.899999984540045 47.4999994039536 14.2000000923872 0.899999984540045 0.500000023748726 12.4000003561378 0.899999984540045 0.500000023748726 14.2000000923872 -9.20000020414591 0.500000023748726 12.4000003561378 -9.20000020414591 0.500000023748726 14.2000000923872 0.899999984540045 0.500000023748726 12.4000003561378 -3.1999999191612 27.4999998509884 14.2000000923872 -9.20000020414591 27.4999998509884 14.2000000923872 -3.1999999191612 27.4999998509884 12.4000003561378 -9.20000020414591 27.4999998509884 14.2000000923872 -3.1999999191612 27.4999998509884 14.2000000923872 0.899999984540045 47.4999994039536 14.2000000923872 -2.89999996311963 47.4999994039536 14.2000000923872 0.899999984540045 0.500000023748726 14.2000000923872 -9.20000020414591 0.500000023748726 14.2000000923872 -9.20000020414591 27.4999998509884 12.4000003561378 -3.1999999191612 27.4999998509884 12.4000003561378 -9.20000020414591 0.500000023748726 12.4000003561378 -9.20000020414591 27.4999998509884 12.4000003561378 0.899999984540045 0.500000023748726 12.4000003561378 0.899999984540045 47.4999994039536 12.4000003561378 -2.89999996311963 47.4999994039536 12.4850003048778 -8.7500000372529 351.999998092651 20.1849993318319 -9.20000020414591 364.499986171722 20.1849993318319 -8.7500000372529 351.999998092651 12.4850003048778 -9.20000020414591 364.499986171722 20.1849993318319 -8.7500000372529 326.999992132187 12.4850003048778 -8.7500000372529 351.999998092651 20.1849993318319 -8.7500000372529 351.999998092651 12.4850003048778 -8.7500000372529 326.999992132187 12.4850003048778 -9.20000020414591 314.500004053116 20.1849993318319 -8.7500000372529 326.999992132187 20.1849993318319 -9.20000020414591 314.500004053116 12.4850003048778 -8.7500000372529 326.999992132187 20.1849993318319 -8.7500000372529 326.999992132187 20.1849993318319 -9.20000020414591 364.499986171722 20.1849993318319 -9.20000020414591 314.500004053116 20.1849993318319 -8.7500000372529 351.999998092651 12.4850003048778 -8.7500000372529 351.999998092651 12.4850003048778 -9.20000020414591 314.500004053116 12.4850003048778 -9.20000020414591 364.499986171722 12.4850003048778 -8.7500000372529 326.999992132187 9.73500031977892 -35.1999998092651 479.999989271164 9.5849996432662 -35.1999998092651 483.700007200241 9.73500031977892 -35.1999998092651 483.700007200241 9.5849996432662 -35.1999998092651 479.999989271164 23.73499982059 -29.449999332428 469.85000371933 23.8349996507168 -29.449999332428 483.700007200241 23.8349996507168 -29.449999332428 469.85000371933 23.73499982059 -29.449999332428 483.700007200241 23.7668510526419 -10.632362216711 485.000014305115 12.2349997982383 -14.3574513494968 485.000014305115 23.8349996507168 -11.1499996855855 485.000014305115 9.85294952988625 -10.1500004529953 485.000014305115 9.65314824134111 -10.632362216711 485.000014305115 11.0673615708947 -9.21814795583487 485.000014305115 11.5849999710917 -9.15000028908253 485.000014305115 9.5849996432662 -27.8320498764515 485.000014305115 12.2349997982383 -23.592846468091 485.000014305115 9.5849996432662 -23.592846468091 485.000014305115 22.3526377230883 -9.21814795583487 485.000014305115 21.8349993228912 -9.15000028908253 485.000014305115 9.5849996432662 -11.1499996855855 485.000014305115 9.5849996432662 -14.3574513494968 485.000014305115 23.8349996507168 -27.8320498764515 485.000014305115 23.2492126524448 -9.73578635603189 485.000014305115 22.834999486804 -9.41794924438 485.000014305115 10.584999807179 -9.41794924438 485.000014305115 10.1707866415381 -9.73578635603189 485.000014305115 23.5670506954193 -10.1500004529953 485.000014305115 10.298197157681 -42.8561083972454 486.000001430511 10.5501003563404 -42.8975112736225 479.999989271164 10.5501003563404 -42.8975112736225 486.000001430511 10.064983740449 -42.7522771060467 486.000001430511 10.298197157681 -42.8561083972454 479.999989271164 9.8656602203846 -42.592778801918 486.000001430511 10.064983740449 -42.7522771060467 479.999989271164 9.71321575343609 -42.3880107700825 486.000001430511 9.8656602203846 -42.592778801918 479.999989271164 9.61758475750685 -42.1513170003891 486.000001430511 9.71321575343609 -42.3880107700825 479.999989271164 9.5849996432662 -41.8981201946735 486.000001430511 9.61758475750685 -42.1513170003891 479.999989271164 9.5849996432662 -41.8981201946735 479.999989271164 9.5849996432662 -11.1499996855855 483.700007200241 9.5849996432662 -14.3574513494968 485.000014305115 9.5849996432662 -11.1499996855855 485.000014305115 9.5849996432662 -41.8981201946735 479.999989271164 9.5849996432662 -35.1999998092651 483.700007200241 9.5849996432662 -35.1999998092651 479.999989271164 9.5849996432662 -23.592846468091 485.000014305115 9.5849996432662 -14.3574513494968 486.000001430511 9.5849996432662 -23.592846468091 486.000001430511 9.5849996432662 -27.8320498764515 486.000001430511 9.5849996432662 -41.8981201946735 486.000001430511 9.5849996432662 -27.8320498764515 485.000014305115 9.5849996432662 -11.1499996855855 483.700007200241 9.65314824134111 -10.632362216711 485.000014305115 9.65314824134111 -10.632362216711 483.700007200241 9.85294952988625 -10.1500004529953 485.000014305115 9.85294952988625 -10.1500004529953 483.700007200241 9.5849996432662 -11.1499996855855 485.000014305115 10.1707866415381 -9.73578635603189 485.000014305115 10.1707866415381 -9.73578635603189 483.700007200241 10.584999807179 -9.41794924438 485.000014305115 10.584999807179 -9.41794924438 483.700007200241 11.0673615708947 -9.21814795583487 483.700007200241 11.5849999710917 -9.15000028908253 485.000014305115 11.5849999710917 -9.15000028908253 483.700007200241 11.0673615708947 -9.21814795583487 485.000014305115 11.5849999710917 -9.15000028908253 483.700007200241 21.8349993228912 -9.15000028908253 485.000014305115 21.8349993228912 -9.15000028908253 483.700007200241 11.5849999710917 -9.15000028908253 485.000014305115 23.2492126524448 -9.73578635603189 485.000014305115 22.834999486804 -9.41794924438 483.700007200241 22.834999486804 -9.41794924438 485.000014305115 23.5670506954193 -10.1500004529953 485.000014305115 23.2492126524448 -9.73578635603189 483.700007200241 23.7668510526419 -10.632362216711 485.000014305115 23.5670506954193 -10.1500004529953 483.700007200241 23.7668510526419 -10.632362216711 483.700007200241 23.8349996507168 -11.1499996855855 485.000014305115 23.8349996507168 -11.1499996855855 483.700007200241 22.3526377230883 -9.21814795583487 485.000014305115 21.8349993228912 -9.15000028908253 483.700007200241 21.8349993228912 -9.15000028908253 485.000014305115 22.3526377230883 -9.21814795583487 483.700007200241 23.8349996507168 -11.1499996855855 483.700007200241 23.8349996507168 -27.8320498764515 485.000014305115 23.8349996507168 -29.449999332428 483.700007200241 23.8349996507168 -31.9500006735325 473.349988460541 23.8349996507168 -31.9500006735325 486.000001430511 23.8349996507168 -29.449999332428 469.85000371933 23.8349996507168 -11.1499996855855 485.000014305115 23.8349996507168 -36.9499996304512 469.85000371933 23.8349996507168 -36.9499996304512 473.349988460541 23.8349996507168 -27.8320498764515 486.000001430511 19.0350003540516 -31.9500006735325 483.700007200241 18.9568717032671 -31.9500006735325 486.000001430511 18.9568717032671 -31.9500006735325 483.700007200241 23.8349996507168 -31.9500006735325 473.349988460541 19.0350003540516 -31.9500006735325 473.349988460541 23.8349996507168 -31.9500006735325 486.000001430511 18.9568717032671 -31.9500006735325 486.000001430511 17.7739672362804 -35.1999998092651 483.700007200241 18.9568717032671 -31.9500006735325 483.700007200241 14.9168018251657 -43.0499985814095 479.999989271164 14.9168018251657 -43.0499985814095 486.000001430511 17.7739672362804 -35.1999998092651 479.999989271164 10.5501003563404 -42.8975112736225 479.999989271164 14.9168018251657 -43.0499985814095 486.000001430511 10.5501003563404 -42.8975112736225 486.000001430511 14.9168018251657 -43.0499985814095 479.999989271164 9.5849996432662 -14.3574513494968 485.000014305115 12.2349997982383 -14.3574513494968 486.000001430511 12.2349997982383 -14.3574513494968 485.000014305115 9.5849996432662 -14.3574513494968 486.000001430511 12.2349997982383 -14.3574513494968 485.000014305115 12.2349997982383 -23.592846468091 486.000001430511 12.2349997982383 -23.592846468091 485.000014305115 12.2349997982383 -14.3574513494968 486.000001430511 12.2349997982383 -23.592846468091 485.000014305115 9.5849996432662 -23.592846468091 486.000001430511 9.5849996432662 -23.592846468091 485.000014305115 12.2349997982383 -23.592846468091 486.000001430511 12.2349997982383 -23.592846468091 486.000001430511 9.5849996432662 -14.3574513494968 486.000001430511 9.5849996432662 -23.592846468091 486.000001430511 12.2349997982383 -14.3574513494968 486.000001430511 23.8349996507168 -27.8320498764515 486.000001430511 9.5849996432662 -27.8320498764515 485.000014305115 9.5849996432662 -27.8320498764515 486.000001430511 23.8349996507168 -27.8320498764515 485.000014305115 10.5501003563404 -42.8975112736225 486.000001430511 10.064983740449 -42.7522771060467 486.000001430511 10.298197157681 -42.8561083972454 486.000001430511 9.5849996432662 -27.8320498764515 486.000001430511 14.9168018251657 -43.0499985814095 486.000001430511 18.9568717032671 -31.9500006735325 486.000001430511 23.8349996507168 -27.8320498764515 486.000001430511 23.8349996507168 -31.9500006735325 486.000001430511 9.71321575343609 -42.3880107700825 486.000001430511 9.61758475750685 -42.1513170003891 486.000001430511 9.8656602203846 -42.592778801918 486.000001430511 9.5849996432662 -41.8981201946735 486.000001430511 13.2349999621511 -7.19999987632036 455.50000667572 13.2349999621511 -9.20000020414591 462.700009346008 13.2349999621511 -7.19999987632036 462.700009346008 13.2349999621511 -9.20000020414591 455.50000667572 20.2350001782179 -7.19999987632036 455.50000667572 13.2349999621511 -9.20000020414591 455.50000667572 13.2349999621511 -7.19999987632036 455.50000667572 20.2350001782179 -9.20000020414591 455.50000667572 20.2350001782179 -9.20000020414591 455.50000667572 20.2350001782179 -7.19999987632036 462.700009346008 20.2350001782179 -9.20000020414591 462.700009346008 20.2350001782179 -7.19999987632036 455.50000667572 20.2350001782179 -7.19999987632036 462.700009346008 13.2349999621511 -9.20000020414591 462.700009346008 20.2350001782179 -9.20000020414591 462.700009346008 13.2349999621511 -7.19999987632036 462.700009346008 20.2350001782179 -7.19999987632036 462.700009346008 13.2349999621511 -7.19999987632036 455.50000667572 13.2349999621511 -7.19999987632036 462.700009346008 20.2350001782179 -7.19999987632036 455.50000667572 9.73500031977892 -35.1999998092651 479.999989271164 9.5849996432662 -41.8981201946735 479.999989271164 9.5849996432662 -35.1999998092651 479.999989271164 9.71321575343609 -42.3880107700825 479.999989271164 9.61758475750685 -42.1513170003891 479.999989271164 14.9168018251657 -43.0499985814095 479.999989271164 10.5501003563404 -42.8975112736225 479.999989271164 9.8656602203846 -42.592778801918 479.999989271164 17.7739672362804 -35.1999998092651 479.999989271164 10.064983740449 -42.7522771060467 479.999989271164 10.298197157681 -42.8561083972454 479.999989271164 19.0350003540516 -35.1999998092651 473.349988460541 19.0350003540516 -36.9499996304512 469.85000371933 19.0350003540516 -36.9499996304512 473.349988460541 19.0350003540516 -35.1999998092651 469.85000371933 23.8349996507168 -36.9499996304512 473.349988460541 19.0350003540516 -35.1999998092651 473.349988460541 19.0350003540516 -36.9499996304512 473.349988460541 23.8349996507168 -31.9500006735325 473.349988460541 19.0350003540516 -31.9500006735325 473.349988460541 19.0350003540516 -36.9499996304512 473.349988460541 23.8349996507168 -36.9499996304512 469.85000371933 23.8349996507168 -36.9499996304512 473.349988460541 19.0350003540516 -36.9499996304512 469.85000371933 19.0350003540516 -35.1999998092651 469.85000371933 23.73499982059 -29.449999332428 469.85000371933 23.8349996507168 -36.9499996304512 469.85000371933 19.0350003540516 -29.449999332428 469.85000371933 19.0350003540516 -36.9499996304512 469.85000371933 23.8349996507168 -29.449999332428 469.85000371933</float_array><technique_common><accessor count="374" source="#bau0128552346-1-mesh-positions-array" stride="3"><param name="X" type="float" /><param name="Y" type="float" /><param name="Z" type="float" /></accessor></technique_common></source><source id="bau0128552346-1-mesh-normals"><float_array id="bau0128552346-1-mesh-normals-array" count="1122">0 0 -1 0 0 -1 0 0 -1 0 0 -1 0 0 -1 0 0 -1 0 0 -1 0 0 -1 0 0 -1 0 0 -1 0 0 -1 0 0 -1 0 0 -1 0 0 -1 0 0 -1 0 0 -1 0 0 -1 0 0 -1 0 0 -1 0 0 -1 0 0 -1 0 0 -1 0 0 -1 0 0 -1 0 0 -1 0 0 -1 0 0 -1 0 0 -1 0 0 -1 0 0 -1 0 0 -1 0 0 -1 0 -1 0 0 -1 0 0 -1 0 0 -1 0 1 0 0 1 0 0 1 0 0 1 0 0 1 0 0 1 0 0 1 0 0 1 0 0 -7.46117600737101E-16 -1 0 -7.46117600737101E-16 -1 0 -7.46117600737101E-16 -1 0 -7.46117600737101E-16 -1 0 -7.46117600737101E-16 -1 0 -7.46117600737101E-16 -1 0 -7.46117600737101E-16 -1 0 -7.46117600737101E-16 -1 0 1.71754803008665E-16 1 0 1.71754803008665E-16 1 0 1.71754803008665E-16 1 0 1.71754803008665E-16 1 0 1.71754803008665E-16 1 0 1.71754803008665E-16 1 0 1.71754803008665E-16 1 0 1.71754803008665E-16 1 0 1.71754803008665E-16 1 0 1.71754803008665E-16 1 0 1.71754803008665E-16 1 0 1.71754803008665E-16 1 0 1.71754803008665E-16 1 0 1.71754803008665E-16 1 0 1.71754803008665E-16 1 0 1.71754803008665E-16 1 0 1 0 0 1 0 0 1 0 0 1 0 0 1 0 0 -1 1.44259742963876E-16 0 -1 1.44259742963876E-16 0 -1 1.44259742963876E-16 0 -1 1.44259742963876E-16 0 -1 1.44259742963876E-16 0 -1 0 0 -0.965925812721252 0.258819043636322 0 -0.965925812721252 0.258819043636322 0 -0.866025388240814 0.5 0 -0.866025388240814 0.5 0 -0.70710676908493 0.70710676908493 0 -0.70710676908493 0.70710676908493 0 -0.5 0.866025388240814 0 -0.5 0.866025388240814 0 -0.258819043636322 0.965925812721252 0 -0.258819043636322 0.965925812721252 0 0 1 0 0 1 0 -1 0 0 0 1 0 0.258819043636322 0.965925812721252 0 0.258819043636322 0.965925812721252 0 0.5 0.866025388240814 0 0.70710676908493 0.70710676908493 0 0.5 0.866025388240814 0 0.70710676908493 0.70710676908493 0 0.866025388240814 0.5 0 0.866025388240814 0.5 0 0.965925812721252 0.258819043636322 0 0.965925812721252 0.258819043636322 0 1 0 0 1 0 0 0 1 0 0 0 1 0 0 1 0 0 1 0 0 1 0 0 -1 0 0 -1 0 0 -1 0 0 -1 0 0 -1 0 0 -1 0 0 -1 0 0 -1 0 0 -1 0 0 -1 0 0 -1 0 0 -1 0 0 -1 0 0 -1 0 0 -1 0 0 -1 0 0 -1 0 0 -1 2.31990598140589E-16 -0.999887526035309 0.0149983130395412 2.31990598140589E-16 -0.999887526035309 0.0149983130395412 2.31990598140589E-16 -0.999887526035309 0.0149983130395412 2.31990598140589E-16 -0.999887526035309 0.0149983130395412 -6.12323426292584E-17 -2.79529412178152E-32 1 -6.12323426292584E-17 -2.79529412178152E-32 1 -6.12323426292584E-17 -2.79529412178152E-32 1 -6.12323426292584E-17 -2.79529412178152E-32 1 1.71754803008665E-16 1 0 1.71754803008665E-16 1 0 1.71754803008665E-16 1 0 1.71754803008665E-16 1 0 6.12323426292584E-17 -2.36162844210748E-16 -1 6.12323426292584E-17 -2.36162844210748E-16 -1 6.12323426292584E-17 -2.36162844210748E-16 -1 6.12323426292584E-17 -2.36162844210748E-16 -1 -6.12323426292584E-17 -2.79529412178152E-32 1 -6.12323426292584E-17 -2.79529412178152E-32 1 -6.12323426292584E-17 -2.79529412178152E-32 1 -6.12323426292584E-17 -2.79529412178152E-32 1 1 2.89120588152728E-16 -4.33680868994202E-18 1 2.89120588152728E-16 -4.33680868994202E-18 1 2.89120588152728E-16 -4.33680868994202E-18 1 2.89120588152728E-16 -4.33680868994202E-18 1 2.89120588152728E-16 -4.33680868994202E-18 1 2.89120588152728E-16 -4.33680868994202E-18 -1 -2.89120588152728E-16 4.33680868994202E-18 -1 -2.89120588152728E-16 4.33680868994202E-18 -1 -2.89120588152728E-16 4.33680868994202E-18 -1 -2.89120588152728E-16 4.33680868994202E-18 -1 -2.89120588152728E-16 4.33680868994202E-18 -1 -2.89120588152728E-16 4.33680868994202E-18 1.44166357581442E-16 0.999352633953094 0.0359766930341721 1.44166357581442E-16 0.999352633953094 0.0359766930341721 1.44166357581442E-16 0.999352633953094 0.0359766930341721 1.44166357581442E-16 0.999352633953094 0.0359766930341721 0 1 0 0 1 0 0 1 0 0 1 0 1.44166357581442E-16 0.999352633953094 -0.0359766930341721 1.44166357581442E-16 0.999352633953094 -0.0359766930341721 1.44166357581442E-16 0.999352633953094 -0.0359766930341721 1.44166357581442E-16 0.999352633953094 -0.0359766930341721 1 0 0 1 0 0 1 0 0 1 0 0 -1 0 0 -1 0 0 -1 0 0 -1 0 0 8.47346561203021E-16 1 0 8.47346561203021E-16 1 0 8.47346561203021E-16 1 0 8.47346561203021E-16 1 0 0 1 4.25852675198972E-15 0 1 4.25852675198972E-15 0 1 4.25852675198972E-15 0 1 4.25852675198972E-15 0 0 1 0 0 1 0 0 1 0 0 1 0 0 1 0 0 1 0 0 1 0 0 1 0 0 1 0 0 1 0 0 1 0 0 1 0 0 1 0 0 1 0 0 1 0 0 1 0 0 1 0 0 1 0 0 1 0 0 1 -0.286803245544434 -0.957989513874054 0 -0.0348994955420494 -0.999390840530396 0 -0.0348994955420494 -0.999390840530396 0 -0.520016133785248 -0.85415643453598 0 -0.286803245544434 -0.957989513874054 0 -0.719339787960052 -0.694658398628235 0 -0.520016133785248 -0.85415643453598 0 -0.871784389019012 -0.489889711141586 0 -0.719339787960052 -0.694658398628235 0 -0.9674152135849 -0.25319516658783 0 -0.871784389019012 -0.489889711141586 0 -1 0 0 -0.9674152135849 -0.25319516658783 0 -1 0 0 -1 1.12834436808938E-16 0 -1 1.12834436808938E-16 0 -1 1.12834436808938E-16 0 -1 1.12834436808938E-16 0 -1 1.12834436808938E-16 0 -1 1.12834436808938E-16 0 -1 1.12834436808938E-16 0 -1 1.12834436808938E-16 0 -1 1.12834436808938E-16 0 -1 1.12834436808938E-16 0 -1 1.12834436808938E-16 0 -1 1.12834436808938E-16 0 -1 0 0 -0.965925812721252 0.258819043636322 0 -0.965925812721252 0.258819043636322 0 -0.866025388240814 0.5 0 -0.866025388240814 0.5 0 -1 0 0 -0.70710676908493 0.70710676908493 0 -0.70710676908493 0.70710676908493 0 -0.5 0.866025388240814 0 -0.5 0.866025388240814 0 -0.258819043636322 0.965925812721252 0 0 1 0 0 1 0 -0.258819043636322 0.965925812721252 0 0 1 0 0 1 0 0 1 0 0 1 0 0.70710676908493 0.70710676908493 0 0.5 0.866025388240814 0 0.5 0.866025388240814 0 0.866025388240814 0.5 0 0.70710676908493 0.70710676908493 0 0.965925812721252 0.258819043636322 0 0.866025388240814 0.5 0 0.965925812721252 0.258819043636322 0 1 0 0 1 0 0 0.258819043636322 0.965925812721252 0 0 1 0 0 1 0 0.258819043636322 0.965925812721252 0 1 -1.66800335246608E-16 0 1 -1.66800335246608E-16 0 1 -1.66800335246608E-16 0 1 -1.66800335246608E-16 0 1 -1.66800335246608E-16 0 1 -1.66800335246608E-16 0 1 -1.66800335246608E-16 0 1 -1.66800335246608E-16 0 1 -1.66800335246608E-16 0 1 -1.66800335246608E-16 0 -7.46117600737101E-16 -1 0 -7.46117600737101E-16 -1 0 -7.46117600737101E-16 -1 0 -7.46117600737101E-16 -1 0 -7.46117600737101E-16 -1 0 -7.46117600737101E-16 -1 0 0.939692616462708 -0.342020153999329 0 0.939692616462708 -0.342020153999329 0 0.939692616462708 -0.342020153999329 0 0.939692616462708 -0.342020153999329 0 0.939692616462708 -0.342020153999329 0 0.939692616462708 -0.342020153999329 0 -0.0348994955420494 -0.999390840530396 0 -0.0348994955420494 -0.999390840530396 0 -0.0348994955420494 -0.999390840530396 0 -0.0348994955420494 -0.999390840530396 0 0 1 0 0 1 0 0 1 0 0 1 0 1 -1.8783425443952E-16 0 1 -1.8783425443952E-16 0 1 -1.8783425443952E-16 0 1 -1.8783425443952E-16 0 0 -1 0 0 -1 0 0 -1 0 0 -1 0 0 0 1 0 0 1 0 0 1 0 0 1 8.47346561203021E-16 1 0 8.47346561203021E-16 1 0 8.47346561203021E-16 1 0 8.47346561203021E-16 1 0 0 0 1 0 0 1 0 0 1 0 0 1 0 0 1 0 0 1 0 0 1 0 0 1 0 0 1 0 0 1 0 0 1 0 0 1 -1 0 -2.40933810225717E-16 -1 0 -2.40933810225717E-16 -1 0 -2.40933810225717E-16 -1 0 -2.40933810225717E-16 0 0 -1 0 0 -1 0 0 -1 0 0 -1 1 0 0 1 0 0 1 0 0 1 0 0 0 0 1 0 0 1 0 0 1 0 0 1 0 1 0 0 1 0 0 1 0 0 1 0 0 0 -1 0 0 -1 0 0 -1 0 0 -1 0 0 -1 0 0 -1 0 0 -1 0 0 -1 0 0 -1 0 0 -1 0 0 -1 -1 1.44259742963876E-16 0 -1 1.44259742963876E-16 0 -1 1.44259742963876E-16 0 -1 1.44259742963876E-16 0 0 0 1 0 0 1 0 0 1 0 0 1 0 0 1 0 -1 0 0 -1 0 0 -1 0 0 -1 0 0 0 -1 0 0 -1 0 0 -1 0 0 -1 0 0 -1 0 0 -1</float_array><technique_common><accessor count="374" source="#bau0128552346-1-mesh-normals-array" stride="3"><param name="X" type="float" /><param name="Y" type="float" /><param name="Z" type="float" /></accessor></technique_common></source><vertices id="bau0128552346-1-mesh-vertices"><input semantic="POSITION" source="#bau0128552346-1-mesh-positions" /></vertices><triangles count="142" material="zincplated-material"><input offset="0" semantic="VERTEX" source="#bau0128552346-1-mesh-vertices" /><input offset="1" semantic="NORMAL" source="#bau0128552346-1-mesh-normals" /><p>0 0 1 1 2 2 3 3 4 4 5 5 6 6 7 7 8 8 9 9 10 10 11 11 12 12 13 13 14 14 15 15 16 16 17 17 18 18 19 19 20 20 21 21 22 22 9 9 11 11 23 23 15 15 17 17 24 24 25 25 26 26 27 27 19 19 1 1 0 0 13 13 4 4 3 3 21 21 10 10 9 9 22 22 23 23 11 11 10 10 16 16 15 15 23 23 24 24 17 17 16 16 25 25 6 6 8 8 28 28 29 29 30 30 19 19 18 18 26 26 2 2 20 20 0 0 13 13 12 12 1 1 4 4 14 14 5 5 22 22 21 21 3 3 6 6 25 25 24 24 7 7 6 6 31 31 29 29 28 28 27 27 27 27 26 26 29 29 20 20 2 2 18 18 14 14 4 4 12 12 32 32 33 33 34 34 33 33 32 32 35 35 36 36 37 37 38 38 37 37 36 36 39 39 40 40 41 41 42 42 41 41 40 40 43 43 44 44 45 45 46 46 47 47 48 48 49 49 48 48 47 47 50 50 45 45 44 44 51 51 46 46 50 50 47 47 50 50 46 46 45 45 52 52 53 53 54 54 55 55 53 53 56 56 57 57 58 58 59 59 53 53 52 52 60 60 54 54 55 55 59 59 60 60 52 52 61 61 61 61 62 62 63 63 63 63 64 64 65 65 53 53 55 55 54 54 66 66 53 53 57 57 57 57 59 59 67 67 61 61 52 52 58 58 64 64 63 63 62 62 53 53 66 66 56 56 67 67 59 59 55 55 57 57 67 67 66 66 62 62 61 61 58 58 60 60 64 64 53 53 64 64 60 60 65 65 58 58 57 57 62 62 68 68 69 69 70 70 71 71 68 68 72 72 68 68 71 71 69 69 73 73 74 74 75 75 74 74 73 73 76 76 75 75 74 74 77 77 78 78 79 79 80 80 80 80 81 81 82 82 82 82 83 83 84 84 81 81 80 80 79 79 84 84 85 85 86 86 86 86 87 87 88 88 88 88 89 89 90 90 89 89 88 88 87 87 87 87 86 86 85 85 85 85 84 84 83 83 83 83 82 82 81 81 79 79 78 78 91 91 92 92 93 93 94 94 95 95 94 94 93 93 96 96 97 97 95 95 94 94 95 95 97 97 97 97 96 96 98 98 98 98 99 99 100 100 100 100 101 101 102 102 102 102 103 103 104 104 103 103 102 102 101 101 101 101 100 100 99 99 93 93 92 92 105 105 99 99 98 98 96 96 106 106 107 107 108 108 107 107 106 106 109 109 110 110 111 111 112 112 111 111 113 113 114 114 111 111 115 115 116 116 111 111 110 110 117 117 111 111 118 118 115 115 116 116 119 119 113 113 118 118 111 111 120 120 116 116 121 121 122 122 113 113 111 111 116 116 123 123 111 111 117 117 124 124 111 111 125 125 121 121 116 116 126 126 127 127 116 116 122 122 120 120 111 111 124 124 119 119 116 116 127 127 111 111 123 123 125 125 128 128 129 129 130 130 129 129 128 128 131 131 132 132 133 133 134 134 133 133 132 132 135 135 136 136 137 137 138 138 137 137 136 136 139 139 140 140 141 141 142 142 141 141 140 140 143 143 144 144 145 145 146 146 145 145 144 144 147 147 148 148 149 149 150 150 149 149 148 148 151 151 152 152 148 148 153 153 148 148 152 152 151 151 154 154 155 155 156 156 155 155 154 154 157 157 154 154 158 158 157 157 158 158 154 154 159 159 160 160 161 161 162 162 161 161 160 160 163 163 164 164 165 165 166 166 165 165 164 164 167 167 168 168 169 169 170 170 169 169 168 168 171 171 172 172 173 173 174 174 173 173 172 172 175 175 176 176 177 177 178 178 177 177 176 176 179 179 180 180 181 181 182 182 181 181 180 180 183 183 184 184 185 185 186 186 185 185 184 184 187 187</p></triangles><triangles count="134" material="__5-ks-dunkelgrau-material"><input offset="0" semantic="VERTEX" source="#bau0128552346-1-mesh-vertices" /><input offset="1" semantic="NORMAL" source="#bau0128552346-1-mesh-normals" /><p>188 188 189 189 190 190 189 189 191 191 192 192 193 193 189 189 194 194 195 195 196 196 197 197 189 189 198 198 199 199 189 189 200 200 201 201 196 196 195 195 202 202 194 194 189 189 199 199 190 190 196 196 202 202 189 189 192 192 200 200 196 196 190 190 189 189 189 189 203 203 204 204 189 189 205 205 206 206 189 189 188 188 207 207 203 203 189 189 207 207 205 205 189 189 193 193 191 191 189 189 206 206 198 198 189 189 204 204 208 208 209 209 210 210 211 211 212 212 208 208 213 213 214 214 211 211 215 215 216 216 213 213 217 217 218 218 215 215 219 219 220 220 217 217 220 220 219 219 221 221 218 218 217 217 220 220 216 216 215 215 218 218 214 214 213 213 216 216 212 212 211 211 214 214 209 209 208 208 212 212 222 222 223 223 224 224 225 225 226 226 227 227 226 226 228 228 222 222 229 229 228 228 230 230 231 231 226 226 232 232 226 226 225 225 232 232 228 228 229 229 223 223 223 223 222 222 228 228 226 226 231 231 233 233 228 228 226 226 233 233 234 234 235 235 236 236 236 236 237 237 238 238 235 235 234 234 239 239 238 238 240 240 241 241 241 241 242 242 243 243 244 244 245 245 246 246 245 245 244 244 247 247 247 247 243 243 242 242 242 242 241 241 240 240 240 240 238 238 237 237 237 237 236 236 235 235 243 243 247 247 244 244 248 248 249 249 250 250 249 249 248 248 251 251 252 252 253 253 254 254 255 255 256 256 252 252 257 257 258 258 255 255 259 259 260 260 261 261 260 260 259 259 257 257 262 262 263 263 264 264 254 254 265 265 262 262 258 258 257 257 259 259 256 256 255 255 258 258 253 253 252 252 256 256 265 265 254 254 253 253 263 263 262 262 265 265 266 266 267 267 268 268 269 269 268 268 270 270 268 268 269 269 271 271 267 267 266 266 272 272 267 267 270 270 268 268 273 273 269 269 274 274 270 270 267 267 275 275 269 269 273 273 271 271 276 276 277 277 278 278 279 279 276 276 280 280 277 277 276 276 281 281 276 276 279 279 281 281 282 282 283 283 284 284 285 285 283 283 286 286 283 283 285 285 287 287 283 283 282 282 286 286 288 288 289 289 290 290 289 289 288 288 291 291 292 292 293 293 294 294 293 293 292 292 295 295 296 296 297 297 298 298 297 297 296 296 299 299 300 300 301 301 302 302 301 301 300 300 303 303 304 304 305 305 306 306 305 305 304 304 307 307 308 308 309 309 310 310 309 309 308 308 311 311 312 312 313 313 314 314 315 315 316 316 317 317 318 318 317 317 319 319 317 317 318 318 315 315 320 320 312 312 321 321 313 313 312 312 322 322 321 321 312 312 323 323 312 312 320 320 322 322 316 316 315 315 312 312 323 323 312 312 315 315 324 324 325 325 326 326 325 325 324 324 327 327 328 328 329 329 330 330 329 329 328 328 331 331 332 332 333 333 334 334 333 333 332 332 335 335 336 336 337 337 338 338 337 337 336 336 339 339 340 340 341 341 342 342 341 341 340 340 343 343 344 344 345 345 346 346 345 345 347 347 348 348 344 344 349 349 350 350 344 344 351 351 347 347 349 349 344 344 352 352 344 344 353 353 351 351 344 344 354 354 353 353 354 354 344 344 350 350 345 345 344 344 347 347 355 355 356 356 357 357 356 356 355 355 358 358 359 359 360 360 361 361 360 360 362 362 363 363 362 362 360 360 359 359 364 364 365 365 366 366 365 365 364 364 367 367 368 368 369 369 370 370 369 369 368 368 371 371 368 368 370 370 372 372 370 370 369 369 373 373</p></triangles></mesh></geometry><geometry id="bau0128547867-1-mesh" name="bau0128547867-1"><mesh><source id="bau0128547867-1-mesh-positions"><float_array id="bau0128547867-1-mesh-positions-array" count="4692">-4.01026301311477E-15 -2.22738645970821 -2.22738645970821 0.899999984540045 -2.41304002702236 -2.02478095889091 0.899999984540045 -2.22738645970821 -2.22738645970821 -4.24752157385213E-15 -3.15000000409782 -2.64815367353245E-31 0.899999984540045 -2.96003185212612 -1.07736350037158 -4.14749351750823E-15 -2.9102205298841 -1.20545283425599 0.899999984540045 -3.15000000409782 5.5109105316104E-17 0.899999984540045 -2.9102205298841 -1.20545283425599 0.899999984540045 -1.57500000204891 -2.72798002697527 -3.85672174781267E-15 -1.20545283425599 -2.9102205298841 0.899999984540045 -0.546991766896099 -3.10214445926249 -3.7102458457127E-15 -5.43619531353458E-16 -3.15000000409782 0.899999984540045 -2.96003185212612 1.07736350037158 -4.29511878706935E-15 -2.9102205298841 1.20545283425599 0.899999984540045 -1.20545283425599 -2.9102205298841 0.899999984540045 0.546991766896099 -3.10214445926249 0.899999984540045 -5.42101086242752E-16 -3.15000000409782 -3.59313444176806E-15 1.20545283425599 -2.9102205298841 0.899999984540045 1.57500000204891 -2.72798002697527 0.899999984540045 1.20545283425599 -2.9102205298841 -3.5232165869017E-15 2.22738645970821 -2.22738645970821 0.899999984540045 2.41304002702236 -2.02478095889091 0.899999984540045 2.22738645970821 -2.22738645970821 -3.51113685482629E-15 2.9102205298841 -1.20545283425599 0.899999984540045 2.96003185212612 -1.07736350037158 0.899999984540045 2.9102205298841 -1.20545283425599 -3.55873406804351E-15 3.15000000409782 -3.85763743675077E-16 0.899999984540045 2.96003185212612 1.07736350037158 -3.6587621243874E-15 2.9102205298841 1.20545283425599 0.899999984540045 3.15000000409782 -3.30654644821321E-16 0.899999984540045 2.9102205298841 1.20545283425599 -3.79599262878087E-15 2.22738645970821 2.22738645970821 0.899999984540045 2.41304002702236 2.02478095889091 0.899999984540045 2.22738645970821 2.22738645970821 -3.94953389408296E-15 1.20545283425599 2.9102205298841 0.899999984540045 1.57500000204891 2.72798002697527 0.899999984540045 1.20545283425599 2.9102205298841 -4.09600979618293E-15 2.27907930147301E-16 3.15000000409782 0.899999984540045 0.546991766896099 3.10214445926249 0.899999984540045 1.65333461641769E-16 3.15000000409782 -4.21312120012758E-15 -1.20545283425599 2.9102205298841 0.899999984540045 -0.546991766896099 3.10214445926249 0.899999984540045 -1.20545283425599 2.9102205298841 -4.28303905499393E-15 -2.22738645970821 2.22738645970821 0.899999984540045 -1.57500000204891 2.72798002697527 0.899999984540045 -2.22738645970821 2.22738645970821 0.899999984540045 -2.41304002702236 2.02478095889091 0.899999984540045 -2.9102205298841 1.20545283425599 0.899999984540045 -2.96003185212612 10.0773638114333 -4.68120244284633E-15 -3.15000000409782 8.99999961256981 -4.72879965606355E-15 -2.9102205298841 10.2054532617331 0.899999984540045 -2.9102205298841 10.2054532617331 0.899999984540045 -2.41304002702236 11.0247805714607 -4.71671992398813E-15 -2.22738645970821 11.227386072278 0.899999984540045 -2.22738645970821 11.227386072278 0.899999984540045 -1.57500000204891 11.727980338037 -4.64680206912178E-15 -1.20545283425599 11.9102206081152 0.899999984540045 -1.20545283425599 11.9102206081152 0.899999984540045 -0.546991766896099 12.1021447703242 -4.52969066517713E-15 -5.12128403542046E-16 12.1499998494983 0.899999984540045 -5.74636994866607E-16 12.1499998494983 0.899999984540045 0.546991766896099 12.1021447703242 -4.38321476307716E-15 1.20545283425599 11.9102206081152 0.899999984540045 1.20545283425599 11.9102206081152 -4.22967349777507E-15 2.22738645970821 11.227386072278 0.899999984540045 1.57500000204891 11.727980338037 0.899999984540045 2.41304002702236 11.0247805714607 -4.0924429933816E-15 2.9102205298841 10.2054532617331 0.899999984540045 2.9102205298841 10.2054532617331 0.899999984540045 2.96003185212612 10.0773638114333 -3.99241493703771E-15 3.15000000409782 8.99999961256981 0.899999984540045 3.15000000409782 8.99999961256981 0.899999984540045 2.96003185212612 7.92263634502888 -3.94481772382049E-15 2.9102205298841 7.79454736039042 0.899999984540045 2.9102205298841 7.79454736039042 0.899999984540045 2.41304002702236 6.97521911934018 -3.95689745589591E-15 2.22738645970821 6.77261361852288 0.899999984540045 2.22738645970821 6.77261361852288 0.899999984540045 1.57500000204891 6.27201981842518 -4.02681531076226E-15 1.20545283425599 6.089779548347 0.899999984540045 1.20545283425599 6.089779548347 0.899999984540045 0.546991766896099 5.89785538613796 -4.1439267147069E-15 -1.2836558908922E-15 5.84999984130263 0.899999984540045 -1.30104260698261E-15 5.84999984130263 0.899999984540045 -0.546991766896099 5.89785538613796 -4.29040261680687E-15 -1.20545283425599 6.089779548347 0.899999984540045 -1.20545283425599 6.089779548347 0.899999984540045 -1.57500000204891 6.27201981842518 -4.44394388210897E-15 -2.22738645970821 6.77261361852288 0.899999984540045 -2.22738645970821 6.77261361852288 0.899999984540045 -2.41304002702236 6.97521911934018 -4.58117438650243E-15 -2.9102205298841 7.79454736039042 0.899999984540045 -2.9102205298841 7.79454736039042 0.899999984540045 -2.96003185212612 7.92263634502888 0.899999984540045 -3.15000000409782 8.99999961256981 0.899999984540045 2.22738645970821 11.227386072278 0.899999984540045 2.41304002702236 15.9752182662487 -4.81217946180889E-15 2.9102205298841 16.7945474386215 -4.82425919388431E-15 2.22738645970821 15.7726127654314 0.899999984540045 -2.96003185212612 19.0773643553257 -5.54856418083473E-15 -3.15000000409782 17.9999992251396 -5.59616139405195E-15 -2.9102205298841 19.2054528743029 0.899999984540045 -0.546991766896099 14.8978559300303 -5.15776435479528E-15 -1.20545283425599 15.0897791609168 0.899999984540045 -1.20545283425599 15.0897791609168 0.899999984540045 -3.15000000409782 17.9999992251396 0.899999984540045 -2.41304002702236 20.0247801840305 0.899999984540045 -2.9102205298841 19.2054528743029 -5.58408166197653E-15 -2.22738645970821 20.2273856848478 0.899999984540045 -1.57500000204891 20.7279808819294 0.899999984540045 -2.22738645970821 20.2273856848478 -5.51416380711018E-15 -1.20545283425599 20.910220220685 0.899999984540045 -0.546991766896099 21.1021453142166 0.899999984540045 -1.20545283425599 20.910220220685 -5.39705240316554E-15 -1.49611020019124E-15 21.1500003933907 0.899999984540045 0.546991766896099 21.1021453142166 0.899999984540045 -1.51788304147971E-15 21.1500003933907 -5.25057650106556E-15 1.20545283425599 20.910220220685 0.899999984540045 1.57500000204891 20.7279808819294 0.899999984540045 1.20545283425599 20.910220220685 -5.09703523576347E-15 2.22738645970821 20.2273856848478 0.899999984540045 2.41304002702236 20.0247801840305 0.899999984540045 2.22738645970821 20.2273856848478 -4.95980473137001E-15 2.9102205298841 19.2054528743029 0.899999984540045 2.96003185212612 19.0773643553257 0.899999984540045 2.9102205298841 19.2054528743029 -4.85977667502611E-15 3.15000000409782 17.9999992251396 0.899999984540045 2.96003185212612 16.9226359575987 0.899999984540045 3.15000000409782 17.9999992251396 0.899999984540045 2.9102205298841 16.7945474386215 0.899999984540045 1.57500000204891 15.2720203623176 0.899999984540045 2.22738645970821 15.7726127654314 -4.89417704875066E-15 1.20545283425599 15.0897791609168 0.899999984540045 0.546991766896099 14.8978559300303 0.899999984540045 1.20545283425599 15.0897791609168 -5.01128845269531E-15 -2.26763768754139E-15 14.8499999195337 0.899999984540045 -2.27682456221956E-15 14.8499999195337 0.899999984540045 -1.57500000204891 15.2720203623176 -5.31130562009737E-15 -2.22738645970821 15.7726127654314 0.899999984540045 -2.41304002702236 15.9752182662487 0.899999984540045 -2.22738645970821 15.7726127654314 -5.44853612449084E-15 -2.9102205298841 16.7945474386215 0.899999984540045 -2.96003185212612 16.9226359575987 0.899999984540045 -2.9102205298841 16.7945474386215 -3.0821719492994E-15 1.20545283425599 -11.0897794365883 0.899999984540045 1.57500000204891 -11.2720197066665 0.899999984540045 1.20545283425599 -11.0897794365883 -3.38015962906857E-15 -3.15000000409782 -14.0000004321337 0.899999984540045 -2.96003185212612 -12.9226362332702 0.899999984540045 -3.15000000409782 -14.0000004321337 -3.42775704908094E-15 -2.9102205298841 -12.7945467829704 0.899999984540045 -2.41304002702236 -11.9752194732428 0.899999984540045 -2.9102205298841 -12.7945467829704 -3.41567731700552E-15 -2.22738645970821 -11.7726139724255 0.899999984540045 -1.57500000204891 -11.2720197066665 0.899999984540045 -2.22738645970821 -11.7726139724255 -3.34575946213917E-15 -1.20545283425599 -11.0897794365883 0.899999984540045 -0.546991766896099 -10.8978552743793 0.899999984540045 -1.20545283425599 -11.0897794365883 -3.22864785139937E-15 2.00249176642757E-15 -10.8500001952052 0.899999984540045 0.546991766896099 -10.8978552743793 0.899999984540045 1.91902800185005E-15 -10.8500001952052 0.899999984540045 2.41304002702236 -16.0247813910246 -2.6558548489133E-15 2.22738645970821 -16.2273868918419 0.899999984540045 2.22738645970821 -16.2273868918419 -2.92863109758762E-15 2.22738645970821 -11.7726139724255 0.899999984540045 2.41304002702236 -11.9752194732428 0.899999984540045 2.22738645970821 -11.7726139724255 -2.79140059319415E-15 2.9102205298841 -12.7945467829704 0.899999984540045 2.96003185212612 -12.9226362332702 0.899999984540045 2.9102205298841 -12.7945467829704 -2.69137253685026E-15 3.15000000409782 -14.0000004321337 0.899999984540045 2.96003185212612 -15.0773636996746 0.899999984540045 3.15000000409782 -14.0000004321337 -2.64377511683788E-15 2.9102205298841 -15.2054531499743 0.899999984540045 2.9102205298841 -15.2054531499743 0.899999984540045 1.57500000204891 -16.7279802262783 -2.72577270377965E-15 1.20545283425599 -16.9102214276791 0.899999984540045 0.546991766896099 -17.1021446585655 0.899999984540045 1.20545283425599 -16.9102214276791 -2.84288431451945E-15 1.23096427907742E-15 -17.1499997377396 0.899999984540045 -0.546991766896099 -17.1021446585655 0.899999984540045 1.19262238973405E-15 -17.1499997377396 -2.98936021661942E-15 -1.20545283425599 -16.9102214276791 0.899999984540045 -1.57500000204891 -16.7279802262783 0.899999984540045 -1.20545283425599 -16.9102214276791 -3.14290106833121E-15 -2.22738645970821 -16.2273868918419 0.899999984540045 -2.41304002702236 -16.0247813910246 0.899999984540045 -2.22738645970821 -16.2273868918419 -3.28013157272467E-15 -2.9102205298841 -15.2054531499743 0.899999984540045 -2.96003185212612 -15.0773636996746 0.899999984540045 -2.9102205298841 -15.2054531499743 -2.94647876007437E-15 -3.15000000409782 -23.0000000447035 0.899999984540045 -2.96003185212612 -21.9226367771626 0.899999984540045 -3.15000000409782 -23.0000000447035 -2.35771972419995E-15 2.9102205298841 -21.7945463955402 0.899999984540045 2.41304002702236 -20.9752190858126 -2.49495022859341E-15 2.22738645970821 -20.7726135849953 0.899999984540045 2.9102205298841 -21.7945463955402 0.899999984540045 1.57500000204891 -20.2720202505589 -2.6484910803052E-15 1.20545283425599 -20.0897790491581 0.899999984540045 2.22738645970821 -20.7726135849953 0.899999984540045 0.546991766896099 -19.8978558182716 -2.79496698240517E-15 2.98647356307676E-15 -19.8500007390976 0.899999984540045 1.20545283425599 -20.0897790491581 0.899999984540045 -0.546991766896099 -19.8978558182716 0.899999984540045 2.64543361396605E-15 -19.8500007390976 -2.91207859314497E-15 -1.20545283425599 -20.0897790491581 0.899999984540045 -1.57500000204891 -20.2720202505589 0.899999984540045 -1.20545283425599 -20.0897790491581 -2.98199644801132E-15 -2.22738645970821 -20.7726135849953 0.899999984540045 -2.41304002702236 -20.9752190858126 0.899999984540045 -2.22738645970821 -20.7726135849953 -2.99407618008674E-15 -2.9102205298841 -21.7945463955402 0.899999984540045 -2.9102205298841 -21.7945463955402 -2.25769166785605E-15 3.15000000409782 -23.0000000447035 0.899999984540045 2.96003185212612 -21.9226367771626 0.899999984540045 2.96003185212612 -24.0773633122444 -2.21009424784368E-15 2.9102205298841 -24.2054536938667 0.899999984540045 2.9102205298841 -24.2054536938667 0.899999984540045 2.41304002702236 -25.0247810035944 -2.2221739799191E-15 2.22738645970821 -25.2273865044117 0.899999984540045 2.22738645970821 -25.2273865044117 0.899999984540045 1.57500000204891 -25.7279798388481 -2.29209183478545E-15 1.20545283425599 -25.9102210402489 0.899999984540045 1.20545283425599 -25.9102210402489 0.899999984540045 0.546991766896099 -26.1021442711353 -2.40920344552525E-15 2.21494607572661E-15 -26.1499993503094 0.899999984540045 1.73472347597681E-15 -26.1499993503094 0.899999984540045 -0.546991766896099 -26.1021442711353 -2.55567934762522E-15 -1.20545283425599 -25.9102210402489 0.899999984540045 -1.20545283425599 -25.9102210402489 0.899999984540045 -1.57500000204891 -25.7279798388481 -2.70922019933701E-15 -2.22738645970821 -25.2273865044117 0.899999984540045 -2.22738645970821 -25.2273865044117 0.899999984540045 -2.41304002702236 -25.0247810035944 -2.84645070373047E-15 -2.9102205298841 -24.2054536938667 0.899999984540045 -2.9102205298841 -24.2054536938667 0.899999984540045 -2.96003185212612 -24.0773633122444 0.899999984540045 3.15000000409782 -23.0000000447035 -1.68831760963682E-15 -1.20545283425599 -34.9102206528187 0.899999984540045 -0.546991766896099 -35.1021438837051 -1.54184160413927E-15 3.1989278723758E-15 -35.1499989628792 0.899999984540045 -1.57500000204891 -34.7279794514179 -1.8418584613486E-15 -2.22738645970821 -34.2273861169815 0.899999984540045 -2.22738645970821 -34.2273861169815 0.899999984540045 0.546991766896099 -35.1021438837051 0.899999984540045 3.25260651745651E-15 -35.1499989628792 0.899999984540045 -2.41304002702236 -34.0247824788094 -1.97908896574207E-15 -2.9102205298841 -33.2054533064365 0.899999984540045 -2.9102205298841 -33.2054533064365 0.899999984540045 -2.96003185212612 -33.0773629248142 -2.07911702208596E-15 -3.15000000409782 -32.0000015199184 0.899999984540045 -3.15000000409782 -32.0000015199184 0.899999984540045 -1.20545283425599 -34.9102206528187 -1.42473009679705E-15 1.20545283425599 -34.9102206528187 0.899999984540045 1.20545283425599 -34.9102206528187 -1.35481234532827E-15 2.22738645970821 -34.2273861169815 0.899999984540045 1.57500000204891 -34.7279794514179 0.899999984540045 2.22738645970821 -34.2273861169815 -1.34273250985528E-15 2.9102205298841 -33.2054533064365 0.899999984540045 2.41304002702236 -34.0247824788094 0.899999984540045 2.9102205298841 -33.2054533064365 -1.39032982647007E-15 3.15000000409782 -32.0000015199184 0.899999984540045 2.96003185212612 -33.0773629248142 0.899999984540045 3.15000000409782 -32.0000015199184 -1.49035798621154E-15 2.9102205298841 -30.7945478707552 0.899999984540045 2.96003185212612 -30.9226363897324 0.899999984540045 2.9102205298841 -30.7945478707552 -1.62758849060501E-15 2.22738645970821 -29.7726131975651 0.899999984540045 2.41304002702236 -29.9752186983824 0.899999984540045 2.22738645970821 -29.7726131975651 -1.7811293423168E-15 1.20545283425599 -29.0897786617279 0.899999984540045 1.57500000204891 -29.2720198631287 0.899999984540045 1.20545283425599 -29.0897786617279 -1.92760524441677E-15 3.97045535972596E-15 -28.8500003516674 0.899999984540045 0.546991766896099 -28.8978554308414 0.899999984540045 4.05489643819721E-15 -28.8500003516674 -2.04471685515657E-15 -1.20545283425599 -29.0897786617279 0.899999984540045 -0.546991766896099 -28.8978554308414 0.899999984540045 -1.20545283425599 -29.0897786617279 -2.11463471002292E-15 -2.22738645970821 -29.7726131975651 0.899999984540045 -1.57500000204891 -29.2720198631287 0.899999984540045 -2.22738645970821 -29.7726131975651 -2.12671444209834E-15 -2.9102205298841 -30.7945478707552 0.899999984540045 -2.41304002702236 -29.9752186983824 0.899999984540045 -2.9102205298841 -30.7945478707552 0.899999984540045 -2.96003185212612 -30.9226363897324 36.4999994635582 -53.7500008940697 32.9999998211861 36.4999994635582 -51.5000000596046 -36.2000018358231 36.4999994635582 -51.5000000596046 32.9999998211861 36.4999994635582 -53.7500008940697 -36.2000018358231 1.24999997206032 -50.0000007450581 -38.6499986052513 1.44030118826777 -50.9567074477673 -46.9999983906746 1.24999997206032 -50.0000007450581 -46.9999983906746 1.44030118826777 -50.9567074477673 -38.6499986052513 1.98223302140832 -51.7677664756775 -46.9999983906746 1.98223302140832 -51.7677664756775 -38.6499986052513 2.79329135082662 -52.3096993565559 -46.9999983906746 2.79329135082662 -52.3096993565559 -38.6499986052513 3.74999991618097 -52.4999983608723 -46.9999983906746 3.74999991618097 -52.4999983608723 -38.6499986052513 1.24999997206032 -7.55639839917421 -38.6499986052513 1.24999997206032 -50.0000007450581 -46.9999983906746 1.24999997206032 -7.55639839917421 -46.9999983906746 1.24999997206032 -50.0000007450581 -38.6499986052513 3.25000006705523 -5.87819935753942 -38.6499986052513 1.24999997206032 -7.55639839917421 -46.9999983906746 3.25000006705523 -5.87819935753942 -46.9999983906746 1.24999997206032 -7.55639839917421 -38.6499986052513 1.98223302140832 -51.7677664756775 -29.3499995023012 1.44030118826777 -50.9567074477673 -20.6499993801117 1.98223302140832 -51.7677664756775 -20.6499993801117 2.79329135082662 -52.3096993565559 -20.6499993801117 3.74999991618097 -52.4999983608723 -29.3499995023012 2.79329135082662 -52.3096993565559 -29.3499995023012 1.44030118826777 -50.9567074477673 -29.3499995023012 1.24999997206032 -50.0000007450581 -20.6499993801117 1.24999997206032 -50.0000007450581 -29.3499995023012 3.74999991618097 -52.4999983608723 -20.6499993801117 1.24999997206032 -50.0000007450581 -20.6499993801117 1.24999997206032 -7.55639839917421 -29.3499995023012 1.24999997206032 -7.55639839917421 -20.6499993801117 1.24999997206032 -50.0000007450581 -29.3499995023012 3.25000006705523 -5.87819935753942 -27.4999998509884 1.24999997206032 -7.55639839917421 -29.3499995023012 3.25000006705523 -5.87819935753942 -29.3499995023012 1.24999997206032 -7.55639839917421 -20.6499993801117 3.25000006705523 -5.87819935753942 -20.6499993801117 1.44030118826777 -50.9567074477673 -11.3500002771616 1.24999997206032 -50.0000007450581 -2.64999992214143 1.44030118826777 -50.9567074477673 -2.64999992214143 3.74999991618097 -52.4999983608723 -11.3500002771616 2.79329135082662 -52.3096993565559 -2.64999992214143 3.74999991618097 -52.4999983608723 -2.64999992214143 1.24999997206032 -50.0000007450581 -11.3500002771616 1.98223302140832 -51.7677664756775 -11.3500002771616 1.98223302140832 -51.7677664756775 -2.64999992214143 2.79329135082662 -52.3096993565559 -11.3500002771616 1.24999997206032 -50.0000007450581 -2.64999992214143 1.24999997206032 -7.55639839917421 -11.3500002771616 1.24999997206032 -7.55639839917421 -2.64999992214143 1.24999997206032 -50.0000007450581 -11.3500002771616 3.25000006705523 -5.87819935753942 -7.00000021606684 1.24999997206032 -7.55639839917421 -11.3500002771616 3.25000006705523 -5.87819935753942 -11.3500002771616 1.24999997206032 -7.55639839917421 -2.64999992214143 3.25000006705523 -5.87819935753942 -2.64999992214143 1.44030118826777 -50.9567074477673 15.3500000014901 1.98223302140832 -51.7677664756775 6.64999987930059 1.44030118826777 -50.9567074477673 6.64999987930059 2.79329135082662 -52.3096993565559 15.3500000014901 3.74999991618097 -52.4999983608723 6.64999987930059 2.79329135082662 -52.3096993565559 6.64999987930059 3.74999991618097 -52.4999983608723 15.3500000014901 1.98223302140832 -51.7677664756775 15.3500000014901 1.24999997206032 -50.0000007450581 15.3500000014901 1.24999997206032 -50.0000007450581 6.64999987930059 1.24999997206032 -50.0000007450581 15.3500000014901 1.24999997206032 -7.55639839917421 6.64999987930059 1.24999997206032 -7.55639839917421 15.3500000014901 1.24999997206032 -50.0000007450581 6.64999987930059 1.24999997206032 -7.55639839917421 6.64999987930059 3.25000006705523 -5.87819935753942 13.5000003501773 1.24999997206032 -7.55639839917421 15.3500000014901 3.25000006705523 -5.87819935753942 15.3500000014901 3.25000006705523 -5.87819935753942 6.64999987930059 24.8499996960163 -51.5000000596046 32.9999998211861 22.999107837677 -52.4999983608723 -46.9999983906746 22.999107837677 -52.4999983608723 32.9999998211861 24.8499996960163 -51.5000000596046 -46.9999983906746 3.74999991618097 -52.4999983608723 32.9999998211861 14.0000004321337 -52.4999983608723 24.6500000357628 3.74999991618097 -52.4999983608723 24.6500000357628 14.0000004321337 -52.4999983608723 -20.6499993801117 3.74999991618097 -52.4999983608723 -29.3499995023012 3.74999991618097 -52.4999983608723 -20.6499993801117 22.999107837677 -52.4999983608723 -46.9999983906746 14.0000004321337 -52.4999983608723 -11.3500002771616 22.999107837677 -52.4999983608723 32.9999998211861 14.0000004321337 -52.4999983608723 -38.6499986052513 3.74999991618097 -52.4999983608723 -46.9999983906746 3.74999991618097 -52.4999983608723 -38.6499986052513 14.0000004321337 -52.4999983608723 -29.3499995023012 14.0000004321337 -52.4999983608723 -2.64999992214143 3.74999991618097 -52.4999983608723 -11.3500002771616 3.74999991618097 -52.4999983608723 -2.64999992214143 14.0000004321337 -52.4999983608723 6.64999987930059 14.0000004321337 -52.4999983608723 15.3500000014901 3.74999991618097 -52.4999983608723 6.64999987930059 3.74999991618097 -52.4999983608723 15.3500000014901 2.79329135082662 -52.3096993565559 24.6500000357628 1.98223302140832 -51.7677664756775 32.9999998211861 2.79329135082662 -52.3096993565559 32.9999998211861 1.98223302140832 -51.7677664756775 24.6500000357628 1.44030118826777 -50.9567074477673 32.9999998211861 1.44030118826777 -50.9567074477673 24.6500000357628 1.24999997206032 -50.0000007450581 32.9999998211861 1.24999997206032 -50.0000007450581 24.6500000357628 3.74999991618097 -52.4999983608723 24.6500000357628 3.74999991618097 -52.4999983608723 32.9999998211861 1.24999997206032 -50.0000007450581 32.9999998211861 1.24999997206032 -7.55639839917421 24.6500000357628 1.24999997206032 -7.55639839917421 32.9999998211861 1.24999997206032 -50.0000007450581 24.6500000357628 1.24999997206032 -7.55639839917421 32.9999998211861 3.25000006705523 -5.87819935753942 27.6250001043081 3.25000006705523 -5.87819935753942 32.9999998211861 1.24999997206032 -7.55639839917421 24.6500000357628 3.25000006705523 -5.87819935753942 24.6500000357628 3.25000006705523 6.32180087268353 27.6250001043081 3.25000006705523 5.28590055182576 32.9999998211861 3.25000006705523 5.28590055182576 27.6250001043081 3.25000006705523 5.28590055182576 -7.00000021606684 3.25000006705523 6.32180087268353 -18.5000002384186 3.25000006705523 6.32180087268353 -7.00000021606684 3.25000006705523 5.28590055182576 -18.5000002384186 3.25000006705523 6.32180087268353 -27.4999998509884 3.25000006705523 5.28590055182576 -27.4999998509884 3.25000006705523 6.32180087268353 -46.9999983906746 3.25000006705523 -5.87819935753942 32.9999998211861 3.25000006705523 -2.125000115484 14.3193919211626 3.25000006705523 -5.87819935753942 13.5000003501773 3.25000006705523 -0.738004746381193 13.8145666569471 3.25000006705523 5.28590055182576 13.5000003501773 3.25000006705523 0.738004746381193 13.8145666569471 3.25000006705523 2.125000115484 14.3193919211626 3.25000006705523 3.25568881817162 15.2681525796652 3.25000006705523 4.250000230968 17.9999992251396 3.25000006705523 3.9936937391758 19.4535851478577 3.25000006705523 3.9936937391758 16.5464151650667 3.25000006705523 3.25568881817162 20.7318477332592 3.25000006705523 2.125000115484 21.6806083917618 3.25000006705523 0.738004746381193 22.1854336559772 3.25000006705523 -0.738004746381193 4.18543303385377 3.25000006705523 -36.6350002586842 4.4999998062849 3.25000006705523 -2.125000115484 3.68060800246894 3.25000006705523 -5.87819935753942 24.6500000357628 3.25000006705523 -2.125000115484 21.6806083917618 3.25000006705523 -5.87819935753942 27.6250001043081 3.25000006705523 2.125000115484 3.68060800246894 3.25000006705523 5.28590055182576 4.4999998062849 3.25000006705523 0.738004746381193 4.18543303385377 3.25000006705523 -0.738004746381193 -4.18543303385377 3.25000006705523 0.738004746381193 -4.18543303385377 3.25000006705523 6.32180087268353 13.5000003501773 3.25000006705523 -5.87819935753942 -2.64999992214143 3.25000006705523 -4.250000230968 1.23995490515526E-15 3.25000006705523 -5.87819935753942 -7.00000021606684 3.25000006705523 -2.125000115484 -3.68060800246894 3.25000006705523 -3.25568881817162 -2.73184734396636 3.25000006705523 2.125000115484 -3.68060800246894 3.25000006705523 3.25568881817162 -2.73184734396636 3.25000006705523 3.9936937391758 -1.45358557347208 3.25000006705523 6.32180087268353 4.4999998062849 3.25000006705523 3.9936937391758 1.45358557347208 3.25000006705523 3.25568881817162 2.73184734396636 3.25000006705523 -3.9936937391758 1.45358557347208 3.25000006705523 4.250000230968 -2.20884892743148E-15 3.25000006705523 -3.25568881817162 2.73184734396636 3.25000006705523 -5.87819935753942 -11.3500002771616 3.25000006705523 -36.6350002586842 -18.5000002384186 3.25000006705523 -3.9936937391758 -15.4535854235291 3.25000006705523 -3.25568881817162 -11.2681528553367 3.25000006705523 -3.25568881817162 -16.7318470776081 3.25000006705523 2.125000115484 -17.6806077361107 3.25000006705523 3.25568881817162 -16.7318470776081 3.25000006705523 -0.738004746381193 -9.81456693261862 3.25000006705523 -3.9936937391758 -12.5464145094156 3.25000006705523 -4.250000230968 -14.0000004321337 3.25000006705523 -2.125000115484 -17.6806077361107 3.25000006705523 -0.738004746381193 -18.1854330003262 3.25000006705523 0.738004746381193 -18.1854330003262 3.25000006705523 3.9936937391758 -15.4535854235291 3.25000006705523 -2.125000115484 -10.3193921968341 3.25000006705523 4.250000230968 -14.0000004321337 3.25000006705523 3.9936937391758 -12.5464145094156 3.25000006705523 3.25568881817162 -11.2681528553367 3.25000006705523 2.125000115484 -10.3193921968341 3.25000006705523 0.738004746381193 -9.81456693261862 3.25000006705523 6.32180087268353 32.9999998211861 3.25000006705523 -36.6350002586842 -2.64999992214143 3.25000006705523 -3.9936937391758 -1.45358557347208 3.25000006705523 4.250000230968 8.99999961256981 3.25000006705523 3.9936937391758 7.54641462117434 3.25000006705523 -0.738004746381193 13.1854331120849 3.25000006705523 0.738004746381193 13.1854331120849 3.25000006705523 -5.87819935753942 6.64999987930059 3.25000006705523 -2.125000115484 5.31939184293151 3.25000006705523 -3.25568881817162 6.26815250143409 3.25000006705523 2.125000115484 12.6806078478694 3.25000006705523 3.25568881817162 11.7318471893668 3.25000006705523 3.25568881817162 6.26815250143409 3.25000006705523 -0.738004746381193 4.81456704437733 3.25000006705523 -3.9936937391758 7.54641462117434 3.25000006705523 -4.250000230968 8.99999961256981 3.25000006705523 3.9936937391758 10.4535855352879 3.25000006705523 2.125000115484 5.31939184293151 3.25000006705523 0.738004746381193 4.81456704437733 3.25000006705523 -3.25568881817162 11.7318471893668 3.25000006705523 -2.125000115484 12.6806078478694 3.25000006705523 -3.9936937391758 10.4535855352879 3.25000006705523 -3.9936937391758 19.4535851478577 3.25000006705523 -3.25568881817162 20.7318477332592 3.25000006705523 -5.87819935753942 15.3500000014901 3.25000006705523 -3.9936937391758 16.5464151650667 3.25000006705523 -4.250000230968 17.9999992251396 3.25000006705523 -0.738004746381193 22.1854336559772 3.25000006705523 -36.6350002586842 15.3500000014901 3.25000006705523 -36.6350002586842 24.6500000357628 3.25000006705523 -3.25568881817162 15.2681525796652 3.25000006705523 5.28590055182576 -46.9999983906746 3.25000006705523 -36.6350002586842 6.64999987930059 3.25000006705523 -36.6350002586842 -11.3500002771616 3.25000006705523 -5.87819935753942 -20.6499993801117 3.25000006705523 -2.125000115484 -19.3193927407265 3.25000006705523 -0.738004746381193 -18.814567476511 3.25000006705523 -5.87819935753942 -38.6499986052513 3.25000006705523 -5.87819935753942 -46.9999983906746 3.25000006705523 3.9936937391758 -30.5464137345552 3.25000006705523 4.250000230968 -32.0000015199184 3.25000006705523 -0.738004746381193 -27.8145670890808 3.25000006705523 0.738004746381193 -27.8145670890808 3.25000006705523 -36.6350002586842 -38.6499986052513 3.25000006705523 -5.87819935753942 -29.3499995023012 3.25000006705523 -36.6350002586842 -29.3499995023012 3.25000006705523 -4.250000230968 -32.0000015199184 3.25000006705523 -3.9936937391758 -33.4535874426365 3.25000006705523 2.125000115484 -28.3193923532963 3.25000006705523 3.25568881817162 -29.2681530117989 3.25000006705523 -2.125000115484 -35.6806069612503 3.25000006705523 -3.25568881817162 -34.7318463027477 3.25000006705523 3.9936937391758 -33.4535874426365 3.25000006705523 -3.25568881817162 -29.2681530117989 3.25000006705523 -3.9936937391758 -30.5464137345552 3.25000006705523 0.738004746381193 -36.1854322254658 3.25000006705523 -0.738004746381193 -36.1854322254658 3.25000006705523 3.25568881817162 -34.7318463027477 3.25000006705523 -2.125000115484 -28.3193923532963 3.25000006705523 -5.87819935753942 -27.4999998509884 3.25000006705523 2.125000115484 -35.6806069612503 3.25000006705523 4.250000230968 -23.0000000447035 3.25000006705523 0.738004746381193 -18.814567476511 3.25000006705523 3.25568881817162 -25.7318466901779 3.25000006705523 2.125000115484 -26.6806073486805 3.25000006705523 2.125000115484 -19.3193927407265 3.25000006705523 3.25568881817162 -20.268153399229 3.25000006705523 3.9936937391758 -24.4535859674215 3.25000006705523 -3.25568881817162 -20.268153399229 3.25000006705523 -36.6350002586842 -20.6499993801117 3.25000006705523 3.9936937391758 -21.5464141219854 3.25000006705523 -4.250000230968 -23.0000000447035 3.25000006705523 -3.9936937391758 -21.5464141219854 3.25000006705523 -0.738004746381193 -27.185432612896 3.25000006705523 0.738004746381193 -27.185432612896 3.25000006705523 -2.125000115484 -26.6806073486805 3.25000006705523 -3.25568881817162 -25.7318466901779 3.25000006705523 -3.9936937391758 -24.4535859674215 3.25000006705523 6.32180087268353 27.6250001043081 1.24999997206032 8.00000037997961 32.9999998211861 3.25000006705523 6.32180087268353 32.9999998211861 3.25000006705523 6.32180087268353 13.5000003501773 3.25000006705523 6.32180087268353 4.4999998062849 3.25000006705523 6.32180087268353 -7.00000021606684 1.24999997206032 8.00000037997961 -46.9999983906746 3.25000006705523 6.32180087268353 -18.5000002384186 3.25000006705523 6.32180087268353 -27.4999998509884 3.25000006705523 6.32180087268353 -46.9999983906746 1.24999997206032 9.99999977648258 -46.9999983906746 1.24999997206032 8.00000037997961 32.9999998211861 1.24999997206032 8.00000037997961 -46.9999983906746 1.24999997206032 9.99999977648258 32.9999998211861 0 9.99999977648258 -27.4999998509884 1.24999997206032 9.99999977648258 -46.9999983906746 0 9.99999977648258 -46.9999983906746 0 9.99999977648258 -18.5000002384186 0 9.99999977648258 -7.00000021606684 1.24999997206032 9.99999977648258 32.9999998211861 0 9.99999977648258 4.4999998062849 0 9.99999977648258 13.5000003501773 0 9.99999977648258 27.0750001072884 0 9.99999977648258 32.9999998211861 -4.81217946180889E-15 2.9102205298841 16.7945474386215 0 6.57500000670552 13.5000003501773 -4.82425919388431E-15 2.22738645970821 15.7726127654314 3.46944695195361E-15 -50.0000007450581 13.5000003501773 -5.44853612449084E-15 -2.9102205298841 16.7945474386215 -5.31130562009737E-15 -2.22738645970821 15.7726127654314 0 6.57500000670552 27.0750001072884 -5.51416380711018E-15 -1.20545283425599 20.910220220685 3.46944695195361E-15 -50.0000007450581 27.0750001072884 -4.85977667502611E-15 3.15000000409782 17.9999992251396 -5.58408166197653E-15 -2.22738645970821 20.2273856848478 -5.59616139405195E-15 -2.9102205298841 19.2054528743029 -4.89417704875066E-15 1.20545283425599 15.0897791609168 -3.99241493703771E-15 3.15000000409782 8.99999961256981 0 6.57500000670552 4.4999998062849 -3.94481772382049E-15 2.9102205298841 7.79454736039042 -3.95689745589591E-15 2.22738645970821 6.77261361852288 -4.02681531076226E-15 1.20545283425599 6.089779548347 -4.0924429933816E-15 2.9102205298841 10.2054532617331 -4.1439267147069E-15 -1.2836558908922E-15 5.84999984130263 3.46944695195361E-15 -50.0000007450581 4.4999998062849 -4.29040261680687E-15 -1.20545283425599 6.089779548347 -4.68120244284633E-15 -3.15000000409782 8.99999961256981 -5.15776435479528E-15 -1.20545283425599 15.0897791609168 0 6.57500000670552 32.9999998211861 0 9.99999977648258 27.0750001072884 0 9.99999977648258 13.5000003501773 0 9.99999977648258 4.4999998062849 0 9.99999977648258 -7.00000021606684 0 6.57500000670552 -7.00000021606684 0 9.99999977648258 -18.5000002384186 0 6.57500000670552 -18.5000002384186 0 9.99999977648258 -27.4999998509884 0 6.57500000670552 -27.4999998509884 0 9.99999977648258 -46.9999983906746 0 6.57500000670552 -46.9999983906746 3.46944695195361E-15 -50.0000007450581 32.9999998211861 -5.25057650106556E-15 1.20545283425599 20.910220220685 -5.39705240316554E-15 -1.49611020019124E-15 21.1500003933907 -4.38321476307716E-15 1.20545283425599 11.9102206081152 -4.52969066517713E-15 -5.12128403542046E-16 12.1499998494983 -3.94953389408296E-15 1.20545283425599 2.9102205298841 -4.09600979618293E-15 2.27907930147301E-16 3.15000000409782 -3.0821719492994E-15 1.20545283425599 -11.0897794365883 -3.22864785139937E-15 2.00249176642757E-15 -10.8500001952052 -2.6484910803052E-15 1.20545283425599 -20.0897790491581 -2.79496698240517E-15 2.98647356307676E-15 -19.8500007390976 -1.7811293423168E-15 1.20545283425599 -29.0897786617279 -1.92760524441677E-15 3.97045535972596E-15 -28.8500003516674 -1.39032982647007E-15 3.15000000409782 -32.0000015199184 -1.49035798621154E-15 2.9102205298841 -30.7945478707552 3.46944695195361E-15 -50.0000007450581 -46.9999983906746 -2.07911702208596E-15 -3.15000000409782 -32.0000015199184 -1.97908896574207E-15 -2.9102205298841 -33.2054533064365 -1.62758849060501E-15 2.22738645970821 -29.7726131975651 3.46944695195361E-15 -50.0000007450581 -27.4999998509884 -2.04471685515657E-15 -1.20545283425599 -29.0897786617279 -2.11463471002292E-15 -2.22738645970821 -29.7726131975651 -1.35481234532827E-15 2.22738645970821 -34.2273861169815 -1.34273250985528E-15 2.9102205298841 -33.2054533064365 -2.12671444209834E-15 -2.9102205298841 -30.7945478707552 -1.68831760963682E-15 -1.20545283425599 -34.9102206528187 -1.54184160413927E-15 3.1989278723758E-15 -35.1499989628792 -1.8418584613486E-15 -2.22738645970821 -34.2273861169815 -1.42473009679705E-15 1.20545283425599 -34.9102206528187 -2.25769166785605E-15 3.15000000409782 -23.0000000447035 -2.35771972419995E-15 2.9102205298841 -21.7945463955402 -2.2221739799191E-15 2.22738645970821 -25.2273865044117 -2.21009424784368E-15 2.9102205298841 -24.2054536938667 -2.49495022859341E-15 2.22738645970821 -20.7726135849953 3.46944695195361E-15 -50.0000007450581 -18.5000002384186 -2.99407618008674E-15 -2.9102205298841 -21.7945463955402 -2.94647876007437E-15 -3.15000000409782 -23.0000000447035 -2.91207859314497E-15 -1.20545283425599 -20.0897790491581 -2.98199644801132E-15 -2.22738645970821 -20.7726135849953 -2.40920344552525E-15 2.21494607572661E-15 -26.1499993503094 -2.84645070373047E-15 -2.9102205298841 -24.2054536938667 -2.29209183478545E-15 1.20545283425599 -25.9102210402489 -2.70922019933701E-15 -2.22738645970821 -25.2273865044117 -2.55567934762522E-15 -1.20545283425599 -25.9102210402489 -2.84288431451945E-15 1.23096427907742E-15 -17.1499997377396 -2.72577270377965E-15 1.20545283425599 -16.9102214276791 -3.28013157272467E-15 -2.9102205298841 -15.2054531499743 -3.14290106833121E-15 -2.22738645970821 -16.2273868918419 -2.6558548489133E-15 2.22738645970821 -16.2273868918419 -2.64377511683788E-15 2.9102205298841 -15.2054531499743 3.46944695195361E-15 -50.0000007450581 -7.00000021606684 -3.38015962906857E-15 -3.15000000409782 -14.0000004321337 -2.98936021661942E-15 -1.20545283425599 -16.9102214276791 -2.69137253685026E-15 3.15000000409782 -14.0000004321337 -2.79140059319415E-15 2.9102205298841 -12.7945467829704 -3.34575946213917E-15 -1.20545283425599 -11.0897794365883 -2.92863109758762E-15 2.22738645970821 -11.7726139724255 -3.41567731700552E-15 -2.22738645970821 -11.7726139724255 -3.42775704908094E-15 -2.9102205298841 -12.7945467829704 -4.14749351750823E-15 -2.9102205298841 -1.20545283425599 -4.01026301311477E-15 -2.22738645970821 -2.22738645970821 -4.21312120012758E-15 -1.20545283425599 2.9102205298841 -4.28303905499393E-15 -2.22738645970821 2.22738645970821 -3.59313444176806E-15 1.20545283425599 -2.9102205298841 -3.5232165869017E-15 2.22738645970821 -2.22738645970821 -4.29511878706935E-15 -2.9102205298841 1.20545283425599 -4.24752157385213E-15 -3.15000000409782 -2.64815367353245E-31 -3.85672174781267E-15 -1.20545283425599 -2.9102205298841 -3.7102458457127E-15 -5.43619531353458E-16 -3.15000000409782 -3.6587621243874E-15 2.9102205298841 1.20545283425599 -3.79599262878087E-15 2.22738645970821 2.22738645970821 -3.55873406804351E-15 3.15000000409782 -3.85763743675077E-16 -3.51113685482629E-15 2.9102205298841 -1.20545283425599 -4.58117438650243E-15 -2.9102205298841 7.79454736039042 -4.64680206912178E-15 -1.20545283425599 11.9102206081152 -4.71671992398813E-15 -2.22738645970821 11.227386072278 -4.22967349777507E-15 2.22738645970821 11.227386072278 -4.72879965606355E-15 -2.9102205298841 10.2054532617331 -4.44394388210897E-15 -2.22738645970821 6.77261361852288 0 9.99999977648258 32.9999998211861 -5.01128845269531E-15 -2.26763768754139E-15 14.8499999195337 -5.54856418083473E-15 -3.15000000409782 17.9999992251396 -5.09703523576347E-15 2.22738645970821 20.2273856848478 -4.95980473137001E-15 2.9102205298841 19.2054528743029 3.46944695195361E-15 -50.0000007450581 -27.4999998509884 0.183538068085909 -51.1588118970394 -46.9999983906746 3.46944695195361E-15 -50.0000007450581 -18.5000002384186 3.46944695195361E-15 -50.0000007450581 -7.00000021606684 0.183538068085909 -51.1588118970394 32.9999998211861 3.46944695195361E-15 -50.0000007450581 4.4999998062849 3.46944695195361E-15 -50.0000007450581 13.5000003501773 3.46944695195361E-15 -50.0000007450581 27.0750001072884 3.46944695195361E-15 -50.0000007450581 32.9999998211861 0.71618624497205 -52.2041954100132 -46.9999983906746 1.54580525122583 -53.0338138341904 -46.9999983906746 0.71618624497205 -52.2041954100132 32.9999998211861 2.59118620306253 -53.5664632916451 -46.9999983906746 1.54580525122583 -53.0338138341904 32.9999998211861 3.74999991618097 -53.7500008940697 -46.9999983906746 2.59118620306253 -53.5664632916451 32.9999998211861 3.74999991618097 -53.7500008940697 32.9999998211861 3.46944695195361E-15 -50.0000007450581 -46.9999983906746 29.8208855092525 -53.7500008940697 -40.5437014997005 3.74999991618097 -53.7500008940697 -46.9999983906746 36.4999994635582 -53.7500008940697 -46.9999983906746 27.5083612650633 -53.7500008940697 -37.4575667083263 3.74999991618097 -53.7500008940697 32.9999998211861 28.7796761840582 -53.7500008940697 -40.239043533802 31.8062379956245 -53.7500008940697 -39.7999994456768 30.8945141732693 -53.7500008940697 -40.3879582881927 29.8208855092525 -53.7500008940697 -35.4562997817993 28.7796761840582 -53.7500008940697 -35.7609577476978 27.9593411833048 -53.7500008940697 -36.4708788692951 31.8062379956245 -53.7500008940697 -36.2000018358231 36.4999994635582 -53.7500008940697 32.9999998211861 30.8945141732693 -53.7500008940697 -35.6120429933071 27.5083612650633 -53.7500008940697 -38.5424345731735 27.9593411833048 -53.7500008940697 -39.5291224122047 36.4999994635582 -53.7500008940697 -36.2000018358231 36.4999994635582 -53.7500008940697 -39.7999994456768 36.4999994635582 -51.5000000596046 -39.7999994456768 36.4999994635582 -53.7500008940697 -46.9999983906746 36.4999994635582 -51.5000000596046 -46.9999983906746 36.4999994635582 -53.7500008940697 -39.7999994456768 36.4999994635582 -51.5000000596046 -46.9999983906746 29.8208855092525 -51.5000000596046 -40.5437014997005 30.8945141732693 -51.5000000596046 -40.3879582881927 24.8499996960163 -51.5000000596046 -46.9999983906746 28.7796761840582 -51.5000000596046 -40.239043533802 27.9593411833048 -51.5000000596046 -39.5291224122047 27.5083612650633 -51.5000000596046 -37.4575667083263 24.8499996960163 -51.5000000596046 32.9999998211861 27.9593411833048 -51.5000000596046 -36.4708788692951 28.7796761840582 -51.5000000596046 -35.7609577476978 29.8208855092525 -51.5000000596046 -35.4562997817993 36.4999994635582 -51.5000000596046 32.9999998211861 30.8945141732693 -51.5000000596046 -35.6120429933071 27.5083612650633 -51.5000000596046 -38.5424345731735 31.8062379956245 -51.5000000596046 -36.2000018358231 36.4999994635582 -51.5000000596046 -36.2000018358231 31.8062379956245 -51.5000000596046 -39.7999994456768 36.4999994635582 -51.5000000596046 -39.7999994456768 2.79329135082662 -52.3096993565559 -46.9999983906746 1.54580525122583 -53.0338138341904 -46.9999983906746 1.98223302140832 -51.7677664756775 -46.9999983906746 2.59118620306253 -53.5664632916451 -46.9999983906746 1.44030118826777 -50.9567074477673 -46.9999983906746 0.71618624497205 -52.2041954100132 -46.9999983906746 0.183538068085909 -51.1588118970394 -46.9999983906746 1.24999997206032 -50.0000007450581 -46.9999983906746 3.46944695195361E-15 -50.0000007450581 -46.9999983906746 1.24999997206032 -7.55639839917421 -46.9999983906746 0 6.57500000670552 -46.9999983906746 22.999107837677 -52.4999983608723 -46.9999983906746 3.74999991618097 -53.7500008940697 -46.9999983906746 3.74999991618097 -52.4999983608723 -46.9999983906746 24.8499996960163 -51.5000000596046 -46.9999983906746 36.4999994635582 -53.7500008940697 -46.9999983906746 3.25000006705523 -5.87819935753942 -46.9999983906746 3.25000006705523 5.28590055182576 -46.9999983906746 3.25000006705523 6.32180087268353 -46.9999983906746 1.24999997206032 8.00000037997961 -46.9999983906746 0 9.99999977648258 -46.9999983906746 1.24999997206032 9.99999977648258 -46.9999983906746 36.4999994635582 -51.5000000596046 -46.9999983906746 2.79329135082662 -52.3096993565559 32.9999998211861 1.54580525122583 -53.0338138341904 32.9999998211861 2.59118620306253 -53.5664632916451 32.9999998211861 1.24999997206032 -7.55639839917421 32.9999998211861 3.46944695195361E-15 -50.0000007450581 32.9999998211861 1.24999997206032 -50.0000007450581 32.9999998211861 0.183538068085909 -51.1588118970394 32.9999998211861 1.44030118826777 -50.9567074477673 32.9999998211861 0.71618624497205 -52.2041954100132 32.9999998211861 1.98223302140832 -51.7677664756775 32.9999998211861 3.74999991618097 -52.4999983608723 32.9999998211861 3.74999991618097 -53.7500008940697 32.9999998211861 22.999107837677 -52.4999983608723 32.9999998211861 36.4999994635582 -53.7500008940697 32.9999998211861 3.25000006705523 6.32180087268353 32.9999998211861 0 6.57500000670552 32.9999998211861 3.25000006705523 5.28590055182576 32.9999998211861 3.25000006705523 -5.87819935753942 32.9999998211861 1.24999997206032 8.00000037997961 32.9999998211861 0 9.99999977648258 32.9999998211861 24.8499996960163 -51.5000000596046 32.9999998211861 36.4999994635582 -51.5000000596046 32.9999998211861 1.24999997206032 9.99999977648258 32.9999998211861 3.94999980926514 -43.1150011718273 24.6500000357628 3.25000006705523 -36.6350002586842 15.3500000014901 3.25000006705523 -36.6350002586842 24.6500000357628 3.94999980926514 -43.1150011718273 15.3500000014901 3.94999980926514 -43.1150011718273 24.6500000357628 4.41520661115646 -45.1942086219788 15.3500000014901 3.94999980926514 -43.1150011718273 15.3500000014901 4.41520661115646 -45.1942086219788 24.6500000357628 5.28388051316142 -47.1396967768669 15.3500000014901 5.28388051316142 -47.1396967768669 24.6500000357628 6.52145035564899 -48.8740392029285 15.3500000014901 6.52145035564899 -48.8740392029285 24.6500000357628 8.07866174727678 -50.3282137215137 15.3500000014901 8.07866174727678 -50.3282137215137 24.6500000357628 9.89354029297829 -51.4443404972553 15.3500000014901 9.89354029297829 -51.4443404972553 24.6500000357628 11.8938563391566 -52.1780028939247 15.3500000014901 14.0000004321337 -52.4999983608723 15.3500000014901 11.8938563391566 -52.1780028939247 24.6500000357628 14.0000004321337 -52.4999983608723 24.6500000357628 3.94999980926514 -43.1150011718273 24.6500000357628 1.24999997206032 -50.0000007450581 24.6500000357628 4.41520661115646 -45.1942086219788 24.6500000357628 3.74999991618097 -52.4999983608723 24.6500000357628 11.8938563391566 -52.1780028939247 24.6500000357628 9.89354029297829 -51.4443404972553 24.6500000357628 1.44030118826777 -50.9567074477673 24.6500000357628 5.28388051316142 -47.1396967768669 24.6500000357628 14.0000004321337 -52.4999983608723 24.6500000357628 8.07866174727678 -50.3282137215137 24.6500000357628 2.79329135082662 -52.3096993565559 24.6500000357628 6.52145035564899 -48.8740392029285 24.6500000357628 1.98223302140832 -51.7677664756775 24.6500000357628 3.25000006705523 -36.6350002586842 24.6500000357628 1.24999997206032 -7.55639839917421 24.6500000357628 3.25000006705523 -5.87819935753942 24.6500000357628 2.79329135082662 -52.3096993565559 15.3500000014901 5.28388051316142 -47.1396967768669 15.3500000014901 6.52145035564899 -48.8740392029285 15.3500000014901 3.25000006705523 -36.6350002586842 15.3500000014901 1.24999997206032 -7.55639839917421 15.3500000014901 3.25000006705523 -5.87819935753942 15.3500000014901 3.74999991618097 -52.4999983608723 15.3500000014901 8.07866174727678 -50.3282137215137 15.3500000014901 1.98223302140832 -51.7677664756775 15.3500000014901 1.24999997206032 -50.0000007450581 15.3500000014901 1.44030118826777 -50.9567074477673 15.3500000014901 3.94999980926514 -43.1150011718273 15.3500000014901 9.89354029297829 -51.4443404972553 15.3500000014901 4.41520661115646 -45.1942086219788 15.3500000014901 11.8938563391566 -52.1780028939247 15.3500000014901 14.0000004321337 -52.4999983608723 15.3500000014901 3.94999980926514 -43.1150011718273 -2.64999992214143 3.25000006705523 -36.6350002586842 4.4999998062849 3.94999980926514 -43.1150011718273 6.64999987930059 3.25000006705523 -36.6350002586842 -2.64999992214143 3.25000006705523 -36.6350002586842 6.64999987930059 4.41520661115646 -45.1942086219788 -2.64999992214143 3.94999980926514 -43.1150011718273 6.64999987930059 4.41520661115646 -45.1942086219788 6.64999987930059 5.28388051316142 -47.1396967768669 -2.64999992214143 5.28388051316142 -47.1396967768669 6.64999987930059 3.94999980926514 -43.1150011718273 -2.64999992214143 6.52145035564899 -48.8740392029285 -2.64999992214143 6.52145035564899 -48.8740392029285 6.64999987930059 8.07866174727678 -50.3282137215137 -2.64999992214143 8.07866174727678 -50.3282137215137 6.64999987930059 9.89354029297829 -51.4443404972553 -2.64999992214143 9.89354029297829 -51.4443404972553 6.64999987930059 11.8938563391566 -52.1780028939247 -2.64999992214143 11.8938563391566 -52.1780028939247 6.64999987930059 14.0000004321337 -52.4999983608723 -2.64999992214143 14.0000004321337 -52.4999983608723 6.64999987930059 5.28388051316142 -47.1396967768669 6.64999987930059 1.44030118826777 -50.9567074477673 6.64999987930059 1.98223302140832 -51.7677664756775 6.64999987930059 3.94999980926514 -43.1150011718273 6.64999987930059 1.24999997206032 -50.0000007450581 6.64999987930059 4.41520661115646 -45.1942086219788 6.64999987930059 2.79329135082662 -52.3096993565559 6.64999987930059 3.25000006705523 -36.6350002586842 6.64999987930059 3.74999991618097 -52.4999983608723 6.64999987930059 6.52145035564899 -48.8740392029285 6.64999987930059 8.07866174727678 -50.3282137215137 6.64999987930059 9.89354029297829 -51.4443404972553 6.64999987930059 11.8938563391566 -52.1780028939247 6.64999987930059 14.0000004321337 -52.4999983608723 6.64999987930059 1.24999997206032 -7.55639839917421 6.64999987930059 3.25000006705523 -5.87819935753942 6.64999987930059 1.24999997206032 -7.55639839917421 -2.64999992214143 3.25000006705523 -36.6350002586842 -2.64999992214143 1.24999997206032 -50.0000007450581 -2.64999992214143 5.28388051316142 -47.1396967768669 -2.64999992214143 1.44030118826777 -50.9567074477673 -2.64999992214143 3.94999980926514 -43.1150011718273 -2.64999992214143 2.79329135082662 -52.3096993565559 -2.64999992214143 6.52145035564899 -48.8740392029285 -2.64999992214143 1.98223302140832 -51.7677664756775 -2.64999992214143 3.25000006705523 -5.87819935753942 -2.64999992214143 3.74999991618097 -52.4999983608723 -2.64999992214143 11.8938563391566 -52.1780028939247 -2.64999992214143 14.0000004321337 -52.4999983608723 -2.64999992214143 8.07866174727678 -50.3282137215137 -2.64999992214143 9.89354029297829 -51.4443404972553 -2.64999992214143 4.41520661115646 -45.1942086219788 -2.64999992214143 3.25000006705523 -36.6350002586842 -18.5000002384186 3.94999980926514 -43.1150011718273 -11.3500002771616 3.94999980926514 -43.1150011718273 -20.6499993801117 3.25000006705523 -36.6350002586842 -20.6499993801117 3.25000006705523 -36.6350002586842 -11.3500002771616 4.41520661115646 -45.1942086219788 -11.3500002771616 5.28388051316142 -47.1396967768669 -20.6499993801117 4.41520661115646 -45.1942086219788 -20.6499993801117 3.94999980926514 -43.1150011718273 -11.3500002771616 3.94999980926514 -43.1150011718273 -20.6499993801117 5.28388051316142 -47.1396967768669 -11.3500002771616 6.52145035564899 -48.8740392029285 -20.6499993801117 6.52145035564899 -48.8740392029285 -11.3500002771616 8.07866174727678 -50.3282137215137 -20.6499993801117 8.07866174727678 -50.3282137215137 -11.3500002771616 9.89354029297829 -51.4443404972553 -20.6499993801117 9.89354029297829 -51.4443404972553 -11.3500002771616 11.8938563391566 -52.1780028939247 -20.6499993801117 11.8938563391566 -52.1780028939247 -11.3500002771616 14.0000004321337 -52.4999983608723 -20.6499993801117 14.0000004321337 -52.4999983608723 -11.3500002771616 1.24999997206032 -7.55639839917421 -11.3500002771616 3.25000006705523 -36.6350002586842 -11.3500002771616 3.25000006705523 -5.87819935753942 -11.3500002771616 3.74999991618097 -52.4999983608723 -11.3500002771616 11.8938563391566 -52.1780028939247 -11.3500002771616 9.89354029297829 -51.4443404972553 -11.3500002771616 14.0000004321337 -52.4999983608723 -11.3500002771616 8.07866174727678 -50.3282137215137 -11.3500002771616 1.44030118826777 -50.9567074477673 -11.3500002771616 5.28388051316142 -47.1396967768669 -11.3500002771616 1.24999997206032 -50.0000007450581 -11.3500002771616 2.79329135082662 -52.3096993565559 -11.3500002771616 1.98223302140832 -51.7677664756775 -11.3500002771616 3.94999980926514 -43.1150011718273 -11.3500002771616 6.52145035564899 -48.8740392029285 -11.3500002771616 4.41520661115646 -45.1942086219788 -11.3500002771616 2.79329135082662 -52.3096993565559 -20.6499993801117 5.28388051316142 -47.1396967768669 -20.6499993801117 6.52145035564899 -48.8740392029285 -20.6499993801117 3.25000006705523 -36.6350002586842 -20.6499993801117 1.24999997206032 -7.55639839917421 -20.6499993801117 3.25000006705523 -5.87819935753942 -20.6499993801117 3.74999991618097 -52.4999983608723 -20.6499993801117 8.07866174727678 -50.3282137215137 -20.6499993801117 1.98223302140832 -51.7677664756775 -20.6499993801117 1.24999997206032 -50.0000007450581 -20.6499993801117 1.44030118826777 -50.9567074477673 -20.6499993801117 3.94999980926514 -43.1150011718273 -20.6499993801117 4.41520661115646 -45.1942086219788 -20.6499993801117 11.8938563391566 -52.1780028939247 -20.6499993801117 9.89354029297829 -51.4443404972553 -20.6499993801117 14.0000004321337 -52.4999983608723 -20.6499993801117 3.25000006705523 -36.6350002586842 -38.6499986052513 3.94999980926514 -43.1150011718273 -29.3499995023012 3.94999980926514 -43.1150011718273 -38.6499986052513 3.25000006705523 -36.6350002586842 -29.3499995023012 8.07866174727678 -50.3282137215137 -38.6499986052513 6.52145035564899 -48.8740392029285 -29.3499995023012 8.07866174727678 -50.3282137215137 -29.3499995023012 4.41520661115646 -45.1942086219788 -38.6499986052513 3.94999980926514 -43.1150011718273 -29.3499995023012 4.41520661115646 -45.1942086219788 -29.3499995023012 6.52145035564899 -48.8740392029285 -38.6499986052513 5.28388051316142 -47.1396967768669 -29.3499995023012 3.94999980926514 -43.1150011718273 -38.6499986052513 5.28388051316142 -47.1396967768669 -38.6499986052513 9.89354029297829 -51.4443404972553 -38.6499986052513 9.89354029297829 -51.4443404972553 -29.3499995023012 11.8938563391566 -52.1780028939247 -38.6499986052513 11.8938563391566 -52.1780028939247 -29.3499995023012 14.0000004321337 -52.4999983608723 -38.6499986052513 14.0000004321337 -52.4999983608723 -29.3499995023012 3.74999991618097 -52.4999983608723 -29.3499995023012 11.8938563391566 -52.1780028939247 -29.3499995023012 9.89354029297829 -51.4443404972553 -29.3499995023012 14.0000004321337 -52.4999983608723 -29.3499995023012 8.07866174727678 -50.3282137215137 -29.3499995023012 5.28388051316142 -47.1396967768669 -29.3499995023012 2.79329135082662 -52.3096993565559 -29.3499995023012 6.52145035564899 -48.8740392029285 -29.3499995023012 1.24999997206032 -7.55639839917421 -29.3499995023012 3.25000006705523 -36.6350002586842 -29.3499995023012 3.25000006705523 -5.87819935753942 -29.3499995023012 4.41520661115646 -45.1942086219788 -29.3499995023012 1.24999997206032 -50.0000007450581 -29.3499995023012 3.94999980926514 -43.1150011718273 -29.3499995023012 1.44030118826777 -50.9567074477673 -29.3499995023012 1.98223302140832 -51.7677664756775 -29.3499995023012 6.52145035564899 -48.8740392029285 -38.6499986052513 3.74999991618097 -52.4999983608723 -38.6499986052513 2.79329135082662 -52.3096993565559 -38.6499986052513 11.8938563391566 -52.1780028939247 -38.6499986052513 14.0000004321337 -52.4999983608723 -38.6499986052513 8.07866174727678 -50.3282137215137 -38.6499986052513 9.89354029297829 -51.4443404972553 -38.6499986052513 1.24999997206032 -50.0000007450581 -38.6499986052513 4.41520661115646 -45.1942086219788 -38.6499986052513 5.28388051316142 -47.1396967768669 -38.6499986052513 1.44030118826777 -50.9567074477673 -38.6499986052513 1.98223302140832 -51.7677664756775 -38.6499986052513 3.25000006705523 -36.6350002586842 -38.6499986052513 1.24999997206032 -7.55639839917421 -38.6499986052513 3.25000006705523 -5.87819935753942 -38.6499986052513 3.94999980926514 -43.1150011718273 -38.6499986052513 36.4999994635582 -51.5000000596046 -36.2000018358231 31.8062379956245 -53.7500008940697 -36.2000018358231 31.8062379956245 -51.5000000596046 -36.2000018358231 36.4999994635582 -53.7500008940697 -36.2000018358231 29.8208855092525 -51.5000000596046 -40.5437014997005 28.7796761840582 -53.7500008940697 -40.239043533802 29.8208855092525 -53.7500008940697 -40.5437014997005 28.7796761840582 -51.5000000596046 -40.239043533802 27.9593411833048 -53.7500008940697 -39.5291224122047 27.9593411833048 -51.5000000596046 -39.5291224122047 27.5083612650633 -53.7500008940697 -38.5424345731735 27.5083612650633 -51.5000000596046 -38.5424345731735 27.5083612650633 -53.7500008940697 -37.4575667083263 27.5083612650633 -51.5000000596046 -37.4575667083263 27.9593411833048 -53.7500008940697 -36.4708788692951 27.9593411833048 -51.5000000596046 -36.4708788692951 28.7796761840582 -53.7500008940697 -35.7609577476978 28.7796761840582 -51.5000000596046 -35.7609577476978 29.8208855092525 -53.7500008940697 -35.4562997817993 29.8208855092525 -51.5000000596046 -35.4562997817993 30.8945141732693 -53.7500008940697 -35.6120429933071 31.8062379956245 -51.5000000596046 -39.7999994456768 30.8945141732693 -53.7500008940697 -40.3879582881927 31.8062379956245 -53.7500008940697 -39.7999994456768 30.8945141732693 -51.5000000596046 -40.3879582881927 30.8945141732693 -51.5000000596046 -35.6120429933071 31.8062379956245 -53.7500008940697 -36.2000018358231 31.8062379956245 -51.5000000596046 -36.2000018358231 36.4999994635582 -53.7500008940697 -39.7999994456768 31.8062379956245 -51.5000000596046 -39.7999994456768 31.8062379956245 -53.7500008940697 -39.7999994456768 36.4999994635582 -51.5000000596046 -39.7999994456768 3.25000006705523 -3.9936937391758 -30.5464137345552 2.0000000949949 -4.250000230968 -32.0000015199184 2.0000000949949 -3.9936937391758 -30.5464137345552 2.0000000949949 4.250000230968 -32.0000015199184 3.25000006705523 3.9936937391758 -33.4535874426365 3.25000006705523 4.250000230968 -32.0000015199184 2.0000000949949 3.9936937391758 -30.5464137345552 3.25000006705523 3.9936937391758 -30.5464137345552 2.0000000949949 3.25568881817162 -29.2681530117989 3.25000006705523 3.25568881817162 -29.2681530117989 2.0000000949949 2.125000115484 -28.3193923532963 3.25000006705523 2.125000115484 -28.3193923532963 3.25000006705523 -3.25568881817162 -29.2681530117989 2.0000000949949 -3.25568881817162 -29.2681530117989 2.0000000949949 -0.738004746381193 -27.8145670890808 3.25000006705523 0.738004746381193 -27.8145670890808 3.25000006705523 -0.738004746381193 -27.8145670890808 2.0000000949949 -2.125000115484 -28.3193923532963 3.25000006705523 -2.125000115484 -28.3193923532963 3.25000006705523 -4.250000230968 -32.0000015199184 2.0000000949949 0.738004746381193 -27.8145670890808 2.0000000949949 3.9936937391758 -33.4535874426365 3.25000006705523 3.25568881817162 -34.7318463027477 2.0000000949949 3.25568881817162 -34.7318463027477 3.25000006705523 2.125000115484 -35.6806069612503 2.0000000949949 2.125000115484 -35.6806069612503 3.25000006705523 0.738004746381193 -36.1854322254658 2.0000000949949 0.738004746381193 -36.1854322254658 3.25000006705523 -0.738004746381193 -36.1854322254658 2.0000000949949 -0.738004746381193 -36.1854322254658 3.25000006705523 -2.125000115484 -35.6806069612503 2.0000000949949 -2.125000115484 -35.6806069612503 3.25000006705523 -3.25568881817162 -34.7318463027477 2.0000000949949 -3.25568881817162 -34.7318463027477 3.25000006705523 -3.9936937391758 -33.4535874426365 2.0000000949949 -3.9936937391758 -33.4535874426365 2.0000000949949 -3.9936937391758 -24.4535859674215 3.25000006705523 -4.250000230968 -23.0000000447035 3.25000006705523 -3.9936937391758 -24.4535859674215 3.25000006705523 3.25568881817162 -20.268153399229 2.0000000949949 2.125000115484 -19.3193927407265 2.0000000949949 3.25568881817162 -20.268153399229 3.25000006705523 3.9936937391758 -21.5464141219854 2.0000000949949 3.9936937391758 -21.5464141219854 3.25000006705523 4.250000230968 -23.0000000447035 2.0000000949949 4.250000230968 -23.0000000447035 3.25000006705523 3.9936937391758 -24.4535859674215 2.0000000949949 3.9936937391758 -24.4535859674215 3.25000006705523 3.25568881817162 -25.7318466901779 2.0000000949949 3.25568881817162 -25.7318466901779 3.25000006705523 2.125000115484 -26.6806073486805 2.0000000949949 2.125000115484 -26.6806073486805 3.25000006705523 0.738004746381193 -27.185432612896 2.0000000949949 0.738004746381193 -27.185432612896 3.25000006705523 -0.738004746381193 -27.185432612896 2.0000000949949 -0.738004746381193 -27.185432612896 3.25000006705523 -2.125000115484 -26.6806073486805 2.0000000949949 -2.125000115484 -26.6806073486805 3.25000006705523 -3.25568881817162 -25.7318466901779 2.0000000949949 -3.25568881817162 -25.7318466901779 2.0000000949949 -4.250000230968 -23.0000000447035 2.0000000949949 -2.125000115484 -19.3193927407265 3.25000006705523 -0.738004746381193 -18.814567476511 3.25000006705523 -2.125000115484 -19.3193927407265 2.0000000949949 -3.25568881817162 -20.268153399229 3.25000006705523 -3.25568881817162 -20.268153399229 2.0000000949949 -3.9936937391758 -21.5464141219854 3.25000006705523 -3.9936937391758 -21.5464141219854 2.0000000949949 -0.738004746381193 -18.814567476511 3.25000006705523 2.125000115484 -19.3193927407265 2.0000000949949 0.738004746381193 -18.814567476511 3.25000006705523 0.738004746381193 -18.814567476511 2.0000000949949 2.125000115484 -17.6806077361107 3.25000006705523 0.738004746381193 -18.1854330003262 3.25000006705523 2.125000115484 -17.6806077361107 2.0000000949949 -4.250000230968 -14.0000004321337 3.25000006705523 -3.9936937391758 -12.5464145094156 3.25000006705523 -4.250000230968 -14.0000004321337 2.0000000949949 -3.9936937391758 -12.5464145094156 3.25000006705523 -3.25568881817162 -11.2681528553367 2.0000000949949 -3.25568881817162 -11.2681528553367 3.25000006705523 -2.125000115484 -10.3193921968341 2.0000000949949 -2.125000115484 -10.3193921968341 3.25000006705523 -0.738004746381193 -9.81456693261862 2.0000000949949 -0.738004746381193 -9.81456693261862 3.25000006705523 0.738004746381193 -9.81456693261862 2.0000000949949 0.738004746381193 -9.81456693261862 3.25000006705523 2.125000115484 -10.3193921968341 2.0000000949949 2.125000115484 -10.3193921968341 3.25000006705523 3.25568881817162 -11.2681528553367 2.0000000949949 3.25568881817162 -11.2681528553367 3.25000006705523 3.9936937391758 -12.5464145094156 2.0000000949949 3.9936937391758 -12.5464145094156 3.25000006705523 4.250000230968 -14.0000004321337 2.0000000949949 4.250000230968 -14.0000004321337 3.25000006705523 3.9936937391758 -15.4535854235291 2.0000000949949 3.9936937391758 -15.4535854235291 3.25000006705523 3.25568881817162 -16.7318470776081 2.0000000949949 3.25568881817162 -16.7318470776081 2.0000000949949 0.738004746381193 -18.1854330003262 3.25000006705523 -0.738004746381193 -18.1854330003262 2.0000000949949 -0.738004746381193 -18.1854330003262 3.25000006705523 -2.125000115484 -17.6806077361107 2.0000000949949 -2.125000115484 -17.6806077361107 3.25000006705523 -3.25568881817162 -16.7318470776081 2.0000000949949 -3.25568881817162 -16.7318470776081 3.25000006705523 -3.9936937391758 -15.4535854235291 2.0000000949949 -3.9936937391758 -15.4535854235291 2.0000000949949 -3.9936937391758 16.5464151650667 3.25000006705523 -4.250000230968 17.9999992251396 3.25000006705523 -3.9936937391758 16.5464151650667 2.0000000949949 -4.250000230968 17.9999992251396 2.0000000949949 -3.25568881817162 15.2681525796652 3.25000006705523 -3.25568881817162 15.2681525796652 2.0000000949949 -2.125000115484 14.3193919211626 3.25000006705523 -2.125000115484 14.3193919211626 2.0000000949949 -0.738004746381193 13.8145666569471 3.25000006705523 -0.738004746381193 13.8145666569471 2.0000000949949 0.738004746381193 13.8145666569471 3.25000006705523 0.738004746381193 13.8145666569471 2.0000000949949 2.125000115484 14.3193919211626 3.25000006705523 2.125000115484 14.3193919211626 2.0000000949949 3.25568881817162 15.2681525796652 3.25000006705523 3.25568881817162 15.2681525796652 2.0000000949949 3.9936937391758 16.5464151650667 3.25000006705523 3.9936937391758 16.5464151650667 2.0000000949949 4.250000230968 17.9999992251396 3.25000006705523 4.250000230968 17.9999992251396 2.0000000949949 3.9936937391758 19.4535851478577 3.25000006705523 3.9936937391758 19.4535851478577 2.0000000949949 3.25568881817162 20.7318477332592 3.25000006705523 0.738004746381193 22.1854336559772 2.0000000949949 -0.738004746381193 22.1854336559772 2.0000000949949 0.738004746381193 22.1854336559772 3.25000006705523 -0.738004746381193 22.1854336559772 2.0000000949949 -2.125000115484 21.6806083917618 3.25000006705523 -3.9936937391758 19.4535851478577 3.25000006705523 3.25568881817162 20.7318477332592 2.0000000949949 2.125000115484 21.6806083917618 3.25000006705523 2.125000115484 21.6806083917618 3.25000006705523 -2.125000115484 21.6806083917618 2.0000000949949 -3.25568881817162 20.7318477332592 3.25000006705523 -3.25568881817162 20.7318477332592 2.0000000949949 -3.9936937391758 19.4535851478577 3.25000006705523 2.125000115484 5.31939184293151 2.0000000949949 3.25568881817162 6.26815250143409 2.0000000949949 2.125000115484 5.31939184293151 3.25000006705523 0.738004746381193 4.81456704437733 2.0000000949949 0.738004746381193 4.81456704437733 3.25000006705523 -0.738004746381193 4.81456704437733 2.0000000949949 -0.738004746381193 4.81456704437733 3.25000006705523 -2.125000115484 5.31939184293151 2.0000000949949 -2.125000115484 5.31939184293151 3.25000006705523 -3.25568881817162 6.26815250143409 2.0000000949949 -3.25568881817162 6.26815250143409 3.25000006705523 -3.9936937391758 7.54641462117434 2.0000000949949 -3.9936937391758 7.54641462117434 3.25000006705523 -4.250000230968 8.99999961256981 2.0000000949949 -4.250000230968 8.99999961256981 3.25000006705523 -3.9936937391758 10.4535855352879 2.0000000949949 -3.9936937391758 10.4535855352879 3.25000006705523 -3.25568881817162 11.7318471893668 2.0000000949949 -3.25568881817162 11.7318471893668 3.25000006705523 -2.125000115484 12.6806078478694 2.0000000949949 -2.125000115484 12.6806078478694 3.25000006705523 -0.738004746381193 13.1854331120849 2.0000000949949 -0.738004746381193 13.1854331120849 3.25000006705523 0.738004746381193 13.1854331120849 2.0000000949949 0.738004746381193 13.1854331120849 3.25000006705523 2.125000115484 12.6806078478694 2.0000000949949 2.125000115484 12.6806078478694 3.25000006705523 3.25568881817162 11.7318471893668 2.0000000949949 3.25568881817162 11.7318471893668 3.25000006705523 3.9936937391758 10.4535855352879 2.0000000949949 3.9936937391758 10.4535855352879 3.25000006705523 4.250000230968 8.99999961256981 2.0000000949949 4.250000230968 8.99999961256981 3.25000006705523 3.9936937391758 7.54641462117434 2.0000000949949 3.9936937391758 7.54641462117434 3.25000006705523 3.25568881817162 6.26815250143409 2.0000000949949 3.9936937391758 1.45358557347208 3.25000006705523 4.250000230968 -2.20884892743148E-15 3.25000006705523 3.9936937391758 1.45358557347208 2.0000000949949 3.25568881817162 2.73184734396636 3.25000006705523 3.25568881817162 2.73184734396636 2.0000000949949 2.125000115484 3.68060800246894 3.25000006705523 2.125000115484 3.68060800246894 2.0000000949949 0.738004746381193 4.18543303385377 3.25000006705523 0.738004746381193 4.18543303385377 2.0000000949949 -0.738004746381193 4.18543303385377 3.25000006705523 -0.738004746381193 4.18543303385377 2.0000000949949 -2.125000115484 3.68060800246894 3.25000006705523 -2.125000115484 3.68060800246894 2.0000000949949 -3.25568881817162 2.73184734396636 3.25000006705523 -3.25568881817162 2.73184734396636 2.0000000949949 -3.9936937391758 1.45358557347208 3.25000006705523 -3.9936937391758 1.45358557347208 2.0000000949949 -4.250000230968 1.16341443550965E-15 3.25000006705523 -4.250000230968 1.23995490515526E-15 2.0000000949949 3.9936937391758 -1.45358557347208 3.25000006705523 3.25568881817162 -2.73184734396636 3.25000006705523 3.9936937391758 -1.45358557347208 2.0000000949949 3.25568881817162 -2.73184734396636 3.25000006705523 2.125000115484 -3.68060800246894 2.0000000949949 2.125000115484 -3.68060800246894 3.25000006705523 0.738004746381193 -4.18543303385377 2.0000000949949 0.738004746381193 -4.18543303385377 3.25000006705523 -0.738004746381193 -4.18543303385377 2.0000000949949 -0.738004746381193 -4.18543303385377 3.25000006705523 -2.125000115484 -3.68060800246894 2.0000000949949 -2.125000115484 -3.68060800246894 3.25000006705523 -3.25568881817162 -2.73184734396636 2.0000000949949 -3.25568881817162 -2.73184734396636 3.25000006705523 -3.9936937391758 -1.45358557347208 2.0000000949949 -3.9936937391758 -1.45358557347208 2.0000000949949 4.250000230968 -3.98010204342713E-16 0.899999984540045 2.9102205298841 16.7945474386215 2.0000000949949 3.25568881817162 15.2681525796652 2.0000000949949 3.9936937391758 16.5464151650667 0.899999984540045 2.22738645970821 15.7726127654314 0.899999984540045 2.41304002702236 15.9752182662487 2.0000000949949 2.125000115484 14.3193919211626 0.899999984540045 1.20545283425599 15.0897791609168 0.899999984540045 1.57500000204891 15.2720203623176 2.0000000949949 0.738004746381193 13.8145666569471 0.899999984540045 -2.27682456221956E-15 14.8499999195337 0.899999984540045 0.546991766896099 14.8978559300303 0.899999984540045 2.96003185212612 16.9226359575987 2.0000000949949 -0.738004746381193 13.8145666569471 0.899999984540045 -1.20545283425599 15.0897791609168 2.0000000949949 -2.125000115484 14.3193919211626 0.899999984540045 -0.546991766896099 14.8978559300303 0.899999984540045 -2.22738645970821 15.7726127654314 2.0000000949949 -3.25568881817162 15.2681525796652 0.899999984540045 -1.57500000204891 15.2720203623176 0.899999984540045 -2.9102205298841 16.7945474386215 2.0000000949949 -3.9936937391758 16.5464151650667 0.899999984540045 -2.41304002702236 15.9752182662487 0.899999984540045 3.15000000409782 17.9999992251396 2.0000000949949 4.250000230968 17.9999992251396 0.899999984540045 2.96003185212612 19.0773643553257 2.0000000949949 3.9936937391758 19.4535851478577 0.899999984540045 2.9102205298841 19.2054528743029 2.0000000949949 3.25568881817162 20.7318477332592 0.899999984540045 2.41304002702236 20.0247801840305 0.899999984540045 2.22738645970821 20.2273856848478 2.0000000949949 2.125000115484 21.6806083917618 0.899999984540045 1.57500000204891 20.7279808819294 0.899999984540045 1.20545283425599 20.910220220685 2.0000000949949 0.738004746381193 22.1854336559772 0.899999984540045 0.546991766896099 21.1021453142166 0.899999984540045 -1.51788304147971E-15 21.1500003933907 2.0000000949949 -0.738004746381193 22.1854336559772 0.899999984540045 -0.546991766896099 21.1021453142166 0.899999984540045 -1.20545283425599 20.910220220685 2.0000000949949 -2.125000115484 21.6806083917618 0.899999984540045 -1.57500000204891 20.7279808819294 0.899999984540045 -2.22738645970821 20.2273856848478 2.0000000949949 -3.25568881817162 20.7318477332592 0.899999984540045 -2.41304002702236 20.0247801840305 0.899999984540045 -2.9102205298841 19.2054528743029 2.0000000949949 -3.9936937391758 19.4535851478577 0.899999984540045 -2.96003185212612 19.0773643553257 0.899999984540045 -3.15000000409782 17.9999992251396 2.0000000949949 -4.250000230968 17.9999992251396 0.899999984540045 -2.96003185212612 16.9226359575987 2.0000000949949 2.125000115484 12.6806078478694 0.899999984540045 1.20545283425599 11.9102206081152 0.899999984540045 1.57500000204891 11.727980338037 2.0000000949949 3.25568881817162 11.7318471893668 0.899999984540045 2.22738645970821 11.227386072278 0.899999984540045 2.41304002702236 11.0247805714607 2.0000000949949 3.9936937391758 10.4535855352879 0.899999984540045 2.9102205298841 10.2054532617331 0.899999984540045 2.96003185212612 10.0773638114333 2.0000000949949 4.250000230968 8.99999961256981 0.899999984540045 3.15000000409782 8.99999961256981 2.0000000949949 3.9936937391758 7.54641462117434 0.899999984540045 2.96003185212612 7.92263634502888 2.0000000949949 3.25568881817162 6.26815250143409 0.899999984540045 2.9102205298841 7.79454736039042 0.899999984540045 2.41304002702236 6.97521911934018 2.0000000949949 2.125000115484 5.31939184293151 0.899999984540045 2.22738645970821 6.77261361852288 0.899999984540045 1.57500000204891 6.27201981842518 2.0000000949949 0.738004746381193 4.81456704437733 0.899999984540045 1.20545283425599 6.089779548347 0.899999984540045 0.546991766896099 5.89785538613796 2.0000000949949 -0.738004746381193 4.81456704437733 0.899999984540045 -1.30104260698261E-15 5.84999984130263 0.899999984540045 -0.546991766896099 5.89785538613796 2.0000000949949 -2.125000115484 5.31939184293151 0.899999984540045 -1.20545283425599 6.089779548347 0.899999984540045 -1.57500000204891 6.27201981842518 2.0000000949949 -3.25568881817162 6.26815250143409 0.899999984540045 -2.22738645970821 6.77261361852288 0.899999984540045 -2.41304002702236 6.97521911934018 2.0000000949949 -3.9936937391758 7.54641462117434 0.899999984540045 -2.9102205298841 7.79454736039042 0.899999984540045 -2.96003185212612 7.92263634502888 2.0000000949949 -4.250000230968 8.99999961256981 0.899999984540045 -3.15000000409782 8.99999961256981 2.0000000949949 0.738004746381193 13.1854331120849 0.899999984540045 -5.74636994866607E-16 12.1499998494983 0.899999984540045 0.546991766896099 12.1021447703242 2.0000000949949 -3.25568881817162 11.7318471893668 0.899999984540045 -2.9102205298841 10.2054532617331 0.899999984540045 -2.41304002702236 11.0247805714607 2.0000000949949 -3.9936937391758 10.4535855352879 0.899999984540045 -2.96003185212612 10.0773638114333 0.899999984540045 -2.22738645970821 11.227386072278 2.0000000949949 -2.125000115484 12.6806078478694 0.899999984540045 -1.20545283425599 11.9102206081152 0.899999984540045 -1.57500000204891 11.727980338037 2.0000000949949 -0.738004746381193 13.1854331120849 0.899999984540045 -0.546991766896099 12.1021447703242 0.899999984540045 3.15000000409782 -3.30654644821321E-16 2.0000000949949 3.9936937391758 -1.45358557347208 2.0000000949949 4.250000230968 -3.98010204342713E-16 0.899999984540045 2.96003185212612 1.07736350037158 2.0000000949949 3.9936937391758 1.45358557347208 0.899999984540045 2.9102205298841 1.20545283425599 2.0000000949949 3.25568881817162 2.73184734396636 0.899999984540045 2.41304002702236 2.02478095889091 0.899999984540045 2.22738645970821 2.22738645970821 2.0000000949949 2.125000115484 3.68060800246894 0.899999984540045 1.57500000204891 2.72798002697527 2.0000000949949 0.738004746381193 4.18543303385377 0.899999984540045 1.20545283425599 2.9102205298841 0.899999984540045 1.65333461641769E-16 3.15000000409782 2.0000000949949 -0.738004746381193 4.18543303385377 0.899999984540045 -0.546991766896099 3.10214445926249 0.899999984540045 -1.20545283425599 2.9102205298841 2.0000000949949 -2.125000115484 3.68060800246894 0.899999984540045 -1.57500000204891 2.72798002697527 0.899999984540045 -2.22738645970821 2.22738645970821 2.0000000949949 -3.25568881817162 2.73184734396636 0.899999984540045 -2.41304002702236 2.02478095889091 0.899999984540045 -2.9102205298841 1.20545283425599 2.0000000949949 -3.9936937391758 1.45358557347208 0.899999984540045 -2.96003185212612 1.07736350037158 0.899999984540045 -3.15000000409782 5.5109105316104E-17 0.899999984540045 0.546991766896099 3.10214445926249 0.899999984540045 2.96003185212612 -1.07736350037158 2.0000000949949 -4.250000230968 1.16341443550965E-15 2.0000000949949 3.25568881817162 -2.73184734396636 0.899999984540045 2.9102205298841 -1.20545283425599 0.899999984540045 2.41304002702236 -2.02478095889091 2.0000000949949 2.125000115484 -3.68060800246894 0.899999984540045 2.22738645970821 -2.22738645970821 0.899999984540045 1.57500000204891 -2.72798002697527 2.0000000949949 0.738004746381193 -4.18543303385377 0.899999984540045 1.20545283425599 -2.9102205298841 0.899999984540045 0.546991766896099 -3.10214445926249 2.0000000949949 -0.738004746381193 -4.18543303385377 0.899999984540045 -5.42101086242752E-16 -3.15000000409782 0.899999984540045 -0.546991766896099 -3.10214445926249 2.0000000949949 -2.125000115484 -3.68060800246894 0.899999984540045 -1.20545283425599 -2.9102205298841 0.899999984540045 -1.57500000204891 -2.72798002697527 2.0000000949949 -3.25568881817162 -2.73184734396636 0.899999984540045 -2.22738645970821 -2.22738645970821 0.899999984540045 -2.41304002702236 -2.02478095889091 2.0000000949949 -3.9936937391758 -1.45358557347208 0.899999984540045 -2.9102205298841 -1.20545283425599 0.899999984540045 -2.96003185212612 -1.07736350037158 2.0000000949949 -4.250000230968 -14.0000004321337 0.899999984540045 -2.96003185212612 -15.0773636996746 0.899999984540045 -3.15000000409782 -14.0000004321337 2.0000000949949 -3.9936937391758 -15.4535854235291 0.899999984540045 -2.9102205298841 -15.2054531499743 2.0000000949949 -3.25568881817162 -16.7318470776081 0.899999984540045 -2.22738645970821 -16.2273868918419 0.899999984540045 -2.41304002702236 -16.0247813910246 2.0000000949949 -2.125000115484 -17.6806077361107 0.899999984540045 -1.20545283425599 -16.9102214276791 0.899999984540045 -1.57500000204891 -16.7279802262783 2.0000000949949 -0.738004746381193 -18.1854330003262 0.899999984540045 1.19262238973405E-15 -17.1499997377396 0.899999984540045 -0.546991766896099 -17.1021446585655 2.0000000949949 0.738004746381193 -18.1854330003262 0.899999984540045 1.20545283425599 -16.9102214276791 0.899999984540045 0.546991766896099 -17.1021446585655 2.0000000949949 2.125000115484 -17.6806077361107 0.899999984540045 2.22738645970821 -16.2273868918419 0.899999984540045 1.57500000204891 -16.7279802262783 2.0000000949949 3.25568881817162 -16.7318470776081 0.899999984540045 2.9102205298841 -15.2054531499743 0.899999984540045 2.41304002702236 -16.0247813910246 2.0000000949949 3.9936937391758 -15.4535854235291 0.899999984540045 3.15000000409782 -14.0000004321337 0.899999984540045 2.96003185212612 -15.0773636996746 2.0000000949949 4.250000230968 -14.0000004321337 0.899999984540045 2.96003185212612 -12.9226362332702 2.0000000949949 3.9936937391758 -12.5464145094156 0.899999984540045 2.9102205298841 -12.7945467829704 2.0000000949949 3.25568881817162 -11.2681528553367 0.899999984540045 2.22738645970821 -11.7726139724255 0.899999984540045 2.41304002702236 -11.9752194732428 2.0000000949949 2.125000115484 -10.3193921968341 0.899999984540045 1.20545283425599 -11.0897794365883 0.899999984540045 1.57500000204891 -11.2720197066665 2.0000000949949 0.738004746381193 -9.81456693261862 0.899999984540045 1.91902800185005E-15 -10.8500001952052 0.899999984540045 0.546991766896099 -10.8978552743793 2.0000000949949 -0.738004746381193 -9.81456693261862 0.899999984540045 -1.20545283425599 -11.0897794365883 0.899999984540045 -0.546991766896099 -10.8978552743793 2.0000000949949 -2.125000115484 -10.3193921968341 0.899999984540045 -2.22738645970821 -11.7726139724255 0.899999984540045 -1.57500000204891 -11.2720197066665 2.0000000949949 -3.25568881817162 -11.2681528553367 0.899999984540045 -2.9102205298841 -12.7945467829704 0.899999984540045 -2.41304002702236 -11.9752194732428 2.0000000949949 -3.9936937391758 -12.5464145094156 0.899999984540045 -2.96003185212612 -12.9226362332702 0.899999984540045 3.15000000409782 -23.0000000447035 2.0000000949949 3.9936937391758 -24.4535859674215 2.0000000949949 4.250000230968 -23.0000000447035 0.899999984540045 2.96003185212612 -21.9226367771626 2.0000000949949 3.9936937391758 -21.5464141219854 0.899999984540045 2.9102205298841 -21.7945463955402 2.0000000949949 3.25568881817162 -20.268153399229 0.899999984540045 2.41304002702236 -20.9752190858126 0.899999984540045 2.22738645970821 -20.7726135849953 2.0000000949949 2.125000115484 -19.3193927407265 0.899999984540045 1.57500000204891 -20.2720202505589 0.899999984540045 1.20545283425599 -20.0897790491581 2.0000000949949 0.738004746381193 -18.814567476511 0.899999984540045 0.546991766896099 -19.8978558182716 0.899999984540045 2.64543361396605E-15 -19.8500007390976 2.0000000949949 -0.738004746381193 -18.814567476511 0.899999984540045 -0.546991766896099 -19.8978558182716 0.899999984540045 -1.20545283425599 -20.0897790491581 2.0000000949949 -2.125000115484 -19.3193927407265 0.899999984540045 -1.57500000204891 -20.2720202505589 0.899999984540045 -2.22738645970821 -20.7726135849953 2.0000000949949 -3.25568881817162 -20.268153399229 0.899999984540045 -2.41304002702236 -20.9752190858126 0.899999984540045 -2.9102205298841 -21.7945463955402 2.0000000949949 -3.9936937391758 -21.5464141219854 0.899999984540045 -2.96003185212612 -21.9226367771626 0.899999984540045 -3.15000000409782 -23.0000000447035 2.0000000949949 -4.250000230968 -23.0000000447035 0.899999984540045 2.96003185212612 -24.0773633122444 2.0000000949949 3.25568881817162 -25.7318466901779 0.899999984540045 2.9102205298841 -24.2054536938667 0.899999984540045 2.41304002702236 -25.0247810035944 2.0000000949949 2.125000115484 -26.6806073486805 0.899999984540045 2.22738645970821 -25.2273865044117 0.899999984540045 1.57500000204891 -25.7279798388481 2.0000000949949 0.738004746381193 -27.185432612896 0.899999984540045 1.20545283425599 -25.9102210402489 0.899999984540045 0.546991766896099 -26.1021442711353 2.0000000949949 -0.738004746381193 -27.185432612896 0.899999984540045 1.73472347597681E-15 -26.1499993503094 0.899999984540045 -0.546991766896099 -26.1021442711353 2.0000000949949 -2.125000115484 -26.6806073486805 0.899999984540045 -1.20545283425599 -25.9102210402489 0.899999984540045 -1.57500000204891 -25.7279798388481 2.0000000949949 -3.25568881817162 -25.7318466901779 0.899999984540045 -2.22738645970821 -25.2273865044117 0.899999984540045 -2.41304002702236 -25.0247810035944 2.0000000949949 -3.9936937391758 -24.4535859674215 0.899999984540045 -2.9102205298841 -24.2054536938667 0.899999984540045 -2.96003185212612 -24.0773633122444 0.899999984540045 2.22738645970821 -29.7726131975651 2.0000000949949 2.125000115484 -28.3193923532963 0.899999984540045 1.57500000204891 -29.2720198631287 2.0000000949949 -4.250000230968 -32.0000015199184 0.899999984540045 -2.96003185212612 -33.0773629248142 0.899999984540045 -3.15000000409782 -32.0000015199184 2.0000000949949 -3.9936937391758 -33.4535874426365 0.899999984540045 -2.9102205298841 -33.2054533064365 2.0000000949949 -3.25568881817162 -34.7318463027477 0.899999984540045 -2.22738645970821 -34.2273861169815 0.899999984540045 -2.41304002702236 -34.0247824788094 2.0000000949949 -2.125000115484 -35.6806069612503 0.899999984540045 -1.20545283425599 -34.9102206528187 0.899999984540045 -1.57500000204891 -34.7279794514179 2.0000000949949 -0.738004746381193 -36.1854322254658 0.899999984540045 3.25260651745651E-15 -35.1499989628792 0.899999984540045 -0.546991766896099 -35.1021438837051 2.0000000949949 0.738004746381193 -36.1854322254658 0.899999984540045 1.20545283425599 -34.9102206528187 0.899999984540045 0.546991766896099 -35.1021438837051 2.0000000949949 2.125000115484 -35.6806069612503 0.899999984540045 2.22738645970821 -34.2273861169815 0.899999984540045 1.57500000204891 -34.7279794514179 2.0000000949949 3.25568881817162 -34.7318463027477 0.899999984540045 2.9102205298841 -33.2054533064365 0.899999984540045 2.41304002702236 -34.0247824788094 2.0000000949949 3.9936937391758 -33.4535874426365 0.899999984540045 3.15000000409782 -32.0000015199184 0.899999984540045 2.96003185212612 -33.0773629248142 2.0000000949949 4.250000230968 -32.0000015199184 0.899999984540045 2.96003185212612 -30.9226363897324 2.0000000949949 3.9936937391758 -30.5464137345552 0.899999984540045 2.9102205298841 -30.7945478707552 2.0000000949949 3.25568881817162 -29.2681530117989 0.899999984540045 2.41304002702236 -29.9752186983824 0.899999984540045 1.20545283425599 -29.0897786617279 2.0000000949949 0.738004746381193 -27.8145670890808 0.899999984540045 4.05489643819721E-15 -28.8500003516674 0.899999984540045 0.546991766896099 -28.8978554308414 2.0000000949949 -0.738004746381193 -27.8145670890808 0.899999984540045 -1.20545283425599 -29.0897786617279 0.899999984540045 -0.546991766896099 -28.8978554308414 2.0000000949949 -2.125000115484 -28.3193923532963 0.899999984540045 -2.22738645970821 -29.7726131975651 0.899999984540045 -1.57500000204891 -29.2720198631287 2.0000000949949 -3.25568881817162 -29.2681530117989 0.899999984540045 -2.9102205298841 -30.7945478707552 0.899999984540045 -2.41304002702236 -29.9752186983824 2.0000000949949 -3.9936937391758 -30.5464137345552 0.899999984540045 -2.96003185212612 -30.9226363897324</float_array><technique_common><accessor count="1564" source="#bau0128547867-1-mesh-positions-array" stride="3"><param name="X" type="float" /><param name="Y" type="float" /><param name="Z" type="float" /></accessor></technique_common></source><source id="bau0128547867-1-mesh-normals"><float_array id="bau0128547867-1-mesh-normals-array" count="4692">3.40111091457265E-17 0.70710676908493 0.70710676908493 3.44191176372295E-17 0.766044437885284 0.642787635326385 3.40111091457265E-17 0.70710676908493 0.70710676908493 1.09331313679886E-16 1 -2.44929370517034E-16 6.8838235274459E-17 0.939692616462708 0.342020153999329 7.75763595072324E-17 0.923879504203796 0.382683426141739 1.09331313679886E-16 1 -2.44929370517034E-16 7.75763595072324E-17 0.923879504203796 0.382683426141739 0 0.5 0.866025388240814 -1.47320238438429E-17 0.382683426141739 0.923879504203796 -3.44191176372295E-17 0.173648178577423 0.984807729721069 -6.12323426292584E-17 6.12323426292584E-17 1 1.37676470548918E-16 0.939692616462708 -0.342020153999329 1.2444156751318E-16 0.923879504203796 -0.382683426141739 -1.47320238438429E-17 0.382683426141739 0.923879504203796 -1.03257352911688E-16 -0.173648178577423 0.984807729721069 -6.12323426292584E-17 6.12323426292584E-17 1 -9.84105840653851E-17 -0.382683426141739 0.923879504203796 -1.37676470548918E-16 -0.5 0.866025388240814 -9.84105840653851E-17 -0.382683426141739 0.923879504203796 -1.20606718488714E-16 -0.70710676908493 0.70710676908493 -1.03257352911688E-16 -0.766044437885284 0.642787635326385 -1.20606718488714E-16 -0.70710676908493 0.70710676908493 -1.2444156751318E-16 -0.923879504203796 0.382683426141739 -1.37676470548918E-16 -0.939692616462708 0.342020153999329 -1.2444156751318E-16 -0.923879504203796 0.382683426141739 -1.09331313679886E-16 -1 1.22464685258517E-16 -6.8838235274459E-17 -0.939692616462708 -0.342020153999329 -7.75763595072324E-17 -0.923879504203796 -0.382683426141739 -1.09331313679886E-16 -1 1.22464685258517E-16 -7.75763595072324E-17 -0.923879504203796 -0.382683426141739 -3.40111091457265E-17 -0.70710676908493 -0.70710676908493 -3.44191176372295E-17 -0.766044437885284 -0.642787635326385 -3.40111091457265E-17 -0.70710676908493 -0.70710676908493 1.47320238438429E-17 -0.382683426141739 -0.923879504203796 0 -0.5 -0.866025388240814 1.47320238438429E-17 -0.382683426141739 -0.923879504203796 6.12323426292584E-17 -1.83697014652885E-16 -1 3.44191176372295E-17 -0.173648178577423 -0.984807729721069 6.12323426292584E-17 -1.83697014652885E-16 -1 9.84105840653851E-17 0.382683426141739 -0.923879504203796 1.03257352911688E-16 0.173648178577423 -0.984807729721069 9.84105840653851E-17 0.382683426141739 -0.923879504203796 1.20606718488714E-16 0.70710676908493 -0.70710676908493 1.37676470548918E-16 0.5 -0.866025388240814 1.20606718488714E-16 0.70710676908493 -0.70710676908493 1.03257352911688E-16 0.766044437885284 -0.642787635326385 1.2444156751318E-16 0.923879504203796 -0.382683426141739 1.37676470548918E-16 0.939692616462708 -0.342020153999329 1.09331313679886E-16 1 -2.44929370517034E-16 1.2444156751318E-16 0.923879504203796 -0.382683426141739 1.2444156751318E-16 0.923879504203796 -0.382683426141739 1.03257352911688E-16 0.766044437885284 -0.642787635326385 1.20606718488714E-16 0.70710676908493 -0.70710676908493 1.20606718488714E-16 0.70710676908493 -0.70710676908493 1.37676470548918E-16 0.5 -0.866025388240814 9.84105840653851E-17 0.382683426141739 -0.923879504203796 9.84105840653851E-17 0.382683426141739 -0.923879504203796 1.03257352911688E-16 0.173648178577423 -0.984807729721069 6.12323426292584E-17 -1.83697014652885E-16 -1 6.12323426292584E-17 -1.83697014652885E-16 -1 3.44191176372295E-17 -0.173648178577423 -0.984807729721069 1.47320238438429E-17 -0.382683426141739 -0.923879504203796 1.47320238438429E-17 -0.382683426141739 -0.923879504203796 -3.40111091457265E-17 -0.70710676908493 -0.70710676908493 0 -0.5 -0.866025388240814 -3.44191176372295E-17 -0.766044437885284 -0.642787635326385 -7.75763595072324E-17 -0.923879504203796 -0.382683426141739 -7.75763595072324E-17 -0.923879504203796 -0.382683426141739 -6.8838235274459E-17 -0.939692616462708 -0.342020153999329 -1.09331313679886E-16 -1 1.22464685258517E-16 -1.09331313679886E-16 -1 1.22464685258517E-16 -1.37676470548918E-16 -0.939692616462708 0.342020153999329 -1.2444156751318E-16 -0.923879504203796 0.382683426141739 -1.2444156751318E-16 -0.923879504203796 0.382683426141739 -1.03257352911688E-16 -0.766044437885284 0.642787635326385 -1.20606718488714E-16 -0.70710676908493 0.70710676908493 -1.20606718488714E-16 -0.70710676908493 0.70710676908493 -1.37676470548918E-16 -0.5 0.866025388240814 -9.84105840653851E-17 -0.382683426141739 0.923879504203796 -9.84105840653851E-17 -0.382683426141739 0.923879504203796 -1.03257352911688E-16 -0.173648178577423 0.984807729721069 -6.12323426292584E-17 6.12323426292584E-17 1 -6.12323426292584E-17 6.12323426292584E-17 1 -3.44191176372295E-17 0.173648178577423 0.984807729721069 -1.47320238438429E-17 0.382683426141739 0.923879504203796 -1.47320238438429E-17 0.382683426141739 0.923879504203796 0 0.5 0.866025388240814 3.40111091457265E-17 0.70710676908493 0.70710676908493 3.40111091457265E-17 0.70710676908493 0.70710676908493 3.44191176372295E-17 0.766044437885284 0.642787635326385 7.75763595072324E-17 0.923879504203796 0.382683426141739 7.75763595072324E-17 0.923879504203796 0.382683426141739 6.8838235274459E-17 0.939692616462708 0.342020153999329 1.09331313679886E-16 1 -2.44929370517034E-16 -3.40111091457265E-17 -0.70710676908493 -0.70710676908493 -1.03257352911688E-16 -0.766044437885284 0.642787635326385 -1.2444156751318E-16 -0.923879504203796 0.382683426141739 -1.20606718488714E-16 -0.70710676908493 0.70710676908493 1.37676470548918E-16 0.939692616462708 -0.342020153999329 1.09331313679886E-16 1 -2.44929370517034E-16 1.2444156751318E-16 0.923879504203796 -0.382683426141739 -3.44191176372295E-17 0.173648178577423 0.984807729721069 -1.47320238438429E-17 0.382683426141739 0.923879504203796 -1.47320238438429E-17 0.382683426141739 0.923879504203796 1.09331313679886E-16 1 -2.44929370517034E-16 1.03257352911688E-16 0.766044437885284 -0.642787635326385 1.2444156751318E-16 0.923879504203796 -0.382683426141739 1.20606718488714E-16 0.70710676908493 -0.70710676908493 1.37676470548918E-16 0.5 -0.866025388240814 1.20606718488714E-16 0.70710676908493 -0.70710676908493 9.84105840653851E-17 0.382683426141739 -0.923879504203796 1.03257352911688E-16 0.173648178577423 -0.984807729721069 9.84105840653851E-17 0.382683426141739 -0.923879504203796 6.12323426292584E-17 -1.83697014652885E-16 -1 3.44191176372295E-17 -0.173648178577423 -0.984807729721069 6.12323426292584E-17 -1.83697014652885E-16 -1 1.47320238438429E-17 -0.382683426141739 -0.923879504203796 0 -0.5 -0.866025388240814 1.47320238438429E-17 -0.382683426141739 -0.923879504203796 -3.40111091457265E-17 -0.70710676908493 -0.70710676908493 -3.44191176372295E-17 -0.766044437885284 -0.642787635326385 -3.40111091457265E-17 -0.70710676908493 -0.70710676908493 -7.75763595072324E-17 -0.923879504203796 -0.382683426141739 -6.8838235274459E-17 -0.939692616462708 -0.342020153999329 -7.75763595072324E-17 -0.923879504203796 -0.382683426141739 -1.09331313679886E-16 -1 1.22464685258517E-16 -1.37676470548918E-16 -0.939692616462708 0.342020153999329 -1.09331313679886E-16 -1 1.22464685258517E-16 -1.2444156751318E-16 -0.923879504203796 0.382683426141739 -1.37676470548918E-16 -0.5 0.866025388240814 -1.20606718488714E-16 -0.70710676908493 0.70710676908493 -9.84105840653851E-17 -0.382683426141739 0.923879504203796 -1.03257352911688E-16 -0.173648178577423 0.984807729721069 -9.84105840653851E-17 -0.382683426141739 0.923879504203796 -6.12323426292584E-17 6.12323426292584E-17 1 -6.12323426292584E-17 6.12323426292584E-17 1 0 0.5 0.866025388240814 3.40111091457265E-17 0.70710676908493 0.70710676908493 3.44191176372295E-17 0.766044437885284 0.642787635326385 3.40111091457265E-17 0.70710676908493 0.70710676908493 7.75763595072324E-17 0.923879504203796 0.382683426141739 6.8838235274459E-17 0.939692616462708 0.342020153999329 7.75763595072324E-17 0.923879504203796 0.382683426141739 1.47320238438429E-17 -0.382683426141739 -0.923879504203796 0 -0.5 -0.866025388240814 1.47320238438429E-17 -0.382683426141739 -0.923879504203796 1.09331313679886E-16 1 -2.44929370517034E-16 1.37676470548918E-16 0.939692616462708 -0.342020153999329 1.09331313679886E-16 1 -2.44929370517034E-16 1.2444156751318E-16 0.923879504203796 -0.382683426141739 1.03257352911688E-16 0.766044437885284 -0.642787635326385 1.2444156751318E-16 0.923879504203796 -0.382683426141739 1.20606718488714E-16 0.70710676908493 -0.70710676908493 1.37676470548918E-16 0.5 -0.866025388240814 1.20606718488714E-16 0.70710676908493 -0.70710676908493 9.84105840653851E-17 0.382683426141739 -0.923879504203796 1.03257352911688E-16 0.173648178577423 -0.984807729721069 9.84105840653851E-17 0.382683426141739 -0.923879504203796 6.12323426292584E-17 -1.83697014652885E-16 -1 3.44191176372295E-17 -0.173648178577423 -0.984807729721069 6.12323426292584E-17 -1.83697014652885E-16 -1 -1.03257352911688E-16 -0.766044437885284 0.642787635326385 -1.20606718488714E-16 -0.70710676908493 0.70710676908493 -1.20606718488714E-16 -0.70710676908493 0.70710676908493 -3.40111091457265E-17 -0.70710676908493 -0.70710676908493 -3.44191176372295E-17 -0.766044437885284 -0.642787635326385 -3.40111091457265E-17 -0.70710676908493 -0.70710676908493 -7.75763595072324E-17 -0.923879504203796 -0.382683426141739 -6.8838235274459E-17 -0.939692616462708 -0.342020153999329 -7.75763595072324E-17 -0.923879504203796 -0.382683426141739 -1.09331313679886E-16 -1 1.22464685258517E-16 -1.37676470548918E-16 -0.939692616462708 0.342020153999329 -1.09331313679886E-16 -1 1.22464685258517E-16 -1.2444156751318E-16 -0.923879504203796 0.382683426141739 -1.2444156751318E-16 -0.923879504203796 0.382683426141739 -1.37676470548918E-16 -0.5 0.866025388240814 -9.84105840653851E-17 -0.382683426141739 0.923879504203796 -1.03257352911688E-16 -0.173648178577423 0.984807729721069 -9.84105840653851E-17 -0.382683426141739 0.923879504203796 -6.12323426292584E-17 6.12323426292584E-17 1 -3.44191176372295E-17 0.173648178577423 0.984807729721069 -6.12323426292584E-17 6.12323426292584E-17 1 -1.47320238438429E-17 0.382683426141739 0.923879504203796 0 0.5 0.866025388240814 -1.47320238438429E-17 0.382683426141739 0.923879504203796 3.40111091457265E-17 0.70710676908493 0.70710676908493 3.44191176372295E-17 0.766044437885284 0.642787635326385 3.40111091457265E-17 0.70710676908493 0.70710676908493 7.75763595072324E-17 0.923879504203796 0.382683426141739 6.8838235274459E-17 0.939692616462708 0.342020153999329 7.75763595072324E-17 0.923879504203796 0.382683426141739 1.09331313679886E-16 1 -2.44929370517034E-16 1.37676470548918E-16 0.939692616462708 -0.342020153999329 1.09331313679886E-16 1 -2.44929370517034E-16 -7.75763595072324E-17 -0.923879504203796 -0.382683426141739 -3.44191176372295E-17 -0.766044437885284 -0.642787635326385 -3.40111091457265E-17 -0.70710676908493 -0.70710676908493 -7.75763595072324E-17 -0.923879504203796 -0.382683426141739 0 -0.5 -0.866025388240814 1.47320238438429E-17 -0.382683426141739 -0.923879504203796 -3.40111091457265E-17 -0.70710676908493 -0.70710676908493 3.44191176372295E-17 -0.173648178577423 -0.984807729721069 6.12323426292584E-17 -1.83697014652885E-16 -1 1.47320238438429E-17 -0.382683426141739 -0.923879504203796 1.03257352911688E-16 0.173648178577423 -0.984807729721069 6.12323426292584E-17 -1.83697014652885E-16 -1 9.84105840653851E-17 0.382683426141739 -0.923879504203796 1.37676470548918E-16 0.5 -0.866025388240814 9.84105840653851E-17 0.382683426141739 -0.923879504203796 1.20606718488714E-16 0.70710676908493 -0.70710676908493 1.03257352911688E-16 0.766044437885284 -0.642787635326385 1.20606718488714E-16 0.70710676908493 -0.70710676908493 1.2444156751318E-16 0.923879504203796 -0.382683426141739 1.2444156751318E-16 0.923879504203796 -0.382683426141739 -1.09331313679886E-16 -1 1.22464685258517E-16 -6.8838235274459E-17 -0.939692616462708 -0.342020153999329 -1.37676470548918E-16 -0.939692616462708 0.342020153999329 -1.2444156751318E-16 -0.923879504203796 0.382683426141739 -1.2444156751318E-16 -0.923879504203796 0.382683426141739 -1.03257352911688E-16 -0.766044437885284 0.642787635326385 -1.20606718488714E-16 -0.70710676908493 0.70710676908493 -1.20606718488714E-16 -0.70710676908493 0.70710676908493 -1.37676470548918E-16 -0.5 0.866025388240814 -9.84105840653851E-17 -0.382683426141739 0.923879504203796 -9.84105840653851E-17 -0.382683426141739 0.923879504203796 -1.03257352911688E-16 -0.173648178577423 0.984807729721069 -6.12323426292584E-17 6.12323426292584E-17 1 -6.12323426292584E-17 6.12323426292584E-17 1 -3.44191176372295E-17 0.173648178577423 0.984807729721069 -1.47320238438429E-17 0.382683426141739 0.923879504203796 -1.47320238438429E-17 0.382683426141739 0.923879504203796 0 0.5 0.866025388240814 3.40111091457265E-17 0.70710676908493 0.70710676908493 3.40111091457265E-17 0.70710676908493 0.70710676908493 3.44191176372295E-17 0.766044437885284 0.642787635326385 7.75763595072324E-17 0.923879504203796 0.382683426141739 7.75763595072324E-17 0.923879504203796 0.382683426141739 6.8838235274459E-17 0.939692616462708 0.342020153999329 -1.09331313679886E-16 -1 1.22464685258517E-16 -1.47320238438429E-17 0.382683426141739 0.923879504203796 -3.44191176372295E-17 0.173648178577423 0.984807729721069 -6.12323426292584E-17 6.12323426292584E-17 1 0 0.5 0.866025388240814 3.40111091457265E-17 0.70710676908493 0.70710676908493 3.40111091457265E-17 0.70710676908493 0.70710676908493 -1.03257352911688E-16 -0.173648178577423 0.984807729721069 -6.12323426292584E-17 6.12323426292584E-17 1 3.44191176372295E-17 0.766044437885284 0.642787635326385 7.75763595072324E-17 0.923879504203796 0.382683426141739 7.75763595072324E-17 0.923879504203796 0.382683426141739 6.8838235274459E-17 0.939692616462708 0.342020153999329 1.09331313679886E-16 1 -2.44929370517034E-16 1.09331313679886E-16 1 -2.44929370517034E-16 -1.47320238438429E-17 0.382683426141739 0.923879504203796 -9.84105840653851E-17 -0.382683426141739 0.923879504203796 -9.84105840653851E-17 -0.382683426141739 0.923879504203796 -1.20606718488714E-16 -0.70710676908493 0.70710676908493 -1.37676470548918E-16 -0.5 0.866025388240814 -1.20606718488714E-16 -0.70710676908493 0.70710676908493 -1.2444156751318E-16 -0.923879504203796 0.382683426141739 -1.03257352911688E-16 -0.766044437885284 0.642787635326385 -1.2444156751318E-16 -0.923879504203796 0.382683426141739 -1.09331313679886E-16 -1 1.22464685258517E-16 -1.37676470548918E-16 -0.939692616462708 0.342020153999329 -1.09331313679886E-16 -1 1.22464685258517E-16 -7.75763595072324E-17 -0.923879504203796 -0.382683426141739 -6.8838235274459E-17 -0.939692616462708 -0.342020153999329 -7.75763595072324E-17 -0.923879504203796 -0.382683426141739 -3.40111091457265E-17 -0.70710676908493 -0.70710676908493 -3.44191176372295E-17 -0.766044437885284 -0.642787635326385 -3.40111091457265E-17 -0.70710676908493 -0.70710676908493 1.47320238438429E-17 -0.382683426141739 -0.923879504203796 0 -0.5 -0.866025388240814 1.47320238438429E-17 -0.382683426141739 -0.923879504203796 6.12323426292584E-17 -1.83697014652885E-16 -1 3.44191176372295E-17 -0.173648178577423 -0.984807729721069 6.12323426292584E-17 -1.83697014652885E-16 -1 9.84105840653851E-17 0.382683426141739 -0.923879504203796 1.03257352911688E-16 0.173648178577423 -0.984807729721069 9.84105840653851E-17 0.382683426141739 -0.923879504203796 1.20606718488714E-16 0.70710676908493 -0.70710676908493 1.37676470548918E-16 0.5 -0.866025388240814 1.20606718488714E-16 0.70710676908493 -0.70710676908493 1.2444156751318E-16 0.923879504203796 -0.382683426141739 1.03257352911688E-16 0.766044437885284 -0.642787635326385 1.2444156751318E-16 0.923879504203796 -0.382683426141739 1.37676470548918E-16 0.939692616462708 -0.342020153999329 1 0 0 1 0 0 1 0 0 1 0 0 1 0 0 0.923879504203796 0.382683426141739 0 1 0 0 0.923879504203796 0.382683426141739 0 0.70710676908493 0.70710676908493 0 0.70710676908493 0.70710676908493 0 0.382683426141739 0.923879504203796 0 0.382683426141739 0.923879504203796 0 -1.60812262295773E-16 1 0 -1.60812262295773E-16 1 0 1 0 0 1 0 0 1 0 0 1 0 0 0.642787635326385 -0.766044437885284 0 0.642787635326385 -0.766044437885284 0 0.642787635326385 -0.766044437885284 0 0.642787635326385 -0.766044437885284 0 0.70710676908493 0.70710676908493 0 0.923879504203796 0.382683426141739 0 0.70710676908493 0.70710676908493 0 0.382683426141739 0.923879504203796 0 -1.60812262295773E-16 1 0 0.382683426141739 0.923879504203796 0 0.923879504203796 0.382683426141739 0 1 0 0 1 0 0 -1.60812262295773E-16 1 0 1 0 0 1 0 0 1 0 0 1 0 0 0.642787635326385 -0.766044437885284 0 0.642787635326385 -0.766044437885284 0 0.642787635326385 -0.766044437885284 0 0.642787635326385 -0.766044437885284 0 0.642787635326385 -0.766044437885284 0 0.923879504203796 0.382683426141739 0 1 0 0 0.923879504203796 0.382683426141739 0 -1.60812262295773E-16 1 0 0.382683426141739 0.923879504203796 0 -1.60812262295773E-16 1 0 1 0 0 0.70710676908493 0.70710676908493 0 0.70710676908493 0.70710676908493 0 0.382683426141739 0.923879504203796 0 1 0 0 1 0 0 1 0 0 1 0 0 0.642787635326385 -0.766044437885284 0 0.642787635326385 -0.766044437885284 0 0.642787635326385 -0.766044437885284 0 0.642787635326385 -0.766044437885284 0 0.642787635326385 -0.766044437885284 0 0.923879504203796 0.382683426141739 0 0.70710676908493 0.70710676908493 0 0.923879504203796 0.382683426141739 0 0.382683426141739 0.923879504203796 0 -1.60812262295773E-16 1 0 0.382683426141739 0.923879504203796 0 -1.60812262295773E-16 1 0 0.70710676908493 0.70710676908493 0 1 0 0 1 0 0 1 0 0 1 0 0 1 0 0 1 0 0 0.642787635326385 -0.766044437885284 0 0.642787635326385 -0.766044437885284 0 0.642787635326385 -0.766044437885284 0 0.642787635326385 -0.766044437885284 0 0.642787635326385 -0.766044437885284 0 -0.475339531898499 0.879802405834198 0 -0.475339531898499 0.879802405834198 0 -0.475339531898499 0.879802405834198 0 -0.475339531898499 0.879802405834198 0 0 1 0 0 1 0 0 1 0 0 1 0 0 1 0 0 1 0 0 1 0 0 1 0 0 1 0 0 1 0 0 1 0 0 1 0 0 1 0 0 1 0 0 1 0 0 1 0 0 1 0 0 1 0 0 1 0 0 1 0 0.382683426141739 0.923879504203796 0 0.70710676908493 0.70710676908493 0 0.382683426141739 0.923879504203796 0 0.70710676908493 0.70710676908493 0 0.923879504203796 0.382683426141739 0 0.923879504203796 0.382683426141739 0 1 0 0 1 0 0 -1.60812262295773E-16 1 0 -1.60812262295773E-16 1 0 1 0 0 1 0 0 1 0 0 1 0 0 0.642787635326385 -0.766044437885284 0 0.642787635326385 -0.766044437885284 0 0.642787635326385 -0.766044437885284 0 0.642787635326385 -0.766044437885284 0 0.642787635326385 -0.766044437885284 0 1 -1.42190454708624E-16 0 1 -1.42190454708624E-16 0 1 -1.42190454708624E-16 0 1 -1.42190454708624E-16 0 1 -1.42190454708624E-16 0 1 -1.42190454708624E-16 0 1 -1.42190454708624E-16 0 1 -1.42190454708624E-16 0 1 -1.42190454708624E-16 0 1 -1.42190454708624E-16 0 1 -1.42190454708624E-16 0 1 -1.42190454708624E-16 0 1 -1.42190454708624E-16 0 1 -1.42190454708624E-16 0 1 -1.42190454708624E-16 0 1 -1.42190454708624E-16 0 1 -1.42190454708624E-16 0 1 -1.42190454708624E-16 0 1 -1.42190454708624E-16 0 1 -1.42190454708624E-16 0 1 -1.42190454708624E-16 0 1 -1.42190454708624E-16 0 1 -1.42190454708624E-16 0 1 -1.42190454708624E-16 0 1 -1.42190454708624E-16 0 1 -1.42190454708624E-16 0 1 -1.42190454708624E-16 0 1 -1.42190454708624E-16 0 1 -1.42190454708624E-16 0 1 -1.42190454708624E-16 0 1 -1.42190454708624E-16 0 1 -1.42190454708624E-16 0 1 -1.42190454708624E-16 0 1 -1.42190454708624E-16 0 1 -1.42190454708624E-16 0 1 -1.42190454708624E-16 0 1 -1.42190454708624E-16 0 1 -1.42190454708624E-16 0 1 -1.42190454708624E-16 0 1 -1.42190454708624E-16 0 1 -1.42190454708624E-16 0 1 -1.42190454708624E-16 0 1 -1.42190454708624E-16 0 1 -1.42190454708624E-16 0 1 -1.42190454708624E-16 0 1 -1.42190454708624E-16 0 1 -1.42190454708624E-16 0 1 -1.42190454708624E-16 0 1 -1.42190454708624E-16 0 1 -1.42190454708624E-16 0 1 -1.42190454708624E-16 0 1 -1.42190454708624E-16 0 1 -1.42190454708624E-16 0 1 -1.42190454708624E-16 0 1 -1.42190454708624E-16 0 1 -1.42190454708624E-16 0 1 -1.42190454708624E-16 0 1 -1.42190454708624E-16 0 1 -1.42190454708624E-16 0 1 -1.42190454708624E-16 0 1 -1.42190454708624E-16 0 1 -1.42190454708624E-16 0 1 -1.42190454708624E-16 0 1 -1.42190454708624E-16 0 1 -1.42190454708624E-16 0 1 -1.42190454708624E-16 0 1 -1.42190454708624E-16 0 1 -1.42190454708624E-16 0 1 -1.42190454708624E-16 0 1 -1.42190454708624E-16 0 1 -1.42190454708624E-16 0 1 -1.42190454708624E-16 0 1 -1.42190454708624E-16 0 1 -1.42190454708624E-16 0 1 -1.42190454708624E-16 0 1 -1.42190454708624E-16 0 1 -1.42190454708624E-16 0 1 -1.42190454708624E-16 0 1 -1.42190454708624E-16 0 1 -1.42190454708624E-16 0 1 -1.42190454708624E-16 0 1 -1.42190454708624E-16 0 1 -1.42190454708624E-16 0 1 -1.42190454708624E-16 0 1 -1.42190454708624E-16 0 1 -1.42190454708624E-16 0 1 -1.42190454708624E-16 0 1 -1.42190454708624E-16 0 1 -1.42190454708624E-16 0 1 -1.42190454708624E-16 0 1 -1.42190454708624E-16 0 1 -1.42190454708624E-16 0 1 -1.42190454708624E-16 0 1 -1.42190454708624E-16 0 1 -1.42190454708624E-16 0 1 -1.42190454708624E-16 0 1 -1.42190454708624E-16 0 1 -1.42190454708624E-16 0 1 -1.42190454708624E-16 0 1 -1.42190454708624E-16 0 1 -1.42190454708624E-16 0 1 -1.42190454708624E-16 0 1 -1.42190454708624E-16 0 1 -1.42190454708624E-16 0 1 -1.42190454708624E-16 0 1 -1.42190454708624E-16 0 1 -1.42190454708624E-16 0 1 -1.42190454708624E-16 0 1 -1.42190454708624E-16 0 1 -1.42190454708624E-16 0 1 -1.42190454708624E-16 0 1 -1.42190454708624E-16 0 1 -1.42190454708624E-16 0 1 -1.42190454708624E-16 0 1 -1.42190454708624E-16 0 1 -1.42190454708624E-16 0 1 -1.42190454708624E-16 0 1 -1.42190454708624E-16 0 1 -1.42190454708624E-16 0 1 -1.42190454708624E-16 0 1 -1.42190454708624E-16 0 1 -1.42190454708624E-16 0 1 -1.42190454708624E-16 0 1 -1.42190454708624E-16 0 1 -1.42190454708624E-16 0 1 -1.42190454708624E-16 0 1 -1.42190454708624E-16 0 1 -1.42190454708624E-16 0 1 -1.42190454708624E-16 0 1 -1.42190454708624E-16 0 1 -1.42190454708624E-16 0 1 -1.42190454708624E-16 0 1 -1.42190454708624E-16 0 1 -1.42190454708624E-16 0 1 -1.42190454708624E-16 0 1 -1.42190454708624E-16 0 1 -1.42190454708624E-16 0 1 -1.42190454708624E-16 0 1 -1.42190454708624E-16 0 1 -1.42190454708624E-16 0 1 -1.42190454708624E-16 0 1 -1.42190454708624E-16 0 1 -1.42190454708624E-16 0 1 -1.42190454708624E-16 0 1 -1.42190454708624E-16 0 1 -1.42190454708624E-16 0 1 -1.42190454708624E-16 0 1 -1.42190454708624E-16 0 0.642787635326385 0.766044437885284 0 0.642787635326385 0.766044437885284 0 0.642787635326385 0.766044437885284 0 0.642787635326385 0.766044437885284 0 0.642787635326385 0.766044437885284 0 0.642787635326385 0.766044437885284 0 0.642787635326385 0.766044437885284 0 0.642787635326385 0.766044437885284 0 0.642787635326385 0.766044437885284 0 0.642787635326385 0.766044437885284 0 1 -1.0842021724855E-16 0 1 -1.0842021724855E-16 0 1 -1.0842021724855E-16 0 1 -1.0842021724855E-16 0 0 1 0 0 1 0 0 1 0 0 1 0 0 1 0 0 1 0 0 1 0 0 1 0 0 1 0 0 1 0 -1 0 0 -1 0 0 -1 0 0 -1 0 0 -1 0 0 -1 0 0 -1 0 0 -1 0 0 -1 0 0 -1 0 0 -1 0 0 -1 0 0 -1 0 0 -1 0 0 -1 0 0 -1 0 0 -1 0 0 -1 0 0 -1 0 0 -1 0 0 -1 0 0 -1 0 0 -1 0 0 -1 0 0 -1 0 0 -1 0 0 -1 0 0 -1 0 0 -1 0 0 -1 0 0 -1 0 0 -1 0 0 -1 0 0 -1 0 0 -1 0 0 -1 0 0 -1 0 0 -1 0 0 -1 0 0 -1 0 0 -1 0 0 -1 0 0 -1 0 0 -1 0 0 -1 0 0 -1 0 0 -1 0 0 -1 0 0 -1 0 0 -1 0 0 -1 0 0 -1 0 0 -1 0 0 -1 0 0 -1 0 0 -1 0 0 -1 0 0 -1 0 0 -1 0 0 -1 0 0 -1 0 0 -1 0 0 -1 0 0 -1 0 0 -1 0 0 -1 0 0 -1 0 0 -1 0 0 -1 0 0 -1 0 0 -1 0 0 -1 0 0 -1 0 0 -1 0 0 -1 0 0 -1 0 0 -1 0 0 -1 0 0 -1 0 0 -1 0 0 -1 0 0 -1 0 0 -1 0 0 -1 0 0 -1 0 0 -1 0 0 -1 0 0 -1 0 0 -1 0 0 -1 0 0 -1 0 0 -1 0 0 -1 0 0 -1 0 0 -1 0 0 -1 0 0 -1 0 0 -1 0 0 -1 0 0 -1 0 0 -1 0 0 -1 0 0 -1 0 0 -1 0 0 -1 0 0 -1 0 0 -1 0 0 -1 0 0 -1 0 0 -1 0 0 -1 0 0 -1 0 0 -1 0 0 -1 0 0 -1 0 0 -1 0 0 -1 0 0 -1 0 0 -1 0 0 -1 0 0 -1 0 0 -0.95105654001236 -0.30901700258255 0 -1 0 0 -1 0 0 -0.95105654001236 -0.30901700258255 0 -1 0 0 -1 0 0 -1 0 0 -1 0 0 -0.80901700258255 -0.587785243988037 0 -0.587785243988037 -0.80901700258255 0 -0.80901700258255 -0.587785243988037 0 -0.30901700258255 -0.95105654001236 0 -0.587785243988037 -0.80901700258255 0 -6.12323426292584E-17 -1 0 -0.30901700258255 -0.95105654001236 0 -6.12323426292584E-17 -1 0 -1 0 0 -2.11874624434484E-16 -1 0 -2.11874624434484E-16 -1 0 -2.11874624434484E-16 -1 0 -2.11874624434484E-16 -1 0 -2.11874624434484E-16 -1 0 -2.11874624434484E-16 -1 0 -2.11874624434484E-16 -1 0 -2.11874624434484E-16 -1 0 -2.11874624434484E-16 -1 0 -2.11874624434484E-16 -1 0 -2.11874624434484E-16 -1 0 -2.11874624434484E-16 -1 0 -2.11874624434484E-16 -1 0 -2.11874624434484E-16 -1 0 -2.11874624434484E-16 -1 0 -2.11874624434484E-16 -1 0 -2.11874624434484E-16 -1 0 -2.11874624434484E-16 -1 0 1 0 0 1 0 0 1 0 0 1 0 0 0 1 0 0 1 0 0 1 0 0 1 0 0 1 0 0 1 0 0 1 0 0 1 0 0 1 0 0 1 0 0 1 0 0 1 0 0 1 0 0 1 0 0 1 0 0 1 0 0 1 0 0 1 0 0 0 -1 0 0 -1 0 0 -1 0 0 -1 0 0 -1 0 0 -1 0 0 -1 0 0 -1 0 0 -1 0 0 -1 0 0 -1 0 0 -1 0 0 -1 0 0 -1 0 0 -1 0 0 -1 0 0 -1 0 0 -1 0 0 -1 0 0 -1 0 0 -1 0 0 -1 0 0 -1 0 0 1 0 0 1 0 0 1 0 0 1 0 0 1 0 0 1 0 0 1 0 0 1 0 0 1 0 0 1 0 0 1 0 0 1 0 0 1 0 0 1 0 0 1 0 0 1 0 0 1 0 0 1 0 0 1 0 0 1 0 0 1 0 0 1 0 0 1 0.994215905666351 0.107399865984917 0 0.994215905666351 0.107399865984917 0 0.994215905666351 0.107399865984917 0 0.994215905666351 0.107399865984917 0 0.992784321308136 0.119913555681705 0 0.949225664138794 0.314595967531204 0 0.992784321308136 0.119913555681705 0 0.949225664138794 0.314595967531204 0 0.867889165878296 0.496757924556732 0 0.867889165878296 0.496757924556732 0 0.752011835575104 0.659149587154388 0 0.752011835575104 0.659149587154388 0 0.606205523014069 0.7953080534935 0 0.606205523014069 0.7953080534935 0 0.436273068189621 0.899814307689667 0 0.436273068189621 0.899814307689667 0 0.248977571725845 0.968509256839752 0 0.0517731010913849 0.998658895492554 0 0.248977571725845 0.968509256839752 0 0.0517731010913849 0.998658895492554 0 0 0 1 0 0 1 0 0 1 0 0 1 0 0 1 0 0 1 0 0 1 0 0 1 0 0 1 0 0 1 0 0 1 0 0 1 0 0 1 0 0 1 0 0 1 0 0 1 0 0 -1 0 0 -1 0 0 -1 0 0 -1 0 0 -1 0 0 -1 0 0 -1 0 0 -1 0 0 -1 0 0 -1 0 0 -1 0 0 -1 0 0 -1 0 0 -1 0 0 -1 0 0 -1 0.994215905666351 0.107399865984917 0 0.994215905666351 0.107399865984917 0 0.994215905666351 0.107399865984917 0 0.994215905666351 0.107399865984917 0 0.994215905666351 0.107399865984917 0 0.949225664138794 0.314595967531204 0 0.992784321308136 0.119913555681705 0 0.949225664138794 0.314595967531204 0 0.867889165878296 0.496757924556732 0 0.867889165878296 0.496757924556732 0 0.992784321308136 0.119913555681705 0 0.752011835575104 0.659149587154388 0 0.752011835575104 0.659149587154388 0 0.606205523014069 0.7953080534935 0 0.606205523014069 0.7953080534935 0 0.436273068189621 0.899814307689667 0 0.436273068189621 0.899814307689667 0 0.248977571725845 0.968509256839752 0 0.248977571725845 0.968509256839752 0 0.0517731010913849 0.998658895492554 0 0.0517731010913849 0.998658895492554 0 0 0 1 0 0 1 0 0 1 0 0 1 0 0 1 0 0 1 0 0 1 0 0 1 0 0 1 0 0 1 0 0 1 0 0 1 0 0 1 0 0 1 0 0 1 0 0 1 0 0 -1 0 0 -1 0 0 -1 0 0 -1 0 0 -1 0 0 -1 0 0 -1 0 0 -1 0 0 -1 0 0 -1 0 0 -1 0 0 -1 0 0 -1 0 0 -1 0 0 -1 0 0 -1 0.994215905666351 0.107399865984917 0 0.994215905666351 0.107399865984917 0 0.994215905666351 0.107399865984917 0 0.994215905666351 0.107399865984917 0 0.994215905666351 0.107399865984917 0 0.949225664138794 0.314595967531204 0 0.867889165878296 0.496757924556732 0 0.949225664138794 0.314595967531204 0 0.992784321308136 0.119913555681705 0 0.992784321308136 0.119913555681705 0 0.867889165878296 0.496757924556732 0 0.752011835575104 0.659149587154388 0 0.752011835575104 0.659149587154388 0 0.606205523014069 0.7953080534935 0 0.606205523014069 0.7953080534935 0 0.436273068189621 0.899814307689667 0 0.436273068189621 0.899814307689667 0 0.248977571725845 0.968509256839752 0 0.248977571725845 0.968509256839752 0 0.0517731010913849 0.998658895492554 0 0.0517731010913849 0.998658895492554 0 0 0 1 0 0 1 0 0 1 0 0 1 0 0 1 0 0 1 0 0 1 0 0 1 0 0 1 0 0 1 0 0 1 0 0 1 0 0 1 0 0 1 0 0 1 0 0 1 0 0 -1 0 0 -1 0 0 -1 0 0 -1 0 0 -1 0 0 -1 0 0 -1 0 0 -1 0 0 -1 0 0 -1 0 0 -1 0 0 -1 0 0 -1 0 0 -1 0 0 -1 0 0 -1 0.994215905666351 0.107399865984917 0 0.994215905666351 0.107399865984917 0 0.994215905666351 0.107399865984917 0 0.994215905666351 0.107399865984917 0 0.606205523014069 0.7953080534935 0 0.752011835575104 0.659149587154388 0 0.606205523014069 0.7953080534935 0 0.949225664138794 0.314595967531204 0 0.992784321308136 0.119913555681705 0 0.949225664138794 0.314595967531204 0 0.752011835575104 0.659149587154388 0 0.867889165878296 0.496757924556732 0 0.992784321308136 0.119913555681705 0 0.867889165878296 0.496757924556732 0 0.436273068189621 0.899814307689667 0 0.436273068189621 0.899814307689667 0 0.248977571725845 0.968509256839752 0 0.248977571725845 0.968509256839752 0 0.0517731010913849 0.998658895492554 0 0.0517731010913849 0.998658895492554 0 0 0 1 0 0 1 0 0 1 0 0 1 0 0 1 0 0 1 0 0 1 0 0 1 0 0 1 0 0 1 0 0 1 0 0 1 0 0 1 0 0 1 0 0 1 0 0 1 0 0 -1 0 0 -1 0 0 -1 0 0 -1 0 0 -1 0 0 -1 0 0 -1 0 0 -1 0 0 -1 0 0 -1 0 0 -1 0 0 -1 0 0 -1 0 0 -1 0 0 -1 0 0 -1 0 0 -1 0 0 -1 0 0 -1 0 0 -1 0.0702409669756889 -2.97645557867814E-17 0.997530043125153 0.478558629751205 -2.02788859351311E-16 0.87805563211441 0.0702409669756889 -2.97645557867814E-17 0.997530043125153 0.478558629751205 -2.02788859351311E-16 0.87805563211441 0.80025839805603 -3.3910889927943E-16 0.599655330181122 0.80025839805603 -3.3910889927943E-16 0.599655330181122 0.977113425731659 -4.14051065730041E-16 0.212718978524208 0.977113425731659 -4.14051065730041E-16 0.212718978524208 0.977113425731659 -4.14051065730041E-16 -0.212718978524208 0.977113425731659 -4.14051065730041E-16 -0.212718978524208 0.80025839805603 -3.3910889927943E-16 -0.599655330181122 0.80025839805603 -3.3910889927943E-16 -0.599655330181122 0.478558629751205 -2.02788859351311E-16 -0.87805563211441 0.478558629751205 -2.02788859351311E-16 -0.87805563211441 0.0702409669756889 -2.97645557867814E-17 -0.997530043125153 0.0702409669756889 -2.97645557867814E-17 -0.997530043125153 -0.350790113210678 1.48647042758409E-16 -0.936454117298126 -0.708329081535339 3.00153906974764E-16 0.705882370471954 -0.350790113210678 1.48647042758409E-16 0.936454117298126 -0.708329081535339 3.00153906974764E-16 0.705882370471954 -0.350790113210678 1.48647042758409E-16 0.936454117298126 -0.350790113210678 1.48647042758409E-16 -0.936454117298126 -0.708329081535339 3.00153906974764E-16 -0.705882370471954 -0.708329081535339 3.00153906974764E-16 -0.705882370471954 0 0 1 0 0 1 0 0 1 0 0 1 1.33615318143748E-16 0.939692616462708 -0.342020153999329 1.42190454708624E-16 1 -2.44929370517034E-16 1.33615318143748E-16 0.939692616462708 -0.342020153999329 -1.42190454708624E-16 -1 1.22464685258517E-16 -1.33615318143748E-16 -0.939692616462708 0.342020153999329 -1.42190454708624E-16 -1 1.22464685258517E-16 -1.33615318143748E-16 -0.939692616462708 -0.342020153999329 -1.33615318143748E-16 -0.939692616462708 -0.342020153999329 -1.08924201852167E-16 -0.766044437885284 -0.642787635326385 -1.08924201852167E-16 -0.766044437885284 -0.642787635326385 -7.1095227354312E-17 -0.5 -0.866025388240814 -7.1095227354312E-17 -0.5 -0.866025388240814 1.08924201852167E-16 0.766044437885284 -0.642787635326385 1.08924201852167E-16 0.766044437885284 -0.642787635326385 2.46911129828588E-17 0.173648178577423 -0.984807729721069 -2.46911129828588E-17 -0.173648178577423 -0.984807729721069 2.46911129828588E-17 0.173648178577423 -0.984807729721069 7.1095227354312E-17 0.5 -0.866025388240814 7.1095227354312E-17 0.5 -0.866025388240814 1.42190454708624E-16 1 -2.44929370517034E-16 -2.46911129828588E-17 -0.173648178577423 -0.984807729721069 -1.33615318143748E-16 -0.939692616462708 0.342020153999329 -1.08924201852167E-16 -0.766044437885284 0.642787635326385 -1.08924201852167E-16 -0.766044437885284 0.642787635326385 -7.1095227354312E-17 -0.5 0.866025388240814 -7.1095227354312E-17 -0.5 0.866025388240814 -2.46911129828588E-17 -0.173648178577423 0.984807729721069 -2.46911129828588E-17 -0.173648178577423 0.984807729721069 2.46911129828588E-17 0.173648178577423 0.984807729721069 2.46911129828588E-17 0.173648178577423 0.984807729721069 7.1095227354312E-17 0.5 0.866025388240814 7.1095227354312E-17 0.5 0.866025388240814 1.08924201852167E-16 0.766044437885284 0.642787635326385 1.08924201852167E-16 0.766044437885284 0.642787635326385 1.33615318143748E-16 0.939692616462708 0.342020153999329 1.33615318143748E-16 0.939692616462708 0.342020153999329 1.33615318143748E-16 0.939692616462708 0.342020153999329 1.42190454708624E-16 1 -2.44929370517034E-16 1.33615318143748E-16 0.939692616462708 0.342020153999329 -1.08924201852167E-16 -0.766044437885284 -0.642787635326385 -7.1095227354312E-17 -0.5 -0.866025388240814 -1.08924201852167E-16 -0.766044437885284 -0.642787635326385 -1.33615318143748E-16 -0.939692616462708 -0.342020153999329 -1.33615318143748E-16 -0.939692616462708 -0.342020153999329 -1.42190454708624E-16 -1 1.01064307848886E-15 -1.42190454708624E-16 -1 1.01064307848886E-15 -1.33615318143748E-16 -0.939692616462708 0.342020153999329 -1.33615318143748E-16 -0.939692616462708 0.342020153999329 -1.08924201852167E-16 -0.766044437885284 0.642787635326385 -1.08924201852167E-16 -0.766044437885284 0.642787635326385 -7.1095227354312E-17 -0.5 0.866025388240814 -7.1095227354312E-17 -0.5 0.866025388240814 -2.46911129828588E-17 -0.173648178577423 0.984807729721069 -2.46911129828588E-17 -0.173648178577423 0.984807729721069 2.46911129828588E-17 0.173648178577423 0.984807729721069 2.46911129828588E-17 0.173648178577423 0.984807729721069 7.1095227354312E-17 0.5 0.866025388240814 7.1095227354312E-17 0.5 0.866025388240814 1.08924201852167E-16 0.766044437885284 0.642787635326385 1.08924201852167E-16 0.766044437885284 0.642787635326385 1.42190454708624E-16 1 -2.44929370517034E-16 7.1095227354312E-17 0.5 -0.866025388240814 2.46911129828588E-17 0.173648178577423 -0.984807729721069 7.1095227354312E-17 0.5 -0.866025388240814 1.08924201852167E-16 0.766044437885284 -0.642787635326385 1.08924201852167E-16 0.766044437885284 -0.642787635326385 1.33615318143748E-16 0.939692616462708 -0.342020153999329 1.33615318143748E-16 0.939692616462708 -0.342020153999329 2.46911129828588E-17 0.173648178577423 -0.984807729721069 -7.1095227354312E-17 -0.5 -0.866025388240814 -2.46911129828588E-17 -0.173648178577423 -0.984807729721069 -2.46911129828588E-17 -0.173648178577423 -0.984807729721069 -7.1095227354312E-17 -0.5 0.866025388240814 -2.46911129828588E-17 -0.173648178577423 0.984807729721069 -7.1095227354312E-17 -0.5 0.866025388240814 1.42190454708624E-16 1 -2.44929370517034E-16 1.33615318143748E-16 0.939692616462708 -0.342020153999329 1.42190454708624E-16 1 -2.44929370517034E-16 1.33615318143748E-16 0.939692616462708 -0.342020153999329 1.08924201852167E-16 0.766044437885284 -0.642787635326385 1.08924201852167E-16 0.766044437885284 -0.642787635326385 7.1095227354312E-17 0.5 -0.866025388240814 7.1095227354312E-17 0.5 -0.866025388240814 2.46911129828588E-17 0.173648178577423 -0.984807729721069 2.46911129828588E-17 0.173648178577423 -0.984807729721069 -2.46911129828588E-17 -0.173648178577423 -0.984807729721069 -2.46911129828588E-17 -0.173648178577423 -0.984807729721069 -7.1095227354312E-17 -0.5 -0.866025388240814 -7.1095227354312E-17 -0.5 -0.866025388240814 -1.08924201852167E-16 -0.766044437885284 -0.642787635326385 -1.08924201852167E-16 -0.766044437885284 -0.642787635326385 -1.33615318143748E-16 -0.939692616462708 -0.342020153999329 -1.33615318143748E-16 -0.939692616462708 -0.342020153999329 -1.42190454708624E-16 -1 5.665538686388E-16 -1.42190454708624E-16 -1 5.665538686388E-16 -1.33615318143748E-16 -0.939692616462708 0.342020153999329 -1.33615318143748E-16 -0.939692616462708 0.342020153999329 -1.08924201852167E-16 -0.766044437885284 0.642787635326385 -1.08924201852167E-16 -0.766044437885284 0.642787635326385 -2.46911129828588E-17 -0.173648178577423 0.984807729721069 2.46911129828588E-17 0.173648178577423 0.984807729721069 2.46911129828588E-17 0.173648178577423 0.984807729721069 7.1095227354312E-17 0.5 0.866025388240814 7.1095227354312E-17 0.5 0.866025388240814 1.08924201852167E-16 0.766044437885284 0.642787635326385 1.08924201852167E-16 0.766044437885284 0.642787635326385 1.33615318143748E-16 0.939692616462708 0.342020153999329 1.33615318143748E-16 0.939692616462708 0.342020153999329 1.33615318143748E-16 0.939692616462708 0.342020153999329 1.42190454708624E-16 1 -2.44929370517034E-16 1.33615318143748E-16 0.939692616462708 0.342020153999329 1.42190454708624E-16 1 -2.44929370517034E-16 1.08924201852167E-16 0.766044437885284 0.642787635326385 1.08924201852167E-16 0.766044437885284 0.642787635326385 7.1095227354312E-17 0.5 0.866025388240814 7.1095227354312E-17 0.5 0.866025388240814 2.46911129828588E-17 0.173648178577423 0.984807729721069 2.46911129828588E-17 0.173648178577423 0.984807729721069 -2.46911129828588E-17 -0.173648178577423 0.984807729721069 -2.46911129828588E-17 -0.173648178577423 0.984807729721069 -7.1095227354312E-17 -0.5 0.866025388240814 -7.1095227354312E-17 -0.5 0.866025388240814 -1.08924201852167E-16 -0.766044437885284 0.642787635326385 -1.08924201852167E-16 -0.766044437885284 0.642787635326385 -1.33615318143748E-16 -0.939692616462708 0.342020153999329 -1.33615318143748E-16 -0.939692616462708 0.342020153999329 -1.42190454708624E-16 -1 1.01064307848886E-15 -1.42190454708624E-16 -1 1.01064307848886E-15 -1.33615318143748E-16 -0.939692616462708 -0.342020153999329 -1.33615318143748E-16 -0.939692616462708 -0.342020153999329 -1.08924201852167E-16 -0.766044437885284 -0.642787635326385 -2.46911129828588E-17 -0.173648178577423 -0.984807729721069 2.46911129828588E-17 0.173648178577423 -0.984807729721069 -2.46911129828588E-17 -0.173648178577423 -0.984807729721069 2.46911129828588E-17 0.173648178577423 -0.984807729721069 7.1095227354312E-17 0.5 -0.866025388240814 1.33615318143748E-16 0.939692616462708 -0.342020153999329 -1.08924201852167E-16 -0.766044437885284 -0.642787635326385 -7.1095227354312E-17 -0.5 -0.866025388240814 -7.1095227354312E-17 -0.5 -0.866025388240814 7.1095227354312E-17 0.5 -0.866025388240814 1.08924201852167E-16 0.766044437885284 -0.642787635326385 1.08924201852167E-16 0.766044437885284 -0.642787635326385 1.33615318143748E-16 0.939692616462708 -0.342020153999329 -7.1095227354312E-17 -0.5 0.866025388240814 -1.08924201852167E-16 -0.766044437885284 0.642787635326385 -7.1095227354312E-17 -0.5 0.866025388240814 -2.46911129828588E-17 -0.173648178577423 0.984807729721069 -2.46911129828588E-17 -0.173648178577423 0.984807729721069 2.46911129828588E-17 0.173648178577423 0.984807729721069 2.46911129828588E-17 0.173648178577423 0.984807729721069 7.1095227354312E-17 0.5 0.866025388240814 7.1095227354312E-17 0.5 0.866025388240814 1.08924201852167E-16 0.766044437885284 0.642787635326385 1.08924201852167E-16 0.766044437885284 0.642787635326385 1.33615318143748E-16 0.939692616462708 0.342020153999329 1.33615318143748E-16 0.939692616462708 0.342020153999329 1.42190454708624E-16 1 -2.44929370517034E-16 1.42190454708624E-16 1 -2.44929370517034E-16 1.33615318143748E-16 0.939692616462708 -0.342020153999329 1.33615318143748E-16 0.939692616462708 -0.342020153999329 1.08924201852167E-16 0.766044437885284 -0.642787635326385 1.08924201852167E-16 0.766044437885284 -0.642787635326385 7.1095227354312E-17 0.5 -0.866025388240814 7.1095227354312E-17 0.5 -0.866025388240814 2.46911129828588E-17 0.173648178577423 -0.984807729721069 2.46911129828588E-17 0.173648178577423 -0.984807729721069 -2.46911129828588E-17 -0.173648178577423 -0.984807729721069 -2.46911129828588E-17 -0.173648178577423 -0.984807729721069 -7.1095227354312E-17 -0.5 -0.866025388240814 -7.1095227354312E-17 -0.5 -0.866025388240814 -1.08924201852167E-16 -0.766044437885284 -0.642787635326385 -1.08924201852167E-16 -0.766044437885284 -0.642787635326385 -1.33615318143748E-16 -0.939692616462708 -0.342020153999329 -1.33615318143748E-16 -0.939692616462708 -0.342020153999329 -1.42190454708624E-16 -1 5.665538686388E-16 -1.42190454708624E-16 -1 5.665538686388E-16 -1.33615318143748E-16 -0.939692616462708 0.342020153999329 -1.33615318143748E-16 -0.939692616462708 0.342020153999329 -1.08924201852167E-16 -0.766044437885284 0.642787635326385 -1.33615318143748E-16 -0.939692616462708 -0.342020153999329 -1.42190454708624E-16 -1 5.665538686388E-16 -1.33615318143748E-16 -0.939692616462708 -0.342020153999329 -1.08924201852167E-16 -0.766044437885284 -0.642787635326385 -1.08924201852167E-16 -0.766044437885284 -0.642787635326385 -7.1095227354312E-17 -0.5 -0.866025388240814 -7.1095227354312E-17 -0.5 -0.866025388240814 -2.46911129828588E-17 -0.173648178577423 -0.984807729721069 -2.46911129828588E-17 -0.173648178577423 -0.984807729721069 2.46911129828588E-17 0.173648178577423 -0.984807729721069 2.46911129828588E-17 0.173648178577423 -0.984807729721069 7.1095227354312E-17 0.5 -0.866025388240814 7.1095227354312E-17 0.5 -0.866025388240814 1.08924201852167E-16 0.766044437885284 -0.642787635326385 1.08924201852167E-16 0.766044437885284 -0.642787635326385 1.33615318143748E-16 0.939692616462708 -0.342020153999329 1.33615318143748E-16 0.939692616462708 -0.342020153999329 1.42190454708624E-16 1 -2.44929370517034E-16 1.42190454708624E-16 1 -2.44929370517034E-16 -1.33615318143748E-16 -0.939692616462708 0.342020153999329 -1.08924201852167E-16 -0.766044437885284 0.642787635326385 -1.33615318143748E-16 -0.939692616462708 0.342020153999329 -1.08924201852167E-16 -0.766044437885284 0.642787635326385 -7.1095227354312E-17 -0.5 0.866025388240814 -7.1095227354312E-17 -0.5 0.866025388240814 -2.46911129828588E-17 -0.173648178577423 0.984807729721069 -2.46911129828588E-17 -0.173648178577423 0.984807729721069 2.46911129828588E-17 0.173648178577423 0.984807729721069 2.46911129828588E-17 0.173648178577423 0.984807729721069 7.1095227354312E-17 0.5 0.866025388240814 7.1095227354312E-17 0.5 0.866025388240814 1.08924201852167E-16 0.766044437885284 0.642787635326385 1.08924201852167E-16 0.766044437885284 0.642787635326385 1.33615318143748E-16 0.939692616462708 0.342020153999329 1.33615318143748E-16 0.939692616462708 0.342020153999329 -1.42190454708624E-16 -1 5.665538686388E-16 0.70710676908493 -0.653281509876251 0.27059805393219 0.70710676908493 -0.541675209999084 0.454519480466843 0.70710676908493 -0.664463043212891 0.24184475839138 0.70710676908493 -0.5 0.5 0.70710676908493 -0.541675209999084 0.454519480466843 0.70710676908493 -0.353553384542465 0.61237245798111 0.70710676908493 -0.27059805393219 0.653281509876251 0.70710676908493 -0.353553384542465 0.61237245798111 0.70710676908493 -0.122787803411484 0.696364223957062 0.70710676908493 -3.40111091457265E-17 0.70710676908493 0.70710676908493 -0.122787803411484 0.696364223957062 0.70710676908493 -0.664463043212891 0.24184475839138 0.70710676908493 0.122787803411484 0.696364223957062 0.70710676908493 0.27059805393219 0.653281509876251 0.70710676908493 0.353553384542465 0.61237245798111 0.70710676908493 0.122787803411484 0.696364223957062 0.70710676908493 0.5 0.5 0.70710676908493 0.541675209999084 0.454519480466843 0.70710676908493 0.353553384542465 0.61237245798111 0.70710676908493 0.653281509876251 0.27059805393219 0.70710676908493 0.664463043212891 0.24184475839138 0.70710676908493 0.541675209999084 0.454519480466843 0.70710676908493 -0.70710676908493 2.74766185493405E-16 0.70710676908493 -0.70710676908493 2.74766185493405E-16 0.70710676908493 -0.664463043212891 -0.24184475839138 0.70710676908493 -0.664463043212891 -0.24184475839138 0.70710676908493 -0.653281509876251 -0.27059805393219 0.70710676908493 -0.541675209999084 -0.454519480466843 0.70710676908493 -0.541675209999084 -0.454519480466843 0.70710676908493 -0.5 -0.5 0.70710676908493 -0.353553384542465 -0.61237245798111 0.70710676908493 -0.353553384542465 -0.61237245798111 0.70710676908493 -0.27059805393219 -0.653281509876251 0.70710676908493 -0.122787803411484 -0.696364223957062 0.70710676908493 -0.122787803411484 -0.696364223957062 0.70710676908493 -2.0720232452298E-16 -0.70710676908493 0.70710676908493 0.122787803411484 -0.696364223957062 0.70710676908493 0.122787803411484 -0.696364223957062 0.70710676908493 0.27059805393219 -0.653281509876251 0.70710676908493 0.353553384542465 -0.61237245798111 0.70710676908493 0.353553384542465 -0.61237245798111 0.70710676908493 0.5 -0.5 0.70710676908493 0.541675209999084 -0.454519480466843 0.70710676908493 0.541675209999084 -0.454519480466843 0.70710676908493 0.653281509876251 -0.27059805393219 0.70710676908493 0.664463043212891 -0.24184475839138 0.70710676908493 0.664463043212891 -0.24184475839138 0.70710676908493 0.70710676908493 0 0.70710676908493 0.70710676908493 0 0.70710676908493 0.664463043212891 0.24184475839138 0.70710676908493 -0.353553384542465 -0.61237245798111 0.70710676908493 -0.27059805393219 -0.653281509876251 0.70710676908493 -0.353553384542465 -0.61237245798111 0.70710676908493 -0.541675209999084 -0.454519480466843 0.70710676908493 -0.5 -0.5 0.70710676908493 -0.541675209999084 -0.454519480466843 0.70710676908493 -0.664463043212891 -0.24184475839138 0.70710676908493 -0.653281509876251 -0.27059805393219 0.70710676908493 -0.664463043212891 -0.24184475839138 0.70710676908493 -0.70710676908493 2.74766185493405E-16 0.70710676908493 -0.70710676908493 2.74766185493405E-16 0.70710676908493 -0.664463043212891 0.24184475839138 0.70710676908493 -0.664463043212891 0.24184475839138 0.70710676908493 -0.541675209999084 0.454519480466843 0.70710676908493 -0.653281509876251 0.27059805393219 0.70710676908493 -0.541675209999084 0.454519480466843 0.70710676908493 -0.353553384542465 0.61237245798111 0.70710676908493 -0.5 0.5 0.70710676908493 -0.353553384542465 0.61237245798111 0.70710676908493 -0.122787803411484 0.696364223957062 0.70710676908493 -0.27059805393219 0.653281509876251 0.70710676908493 -0.122787803411484 0.696364223957062 0.70710676908493 0.122787803411484 0.696364223957062 0.70710676908493 -3.40111091457265E-17 0.70710676908493 0.70710676908493 0.122787803411484 0.696364223957062 0.70710676908493 0.353553384542465 0.61237245798111 0.70710676908493 0.27059805393219 0.653281509876251 0.70710676908493 0.353553384542465 0.61237245798111 0.70710676908493 0.541675209999084 0.454519480466843 0.70710676908493 0.5 0.5 0.70710676908493 0.541675209999084 0.454519480466843 0.70710676908493 0.664463043212891 0.24184475839138 0.70710676908493 0.653281509876251 0.27059805393219 0.70710676908493 0.664463043212891 0.24184475839138 0.70710676908493 0.70710676908493 0 0.70710676908493 0.70710676908493 0 0.70710676908493 -0.122787803411484 -0.696364223957062 0.70710676908493 -2.0720232452298E-16 -0.70710676908493 0.70710676908493 -0.122787803411484 -0.696364223957062 0.70710676908493 0.541675209999084 -0.454519480466843 0.70710676908493 0.653281509876251 -0.27059805393219 0.70710676908493 0.541675209999084 -0.454519480466843 0.70710676908493 0.664463043212891 -0.24184475839138 0.70710676908493 0.664463043212891 -0.24184475839138 0.70710676908493 0.5 -0.5 0.70710676908493 0.353553384542465 -0.61237245798111 0.70710676908493 0.27059805393219 -0.653281509876251 0.70710676908493 0.353553384542465 -0.61237245798111 0.70710676908493 0.122787803411484 -0.696364223957062 0.70710676908493 0.122787803411484 -0.696364223957062 0.70710676908493 -0.70710676908493 3.18063995127983E-16 0.70710676908493 -0.664463043212891 0.24184475839138 0.70710676908493 -0.70710676908493 3.18063995127983E-16 0.70710676908493 -0.664463043212891 -0.24184475839138 0.70710676908493 -0.664463043212891 -0.24184475839138 0.70710676908493 -0.653281509876251 -0.27059805393219 0.70710676908493 -0.541675209999084 -0.454519480466843 0.70710676908493 -0.541675209999084 -0.454519480466843 0.70710676908493 -0.5 -0.5 0.70710676908493 -0.353553384542465 -0.61237245798111 0.70710676908493 -0.353553384542465 -0.61237245798111 0.70710676908493 -0.122787803411484 -0.696364223957062 0.70710676908493 -0.27059805393219 -0.653281509876251 0.70710676908493 -2.0720232452298E-16 -0.70710676908493 0.70710676908493 0.122787803411484 -0.696364223957062 0.70710676908493 0.122787803411484 -0.696364223957062 0.70710676908493 0.27059805393219 -0.653281509876251 0.70710676908493 0.353553384542465 -0.61237245798111 0.70710676908493 0.353553384542465 -0.61237245798111 0.70710676908493 0.5 -0.5 0.70710676908493 0.541675209999084 -0.454519480466843 0.70710676908493 0.541675209999084 -0.454519480466843 0.70710676908493 0.653281509876251 -0.27059805393219 0.70710676908493 0.664463043212891 -0.24184475839138 0.70710676908493 0.664463043212891 -0.24184475839138 0.70710676908493 0.70710676908493 4.32978030171328E-17 0.70710676908493 -0.122787803411484 -0.696364223957062 0.70710676908493 -0.664463043212891 0.24184475839138 0.70710676908493 0.70710676908493 4.32978030171328E-17 0.70710676908493 -0.541675209999084 0.454519480466843 0.70710676908493 -0.653281509876251 0.27059805393219 0.70710676908493 -0.541675209999084 0.454519480466843 0.70710676908493 -0.353553384542465 0.61237245798111 0.70710676908493 -0.5 0.5 0.70710676908493 -0.353553384542465 0.61237245798111 0.70710676908493 -0.122787803411484 0.696364223957062 0.70710676908493 -0.27059805393219 0.653281509876251 0.70710676908493 -0.122787803411484 0.696364223957062 0.70710676908493 0.122787803411484 0.696364223957062 0.70710676908493 -3.40111091457265E-17 0.70710676908493 0.70710676908493 0.122787803411484 0.696364223957062 0.70710676908493 0.353553384542465 0.61237245798111 0.70710676908493 0.27059805393219 0.653281509876251 0.70710676908493 0.353553384542465 0.61237245798111 0.70710676908493 0.541675209999084 0.454519480466843 0.70710676908493 0.5 0.5 0.70710676908493 0.541675209999084 0.454519480466843 0.70710676908493 0.664463043212891 0.24184475839138 0.70710676908493 0.653281509876251 0.27059805393219 0.70710676908493 0.664463043212891 0.24184475839138 0.70710676908493 0.70710676908493 0 0.70710676908493 0.664463043212891 0.24184475839138 0.70710676908493 0.70710676908493 0 0.70710676908493 0.664463043212891 0.24184475839138 0.70710676908493 0.653281509876251 0.27059805393219 0.70710676908493 0.541675209999084 0.454519480466843 0.70710676908493 0.5 0.5 0.70710676908493 0.541675209999084 0.454519480466843 0.70710676908493 0.353553384542465 0.61237245798111 0.70710676908493 0.27059805393219 0.653281509876251 0.70710676908493 0.353553384542465 0.61237245798111 0.70710676908493 0.122787803411484 0.696364223957062 0.70710676908493 -3.40111091457265E-17 0.70710676908493 0.70710676908493 0.122787803411484 0.696364223957062 0.70710676908493 -0.122787803411484 0.696364223957062 0.70710676908493 -0.27059805393219 0.653281509876251 0.70710676908493 -0.122787803411484 0.696364223957062 0.70710676908493 -0.353553384542465 0.61237245798111 0.70710676908493 -0.5 0.5 0.70710676908493 -0.353553384542465 0.61237245798111 0.70710676908493 -0.541675209999084 0.454519480466843 0.70710676908493 -0.653281509876251 0.27059805393219 0.70710676908493 -0.541675209999084 0.454519480466843 0.70710676908493 -0.664463043212891 0.24184475839138 0.70710676908493 -0.70710676908493 2.74766185493405E-16 0.70710676908493 -0.664463043212891 0.24184475839138 0.70710676908493 -0.70710676908493 2.74766185493405E-16 0.70710676908493 -0.664463043212891 -0.24184475839138 0.70710676908493 -0.664463043212891 -0.24184475839138 0.70710676908493 -0.653281509876251 -0.27059805393219 0.70710676908493 -0.541675209999084 -0.454519480466843 0.70710676908493 -0.5 -0.5 0.70710676908493 -0.541675209999084 -0.454519480466843 0.70710676908493 -0.353553384542465 -0.61237245798111 0.70710676908493 -0.27059805393219 -0.653281509876251 0.70710676908493 -0.353553384542465 -0.61237245798111 0.70710676908493 -0.122787803411484 -0.696364223957062 0.70710676908493 -2.0720232452298E-16 -0.70710676908493 0.70710676908493 -0.122787803411484 -0.696364223957062 0.70710676908493 0.122787803411484 -0.696364223957062 0.70710676908493 0.27059805393219 -0.653281509876251 0.70710676908493 0.122787803411484 -0.696364223957062 0.70710676908493 0.353553384542465 -0.61237245798111 0.70710676908493 0.5 -0.5 0.70710676908493 0.353553384542465 -0.61237245798111 0.70710676908493 0.541675209999084 -0.454519480466843 0.70710676908493 0.653281509876251 -0.27059805393219 0.70710676908493 0.541675209999084 -0.454519480466843 0.70710676908493 0.664463043212891 -0.24184475839138 0.70710676908493 0.664463043212891 -0.24184475839138 0.70710676908493 -0.70710676908493 2.74766185493405E-16 0.70710676908493 -0.664463043212891 0.24184475839138 0.70710676908493 -0.70710676908493 2.74766185493405E-16 0.70710676908493 -0.664463043212891 -0.24184475839138 0.70710676908493 -0.664463043212891 -0.24184475839138 0.70710676908493 -0.653281509876251 -0.27059805393219 0.70710676908493 -0.541675209999084 -0.454519480466843 0.70710676908493 -0.541675209999084 -0.454519480466843 0.70710676908493 -0.5 -0.5 0.70710676908493 -0.353553384542465 -0.61237245798111 0.70710676908493 -0.353553384542465 -0.61237245798111 0.70710676908493 -0.27059805393219 -0.653281509876251 0.70710676908493 -0.122787803411484 -0.696364223957062 0.70710676908493 -0.122787803411484 -0.696364223957062 0.70710676908493 -2.0720232452298E-16 -0.70710676908493 0.70710676908493 0.122787803411484 -0.696364223957062 0.70710676908493 0.122787803411484 -0.696364223957062 0.70710676908493 0.27059805393219 -0.653281509876251 0.70710676908493 0.353553384542465 -0.61237245798111 0.70710676908493 0.353553384542465 -0.61237245798111 0.70710676908493 0.5 -0.5 0.70710676908493 0.541675209999084 -0.454519480466843 0.70710676908493 0.541675209999084 -0.454519480466843 0.70710676908493 0.653281509876251 -0.27059805393219 0.70710676908493 0.664463043212891 -0.24184475839138 0.70710676908493 0.664463043212891 -0.24184475839138 0.70710676908493 0.70710676908493 0 0.70710676908493 0.70710676908493 0 0.70710676908493 -0.664463043212891 0.24184475839138 0.70710676908493 -0.541675209999084 0.454519480466843 0.70710676908493 -0.653281509876251 0.27059805393219 0.70710676908493 -0.541675209999084 0.454519480466843 0.70710676908493 -0.353553384542465 0.61237245798111 0.70710676908493 -0.5 0.5 0.70710676908493 -0.353553384542465 0.61237245798111 0.70710676908493 -0.122787803411484 0.696364223957062 0.70710676908493 -0.27059805393219 0.653281509876251 0.70710676908493 -0.122787803411484 0.696364223957062 0.70710676908493 0.122787803411484 0.696364223957062 0.70710676908493 1.2299813072683E-16 0.70710676908493 0.70710676908493 0.122787803411484 0.696364223957062 0.70710676908493 0.353553384542465 0.61237245798111 0.70710676908493 0.27059805393219 0.653281509876251 0.70710676908493 0.353553384542465 0.61237245798111 0.70710676908493 0.541675209999084 0.454519480466843 0.70710676908493 0.5 0.5 0.70710676908493 0.541675209999084 0.454519480466843 0.70710676908493 0.664463043212891 0.24184475839138 0.70710676908493 0.653281509876251 0.27059805393219 0.70710676908493 0.664463043212891 0.24184475839138 0.70710676908493 -0.5 -0.5 0.70710676908493 -0.353553384542465 -0.61237245798111 0.70710676908493 -0.353553384542465 -0.61237245798111 0.70710676908493 0.70710676908493 0 0.70710676908493 0.664463043212891 0.24184475839138 0.70710676908493 0.70710676908493 0 0.70710676908493 0.664463043212891 0.24184475839138 0.70710676908493 0.653281509876251 0.27059805393219 0.70710676908493 0.541675209999084 0.454519480466843 0.70710676908493 0.5 0.5 0.70710676908493 0.541675209999084 0.454519480466843 0.70710676908493 0.353553384542465 0.61237245798111 0.70710676908493 0.27059805393219 0.653281509876251 0.70710676908493 0.353553384542465 0.61237245798111 0.70710676908493 0.122787803411484 0.696364223957062 0.70710676908493 -3.40111091457265E-17 0.70710676908493 0.70710676908493 0.122787803411484 0.696364223957062 0.70710676908493 -0.122787803411484 0.696364223957062 0.70710676908493 -0.27059805393219 0.653281509876251 0.70710676908493 -0.122787803411484 0.696364223957062 0.70710676908493 -0.353553384542465 0.61237245798111 0.70710676908493 -0.5 0.5 0.70710676908493 -0.353553384542465 0.61237245798111 0.70710676908493 -0.541675209999084 0.454519480466843 0.70710676908493 -0.653281509876251 0.27059805393219 0.70710676908493 -0.541675209999084 0.454519480466843 0.70710676908493 -0.664463043212891 0.24184475839138 0.70710676908493 -0.70710676908493 2.74766185493405E-16 0.70710676908493 -0.664463043212891 0.24184475839138 0.70710676908493 -0.70710676908493 2.74766185493405E-16 0.70710676908493 -0.664463043212891 -0.24184475839138 0.70710676908493 -0.664463043212891 -0.24184475839138 0.70710676908493 -0.653281509876251 -0.27059805393219 0.70710676908493 -0.541675209999084 -0.454519480466843 0.70710676908493 -0.541675209999084 -0.454519480466843 0.70710676908493 -0.27059805393219 -0.653281509876251 0.70710676908493 -0.122787803411484 -0.696364223957062 0.70710676908493 -2.0720232452298E-16 -0.70710676908493 0.70710676908493 -0.122787803411484 -0.696364223957062 0.70710676908493 0.122787803411484 -0.696364223957062 0.70710676908493 0.27059805393219 -0.653281509876251 0.70710676908493 0.122787803411484 -0.696364223957062 0.70710676908493 0.353553384542465 -0.61237245798111 0.70710676908493 0.5 -0.5 0.70710676908493 0.353553384542465 -0.61237245798111 0.70710676908493 0.541675209999084 -0.454519480466843 0.70710676908493 0.653281509876251 -0.27059805393219 0.70710676908493 0.541675209999084 -0.454519480466843 0.70710676908493 0.664463043212891 -0.24184475839138 0.70710676908493 0.664463043212891 -0.24184475839138</float_array><technique_common><accessor count="1564" source="#bau0128547867-1-mesh-normals-array" stride="3"><param name="X" type="float" /><param name="Y" type="float" /><param name="Z" type="float" /></accessor></technique_common></source><vertices id="bau0128547867-1-mesh-vertices"><input semantic="POSITION" source="#bau0128547867-1-mesh-positions" /></vertices><triangles count="1504" material="zincplated-material"><input offset="0" semantic="VERTEX" source="#bau0128547867-1-mesh-vertices" /><input offset="1" semantic="NORMAL" source="#bau0128547867-1-mesh-normals" /><p>0 0 1 1 2 2 3 3 4 4 5 5 4 4 3 3 6 6 5 5 1 1 0 0 1 1 5 5 7 7 0 0 8 8 9 9 8 8 0 0 2 2 9 9 10 10 11 11 12 12 3 3 13 13 10 10 9 9 14 14 15 15 11 11 16 16 15 15 17 17 11 11 18 18 17 17 19 19 18 18 20 20 17 17 21 21 20 20 22 22 21 21 23 23 20 20 24 24 23 23 25 25 24 24 26 26 23 23 26 26 27 27 28 28 27 27 26 26 29 29 9 9 8 8 14 14 11 11 10 10 16 16 17 17 15 15 19 19 20 20 18 18 22 22 23 23 21 21 25 25 26 26 24 24 29 29 28 28 27 27 30 30 31 31 32 32 33 33 34 34 35 35 36 36 37 37 38 38 39 39 40 40 41 41 42 42 43 43 44 44 45 45 13 13 46 46 47 47 5 5 4 4 7 7 28 28 32 32 31 31 32 32 28 28 30 30 31 31 35 35 34 34 35 35 31 31 33 33 34 34 38 38 37 37 38 38 34 34 36 36 41 41 37 37 39 39 41 41 40 40 37 37 44 44 40 40 42 42 44 44 43 43 40 40 46 46 43 43 45 45 46 46 13 13 43 43 12 12 13 13 47 47 3 3 12 12 6 6 48 48 49 49 50 50 48 48 50 50 51 51 52 52 50 50 53 53 52 52 53 53 54 54 55 55 53 53 56 56 55 55 56 56 57 57 58 58 56 56 59 59 58 58 59 59 60 60 61 61 62 62 63 63 62 62 61 61 59 59 64 64 65 65 62 62 66 66 67 67 68 68 67 67 66 66 64 64 69 69 70 70 71 71 70 70 69 69 67 67 72 72 70 70 73 73 72 72 73 73 74 74 75 75 73 73 76 76 75 75 76 76 77 77 78 78 76 76 79 79 78 78 79 79 80 80 81 81 79 79 82 82 81 81 82 82 83 83 84 84 85 85 86 86 85 85 84 84 82 82 87 87 88 88 89 89 88 88 87 87 85 85 90 90 91 91 92 92 91 91 90 90 88 88 93 93 49 49 94 94 49 49 93 93 91 91 91 91 93 93 92 92 88 88 90 90 89 89 85 85 87 87 86 86 82 82 84 84 83 83 79 79 81 81 80 80 76 76 78 78 77 77 73 73 75 75 74 74 70 70 72 72 71 71 67 67 69 69 68 68 64 64 66 66 95 95 62 62 65 65 63 63 59 59 61 61 60 60 56 56 58 58 57 57 53 53 55 55 54 54 50 50 52 52 51 51 65 65 64 64 95 95 49 49 48 48 94 94 96 96 97 97 98 98 99 99 100 100 101 101 102 102 103 103 104 104 100 100 99 99 105 105 101 101 106 106 107 107 108 108 109 109 110 110 111 111 112 112 113 113 114 114 115 115 116 116 117 117 118 118 119 119 120 120 121 121 122 122 123 123 124 124 125 125 126 126 127 127 128 128 97 97 96 96 129 129 98 98 130 130 131 131 132 132 133 133 134 134 135 135 102 102 136 136 103 103 137 137 104 104 138 138 139 139 140 140 141 141 142 142 143 143 100 100 142 142 141 141 142 142 100 100 105 105 141 141 139 139 138 138 139 139 141 141 143 143 138 138 137 137 103 103 137 137 138 138 140 140 133 133 135 135 136 136 133 133 132 132 135 135 130 130 132 132 134 134 130 130 98 98 132 132 96 96 98 98 131 131 99 99 101 101 107 107 106 106 101 101 108 108 106 106 108 108 110 110 109 109 108 108 111 111 109 109 111 111 113 113 112 112 111 111 114 114 112 112 114 114 116 116 115 115 117 117 119 119 117 117 115 115 114 114 118 118 120 120 122 122 120 120 118 118 117 117 121 121 123 123 125 125 123 123 121 121 120 120 103 103 102 102 135 135 127 127 97 97 129 129 127 127 126 126 97 97 126 126 124 124 123 123 124 124 126 126 128 128 144 144 145 145 146 146 147 147 148 148 149 149 150 150 151 151 152 152 153 153 154 154 155 155 156 156 157 157 158 158 159 159 160 160 161 161 162 162 163 163 164 164 165 165 166 166 167 167 168 168 169 169 170 170 171 171 172 172 173 173 174 174 162 162 175 175 163 163 176 176 164 164 177 177 178 178 179 179 180 180 181 181 182 182 183 183 184 184 185 185 186 186 187 187 188 188 189 189 190 190 191 191 147 147 190 190 189 189 190 190 147 147 149 149 189 189 187 187 186 186 187 187 189 189 191 191 186 186 184 184 183 183 184 184 186 186 188 188 148 148 147 147 150 150 148 148 150 150 152 152 151 151 150 150 153 153 151 151 153 153 155 155 154 154 153 153 156 156 154 154 156 156 158 158 157 157 156 156 159 159 157 157 159 159 161 161 160 160 144 144 146 146 144 144 160 160 159 159 145 145 165 165 167 167 165 165 145 145 144 144 166 166 168 168 170 170 168 168 166 166 165 165 169 169 171 171 173 173 171 171 169 169 168 168 172 172 171 171 174 174 172 172 174 174 175 175 162 162 174 174 163 163 183 183 181 181 180 180 181 181 183 183 185 185 178 178 180 180 182 182 176 176 163 163 177 177 176 176 177 177 179 179 178 178 177 177 180 180 192 192 193 193 194 194 195 195 196 196 197 197 196 196 195 195 198 198 197 197 199 199 200 200 199 199 197 197 201 201 200 200 202 202 203 203 202 202 200 200 204 204 205 205 203 203 206 206 205 205 207 207 203 203 208 208 207 207 209 209 208 208 210 210 207 207 211 211 210 210 212 212 211 211 213 213 210 210 193 193 213 213 214 214 193 193 192 192 213 213 215 215 216 216 195 195 217 217 215 215 218 218 217 217 218 218 219 219 220 220 218 218 221 221 220 220 221 221 222 222 223 223 221 221 224 224 223 223 224 224 225 225 226 226 224 224 227 227 226 226 227 227 228 228 229 229 230 230 231 231 230 230 229 229 227 227 232 232 233 233 234 234 233 233 232 232 230 230 235 235 236 236 237 237 236 236 235 235 233 233 238 238 192 192 194 194 192 192 238 238 236 236 236 236 238 238 237 237 233 233 235 235 234 234 230 230 232 232 231 231 227 227 229 229 228 228 224 224 226 226 225 225 221 221 223 223 222 222 218 218 220 220 219 219 215 215 217 217 239 239 195 195 216 216 198 198 197 197 196 196 201 201 200 200 199 199 204 204 203 203 202 202 206 206 207 207 205 205 209 209 210 210 208 208 212 212 213 213 211 211 214 214 216 216 215 215 239 239 240 240 241 241 242 242 243 243 244 244 245 245 246 246 242 242 247 247 248 248 249 249 250 250 249 249 248 248 244 244 251 251 252 252 253 253 244 244 243 243 240 240 241 241 240 240 254 254 246 246 255 255 242 242 252 252 251 251 249 249 249 249 251 251 250 250 244 244 248 248 245 245 240 240 243 243 254 254 242 242 241 241 247 247 255 255 246 246 256 256 257 257 258 258 259 259 260 260 261 261 262 262 263 263 264 264 265 265 266 266 267 267 268 268 269 269 270 270 271 271 272 272 273 273 274 274 275 275 276 276 277 277 278 278 279 279 280 280 281 281 282 282 283 283 284 284 285 285 286 286 252 252 287 287 253 253 258 258 257 257 255 255 261 261 257 257 259 259 261 261 260 260 257 257 264 264 260 260 262 262 264 264 263 263 260 260 263 263 267 267 266 266 267 267 263 263 265 265 266 266 270 270 269 269 270 270 266 266 268 268 269 269 273 273 272 272 273 273 269 269 271 271 272 272 276 276 275 275 276 276 272 272 274 274 279 279 275 275 277 277 279 279 278 278 275 275 282 282 278 278 280 280 282 282 281 281 278 278 285 285 281 281 283 283 285 285 284 284 281 281 287 287 284 284 286 286 287 287 252 252 284 284 258 258 255 255 256 256 288 288 289 289 290 290 289 289 288 288 291 291 292 292 293 293 294 294 295 295 296 296 293 293 297 297 298 298 296 296 299 299 300 300 298 298 298 298 297 297 299 299 300 300 299 299 301 301 293 293 292 292 295 295 296 296 295 295 297 297 302 302 303 303 304 304 303 303 302 302 305 305 306 306 307 307 308 308 307 307 306 306 309 309 310 310 311 311 312 312 313 313 314 314 315 315 312 312 315 315 310 310 311 311 310 310 316 316 317 317 316 316 318 318 316 316 317 317 311 311 315 315 312 312 313 313 314 314 313 313 319 319 320 320 321 321 322 322 321 321 320 320 323 323 324 324 325 325 326 326 327 327 324 324 328 328 324 324 327 327 325 325 329 329 330 330 331 331 332 332 333 333 334 334 330 330 329 329 335 335 331 331 336 336 329 329 337 337 338 338 336 336 333 333 332 332 338 338 338 338 337 337 333 333 336 336 331 331 337 337 339 339 340 340 341 341 340 340 339 339 342 342 343 343 344 344 345 345 343 343 346 346 344 344 346 346 343 343 347 347 348 348 349 349 350 350 351 351 352 352 353 353 352 352 351 351 354 354 353 353 355 355 351 351 349 349 348 348 355 355 350 350 356 356 348 348 356 356 350 350 357 357 355 355 353 353 349 349 358 358 359 359 360 360 359 359 358 358 361 361 362 362 363 363 364 364 364 364 363 363 365 365 363 363 362 362 366 366 367 367 368 368 369 369 368 368 367 367 370 370 371 371 372 372 373 373 374 374 375 375 376 376 377 377 378 378 379 379 380 380 381 381 382 382 377 377 383 383 374 374 378 378 377 377 374 374 384 384 385 385 386 386 383 383 377 377 380 380 375 375 374 374 383 383 385 385 384 384 378 378 379 379 384 384 387 387 384 384 379 379 378 378 388 388 389 389 390 390 389 389 388 388 387 387 379 379 388 388 372 372 388 388 379 379 387 387 372 372 371 371 379 379 381 381 380 380 377 377 391 391 392 392 393 393 394 394 395 395 392 392 396 396 397 397 395 395 397 397 396 396 398 398 399 399 393 393 400 400 395 395 394 394 396 396 392 392 391 391 394 394 393 393 399 399 391 391 401 401 402 402 403 403 402 402 401 401 404 404 405 405 406 406 407 407 406 406 408 408 409 409 406 406 405 405 408 408 410 410 411 411 412 412 413 413 414 414 415 415 416 416 417 417 414 414 418 418 419 419 417 417 420 420 412 412 411 411 421 421 422 422 423 423 423 423 424 424 425 425 426 426 424 424 427 427 428 428 412 412 429 429 424 424 423 423 422 422 427 427 424 424 430 430 429 429 412 412 431 431 432 432 412 412 433 433 424 424 426 426 425 425 412 412 432 432 431 431 434 434 435 435 436 436 437 437 438 438 439 439 440 440 441 441 442 442 443 443 413 413 444 444 445 445 412 412 424 424 435 435 446 446 447 447 448 448 449 449 450 450 444 444 413 413 451 451 452 452 413 413 453 453 454 454 424 424 441 441 455 455 441 441 456 456 415 415 441 441 413 413 435 435 447 447 457 457 413 413 443 443 448 448 413 413 458 458 453 453 441 441 440 440 456 456 435 435 457 457 459 459 413 413 452 452 451 451 435 435 459 459 436 436 441 441 455 455 458 458 460 460 461 461 462 462 460 460 463 463 448 448 462 462 461 461 464 464 465 465 416 416 466 466 467 467 413 413 448 448 468 468 460 460 469 469 464 464 461 461 470 470 471 471 416 416 472 472 466 466 416 416 473 473 467 467 448 448 474 474 463 463 460 460 468 468 470 470 461 461 471 471 416 416 465 465 472 472 475 475 413 413 476 476 477 477 413 413 478 478 413 413 467 467 479 479 469 469 460 460 462 462 416 416 471 471 461 461 413 413 477 477 476 476 448 448 463 463 474 474 473 473 416 416 475 475 413 413 479 479 478 478 441 441 434 434 442 442 411 411 410 410 480 480 412 412 445 445 410 410 424 424 454 454 445 445 458 458 413 413 441 441 449 449 448 448 443 443 450 450 446 446 448 448 446 446 435 435 481 481 434 434 441 441 435 435 446 446 450 450 482 482 424 424 483 483 441 441 484 484 441 441 483 483 424 424 485 485 486 486 487 487 488 488 489 489 424 424 490 490 491 491 492 492 441 441 484 484 488 488 487 487 493 493 487 487 494 494 495 495 490 490 424 424 486 486 496 496 424 424 491 491 441 441 497 497 498 498 494 494 487 487 489 489 422 422 499 499 500 500 483 483 424 424 496 496 497 497 441 441 492 492 441 441 493 493 435 435 422 422 501 501 499 499 485 485 422 422 500 500 493 493 441 441 498 498 487 487 435 435 493 493 422 422 495 495 501 501 485 485 424 424 422 422 495 495 422 422 487 487 412 412 428 428 424 424 437 437 502 502 503 503 437 437 504 504 505 505 437 437 506 506 502 502 439 439 438 438 507 507 508 508 437 437 509 509 422 422 421 421 510 510 506 506 437 437 505 505 438 438 437 437 503 503 412 412 507 507 433 433 437 437 508 508 504 504 507 507 412 412 439 439 504 504 510 510 505 505 441 441 415 415 454 454 430 430 424 424 428 428 414 414 413 413 416 416 417 417 416 416 418 418 419 419 418 418 511 511 412 412 420 420 439 439 510 510 504 504 422 422 435 435 487 487 512 512 446 446 482 482 447 447 461 461 460 460 513 513 514 514 515 515 516 516 511 511 517 517 518 518 418 418 519 519 520 520 418 418 521 521 522 522 523 523 524 524 525 525 526 526 524 524 527 527 418 418 528 528 529 529 517 517 530 530 531 531 511 511 520 520 532 532 533 533 524 524 534 534 528 528 418 418 522 522 519 519 418 418 529 529 517 517 535 535 536 536 527 527 517 517 531 531 520 520 511 511 418 418 537 537 511 511 532 532 534 534 524 524 526 526 538 538 539 539 533 533 535 535 517 517 540 540 530 530 517 517 536 536 517 517 527 527 523 523 524 524 523 523 527 527 540 540 511 511 537 537 524 524 533 533 539 539 521 521 539 539 538 538 517 517 511 511 540 540 521 521 418 418 539 539 416 416 541 541 418 418 416 416 516 516 542 542 418 418 543 543 544 544 461 461 514 514 516 516 416 416 545 545 546 546 547 547 418 418 541 541 514 514 548 548 515 515 514 514 461 461 549 549 516 516 416 416 461 461 545 545 416 416 542 542 550 550 416 416 546 546 543 543 418 418 547 547 514 514 551 551 552 552 541 541 416 416 550 550 418 418 553 553 539 539 548 548 514 514 552 552 554 554 418 418 544 544 555 555 539 539 553 553 553 553 418 418 554 554 539 539 551 551 514 514 556 556 539 539 555 555 557 557 539 539 556 556 551 551 539 539 557 557 413 413 475 475 416 416 558 558 559 559 560 560 561 561 559 559 558 558 562 562 559 559 561 561 563 563 559 559 562 562 564 564 563 563 565 565 563 563 564 564 559 559 566 566 564 564 565 565 564 564 566 566 567 567 568 568 569 569 570 570 569 569 568 568 571 571 572 572 573 573 574 574 575 575 573 573 572 572 576 576 573 573 575 575 577 577 576 576 578 578 576 576 577 577 573 573 579 579 577 577 578 578 577 577 580 580 581 581 580 580 577 577 579 579 582 582 583 583 584 584 585 585 586 586 587 587 588 588 589 589 590 590 583 583 582 582 591 591 590 590 592 592 593 593 583 583 594 594 584 584 595 595 596 596 597 597 598 598 596 596 599 599 596 596 598 598 597 597 600 600 583 583 595 595 599 599 596 596 601 601 596 596 595 595 583 583 601 601 602 602 603 603 604 604 602 602 585 585 602 602 601 601 596 596 605 605 585 585 587 587 606 606 607 607 588 588 588 588 608 608 583 583 583 583 609 609 596 596 596 596 610 610 611 611 611 611 612 612 613 613 613 613 614 614 615 615 615 615 616 616 617 617 618 618 588 588 590 590 588 588 619 619 620 620 583 583 621 621 622 622 596 596 623 623 624 624 611 611 625 625 626 626 613 613 627 627 628 628 615 615 629 629 630 630 615 615 631 631 632 632 633 633 634 634 635 635 615 615 636 636 629 629 637 637 638 638 639 639 617 617 640 640 641 641 636 636 615 615 632 632 637 637 630 630 638 638 642 642 637 637 639 639 617 617 643 643 644 644 617 617 631 631 615 615 630 630 637 637 615 615 634 634 637 637 642 642 645 645 633 633 635 635 646 646 617 617 644 644 631 631 617 617 641 641 634 634 633 633 637 637 643 643 633 633 645 645 640 640 617 617 646 646 643 643 617 617 633 633 613 613 647 647 648 648 615 615 649 649 650 650 613 613 651 651 627 627 652 652 653 653 654 654 647 647 615 615 650 650 651 651 613 613 648 648 652 652 655 655 656 656 637 637 657 657 615 615 647 647 613 613 615 615 652 652 628 628 655 655 653 653 652 652 656 656 637 637 654 654 658 658 659 659 615 615 657 657 628 628 652 652 613 613 654 654 637 637 652 652 660 660 637 637 658 658 649 649 615 615 659 659 661 661 637 637 660 660 657 657 637 637 661 661 613 613 662 662 663 663 652 652 664 664 665 665 613 613 666 666 667 667 668 668 669 669 652 652 670 670 652 652 665 665 666 666 613 613 663 663 611 611 671 671 672 672 611 611 673 673 668 668 664 664 652 652 669 669 652 652 662 662 613 613 671 671 613 613 667 667 674 674 611 611 672 672 673 673 611 611 626 626 675 675 668 668 673 673 662 662 652 652 670 670 671 671 611 611 613 613 625 625 611 611 674 674 676 676 668 668 675 675 669 669 668 668 676 676 668 668 677 677 678 678 602 602 679 679 680 680 611 611 681 681 682 682 602 602 624 624 679 679 602 602 683 683 684 684 611 611 685 685 686 686 596 596 687 687 688 688 624 624 602 602 596 596 683 683 602 602 680 680 668 668 684 684 677 677 685 685 668 668 678 678 681 681 611 611 686 686 611 611 689 689 596 596 623 623 596 596 688 688 684 684 668 668 602 602 685 685 611 611 668 668 690 690 611 611 682 682 687 687 596 596 689 689 689 689 611 611 690 690 602 602 604 604 691 691 585 585 692 692 693 693 583 583 600 600 694 694 585 585 622 622 692 692 695 695 585 585 693 693 602 602 696 696 603 603 621 621 583 583 694 694 622 622 585 585 583 583 604 604 585 585 695 695 607 607 606 606 697 697 608 608 588 588 607 607 609 609 583 583 608 608 610 610 596 596 609 609 612 612 611 611 610 610 614 614 613 613 612 612 616 616 615 615 614 614 588 588 618 618 606 606 698 698 585 585 605 605 585 585 698 698 583 583 699 699 590 590 593 593 700 700 588 588 701 701 583 583 698 698 594 594 590 590 699 699 585 585 588 588 700 700 619 619 591 591 588 588 583 583 588 588 591 591 701 701 585 585 699 699 586 586 592 592 590 590 589 589 589 589 588 588 620 620 696 696 602 602 691 691 702 702 703 703 704 704 704 704 703 703 705 705 705 705 706 706 707 707 706 706 705 705 703 703 707 707 706 706 708 708 708 708 706 706 709 709 709 709 706 706 710 710 711 711 706 706 703 703 712 712 713 713 711 711 714 714 715 715 712 712 716 716 717 717 714 714 717 717 716 716 718 718 715 715 714 714 717 717 713 713 712 712 715 715 706 706 711 711 713 713 703 703 702 702 719 719 720 720 721 721 722 722 723 723 724 724 721 721 721 721 720 720 725 725 722 722 726 726 727 727 728 728 724 724 729 729 724 724 723 723 730 730 722 722 727 727 720 720 731 731 732 732 733 733 724 724 728 728 732 732 723 723 721 721 734 734 721 721 725 725 735 735 732 732 728 728 733 733 721 721 735 735 734 734 724 724 730 730 729 729 732 732 731 731 736 736 726 726 722 722 737 737 738 738 739 739 740 740 739 739 738 738 741 741 742 742 743 743 744 744 743 743 742 742 745 745 746 746 745 745 747 747 745 745 746 746 743 743 748 748 745 745 749 749 750 750 749 749 751 751 752 752 753 753 754 754 747 747 745 745 755 755 749 749 750 750 748 748 753 753 752 752 749 749 756 756 753 753 757 757 745 745 748 748 755 755 753 753 756 756 754 754 749 749 752 752 751 751 742 742 758 758 759 759 758 758 742 742 744 744 760 760 761 761 762 762 761 761 760 760 763 763 764 764 765 765 766 766 767 767 766 766 768 768 769 769 768 768 770 770 771 771 772 772 773 773 773 773 763 763 760 760 765 765 764 764 762 762 768 768 769 769 767 767 763 763 773 773 772 772 766 766 767 767 764 764 774 774 775 775 771 771 762 762 761 761 765 765 776 776 770 770 777 777 778 778 770 770 779 779 772 772 771 771 775 775 770 770 778 778 777 777 770 770 776 776 769 769 779 779 780 780 781 781 780 780 779 779 770 770 775 775 774 774 782 782 783 783 784 784 785 785 786 786 787 787 788 788 788 788 789 789 790 790 790 790 791 791 792 792 784 784 792 792 791 791 789 789 788 788 787 787 784 784 783 783 792 792 793 793 785 785 794 794 795 795 794 794 796 796 797 797 798 798 799 799 800 800 798 798 786 786 791 791 790 790 789 789 794 794 795 795 793 793 801 801 802 802 798 798 798 798 800 800 799 799 785 785 793 793 783 783 803 803 796 796 804 804 798 798 797 797 801 801 796 796 803 803 795 795 787 787 786 786 798 798 802 802 801 801 805 805 806 806 807 807 808 808 807 807 806 806 809 809 810 810 811 811 812 812 813 813 814 814 811 811 815 815 816 816 814 814 817 817 818 818 816 816 819 819 820 820 818 818 821 821 822 822 820 820 823 823 824 824 825 825 822 822 821 821 824 824 818 818 817 817 819 819 816 816 815 815 817 817 814 814 813 813 815 815 811 811 810 810 813 813 820 820 819 819 821 821 824 824 823 823 822 822 826 826 827 827 828 828 829 829 830 830 831 831 832 832 833 833 827 827 830 830 829 829 834 834 835 835 829 829 831 831 833 833 836 836 837 837 837 837 829 829 835 835 828 828 827 827 833 833 829 829 837 837 836 836 833 833 832 832 838 838 839 839 840 840 827 827 839 839 827 827 826 826 836 836 833 833 838 838 840 840 839 839 841 841 842 842 843 843 844 844 845 845 846 846 847 847 848 848 844 844 849 849 843 843 842 842 850 850 846 846 845 845 851 851 843 843 852 852 851 851 851 851 845 845 853 853 848 848 849 849 854 854 844 844 848 848 842 842 851 851 853 853 855 855 856 856 848 848 854 854 851 851 855 855 843 843 848 848 856 856 857 857 852 852 843 843 850 850 858 858 859 859 860 860 859 859 858 858 861 861 860 860 859 859 862 862 863 863 864 864 865 865 866 866 865 865 867 867 864 864 863 863 868 868 865 865 866 866 863 863 867 867 869 869 866 866 870 870 871 871 869 869 872 872 873 873 871 871 874 874 875 875 873 873 876 876 877 877 875 875 877 877 876 876 878 878 875 875 874 874 876 876 873 873 872 872 874 874 871 871 870 870 872 872 869 869 867 867 870 870 879 879 880 880 881 881 882 882 883 883 884 884 880 880 879 879 883 883 885 885 879 879 881 881 886 886 883 883 882 882 887 887 888 888 885 885 879 879 885 885 888 888 889 889 887 887 890 890 891 891 887 887 892 892 887 887 891 891 890 890 893 893 886 886 894 894 884 884 883 883 879 879 886 886 893 893 883 883 888 888 887 887 889 889 895 895 896 896 897 897 898 898 899 899 897 897 897 897 896 896 900 900 901 901 898 898 902 902 899 899 898 898 903 903 898 898 901 901 903 903 896 896 895 895 904 904 905 905 906 906 907 907 905 905 908 908 909 909 897 897 910 910 898 898 906 906 905 905 909 909 897 897 900 900 910 910 902 902 905 905 901 901 905 905 902 902 908 908 911 911 912 912 913 913 911 911 913 913 914 914 912 912 911 911 915 915 916 916 917 917 918 918 919 919 918 918 920 920 921 921 922 922 917 917 918 918 919 919 916 916 923 923 924 924 922 922 925 925 926 926 924 924 927 927 928 928 926 926 929 929 930 930 928 928 930 930 929 929 931 931 917 917 916 916 921 921 922 922 921 921 923 923 924 924 923 923 925 925 926 926 925 925 927 927 928 928 927 927 929 929 932 932 933 933 934 934 935 935 936 936 937 937 936 936 935 935 938 938 939 939 935 935 937 937 940 940 941 941 942 942 943 943 941 941 944 944 933 933 942 942 945 945 941 941 943 943 946 946 946 946 935 935 939 939 947 947 942 942 941 941 935 935 946 946 943 943 941 941 940 940 944 944 945 945 942 942 947 947 933 933 932 932 942 942 948 948 949 949 950 950 951 951 952 952 953 953 954 954 950 950 955 955 949 949 948 948 956 956 952 952 951 951 957 957 949 949 958 958 957 957 957 957 951 951 959 959 950 950 954 954 948 948 957 957 959 959 960 960 961 961 954 954 962 962 957 957 960 960 949 949 954 954 955 955 962 962 954 954 961 961 963 963 958 958 949 949 956 956 964 964 965 965 966 966 965 965 964 964 967 967 968 968 969 969 970 970 971 971 972 972 973 973 974 974 975 975 969 969 972 972 971 971 976 976 973 973 977 977 971 971 975 975 974 974 977 977 978 978 970 970 979 979 980 980 979 979 981 981 982 982 981 981 983 983 981 981 982 982 980 980 979 979 980 980 978 978 970 970 978 978 968 968 969 969 968 968 974 974 977 977 973 973 975 975 984 984 985 985 986 986 985 985 984 984 987 987 988 988 984 984 986 986 989 989 990 990 991 991 992 992 993 993 994 994 995 995 996 996 989 989 984 984 991 991 990 990 993 993 996 996 997 997 993 993 992 992 996 996 998 998 989 989 996 996 991 991 984 984 988 988 990 990 989 989 999 999 989 989 998 998 999 999 997 997 996 996 995 995 1000 1000 1001 1001 1002 1002 1001 1001 1003 1003 1004 1004 1001 1001 1005 1005 1006 1006 1007 1007 1008 1008 1009 1009 1003 1003 1001 1001 1006 1006 1010 1010 1009 1009 1011 1011 1002 1002 1009 1009 1000 1000 1012 1012 1013 1013 1014 1014 1001 1001 1000 1000 1005 1005 1009 1009 1002 1002 1011 1011 1013 1013 1012 1012 1007 1007 1009 1009 1010 1010 1007 1007 1007 1007 1012 1012 1015 1015 1007 1007 1015 1015 1008 1008 1016 1016 1017 1017 1018 1018 1017 1017 1016 1016 1019 1019 1020 1020 1021 1021 1022 1022 1023 1023 1024 1024 1021 1021 1025 1025 1026 1026 1024 1024 1027 1027 1028 1028 1026 1026 1029 1029 1030 1030 1028 1028 1031 1031 1032 1032 1030 1030 1033 1033 1034 1034 1032 1032 1035 1035 1036 1036 1034 1034 1037 1037 1038 1038 1039 1039 1040 1040 1022 1022 1038 1038 1024 1024 1023 1023 1025 1025 1041 1041 1042 1042 1036 1036 1038 1038 1037 1037 1040 1040 1022 1022 1040 1040 1020 1020 1021 1021 1020 1020 1023 1023 1042 1042 1041 1041 1043 1043 1026 1026 1025 1025 1027 1027 1028 1028 1027 1027 1029 1029 1030 1030 1029 1029 1031 1031 1032 1032 1031 1031 1033 1033 1034 1034 1033 1033 1035 1035 1036 1036 1035 1035 1041 1041 1044 1044 1045 1045 1046 1046 1045 1045 1044 1044 1047 1047 1048 1048 1049 1049 1050 1050 1051 1051 1052 1052 1053 1053 1054 1054 1053 1053 1055 1055 1056 1056 1055 1055 1057 1057 1058 1058 1057 1057 1059 1059 1060 1060 1050 1050 1061 1061 1062 1062 1063 1063 1064 1064 1065 1065 1064 1064 1066 1066 1061 1061 1066 1066 1060 1060 1050 1050 1060 1060 1048 1048 1049 1049 1048 1048 1067 1067 1068 1068 1059 1059 1063 1063 1064 1064 1065 1065 1062 1062 1063 1063 1062 1062 1068 1068 1059 1059 1068 1068 1058 1058 1057 1057 1058 1058 1056 1056 1055 1055 1056 1056 1054 1054 1053 1053 1054 1054 1051 1051 1052 1052 1051 1051 1069 1069 1070 1070 1069 1069 1071 1071 1072 1072 1071 1071 1073 1073 1074 1074 1073 1073 1075 1075 1076 1076 1075 1075 1077 1077 1078 1078 1077 1077 1079 1079 1080 1080 1079 1079 1081 1081 1082 1082 1081 1081 1083 1083 1067 1067 1083 1083 1049 1049 1083 1083 1067 1067 1082 1082 1081 1081 1082 1082 1080 1080 1079 1079 1080 1080 1078 1078 1077 1077 1078 1078 1076 1076 1075 1075 1076 1076 1074 1074 1073 1073 1074 1074 1072 1072 1071 1071 1072 1072 1070 1070 1069 1069 1070 1070 1052 1052 1066 1066 1061 1061 1065 1065 1084 1084 1085 1085 1086 1086 1087 1087 1088 1088 1089 1089 1090 1090 1089 1089 1091 1091 1092 1092 1091 1091 1093 1093 1094 1094 1093 1093 1095 1095 1096 1096 1095 1095 1097 1097 1098 1098 1097 1097 1099 1099 1100 1100 1099 1099 1101 1101 1102 1102 1101 1101 1103 1103 1104 1104 1103 1103 1105 1105 1106 1106 1105 1105 1107 1107 1086 1086 1107 1107 1084 1084 1085 1085 1084 1084 1108 1108 1109 1109 1110 1110 1111 1111 1112 1112 1111 1111 1113 1113 1114 1114 1113 1113 1115 1115 1115 1115 1108 1108 1114 1114 1113 1113 1114 1114 1112 1112 1111 1111 1112 1112 1109 1109 1110 1110 1109 1109 1116 1116 1108 1108 1115 1115 1085 1085 1117 1117 1118 1118 1088 1088 1119 1119 1116 1116 1118 1118 1107 1107 1086 1086 1106 1106 1105 1105 1106 1106 1104 1104 1103 1103 1104 1104 1102 1102 1101 1101 1102 1102 1100 1100 1099 1099 1100 1100 1098 1098 1097 1097 1098 1098 1096 1096 1095 1095 1096 1096 1094 1094 1093 1093 1094 1094 1092 1092 1091 1091 1092 1092 1090 1090 1089 1089 1090 1090 1087 1087 1088 1088 1087 1087 1117 1117 1116 1116 1119 1119 1110 1110 1118 1118 1117 1117 1119 1119 1120 1120 1121 1121 1122 1122 1123 1123 1124 1124 1125 1125 1126 1126 1127 1127 1124 1124 1128 1128 1129 1129 1127 1127 1130 1130 1131 1131 1129 1129 1132 1132 1133 1133 1131 1131 1134 1134 1135 1135 1133 1133 1136 1136 1137 1137 1135 1135 1138 1138 1139 1139 1137 1137 1140 1140 1141 1141 1139 1139 1142 1142 1143 1143 1141 1141 1144 1144 1145 1145 1143 1143 1124 1124 1123 1123 1126 1126 1127 1127 1126 1126 1128 1128 1129 1129 1128 1128 1130 1130 1131 1131 1130 1130 1132 1132 1133 1133 1132 1132 1134 1134 1146 1146 1122 1122 1145 1145 1137 1137 1136 1136 1138 1138 1139 1139 1138 1138 1140 1140 1141 1141 1140 1140 1142 1142 1143 1143 1142 1142 1144 1144 1145 1145 1144 1144 1146 1146 1122 1122 1146 1146 1120 1120 1121 1121 1120 1120 1147 1147 1148 1148 1147 1147 1149 1149 1150 1150 1149 1149 1151 1151 1152 1152 1151 1151 1153 1153 1154 1154 1153 1153 1155 1155 1125 1125 1155 1155 1123 1123 1155 1155 1125 1125 1154 1154 1153 1153 1154 1154 1152 1152 1151 1151 1152 1152 1150 1150 1149 1149 1150 1150 1148 1148 1147 1147 1148 1148 1121 1121 1135 1135 1134 1134 1136 1136 1156 1156 1157 1157 1158 1158 1157 1157 1156 1156 1159 1159 1158 1158 1160 1160 1156 1156 1161 1161 1162 1162 1160 1160 1163 1163 1164 1164 1162 1162 1165 1165 1166 1166 1164 1164 1167 1167 1168 1168 1166 1166 1169 1169 1170 1170 1168 1168 1171 1171 1172 1172 1170 1170 1173 1173 1174 1174 1172 1172 1175 1175 1176 1176 1174 1174 1177 1177 1178 1178 1176 1176 1160 1160 1158 1158 1161 1161 1162 1162 1161 1161 1163 1163 1164 1164 1163 1163 1165 1165 1166 1166 1165 1165 1167 1167 1179 1179 1180 1180 1181 1181 1182 1182 1183 1183 1180 1180 1159 1159 1184 1184 1157 1157 1168 1168 1167 1167 1169 1169 1170 1170 1169 1169 1171 1171 1172 1172 1171 1171 1173 1173 1174 1174 1173 1173 1175 1175 1176 1176 1175 1175 1177 1177 1178 1178 1177 1177 1185 1185 1186 1186 1185 1185 1187 1187 1181 1181 1187 1187 1179 1179 1180 1180 1179 1179 1182 1182 1183 1183 1182 1182 1188 1188 1189 1189 1188 1188 1190 1190 1191 1191 1190 1190 1184 1184 1188 1188 1189 1189 1183 1183 1190 1190 1191 1191 1189 1189 1184 1184 1159 1159 1191 1191 1185 1185 1186 1186 1178 1178 1187 1187 1181 1181 1186 1186 1192 1192 1193 1193 1194 1194 1195 1195 1194 1194 1196 1196 1197 1197 1196 1196 1198 1198 1199 1199 1198 1198 1200 1200 1201 1201 1200 1200 1202 1202 1203 1203 1202 1202 1204 1204 1205 1205 1204 1204 1206 1206 1204 1204 1205 1205 1203 1203 1202 1202 1203 1203 1201 1201 1207 1207 1206 1206 1208 1208 1209 1209 1208 1208 1210 1210 1211 1211 1210 1210 1212 1212 1213 1213 1212 1212 1214 1214 1215 1215 1214 1214 1216 1216 1217 1217 1216 1216 1218 1218 1219 1219 1218 1218 1220 1220 1221 1221 1220 1220 1222 1222 1223 1223 1222 1222 1224 1224 1206 1206 1207 1207 1205 1205 1208 1208 1209 1209 1207 1207 1210 1210 1211 1211 1209 1209 1212 1212 1213 1213 1211 1211 1214 1214 1215 1215 1213 1213 1216 1216 1217 1217 1215 1215 1218 1218 1219 1219 1217 1217 1220 1220 1221 1221 1219 1219 1222 1222 1223 1223 1221 1221 1224 1224 1225 1225 1223 1223 1226 1226 1227 1227 1225 1225 1193 1193 1192 1192 1227 1227 1225 1225 1224 1224 1226 1226 1194 1194 1195 1195 1192 1192 1196 1196 1197 1197 1195 1195 1198 1198 1199 1199 1197 1197 1200 1200 1201 1201 1199 1199 1227 1227 1226 1226 1193 1193 1228 1228 1229 1229 1230 1230 1231 1231 1230 1230 1232 1232 1233 1233 1232 1232 1234 1234 1235 1235 1234 1234 1236 1236 1237 1237 1236 1236 1238 1238 1239 1239 1238 1238 1240 1240 1241 1241 1240 1240 1242 1242 1243 1243 1242 1242 1244 1244 1245 1245 1244 1244 1246 1246 1247 1247 1248 1248 1249 1249 1250 1250 1251 1251 1248 1248 1252 1252 1253 1253 1251 1251 1254 1254 1255 1255 1253 1253 1256 1256 1257 1257 1255 1255 1258 1258 1259 1259 1257 1257 1260 1260 1261 1261 1259 1259 1262 1262 1246 1246 1261 1261 1246 1246 1262 1262 1245 1245 1261 1261 1260 1260 1262 1262 1259 1259 1258 1258 1260 1260 1257 1257 1256 1256 1258 1258 1255 1255 1254 1254 1256 1256 1253 1253 1252 1252 1254 1254 1251 1251 1250 1250 1252 1252 1248 1248 1247 1247 1250 1250 1249 1249 1263 1263 1247 1247 1229 1229 1228 1228 1263 1263 1230 1230 1231 1231 1228 1228 1232 1232 1233 1233 1231 1231 1234 1234 1235 1235 1233 1233 1236 1236 1237 1237 1235 1235 1238 1238 1239 1239 1237 1237 1240 1240 1241 1241 1239 1239 1242 1242 1243 1243 1241 1241 1244 1244 1245 1245 1243 1243 1263 1263 1249 1249 1229 1229 1264 1264 1265 1265 1266 1266 1267 1267 1265 1265 1268 1268 1267 1267 1269 1269 1265 1265 1270 1270 1269 1269 1271 1271 1270 1270 1272 1272 1269 1269 1273 1273 1272 1272 1274 1274 1264 1264 1266 1266 1275 1275 1276 1276 1277 1277 1278 1278 1277 1277 1276 1276 1279 1279 1278 1278 1280 1280 1281 1281 1280 1280 1278 1278 1282 1282 1281 1281 1283 1283 1284 1284 1283 1283 1281 1281 1285 1285 1286 1286 1266 1266 1287 1287 1288 1288 1287 1287 1289 1289 1290 1290 1291 1291 1292 1292 1291 1291 1290 1290 1289 1289 1293 1293 1294 1294 1295 1295 1294 1294 1293 1293 1291 1291 1296 1296 1297 1297 1298 1298 1297 1297 1296 1296 1294 1294 1299 1299 1297 1297 1300 1300 1299 1299 1300 1300 1301 1301 1302 1302 1300 1300 1303 1303 1302 1302 1303 1303 1304 1304 1305 1305 1303 1303 1306 1306 1305 1305 1306 1306 1307 1307 1308 1308 1306 1306 1309 1309 1308 1308 1309 1309 1310 1310 1311 1311 1309 1309 1312 1312 1309 1309 1311 1311 1310 1310 1306 1306 1308 1308 1307 1307 1303 1303 1305 1305 1304 1304 1300 1300 1302 1302 1301 1301 1297 1297 1299 1299 1298 1298 1312 1312 1313 1313 1311 1311 1284 1284 1283 1283 1313 1313 1281 1281 1280 1280 1285 1285 1278 1278 1277 1277 1282 1282 1276 1276 1273 1273 1279 1279 1272 1272 1270 1270 1274 1274 1269 1269 1267 1267 1271 1271 1265 1265 1264 1264 1268 1268 1266 1266 1286 1286 1275 1275 1287 1287 1288 1288 1286 1286 1289 1289 1290 1290 1288 1288 1291 1291 1293 1293 1292 1292 1273 1273 1276 1276 1272 1272 1294 1294 1296 1296 1295 1295 1313 1313 1312 1312 1284 1284 1314 1314 1315 1315 1316 1316 1317 1317 1318 1318 1319 1319 1320 1320 1321 1321 1322 1322 1323 1323 1322 1322 1324 1324 1325 1325 1324 1324 1326 1326 1327 1327 1328 1328 1329 1329 1330 1330 1331 1331 1332 1332 1333 1333 1334 1334 1335 1335 1336 1336 1337 1337 1338 1338 1339 1339 1340 1340 1341 1341 1342 1342 1343 1343 1344 1344 1345 1345 1346 1346 1347 1347 1348 1348 1347 1347 1349 1349 1350 1350 1351 1351 1352 1352 1353 1353 1354 1354 1355 1355 1356 1356 1349 1349 1357 1357 1349 1349 1356 1356 1348 1348 1354 1354 1356 1356 1357 1357 1354 1354 1353 1353 1356 1356 1358 1358 1353 1353 1355 1355 1358 1358 1359 1359 1353 1353 1360 1360 1359 1359 1361 1361 1360 1360 1362 1362 1359 1359 1351 1351 1362 1362 1363 1363 1351 1351 1350 1350 1362 1362 1350 1350 1315 1315 1314 1314 1315 1315 1350 1350 1352 1352 1314 1314 1318 1318 1317 1317 1318 1318 1314 1314 1316 1316 1317 1317 1321 1321 1320 1320 1321 1321 1317 1317 1319 1319 1322 1322 1323 1323 1320 1320 1362 1362 1360 1360 1363 1363 1324 1324 1325 1325 1323 1323 1328 1328 1325 1325 1326 1326 1328 1328 1327 1327 1325 1325 1331 1331 1327 1327 1329 1329 1331 1331 1330 1330 1327 1327 1334 1334 1330 1330 1332 1332 1334 1334 1333 1333 1330 1330 1337 1337 1333 1333 1335 1335 1337 1337 1336 1336 1333 1333 1359 1359 1358 1358 1361 1361 1336 1336 1340 1340 1339 1339 1340 1340 1336 1336 1338 1338 1339 1339 1343 1343 1342 1342 1343 1343 1339 1339 1341 1341 1342 1342 1346 1346 1345 1345 1346 1346 1342 1342 1344 1344 1347 1347 1348 1348 1345 1345 1364 1364 1365 1365 1366 1366 1367 1367 1366 1366 1368 1368 1369 1369 1370 1370 1371 1371 1370 1370 1369 1369 1368 1368 1372 1372 1373 1373 1374 1374 1373 1373 1372 1372 1370 1370 1375 1375 1376 1376 1373 1373 1377 1377 1375 1375 1378 1378 1377 1377 1378 1378 1379 1379 1380 1380 1378 1378 1381 1381 1380 1380 1381 1381 1382 1382 1383 1383 1381 1381 1384 1384 1383 1383 1384 1384 1385 1385 1386 1386 1384 1384 1387 1387 1386 1386 1387 1387 1388 1388 1387 1387 1389 1389 1388 1388 1384 1384 1386 1386 1385 1385 1381 1381 1383 1383 1382 1382 1378 1378 1380 1380 1379 1379 1375 1375 1377 1377 1390 1390 1373 1373 1376 1376 1374 1374 1370 1370 1372 1372 1371 1371 1368 1368 1369 1369 1367 1367 1366 1366 1367 1367 1364 1364 1365 1365 1364 1364 1391 1391 1389 1389 1387 1387 1392 1392 1393 1393 1394 1394 1395 1395 1396 1396 1397 1397 1398 1398 1399 1399 1400 1400 1401 1401 1402 1402 1403 1403 1404 1404 1405 1405 1406 1406 1407 1407 1408 1408 1409 1409 1410 1410 1411 1411 1412 1412 1413 1413 1392 1392 1413 1413 1389 1389 1376 1376 1375 1375 1390 1390 1413 1413 1392 1392 1411 1411 1412 1412 1408 1408 1410 1410 1408 1408 1412 1412 1411 1411 1409 1409 1405 1405 1407 1407 1405 1405 1409 1409 1408 1408 1406 1406 1402 1402 1404 1404 1402 1402 1406 1406 1405 1405 1403 1403 1402 1402 1399 1399 1403 1403 1399 1399 1401 1401 1400 1400 1399 1399 1396 1396 1400 1400 1396 1396 1398 1398 1397 1397 1396 1396 1393 1393 1397 1397 1393 1393 1395 1395 1394 1394 1393 1393 1365 1365 1394 1394 1365 1365 1391 1391 1414 1414 1415 1415 1416 1416 1417 1417 1418 1418 1415 1415 1419 1419 1420 1420 1421 1421 1422 1422 1423 1423 1424 1424 1425 1425 1426 1426 1427 1427 1428 1428 1429 1429 1430 1430 1431 1431 1432 1432 1433 1433 1434 1434 1435 1435 1436 1436 1437 1437 1438 1438 1439 1439 1440 1440 1441 1441 1438 1438 1442 1442 1443 1443 1441 1441 1444 1444 1445 1445 1446 1446 1447 1447 1448 1448 1449 1449 1450 1450 1451 1451 1452 1452 1453 1453 1454 1454 1455 1455 1456 1456 1457 1457 1458 1458 1459 1459 1460 1460 1461 1461 1462 1462 1416 1416 1463 1463 1416 1416 1462 1462 1414 1414 1460 1460 1462 1462 1463 1463 1460 1460 1459 1459 1462 1462 1457 1457 1459 1459 1461 1461 1457 1457 1456 1456 1459 1459 1454 1454 1453 1453 1456 1456 1451 1451 1453 1453 1455 1455 1451 1451 1450 1450 1453 1453 1450 1450 1448 1448 1447 1447 1448 1448 1450 1450 1452 1452 1447 1447 1445 1445 1444 1444 1445 1445 1447 1447 1449 1449 1444 1444 1443 1443 1442 1442 1443 1443 1444 1444 1446 1446 1441 1441 1440 1440 1442 1442 1438 1438 1437 1437 1440 1440 1435 1435 1437 1437 1439 1439 1435 1435 1434 1434 1437 1437 1432 1432 1434 1434 1436 1436 1432 1432 1431 1431 1434 1434 1429 1429 1431 1431 1433 1433 1429 1429 1428 1428 1431 1431 1426 1426 1428 1428 1430 1430 1426 1426 1425 1425 1428 1428 1425 1425 1423 1423 1422 1422 1423 1423 1425 1425 1427 1427 1422 1422 1420 1420 1419 1419 1420 1420 1422 1422 1424 1424 1419 1419 1418 1418 1417 1417 1418 1418 1419 1419 1421 1421 1415 1415 1414 1414 1417 1417 1454 1454 1456 1456 1458 1458 1464 1464 1465 1465 1466 1466 1467 1467 1466 1466 1468 1468 1469 1469 1470 1470 1471 1471 1470 1470 1469 1469 1468 1468 1472 1472 1473 1473 1474 1474 1473 1473 1472 1472 1470 1470 1475 1475 1476 1476 1477 1477 1476 1476 1475 1475 1473 1473 1478 1478 1476 1476 1479 1479 1478 1478 1479 1479 1480 1480 1481 1481 1479 1479 1482 1482 1481 1481 1482 1482 1483 1483 1484 1484 1482 1482 1485 1485 1484 1484 1485 1485 1486 1486 1487 1487 1485 1485 1488 1488 1487 1487 1488 1488 1489 1489 1490 1490 1488 1488 1491 1491 1488 1488 1490 1490 1489 1489 1485 1485 1487 1487 1486 1486 1482 1482 1484 1484 1483 1483 1479 1479 1481 1481 1480 1480 1476 1476 1478 1478 1477 1477 1473 1473 1475 1475 1474 1474 1470 1470 1472 1472 1471 1471 1468 1468 1469 1469 1467 1467 1466 1466 1467 1467 1464 1464 1465 1465 1464 1464 1492 1492 1493 1493 1494 1494 1495 1495 1496 1496 1497 1497 1498 1498 1499 1499 1500 1500 1501 1501 1502 1502 1503 1503 1504 1504 1505 1505 1506 1506 1507 1507 1508 1508 1509 1509 1510 1510 1511 1511 1512 1512 1513 1513 1491 1491 1513 1513 1490 1490 1494 1494 1493 1493 1465 1465 1497 1497 1493 1493 1495 1495 1497 1497 1496 1496 1493 1493 1500 1500 1496 1496 1498 1498 1500 1500 1499 1499 1496 1496 1503 1503 1499 1499 1501 1501 1503 1503 1502 1502 1499 1499 1502 1502 1506 1506 1505 1505 1506 1506 1502 1502 1504 1504 1505 1505 1509 1509 1508 1508 1509 1509 1505 1505 1507 1507 1508 1508 1512 1512 1511 1511 1512 1512 1508 1508 1510 1510 1513 1513 1491 1491 1511 1511 1494 1494 1465 1465 1492 1492 1514 1514 1515 1515 1516 1516 1517 1517 1518 1518 1519 1519 1520 1520 1521 1521 1518 1518 1522 1522 1523 1523 1524 1524 1525 1525 1526 1526 1527 1527 1528 1528 1529 1529 1530 1530 1531 1531 1532 1532 1533 1533 1534 1534 1535 1535 1536 1536 1537 1537 1538 1538 1539 1539 1540 1540 1541 1541 1542 1542 1543 1543 1544 1544 1541 1541 1545 1545 1546 1546 1544 1544 1547 1547 1514 1514 1548 1548 1515 1515 1549 1549 1516 1516 1550 1550 1551 1551 1552 1552 1553 1553 1554 1554 1555 1555 1556 1556 1557 1557 1558 1558 1559 1559 1560 1560 1561 1561 1562 1562 1519 1519 1563 1563 1519 1519 1562 1562 1517 1517 1560 1560 1562 1562 1563 1563 1518 1518 1517 1517 1520 1520 1521 1521 1522 1522 1524 1524 1522 1522 1521 1521 1520 1520 1523 1523 1525 1525 1527 1527 1525 1525 1523 1523 1522 1522 1526 1526 1528 1528 1530 1530 1528 1528 1526 1526 1525 1525 1529 1529 1528 1528 1531 1531 1529 1529 1531 1531 1533 1533 1532 1532 1531 1531 1534 1534 1532 1532 1534 1534 1536 1536 1535 1535 1534 1534 1537 1537 1535 1535 1537 1537 1539 1539 1538 1538 1537 1537 1540 1540 1538 1538 1540 1540 1542 1542 1541 1541 1540 1540 1543 1543 1544 1544 1543 1543 1545 1545 1546 1546 1547 1547 1548 1548 1547 1547 1546 1546 1545 1545 1560 1560 1559 1559 1562 1562 1515 1515 1514 1514 1547 1547 1549 1549 1550 1550 1552 1552 1550 1550 1549 1549 1515 1515 1551 1551 1550 1550 1553 1553 1551 1551 1553 1553 1555 1555 1554 1554 1553 1553 1556 1556 1554 1554 1556 1556 1558 1558 1557 1557 1556 1556 1559 1559 1557 1557 1559 1559 1561 1561</p></triangles></mesh></geometry><geometry id="bau0128552188-1-mesh" name="bau0128552188-1"><mesh><source id="bau0128552188-1-mesh-positions"><float_array id="bau0128552188-1-mesh-positions-array" count="852">19.4850005209446 -39.8649983108044 428.49999666214 28.3499993383884 -39.8649983108044 431.400001049042 23.4500002115965 -39.8649983108044 423.500001430511 30.4499994963408 -39.8649983108044 429.399996995926 22.9850001633167 -39.8649983108044 444.599986076355 22.9850001633167 -39.8649983108044 433.829993009567 20.9849998354912 -39.8649983108044 444.599986076355 15.650000423193 -39.8649983108044 431.442826986313 19.3499997258186 -39.8649983108044 447.400003671646 19.4850005209446 -39.8649983108044 420.757740736008 30.4499994963408 -39.8649983108044 423.500001430511 17.9999992251396 -39.8649983108044 428.49999666214 15.650000423193 -39.8649983108044 414.900004863739 20.9849998354912 -39.8649983108044 433.829993009567 24.550000205636 -39.8649983108044 447.400003671646 22.5150007754564 -39.8649983108044 420.757740736008 17.9999992251396 -39.8649983108044 414.900004863739 23.4500002115965 -39.8649983108044 414.900004863739 22.5150007754564 -39.8649983108044 414.900004863739 30.4499994963408 -39.8649983108044 423.500001430511 23.4500002115965 -44.7649993002415 423.500001430511 23.4500002115965 -39.8649983108044 423.500001430511 30.4499994963408 -44.7649993002415 423.500001430511 30.3067248314619 -48.1274239718914 423.500001430511 23.4500002115965 -46.2500005960464 423.500001430511 30.4051153361797 -46.2500005960464 423.500001430511 23.4500002115965 -48.9149987697601 423.500001430511 30.4499994963408 -48.9149987697601 423.500001430511 30.4499994963408 -48.1349304318428 423.500001430511 23.4500002115965 -39.8649983108044 423.500001430511 23.4500002115965 -44.7649993002415 414.900004863739 23.4500002115965 -39.8649983108044 414.900004863739 23.4500002115965 -44.7649993002415 423.500001430511 23.4500002115965 -46.2500005960464 423.500001430511 23.4500002115965 -48.9149987697601 414.900004863739 23.4500002115965 -46.2500005960464 414.900004863739 23.4500002115965 -48.9149987697601 423.500001430511 17.9999992251396 -43.2714410126209 414.900004863739 15.650000423193 -39.8649983108044 414.900004863739 17.9999992251396 -39.8649983108044 414.900004863739 15.650000423193 -43.3329790830612 414.900004863739 22.5150007754564 -39.8649983108044 414.900004863739 23.4500002115965 -44.7649993002415 414.900004863739 19.4850005209446 -44.7649993002415 414.900004863739 19.4850005209446 -31.7649990320206 414.900004863739 23.4500002115965 -39.8649983108044 414.900004863739 22.5150007754564 -31.7649990320206 414.900004863739 30.4499994963408 -48.9149987697601 429.399996995926 30.4499994963408 -44.7649993002415 428.49999666214 30.4499994963408 -39.8649983108044 429.399996995926 30.4499994963408 -48.1349304318428 428.49999666214 30.4499994963408 -48.9149987697601 423.500001430511 30.4499994963408 -48.1349304318428 423.500001430511 30.4499994963408 -39.8649983108044 423.500001430511 30.4499994963408 -44.7649993002415 423.500001430511 15.650000423193 -48.9149987697601 414.900004863739 15.650000423193 -46.2500005960464 428.49999666214 15.650000423193 -46.2500005960464 414.900004863739 15.650000423193 -39.8649983108044 414.900004863739 15.650000423193 -43.3329790830612 428.49999666214 15.650000423193 -39.8649983108044 431.442826986313 15.650000423193 -48.9149987697601 431.442826986313 15.650000423193 -43.3329790830612 414.900004863739 19.3499997258186 -48.9149987697601 447.400003671646 24.550000205636 -39.8649983108044 447.400003671646 19.3499997258186 -39.8649983108044 447.400003671646 24.550000205636 -48.9149987697601 447.400003671646 24.550000205636 -48.9149987697601 447.400003671646 28.3499993383884 -39.8649983108044 431.400001049042 24.550000205636 -39.8649983108044 447.400003671646 28.3499993383884 -48.9149987697601 431.400001049042 28.3499993383884 -48.9149987697601 431.400001049042 30.4499994963408 -39.8649983108044 429.399996995926 28.3499993383884 -39.8649983108044 431.400001049042 30.4499994963408 -48.9149987697601 429.399996995926 19.3499997258186 -39.8649983108044 447.400003671646 15.650000423193 -48.9149987697601 431.442826986313 19.3499997258186 -48.9149987697601 447.400003671646 15.650000423193 -39.8649983108044 431.442826986313 15.650000423193 -48.9149987697601 431.442826986313 24.550000205636 -48.9149987697601 447.400003671646 19.3499997258186 -48.9149987697601 447.400003671646 15.650000423193 -48.9149987697601 414.900004863739 23.4500002115965 -48.9149987697601 423.500001430511 23.4500002115965 -48.9149987697601 414.900004863739 30.4499994963408 -48.9149987697601 429.399996995926 28.3499993383884 -48.9149987697601 431.400001049042 30.4499994963408 -48.9149987697601 423.500001430511 22.9850001633167 -34.5953293144703 437.745988368988 20.9849998354912 -34.8047204315662 438.199996948242 22.9850001633167 -34.8047204315662 438.199996948242 20.9849998354912 -34.5953293144703 437.745988368988 22.9850001633167 -34.5050916075706 437.254220247269 20.9849998354912 -34.5050916075706 437.254220247269 22.9850001633167 -34.5396474003792 436.755448579788 22.9850001633167 -34.6968322992325 436.280816793442 20.9849998354912 -34.5396474003792 436.755448579788 22.9850001633167 -34.9668264389038 435.860008001328 20.9849998354912 -34.6968322992325 436.280816793442 20.9849998354912 -34.9668264389038 435.860008001328 20.9849998354912 -37.9216969013214 443.199992179871 22.9850001633167 -34.8047204315662 438.199996948242 20.9849998354912 -34.8047204315662 438.199996948242 22.9850001633167 -37.9216969013214 443.199992179871 22.9850001633167 -37.9216969013214 443.199992179871 20.9849998354912 -39.8649983108044 444.599986076355 22.9850001633167 -39.8649983108044 444.599986076355 20.9849998354912 -37.9216969013214 443.199992179871 20.9849998354912 -38.2363796234131 433.829993009567 22.9850001633167 -39.8649983108044 433.829993009567 20.9849998354912 -39.8649983108044 433.829993009567 22.9850001633167 -38.2363796234131 433.829993009567 20.9849998354912 -36.010779440403 435.012757778168 22.9850001633167 -38.2363796234131 433.829993009567 20.9849998354912 -38.2363796234131 433.829993009567 22.9850001633167 -36.010779440403 435.012757778168 22.9850001633167 -35.4477390646935 435.385793447495 20.9849998354912 -34.9668264389038 435.860008001328 22.9850001633167 -34.9668264389038 435.860008001328 20.9849998354912 -35.4477390646935 435.385793447495 22.9850001633167 -36.010779440403 435.012757778168 20.9849998354912 -36.010779440403 435.012757778168 20.9849998354912 -37.9216969013214 443.199992179871 20.9849998354912 -36.010779440403 435.012757778168 20.9849998354912 -39.8649983108044 444.599986076355 20.9849998354912 -34.8047204315662 438.199996948242 20.9849998354912 -34.9668264389038 435.860008001328 20.9849998354912 -35.4477390646935 435.385793447495 20.9849998354912 -34.5396474003792 436.755448579788 20.9849998354912 -34.6968322992325 436.280816793442 20.9849998354912 -34.5953293144703 437.745988368988 20.9849998354912 -34.5050916075706 437.254220247269 20.9849998354912 -38.2363796234131 433.829993009567 20.9849998354912 -39.8649983108044 433.829993009567 22.9850001633167 -36.010779440403 435.012757778168 22.9850001633167 -37.9216969013214 443.199992179871 22.9850001633167 -39.8649983108044 444.599986076355 22.9850001633167 -38.2363796234131 433.829993009567 22.9850001633167 -34.5953293144703 437.745988368988 22.9850001633167 -34.9668264389038 435.860008001328 22.9850001633167 -34.5050916075706 437.254220247269 22.9850001633167 -34.5396474003792 436.755448579788 22.9850001633167 -34.6968322992325 436.280816793442 22.9850001633167 -34.8047204315662 438.199996948242 22.9850001633167 -39.8649983108044 433.829993009567 22.9850001633167 -35.4477390646935 435.385793447495 19.4850005209446 -39.8649983108044 420.757740736008 22.5150007754564 -36.1276939511299 418.599992990494 19.4850005209446 -36.1276939511299 418.599992990494 22.5150007754564 -39.8649983108044 420.757740736008 19.4850005209446 -31.7649990320206 418.599992990494 22.5150007754564 -36.1276939511299 418.599992990494 22.5150007754564 -31.7649990320206 418.599992990494 19.4850005209446 -36.1276939511299 418.599992990494 19.4850005209446 -31.7649990320206 414.900004863739 22.5150007754564 -31.7649990320206 418.599992990494 22.5150007754564 -31.7649990320206 414.900004863739 19.4850005209446 -31.7649990320206 418.599992990494 22.5150007754564 -36.1276939511299 418.599992990494 22.5150007754564 -31.7649990320206 414.900004863739 22.5150007754564 -31.7649990320206 418.599992990494 22.5150007754564 -39.8649983108044 414.900004863739 22.5150007754564 -39.8649983108044 420.757740736008 19.4850005209446 -31.7649990320206 414.900004863739 19.4850005209446 -44.7649993002415 0 19.4850005209446 -14.4499996677041 0 19.4850005209446 -36.1276939511299 418.599992990494 19.4850005209446 -39.8649983108044 428.49999666214 19.4850005209446 -39.8649983108044 420.757740736008 19.4850005209446 -14.4499996677041 428.49999666214 19.4850005209446 -31.7649990320206 418.599992990494 19.4850005209446 -44.7649993002415 414.900004863739 31.9849997758865 -44.7649993002415 428.49999666214 30.4499994963408 -48.1349304318428 428.49999666214 31.8046696484089 -48.2059270143509 428.49999666214 30.4499994963408 -44.7649993002415 428.49999666214 17.9999992251396 -16.3000002503395 428.49999666214 12.8849996253848 -14.4499996677041 428.49999666214 12.8849996253848 -16.3000002503395 428.49999666214 19.4850005209446 -14.4499996677041 428.49999666214 19.4850005209446 -39.8649983108044 428.49999666214 17.9999992251396 -39.8649983108044 428.49999666214 13.399999588728 -43.3918982744217 428.49999666214 13.399999588728 -46.2500005960464 0 13.399999588728 -46.2500005960464 428.49999666214 13.399999588728 -43.3918982744217 0 15.650000423193 -43.3329790830612 414.900004863739 17.9999992251396 -43.2714410126209 0 13.399999588728 -43.3918982744217 0 13.399999588728 -43.3918982744217 428.49999666214 15.650000423193 -43.3329790830612 428.49999666214 17.9999992251396 -43.2714410126209 414.900004863739 17.9999992251396 -39.8649983108044 414.900004863739 17.9999992251396 -16.3000002503395 428.49999666214 17.9999992251396 -16.3000002503395 0 17.9999992251396 -43.2714410126209 0 17.9999992251396 -39.8649983108044 428.49999666214 17.9999992251396 -43.2714410126209 414.900004863739 12.8849996253848 -16.3000002503395 428.49999666214 17.9999992251396 -16.3000002503395 0 17.9999992251396 -16.3000002503395 428.49999666214 12.8849996253848 -16.3000002503395 0 12.8849996253848 -16.3000002503395 0 12.8849996253848 -14.4499996677041 428.49999666214 12.8849996253848 -14.4499996677041 0 12.8849996253848 -16.3000002503395 428.49999666214 12.8849996253848 -14.4499996677041 0 19.4850005209446 -14.4499996677041 428.49999666214 19.4850005209446 -14.4499996677041 0 12.8849996253848 -14.4499996677041 428.49999666214 30.4499994963408 -44.7649993002415 423.500001430511 31.9849997758865 -44.7649993002415 428.49999666214 31.9849997758865 -44.7649993002415 0 23.4500002115965 -44.7649993002415 414.900004863739 23.4500002115965 -44.7649993002415 423.500001430511 19.4850005209446 -44.7649993002415 0 19.4850005209446 -44.7649993002415 414.900004863739 30.4499994963408 -44.7649993002415 428.49999666214 31.9849997758865 -44.7649993002415 0 31.8046696484089 -48.2059270143509 428.49999666214 31.8046696484089 -48.2059270143509 0 31.9849997758865 -44.7649993002415 428.49999666214 30.4499994963408 -48.1349304318428 423.500001430511 31.8046696484089 -48.2059270143509 428.49999666214 30.4499994963408 -48.1349304318428 428.49999666214 31.8046696484089 -48.2059270143509 0 30.3067248314619 -48.1274239718914 0 30.3067248314619 -48.1274239718914 423.500001430511 30.3067248314619 -48.1274239718914 423.500001430511 30.4051153361797 -46.2500005960464 0 30.3067248314619 -48.1274239718914 0 30.4051153361797 -46.2500005960464 423.500001430511 30.4051153361797 -46.2500005960464 0 27.9849991202354 -46.2500005960464 3.00000002607703 27.9849991202354 -46.2500005960464 0 23.4500002115965 -46.2500005960464 414.900004863739 20.0849995017052 -46.2500005960464 3.00000002607703 13.399999588728 -46.2500005960464 0 20.0849995017052 -46.2500005960464 1.22985151435838E-15 15.650000423193 -46.2500005960464 414.900004863739 13.399999588728 -46.2500005960464 428.49999666214 30.4051153361797 -46.2500005960464 423.500001430511 23.4500002115965 -46.2500005960464 423.500001430511 15.650000423193 -46.2500005960464 428.49999666214 15.650000423193 -46.2500005960464 428.49999666214 13.399999588728 -43.3918982744217 428.49999666214 13.399999588728 -46.2500005960464 428.49999666214 15.650000423193 -43.3329790830612 428.49999666214 13.399999588728 -46.2500005960464 0 17.9999992251396 -43.2714410126209 0 19.4850005209446 -44.7649993002415 0 30.4051153361797 -46.2500005960464 0 31.8046696484089 -48.2059270143509 0 30.3067248314619 -48.1274239718914 0 31.9849997758865 -44.7649993002415 0 17.9999992251396 -16.3000002503395 0 19.4850005209446 -14.4499996677041 0 12.8849996253848 -14.4499996677041 0 12.8849996253848 -16.3000002503395 0 20.0849995017052 -46.2500005960464 1.22985151435838E-15 26.5814140439034 -49.260001629591 1.62764215394725E-15 21.4885864406824 -49.260001629591 1.31579640718325E-15 27.9849991202354 -46.2500005960464 0 13.399999588728 -43.3918982744217 0 15.650000423193 -46.2500005960464 414.900004863739 23.4500002115965 -48.9149987697601 414.900004863739 15.650000423193 -48.9149987697601 414.900004863739 23.4500002115965 -46.2500005960464 414.900004863739 21.4885864406824 -49.260001629591 1.31579640718325E-15 20.0849995017052 -46.2500005960464 3.00000002607703 20.0849995017052 -46.2500005960464 1.22985151435838E-15 21.4885864406824 -49.260001629591 3.00000002607703 27.9849991202354 -46.2500005960464 0 26.5814140439034 -49.260001629591 3.00000002607703 26.5814140439034 -49.260001629591 1.62764215394725E-15 27.9849991202354 -46.2500005960464 3.00000002607703 21.4885864406824 -49.260001629591 3.00000002607703 26.5814140439034 -49.260001629591 1.62764215394725E-15 26.5814140439034 -49.260001629591 3.00000002607703 21.4885864406824 -49.260001629591 1.31579640718325E-15 27.9849991202354 -46.2500005960464 3.00000002607703 21.4885864406824 -49.260001629591 3.00000002607703 26.5814140439034 -49.260001629591 3.00000002607703 20.0849995017052 -46.2500005960464 3.00000002607703</float_array><technique_common><accessor count="284" source="#bau0128552188-1-mesh-positions-array" stride="3"><param name="X" type="float" /><param name="Y" type="float" /><param name="Z" type="float" /></accessor></technique_common></source><source id="bau0128552188-1-mesh-normals"><float_array id="bau0128552188-1-mesh-normals-array" count="852">0 1 0 0 1 0 0 1 0 0 1 0 0 1 0 0 1 0 0 1 0 0 1 0 0 1 0 0 1 0 0 1 0 0 1 0 0 1 0 0 1 0 0 1 0 0 1 0 0 1 0 0 1 0 0 1 0 0 0 -1 0 0 -1 0 0 -1 0 0 -1 0 0 -1 0 0 -1 0 0 -1 0 0 -1 0 0 -1 0 0 -1 1 0 0 1 0 0 1 0 0 1 0 0 1 0 0 1 0 0 1 0 0 1 0 0 0 0 -1 0 0 -1 0 0 -1 0 0 -1 0 0 -1 0 0 -1 0 0 -1 0 0 -1 0 0 -1 0 0 -1 1 0 0 1 0 0 1 0 0 1 0 0 1 0 0 1 0 0 1 0 0 1 0 0 -1 1.28634089434513E-16 0 -1 1.28634089434513E-16 0 -1 1.28634089434513E-16 0 -1 1.28634089434513E-16 0 -1 1.28634089434513E-16 0 -1 1.28634089434513E-16 0 -1 1.28634089434513E-16 0 -1 1.28634089434513E-16 0 0 0 1 0 0 1 0 0 1 0 0 1 0.972936570644379 0 0.231072425842285 0.972936570644379 0 0.231072425842285 0.972936570644379 0 0.231072425842285 0.972936570644379 0 0.231072425842285 0.689655184745789 0 0.724137902259827 0.689655184745789 0 0.724137902259827 0.689655184745789 0 0.724137902259827 0.689655184745789 0 0.724137902259827 -0.97415554523468 0 0.225878238677979 -0.97415554523468 0 0.225878238677979 -0.97415554523468 0 0.225878238677979 -0.97415554523468 0 0.225878238677979 0 -1 0 0 -1 0 0 -1 0 0 -1 0 0 -1 0 0 -1 0 0 -1 0 0 -1 0 0 -1 0 2.10892526789834E-15 0.953304708003998 0.302010089159012 3.69412201769634E-15 0.848609805107117 0.529019296169281 3.69412201769634E-15 0.848609805107117 0.529019296169281 2.10892526789834E-15 0.953304708003998 0.302010089159012 3.91932997304201E-16 0.998423635959625 0.0561270378530025 3.91932997304201E-16 0.998423635959625 0.0561270378530025 -1.34955271326745E-15 0.98114687204361 -0.19326363503933 -3.00669930034143E-15 0.902554094791412 -0.43057644367218 -1.34955271326745E-15 0.98114687204361 -0.19326363503933 -4.47594443944038E-15 0.767556965351105 -0.64098072052002 -3.00669930034143E-15 0.902554094791412 -0.43057644367218 -4.47594443944038E-15 0.767556965351105 -0.64098072052002 3.69412201769634E-15 0.848609805107117 0.529019296169281 3.69412201769634E-15 0.848609805107117 0.529019296169281 3.69412201769634E-15 0.848609805107117 0.529019296169281 3.69412201769634E-15 0.848609805107117 0.529019296169281 5.66577882022854E-15 0.584530472755432 0.811371743679047 5.66577882022854E-15 0.584530472755432 0.811371743679047 5.66577882022854E-15 0.584530472755432 0.811371743679047 5.66577882022854E-15 0.584530472755432 0.811371743679047 -6.98296248705403E-15 0 -1 -6.98296248705403E-15 0 -1 -6.98296248705403E-15 0 -1 -6.98296248705403E-15 0 -1 -6.16628508304695E-15 0.469284296035767 -0.883047163486481 -6.16628508304695E-15 0.469284296035767 -0.883047163486481 -6.16628508304695E-15 0.469284296035767 -0.883047163486481 -6.16628508304695E-15 0.469284296035767 -0.883047163486481 -5.42206668899627E-15 0.630153238773346 -0.77647078037262 -4.47594443944038E-15 0.767556965351105 -0.64098072052002 -4.47594443944038E-15 0.767556965351105 -0.64098072052002 -5.42206668899627E-15 0.630153238773346 -0.77647078037262 -6.16628508304695E-15 0.469284296035767 -0.883047163486481 -6.16628508304695E-15 0.469284296035767 -0.883047163486481 -1 0 6.98296248705403E-15 -1 0 6.98296248705403E-15 -1 0 6.98296248705403E-15 -1 0 6.98296248705403E-15 -1 0 6.98296248705403E-15 -1 0 6.98296248705403E-15 -1 0 6.98296248705403E-15 -1 0 6.98296248705403E-15 -1 0 6.98296248705403E-15 -1 0 6.98296248705403E-15 -1 0 6.98296248705403E-15 -1 0 6.98296248705403E-15 1 0 -6.98296248705403E-15 1 0 -6.98296248705403E-15 1 0 -6.98296248705403E-15 1 0 -6.98296248705403E-15 1 0 -6.98296248705403E-15 1 0 -6.98296248705403E-15 1 0 -6.98296248705403E-15 1 0 -6.98296248705403E-15 1 0 -6.98296248705403E-15 1 0 -6.98296248705403E-15 1 0 -6.98296248705403E-15 1 0 -6.98296248705403E-15 6.04742306714113E-15 0.5 0.866025388240814 6.04742306714113E-15 0.5 0.866025388240814 6.04742306714113E-15 0.5 0.866025388240814 6.04742306714113E-15 0.5 0.866025388240814 6.98296248705403E-15 0 1 6.98296248705403E-15 0 1 6.98296248705403E-15 0 1 6.98296248705403E-15 0 1 1.30956856575391E-29 1 1.87537668500017E-15 1.30956856575391E-29 1 1.87537668500017E-15 1.30956856575391E-29 1 1.87537668500017E-15 1.30956856575391E-29 1 1.87537668500017E-15 1 0 -7.1074170379941E-15 1 0 -7.1074170379941E-15 1 0 -7.1074170379941E-15 1 0 -7.1074170379941E-15 1 0 -7.1074170379941E-15 1 0 0 1 0 0 1 0 0 1 0 0 1 0 0 1 0 0 1 0 0 1 0 0 1 0 0 0 0 1 0 0 1 0 0 1 0 0 1 0 0 1 0 0 1 0 0 1 0 0 1 0 0 1 0 0 1 -1 0 0 -1 0 0 -1 0 0 -1 0 0 -0.0261769481003284 0.999657332897186 0 -0.0261769481003284 0.999657332897186 0 -0.0261769481003284 0.999657332897186 0 -0.0261769481003284 0.999657332897186 0 -0.0261769481003284 0.999657332897186 0 -0.0261769481003284 0.999657332897186 0 -1 1.28634089434513E-16 0 -1 1.28634089434513E-16 0 -1 1.28634089434513E-16 0 -1 1.28634089434513E-16 0 -1 1.28634089434513E-16 0 -1 1.28634089434513E-16 0 6.78288737568193E-16 -1 0 6.78288737568193E-16 -1 0 6.78288737568193E-16 -1 0 6.78288737568193E-16 -1 0 -1 0 0 -1 0 0 -1 0 0 -1 0 0 0 1 0 0 1 0 0 1 0 0 1 0 5.55111512312578E-16 1 0 5.55111512312578E-16 1 0 5.55111512312578E-16 1 0 5.55111512312578E-16 1 0 5.55111512312578E-16 1 0 5.55111512312578E-16 1 0 5.55111512312578E-16 1 0 5.55111512312578E-16 1 0 0.998629510402679 -0.0523359552025795 0 0.998629510402679 -0.0523359552025795 0 0.998629510402679 -0.0523359552025795 0 0.998629510402679 -0.0523359552025795 0 -0.0523359552025795 -0.998629510402679 0 -0.0523359552025795 -0.998629510402679 0 -0.0523359552025795 -0.998629510402679 0 -0.0523359552025795 -0.998629510402679 0 -0.0523359552025795 -0.998629510402679 0 -0.0523359552025795 -0.998629510402679 0 -0.998629510402679 0.0523359552025795 0 -0.998629510402679 0.0523359552025795 0 -0.998629510402679 0.0523359552025795 0 -0.998629510402679 0.0523359552025795 0 4.080474285488E-16 -1 0 4.080474285488E-16 -1 0 4.080474285488E-16 -1 0 4.080474285488E-16 -1 0 4.080474285488E-16 -1 0 4.080474285488E-16 -1 0 4.080474285488E-16 -1 0 4.080474285488E-16 -1 0 4.080474285488E-16 -1 0 4.080474285488E-16 -1 0 4.080474285488E-16 -1 0 4.080474285488E-16 -1 0 0 0 1 0 0 1 0 0 1 0 0 1 0 0 -1 0 0 -1 0 0 -1 0 0 -1 0 0 -1 0 0 -1 0 0 -1 0 0 -1 0 0 -1 0 0 -1 0 0 -1 0 0 -1 0 0 -1 0 0 -1 0 0 -1 0 0 -1 0 0 -1 0 0 -1 0 0 -1 0 0 -1 -0.906307816505432 -0.422618269920349 -5.54953454641132E-17 -0.906307816505432 -0.422618269920349 -5.54953454641132E-17 -0.906307816505432 -0.422618269920349 -5.54953454641132E-17 -0.906307816505432 -0.422618269920349 -5.54953454641132E-17 0.906307816505432 -0.422618269920349 5.54953454641132E-17 0.906307816505432 -0.422618269920349 5.54953454641132E-17 0.906307816505432 -0.422618269920349 5.54953454641132E-17 0.906307816505432 -0.422618269920349 5.54953454641132E-17 0 -1 0 0 -1 0 0 -1 0 0 -1 0 -6.12323426292584E-17 -5.44007324490634E-32 1 -6.12323426292584E-17 -5.44007324490634E-32 1 -6.12323426292584E-17 -5.44007324490634E-32 1 -6.12323426292584E-17 -5.44007324490634E-32 1</float_array><technique_common><accessor count="284" source="#bau0128552188-1-mesh-normals-array" stride="3"><param name="X" type="float" /><param name="Y" type="float" /><param name="Z" type="float" /></accessor></technique_common></source><vertices id="bau0128552188-1-mesh-vertices"><input semantic="POSITION" source="#bau0128552188-1-mesh-positions" /></vertices><triangles count="113" material="__5-ks-dunkelgrau-material"><input offset="0" semantic="VERTEX" source="#bau0128552188-1-mesh-vertices" /><input offset="1" semantic="NORMAL" source="#bau0128552188-1-mesh-normals" /><p>0 0 1 1 2 2 3 3 2 2 1 1 4 4 1 1 5 5 1 1 0 0 5 5 6 6 7 7 8 8 2 2 9 9 0 0 2 2 3 3 10 10 11 11 12 12 7 7 7 7 6 6 13 13 0 0 13 13 5 5 1 1 4 4 14 14 7 7 13 13 11 11 6 6 14 14 4 4 9 9 2 2 15 15 14 14 6 6 8 8 12 12 11 11 16 16 15 15 17 17 18 18 17 17 15 15 2 2 13 13 0 0 11 11 19 19 20 20 21 21 20 20 19 19 22 22 23 23 24 24 25 25 24 24 23 23 26 26 27 27 23 23 28 28 23 23 27 27 26 26 29 29 30 30 31 31 30 30 29 29 32 32 33 33 34 34 35 35 34 34 33 33 36 36 37 37 38 38 39 39 38 38 37 37 40 40 41 41 42 42 43 43 44 44 41 41 43 43 42 42 41 41 45 45 41 41 44 44 46 46 47 47 48 48 49 49 50 50 51 51 52 52 51 51 50 50 47 47 53 53 48 48 54 54 48 48 53 53 49 49 48 48 47 47 50 50 55 55 56 56 57 57 58 58 59 59 60 60 56 56 55 55 61 61 59 59 61 61 60 60 61 61 59 59 56 56 59 59 58 58 62 62 63 63 64 64 65 65 64 64 63 63 66 66 67 67 68 68 69 69 68 68 67 67 70 70 71 71 72 72 73 73 72 72 71 71 74 74 75 75 76 76 77 77 76 76 75 75 78 78 79 79 80 80 81 81 82 82 83 83 79 79 83 83 82 82 84 84 83 83 85 85 86 86 80 80 79 79 86 86 86 86 79 79 83 83 85 85 83 83 87 87 88 88 89 89 90 90 91 91 92 92 93 93 94 94 93 93 92 92 95 95 96 96 94 94 97 97 98 98 95 95 96 96 95 95 98 98 89 89 88 88 91 91 92 92 91 91 88 88 98 98 97 97 99 99 93 93 94 94 96 96 100 100 101 101 102 102 101 101 100 100 103 103 104 104 105 105 106 106 105 105 104 104 107 107 108 108 109 109 110 110 109 109 108 108 111 111 112 112 113 113 114 114 113 113 112 112 115 115 116 116 117 117 118 118 117 117 116 116 119 119 119 119 120 120 121 121 120 120 119 119 116 116 122 122 123 123 124 124 125 125 126 126 127 127 126 126 128 128 129 129 126 126 130 130 131 131 130 130 126 126 125 125 128 128 126 126 131 131 124 124 132 132 133 133 132 132 124 124 123 123 123 123 122 122 125 125 125 125 127 127 123 123 134 134 135 135 136 136 136 136 137 137 134 134 138 138 139 139 140 140 141 141 139 139 142 142 139 139 141 141 140 140 139 139 138 138 143 143 137 137 136 136 144 144 145 145 143 143 134 134 135 135 134 134 143 143 139 139 143 143 145 145 146 146 147 147 148 148 147 147 146 146 149 149 150 150 151 151 152 152 151 151 150 150 153 153 154 154 155 155 156 156 155 155 154 154 157 157 158 158 159 159 160 160 159 159 158 158 161 161 161 161 158 158 162 162</p></triangles><triangles count="79" material="zincplated-material"><input offset="0" semantic="VERTEX" source="#bau0128552188-1-mesh-vertices" /><input offset="1" semantic="NORMAL" source="#bau0128552188-1-mesh-normals" /><p>163 163 164 164 165 165 166 166 167 167 168 168 163 163 169 169 170 170 169 169 163 163 165 165 167 167 166 166 170 170 167 167 170 170 169 169 164 164 163 163 171 171 172 172 173 173 174 174 173 173 172 172 175 175 176 176 177 177 178 178 177 177 176 176 179 179 176 176 180 180 179 179 180 180 176 176 181 181 182 182 183 183 184 184 183 183 182 182 185 185 186 186 187 187 188 188 186 186 189 189 190 190 187 187 186 186 191 191 189 189 186 186 188 188 192 192 193 193 194 194 195 195 192 192 194 194 193 193 192 192 196 196 192 192 195 195 197 197 198 198 199 199 200 200 199 199 198 198 201 201 202 202 203 203 204 204 203 203 202 202 205 205 206 206 207 207 208 208 207 207 206 206 209 209 210 210 211 211 212 212 213 213 210 210 212 212 210 210 213 213 214 214 213 213 215 215 216 216 215 215 213 213 212 212 211 211 210 210 217 217 218 218 219 219 220 220 219 219 218 218 221 221 222 222 223 223 224 224 225 225 222 222 226 226 226 226 222 222 227 227 222 222 225 225 223 223 228 228 229 229 230 230 229 229 228 228 231 231 232 232 233 233 234 234 235 235 236 236 233 233 236 236 237 237 238 238 239 239 240 240 237 237 237 237 236 236 239 239 236 236 235 235 239 239 235 235 241 241 242 242 233 233 232 232 241 241 241 241 235 235 233 233 240 240 239 239 243 243 244 244 245 245 246 246 245 245 244 244 247 247 248 248 249 249 250 250 251 251 252 252 253 253 252 252 251 251 254 254 250 250 255 255 256 256 257 257 255 255 258 258 255 255 257 257 256 256 259 259 260 260 261 261 260 260 259 259 262 262 249 249 248 248 263 263 262 262 254 254 251 251 259 259 250 250 254 254 254 254 262 262 259 259 255 255 250 250 249 249 250 250 259 259 248 248 264 264 265 265 266 266 265 265 264 264 267 267 268 268 269 269 270 270 269 269 268 268 271 271 272 272 273 273 274 274 273 273 272 272 275 275 276 276 277 277 278 278 277 277 276 276 279 279 280 280 281 281 282 282 281 281 280 280 283 283</p></triangles></mesh></geometry><geometry id="bau0128549652-1-mesh" name="bau0128549652-1"><mesh><source id="bau0128549652-1-mesh-positions"><float_array id="bau0128549652-1-mesh-positions-array" count="1170">34.8000004887581 -51.5000000596046 -109.300002455711 29.2499996721745 -51.5000000596046 -128.499999642372 34.8000004887581 -51.5000000596046 -180.45000731945 13.6500000953674 -51.5000000596046 -128.499999642372 34.8000004887581 -51.5000000596046 -251.599997282028 12.7999996766448 -51.5000000596046 32.9999998211861 12.7999996766448 -51.5000000596046 -322.750002145767 13.6500000953674 -51.5000000596046 -80.4999992251396 31.199999153614 -51.5000000596046 -70.0000002980232 34.8000004887581 -51.5000000596046 -38.1500013172626 34.8000004887581 -51.5000000596046 -70.0000002980232 31.199999153614 -51.5000000596046 -82.9999968409538 29.2499996721745 -51.5000000596046 -80.4999992251396 34.8000004887581 -51.5000000596046 -322.750002145767 34.8000004887581 -51.5000000596046 -82.9999968409538 34.8000004887581 -51.5000000596046 32.9999998211861 35.382341593504 -40.0766655802727 32.9999998211861 35.300001502037 -41.3839742541313 32.9999998211861 35.9250009059906 -40.3014421463013 32.9999998211861 36.3909900188446 -50.8409887552261 32.9999998211861 35.300001502037 -50.1160249114037 32.9999998211861 35.9250009059906 -51.1985570192337 32.9999998211861 34.8000004887581 -41.2500016391277 32.9999998211861 35.058818757534 -41.2840731441975 32.9999998211861 36.3909900188446 -40.6590104103088 32.9999998211861 35.6660261750221 -41.7499989271164 32.9999998211861 36.7485582828522 -41.1249995231628 32.9999998211861 35.6660261750221 -49.7500002384186 32.9999998211861 35.5071052908897 -49.9571077525616 32.9999998211861 31.5500013530254 -41.2500016391277 32.9999998211861 34.8000004887581 -39.9999991059303 32.9999998211861 31.5500013530254 -39.9999991059303 32.9999998211861 35.5071052908897 -41.5428914129734 32.9999998211861 36.9733348488808 -41.6676588356495 32.9999998211861 35.765927284956 -41.9911816716194 32.9999998211861 36.7485582828522 -50.3749996423721 32.9999998211861 36.9733348488808 -49.8323440551758 32.9999998211861 35.382341593504 -51.4233335852623 32.9999998211861 35.058818757534 -50.2159260213375 32.9999998211861 11.2090101465583 -50.8409887552261 32.9999998211861 11.9339749217033 -49.7500002384186 32.9999998211861 10.8514428138733 -50.3749996423721 32.9999998211861 37.0500013232231 -49.2499992251396 32.9999998211861 35.765927284956 -49.5088174939156 32.9999998211861 34.8000004887581 -51.5000000596046 32.9999998211861 34.8000004887581 -50.2500012516975 32.9999998211861 11.6750001907349 -51.1985570192337 32.9999998211861 12.5411814078689 -50.2159260213375 32.9999998211861 12.2999995946884 -50.1160249114037 32.9999998211861 10.6266671791673 -49.8323440551758 32.9999998211861 11.8340738117695 -49.5088174939156 32.9999998211861 37.0500013232231 -42.2499999403954 32.9999998211861 35.7999987900257 -49.2499992251396 32.9999998211861 12.7999996766448 -50.2500012516975 32.9999998211861 12.2176567092538 -51.4233335852623 32.9999998211861 12.092893011868 -49.9571077525616 32.9999998211861 10.5499997735023 -49.2499992251396 32.9999998211861 11.8000004440546 -49.2499992251396 32.9999998211861 35.7999987900257 -42.2499999403954 32.9999998211861 12.7999996766448 -51.5000000596046 32.9999998211861 10.5499997735023 -46.7000007629395 32.9999998211861 11.8000004440546 -46.7000007629395 32.9999998211861 37.0500013232231 -42.2499999403954 32.9999998211861 36.9733348488808 -41.6676588356495 -322.750002145767 36.9733348488808 -41.6676588356495 32.9999998211861 36.7485582828522 -41.1249995231628 -322.750002145767 36.7485582828522 -41.1249995231628 32.9999998211861 36.3909900188446 -40.6590104103088 -322.750002145767 36.3909900188446 -40.6590104103088 32.9999998211861 35.9250009059906 -40.3014421463013 -322.750002145767 35.9250009059906 -40.3014421463013 32.9999998211861 35.382341593504 -40.0766655802727 -322.750002145767 35.382341593504 -40.0766655802727 32.9999998211861 34.8000004887581 -39.9999991059303 -322.750002145767 34.8000004887581 -39.9999991059303 32.9999998211861 37.0500013232231 -42.2499999403954 -322.750002145767 31.5500013530254 -39.9999991059303 4.99999988824129 34.8000004887581 -39.9999991059303 32.9999998211861 34.8000004887581 -39.9999991059303 -322.750002145767 31.5500013530254 -39.9999991059303 32.9999998211861 26.5500005334616 -39.9999991059303 -322.750002145767 26.5500005334616 -39.9999991059303 4.99999988824129 26.5500005334616 -41.2500016391277 -322.750002145767 26.5500005334616 -39.9999991059303 4.99999988824129 26.5500005334616 -39.9999991059303 -322.750002145767 26.5500005334616 -41.2500016391277 4.99999988824129 34.8000004887581 -41.2500016391277 32.9999998211861 31.5500013530254 -41.2500016391277 4.99999988824129 34.8000004887581 -41.2500016391277 -322.750002145767 26.5500005334616 -41.2500016391277 -322.750002145767 26.5500005334616 -41.2500016391277 4.99999988824129 31.5500013530254 -41.2500016391277 32.9999998211861 35.300001502037 -41.3839742541313 -322.750002145767 35.5071052908897 -41.5428914129734 32.9999998211861 35.300001502037 -41.3839742541313 32.9999998211861 35.058818757534 -41.2840731441975 -322.750002145767 35.058818757534 -41.2840731441975 32.9999998211861 34.8000004887581 -41.2500016391277 -322.750002145767 34.8000004887581 -41.2500016391277 32.9999998211861 35.6660261750221 -41.7499989271164 -322.750002145767 35.765927284956 -41.9911816716194 32.9999998211861 35.6660261750221 -41.7499989271164 32.9999998211861 35.765927284956 -41.9911816716194 -322.750002145767 35.7999987900257 -42.2499999403954 32.9999998211861 35.7999987900257 -42.2499999403954 -322.750002145767 35.5071052908897 -41.5428914129734 -322.750002145767 35.7999987900257 -49.2499992251396 -322.750002145767 35.7999987900257 -42.2499999403954 32.9999998211861 35.7999987900257 -42.2499999403954 -322.750002145767 35.7999987900257 -49.2499992251396 32.9999998211861 35.765927284956 -49.5088174939156 -322.750002145767 35.6660261750221 -49.7500002384186 32.9999998211861 35.765927284956 -49.5088174939156 32.9999998211861 35.6660261750221 -49.7500002384186 -322.750002145767 35.5071052908897 -49.9571077525616 32.9999998211861 35.5071052908897 -49.9571077525616 -322.750002145767 35.300001502037 -50.1160249114037 32.9999998211861 35.300001502037 -50.1160249114037 -322.750002145767 35.058818757534 -50.2159260213375 32.9999998211861 35.058818757534 -50.2159260213375 -322.750002145767 34.8000004887581 -50.2500012516975 32.9999998211861 34.8000004887581 -50.2500012516975 -322.750002145767 35.7999987900257 -49.2499992251396 -322.750002145767 35.7999987900257 -49.2499992251396 32.9999998211861 12.7999996766448 -50.2500012516975 -322.750002145767 34.8000004887581 -50.2500012516975 32.9999998211861 34.8000004887581 -50.2500012516975 -322.750002145767 12.7999996766448 -50.2500012516975 32.9999998211861 12.7999996766448 -50.2500012516975 -322.750002145767 12.5411814078689 -50.2159260213375 32.9999998211861 12.7999996766448 -50.2500012516975 32.9999998211861 12.5411814078689 -50.2159260213375 -322.750002145767 12.2999995946884 -50.1160249114037 32.9999998211861 12.2999995946884 -50.1160249114037 -322.750002145767 12.092893011868 -49.9571077525616 32.9999998211861 12.092893011868 -49.9571077525616 -322.750002145767 11.9339749217033 -49.7500002384186 32.9999998211861 11.9339749217033 -49.7500002384186 -322.750002145767 11.8340738117695 -49.5088174939156 32.9999998211861 11.8340738117695 -49.5088174939156 -322.750002145767 11.8000004440546 -49.2499992251396 32.9999998211861 11.8000004440546 -49.2499992251396 -322.750002145767 11.8000004440546 -39.1499996185303 -322.750002145767 11.8000004440546 -46.7000007629395 16.0000007599592 11.8000004440546 -49.2499992251396 -322.750002145767 11.8000004440546 -39.1499996185303 16.0000007599592 11.8000004440546 -49.2499992251396 32.9999998211861 11.8000004440546 -46.7000007629395 32.9999998211861 12.0050255209208 -38.6550240218639 16.0000007599592 11.8937818333507 -38.8000011444092 -322.750002145767 12.0050255209208 -38.6550240218639 -322.750002145767 12.1499998494983 -38.5437831282616 16.0000007599592 12.1499998494983 -38.5437831282616 -322.750002145767 12.3188262805343 -38.4738519787788 16.0000007599592 12.3188262805343 -38.4738519787788 -322.750002145767 12.5000001862645 -38.4499989449978 16.0000007599592 12.5000001862645 -38.4499989449978 -322.750002145767 11.8937818333507 -38.8000011444092 16.0000007599592 11.8238516151905 -38.9688275754452 -322.750002145767 11.8238516151905 -38.9688275754452 16.0000007599592 11.8000004440546 -39.1499996185303 -322.750002145767 11.8000004440546 -39.1499996185303 16.0000007599592 12.5000001862645 -38.4499989449978 -322.750002145767 17.000000923872 -38.4499989449978 16.0000007599592 12.5000001862645 -38.4499989449978 16.0000007599592 17.000000923872 -38.4499989449978 -322.750002145767 17.000000923872 -37.2000001370907 16.0000007599592 17.000000923872 -38.4499989449978 -322.750002145767 17.000000923872 -37.2000001370907 -322.750002145767 17.000000923872 -38.4499989449978 16.0000007599592 17.000000923872 -37.2000001370907 16.0000007599592 12.5000001862645 -37.2000001370907 -322.750002145767 12.5000001862645 -37.2000001370907 16.0000007599592 17.000000923872 -37.2000001370907 -322.750002145767 11.9953025132418 -37.266444414854 16.0000007599592 11.5250004455447 -37.4612510204315 -322.750002145767 11.5250004455447 -37.4612510204315 16.0000007599592 11.1211417242885 -37.7711430191994 -322.750002145767 11.1211417242885 -37.7711430191994 16.0000007599592 10.8112506568432 -38.1750017404556 -322.750002145767 10.8112506568432 -38.1750017404556 16.0000007599592 10.6164449825883 -38.645301014185 -322.750002145767 10.6164449825883 -38.645301014185 16.0000007599592 12.5000001862645 -37.2000001370907 16.0000007599592 11.9953025132418 -37.266444414854 -322.750002145767 10.5499997735023 -39.1499996185303 -322.750002145767 12.5000001862645 -37.2000001370907 -322.750002145767 10.5499997735023 -39.1499996185303 16.0000007599592 10.5499997735023 -49.2499992251396 32.9999998211861 10.5499997735023 -46.7000007629395 16.0000007599592 10.5499997735023 -49.2499992251396 -322.750002145767 10.5499997735023 -46.7000007629395 32.9999998211861 10.5499997735023 -39.1499996185303 -322.750002145767 10.5499997735023 -39.1499996185303 16.0000007599592 11.6750001907349 -51.1985570192337 -322.750002145767 11.2090101465583 -50.8409887552261 32.9999998211861 11.2090101465583 -50.8409887552261 -322.750002145767 10.8514428138733 -50.3749996423721 -322.750002145767 10.6266671791673 -49.8323440551758 32.9999998211861 10.6266671791673 -49.8323440551758 -322.750002145767 10.8514428138733 -50.3749996423721 32.9999998211861 12.2176567092538 -51.4233335852623 -322.750002145767 11.6750001907349 -51.1985570192337 32.9999998211861 10.5499997735023 -49.2499992251396 32.9999998211861 12.2176567092538 -51.4233335852623 32.9999998211861 12.7999996766448 -51.5000000596046 -322.750002145767 12.7999996766448 -51.5000000596046 32.9999998211861 10.5499997735023 -49.2499992251396 -322.750002145767 35.9250009059906 -51.1985570192337 -38.1500013172626 36.3909900188446 -50.8409887552261 -109.300002455711 36.3909900188446 -50.8409887552261 -38.1500013172626 35.9250009059906 -51.1985570192337 -109.300002455711 36.3909900188446 -50.8409887552261 -180.45000731945 35.9250009059906 -51.1985570192337 -180.45000731945 36.3909900188446 -50.8409887552261 -251.599997282028 35.9250009059906 -51.1985570192337 -251.599997282028 36.3909900188446 -50.8409887552261 -322.750002145767 35.382341593504 -51.4233335852623 32.9999998211861 35.9250009059906 -51.1985570192337 32.9999998211861 35.382341593504 -51.4233335852623 -38.1500013172626 35.382341593504 -51.4233335852623 -109.300002455711 35.382341593504 -51.4233335852623 -180.45000731945 35.382341593504 -51.4233335852623 -251.599997282028 35.9250009059906 -51.1985570192337 -322.750002145767 34.8000004887581 -51.5000000596046 32.9999998211861 34.8000004887581 -51.5000000596046 -82.9999968409538 34.8000004887581 -51.5000000596046 -109.300002455711 34.8000004887581 -51.5000000596046 -180.45000731945 34.8000004887581 -51.5000000596046 -251.599997282028 35.382341593504 -51.4233335852623 -322.750002145767 34.8000004887581 -51.5000000596046 -322.750002145767 36.3909900188446 -50.8409887552261 32.9999998211861 34.8000004887581 -51.5000000596046 -70.0000002980232 34.8000004887581 -51.5000000596046 -38.1500013172626 36.7485582828522 -50.3749996423721 -322.750002145767 36.7485582828522 -50.3749996423721 -251.599997282028 36.7485582828522 -50.3749996423721 -180.45000731945 36.7485582828522 -50.3749996423721 -109.300002455711 36.7485582828522 -50.3749996423721 -38.1500013172626 36.9733348488808 -49.8323440551758 -322.750002145767 36.9733348488808 -49.8323440551758 -251.599997282028 36.9733348488808 -49.8323440551758 -180.45000731945 36.9733348488808 -49.8323440551758 -109.300002455711 36.9733348488808 -49.8323440551758 -38.1500013172626 36.7485582828522 -50.3749996423721 32.9999998211861 37.0500013232231 -49.2499992251396 -322.750002145767 37.0500013232231 -49.2499992251396 -251.599997282028 37.0500013232231 -49.2499992251396 -180.45000731945 37.0500013232231 -49.2499992251396 -109.300002455711 37.0500013232231 -49.2499992251396 -38.1500013172626 36.9733348488808 -49.8323440551758 32.9999998211861 37.0500013232231 -49.2499992251396 32.9999998211861 37.0500013232231 -42.2499999403954 -322.750002145767 37.0500013232231 -49.2499992251396 -251.599997282028 37.0500013232231 -49.2499992251396 -322.750002145767 37.0500013232231 -49.2499992251396 -109.300002455711 37.0500013232231 -42.2499999403954 32.9999998211861 37.0500013232231 -49.2499992251396 -38.1500013172626 37.0500013232231 -49.2499992251396 -180.45000731945 37.0500013232231 -49.2499992251396 32.9999998211861 35.6660261750221 -41.7499989271164 -322.750002145767 36.3909900188446 -40.6590104103088 -322.750002145767 36.7485582828522 -41.1249995231628 -322.750002145767 35.300001502037 -41.3839742541313 -322.750002145767 35.5071052908897 -41.5428914129734 -322.750002145767 35.382341593504 -40.0766655802727 -322.750002145767 35.9250009059906 -40.3014421463013 -322.750002145767 34.8000004887581 -41.2500016391277 -322.750002145767 34.8000004887581 -39.9999991059303 -322.750002145767 12.3188262805343 -38.4738519787788 -322.750002145767 11.5250004455447 -37.4612510204315 -322.750002145767 11.9953025132418 -37.266444414854 -322.750002145767 12.0050255209208 -38.6550240218639 -322.750002145767 12.1499998494983 -38.5437831282616 -322.750002145767 10.8112506568432 -38.1750017404556 -322.750002145767 11.1211417242885 -37.7711430191994 -322.750002145767 11.8238516151905 -38.9688275754452 -322.750002145767 11.8937818333507 -38.8000011444092 -322.750002145767 10.5499997735023 -39.1499996185303 -322.750002145767 11.8000004440546 -49.2499992251396 -322.750002145767 10.5499997735023 -49.2499992251396 -322.750002145767 11.2090101465583 -50.8409887552261 -322.750002145767 11.9339749217033 -49.7500002384186 -322.750002145767 12.092893011868 -49.9571077525616 -322.750002145767 12.5411814078689 -50.2159260213375 -322.750002145767 11.6750001907349 -51.1985570192337 -322.750002145767 12.2999995946884 -50.1160249114037 -322.750002145767 37.0500013232231 -49.2499992251396 -322.750002145767 35.765927284956 -49.5088174939156 -322.750002145767 35.7999987900257 -49.2499992251396 -322.750002145767 35.7999987900257 -42.2499999403954 -322.750002145767 36.9733348488808 -41.6676588356495 -322.750002145767 37.0500013232231 -42.2499999403954 -322.750002145767 35.058818757534 -41.2840731441975 -322.750002145767 26.5500005334616 -39.9999991059303 -322.750002145767 11.8000004440546 -39.1499996185303 -322.750002145767 10.6266671791673 -49.8323440551758 -322.750002145767 10.8514428138733 -50.3749996423721 -322.750002145767 36.9733348488808 -49.8323440551758 -322.750002145767 35.765927284956 -41.9911816716194 -322.750002145767 10.6164449825883 -38.645301014185 -322.750002145767 35.6660261750221 -49.7500002384186 -322.750002145767 36.7485582828522 -50.3749996423721 -322.750002145767 35.058818757534 -50.2159260213375 -322.750002145767 34.8000004887581 -51.5000000596046 -322.750002145767 34.8000004887581 -50.2500012516975 -322.750002145767 12.7999996766448 -51.5000000596046 -322.750002145767 12.7999996766448 -50.2500012516975 -322.750002145767 12.5000001862645 -37.2000001370907 -322.750002145767 12.5000001862645 -38.4499989449978 -322.750002145767 17.000000923872 -38.4499989449978 -322.750002145767 17.000000923872 -37.2000001370907 -322.750002145767 36.3909900188446 -50.8409887552261 -322.750002145767 35.5071052908897 -49.9571077525616 -322.750002145767 12.2176567092538 -51.4233335852623 -322.750002145767 35.300001502037 -50.1160249114037 -322.750002145767 35.9250009059906 -51.1985570192337 -322.750002145767 35.382341593504 -51.4233335852623 -322.750002145767 11.8340738117695 -49.5088174939156 -322.750002145767 26.5500005334616 -41.2500016391277 -322.750002145767 10.5499997735023 -46.7000007629395 16.0000007599592 11.8000004440546 -46.7000007629395 32.9999998211861 11.8000004440546 -46.7000007629395 16.0000007599592 10.5499997735023 -46.7000007629395 32.9999998211861 11.8238516151905 -38.9688275754452 16.0000007599592 10.5499997735023 -39.1499996185303 16.0000007599592 11.8000004440546 -39.1499996185303 16.0000007599592 11.8000004440546 -46.7000007629395 16.0000007599592 10.5499997735023 -46.7000007629395 16.0000007599592 11.8937818333507 -38.8000011444092 16.0000007599592 11.1211417242885 -37.7711430191994 16.0000007599592 10.8112506568432 -38.1750017404556 16.0000007599592 12.3188262805343 -38.4738519787788 16.0000007599592 11.5250004455447 -37.4612510204315 16.0000007599592 12.1499998494983 -38.5437831282616 16.0000007599592 12.0050255209208 -38.6550240218639 16.0000007599592 10.6164449825883 -38.645301014185 16.0000007599592 12.5000001862645 -38.4499989449978 16.0000007599592 17.000000923872 -37.2000001370907 16.0000007599592 12.5000001862645 -37.2000001370907 16.0000007599592 17.000000923872 -38.4499989449978 16.0000007599592 11.9953025132418 -37.266444414854 16.0000007599592 31.5500013530254 -41.2500016391277 32.9999998211861 31.5500013530254 -39.9999991059303 4.99999988824129 31.5500013530254 -41.2500016391277 4.99999988824129 31.5500013530254 -39.9999991059303 32.9999998211861 26.5500005334616 -39.9999991059303 4.99999988824129 31.5500013530254 -41.2500016391277 4.99999988824129 31.5500013530254 -39.9999991059303 4.99999988824129 26.5500005334616 -41.2500016391277 4.99999988824129 31.199999153614 -51.5000000596046 -70.0000002980232 34.8000004887581 -52.9999993741512 -70.0000002980232 34.8000004887581 -51.5000000596046 -70.0000002980232 31.199999153614 -52.9999993741512 -70.0000002980232 34.8000004887581 -52.9999993741512 -82.9999968409538 34.8000004887581 -51.5000000596046 -70.0000002980232 34.8000004887581 -52.9999993741512 -70.0000002980232 34.8000004887581 -51.5000000596046 -82.9999968409538 31.199999153614 -52.9999993741512 -82.9999968409538 34.8000004887581 -51.5000000596046 -82.9999968409538 34.8000004887581 -52.9999993741512 -82.9999968409538 31.199999153614 -51.5000000596046 -82.9999968409538 31.199999153614 -52.9999993741512 -70.0000002980232 31.199999153614 -51.5000000596046 -82.9999968409538 31.199999153614 -52.9999993741512 -82.9999968409538 31.199999153614 -51.5000000596046 -70.0000002980232 31.199999153614 -52.9999993741512 -70.0000002980232 34.8000004887581 -52.9999993741512 -82.9999968409538 34.8000004887581 -52.9999993741512 -70.0000002980232 31.199999153614 -52.9999993741512 -82.9999968409538 29.2499996721745 -51.5000000596046 -80.4999992251396 29.2499996721745 -51.9500002264977 -128.499999642372 29.2499996721745 -51.5000000596046 -128.499999642372 29.2499996721745 -51.9500002264977 -80.4999992251396 13.6500000953674 -51.9500002264977 -128.499999642372 29.2499996721745 -51.5000000596046 -128.499999642372 29.2499996721745 -51.9500002264977 -128.499999642372 13.6500000953674 -51.5000000596046 -128.499999642372 13.6500000953674 -51.9500002264977 -80.4999992251396 13.6500000953674 -51.5000000596046 -128.499999642372 13.6500000953674 -51.9500002264977 -128.499999642372 13.6500000953674 -51.5000000596046 -80.4999992251396 29.2499996721745 -51.9500002264977 -80.4999992251396 13.6500000953674 -51.5000000596046 -80.4999992251396 13.6500000953674 -51.9500002264977 -80.4999992251396 29.2499996721745 -51.5000000596046 -80.4999992251396 29.2499996721745 -51.9500002264977 -80.4999992251396 13.6500000953674 -51.9500002264977 -128.499999642372 29.2499996721745 -51.9500002264977 -128.499999642372 13.6500000953674 -51.9500002264977 -80.4999992251396</float_array><technique_common><accessor count="390" source="#bau0128549652-1-mesh-positions-array" stride="3"><param name="X" type="float" /><param name="Y" type="float" /><param name="Z" type="float" /></accessor></technique_common></source><source id="bau0128549652-1-mesh-normals"><float_array id="bau0128549652-1-mesh-normals-array" count="1170">0 -1 0 0 -1 0 0 -1 0 0 -1 0 0 -1 0 0 -1 0 0 -1 0 0 -1 0 0 -1 0 0 -1 0 0 -1 0 0 -1 0 0 -1 0 0 -1 0 0 -1 0 0 -1 0 0 0 1 0 0 1 0 0 1 0 0 1 0 0 1 0 0 1 0 0 1 0 0 1 0 0 1 0 0 1 0 0 1 0 0 1 0 0 1 0 0 1 0 0 1 0 0 1 0 0 1 0 0 1 0 0 1 0 0 1 0 0 1 0 0 1 0 0 1 0 0 1 0 0 1 0 0 1 0 0 1 0 0 1 0 0 1 0 0 1 0 0 1 0 0 1 0 0 1 0 0 1 0 0 1 0 0 1 0 0 1 0 0 1 0 0 1 0 0 1 0 0 1 0 0 1 0 0 1 0 0 1 0 0 1 0 0 1 1 -1.22464685258517E-16 0 0.965925812721252 0.258819043636322 0 0.965925812721252 0.258819043636322 0 0.866025388240814 0.5 0 0.866025388240814 0.5 0 0.70710676908493 0.70710676908493 0 0.70710676908493 0.70710676908493 0 0.5 0.866025388240814 0 0.5 0.866025388240814 0 0.258819043636322 0.965925812721252 0 0.258819043636322 0.965925812721252 0 1.83697014652885E-16 1 0 1.83697014652885E-16 1 0 1 -1.22464685258517E-16 0 -8.41078040937307E-16 1 0 -8.41078040937307E-16 1 0 -8.41078040937307E-16 1 0 -8.41078040937307E-16 1 0 -8.41078040937307E-16 1 0 -8.41078040937307E-16 1 0 -1 0 0 -1 0 0 -1 0 0 -1 0 0 8.41078040937307E-16 -1 0 8.41078040937307E-16 -1 0 8.41078040937307E-16 -1 0 8.41078040937307E-16 -1 0 8.41078040937307E-16 -1 0 8.41078040937307E-16 -1 0 -0.5 -0.866025388240814 0 -0.70710676908493 -0.70710676908493 0 -0.5 -0.866025388240814 0 -0.258819043636322 -0.965925812721252 0 -0.258819043636322 -0.965925812721252 0 8.41078040937307E-16 -1 0 8.41078040937307E-16 -1 0 -0.866025388240814 -0.5 0 -0.965925812721252 -0.258819043636322 0 -0.866025388240814 -0.5 0 -0.965925812721252 -0.258819043636322 0 -1 1.22464685258517E-16 0 -1 1.22464685258517E-16 0 -0.70710676908493 -0.70710676908493 0 -1 1.22464685258517E-16 0 -1 1.22464685258517E-16 0 -1 1.22464685258517E-16 0 -1 1.22464685258517E-16 0 -0.965925812721252 0.258819043636322 0 -0.866025388240814 0.5 0 -0.965925812721252 0.258819043636322 0 -0.866025388240814 0.5 0 -0.70710676908493 0.70710676908493 0 -0.70710676908493 0.70710676908493 0 -0.5 0.866025388240814 0 -0.5 0.866025388240814 0 -0.258819043636322 0.965925812721252 0 -0.258819043636322 0.965925812721252 0 6.12323426292584E-17 1 0 6.12323426292584E-17 1 0 -1 1.22464685258517E-16 0 -1 1.22464685258517E-16 0 6.12323426292584E-17 1 0 6.12323426292584E-17 1 0 6.12323426292584E-17 1 0 6.12323426292584E-17 1 0 6.12323426292584E-17 1 0 0.258819043636322 0.965925812721252 0 6.12323426292584E-17 1 0 0.258819043636322 0.965925812721252 0 0.5 0.866025388240814 0 0.5 0.866025388240814 0 0.70710676908493 0.70710676908493 0 0.70710676908493 0.70710676908493 0 0.866025388240814 0.5 0 0.866025388240814 0.5 0 0.965925812721252 0.258819043636322 0 0.965925812721252 0.258819043636322 0 1 0 0 1 0 0 1 0 0 1 0 0 1 0 0 1 0 0 1 0 0 1 0 0 0.70710676908493 -0.70710676908493 0 0.866025388240814 -0.5 0 0.70710676908493 -0.70710676908493 0 0.5 -0.866025388240814 0 0.5 -0.866025388240814 0 0.258819043636322 -0.965925812721252 0 0.258819043636322 -0.965925812721252 0 -1.83697014652885E-16 -1 0 -1.83697014652885E-16 -1 0 0.866025388240814 -0.5 0 0.965925812721252 -0.258819043636322 0 0.965925812721252 -0.258819043636322 0 1 -2.44929370517034E-16 0 1 -2.44929370517034E-16 0 -1.83697014652885E-16 -1 0 -1.83697014652885E-16 -1 0 -1.83697014652885E-16 -1 0 -1.83697014652885E-16 -1 0 1 -1.38777878078145E-14 0 1 -1.38777878078145E-14 0 1 -1.38777878078145E-14 0 1 -1.38777878078145E-14 0 0 1 0 0 1 0 0 1 0 0 1 0 -0.258819043636322 0.965925812721252 0 -0.5 0.866025388240814 0 -0.5 0.866025388240814 0 -0.70710676908493 0.70710676908493 0 -0.70710676908493 0.70710676908493 0 -0.866025388240814 0.5 0 -0.866025388240814 0.5 0 -0.965925812721252 0.258819043636322 0 -0.965925812721252 0.258819043636322 0 0 1 0 -0.258819043636322 0.965925812721252 0 -1 2.44929370517034E-16 0 0 1 0 -1 2.44929370517034E-16 0 -1 0 0 -1 0 0 -1 0 0 -1 0 0 -1 0 0 -1 0 0 -0.5 -0.866025388240814 0 -0.70710676908493 -0.70710676908493 0 -0.70710676908493 -0.70710676908493 0 -0.866025388240814 -0.5 0 -0.965925812721252 -0.258819043636322 0 -0.965925812721252 -0.258819043636322 0 -0.866025388240814 -0.5 0 -0.258819043636322 -0.965925812721252 0 -0.5 -0.866025388240814 0 -1 0 0 -0.258819043636322 -0.965925812721252 0 -6.12323426292584E-17 -1 0 -6.12323426292584E-17 -1 0 -1 0 0 0.5 -0.866025388240814 0 0.70710676908493 -0.70710676908493 0 0.70710676908493 -0.70710676908493 0 0.5 -0.866025388240814 0 0.70710676908493 -0.70710676908493 0 0.5 -0.866025388240814 0 0.70710676908493 -0.70710676908493 0 0.5 -0.866025388240814 0 0.70710676908493 -0.70710676908493 0 0.258819043636322 -0.965925812721252 0 0.5 -0.866025388240814 0 0.258819043636322 -0.965925812721252 0 0.258819043636322 -0.965925812721252 0 0.258819043636322 -0.965925812721252 0 0.258819043636322 -0.965925812721252 0 0.5 -0.866025388240814 0 -6.12323426292584E-17 -1 0 -6.12323426292584E-17 -1 0 -6.12323426292584E-17 -1 0 -6.12323426292584E-17 -1 0 -6.12323426292584E-17 -1 0 0.258819043636322 -0.965925812721252 0 -6.12323426292584E-17 -1 0 0.70710676908493 -0.70710676908493 0 -6.12323426292584E-17 -1 0 -6.12323426292584E-17 -1 0 0.866025388240814 -0.5 0 0.866025388240814 -0.5 0 0.866025388240814 -0.5 0 0.866025388240814 -0.5 0 0.866025388240814 -0.5 0 0.965925812721252 -0.258819043636322 0 0.965925812721252 -0.258819043636322 0 0.965925812721252 -0.258819043636322 0 0.965925812721252 -0.258819043636322 0 0.965925812721252 -0.258819043636322 0 0.866025388240814 -0.5 0 1 -1.22464685258517E-16 0 1 -1.22464685258517E-16 0 1 -1.22464685258517E-16 0 1 -1.22464685258517E-16 0 1 -1.22464685258517E-16 0 0.965925812721252 -0.258819043636322 0 1 -1.22464685258517E-16 0 1 0 0 1 0 0 1 0 0 1 0 0 1 0 0 1 0 0 1 0 0 1 0 0 0 0 -1 0 0 -1 0 0 -1 0 0 -1 0 0 -1 0 0 -1 0 0 -1 0 0 -1 0 0 -1 0 0 -1 0 0 -1 0 0 -1 0 0 -1 0 0 -1 0 0 -1 0 0 -1 0 0 -1 0 0 -1 0 0 -1 0 0 -1 0 0 -1 0 0 -1 0 0 -1 0 0 -1 0 0 -1 0 0 -1 0 0 -1 0 0 -1 0 0 -1 0 0 -1 0 0 -1 0 0 -1 0 0 -1 0 0 -1 0 0 -1 0 0 -1 0 0 -1 0 0 -1 0 0 -1 0 0 -1 0 0 -1 0 0 -1 0 0 -1 0 0 -1 0 0 -1 0 0 -1 0 0 -1 0 0 -1 0 0 -1 0 0 -1 0 0 -1 0 0 -1 0 0 -1 0 0 -1 0 0 -1 0 0 -1 0 0 -1 0 0 -1 0 0 -1 0 0 -1 0 1 0 0 1 0 0 1 0 0 1 0 6.99268388418967E-15 0 1 6.99268388418967E-15 0 1 6.99268388418967E-15 0 1 6.99268388418967E-15 0 1 6.99268388418967E-15 0 1 6.99268388418967E-15 0 1 6.99268388418967E-15 0 1 6.99268388418967E-15 0 1 6.99268388418967E-15 0 1 6.99268388418967E-15 0 1 6.99268388418967E-15 0 1 6.99268388418967E-15 0 1 6.99268388418967E-15 0 1 6.99268388418967E-15 0 1 6.99268388418967E-15 0 1 6.99268388418967E-15 0 1 6.99268388418967E-15 0 1 6.99268388418967E-15 0 1 -1 0 0 -1 0 0 -1 0 0 -1 0 0 0 0 1 0 0 1 0 0 1 0 0 1 0 0 1 0 0 1 0 0 1 0 0 1 1 0 0 1 0 0 1 0 0 1 0 0 0 0 -1 0 0 -1 0 0 -1 0 0 -1 -1 0 2.66880546982484E-16 -1 0 2.66880546982484E-16 -1 0 2.66880546982484E-16 -1 0 2.66880546982484E-16 0 -1 0 0 -1 0 0 -1 0 0 -1 0 1 0 0 1 0 0 1 0 0 1 0 0 0 0 -1 0 0 -1 0 0 -1 0 0 -1 -1 0 0 -1 0 0 -1 0 0 -1 0 0 8.89601752688868E-16 0 1 8.89601752688868E-16 0 1 8.89601752688868E-16 0 1 8.89601752688868E-16 0 1 0 -1 0 0 -1 0 0 -1 0 0 -1 0</float_array><technique_common><accessor count="390" source="#bau0128549652-1-mesh-normals-array" stride="3"><param name="X" type="float" /><param name="Y" type="float" /><param name="Z" type="float" /></accessor></technique_common></source><vertices id="bau0128549652-1-mesh-vertices"><input semantic="POSITION" source="#bau0128549652-1-mesh-positions" /></vertices><triangles count="340" material="zincplated-material"><input offset="0" semantic="VERTEX" source="#bau0128549652-1-mesh-vertices" /><input offset="1" semantic="NORMAL" source="#bau0128549652-1-mesh-normals" /><p>0 0 1 1 2 2 3 3 4 4 2 2 3 3 5 5 6 6 7 7 8 8 5 5 8 8 9 9 5 5 3 3 2 2 1 1 9 9 8 8 10 10 0 0 11 11 1 1 4 4 3 3 6 6 8 8 7 7 12 12 5 5 3 3 7 7 4 4 6 6 13 13 11 11 0 0 14 14 8 8 12 12 11 11 5 5 9 9 15 15 1 1 11 11 12 12 16 16 17 17 18 18 19 19 20 20 21 21 16 16 22 22 23 23 24 24 25 25 26 26 19 19 27 27 28 28 29 29 30 30 31 31 17 17 16 16 23 23 24 24 17 17 32 32 33 33 25 25 34 34 27 27 19 19 35 35 36 36 27 27 35 35 37 37 20 20 38 38 39 39 40 40 41 41 30 30 29 29 22 22 22 22 16 16 30 30 17 17 24 24 18 18 25 25 24 24 32 32 25 25 33 33 26 26 42 42 43 43 36 36 20 20 37 37 21 21 44 44 38 38 45 45 46 46 47 47 48 48 49 49 40 40 50 50 51 51 52 52 42 42 27 27 36 36 43 43 38 38 44 44 37 37 53 53 44 44 45 45 47 47 46 46 54 54 39 39 48 48 55 55 40 40 49 49 41 41 56 56 50 50 57 57 51 51 34 34 58 58 43 43 42 42 52 52 44 44 53 53 59 59 47 47 59 59 53 53 48 48 39 39 46 46 40 40 39 39 55 55 50 50 56 56 49 49 57 57 60 60 56 56 34 34 51 51 33 33 52 52 51 51 58 58 60 60 57 57 61 61 20 20 19 19 28 28 59 59 47 47 54 54 62 62 63 63 64 64 64 64 65 65 66 66 66 66 67 67 68 68 68 68 69 69 70 70 70 70 71 71 72 72 72 72 73 73 74 74 73 73 72 72 71 71 71 71 70 70 69 69 69 69 68 68 67 67 67 67 66 66 65 65 65 65 64 64 63 63 63 63 62 62 75 75 76 76 77 77 78 78 77 77 76 76 79 79 80 80 76 76 78 78 76 76 80 80 81 81 82 82 83 83 84 84 83 83 82 82 85 85 86 86 87 87 88 88 87 87 89 89 88 88 89 89 87 87 90 90 87 87 86 86 91 91 92 92 93 93 94 94 95 95 94 94 96 96 97 97 96 96 98 98 99 99 100 100 101 101 102 102 103 103 100 100 103 103 102 102 104 104 100 100 99 99 102 102 101 101 105 105 99 99 93 93 92 92 105 105 94 94 95 95 92 92 96 96 97 97 95 95 105 105 101 101 93 93 106 106 107 107 108 108 107 107 106 106 109 109 110 110 111 111 112 112 113 113 114 114 111 111 115 115 116 116 114 114 117 117 118 118 116 116 119 119 120 120 118 118 120 120 119 119 121 121 118 118 117 117 119 119 116 116 115 115 117 117 114 114 113 113 115 115 111 111 110 110 113 113 112 112 122 122 110 110 122 122 112 112 123 123 124 124 125 125 126 126 125 125 124 124 127 127 128 128 129 129 130 130 131 131 132 132 129 129 133 133 134 134 132 132 135 135 136 136 134 134 137 137 138 138 136 136 139 139 140 140 138 138 129 129 128 128 131 131 132 132 131 131 133 133 134 134 133 133 135 135 136 136 135 135 137 137 138 138 137 137 139 139 140 140 139 139 141 141 142 142 143 143 144 144 143 143 142 142 145 145 143 143 146 146 144 144 146 146 143 143 147 147 148 148 149 149 150 150 151 151 150 150 152 152 153 153 152 152 154 154 155 155 154 154 156 156 154 154 155 155 153 153 157 157 158 158 149 149 150 150 151 151 148 148 149 149 148 148 157 157 158 158 157 157 159 159 160 160 159 159 161 161 159 159 160 160 158 158 152 152 153 153 151 151 162 162 163 163 164 164 163 163 162 162 165 165 166 166 167 167 168 168 167 167 166 166 169 169 170 170 171 171 172 172 171 171 170 170 173 173 174 174 175 175 176 176 176 176 177 177 178 178 178 178 179 179 180 180 180 180 181 181 182 182 183 183 184 184 174 174 185 185 182 182 181 181 181 181 180 180 179 179 179 179 178 178 177 177 177 177 176 176 175 175 175 175 174 174 184 184 184 184 183 183 186 186 182 182 185 185 187 187 188 188 189 189 190 190 189 189 188 188 191 191 192 192 189 189 193 193 189 189 192 192 190 190 194 194 195 195 196 196 197 197 198 198 199 199 196 196 200 200 197 197 201 201 202 202 194 194 203 203 199 199 198 198 198 198 197 197 200 200 200 200 196 196 195 195 195 195 194 194 202 202 202 202 201 201 204 204 204 204 205 205 206 206 205 205 204 204 201 201 199 199 203 203 207 207 208 208 209 209 210 210 211 211 212 212 209 209 213 213 214 214 212 212 215 215 216 216 214 214 217 217 208 208 218 218 219 219 211 211 208 208 220 220 213 213 211 211 221 221 215 215 213 213 222 222 223 223 215 215 224 224 219 219 217 217 220 220 225 225 226 226 226 226 221 221 220 220 227 227 222 222 221 221 228 228 229 229 222 222 229 229 228 228 230 230 222 222 227 227 228 228 218 218 210 210 231 231 221 221 226 226 227 227 232 232 220 220 219 219 220 220 232 232 225 225 232 232 219 219 233 233 219 219 224 224 233 233 214 214 234 234 235 235 212 212 235 235 236 236 223 223 222 222 229 229 215 215 221 221 222 222 213 213 220 220 221 221 211 211 219 219 220 220 208 208 217 217 219 219 216 216 215 215 223 223 214 214 213 213 215 215 212 212 211 211 213 213 209 209 208 208 211 211 210 210 218 218 208 208 234 234 214 214 216 216 235 235 212 212 214 214 236 236 209 209 212 212 237 237 210 210 209 209 238 238 231 231 210 210 239 239 235 235 234 234 240 240 236 236 235 235 241 241 237 237 236 236 242 242 238 238 237 237 243 243 244 244 238 238 245 245 240 240 239 239 246 246 241 241 240 240 247 247 242 242 241 241 248 248 243 243 242 242 249 249 250 250 243 243 250 250 249 249 251 251 243 243 248 248 249 249 242 242 247 247 248 248 241 241 246 246 247 247 240 240 245 245 246 246 244 244 243 243 250 250 238 238 242 242 243 243 237 237 241 241 242 242 236 236 240 240 241 241 235 235 239 239 240 240 231 231 238 238 244 244 210 210 237 237 238 238 209 209 236 236 237 237 252 252 253 253 254 254 255 255 256 256 257 257 252 252 255 255 258 258 255 255 252 252 256 256 253 253 252 252 258 258 257 257 256 256 259 259 260 260 261 261 262 262 263 263 261 261 264 264 263 263 265 265 266 266 265 265 267 267 268 268 269 269 270 270 271 271 272 272 270 270 273 273 272 272 274 274 275 275 276 276 274 274 277 277 278 278 279 279 280 280 281 281 282 282 283 283 284 284 285 285 286 286 287 287 288 288 289 289 290 290 291 291 292 292 267 267 265 265 293 293 267 267 294 294 268 268 278 278 276 276 295 295 279 279 296 296 280 280 282 282 281 281 297 297 286 286 281 281 283 283 288 288 287 287 298 298 260 260 291 291 299 299 276 276 278 278 300 300 279 279 278 278 295 295 274 274 272 272 277 277 270 270 269 269 273 273 265 265 263 263 293 293 261 261 260 260 264 264 291 291 290 290 299 299 301 301 298 298 302 302 303 303 304 304 305 305 306 306 284 284 307 307 296 296 282 282 297 297 270 270 272 272 275 275 269 269 308 308 309 309 310 310 308 308 311 311 261 261 263 263 266 266 289 289 292 292 287 287 298 298 301 301 288 288 301 301 312 312 313 313 304 304 307 307 305 305 284 284 306 306 314 314 315 315 312 312 316 316 315 315 317 317 303 303 307 307 304 304 306 306 281 281 286 286 285 285 292 292 289 289 290 290 282 282 296 296 318 318 274 274 276 276 300 300 308 308 310 310 309 309 294 294 267 267 319 319 317 317 315 315 316 316 285 285 284 284 314 314 312 312 301 301 302 302 308 308 269 269 271 271 304 304 303 303 317 317 312 312 315 315 313 313 291 291 260 260 262 262 296 296 279 279 318 318 320 320 321 321 322 322 321 321 320 320 323 323 324 324 325 325 326 326 327 327 325 325 328 328 329 329 330 330 331 331 332 332 333 333 334 334 335 335 333 333 330 330 336 336 329 329 331 331 325 325 327 327 326 326 337 337 338 338 339 339 338 338 337 337 340 340 332 332 339 339 341 341 330 330 329 329 335 335 333 333 335 335 334 334 339 339 332 332 337 337 325 325 324 324 336 336 329 329 336 336 324 324 333 333 332 332 341 341 342 342 343 343 344 344 343 343 342 342 345 345 346 346 347 347 348 348 347 347 346 346 349 349 350 350 351 351 352 352 351 351 350 350 353 353 354 354 355 355 356 356 355 355 354 354 357 357 358 358 359 359 360 360 359 359 358 358 361 361 362 362 363 363 364 364 363 363 362 362 365 365 366 366 367 367 368 368 367 367 366 366 369 369 370 370 371 371 372 372 371 371 370 370 373 373 374 374 375 375 376 376 375 375 374 374 377 377 378 378 379 379 380 380 379 379 378 378 381 381 382 382 383 383 384 384 383 383 382 382 385 385 386 386 387 387 388 388 387 387 386 386 389 389</p></triangles></mesh></geometry><geometry id="bau0128547867-2-mesh" name="bau0128547867-2"><mesh><source id="bau0128547867-2-mesh-positions"><float_array id="bau0128547867-2-mesh-positions-array" count="5424">-4.24752157385213E-15 -3.15000000409782 -2.40741243048404E-31 0.899999984540045 -2.97932419925928 1.02280336432159 0.899999984540045 -3.15000000409782 5.5109105316104E-17 -4.29511878706935E-15 -2.9102205298841 1.20545283425599 0.899999984540045 -2.48579261824489 1.93477002903819 0.899999984540045 -2.9102205298841 1.20545283425599 -4.28303905499393E-15 -2.22738645970821 2.22738645970821 0.899999984540045 -1.72288669273257 2.63707432895899 0.899999984540045 -2.22738645970821 2.22738645970821 -4.21312120012758E-15 -1.20545283425599 2.9102205298841 0.899999984540045 -0.773279287386686 3.05361091159284 0.899999984540045 -1.20545283425599 2.9102205298841 -4.09600979618293E-15 4.5896741842843E-16 3.15000000409782 0.899999984540045 0.260124943451956 3.13924113288522 0.899999984540045 -1.946842596182E-16 3.15000000409782 -3.94953389408296E-15 1.20545283425599 2.9102205298841 0.899999984540045 1.26534060109407 2.88468599319458 0.899999984540045 1.20545283425599 2.9102205298841 -3.79599262878087E-15 2.22738645970821 2.22738645970821 0.899999984540045 2.77034239843488 1.49923423305154 0.899999984540045 2.22738645970821 2.22738645970821 -3.6587621243874E-15 2.9102205298841 1.20545283425599 0.899999984540045 3.10703809373081 0.518472981639206 0.899999984540045 2.9102205298841 1.20545283425599 -3.55873406804351E-15 3.15000000409782 -3.85763743675077E-16 0.899999984540045 3.10703809373081 -0.518472981639206 0.899999984540045 3.15000000409782 -3.43228565613952E-16 -3.51113685482629E-15 2.9102205298841 -1.20545283425599 0.899999984540045 2.77034239843488 -1.49923423305154 0.899999984540045 2.9102205298841 -1.20545283425599 -3.5232165869017E-15 2.22738645970821 -2.22738645970821 0.899999984540045 2.13343696668744 -2.31753033585846 0.899999984540045 2.22738645970821 -2.22738645970821 -3.59313444176806E-15 1.20545283425599 -2.9102205298841 0.899999984540045 0.260124943451956 -3.13924113288522 0.899999984540045 1.20545283425599 -2.9102205298841 -3.7102458457127E-15 -3.12560068921724E-16 -3.15000000409782 0.899999984540045 -0.773279287386686 -3.05361091159284 0.899999984540045 -9.1338978958361E-16 -3.15000000409782 -3.85672174781267E-15 -1.20545283425599 -2.9102205298841 0.899999984540045 -1.72288669273257 -2.63707432895899 0.899999984540045 -1.20545283425599 -2.9102205298841 -4.01026301311477E-15 -2.22738645970821 -2.22738645970821 0.899999984540045 -2.48579261824489 -1.93477002903819 0.899999984540045 -2.22738645970821 -2.22738645970821 -4.14749351750823E-15 -2.9102205298841 -1.20545283425599 0.899999984540045 -2.97932419925928 -1.02280336432159 0.899999984540045 -2.9102205298841 -1.20545283425599 0.899999984540045 1.26534060109407 -2.88468599319458 0.899999984540045 2.13343696668744 2.31753033585846 -4.68120244284633E-15 -3.15000000409782 8.99999961256981 0.899999984540045 -2.97932419925928 10.022803209722 0.899999984540045 -3.15000000409782 8.99999961256981 -4.72879965606355E-15 -2.9102205298841 10.2054532617331 0.899999984540045 -2.48579261824489 10.9347701072693 0.899999984540045 -2.9102205298841 10.2054532617331 -4.71671992398813E-15 -2.22738645970821 11.227386072278 0.899999984540045 -1.72288669273257 11.6370739415288 0.899999984540045 -2.22738645970821 11.227386072278 -4.64680206912178E-15 -1.20545283425599 11.9102206081152 0.899999984540045 -0.773279287386686 12.0536107569933 0.899999984540045 -1.20545283425599 11.9102206081152 -4.52969066517713E-15 -2.81068915260918E-16 12.1499998494983 0.899999984540045 0.260124943451956 12.1392412111163 0.899999984540045 -2.5717727668279E-16 12.1499998494983 -4.38321476307716E-15 1.20545283425599 11.9102206081152 0.899999984540045 1.26534060109407 11.8846856057644 0.899999984540045 1.20545283425599 11.9102206081152 -4.22967349777507E-15 2.22738645970821 11.227386072278 0.899999984540045 2.77034239843488 10.4992343112826 0.899999984540045 2.22738645970821 11.227386072278 -4.0924429933816E-15 2.9102205298841 10.2054532617331 0.899999984540045 3.10703809373081 9.51847340911627 0.899999984540045 2.9102205298841 10.2054532617331 -3.99241493703771E-15 3.15000000409782 8.99999961256981 0.899999984540045 3.10703809373081 8.48152674734592 0.899999984540045 3.15000000409782 8.99999961256981 -3.94481772382049E-15 2.9102205298841 7.79454736039042 0.899999984540045 2.77034239843488 7.50076584517956 0.899999984540045 2.9102205298841 7.79454736039042 -3.95689745589591E-15 2.22738645970821 6.77261361852288 0.899999984540045 2.13343696668744 6.68246950954199 0.899999984540045 2.22738645970821 6.77261361852288 -4.02681531076226E-15 1.20545283425599 6.089779548347 0.899999984540045 0.260124943451956 5.86075894534588 0.899999984540045 1.20545283425599 6.089779548347 -4.1439267147069E-15 -1.05259642846047E-15 5.84999984130263 0.899999984540045 -0.773279287386686 5.94638893380761 0.899999984540045 -1.1610833371459E-15 5.84999984130263 -4.29040261680687E-15 -1.20545283425599 6.089779548347 0.899999984540045 -1.72288669273257 6.36292574927211 0.899999984540045 -1.20545283425599 6.089779548347 -4.44394388210897E-15 -2.22738645970821 6.77261361852288 0.899999984540045 -2.48579261824489 7.06523004919291 0.899999984540045 -2.22738645970821 6.77261361852288 0.899999984540045 2.13343696668744 11.3175306469202 0.899999984540045 1.26534060109407 6.11531408503652 -4.58117438650243E-15 -2.9102205298841 7.79454736039042 0.899999984540045 -2.9102205298841 7.79454736039042 0.899999984540045 -2.97932419925928 7.97719694674015 0.899999984540045 -1.72288669273257 20.6370744854212 -5.51416380711018E-15 -1.20545283425599 20.910220220685 0.899999984540045 -1.20545283425599 20.910220220685 -5.58408166197653E-15 -2.22738645970821 20.2273856848478 0.899999984540045 -2.48579261824489 19.9347697198391 0.899999984540045 -2.22738645970821 20.2273856848478 -5.59616139405195E-15 -2.9102205298841 19.2054528743029 0.899999984540045 -2.97932419925928 19.0228037536144 0.899999984540045 -2.9102205298841 19.2054528743029 -5.54856418083473E-15 -3.15000000409782 17.9999992251396 0.899999984540045 -0.773279287386686 21.0536103695631 -5.39705240316554E-15 -1.2650507377595E-15 21.1500003933907 0.899999984540045 -1.39704694663431E-15 21.1500003933907 0.899999984540045 0.260124943451956 21.1392417550087 -5.25057650106556E-15 1.20545283425599 20.910220220685 0.899999984540045 1.20545283425599 20.910220220685 0.899999984540045 2.13343696668744 20.31753025949 -5.09703523576347E-15 2.22738645970821 20.2273856848478 0.899999984540045 1.26534060109407 20.8846852183342 0.899999984540045 2.22738645970821 20.2273856848478 0.899999984540045 2.77034239843488 19.499234855175 -4.95980473137001E-15 2.9102205298841 19.2054528743029 0.899999984540045 2.9102205298841 19.2054528743029 0.899999984540045 3.10703809373081 18.5184720903635 -4.85977667502611E-15 3.15000000409782 17.9999992251396 0.899999984540045 3.15000000409782 17.9999992251396 0.899999984540045 3.10703809373081 17.4815263599157 -4.81217946180889E-15 2.9102205298841 16.7945474386215 0.899999984540045 2.9102205298841 16.7945474386215 0.899999984540045 2.77034239843488 16.5007654577494 -4.82425919388431E-15 2.22738645970821 15.7726127654314 0.899999984540045 2.22738645970821 15.7726127654314 0.899999984540045 2.13343696668744 15.6824700534344 -4.89417704875066E-15 1.20545283425599 15.0897791609168 0.899999984540045 1.26534060109407 15.1153141632676 0.899999984540045 1.20545283425599 15.0897791609168 0.899999984540045 0.260124943451956 14.8607585579157 -5.01128845269531E-15 -2.03657822510966E-15 14.8499999195337 0.899999984540045 -2.28389344093928E-15 14.8499999195337 0.899999984540045 -0.773279287386686 14.9463890120387 -5.15776435479528E-15 -1.20545283425599 15.0897791609168 0.899999984540045 -1.20545283425599 15.0897791609168 0.899999984540045 -1.72288669273257 15.3629258275032 -5.31130562009737E-15 -2.22738645970821 15.7726127654314 0.899999984540045 -2.22738645970821 15.7726127654314 0.899999984540045 -2.48579261824489 16.0652305930853 -5.44853612449084E-15 -2.9102205298841 16.7945474386215 0.899999984540045 -2.9102205298841 16.7945474386215 0.899999984540045 -2.97932419925928 16.97719655931 0.899999984540045 -3.15000000409782 17.9999992251396 0.899999984540045 2.77034239843488 -12.5007657334208 -2.92863109758762E-15 2.22738645970821 -11.7726139724255 -2.79140059319415E-15 2.9102205298841 -12.7945467829704 0.899999984540045 2.13343696668744 -11.6824693977833 0.899999984540045 2.22738645970821 -11.7726139724255 -3.0821719492994E-15 1.20545283425599 -11.0897794365883 0.899999984540045 1.26534060109407 -11.1153144389391 0.899999984540045 0.260124943451956 -10.8607588335872 -3.22864785139937E-15 2.23355122885931E-15 -10.8500001952052 0.899999984540045 1.20545283425599 -11.0897794365883 0.899999984540045 -0.773279287386686 -10.9463892877102 -3.34575946213917E-15 -1.20545283425599 -11.0897794365883 0.899999984540045 2.34490793728242E-15 -10.8500001952052 0.899999984540045 -1.72288669273257 -11.3629251718521 0.899999984540045 -1.20545283425599 -11.0897794365883 -3.41567731700552E-15 -2.22738645970821 -11.7726139724255 0.899999984540045 -2.48579261824489 -12.0652299374342 0.899999984540045 -2.22738645970821 -11.7726139724255 -3.42775704908094E-15 -2.9102205298841 -12.7945467829704 0.899999984540045 -2.97932419925928 -12.9771968349814 0.899999984540045 -2.9102205298841 -12.7945467829704 0.899999984540045 3.10703809373081 -14.5184732973576 -2.64377511683788E-15 2.9102205298841 -15.2054531499743 0.899999984540045 2.9102205298841 -15.2054531499743 -2.69137253685026E-15 3.15000000409782 -14.0000004321337 0.899999984540045 2.77034239843488 -15.4992341995239 -2.6558548489133E-15 2.22738645970821 -16.2273868918419 0.899999984540045 2.22738645970821 -16.2273868918419 0.899999984540045 2.13343696668744 -16.3175296038389 -2.72577270377965E-15 1.20545283425599 -16.9102214276791 0.899999984540045 1.26534060109407 -16.8846864253283 0.899999984540045 1.20545283425599 -16.9102214276791 0.899999984540045 3.10703809373081 -13.4815266355872 0.899999984540045 3.15000000409782 -14.0000004321337 0.899999984540045 0.260124943451956 -17.1392410993576 -2.84288431451945E-15 1.46202374150915E-15 -17.1499997377396 0.899999984540045 1.17049479136038E-15 -17.1499997377396 0.899999984540045 2.9102205298841 -12.7945467829704 0.899999984540045 -0.773279287386686 -17.0536115765572 -2.98936021661942E-15 -1.20545283425599 -16.9102214276791 0.899999984540045 -1.20545283425599 -16.9102214276791 0.899999984540045 -1.72288669273257 -16.6370738297701 -3.14290106833121E-15 -2.22738645970821 -16.2273868918419 0.899999984540045 -2.22738645970821 -16.2273868918419 0.899999984540045 -2.48579261824489 -15.9347709268332 -3.28013157272467E-15 -2.9102205298841 -15.2054531499743 0.899999984540045 -2.9102205298841 -15.2054531499743 0.899999984540045 -2.97932419925928 -15.0228030979633 -3.38015962906857E-15 -3.15000000409782 -14.0000004321337 0.899999984540045 -3.15000000409782 -14.0000004321337 0.899999984540045 -2.97932419925928 -21.9771973788738 -2.94647876007437E-15 -3.15000000409782 -23.0000000447035 -2.99407618008674E-15 -2.9102205298841 -21.7945463955402 0.899999984540045 -2.48579261824489 -21.065229550004 0.899999984540045 -2.9102205298841 -21.7945463955402 -2.98199644801132E-15 -2.22738645970821 -20.7726135849953 0.899999984540045 -1.72288669273257 -20.3629247844219 0.899999984540045 -2.22738645970821 -20.7726135849953 -2.91207859314497E-15 -1.20545283425599 -20.0897790491581 0.899999984540045 -0.773279287386686 -19.94638890028 0.899999984540045 -1.20545283425599 -20.0897790491581 -2.79496698240517E-15 3.2175330255085E-15 -19.8500007390976 0.899999984540045 0.260124943451956 -19.8607593774796 0.899999984540045 3.15660207440723E-15 -19.8500007390976 -2.6484910803052E-15 1.20545283425599 -20.0897790491581 0.899999984540045 1.26534060109407 -20.1153140515089 0.899999984540045 1.20545283425599 -20.0897790491581 -2.49495022859341E-15 2.22738645970821 -20.7726135849953 0.899999984540045 2.77034239843488 -21.5007662773132 0.899999984540045 2.22738645970821 -20.7726135849953 -2.35771972419995E-15 2.9102205298841 -21.7945463955402 0.899999984540045 3.10703809373081 -22.4815271794796 0.899999984540045 2.9102205298841 -21.7945463955402 -2.25769166785605E-15 3.15000000409782 -23.0000000447035 0.899999984540045 3.10703809373081 -23.5184729099274 0.899999984540045 3.15000000409782 -23.0000000447035 -2.21009424784368E-15 2.9102205298841 -24.2054536938667 0.899999984540045 2.77034239843488 -24.4992338120937 0.899999984540045 2.9102205298841 -24.2054536938667 -2.2221739799191E-15 2.22738645970821 -25.2273865044117 0.899999984540045 2.13343696668744 -25.3175310790539 0.899999984540045 2.22738645970821 -25.2273865044117 -2.29209183478545E-15 1.20545283425599 -25.9102210402489 0.899999984540045 0.260124943451956 -26.1392407119274 0.899999984540045 1.20545283425599 -25.9102210402489 -2.40920344552525E-15 2.44600553815835E-15 -26.1499993503094 0.899999984540045 -0.773279287386686 -26.053611189127 0.899999984540045 2.18082011917028E-15 -26.1499993503094 -2.55567934762522E-15 -1.20545283425599 -25.9102210402489 0.899999984540045 -1.72288669273257 -25.637075304985 0.899999984540045 -1.20545283425599 -25.9102210402489 -2.70922019933701E-15 -2.22738645970821 -25.2273865044117 0.899999984540045 -2.48579261824489 -24.934770539403 0.899999984540045 -2.22738645970821 -25.2273865044117 -2.84645070373047E-15 -2.9102205298841 -24.2054536938667 0.899999984540045 -2.97932419925928 -24.0228027105331 0.899999984540045 -2.9102205298841 -24.2054536938667 0.899999984540045 -3.15000000409782 -23.0000000447035 0.899999984540045 1.26534060109407 -25.8846860378981 0.899999984540045 2.13343696668744 -20.6824690103531 0.899999984540045 2.77034239843488 -30.500765889883 -1.62758849060501E-15 2.22738645970821 -29.7726131975651 -1.49035798621154E-15 2.9102205298841 -30.7945478707552 0.899999984540045 2.13343696668744 -29.682470485568 0.899999984540045 2.22738645970821 -29.7726131975651 -1.7811293423168E-15 1.20545283425599 -29.0897786617279 0.899999984540045 1.26534060109407 -29.1153136640787 0.899999984540045 0.260124943451956 -28.8607589900494 -1.92760524441677E-15 4.20151502895284E-15 -28.8500003516674 0.899999984540045 2.9102205298841 -30.7945478707552 0.899999984540045 -0.773279287386686 -28.9463885128498 -2.04471685515657E-15 -1.20545283425599 -29.0897786617279 0.899999984540045 4.13238423643934E-15 -28.8500003516674 0.899999984540045 -1.72288669273257 -29.3629262596369 0.899999984540045 -1.20545283425599 -29.0897786617279 -2.11463471002292E-15 -2.22738645970821 -29.7726131975651 0.899999984540045 -2.48579261824489 -30.0652291625738 0.899999984540045 -2.22738645970821 -29.7726131975651 -2.12671444209834E-15 -2.9102205298841 -30.7945478707552 0.899999984540045 1.20545283425599 -29.0897786617279 0.899999984540045 -2.97932419925928 -30.9771969914436 0.899999984540045 -2.9102205298841 -30.7945478707552 -2.07911702208596E-15 -3.15000000409782 -32.0000015199184 0.899999984540045 3.10703809373081 -31.4815267920494 -1.39032982647007E-15 3.15000000409782 -32.0000015199184 0.899999984540045 3.15000000409782 -32.0000015199184 0.899999984540045 3.10703809373081 -32.5184725224972 -1.34273250985528E-15 2.9102205298841 -33.2054533064365 0.899999984540045 2.9102205298841 -33.2054533064365 0.899999984540045 2.77034239843488 -33.4992334246635 -1.35481234532827E-15 2.22738645970821 -34.2273861169815 0.899999984540045 2.22738645970821 -34.2273861169815 0.899999984540045 2.13343696668744 -34.3175306916237 -1.42473009679705E-15 1.20545283425599 -34.9102206528187 0.899999984540045 1.26534060109407 -34.884687513113 0.899999984540045 1.20545283425599 -34.9102206528187 0.899999984540045 0.260124943451956 -35.1392403244972 -1.54184160413927E-15 3.42998733480754E-15 -35.1499989628792 0.899999984540045 3.04924354347489E-15 -35.1499989628792 0.899999984540045 -0.773279287386686 -35.0536108016968 -1.68831760963682E-15 -1.20545283425599 -34.9102206528187 0.899999984540045 -1.20545283425599 -34.9102206528187 0.899999984540045 -1.72288669273257 -34.6370749175549 -1.8418584613486E-15 -2.22738645970821 -34.2273861169815 0.899999984540045 -2.22738645970821 -34.2273861169815 0.899999984540045 -2.48579261824489 -33.9347682893276 -1.97908896574207E-15 -2.9102205298841 -33.2054533064365 0.899999984540045 -2.9102205298841 -33.2054533064365 0.899999984540045 -2.97932419925928 -33.022802323103 0.899999984540045 -3.15000000409782 -32.0000015199184 2.79329135082662 -51.309697329998 -38.6499986052513 3.74999991618097 -51.5000000596046 -46.9999983906746 2.79329135082662 -51.309697329998 -46.9999983906746 1.44030118826777 -49.9567091464996 -38.6499986052513 1.98223302140832 -50.7677681744099 -46.9999983906746 1.44030118826777 -49.9567091464996 -46.9999983906746 1.24999997206032 -48.9999987185001 -38.6499986052513 1.24999997206032 -48.9999987185001 -46.9999983906746 3.74999991618097 -51.5000000596046 -38.6499986052513 1.98223302140832 -50.7677681744099 -38.6499986052513 1.24999997206032 -48.9999987185001 -46.9999983906746 1.24999997206032 -7.25639844313264 -38.6499986052513 1.24999997206032 -48.9999987185001 -38.6499986052513 1.24999997206032 -7.25639844313264 -46.9999983906746 1.24999997206032 -7.25639844313264 -46.9999983906746 3.25000006705523 -5.57819940149784 -38.6499986052513 1.24999997206032 -7.25639844313264 -38.6499986052513 3.25000006705523 -5.57819940149784 -46.9999983906746 1.44030118826777 -49.9567091464996 -29.3499995023012 1.24999997206032 -48.9999987185001 -20.6499993801117 1.44030118826777 -49.9567091464996 -20.6499993801117 1.98223302140832 -50.7677681744099 -29.3499995023012 1.98223302140832 -50.7677681744099 -20.6499993801117 2.79329135082662 -51.309697329998 -29.3499995023012 2.79329135082662 -51.309697329998 -20.6499993801117 3.74999991618097 -51.5000000596046 -29.3499995023012 3.74999991618097 -51.5000000596046 -20.6499993801117 1.24999997206032 -48.9999987185001 -29.3499995023012 1.24999997206032 -7.25639844313264 -29.3499995023012 1.24999997206032 -29.9999993294477 -27.7500003576279 1.24999997206032 -48.9999987185001 -29.3499995023012 1.24999997206032 -27.3845940828323 -25.8497968316078 1.24999997206032 -27.9563516378403 -26.8401093780994 1.24999997206032 -31.1185251921415 -27.5122504681349 1.24999997206032 -27.2650644183159 -24.7125457972288 1.24999997206032 -28.881473466754 -27.5122504681349 1.24999997206032 -48.9999987185001 -20.6499993801117 1.24999997206032 -32.3815681040287 -23.624999448657 1.24999997206032 -31.6164083778858 -22.7752029895782 1.24999997206032 -7.25639844313264 -20.6499993801117 1.24999997206032 -32.7349342405796 -24.7125457972288 1.24999997206032 -30.5717568844557 -22.3100949078798 1.24999997206032 -32.0436470210552 -26.8401093780994 1.24999997206032 -29.428243637085 -22.3100949078798 1.24999997206032 -32.6154045760632 -25.8497968316078 1.24999997206032 -32.7499993145466 -25.000000372529 1.24999997206032 -28.3835902810097 -22.7752029895782 1.24999997206032 -27.6184305548668 -23.624999448657 1.24999997206032 -7.25639844313264 -20.6499993801117 3.25000006705523 -5.57819940149784 -27.4999998509884 3.25000006705523 -5.57819940149784 -20.6499993801117 1.24999997206032 -7.25639844313264 -29.3499995023012 3.25000006705523 -5.57819940149784 -29.3499995023012 1.98223302140832 -50.7677681744099 -11.3500002771616 1.44030118826777 -49.9567091464996 -2.64999992214143 1.98223302140832 -50.7677681744099 -2.64999992214143 2.79329135082662 -51.309697329998 -11.3500002771616 2.79329135082662 -51.309697329998 -2.64999992214143 3.74999991618097 -51.5000000596046 -11.3500002771616 3.74999991618097 -51.5000000596046 -2.64999992214143 1.44030118826777 -49.9567091464996 -11.3500002771616 1.24999997206032 -48.9999987185001 -2.64999992214143 1.24999997206032 -48.9999987185001 -11.3500002771616 1.24999997206032 -48.9999987185001 -2.64999992214143 1.24999997206032 -7.25639844313264 -11.3500002771616 1.24999997206032 -7.25639844313264 -2.64999992214143 1.24999997206032 -48.9999987185001 -11.3500002771616 3.25000006705523 -5.57819940149784 -7.00000021606684 1.24999997206032 -7.25639844313264 -2.64999992214143 1.24999997206032 -7.25639844313264 -11.3500002771616 3.25000006705523 -5.57819940149784 -11.3500002771616 3.25000006705523 -5.57819940149784 -2.64999992214143 2.79329135082662 -51.309697329998 15.3500000014901 3.74999991618097 -51.5000000596046 6.64999987930059 2.79329135082662 -51.309697329998 6.64999987930059 1.44030118826777 -49.9567091464996 15.3500000014901 1.98223302140832 -50.7677681744099 6.64999987930059 1.44030118826777 -49.9567091464996 6.64999987930059 1.24999997206032 -48.9999987185001 15.3500000014901 1.24999997206032 -48.9999987185001 6.64999987930059 1.98223302140832 -50.7677681744099 15.3500000014901 3.74999991618097 -51.5000000596046 15.3500000014901 1.24999997206032 -7.25639844313264 6.64999987930059 1.24999997206032 -27.2650644183159 11.287453584373 1.24999997206032 -27.3845940828323 10.1502034813166 1.24999997206032 -28.881473466754 8.48774984478951 1.24999997206032 -27.9563516378403 9.15989093482494 1.24999997206032 -32.0436470210552 9.15989093482494 1.24999997206032 -48.9999987185001 6.64999987930059 1.24999997206032 -31.1185251921415 8.48774984478951 1.24999997206032 -30.5717568844557 13.6899063363671 1.24999997206032 -48.9999987185001 15.3500000014901 1.24999997206032 -31.6164083778858 13.2247963920236 1.24999997206032 -7.25639844313264 15.3500000014901 1.24999997206032 -28.3835902810097 13.2247963920236 1.24999997206032 -29.428243637085 13.6899063363671 1.24999997206032 -32.7349342405796 11.287453584373 1.24999997206032 -32.3815681040287 12.3749999329448 1.24999997206032 -29.9999993294477 8.24999995529652 1.24999997206032 -32.6154045760632 10.1502034813166 1.24999997206032 -32.7499993145466 10.9999999403954 1.24999997206032 -27.6184305548668 12.3749999329448 3.25000006705523 -5.57819940149784 13.5000003501773 1.24999997206032 -7.25639844313264 6.64999987930059 3.25000006705523 -5.57819940149784 6.64999987930059 1.24999997206032 -7.25639844313264 15.3500000014901 3.25000006705523 -5.57819940149784 15.3500000014901 3.74999991618097 -51.5000000596046 -29.3499995023012 14.0000004321337 -51.5000000596046 -20.6499993801117 14.0000004321337 -51.5000000596046 -29.3499995023012 23.4999991953373 -51.5000000596046 32.9999998211861 14.0000004321337 -51.5000000596046 -11.3500002771616 3.74999991618097 -51.5000000596046 -20.6499993801117 14.0000004321337 -51.5000000596046 -2.64999992214143 3.74999991618097 -51.5000000596046 -11.3500002771616 3.74999991618097 -51.5000000596046 -2.64999992214143 14.0000004321337 -51.5000000596046 6.64999987930059 3.74999991618097 -51.5000000596046 32.9999998211861 14.0000004321337 -51.5000000596046 24.6500000357628 3.74999991618097 -51.5000000596046 24.6500000357628 3.74999991618097 -51.5000000596046 -46.9999983906746 14.0000004321337 -51.5000000596046 -38.6499986052513 23.4999991953373 -51.5000000596046 -46.9999983906746 3.74999991618097 -51.5000000596046 -38.6499986052513 14.0000004321337 -51.5000000596046 15.3500000014901 3.74999991618097 -51.5000000596046 6.64999987930059 3.74999991618097 -51.5000000596046 15.3500000014901 1.44030118826777 -49.9567091464996 32.9999998211861 1.98223302140832 -50.7677681744099 24.6500000357628 1.44030118826777 -49.9567091464996 24.6500000357628 1.24999997206032 -48.9999987185001 32.9999998211861 1.24999997206032 -48.9999987185001 24.6500000357628 2.79329135082662 -51.309697329998 24.6500000357628 1.98223302140832 -50.7677681744099 32.9999998211861 2.79329135082662 -51.309697329998 32.9999998211861 3.74999991618097 -51.5000000596046 24.6500000357628 3.74999991618097 -51.5000000596046 32.9999998211861 1.24999997206032 -48.9999987185001 32.9999998211861 1.24999997206032 -7.25639844313264 24.6500000357628 1.24999997206032 -7.25639844313264 32.9999998211861 1.24999997206032 -48.9999987185001 24.6500000357628 3.25000006705523 -5.57819940149784 27.6250001043081 1.24999997206032 -7.25639844313264 32.9999998211861 1.24999997206032 -7.25639844313264 24.6500000357628 3.25000006705523 -5.57819940149784 32.9999998211861 3.25000006705523 -5.57819940149784 24.6500000357628 3.25000006705523 5.43590029701591 27.6250001043081 3.25000006705523 -5.57819940149784 32.9999998211861 3.25000006705523 -5.57819940149784 27.6250001043081 3.25000006705523 -5.57819940149784 13.5000003501773 3.25000006705523 -1.04331329930574 13.8800488784909 3.25000006705523 -5.57819940149784 15.3500000014901 3.25000006705523 -35.6349982321262 4.4999998062849 3.25000006705523 -5.57819940149784 6.64999987930059 3.25000006705523 -35.6349982321262 6.64999987930059 3.25000006705523 -35.6349982321262 -18.5000002384186 3.25000006705523 -5.57819940149784 -11.3500002771616 3.25000006705523 -35.6349982321262 -11.3500002771616 3.25000006705523 -5.57819940149784 -20.6499993801117 3.25000006705523 -2.32452969066799 -19.4420423358679 3.25000006705523 -1.04331329930574 -18.8800487667322 3.25000006705523 5.43590029701591 -46.9999983906746 3.25000006705523 -5.57819940149784 -38.6499986052513 3.25000006705523 -5.57819940149784 -46.9999983906746 3.25000006705523 5.43590029701591 -27.4999998509884 3.25000006705523 3.73776350170374 -29.977222904563 3.25000006705523 4.19203564524651 -31.3004739582539 3.25000006705523 -4.250000230968 -32.0000015199184 3.25000006705523 -5.57819940149784 -29.3499995023012 3.25000006705523 -4.01972327381372 -33.3799719810486 3.25000006705523 -35.6349982321262 -38.6499986052513 3.25000006705523 -35.6349982321262 -29.3499995023012 3.25000006705523 -3.35384719073772 -29.3895956128836 3.25000006705523 -4.01972327381372 -30.620027333498 3.25000006705523 0.350962218362838 -36.2354852259159 3.25000006705523 -1.04331329930574 -36.1199527978897 3.25000006705523 4.19203564524651 -32.6995253562927 3.25000006705523 0.350962218362838 -27.7645159512758 3.25000006705523 1.70720554888248 -28.1079635024071 3.25000006705523 1.70720554888248 -35.8920358121395 3.25000006705523 -2.32452969066799 -35.557959228754 3.25000006705523 -3.35384719073772 -34.6104055643082 3.25000006705523 3.73776350170374 -34.0227782726288 3.25000006705523 -5.57819940149784 -27.4999998509884 3.25000006705523 -2.32452969066799 -28.4420419484377 3.25000006705523 -1.04331329930574 -27.880048379302 3.25000006705523 2.87844659760594 -28.873173519969 3.25000006705523 6.6218008287251 -46.9999983906746 3.25000006705523 6.6218008287251 -27.4999998509884 3.25000006705523 5.43590029701591 -18.5000002384186 3.25000006705523 6.6218008287251 -18.5000002384186 3.25000006705523 5.43590029701591 -7.00000021606684 3.25000006705523 6.6218008287251 -7.00000021606684 3.25000006705523 5.43590029701591 4.4999998062849 3.25000006705523 6.6218008287251 4.4999998062849 3.25000006705523 5.43590029701591 13.5000003501773 3.25000006705523 6.6218008287251 13.5000003501773 3.25000006705523 6.6218008287251 27.6250001043081 3.25000006705523 5.43590029701591 32.9999998211861 3.25000006705523 -3.35384719073772 -2.61040404438972 3.25000006705523 -5.57819940149784 -2.64999992214143 3.25000006705523 -5.57819940149784 -7.00000021606684 3.25000006705523 2.87844659760594 -35.1268276572227 3.25000006705523 3.73776350170374 -20.9772232919931 3.25000006705523 4.19203564524651 -22.3004724830389 3.25000006705523 0.350962218362838 -18.764516338706 3.25000006705523 1.70720554888248 -19.1079638898373 3.25000006705523 2.87844659760594 -26.1268261820078 3.25000006705523 1.70720554888248 -26.8920361995697 3.25000006705523 2.87844659760594 -19.8731739073992 3.25000006705523 4.19203564524651 -23.6995276063681 3.25000006705523 -4.250000230968 -23.0000000447035 3.25000006705523 3.73776350170374 -25.0227767974138 3.25000006705523 0.350962218362838 -27.235483750701 3.25000006705523 -1.04331329930574 -27.1199513226748 3.25000006705523 -4.01972327381372 -21.6200277209282 3.25000006705523 -3.35384719073772 -20.3895960003138 3.25000006705523 -35.6349982321262 -20.6499993801117 3.25000006705523 -2.32452969066799 -26.5579577535391 3.25000006705523 -3.35384719073772 -25.6104040890932 3.25000006705523 -4.01972327381372 -24.3799723684788 3.25000006705523 3.73776350170374 -11.9772236794233 3.25000006705523 4.19203564524651 -13.3004728704691 3.25000006705523 0.350962218362838 -9.76451579481363 3.25000006705523 1.70720554888248 -10.1079633459449 3.25000006705523 1.70720554888248 -17.8920365869999 3.25000006705523 0.350962218362838 -18.2354841381311 3.25000006705523 -2.32452969066799 -10.4420427232981 3.25000006705523 -1.04331329930574 -9.88004915416241 3.25000006705523 2.87844659760594 -10.8731733635068 3.25000006705523 4.19203564524651 -14.6995270624757 3.25000006705523 3.73776350170374 -16.022777184844 3.25000006705523 -1.04331329930574 -18.1199517101049 3.25000006705523 -2.32452969066799 -17.5579581409693 3.25000006705523 -3.35384719073772 -11.3895963877439 3.25000006705523 -4.01972327381372 -12.6200271770358 3.25000006705523 2.87844659760594 -17.126826569438 3.25000006705523 -3.35384719073772 -16.6104044765234 3.25000006705523 -4.250000230968 -14.0000004321337 3.25000006705523 -4.01972327381372 -15.379972755909 3.25000006705523 3.73776350170374 2.0227765198797 3.25000006705523 4.19203564524651 0.699527037795633 3.25000006705523 6.6218008287251 32.9999998211861 3.25000006705523 0.350962218362838 13.7645155191422 3.25000006705523 1.70720554888248 14.1079630702734 3.25000006705523 2.87844659760594 14.8731730878353 3.25000006705523 -5.57819940149784 24.6500000357628 3.25000006705523 -35.6349982321262 15.3500000014901 3.25000006705523 -4.01972327381372 16.6200269013643 3.25000006705523 0.350962218362838 22.2354847937822 3.25000006705523 -1.04331329930574 22.1199505031109 3.25000006705523 3.73776350170374 15.9772243350744 3.25000006705523 4.19203564524651 18.6995267868042 3.25000006705523 -3.35384719073772 15.3895961120725 3.25000006705523 2.87844659760594 21.1268272250891 3.25000006705523 1.70720554888248 21.892037242651 3.25000006705523 -2.32452969066799 21.5579569339752 3.25000006705523 -4.01972327381372 19.3799734115601 3.25000006705523 -4.250000230968 17.9999992251396 3.25000006705523 4.19203564524651 17.3004735261202 3.25000006705523 -2.32452969066799 14.4420424476266 3.25000006705523 -3.35384719073772 20.6104032695293 3.25000006705523 3.73776350170374 20.02277597785 3.25000006705523 -35.6349982321262 24.6500000357628 3.25000006705523 -4.250000230968 8.99999961256981 3.25000006705523 -4.01972327381372 7.62002728879452 3.25000006705523 -4.01972327381372 10.3799728676677 3.25000006705523 0.350962218362838 13.2354842498899 3.25000006705523 -1.04331329930574 13.1199508905411 3.25000006705523 -3.35384719073772 6.38959603384137 3.25000006705523 2.87844659760594 5.8731734752655 3.25000006705523 3.73776350170374 6.97722379118204 3.25000006705523 1.70720554888248 12.8920366987586 3.25000006705523 -2.32452969066799 12.5579573214054 3.25000006705523 -2.32452969066799 5.44204236939549 3.25000006705523 1.70720554888248 5.10796345770359 3.25000006705523 -3.35384719073772 11.6104036569595 3.25000006705523 -1.04331329930574 4.88004880025983 3.25000006705523 0.350962218362838 4.76451590657234 3.25000006705523 4.19203564524651 8.3004729822278 3.25000006705523 4.19203564524651 9.69952717423439 3.25000006705523 3.73776350170374 11.0227763652802 3.25000006705523 2.87844659760594 12.1268266811967 3.25000006705523 0.350962218362838 -4.23548417165875 3.25000006705523 0.350962218362838 4.23548417165875 3.25000006705523 -1.04331329930574 4.11995127797127 3.25000006705523 -2.32452969066799 -3.55795747600496 3.25000006705523 -1.04331329930574 -4.11995127797127 3.25000006705523 1.70720554888248 -3.89203662052751 3.25000006705523 3.73776350170374 -2.0227765198797 3.25000006705523 4.19203564524651 -0.699527037795633 3.25000006705523 2.87844659760594 3.12682660296559 3.25000006705523 -3.35384719073772 2.61040404438972 3.25000006705523 -4.01972327381372 1.37997278943658 3.25000006705523 -4.250000230968 1.23995490515526E-15 3.25000006705523 -35.6349982321262 -2.64999992214143 3.25000006705523 -4.01972327381372 -1.37997278943658 3.25000006705523 2.87844659760594 -3.12682660296559 3.25000006705523 1.70720554888248 3.89203662052751 3.25000006705523 -2.32452969066799 3.55795747600496 3.25000006705523 6.6218008287251 27.6250001043081 1.24999997206032 8.2999998703599 32.9999998211861 3.25000006705523 6.6218008287251 32.9999998211861 3.25000006705523 6.6218008287251 13.5000003501773 3.25000006705523 6.6218008287251 4.4999998062849 3.25000006705523 6.6218008287251 -7.00000021606684 1.24999997206032 8.2999998703599 -46.9999983906746 3.25000006705523 6.6218008287251 -18.5000002384186 3.25000006705523 6.6218008287251 -27.4999998509884 3.25000006705523 6.6218008287251 -46.9999983906746 1.24999997206032 8.2999998703599 32.9999998211861 1.24999997206032 10.3000001981854 -46.9999983906746 1.24999997206032 10.3000001981854 32.9999998211861 1.24999997206032 8.2999998703599 -46.9999983906746 0 10.3000001981854 -26.9499998539686 1.24999997206032 10.3000001981854 -46.9999983906746 0 10.3000001981854 -28.3000003546476 1.24999997206032 10.3000001981854 32.9999998211861 0 10.3000001981854 -18.5000002384186 0 10.3000001981854 -7.00000021606684 0 10.3000001981854 -21.0500005632639 0 10.3000001981854 4.4999998062849 0 10.3000001981854 7.05000013113022 0 10.3000001981854 12.9500003531575 0 10.3000001981854 27.0750001072884 0 10.3000001981854 32.9999998211861 0 10.3000001981854 14.299999922514 0 10.3000001981854 -46.9999983906746 -1.92760524441677E-15 4.20151502895284E-15 -28.8500003516674 0 -15.2000002563 -28.3000003546476 0 6.72500021755695 -28.3000003546476 -1.39032982647007E-15 3.15000000409782 -32.0000015199184 -1.49035798621154E-15 2.9102205298841 -30.7945478707552 0 -15.2000002563 -46.9999983906746 -1.54184160413927E-15 3.42998733480754E-15 -35.1499989628792 0 6.72500021755695 -46.9999983906746 -2.12671444209834E-15 -2.9102205298841 -30.7945478707552 -2.11463471002292E-15 -2.22738645970821 -29.7726131975651 -2.04471685515657E-15 -1.20545283425599 -29.0897786617279 -1.35481234532827E-15 2.22738645970821 -34.2273861169815 -1.34273250985528E-15 2.9102205298841 -33.2054533064365 -1.97908896574207E-15 -2.9102205298841 -33.2054533064365 0 -15.2000002563 27.0750001072884 3.46944695195361E-15 -48.9999987185001 32.9999998211861 0 -15.2000002563 32.9999998211861 0 -15.2000002563 14.299999922514 3.46944695195361E-15 -48.9999987185001 27.0750001072884 0 -15.2000002563 4.4999998062849 3.46944695195361E-15 -48.9999987185001 7.05000013113022 0 -15.2000002563 7.05000013113022 0 -15.2000002563 -7.00000021606684 3.46944695195361E-15 -48.9999987185001 4.4999998062849 0 -15.2000002563 -18.5000002384186 3.46944695195361E-15 -48.9999987185001 -7.00000021606684 0 -15.2000002563 -21.0500005632639 3.46944695195361E-15 -48.9999987185001 -18.5000002384186 3.46944695195361E-15 -48.9999987185001 -28.3000003546476 0 -30.5717568844557 -22.3100949078798 0 -29.428243637085 -22.3100949078798 3.46944695195361E-15 -48.9999987185001 -21.0500005632639 0 -28.3835902810097 -22.7752029895782 0 -27.6184305548668 -23.624999448657 0 -32.3815681040287 -23.624999448657 0 -31.6164083778858 -22.7752029895782 0 -27.2650644183159 -24.7125457972288 0 -15.2000002563 -26.9499998539686 0 -27.3845940828323 -25.8497968316078 0 -27.9563516378403 -26.8401093780994 0 -32.7349342405796 -24.7125457972288 3.46944695195361E-15 -48.9999987185001 -26.9499998539686 0 -32.6154045760632 -25.8497968316078 0 -28.881473466754 -27.5122504681349 0 -29.9999993294477 -27.7500003576279 0 -31.1185251921415 -27.5122504681349 0 -32.0436470210552 -26.8401093780994 0 -31.6164083778858 13.2247963920236 3.46944695195361E-15 -48.9999987185001 14.299999922514 0 -30.5717568844557 13.6899063363671 0 -29.428243637085 13.6899063363671 0 -28.3835902810097 13.2247963920236 0 -15.2000002563 12.9500003531575 0 -27.2650644183159 11.287453584373 0 -27.3845940828323 10.1502034813166 -2.07911702208596E-15 -3.15000000409782 -32.0000015199184 0 -28.881473466754 8.48774984478951 0 -29.9999993294477 8.24999995529652 0 -31.1185251921415 8.48774984478951 0 -32.7349342405796 11.287453584373 3.46944695195361E-15 -48.9999987185001 12.9500003531575 0 -27.9563516378403 9.15989093482494 0 -32.6154045760632 10.1502034813166 0 -32.0436470210552 9.15989093482494 -1.8418584613486E-15 -2.22738645970821 -34.2273861169815 -1.42473009679705E-15 1.20545283425599 -34.9102206528187 -1.62758849060501E-15 2.22738645970821 -29.7726131975651 -1.68831760963682E-15 -1.20545283425599 -34.9102206528187 0 6.72500021755695 32.9999998211861 0 10.3000001981854 27.0750001072884 0 6.72500021755695 27.0750001072884 0 10.3000001981854 14.299999922514 0 6.72500021755695 14.299999922514 0 10.3000001981854 12.9500003531575 0 6.72500021755695 12.9500003531575 0 10.3000001981854 7.05000013113022 0 6.72500021755695 7.05000013113022 0 10.3000001981854 4.4999998062849 0 6.72500021755695 4.4999998062849 0 10.3000001981854 -7.00000021606684 0 6.72500021755695 -7.00000021606684 0 10.3000001981854 -18.5000002384186 0 6.72500021755695 -18.5000002384186 0 10.3000001981854 -21.0500005632639 0 6.72500021755695 -21.0500005632639 0 10.3000001981854 -26.9499998539686 0 6.72500021755695 -26.9499998539686 0 10.3000001981854 -28.3000003546476 0 10.3000001981854 -46.9999983906746 -5.25057650106556E-15 1.20545283425599 20.910220220685 -5.39705240316554E-15 -1.2650507377595E-15 21.1500003933907 -3.94953389408296E-15 1.20545283425599 2.9102205298841 -4.09600979618293E-15 4.5896741842843E-16 3.15000000409782 -3.0821719492994E-15 1.20545283425599 -11.0897794365883 -3.22864785139937E-15 2.23355122885931E-15 -10.8500001952052 -1.7811293423168E-15 1.20545283425599 -29.0897786617279 3.46944695195361E-15 -48.9999987185001 -46.9999983906746 0 -27.6184305548668 12.3749999329448 -2.98199644801132E-15 -2.22738645970821 -20.7726135849953 -2.35771972419995E-15 2.9102205298841 -21.7945463955402 -2.49495022859341E-15 2.22738645970821 -20.7726135849953 -3.95689745589591E-15 2.22738645970821 6.77261361852288 -4.58117438650243E-15 -2.9102205298841 7.79454736039042 -4.44394388210897E-15 -2.22738645970821 6.77261361852288 -2.84288431451945E-15 1.46202374150915E-15 -17.1499997377396 -2.72577270377965E-15 1.20545283425599 -16.9102214276791 -3.38015962906857E-15 -3.15000000409782 -14.0000004321337 -2.6558548489133E-15 2.22738645970821 -16.2273868918419 -2.64377511683788E-15 2.9102205298841 -15.2054531499743 -3.34575946213917E-15 -1.20545283425599 -11.0897794365883 -3.28013157272467E-15 -2.9102205298841 -15.2054531499743 -3.14290106833121E-15 -2.22738645970821 -16.2273868918419 -2.69137253685026E-15 3.15000000409782 -14.0000004321337 -2.79140059319415E-15 2.9102205298841 -12.7945467829704 -3.41567731700552E-15 -2.22738645970821 -11.7726139724255 -2.92863109758762E-15 2.22738645970821 -11.7726139724255 -3.42775704908094E-15 -2.9102205298841 -12.7945467829704 -2.98936021661942E-15 -1.20545283425599 -16.9102214276791 -4.14749351750823E-15 -2.9102205298841 -1.20545283425599 -4.01026301311477E-15 -2.22738645970821 -2.22738645970821 -4.21312120012758E-15 -1.20545283425599 2.9102205298841 -4.28303905499393E-15 -2.22738645970821 2.22738645970821 -3.59313444176806E-15 1.20545283425599 -2.9102205298841 -3.5232165869017E-15 2.22738645970821 -2.22738645970821 -4.29511878706935E-15 -2.9102205298841 1.20545283425599 -4.24752157385213E-15 -3.15000000409782 -2.40741243048404E-31 -3.7102458457127E-15 -3.12560068921724E-16 -3.15000000409782 -3.6587621243874E-15 2.9102205298841 1.20545283425599 -3.79599262878087E-15 2.22738645970821 2.22738645970821 -3.85672174781267E-15 -1.20545283425599 -2.9102205298841 -3.55873406804351E-15 3.15000000409782 -3.85763743675077E-16 -3.51113685482629E-15 2.9102205298841 -1.20545283425599 -4.68120244284633E-15 -3.15000000409782 8.99999961256981 -4.0924429933816E-15 2.9102205298841 10.2054532617331 -4.22967349777507E-15 2.22738645970821 11.227386072278 -3.94481772382049E-15 2.9102205298841 7.79454736039042 -3.99241493703771E-15 3.15000000409782 8.99999961256981 -4.71671992398813E-15 -2.22738645970821 11.227386072278 -4.72879965606355E-15 -2.9102205298841 10.2054532617331 -4.38321476307716E-15 1.20545283425599 11.9102206081152 -4.52969066517713E-15 -2.81068915260918E-16 12.1499998494983 -4.64680206912178E-15 -1.20545283425599 11.9102206081152 -4.29040261680687E-15 -1.20545283425599 6.089779548347 -4.1439267147069E-15 -1.05259642846047E-15 5.84999984130263 -4.02681531076226E-15 1.20545283425599 6.089779548347 -2.2221739799191E-15 2.22738645970821 -25.2273865044117 -2.21009424784368E-15 2.9102205298841 -24.2054536938667 -2.99407618008674E-15 -2.9102205298841 -21.7945463955402 -2.94647876007437E-15 -3.15000000409782 -23.0000000447035 -2.25769166785605E-15 3.15000000409782 -23.0000000447035 -2.40920344552525E-15 2.44600553815835E-15 -26.1499993503094 -2.84645070373047E-15 -2.9102205298841 -24.2054536938667 -2.29209183478545E-15 1.20545283425599 -25.9102210402489 -2.70922019933701E-15 -2.22738645970821 -25.2273865044117 -2.55567934762522E-15 -1.20545283425599 -25.9102210402489 -2.6484910803052E-15 1.20545283425599 -20.0897790491581 -2.79496698240517E-15 3.2175330255085E-15 -19.8500007390976 -2.91207859314497E-15 -1.20545283425599 -20.0897790491581 0 -32.3815681040287 12.3749999329448 0 10.3000001981854 32.9999998211861 -5.01128845269531E-15 -2.03657822510966E-15 14.8499999195337 -5.15776435479528E-15 -1.20545283425599 15.0897791609168 -4.85977667502611E-15 3.15000000409782 17.9999992251396 -5.31130562009737E-15 -2.22738645970821 15.7726127654314 -5.54856418083473E-15 -3.15000000409782 17.9999992251396 -5.59616139405195E-15 -2.9102205298841 19.2054528743029 -4.95980473137001E-15 2.9102205298841 19.2054528743029 -5.09703523576347E-15 2.22738645970821 20.2273856848478 -4.89417704875066E-15 1.20545283425599 15.0897791609168 -5.44853612449084E-15 -2.9102205298841 16.7945474386215 -5.58408166197653E-15 -2.22738645970821 20.2273856848478 -5.51416380711018E-15 -1.20545283425599 20.910220220685 -4.81217946180889E-15 2.9102205298841 16.7945474386215 -4.82425919388431E-15 2.22738645970821 15.7726127654314 2.59118620306253 -52.5664612650871 32.9999998211861 3.74999991618097 -52.7499988675117 -46.9999983906746 3.74999991618097 -52.7499988675117 32.9999998211861 1.54580525122583 -52.0338155329227 32.9999998211861 2.59118620306253 -52.5664612650871 -46.9999983906746 0.183538068085909 -50.1588135957718 32.9999998211861 0.71618624497205 -51.2041933834553 -46.9999983906746 0.71618624497205 -51.2041933834553 32.9999998211861 1.54580525122583 -52.0338155329227 -46.9999983906746 0.183538068085909 -50.1588135957718 -46.9999983906746 3.46944695195361E-15 -48.9999987185001 27.0750001072884 3.46944695195361E-15 -48.9999987185001 32.9999998211861 3.46944695195361E-15 -48.9999987185001 14.299999922514 3.46944695195361E-15 -48.9999987185001 12.9500003531575 3.46944695195361E-15 -48.9999987185001 4.4999998062849 3.46944695195361E-15 -48.9999987185001 -7.00000021606684 3.46944695195361E-15 -48.9999987185001 7.05000013113022 3.46944695195361E-15 -48.9999987185001 -18.5000002384186 3.46944695195361E-15 -48.9999987185001 -21.0500005632639 3.46944695195361E-15 -48.9999987185001 -28.3000003546476 3.46944695195361E-15 -48.9999987185001 -46.9999983906746 3.46944695195361E-15 -48.9999987185001 -26.9499998539686 3.74999991618097 -52.7499988675117 32.9999998211861 9.4999996945262 -52.7499988675117 -7.00000021606684 9.55811608582735 -52.7499988675117 -6.52136886492372 23.4999991953373 -52.7499988675117 32.9999998211861 19.002977758646 -52.7499988675117 -5.67375449463725 19.7907909750938 -52.7499988675117 -5.12996735051274 20.7410734146833 -52.7499988675117 -8.98541789501905 23.4999991953373 -52.7499988675117 -46.9999983906746 21.6361302882433 -52.7499988675117 -8.64596758037806 9.55811608582735 -52.7499988675117 -7.47863110154867 3.74999991618097 -52.7499988675117 -46.9999983906746 10.0029781460762 -52.7499988675117 -8.32624547183514 13.2709117606282 -52.7499988675117 -6.07055379077792 18.5581166297197 -52.7499988675117 -6.52136886492372 20.7410734146833 -52.7499988675117 -5.01458207145333 13.2709117606282 -52.7499988675117 -7.92944617569447 12.6361297443509 -52.7499988675117 -8.64596758037806 12.6361297443509 -52.7499988675117 -5.35403238609433 21.6361302882433 -52.7499988675117 -5.35403238609433 19.7907909750938 -52.7499988675117 -8.87003261595964 22.2709123045206 -52.7499988675117 -6.07055379077792 10.0029781460762 -52.7499988675117 -5.67375449463725 10.7907904312015 -52.7499988675117 -5.12996735051274 11.7410738021135 -52.7499988675117 -8.98541789501905 10.7907904312015 -52.7499988675117 -8.87003261595964 11.7410738021135 -52.7499988675117 -5.01458207145333 22.5000008940697 -52.7499988675117 -7.00000021606684 22.2709123045206 -52.7499988675117 -7.92944617569447 19.002977758646 -52.7499988675117 -8.32624547183514 13.5000003501773 -52.7499988675117 -7.00000021606684 18.5581166297197 -52.7499988675117 -7.47863110154867 18.5000002384186 -52.7499988675117 -7.00000021606684 1.44030118826777 -49.9567091464996 -46.9999983906746 0.71618624497205 -51.2041933834553 -46.9999983906746 0.183538068085909 -50.1588135957718 -46.9999983906746 0 10.3000001981854 -46.9999983906746 1.24999997206032 8.2999998703599 -46.9999983906746 0 6.72500021755695 -46.9999983906746 1.24999997206032 10.3000001981854 -46.9999983906746 3.25000006705523 -5.57819940149784 -46.9999983906746 1.24999997206032 -7.25639844313264 -46.9999983906746 3.25000006705523 6.6218008287251 -46.9999983906746 3.25000006705523 5.43590029701591 -46.9999983906746 1.98223302140832 -50.7677681744099 -46.9999983906746 1.54580525122583 -52.0338155329227 -46.9999983906746 1.24999997206032 -48.9999987185001 -46.9999983906746 2.59118620306253 -52.5664612650871 -46.9999983906746 3.74999991618097 -51.5000000596046 -46.9999983906746 3.74999991618097 -52.7499988675117 -46.9999983906746 0 -15.2000002563 -46.9999983906746 2.79329135082662 -51.309697329998 -46.9999983906746 23.4999991953373 -52.7499988675117 -46.9999983906746 3.46944695195361E-15 -48.9999987185001 -46.9999983906746 23.4999991953373 -51.5000000596046 -46.9999983906746 3.74999991618097 -51.5000000596046 32.9999998211861 23.4999991953373 -52.7499988675117 32.9999998211861 23.4999991953373 -51.5000000596046 32.9999998211861 2.59118620306253 -52.5664612650871 32.9999998211861 3.74999991618097 -52.7499988675117 32.9999998211861 1.54580525122583 -52.0338155329227 32.9999998211861 2.79329135082662 -51.309697329998 32.9999998211861 1.98223302140832 -50.7677681744099 32.9999998211861 0.183538068085909 -50.1588135957718 32.9999998211861 1.24999997206032 -48.9999987185001 32.9999998211861 3.46944695195361E-15 -48.9999987185001 32.9999998211861 3.25000006705523 -5.57819940149784 32.9999998211861 0 6.72500021755695 32.9999998211861 1.24999997206032 -7.25639844313264 32.9999998211861 3.25000006705523 6.6218008287251 32.9999998211861 3.25000006705523 5.43590029701591 32.9999998211861 0.71618624497205 -51.2041933834553 32.9999998211861 1.44030118826777 -49.9567091464996 32.9999998211861 0 -15.2000002563 32.9999998211861 1.24999997206032 8.2999998703599 32.9999998211861 0 10.3000001981854 32.9999998211861 1.24999997206032 10.3000001981854 32.9999998211861 3.94999980926514 -42.1149991452694 24.6500000357628 3.25000006705523 -35.6349982321262 15.3500000014901 3.25000006705523 -35.6349982321262 24.6500000357628 3.94999980926514 -42.1149991452694 15.3500000014901 5.28388051316142 -46.1396984755993 15.3500000014901 4.41520661115646 -44.1942065954208 24.6500000357628 5.28388051316142 -46.1396984755993 24.6500000357628 6.52145035564899 -47.8740409016609 15.3500000014901 6.52145035564899 -47.8740409016609 24.6500000357628 8.07866174727678 -49.3282116949558 15.3500000014901 8.07866174727678 -49.3282116949558 24.6500000357628 9.89354029297829 -50.4443384706974 15.3500000014901 9.89354029297829 -50.4443384706974 24.6500000357628 11.8938563391566 -51.1780008673668 15.3500000014901 11.8938563391566 -51.1780008673668 24.6500000357628 14.0000004321337 -51.5000000596046 15.3500000014901 14.0000004321337 -51.5000000596046 24.6500000357628 4.41520661115646 -44.1942065954208 15.3500000014901 3.94999980926514 -42.1149991452694 24.6500000357628 3.94999980926514 -42.1149991452694 15.3500000014901 3.25000006705523 -35.6349982321262 24.6500000357628 1.24999997206032 -48.9999987185001 24.6500000357628 3.94999980926514 -42.1149991452694 24.6500000357628 2.79329135082662 -51.309697329998 24.6500000357628 5.28388051316142 -46.1396984755993 24.6500000357628 1.98223302140832 -50.7677681744099 24.6500000357628 1.44030118826777 -49.9567091464996 24.6500000357628 4.41520661115646 -44.1942065954208 24.6500000357628 3.74999991618097 -51.5000000596046 24.6500000357628 6.52145035564899 -47.8740409016609 24.6500000357628 8.07866174727678 -49.3282116949558 24.6500000357628 9.89354029297829 -50.4443384706974 24.6500000357628 11.8938563391566 -51.1780008673668 24.6500000357628 14.0000004321337 -51.5000000596046 24.6500000357628 1.24999997206032 -7.25639844313264 24.6500000357628 3.25000006705523 -5.57819940149784 24.6500000357628 3.74999991618097 -51.5000000596046 15.3500000014901 11.8938563391566 -51.1780008673668 15.3500000014901 14.0000004321337 -51.5000000596046 15.3500000014901 1.24999997206032 -48.9999987185001 15.3500000014901 4.41520661115646 -44.1942065954208 15.3500000014901 5.28388051316142 -46.1396984755993 15.3500000014901 9.89354029297829 -50.4443384706974 15.3500000014901 3.94999980926514 -42.1149991452694 15.3500000014901 6.52145035564899 -47.8740409016609 15.3500000014901 2.79329135082662 -51.309697329998 15.3500000014901 3.25000006705523 -35.6349982321262 15.3500000014901 1.44030118826777 -49.9567091464996 15.3500000014901 1.24999997206032 -7.25639844313264 15.3500000014901 1.98223302140832 -50.7677681744099 15.3500000014901 8.07866174727678 -49.3282116949558 15.3500000014901 3.25000006705523 -5.57819940149784 15.3500000014901 3.94999980926514 -42.1149991452694 -2.64999992214143 3.25000006705523 -35.6349982321262 4.4999998062849 3.94999980926514 -42.1149991452694 6.64999987930059 3.25000006705523 -35.6349982321262 -2.64999992214143 3.25000006705523 -35.6349982321262 6.64999987930059 4.41520661115646 -44.1942065954208 -2.64999992214143 3.94999980926514 -42.1149991452694 6.64999987930059 4.41520661115646 -44.1942065954208 6.64999987930059 5.28388051316142 -46.1396984755993 -2.64999992214143 5.28388051316142 -46.1396984755993 6.64999987930059 6.52145035564899 -47.8740409016609 -2.64999992214143 6.52145035564899 -47.8740409016609 6.64999987930059 8.07866174727678 -49.3282116949558 -2.64999992214143 8.07866174727678 -49.3282116949558 6.64999987930059 9.89354029297829 -50.4443384706974 -2.64999992214143 9.89354029297829 -50.4443384706974 6.64999987930059 11.8938563391566 -51.1780008673668 -2.64999992214143 11.8938563391566 -51.1780008673668 6.64999987930059 14.0000004321337 -51.5000000596046 -2.64999992214143 3.94999980926514 -42.1149991452694 -2.64999992214143 14.0000004321337 -51.5000000596046 6.64999987930059 3.25000006705523 -35.6349982321262 6.64999987930059 1.24999997206032 -7.25639844313264 6.64999987930059 1.24999997206032 -48.9999987185001 6.64999987930059 3.94999980926514 -42.1149991452694 6.64999987930059 3.25000006705523 -5.57819940149784 6.64999987930059 3.74999991618097 -51.5000000596046 6.64999987930059 11.8938563391566 -51.1780008673668 6.64999987930059 9.89354029297829 -50.4443384706974 6.64999987930059 14.0000004321337 -51.5000000596046 6.64999987930059 8.07866174727678 -49.3282116949558 6.64999987930059 5.28388051316142 -46.1396984755993 6.64999987930059 2.79329135082662 -51.309697329998 6.64999987930059 6.52145035564899 -47.8740409016609 6.64999987930059 4.41520661115646 -44.1942065954208 6.64999987930059 1.44030118826777 -49.9567091464996 6.64999987930059 1.98223302140832 -50.7677681744099 6.64999987930059 3.74999991618097 -51.5000000596046 -2.64999992214143 11.8938563391566 -51.1780008673668 -2.64999992214143 14.0000004321337 -51.5000000596046 -2.64999992214143 1.24999997206032 -48.9999987185001 -2.64999992214143 3.94999980926514 -42.1149991452694 -2.64999992214143 4.41520661115646 -44.1942065954208 -2.64999992214143 6.52145035564899 -47.8740409016609 -2.64999992214143 2.79329135082662 -51.309697329998 -2.64999992214143 8.07866174727678 -49.3282116949558 -2.64999992214143 9.89354029297829 -50.4443384706974 -2.64999992214143 5.28388051316142 -46.1396984755993 -2.64999992214143 3.25000006705523 -35.6349982321262 -2.64999992214143 1.44030118826777 -49.9567091464996 -2.64999992214143 1.24999997206032 -7.25639844313264 -2.64999992214143 1.98223302140832 -50.7677681744099 -2.64999992214143 3.25000006705523 -5.57819940149784 -2.64999992214143 3.94999980926514 -42.1149991452694 -11.3500002771616 3.25000006705523 -35.6349982321262 -18.5000002384186 3.25000006705523 -35.6349982321262 -11.3500002771616 3.94999980926514 -42.1149991452694 -20.6499993801117 3.25000006705523 -35.6349982321262 -20.6499993801117 4.41520661115646 -44.1942065954208 -20.6499993801117 3.94999980926514 -42.1149991452694 -11.3500002771616 4.41520661115646 -44.1942065954208 -11.3500002771616 5.28388051316142 -46.1396984755993 -20.6499993801117 5.28388051316142 -46.1396984755993 -11.3500002771616 6.52145035564899 -47.8740409016609 -20.6499993801117 6.52145035564899 -47.8740409016609 -11.3500002771616 8.07866174727678 -49.3282116949558 -20.6499993801117 8.07866174727678 -49.3282116949558 -11.3500002771616 9.89354029297829 -50.4443384706974 -20.6499993801117 9.89354029297829 -50.4443384706974 -11.3500002771616 11.8938563391566 -51.1780008673668 -20.6499993801117 11.8938563391566 -51.1780008673668 -11.3500002771616 14.0000004321337 -51.5000000596046 -20.6499993801117 14.0000004321337 -51.5000000596046 -11.3500002771616 3.94999980926514 -42.1149991452694 -20.6499993801117 3.25000006705523 -35.6349982321262 -11.3500002771616 1.24999997206032 -7.25639844313264 -11.3500002771616 1.24999997206032 -48.9999987185001 -11.3500002771616 3.94999980926514 -42.1149991452694 -11.3500002771616 2.79329135082662 -51.309697329998 -11.3500002771616 5.28388051316142 -46.1396984755993 -11.3500002771616 1.98223302140832 -50.7677681744099 -11.3500002771616 3.74999991618097 -51.5000000596046 -11.3500002771616 11.8938563391566 -51.1780008673668 -11.3500002771616 9.89354029297829 -50.4443384706974 -11.3500002771616 1.44030118826777 -49.9567091464996 -11.3500002771616 4.41520661115646 -44.1942065954208 -11.3500002771616 6.52145035564899 -47.8740409016609 -11.3500002771616 8.07866174727678 -49.3282116949558 -11.3500002771616 14.0000004321337 -51.5000000596046 -11.3500002771616 3.25000006705523 -5.57819940149784 -11.3500002771616 1.24999997206032 -7.25639844313264 -20.6499993801117 3.25000006705523 -35.6349982321262 -20.6499993801117 1.24999997206032 -48.9999987185001 -20.6499993801117 5.28388051316142 -46.1396984755993 -20.6499993801117 1.44030118826777 -49.9567091464996 -20.6499993801117 3.94999980926514 -42.1149991452694 -20.6499993801117 6.52145035564899 -47.8740409016609 -20.6499993801117 3.74999991618097 -51.5000000596046 -20.6499993801117 2.79329135082662 -51.309697329998 -20.6499993801117 4.41520661115646 -44.1942065954208 -20.6499993801117 11.8938563391566 -51.1780008673668 -20.6499993801117 9.89354029297829 -50.4443384706974 -20.6499993801117 1.98223302140832 -50.7677681744099 -20.6499993801117 8.07866174727678 -49.3282116949558 -20.6499993801117 14.0000004321337 -51.5000000596046 -20.6499993801117 3.25000006705523 -5.57819940149784 -20.6499993801117 3.94999980926514 -42.1149991452694 -29.3499995023012 3.25000006705523 -35.6349982321262 -38.6499986052513 3.25000006705523 -35.6349982321262 -29.3499995023012 3.94999980926514 -42.1149991452694 -38.6499986052513 11.8938563391566 -51.1780008673668 -38.6499986052513 9.89354029297829 -50.4443384706974 -29.3499995023012 11.8938563391566 -51.1780008673668 -29.3499995023012 14.0000004321337 -51.5000000596046 -38.6499986052513 14.0000004321337 -51.5000000596046 -29.3499995023012 9.89354029297829 -50.4443384706974 -38.6499986052513 8.07866174727678 -49.3282116949558 -29.3499995023012 8.07866174727678 -49.3282116949558 -38.6499986052513 6.52145035564899 -47.8740409016609 -29.3499995023012 6.52145035564899 -47.8740409016609 -38.6499986052513 5.28388051316142 -46.1396984755993 -29.3499995023012 5.28388051316142 -46.1396984755993 -38.6499986052513 4.41520661115646 -44.1942065954208 -29.3499995023012 4.41520661115646 -44.1942065954208 -38.6499986052513 3.94999980926514 -42.1149991452694 -29.3499995023012 3.94999980926514 -42.1149991452694 -38.6499986052513 1.24999997206032 -7.25639844313264 -29.3499995023012 3.25000006705523 -35.6349982321262 -29.3499995023012 3.25000006705523 -5.57819940149784 -29.3499995023012 3.74999991618097 -51.5000000596046 -29.3499995023012 11.8938563391566 -51.1780008673668 -29.3499995023012 9.89354029297829 -50.4443384706974 -29.3499995023012 14.0000004321337 -51.5000000596046 -29.3499995023012 8.07866174727678 -49.3282116949558 -29.3499995023012 5.28388051316142 -46.1396984755993 -29.3499995023012 2.79329135082662 -51.309697329998 -29.3499995023012 6.52145035564899 -47.8740409016609 -29.3499995023012 1.24999997206032 -48.9999987185001 -29.3499995023012 3.94999980926514 -42.1149991452694 -29.3499995023012 1.98223302140832 -50.7677681744099 -29.3499995023012 1.44030118826777 -49.9567091464996 -29.3499995023012 4.41520661115646 -44.1942065954208 -29.3499995023012 3.74999991618097 -51.5000000596046 -38.6499986052513 6.52145035564899 -47.8740409016609 -38.6499986052513 8.07866174727678 -49.3282116949558 -38.6499986052513 3.25000006705523 -35.6349982321262 -38.6499986052513 1.24999997206032 -7.25639844313264 -38.6499986052513 3.25000006705523 -5.57819940149784 -38.6499986052513 2.79329135082662 -51.309697329998 -38.6499986052513 5.28388051316142 -46.1396984755993 -38.6499986052513 1.44030118826777 -49.9567091464996 -38.6499986052513 1.98223302140832 -50.7677681744099 -38.6499986052513 1.24999997206032 -48.9999987185001 -38.6499986052513 3.94999980926514 -42.1149991452694 -38.6499986052513 9.89354029297829 -50.4443384706974 -38.6499986052513 11.8938563391566 -51.1780008673668 -38.6499986052513 14.0000004321337 -51.5000000596046 -38.6499986052513 4.41520661115646 -44.1942065954208 -38.6499986052513 2.0000000949949 -1.04331329930574 -27.880048379302 3.25000006705523 0.350962218362838 -27.7645159512758 3.25000006705523 -1.04331329930574 -27.880048379302 2.0000000949949 0.350962218362838 -27.7645159512758 3.25000006705523 1.70720554888248 -28.1079635024071 2.0000000949949 1.70720554888248 -28.1079635024071 3.25000006705523 2.87844659760594 -28.873173519969 2.0000000949949 2.87844659760594 -28.873173519969 3.25000006705523 3.73776350170374 -29.977222904563 2.0000000949949 3.73776350170374 -29.977222904563 3.25000006705523 4.19203564524651 -31.3004739582539 2.0000000949949 4.19203564524651 -31.3004739582539 3.25000006705523 4.19203564524651 -32.6995253562927 2.0000000949949 4.19203564524651 -32.6995253562927 3.25000006705523 3.73776350170374 -34.0227782726288 2.0000000949949 3.73776350170374 -34.0227782726288 3.25000006705523 2.87844659760594 -35.1268276572227 2.0000000949949 2.87844659760594 -35.1268276572227 3.25000006705523 1.70720554888248 -35.8920358121395 2.0000000949949 1.70720554888248 -35.8920358121395 3.25000006705523 0.350962218362838 -36.2354852259159 2.0000000949949 0.350962218362838 -36.2354852259159 3.25000006705523 -1.04331329930574 -36.1199527978897 2.0000000949949 -1.04331329930574 -36.1199527978897 3.25000006705523 -2.32452969066799 -35.557959228754 2.0000000949949 -2.32452969066799 -35.557959228754 3.25000006705523 -3.35384719073772 -34.6104055643082 2.0000000949949 -4.01972327381372 -33.3799719810486 3.25000006705523 -4.250000230968 -32.0000015199184 3.25000006705523 -4.01972327381372 -33.3799719810486 2.0000000949949 -2.32452969066799 -28.4420419484377 3.25000006705523 -2.32452969066799 -28.4420419484377 2.0000000949949 -3.35384719073772 -34.6104055643082 2.0000000949949 -3.35384719073772 -29.3895956128836 3.25000006705523 -3.35384719073772 -29.3895956128836 2.0000000949949 -4.01972327381372 -30.620027333498 3.25000006705523 -4.01972327381372 -30.620027333498 2.0000000949949 -4.250000230968 -32.0000015199184 2.0000000949949 -4.250000230968 -23.0000000447035 3.25000006705523 -4.01972327381372 -21.6200277209282 3.25000006705523 -4.250000230968 -23.0000000447035 2.0000000949949 -4.01972327381372 -21.6200277209282 3.25000006705523 -3.35384719073772 -20.3895960003138 2.0000000949949 -3.35384719073772 -20.3895960003138 3.25000006705523 -2.32452969066799 -19.4420423358679 2.0000000949949 -2.32452969066799 -19.4420423358679 3.25000006705523 -1.04331329930574 -18.8800487667322 2.0000000949949 -1.04331329930574 -18.8800487667322 3.25000006705523 0.350962218362838 -18.764516338706 2.0000000949949 0.350962218362838 -18.764516338706 3.25000006705523 1.70720554888248 -19.1079638898373 2.0000000949949 1.70720554888248 -19.1079638898373 3.25000006705523 2.87844659760594 -19.8731739073992 2.0000000949949 2.87844659760594 -19.8731739073992 3.25000006705523 3.73776350170374 -20.9772232919931 2.0000000949949 3.73776350170374 -20.9772232919931 3.25000006705523 4.19203564524651 -22.3004724830389 2.0000000949949 4.19203564524651 -22.3004724830389 3.25000006705523 4.19203564524651 -23.6995276063681 2.0000000949949 4.19203564524651 -23.6995276063681 3.25000006705523 3.73776350170374 -25.0227767974138 2.0000000949949 3.73776350170374 -25.0227767974138 3.25000006705523 2.87844659760594 -26.1268261820078 2.0000000949949 2.87844659760594 -26.1268261820078 3.25000006705523 1.70720554888248 -26.8920361995697 2.0000000949949 1.70720554888248 -26.8920361995697 3.25000006705523 0.350962218362838 -27.235483750701 2.0000000949949 0.350962218362838 -27.235483750701 3.25000006705523 -1.04331329930574 -27.1199513226748 2.0000000949949 -1.04331329930574 -27.1199513226748 3.25000006705523 -2.32452969066799 -26.5579577535391 2.0000000949949 -2.32452969066799 -26.5579577535391 3.25000006705523 -3.35384719073772 -25.6104040890932 2.0000000949949 -3.35384719073772 -25.6104040890932 3.25000006705523 -4.01972327381372 -24.3799723684788 2.0000000949949 -4.01972327381372 -24.3799723684788 2.0000000949949 -3.35384719073772 -11.3895963877439 3.25000006705523 -2.32452969066799 -10.4420427232981 3.25000006705523 -3.35384719073772 -11.3895963877439 2.0000000949949 -2.32452969066799 -10.4420427232981 3.25000006705523 -1.04331329930574 -9.88004915416241 2.0000000949949 -1.04331329930574 -9.88004915416241 3.25000006705523 0.350962218362838 -9.76451579481363 2.0000000949949 0.350962218362838 -9.76451579481363 3.25000006705523 1.70720554888248 -10.1079633459449 2.0000000949949 1.70720554888248 -10.1079633459449 3.25000006705523 2.87844659760594 -10.8731733635068 2.0000000949949 2.87844659760594 -10.8731733635068 3.25000006705523 3.73776350170374 -11.9772236794233 2.0000000949949 3.73776350170374 -11.9772236794233 3.25000006705523 4.19203564524651 -13.3004728704691 2.0000000949949 4.19203564524651 -13.3004728704691 3.25000006705523 4.19203564524651 -14.6995270624757 2.0000000949949 4.19203564524651 -14.6995270624757 3.25000006705523 3.73776350170374 -16.022777184844 2.0000000949949 3.73776350170374 -16.022777184844 3.25000006705523 2.87844659760594 -17.126826569438 2.0000000949949 -4.250000230968 -14.0000004321337 3.25000006705523 -4.01972327381372 -12.6200271770358 3.25000006705523 -4.250000230968 -14.0000004321337 2.0000000949949 -4.01972327381372 -12.6200271770358 2.0000000949949 2.87844659760594 -17.126826569438 3.25000006705523 1.70720554888248 -17.8920365869999 2.0000000949949 1.70720554888248 -17.8920365869999 3.25000006705523 0.350962218362838 -18.2354841381311 2.0000000949949 0.350962218362838 -18.2354841381311 3.25000006705523 -1.04331329930574 -18.1199517101049 2.0000000949949 -1.04331329930574 -18.1199517101049 3.25000006705523 -2.32452969066799 -17.5579581409693 2.0000000949949 -2.32452969066799 -17.5579581409693 3.25000006705523 -3.35384719073772 -16.6104044765234 2.0000000949949 -3.35384719073772 -16.6104044765234 3.25000006705523 -4.01972327381372 -15.379972755909 2.0000000949949 -4.01972327381372 -15.379972755909 3.25000006705523 -3.35384719073772 20.6104032695293 2.0000000949949 -4.01972327381372 19.3799734115601 2.0000000949949 -3.35384719073772 20.6104032695293 3.25000006705523 -2.32452969066799 21.5579569339752 2.0000000949949 -2.32452969066799 21.5579569339752 3.25000006705523 -1.04331329930574 22.1199505031109 2.0000000949949 -1.04331329930574 22.1199505031109 3.25000006705523 0.350962218362838 22.2354847937822 2.0000000949949 0.350962218362838 22.2354847937822 3.25000006705523 1.70720554888248 21.892037242651 2.0000000949949 1.70720554888248 21.892037242651 3.25000006705523 2.87844659760594 21.1268272250891 2.0000000949949 2.87844659760594 21.1268272250891 3.25000006705523 3.73776350170374 20.02277597785 2.0000000949949 3.73776350170374 20.02277597785 3.25000006705523 4.19203564524651 18.6995267868042 2.0000000949949 4.19203564524651 18.6995267868042 3.25000006705523 4.19203564524651 17.3004735261202 2.0000000949949 4.19203564524651 17.3004735261202 3.25000006705523 3.73776350170374 15.9772243350744 2.0000000949949 3.73776350170374 15.9772243350744 3.25000006705523 2.87844659760594 14.8731730878353 2.0000000949949 2.87844659760594 14.8731730878353 3.25000006705523 1.70720554888248 14.1079630702734 2.0000000949949 1.70720554888248 14.1079630702734 3.25000006705523 0.350962218362838 13.7645155191422 2.0000000949949 0.350962218362838 13.7645155191422 3.25000006705523 -1.04331329930574 13.8800488784909 2.0000000949949 -1.04331329930574 13.8800488784909 3.25000006705523 -2.32452969066799 14.4420424476266 2.0000000949949 -2.32452969066799 14.4420424476266 3.25000006705523 -3.35384719073772 15.3895961120725 2.0000000949949 -3.35384719073772 15.3895961120725 3.25000006705523 -4.01972327381372 16.6200269013643 2.0000000949949 -4.01972327381372 16.6200269013643 3.25000006705523 -4.250000230968 17.9999992251396 2.0000000949949 -4.250000230968 17.9999992251396 3.25000006705523 -4.01972327381372 19.3799734115601 2.0000000949949 -4.250000230968 8.99999961256981 3.25000006705523 -4.01972327381372 10.3799728676677 3.25000006705523 -4.250000230968 8.99999961256981 2.0000000949949 -4.01972327381372 10.3799728676677 3.25000006705523 -3.35384719073772 11.6104036569595 2.0000000949949 -3.35384719073772 11.6104036569595 3.25000006705523 -2.32452969066799 12.5579573214054 2.0000000949949 -2.32452969066799 12.5579573214054 3.25000006705523 -1.04331329930574 13.1199508905411 2.0000000949949 -1.04331329930574 13.1199508905411 3.25000006705523 0.350962218362838 13.2354842498899 2.0000000949949 0.350962218362838 13.2354842498899 3.25000006705523 1.70720554888248 12.8920366987586 2.0000000949949 1.70720554888248 12.8920366987586 3.25000006705523 2.87844659760594 12.1268266811967 2.0000000949949 2.87844659760594 12.1268266811967 3.25000006705523 3.73776350170374 11.0227763652802 2.0000000949949 3.73776350170374 11.0227763652802 3.25000006705523 4.19203564524651 9.69952717423439 2.0000000949949 4.19203564524651 9.69952717423439 3.25000006705523 4.19203564524651 8.3004729822278 2.0000000949949 4.19203564524651 8.3004729822278 3.25000006705523 3.73776350170374 6.97722379118204 2.0000000949949 3.73776350170374 6.97722379118204 3.25000006705523 2.87844659760594 5.8731734752655 2.0000000949949 2.87844659760594 5.8731734752655 3.25000006705523 1.70720554888248 5.10796345770359 2.0000000949949 0.350962218362838 4.76451590657234 3.25000006705523 -1.04331329930574 4.88004880025983 3.25000006705523 0.350962218362838 4.76451590657234 2.0000000949949 -1.04331329930574 4.88004880025983 3.25000006705523 -2.32452969066799 5.44204236939549 2.0000000949949 -2.32452969066799 5.44204236939549 3.25000006705523 -3.35384719073772 6.38959603384137 2.0000000949949 -3.35384719073772 6.38959603384137 3.25000006705523 -4.01972327381372 7.62002728879452 2.0000000949949 -4.01972327381372 7.62002728879452 2.0000000949949 1.70720554888248 5.10796345770359 3.25000006705523 2.87844659760594 -3.12682660296559 2.0000000949949 3.73776350170374 -2.0227765198797 2.0000000949949 2.87844659760594 -3.12682660296559 3.25000006705523 1.70720554888248 -3.89203662052751 2.0000000949949 1.70720554888248 -3.89203662052751 3.25000006705523 0.350962218362838 -4.23548417165875 2.0000000949949 0.350962218362838 -4.23548417165875 3.25000006705523 -1.04331329930574 -4.11995127797127 2.0000000949949 -1.04331329930574 -4.11995127797127 3.25000006705523 -2.32452969066799 -3.55795747600496 2.0000000949949 -2.32452969066799 -3.55795747600496 3.25000006705523 -3.35384719073772 -2.61040404438972 2.0000000949949 -3.35384719073772 -2.61040404438972 3.25000006705523 -4.01972327381372 -1.37997278943658 2.0000000949949 -4.01972327381372 -1.37997278943658 3.25000006705523 -4.250000230968 1.23995490515526E-15 2.0000000949949 -4.250000230968 1.16341443550965E-15 3.25000006705523 3.73776350170374 -2.0227765198797 2.0000000949949 4.19203564524651 -0.699527037795633 3.25000006705523 4.19203564524651 -0.699527037795633 2.0000000949949 4.19203564524651 0.699527037795633 3.25000006705523 4.19203564524651 0.699527037795633 2.0000000949949 3.73776350170374 2.0227765198797 3.25000006705523 3.73776350170374 2.0227765198797 2.0000000949949 2.87844659760594 3.12682660296559 3.25000006705523 2.87844659760594 3.12682660296559 2.0000000949949 1.70720554888248 3.89203662052751 3.25000006705523 1.70720554888248 3.89203662052751 2.0000000949949 0.350962218362838 4.23548417165875 3.25000006705523 0.350962218362838 4.23548417165875 2.0000000949949 -1.04331329930574 4.11995127797127 3.25000006705523 -1.04331329930574 4.11995127797127 2.0000000949949 -2.32452969066799 3.55795747600496 3.25000006705523 -2.32452969066799 3.55795747600496 2.0000000949949 -3.35384719073772 2.61040404438972 3.25000006705523 -3.35384719073772 2.61040404438972 2.0000000949949 -4.01972327381372 1.37997278943658 3.25000006705523 -4.01972327381372 1.37997278943658 0.899999984540045 3.15000000409782 17.9999992251396 2.0000000949949 4.19203564524651 18.6995267868042 0.899999984540045 3.10703809373081 18.5184720903635 0.899999984540045 2.9102205298841 19.2054528743029 2.0000000949949 3.73776350170374 20.02277597785 0.899999984540045 2.77034239843488 19.499234855175 0.899999984540045 2.22738645970821 20.2273856848478 2.0000000949949 2.87844659760594 21.1268272250891 0.899999984540045 2.13343696668744 20.31753025949 0.899999984540045 1.26534060109407 20.8846852183342 2.0000000949949 1.70720554888248 21.892037242651 2.0000000949949 4.19203564524651 17.3004735261202 0.899999984540045 2.9102205298841 16.7945474386215 2.0000000949949 3.73776350170374 15.9772243350744 0.899999984540045 3.10703809373081 17.4815263599157 0.899999984540045 2.22738645970821 15.7726127654314 2.0000000949949 2.87844659760594 14.8731730878353 0.899999984540045 2.77034239843488 16.5007654577494 0.899999984540045 2.13343696668744 15.6824700534344 2.0000000949949 1.70720554888248 14.1079630702734 0.899999984540045 1.20545283425599 15.0897791609168 0.899999984540045 1.26534060109407 15.1153141632676 2.0000000949949 0.350962218362838 13.7645155191422 0.899999984540045 -2.28389344093928E-15 14.8499999195337 0.899999984540045 0.260124943451956 14.8607585579157 2.0000000949949 -1.04331329930574 13.8800488784909 0.899999984540045 -1.20545283425599 15.0897791609168 0.899999984540045 -0.773279287386686 14.9463890120387 2.0000000949949 -2.32452969066799 14.4420424476266 0.899999984540045 -2.22738645970821 15.7726127654314 2.0000000949949 -3.35384719073772 15.3895961120725 0.899999984540045 -1.72288669273257 15.3629258275032 0.899999984540045 -2.9102205298841 16.7945474386215 2.0000000949949 -4.01972327381372 16.6200269013643 0.899999984540045 -2.48579261824489 16.0652305930853 0.899999984540045 -2.97932419925928 16.97719655931 2.0000000949949 -4.250000230968 17.9999992251396 0.899999984540045 -3.15000000409782 17.9999992251396 0.899999984540045 1.20545283425599 20.910220220685 2.0000000949949 0.350962218362838 22.2354847937822 0.899999984540045 -1.39704694663431E-15 21.1500003933907 0.899999984540045 0.260124943451956 21.1392417550087 2.0000000949949 -1.04331329930574 22.1199505031109 0.899999984540045 -1.20545283425599 20.910220220685 0.899999984540045 -0.773279287386686 21.0536103695631 2.0000000949949 -2.32452969066799 21.5579569339752 0.899999984540045 -2.22738645970821 20.2273856848478 0.899999984540045 -1.72288669273257 20.6370744854212 2.0000000949949 -3.35384719073772 20.6104032695293 0.899999984540045 -2.9102205298841 19.2054528743029 0.899999984540045 -2.48579261824489 19.9347697198391 2.0000000949949 -4.01972327381372 19.3799734115601 0.899999984540045 -2.97932419925928 19.0228037536144 0.899999984540045 3.15000000409782 8.99999961256981 2.0000000949949 4.19203564524651 9.69952717423439 0.899999984540045 3.10703809373081 9.51847340911627 0.899999984540045 2.9102205298841 10.2054532617331 2.0000000949949 3.73776350170374 11.0227763652802 0.899999984540045 2.77034239843488 10.4992343112826 0.899999984540045 2.22738645970821 11.227386072278 2.0000000949949 2.87844659760594 12.1268266811967 0.899999984540045 2.13343696668744 11.3175306469202 0.899999984540045 1.26534060109407 11.8846856057644 2.0000000949949 1.70720554888248 12.8920366987586 0.899999984540045 1.20545283425599 11.9102206081152 2.0000000949949 0.350962218362838 13.2354842498899 0.899999984540045 0.260124943451956 12.1392412111163 0.899999984540045 -2.5717727668279E-16 12.1499998494983 2.0000000949949 -1.04331329930574 13.1199508905411 0.899999984540045 -0.773279287386686 12.0536107569933 0.899999984540045 -1.20545283425599 11.9102206081152 2.0000000949949 -2.32452969066799 12.5579573214054 0.899999984540045 -1.72288669273257 11.6370739415288 0.899999984540045 -2.22738645970821 11.227386072278 2.0000000949949 -3.35384719073772 11.6104036569595 0.899999984540045 -2.48579261824489 10.9347701072693 0.899999984540045 -2.9102205298841 10.2054532617331 2.0000000949949 -4.01972327381372 10.3799728676677 0.899999984540045 -2.97932419925928 10.022803209722 0.899999984540045 -3.15000000409782 8.99999961256981 2.0000000949949 -4.250000230968 8.99999961256981 2.0000000949949 4.19203564524651 8.3004729822278 0.899999984540045 3.10703809373081 8.48152674734592 2.0000000949949 3.73776350170374 6.97722379118204 0.899999984540045 2.9102205298841 7.79454736039042 0.899999984540045 2.77034239843488 7.50076584517956 0.899999984540045 -2.97932419925928 7.97719694674015 2.0000000949949 -4.01972327381372 7.62002728879452 0.899999984540045 -2.9102205298841 7.79454736039042 2.0000000949949 -3.35384719073772 6.38959603384137 0.899999984540045 -2.48579261824489 7.06523004919291 0.899999984540045 -2.22738645970821 6.77261361852288 2.0000000949949 -2.32452969066799 5.44204236939549 0.899999984540045 -1.72288669273257 6.36292574927211 0.899999984540045 -1.20545283425599 6.089779548347 2.0000000949949 -1.04331329930574 4.88004880025983 0.899999984540045 -0.773279287386686 5.94638893380761 0.899999984540045 -1.1610833371459E-15 5.84999984130263 2.0000000949949 0.350962218362838 4.76451590657234 0.899999984540045 0.260124943451956 5.86075894534588 0.899999984540045 1.20545283425599 6.089779548347 2.0000000949949 1.70720554888248 5.10796345770359 0.899999984540045 1.26534060109407 6.11531408503652 0.899999984540045 2.13343696668744 6.68246950954199 2.0000000949949 2.87844659760594 5.8731734752655 0.899999984540045 2.22738645970821 6.77261361852288 0.899999984540045 -2.9102205298841 1.20545283425599 2.0000000949949 -3.35384719073772 2.61040404438972 2.0000000949949 -4.01972327381372 1.37997278943658 0.899999984540045 -2.22738645970821 2.22738645970821 0.899999984540045 -2.48579261824489 1.93477002903819 2.0000000949949 -2.32452969066799 3.55795747600496 0.899999984540045 -1.20545283425599 2.9102205298841 2.0000000949949 -1.04331329930574 4.11995127797127 0.899999984540045 -1.72288669273257 2.63707432895899 0.899999984540045 -1.946842596182E-16 3.15000000409782 2.0000000949949 0.350962218362838 4.23548417165875 0.899999984540045 -0.773279287386686 3.05361091159284 0.899999984540045 1.20545283425599 2.9102205298841 2.0000000949949 1.70720554888248 3.89203662052751 0.899999984540045 0.260124943451956 3.13924113288522 0.899999984540045 1.26534060109407 2.88468599319458 2.0000000949949 2.87844659760594 3.12682660296559 0.899999984540045 2.22738645970821 2.22738645970821 0.899999984540045 2.13343696668744 2.31753033585846 2.0000000949949 3.73776350170374 2.0227765198797 0.899999984540045 2.9102205298841 1.20545283425599 0.899999984540045 2.77034239843488 1.49923423305154 2.0000000949949 4.19203564524651 0.699527037795633 0.899999984540045 3.15000000409782 -3.43228565613952E-16 0.899999984540045 3.10703809373081 0.518472981639206 0.899999984540045 2.13343696668744 -2.31753033585846 2.0000000949949 1.70720554888248 -3.89203662052751 2.0000000949949 2.87844659760594 -3.12682660296559 2.0000000949949 4.19203564524651 -0.699527037795633 0.899999984540045 2.9102205298841 -1.20545283425599 2.0000000949949 3.73776350170374 -2.0227765198797 0.899999984540045 3.10703809373081 -0.518472981639206 0.899999984540045 2.22738645970821 -2.22738645970821 0.899999984540045 2.77034239843488 -1.49923423305154 0.899999984540045 -3.15000000409782 5.5109105316104E-17 2.0000000949949 -4.250000230968 1.16341443550965E-15 0.899999984540045 -2.97932419925928 1.02280336432159 0.899999984540045 -2.97932419925928 -1.02280336432159 2.0000000949949 -4.01972327381372 -1.37997278943658 0.899999984540045 -2.9102205298841 -1.20545283425599 2.0000000949949 -3.35384719073772 -2.61040404438972 0.899999984540045 -2.48579261824489 -1.93477002903819 0.899999984540045 -2.22738645970821 -2.22738645970821 2.0000000949949 -2.32452969066799 -3.55795747600496 0.899999984540045 -1.72288669273257 -2.63707432895899 0.899999984540045 -1.20545283425599 -2.9102205298841 2.0000000949949 -1.04331329930574 -4.11995127797127 0.899999984540045 -0.773279287386686 -3.05361091159284 0.899999984540045 -9.1338978958361E-16 -3.15000000409782 2.0000000949949 0.350962218362838 -4.23548417165875 0.899999984540045 0.260124943451956 -3.13924113288522 0.899999984540045 1.20545283425599 -2.9102205298841 0.899999984540045 1.26534060109407 -2.88468599319458 0.899999984540045 -3.15000000409782 -14.0000004321337 2.0000000949949 -4.01972327381372 -12.6200271770358 2.0000000949949 -4.250000230968 -14.0000004321337 2.0000000949949 0.350962218362838 -18.2354841381311 0.899999984540045 1.20545283425599 -16.9102214276791 0.899999984540045 0.260124943451956 -17.1392410993576 2.0000000949949 -1.04331329930574 -18.1199517101049 0.899999984540045 1.17049479136038E-15 -17.1499997377396 0.899999984540045 -0.773279287386686 -17.0536115765572 2.0000000949949 -2.32452969066799 -17.5579581409693 0.899999984540045 -1.20545283425599 -16.9102214276791 0.899999984540045 -1.72288669273257 -16.6370738297701 0.899999984540045 -2.97932419925928 -15.0228030979633 2.0000000949949 -4.01972327381372 -15.379972755909 0.899999984540045 -2.9102205298841 -15.2054531499743 2.0000000949949 -3.35384719073772 -16.6104044765234 0.899999984540045 -2.48579261824489 -15.9347709268332 0.899999984540045 -2.22738645970821 -16.2273868918419 2.0000000949949 2.87844659760594 -17.126826569438 0.899999984540045 2.22738645970821 -16.2273868918419 0.899999984540045 2.13343696668744 -16.3175296038389 2.0000000949949 3.73776350170374 -16.022777184844 0.899999984540045 2.9102205298841 -15.2054531499743 0.899999984540045 2.77034239843488 -15.4992341995239 2.0000000949949 4.19203564524651 -14.6995270624757 0.899999984540045 3.15000000409782 -14.0000004321337 0.899999984540045 3.10703809373081 -14.5184732973576 2.0000000949949 4.19203564524651 -13.3004728704691 0.899999984540045 2.9102205298841 -12.7945467829704 0.899999984540045 3.10703809373081 -13.4815266355872 2.0000000949949 3.73776350170374 -11.9772236794233 0.899999984540045 2.22738645970821 -11.7726139724255 0.899999984540045 2.77034239843488 -12.5007657334208 2.0000000949949 2.87844659760594 -10.8731733635068 0.899999984540045 1.26534060109407 -11.1153144389391 0.899999984540045 2.13343696668744 -11.6824693977833 2.0000000949949 1.70720554888248 -10.1079633459449 0.899999984540045 1.20545283425599 -11.0897794365883 2.0000000949949 0.350962218362838 -9.76451579481363 0.899999984540045 2.34490793728242E-15 -10.8500001952052 0.899999984540045 0.260124943451956 -10.8607588335872 2.0000000949949 -1.04331329930574 -9.88004915416241 0.899999984540045 -1.20545283425599 -11.0897794365883 0.899999984540045 -0.773279287386686 -10.9463892877102 2.0000000949949 -2.32452969066799 -10.4420427232981 0.899999984540045 -2.22738645970821 -11.7726139724255 0.899999984540045 -1.72288669273257 -11.3629251718521 2.0000000949949 -3.35384719073772 -11.3895963877439 0.899999984540045 -2.9102205298841 -12.7945467829704 0.899999984540045 -2.48579261824489 -12.0652299374342 0.899999984540045 -2.97932419925928 -12.9771968349814 2.0000000949949 1.70720554888248 -17.8920365869999 0.899999984540045 1.26534060109407 -16.8846864253283 2.0000000949949 2.87844659760594 -26.1268261820078 0.899999984540045 2.22738645970821 -25.2273865044117 0.899999984540045 2.13343696668744 -25.3175310790539 0.899999984540045 -2.9102205298841 -24.2054536938667 2.0000000949949 -3.35384719073772 -25.6104040890932 0.899999984540045 -2.48579261824489 -24.934770539403 2.0000000949949 -4.01972327381372 -24.3799723684788 0.899999984540045 -2.22738645970821 -25.2273865044117 2.0000000949949 -2.32452969066799 -26.5579577535391 0.899999984540045 -1.72288669273257 -25.637075304985 0.899999984540045 -1.20545283425599 -25.9102210402489 2.0000000949949 -1.04331329930574 -27.1199513226748 0.899999984540045 -0.773279287386686 -26.053611189127 0.899999984540045 2.18082011917028E-15 -26.1499993503094 2.0000000949949 0.350962218362838 -27.235483750701 0.899999984540045 0.260124943451956 -26.1392407119274 0.899999984540045 1.20545283425599 -25.9102210402489 2.0000000949949 1.70720554888248 -26.8920361995697 0.899999984540045 1.26534060109407 -25.8846860378981 2.0000000949949 3.73776350170374 -25.0227767974138 0.899999984540045 2.77034239843488 -24.4992338120937 0.899999984540045 2.9102205298841 -24.2054536938667 2.0000000949949 4.19203564524651 -23.6995276063681 0.899999984540045 3.10703809373081 -23.5184729099274 0.899999984540045 3.15000000409782 -23.0000000447035 2.0000000949949 4.19203564524651 -22.3004724830389 0.899999984540045 3.10703809373081 -22.4815271794796 0.899999984540045 2.9102205298841 -21.7945463955402 2.0000000949949 3.73776350170374 -20.9772232919931 0.899999984540045 2.77034239843488 -21.5007662773132 0.899999984540045 2.22738645970821 -20.7726135849953 2.0000000949949 2.87844659760594 -19.8731739073992 0.899999984540045 2.13343696668744 -20.6824690103531 0.899999984540045 1.26534060109407 -20.1153140515089 2.0000000949949 1.70720554888248 -19.1079638898373 0.899999984540045 1.20545283425599 -20.0897790491581 2.0000000949949 0.350962218362838 -18.764516338706 0.899999984540045 0.260124943451956 -19.8607593774796 0.899999984540045 3.15660207440723E-15 -19.8500007390976 2.0000000949949 -1.04331329930574 -18.8800487667322 0.899999984540045 -0.773279287386686 -19.94638890028 0.899999984540045 -1.20545283425599 -20.0897790491581 2.0000000949949 -2.32452969066799 -19.4420423358679 0.899999984540045 -1.72288669273257 -20.3629247844219 0.899999984540045 -2.22738645970821 -20.7726135849953 2.0000000949949 -3.35384719073772 -20.3895960003138 0.899999984540045 -2.48579261824489 -21.065229550004 0.899999984540045 -2.9102205298841 -21.7945463955402 2.0000000949949 -4.01972327381372 -21.6200277209282 0.899999984540045 -2.97932419925928 -21.9771973788738 0.899999984540045 -3.15000000409782 -23.0000000447035 2.0000000949949 -4.250000230968 -23.0000000447035 0.899999984540045 -2.97932419925928 -24.0228027105331 2.0000000949949 -4.01972327381372 -33.3799719810486 0.899999984540045 -2.9102205298841 -33.2054533064365 0.899999984540045 -2.97932419925928 -33.022802323103 2.0000000949949 -3.35384719073772 -34.6104055643082 0.899999984540045 -2.48579261824489 -33.9347682893276 0.899999984540045 -2.22738645970821 -34.2273861169815 2.0000000949949 -2.32452969066799 -35.557959228754 0.899999984540045 -1.72288669273257 -34.6370749175549 0.899999984540045 -1.20545283425599 -34.9102206528187 2.0000000949949 -1.04331329930574 -36.1199527978897 0.899999984540045 -0.773279287386686 -35.0536108016968 0.899999984540045 2.22738645970821 -29.7726131975651 2.0000000949949 2.87844659760594 -28.873173519969 0.899999984540045 2.13343696668744 -29.682470485568 0.899999984540045 1.26534060109407 -29.1153136640787 2.0000000949949 1.70720554888248 -28.1079635024071 0.899999984540045 3.15000000409782 -32.0000015199184 2.0000000949949 4.19203564524651 -31.3004739582539 0.899999984540045 3.10703809373081 -31.4815267920494 2.0000000949949 4.19203564524651 -32.6995253562927 2.0000000949949 -4.250000230968 -32.0000015199184 0.899999984540045 -3.15000000409782 -32.0000015199184 0.899999984540045 2.9102205298841 -33.2054533064365 2.0000000949949 3.73776350170374 -34.0227782726288 0.899999984540045 3.10703809373081 -32.5184725224972 0.899999984540045 2.22738645970821 -34.2273861169815 2.0000000949949 2.87844659760594 -35.1268276572227 0.899999984540045 2.77034239843488 -33.4992334246635 0.899999984540045 2.13343696668744 -34.3175306916237 2.0000000949949 1.70720554888248 -35.8920358121395 0.899999984540045 1.20545283425599 -29.0897786617279 2.0000000949949 0.350962218362838 -27.7645159512758 0.899999984540045 0.260124943451956 -28.8607589900494 0.899999984540045 4.13238423643934E-15 -28.8500003516674 2.0000000949949 -1.04331329930574 -27.880048379302 0.899999984540045 -0.773279287386686 -28.9463885128498 0.899999984540045 -1.20545283425599 -29.0897786617279 2.0000000949949 -2.32452969066799 -28.4420419484377 0.899999984540045 -1.72288669273257 -29.3629262596369 0.899999984540045 -2.22738645970821 -29.7726131975651 2.0000000949949 -3.35384719073772 -29.3895956128836 0.899999984540045 -2.48579261824489 -30.0652291625738 0.899999984540045 -2.9102205298841 -30.7945478707552 2.0000000949949 -4.01972327381372 -30.620027333498 0.899999984540045 -2.97932419925928 -30.9771969914436 2.0000000949949 3.73776350170374 -29.977222904563 0.899999984540045 2.77034239843488 -30.500765889883 0.899999984540045 2.9102205298841 -30.7945478707552 0.899999984540045 1.26534060109407 -34.884687513113 2.0000000949949 0.350962218362838 -36.2354852259159 0.899999984540045 1.20545283425599 -34.9102206528187 0.899999984540045 0.260124943451956 -35.1392403244972 0.899999984540045 3.04924354347489E-15 -35.1499989628792 23.4999991953373 -52.7499988675117 32.9999998211861 23.4999991953373 -51.5000000596046 -46.9999983906746 23.4999991953373 -51.5000000596046 32.9999998211861 23.4999991953373 -52.7499988675117 -46.9999983906746 22.2709123045206 -53.4499995410442 -7.92944617569447 22.5000008940697 -52.7499988675117 -7.00000021606684 22.5000008940697 -53.4499995410442 -7.00000021606684 22.2709123045206 -52.7499988675117 -7.92944617569447 21.6361302882433 -52.7499988675117 -8.64596758037806 20.7410734146833 -53.4499995410442 -8.98541789501905 20.7410734146833 -52.7499988675117 -8.98541789501905 19.7907909750938 -53.4499995410442 -8.87003261595964 19.7907909750938 -52.7499988675117 -8.87003261595964 19.002977758646 -53.4499995410442 -8.32624547183514 19.002977758646 -52.7499988675117 -8.32624547183514 18.5581166297197 -53.4499995410442 -7.47863110154867 18.5581166297197 -52.7499988675117 -7.47863110154867 18.5581166297197 -53.4499995410442 -6.52136886492372 18.5000002384186 -52.7499988675117 -7.00000021606684 18.5000002384186 -53.4499995410442 -7.00000021606684 18.5581166297197 -52.7499988675117 -6.52136886492372 19.002977758646 -53.4499995410442 -5.67375449463725 19.002977758646 -52.7499988675117 -5.67375449463725 19.7907909750938 -53.4499995410442 -5.12996735051274 19.7907909750938 -52.7499988675117 -5.12996735051274 20.7410734146833 -53.4499995410442 -5.01458207145333 20.7410734146833 -52.7499988675117 -5.01458207145333 21.6361302882433 -53.4499995410442 -5.35403238609433 21.6361302882433 -52.7499988675117 -5.35403238609433 22.2709123045206 -53.4499995410442 -6.07055379077792 22.2709123045206 -52.7499988675117 -6.07055379077792 21.6361302882433 -53.4499995410442 -8.64596758037806 20.5000005662441 -53.4499995410442 -7.00000021606684 18.5000002384186 -53.4499995410442 -7.00000021606684 18.5581166297197 -53.4499995410442 -7.47863110154867 18.5581166297197 -53.4499995410442 -6.52136886492372 19.002977758646 -53.4499995410442 -5.67375449463725 19.7907909750938 -53.4499995410442 -5.12996735051274 20.7410734146833 -53.4499995410442 -5.01458207145333 21.6361302882433 -53.4499995410442 -5.35403238609433 22.2709123045206 -53.4499995410442 -6.07055379077792 22.5000008940697 -53.4499995410442 -7.00000021606684 22.2709123045206 -53.4499995410442 -7.92944617569447 21.6361302882433 -53.4499995410442 -8.64596758037806 20.7410734146833 -53.4499995410442 -8.98541789501905 19.7907909750938 -53.4499995410442 -8.87003261595964 19.002977758646 -53.4499995410442 -8.32624547183514 9.4999996945262 -52.7499988675117 -7.00000021606684 9.55811608582735 -53.4499995410442 -6.52136886492372 9.55811608582735 -52.7499988675117 -6.52136886492372 9.55811608582735 -53.4499995410442 -7.47863110154867 10.0029781460762 -52.7499988675117 -8.32624547183514 10.0029781460762 -53.4499995410442 -8.32624547183514 10.7907904312015 -52.7499988675117 -8.87003261595964 10.7907904312015 -53.4499995410442 -8.87003261595964 11.7410738021135 -52.7499988675117 -8.98541789501905 11.7410738021135 -53.4499995410442 -8.98541789501905 12.6361297443509 -52.7499988675117 -8.64596758037806 12.6361297443509 -53.4499995410442 -8.64596758037806 13.2709117606282 -52.7499988675117 -7.92944617569447 13.2709117606282 -53.4499995410442 -7.92944617569447 13.5000003501773 -52.7499988675117 -7.00000021606684 13.5000003501773 -53.4499995410442 -7.00000021606684 9.4999996945262 -53.4499995410442 -7.00000021606684 9.55811608582735 -52.7499988675117 -7.47863110154867 10.0029781460762 -53.4499995410442 -5.67375449463725 10.7907904312015 -53.4499995410442 -5.12996735051274 10.0029781460762 -52.7499988675117 -5.67375449463725 11.7410738021135 -53.4499995410442 -5.01458207145333 10.7907904312015 -52.7499988675117 -5.12996735051274 12.6361297443509 -53.4499995410442 -5.35403238609433 11.7410738021135 -52.7499988675117 -5.01458207145333 13.2709117606282 -53.4499995410442 -6.07055379077792 12.6361297443509 -52.7499988675117 -5.35403238609433 13.2709117606282 -52.7499988675117 -6.07055379077792 11.5000000223517 -53.4499995410442 -7.00000021606684 10.0029781460762 -53.4499995410442 -8.32624547183514 10.7907904312015 -53.4499995410442 -8.87003261595964 11.7410738021135 -53.4499995410442 -8.98541789501905 12.6361297443509 -53.4499995410442 -8.64596758037806 13.2709117606282 -53.4499995410442 -7.92944617569447 13.5000003501773 -53.4499995410442 -7.00000021606684 13.2709117606282 -53.4499995410442 -6.07055379077792 12.6361297443509 -53.4499995410442 -5.35403238609433 11.7410738021135 -53.4499995410442 -5.01458207145333 10.7907904312015 -53.4499995410442 -5.12996735051274 10.0029781460762 -53.4499995410442 -5.67375449463725 9.55811608582735 -53.4499995410442 -6.52136886492372 9.4999996945262 -53.4499995410442 -7.00000021606684 9.55811608582735 -53.4499995410442 -7.47863110154867 1.24999997206032 -29.9999993294477 8.24999995529652 0 -28.881473466754 8.48774984478951 0 -29.9999993294477 8.24999995529652 1.24999997206032 -27.9563516378403 9.15989093482494 0 -27.3845940828323 10.1502034813166 0 -27.9563516378403 9.15989093482494 1.24999997206032 -28.881473466754 8.48774984478951 1.24999997206032 -27.3845940828323 10.1502034813166 0 -27.2650644183159 11.287453584373 1.24999997206032 -27.2650644183159 11.287453584373 0 -27.6184305548668 12.3749999329448 1.24999997206032 -27.6184305548668 12.3749999329448 0 -28.3835902810097 13.2247963920236 1.24999997206032 -28.3835902810097 13.2247963920236 0 -29.428243637085 13.6899063363671 1.24999997206032 -29.428243637085 13.6899063363671 0 -30.5717568844557 13.6899063363671 1.24999997206032 -30.5717568844557 13.6899063363671 0 -31.6164083778858 13.2247963920236 1.24999997206032 -31.6164083778858 13.2247963920236 0 -32.3815681040287 12.3749999329448 1.24999997206032 -32.3815681040287 12.3749999329448 0 -32.7349342405796 11.287453584373 1.24999997206032 -32.7499993145466 10.9999999403954 0 -32.6154045760632 10.1502034813166 1.24999997206032 -32.7349342405796 11.287453584373 1.24999997206032 -32.6154045760632 10.1502034813166 0 -32.0436470210552 9.15989093482494 1.24999997206032 -32.0436470210552 9.15989093482494 0 -31.1185251921415 8.48774984478951 1.24999997206032 -31.1185251921415 8.48774984478951 0 -29.428243637085 -22.3100949078798 1.24999997206032 -28.3835902810097 -22.7752029895782 1.24999997206032 -29.428243637085 -22.3100949078798 0 -28.3835902810097 -22.7752029895782 1.24999997206032 -27.6184305548668 -23.624999448657 0 -27.6184305548668 -23.624999448657 1.24999997206032 -27.2650644183159 -24.7125457972288 0 -27.2650644183159 -24.7125457972288 1.24999997206032 -27.3845940828323 -25.8497968316078 0 -27.3845940828323 -25.8497968316078 1.24999997206032 -27.9563516378403 -26.8401093780994 0 -27.9563516378403 -26.8401093780994 1.24999997206032 -28.881473466754 -27.5122504681349 1.24999997206032 -32.3815681040287 -23.624999448657 0 -32.7349342405796 -24.7125457972288 0 -32.3815681040287 -23.624999448657 1.24999997206032 -32.7499993145466 -25.000000372529 0 -32.6154045760632 -25.8497968316078 0 -28.881473466754 -27.5122504681349 1.24999997206032 -29.9999993294477 -27.7500003576279 1.24999997206032 -30.5717568844557 -22.3100949078798 0 -31.6164083778858 -22.7752029895782 0 -30.5717568844557 -22.3100949078798 1.24999997206032 -32.7349342405796 -24.7125457972288 1.24999997206032 -32.6154045760632 -25.8497968316078 0 -32.0436470210552 -26.8401093780994 1.24999997206032 -32.0436470210552 -26.8401093780994 0 -31.1185251921415 -27.5122504681349 1.24999997206032 -31.1185251921415 -27.5122504681349 0 -29.9999993294477 -27.7500003576279 1.24999997206032 -31.6164083778858 -22.7752029895782</float_array><technique_common><accessor count="1808" source="#bau0128547867-2-mesh-positions-array" stride="3"><param name="X" type="float" /><param name="Y" type="float" /><param name="Z" type="float" /></accessor></technique_common></source><source id="bau0128547867-2-mesh-normals"><float_array id="bau0128547867-2-mesh-normals-array" count="5424">1.09331313679886E-16 1 -2.44929370517034E-16 6.8838235274459E-17 0.945817232131958 -0.324699461460114 1.09331313679886E-16 1 -2.44929370517034E-16 1.2444156751318E-16 0.923879504203796 -0.382683426141739 6.8838235274459E-17 0.789140522480011 -0.614212691783905 1.2444156751318E-16 0.923879504203796 -0.382683426141739 1.20606718488714E-16 0.70710676908493 -0.70710676908493 3.44191176372295E-17 0.546948134899139 -0.837166488170624 1.20606718488714E-16 0.70710676908493 -0.70710676908493 9.84105840653851E-17 0.382683426141739 -0.923879504203796 3.44191176372295E-17 0.245485484600067 -0.9694002866745 9.84105840653851E-17 0.382683426141739 -0.923879504203796 6.12323426292584E-17 -1.83697014652885E-16 -1 0 -0.0825793445110321 -0.996584475040436 6.12323426292584E-17 -1.83697014652885E-16 -1 1.47320238438429E-17 -0.382683426141739 -0.923879504203796 -3.44191176372295E-17 -0.401695430278778 -0.915773332118988 1.47320238438429E-17 -0.382683426141739 -0.923879504203796 -3.40111091457265E-17 -0.70710676908493 -0.70710676908493 -1.37676470548918E-16 -0.879473745822906 -0.475947380065918 -1.03257352911688E-16 -0.70710676908493 -0.70710676908493 -7.75763595072324E-17 -0.923879504203796 -0.382683426141739 -1.72095588186147E-16 -0.98636132478714 -0.16459459066391 -7.75763595072324E-17 -0.923879504203796 -0.382683426141739 -1.09331313679886E-16 -1 1.22464685258517E-16 -1.72095588186147E-16 -0.98636132478714 0.16459459066391 -1.09331313679886E-16 -1 1.22464685258517E-16 -1.2444156751318E-16 -0.923879504203796 0.382683426141739 -2.06514705823377E-16 -0.879473745822906 0.475947380065918 -1.2444156751318E-16 -0.923879504203796 0.382683426141739 -1.20606718488714E-16 -0.70710676908493 0.70710676908493 -1.72095588186147E-16 -0.677281558513641 0.735723912715912 -1.20606718488714E-16 -0.70710676908493 0.70710676908493 -9.84105840653851E-17 -0.382683426141739 0.923879504203796 -1.37676470548918E-16 -0.0825793445110321 0.996584475040436 -1.72095588186147E-16 -0.382683426141739 0.923879504203796 -6.12323426292584E-17 6.12323426292584E-17 1 -1.03257352911688E-16 0.245485484600067 0.9694002866745 -6.12323426292584E-17 6.12323426292584E-17 1 -1.47320238438429E-17 0.382683426141739 0.923879504203796 -3.44191176372295E-17 0.546948134899139 0.837166488170624 -1.47320238438429E-17 0.382683426141739 0.923879504203796 3.40111091457265E-17 0.70710676908493 0.70710676908493 0 0.789140522480011 0.614212691783905 3.40111091457265E-17 0.70710676908493 0.70710676908493 7.75763595072324E-17 0.923879504203796 0.382683426141739 0 0.945817232131958 0.324699461460114 7.75763595072324E-17 0.923879504203796 0.382683426141739 -1.72095588186147E-16 -0.401695430278778 0.915773332118988 -1.03257352911688E-16 -0.677281558513641 -0.735723912715912 1.09331313679886E-16 1 -2.44929370517034E-16 6.8838235274459E-17 0.945817232131958 -0.324699461460114 1.09331313679886E-16 1 -2.44929370517034E-16 1.2444156751318E-16 0.923879504203796 -0.382683426141739 6.8838235274459E-17 0.789140522480011 -0.614212691783905 1.2444156751318E-16 0.923879504203796 -0.382683426141739 1.20606718488714E-16 0.70710676908493 -0.70710676908493 3.44191176372295E-17 0.546948134899139 -0.837166488170624 1.20606718488714E-16 0.70710676908493 -0.70710676908493 9.84105840653851E-17 0.382683426141739 -0.923879504203796 3.44191176372295E-17 0.245485484600067 -0.9694002866745 9.84105840653851E-17 0.382683426141739 -0.923879504203796 6.12323426292584E-17 -1.83697014652885E-16 -1 0 -0.0825793445110321 -0.996584475040436 6.12323426292584E-17 -1.83697014652885E-16 -1 1.47320238438429E-17 -0.382683426141739 -0.923879504203796 -3.44191176372295E-17 -0.401695430278778 -0.915773332118988 1.47320238438429E-17 -0.382683426141739 -0.923879504203796 -3.40111091457265E-17 -0.70710676908493 -0.70710676908493 -1.37676470548918E-16 -0.879473745822906 -0.475947380065918 -1.03257352911688E-16 -0.70710676908493 -0.70710676908493 -7.75763595072324E-17 -0.923879504203796 -0.382683426141739 -1.72095588186147E-16 -0.98636132478714 -0.16459459066391 -7.75763595072324E-17 -0.923879504203796 -0.382683426141739 -1.09331313679886E-16 -1 1.22464685258517E-16 -1.72095588186147E-16 -0.98636132478714 0.16459459066391 -1.09331313679886E-16 -1 1.22464685258517E-16 -1.2444156751318E-16 -0.923879504203796 0.382683426141739 -2.06514705823377E-16 -0.879473745822906 0.475947380065918 -1.2444156751318E-16 -0.923879504203796 0.382683426141739 -1.20606718488714E-16 -0.70710676908493 0.70710676908493 -1.72095588186147E-16 -0.677281558513641 0.735723912715912 -1.20606718488714E-16 -0.70710676908493 0.70710676908493 -9.84105840653851E-17 -0.382683426141739 0.923879504203796 -1.37676470548918E-16 -0.0825793445110321 0.996584475040436 -1.72095588186147E-16 -0.382683426141739 0.923879504203796 -6.12323426292584E-17 6.12323426292584E-17 1 -1.03257352911688E-16 0.245485484600067 0.9694002866745 -6.12323426292584E-17 6.12323426292584E-17 1 -1.47320238438429E-17 0.382683426141739 0.923879504203796 -3.44191176372295E-17 0.546948134899139 0.837166488170624 -1.47320238438429E-17 0.382683426141739 0.923879504203796 3.40111091457265E-17 0.70710676908493 0.70710676908493 0 0.789140522480011 0.614212691783905 3.40111091457265E-17 0.70710676908493 0.70710676908493 -1.03257352911688E-16 -0.677281558513641 -0.735723912715912 -1.72095588186147E-16 -0.401695430278778 0.915773332118988 7.75763595072324E-17 0.923879504203796 0.382683426141739 7.75763595072324E-17 0.923879504203796 0.382683426141739 0 0.945817232131958 0.324699461460114 3.44191176372295E-17 0.546948134899139 -0.837166488170624 9.84105840653851E-17 0.382683426141739 -0.923879504203796 9.84105840653851E-17 0.382683426141739 -0.923879504203796 1.20606718488714E-16 0.70710676908493 -0.70710676908493 6.8838235274459E-17 0.789140522480011 -0.614212691783905 1.20606718488714E-16 0.70710676908493 -0.70710676908493 1.2444156751318E-16 0.923879504203796 -0.382683426141739 6.8838235274459E-17 0.945817232131958 -0.324699461460114 1.2444156751318E-16 0.923879504203796 -0.382683426141739 1.09331313679886E-16 1 -2.44929370517034E-16 3.44191176372295E-17 0.245485484600067 -0.9694002866745 6.12323426292584E-17 -1.83697014652885E-16 -1 6.12323426292584E-17 -1.83697014652885E-16 -1 0 -0.0825793445110321 -0.996584475040436 1.47320238438429E-17 -0.382683426141739 -0.923879504203796 1.47320238438429E-17 -0.382683426141739 -0.923879504203796 -1.03257352911688E-16 -0.677281558513641 -0.735723912715912 -3.40111091457265E-17 -0.70710676908493 -0.70710676908493 -3.44191176372295E-17 -0.401695430278778 -0.915773332118988 -1.03257352911688E-16 -0.70710676908493 -0.70710676908493 -1.37676470548918E-16 -0.879473745822906 -0.475947380065918 -7.75763595072324E-17 -0.923879504203796 -0.382683426141739 -7.75763595072324E-17 -0.923879504203796 -0.382683426141739 -1.72095588186147E-16 -0.98636132478714 -0.16459459066391 -1.09331313679886E-16 -1 1.22464685258517E-16 -1.09331313679886E-16 -1 1.22464685258517E-16 -1.72095588186147E-16 -0.98636132478714 0.16459459066391 -1.2444156751318E-16 -0.923879504203796 0.382683426141739 -1.2444156751318E-16 -0.923879504203796 0.382683426141739 -2.06514705823377E-16 -0.879473745822906 0.475947380065918 -1.20606718488714E-16 -0.70710676908493 0.70710676908493 -1.20606718488714E-16 -0.70710676908493 0.70710676908493 -1.72095588186147E-16 -0.677281558513641 0.735723912715912 -9.84105840653851E-17 -0.382683426141739 0.923879504203796 -1.72095588186147E-16 -0.401695430278778 0.915773332118988 -1.72095588186147E-16 -0.382683426141739 0.923879504203796 -1.37676470548918E-16 -0.0825793445110321 0.996584475040436 -6.12323426292584E-17 6.12323426292584E-17 1 -6.12323426292584E-17 6.12323426292584E-17 1 -1.03257352911688E-16 0.245485484600067 0.9694002866745 -1.47320238438429E-17 0.382683426141739 0.923879504203796 -1.47320238438429E-17 0.382683426141739 0.923879504203796 -3.44191176372295E-17 0.546948134899139 0.837166488170624 3.40111091457265E-17 0.70710676908493 0.70710676908493 3.40111091457265E-17 0.70710676908493 0.70710676908493 0 0.789140522480011 0.614212691783905 7.75763595072324E-17 0.923879504203796 0.382683426141739 7.75763595072324E-17 0.923879504203796 0.382683426141739 0 0.945817232131958 0.324699461460114 1.09331313679886E-16 1 -2.44929370517034E-16 -1.37676470548918E-16 -0.879473745822906 -0.475947380065918 -3.40111091457265E-17 -0.70710676908493 -0.70710676908493 -7.75763595072324E-17 -0.923879504203796 -0.382683426141739 -1.03257352911688E-16 -0.677281558513641 -0.735723912715912 -1.03257352911688E-16 -0.70710676908493 -0.70710676908493 1.47320238438429E-17 -0.382683426141739 -0.923879504203796 -3.44191176372295E-17 -0.401695430278778 -0.915773332118988 0 -0.0825793445110321 -0.996584475040436 6.12323426292584E-17 -1.83697014652885E-16 -1 1.47320238438429E-17 -0.382683426141739 -0.923879504203796 3.44191176372295E-17 0.245485484600067 -0.9694002866745 9.84105840653851E-17 0.382683426141739 -0.923879504203796 6.12323426292584E-17 -1.83697014652885E-16 -1 3.44191176372295E-17 0.546948134899139 -0.837166488170624 9.84105840653851E-17 0.382683426141739 -0.923879504203796 1.20606718488714E-16 0.70710676908493 -0.70710676908493 6.8838235274459E-17 0.789140522480011 -0.614212691783905 1.20606718488714E-16 0.70710676908493 -0.70710676908493 1.2444156751318E-16 0.923879504203796 -0.382683426141739 6.8838235274459E-17 0.945817232131958 -0.324699461460114 1.2444156751318E-16 0.923879504203796 -0.382683426141739 -1.72095588186147E-16 -0.98636132478714 0.16459459066391 -1.2444156751318E-16 -0.923879504203796 0.382683426141739 -1.2444156751318E-16 -0.923879504203796 0.382683426141739 -1.09331313679886E-16 -1 1.22464685258517E-16 -2.06514705823377E-16 -0.879473745822906 0.475947380065918 -1.20606718488714E-16 -0.70710676908493 0.70710676908493 -1.20606718488714E-16 -0.70710676908493 0.70710676908493 -1.72095588186147E-16 -0.677281558513641 0.735723912715912 -9.84105840653851E-17 -0.382683426141739 0.923879504203796 -1.72095588186147E-16 -0.401695430278778 0.915773332118988 -1.72095588186147E-16 -0.382683426141739 0.923879504203796 -1.72095588186147E-16 -0.98636132478714 -0.16459459066391 -1.09331313679886E-16 -1 1.22464685258517E-16 -1.37676470548918E-16 -0.0825793445110321 0.996584475040436 -6.12323426292584E-17 6.12323426292584E-17 1 -6.12323426292584E-17 6.12323426292584E-17 1 -7.75763595072324E-17 -0.923879504203796 -0.382683426141739 -1.03257352911688E-16 0.245485484600067 0.9694002866745 -1.47320238438429E-17 0.382683426141739 0.923879504203796 -1.47320238438429E-17 0.382683426141739 0.923879504203796 -3.44191176372295E-17 0.546948134899139 0.837166488170624 3.40111091457265E-17 0.70710676908493 0.70710676908493 3.40111091457265E-17 0.70710676908493 0.70710676908493 0 0.789140522480011 0.614212691783905 7.75763595072324E-17 0.923879504203796 0.382683426141739 7.75763595072324E-17 0.923879504203796 0.382683426141739 0 0.945817232131958 0.324699461460114 1.09331313679886E-16 1 -2.44929370517034E-16 1.09331313679886E-16 1 -2.44929370517034E-16 6.8838235274459E-17 0.945817232131958 -0.324699461460114 1.09331313679886E-16 1 -2.44929370517034E-16 1.2444156751318E-16 0.923879504203796 -0.382683426141739 6.8838235274459E-17 0.789140522480011 -0.614212691783905 1.2444156751318E-16 0.923879504203796 -0.382683426141739 1.20606718488714E-16 0.70710676908493 -0.70710676908493 3.44191176372295E-17 0.546948134899139 -0.837166488170624 1.20606718488714E-16 0.70710676908493 -0.70710676908493 9.84105840653851E-17 0.382683426141739 -0.923879504203796 3.44191176372295E-17 0.245485484600067 -0.9694002866745 9.84105840653851E-17 0.382683426141739 -0.923879504203796 6.12323426292584E-17 -1.83697014652885E-16 -1 0 -0.0825793445110321 -0.996584475040436 6.12323426292584E-17 -1.83697014652885E-16 -1 1.47320238438429E-17 -0.382683426141739 -0.923879504203796 -3.44191176372295E-17 -0.401695430278778 -0.915773332118988 1.47320238438429E-17 -0.382683426141739 -0.923879504203796 -3.40111091457265E-17 -0.70710676908493 -0.70710676908493 -1.37676470548918E-16 -0.879473745822906 -0.475947380065918 -1.03257352911688E-16 -0.70710676908493 -0.70710676908493 -7.75763595072324E-17 -0.923879504203796 -0.382683426141739 -1.72095588186147E-16 -0.98636132478714 -0.16459459066391 -7.75763595072324E-17 -0.923879504203796 -0.382683426141739 -1.09331313679886E-16 -1 1.22464685258517E-16 -1.72095588186147E-16 -0.98636132478714 0.16459459066391 -1.09331313679886E-16 -1 1.22464685258517E-16 -1.2444156751318E-16 -0.923879504203796 0.382683426141739 -2.06514705823377E-16 -0.879473745822906 0.475947380065918 -1.2444156751318E-16 -0.923879504203796 0.382683426141739 -1.20606718488714E-16 -0.70710676908493 0.70710676908493 -1.72095588186147E-16 -0.677281558513641 0.735723912715912 -1.20606718488714E-16 -0.70710676908493 0.70710676908493 -9.84105840653851E-17 -0.382683426141739 0.923879504203796 -1.37676470548918E-16 -0.0825793445110321 0.996584475040436 -1.72095588186147E-16 -0.382683426141739 0.923879504203796 -6.12323426292584E-17 6.12323426292584E-17 1 -1.03257352911688E-16 0.245485484600067 0.9694002866745 -6.12323426292584E-17 6.12323426292584E-17 1 -1.47320238438429E-17 0.382683426141739 0.923879504203796 -3.44191176372295E-17 0.546948134899139 0.837166488170624 -1.47320238438429E-17 0.382683426141739 0.923879504203796 3.40111091457265E-17 0.70710676908493 0.70710676908493 0 0.789140522480011 0.614212691783905 3.40111091457265E-17 0.70710676908493 0.70710676908493 7.75763595072324E-17 0.923879504203796 0.382683426141739 0 0.945817232131958 0.324699461460114 7.75763595072324E-17 0.923879504203796 0.382683426141739 1.09331313679886E-16 1 -2.44929370517034E-16 -1.72095588186147E-16 -0.401695430278778 0.915773332118988 -1.03257352911688E-16 -0.677281558513641 -0.735723912715912 -1.37676470548918E-16 -0.879473745822906 -0.475947380065918 -3.40111091457265E-17 -0.70710676908493 -0.70710676908493 -7.75763595072324E-17 -0.923879504203796 -0.382683426141739 -1.03257352911688E-16 -0.677281558513641 -0.735723912715912 -1.03257352911688E-16 -0.70710676908493 -0.70710676908493 1.47320238438429E-17 -0.382683426141739 -0.923879504203796 -3.44191176372295E-17 -0.401695430278778 -0.915773332118988 0 -0.0825793445110321 -0.996584475040436 6.12323426292584E-17 -1.83697014652885E-16 -1 -7.75763595072324E-17 -0.923879504203796 -0.382683426141739 3.44191176372295E-17 0.245485484600067 -0.9694002866745 9.84105840653851E-17 0.382683426141739 -0.923879504203796 6.12323426292584E-17 -1.83697014652885E-16 -1 3.44191176372295E-17 0.546948134899139 -0.837166488170624 9.84105840653851E-17 0.382683426141739 -0.923879504203796 1.20606718488714E-16 0.70710676908493 -0.70710676908493 6.8838235274459E-17 0.789140522480011 -0.614212691783905 1.20606718488714E-16 0.70710676908493 -0.70710676908493 1.2444156751318E-16 0.923879504203796 -0.382683426141739 1.47320238438429E-17 -0.382683426141739 -0.923879504203796 6.8838235274459E-17 0.945817232131958 -0.324699461460114 1.2444156751318E-16 0.923879504203796 -0.382683426141739 1.09331313679886E-16 1 -2.44929370517034E-16 -1.72095588186147E-16 -0.98636132478714 -0.16459459066391 -1.09331313679886E-16 -1 1.22464685258517E-16 -1.09331313679886E-16 -1 1.22464685258517E-16 -1.72095588186147E-16 -0.98636132478714 0.16459459066391 -1.2444156751318E-16 -0.923879504203796 0.382683426141739 -1.2444156751318E-16 -0.923879504203796 0.382683426141739 -2.06514705823377E-16 -0.879473745822906 0.475947380065918 -1.20606718488714E-16 -0.70710676908493 0.70710676908493 -1.20606718488714E-16 -0.70710676908493 0.70710676908493 -1.72095588186147E-16 -0.677281558513641 0.735723912715912 -9.84105840653851E-17 -0.382683426141739 0.923879504203796 -1.72095588186147E-16 -0.401695430278778 0.915773332118988 -1.72095588186147E-16 -0.382683426141739 0.923879504203796 -1.37676470548918E-16 -0.0825793445110321 0.996584475040436 -6.12323426292584E-17 6.12323426292584E-17 1 -6.12323426292584E-17 6.12323426292584E-17 1 -1.03257352911688E-16 0.245485484600067 0.9694002866745 -1.47320238438429E-17 0.382683426141739 0.923879504203796 -1.47320238438429E-17 0.382683426141739 0.923879504203796 -3.44191176372295E-17 0.546948134899139 0.837166488170624 3.40111091457265E-17 0.70710676908493 0.70710676908493 3.40111091457265E-17 0.70710676908493 0.70710676908493 0 0.789140522480011 0.614212691783905 7.75763595072324E-17 0.923879504203796 0.382683426141739 7.75763595072324E-17 0.923879504203796 0.382683426141739 0 0.945817232131958 0.324699461460114 1.09331313679886E-16 1 -2.44929370517034E-16 0.382683426141739 0.923879504203796 0 0 1 0 0.382683426141739 0.923879504203796 0 0.923879504203796 0.382683426141739 0 0.70710676908493 0.70710676908493 0 0.923879504203796 0.382683426141739 0 1 0 0 1 0 0 0 1 0 0.70710676908493 0.70710676908493 0 1 0 0 1 0 0 1 0 0 1 0 0 0.642787635326385 -0.766044437885284 0 0.642787635326385 -0.766044437885284 0 0.642787635326385 -0.766044437885284 0 0.642787635326385 -0.766044437885284 0 0.923879504203796 0.382683426141739 0 1 0 0 0.923879504203796 0.382683426141739 0 0.70710676908493 0.70710676908493 0 0.70710676908493 0.70710676908493 0 0.382683426141739 0.923879504203796 0 0.382683426141739 0.923879504203796 0 0 1 0 0 1 0 1 0 0 1 -1.03891582065835E-16 0 1 -1.03891582065835E-16 0 1 -1.03891582065835E-16 0 1 -1.03891582065835E-16 0 1 -1.03891582065835E-16 0 1 -1.03891582065835E-16 0 1 -1.03891582065835E-16 0 1 -1.03891582065835E-16 0 1 -1.03891582065835E-16 0 1 -1.03891582065835E-16 0 1 -1.03891582065835E-16 0 1 -1.03891582065835E-16 0 1 -1.03891582065835E-16 0 1 -1.03891582065835E-16 0 1 -1.03891582065835E-16 0 1 -1.03891582065835E-16 0 1 -1.03891582065835E-16 0 1 -1.03891582065835E-16 0 1 -1.03891582065835E-16 0 1 -1.03891582065835E-16 0 0.642787635326385 -0.766044437885284 0 0.642787635326385 -0.766044437885284 0 0.642787635326385 -0.766044437885284 0 0.642787635326385 -0.766044437885284 0 0.642787635326385 -0.766044437885284 0 0.70710676908493 0.70710676908493 0 0.923879504203796 0.382683426141739 0 0.70710676908493 0.70710676908493 0 0.382683426141739 0.923879504203796 0 0.382683426141739 0.923879504203796 0 -1.60812262295773E-16 1 0 -1.60812262295773E-16 1 0 0.923879504203796 0.382683426141739 0 1 0 0 1 0 0 1 0 0 1 0 0 1 0 0 1 0 0 0.642787635326385 -0.766044437885284 0 0.642787635326385 -0.766044437885284 0 0.642787635326385 -0.766044437885284 0 0.642787635326385 -0.766044437885284 0 0.642787635326385 -0.766044437885284 0 0.382683426141739 0.923879504203796 0 -1.60812262295773E-16 1 0 0.382683426141739 0.923879504203796 0 0.923879504203796 0.382683426141739 0 0.70710676908493 0.70710676908493 0 0.923879504203796 0.382683426141739 0 1 0 0 1 0 0 0.70710676908493 0.70710676908493 0 -1.60812262295773E-16 1 0 1 -1.03891582065835E-16 0 1 -1.03891582065835E-16 0 1 -1.03891582065835E-16 0 1 -1.03891582065835E-16 0 1 -1.03891582065835E-16 0 1 -1.03891582065835E-16 0 1 -1.03891582065835E-16 0 1 -1.03891582065835E-16 0 1 -1.03891582065835E-16 0 1 -1.03891582065835E-16 0 1 -1.03891582065835E-16 0 1 -1.03891582065835E-16 0 1 -1.03891582065835E-16 0 1 -1.03891582065835E-16 0 1 -1.03891582065835E-16 0 1 -1.03891582065835E-16 0 1 -1.03891582065835E-16 0 1 -1.03891582065835E-16 0 1 -1.03891582065835E-16 0 1 -1.03891582065835E-16 0 0.642787635326385 -0.766044437885284 0 0.642787635326385 -0.766044437885284 0 0.642787635326385 -0.766044437885284 0 0.642787635326385 -0.766044437885284 0 0.642787635326385 -0.766044437885284 0 0 1 0 0 1 0 0 1 0 0 1 0 0 1 0 0 1 0 0 1 0 0 1 0 0 1 0 0 1 0 0 1 0 0 1 0 0 1 0 0 1 0 0 1 0 0 1 0 0 1 0 0 1 0 0 1 0 0 1 0 0.923879504203796 0.382683426141739 0 0.70710676908493 0.70710676908493 0 0.923879504203796 0.382683426141739 0 1 0 0 1 0 0 0.382683426141739 0.923879504203796 0 0.70710676908493 0.70710676908493 0 0.382683426141739 0.923879504203796 0 -1.60812262295773E-16 1 0 -1.60812262295773E-16 1 0 1 0 0 1 0 0 1 0 0 1 0 0 0.642787635326385 -0.766044437885284 0 0.642787635326385 -0.766044437885284 0 0.642787635326385 -0.766044437885284 0 0.642787635326385 -0.766044437885284 0 0.642787635326385 -0.766044437885284 0 1 -7.1095227354312E-17 0 1 -7.1095227354312E-17 0 1 -7.1095227354312E-17 0 1 -7.1095227354312E-17 0 1 -7.1095227354312E-17 0 1 -7.1095227354312E-17 0 1 -7.1095227354312E-17 0 1 -7.1095227354312E-17 0 1 -7.1095227354312E-17 0 1 -7.1095227354312E-17 0 1 -7.1095227354312E-17 0 1 -7.1095227354312E-17 0 1 -7.1095227354312E-17 0 1 -7.1095227354312E-17 0 1 -7.1095227354312E-17 0 1 -7.1095227354312E-17 0 1 -7.1095227354312E-17 0 1 -7.1095227354312E-17 0 1 -7.1095227354312E-17 0 1 -7.1095227354312E-17 0 1 -7.1095227354312E-17 0 1 -7.1095227354312E-17 0 1 -7.1095227354312E-17 0 1 -7.1095227354312E-17 0 1 -7.1095227354312E-17 0 1 -7.1095227354312E-17 0 1 -7.1095227354312E-17 0 1 -7.1095227354312E-17 0 1 -7.1095227354312E-17 0 1 -7.1095227354312E-17 0 1 -7.1095227354312E-17 0 1 -7.1095227354312E-17 0 1 -7.1095227354312E-17 0 1 -7.1095227354312E-17 0 1 -7.1095227354312E-17 0 1 -7.1095227354312E-17 0 1 -7.1095227354312E-17 0 1 -7.1095227354312E-17 0 1 -7.1095227354312E-17 0 1 -7.1095227354312E-17 0 1 -7.1095227354312E-17 0 1 -7.1095227354312E-17 0 1 -7.1095227354312E-17 0 1 -7.1095227354312E-17 0 1 -7.1095227354312E-17 0 1 -7.1095227354312E-17 0 1 -7.1095227354312E-17 0 1 -7.1095227354312E-17 0 1 -7.1095227354312E-17 0 1 -7.1095227354312E-17 0 1 -7.1095227354312E-17 0 1 -7.1095227354312E-17 0 1 -7.1095227354312E-17 0 1 -7.1095227354312E-17 0 1 -7.1095227354312E-17 0 1 -7.1095227354312E-17 0 1 -7.1095227354312E-17 0 1 -7.1095227354312E-17 0 1 -7.1095227354312E-17 0 1 -7.1095227354312E-17 0 1 -7.1095227354312E-17 0 1 -7.1095227354312E-17 0 1 -7.1095227354312E-17 0 1 -7.1095227354312E-17 0 1 -7.1095227354312E-17 0 1 -7.1095227354312E-17 0 1 -7.1095227354312E-17 0 1 -7.1095227354312E-17 0 1 -7.1095227354312E-17 0 1 -7.1095227354312E-17 0 1 -7.1095227354312E-17 0 1 -7.1095227354312E-17 0 1 -7.1095227354312E-17 0 1 -7.1095227354312E-17 0 1 -7.1095227354312E-17 0 1 -7.1095227354312E-17 0 1 -7.1095227354312E-17 0 1 -7.1095227354312E-17 0 1 -7.1095227354312E-17 0 1 -7.1095227354312E-17 0 1 -7.1095227354312E-17 0 1 -7.1095227354312E-17 0 1 -7.1095227354312E-17 0 1 -7.1095227354312E-17 0 1 -7.1095227354312E-17 0 1 -7.1095227354312E-17 0 1 -7.1095227354312E-17 0 1 -7.1095227354312E-17 0 1 -7.1095227354312E-17 0 1 -7.1095227354312E-17 0 1 -7.1095227354312E-17 0 1 -7.1095227354312E-17 0 1 -7.1095227354312E-17 0 1 -7.1095227354312E-17 0 1 -7.1095227354312E-17 0 1 -7.1095227354312E-17 0 1 -7.1095227354312E-17 0 1 -7.1095227354312E-17 0 1 -7.1095227354312E-17 0 1 -7.1095227354312E-17 0 1 -7.1095227354312E-17 0 1 -7.1095227354312E-17 0 1 -7.1095227354312E-17 0 1 -7.1095227354312E-17 0 1 -7.1095227354312E-17 0 1 -7.1095227354312E-17 0 1 -7.1095227354312E-17 0 1 -7.1095227354312E-17 0 1 -7.1095227354312E-17 0 1 -7.1095227354312E-17 0 1 -7.1095227354312E-17 0 1 -7.1095227354312E-17 0 1 -7.1095227354312E-17 0 1 -7.1095227354312E-17 0 1 -7.1095227354312E-17 0 1 -7.1095227354312E-17 0 1 -7.1095227354312E-17 0 1 -7.1095227354312E-17 0 1 -7.1095227354312E-17 0 1 -7.1095227354312E-17 0 1 -7.1095227354312E-17 0 1 -7.1095227354312E-17 0 1 -7.1095227354312E-17 0 1 -7.1095227354312E-17 0 1 -7.1095227354312E-17 0 1 -7.1095227354312E-17 0 1 -7.1095227354312E-17 0 1 -7.1095227354312E-17 0 1 -7.1095227354312E-17 0 1 -7.1095227354312E-17 0 1 -7.1095227354312E-17 0 1 -7.1095227354312E-17 0 1 -7.1095227354312E-17 0 1 -7.1095227354312E-17 0 1 -7.1095227354312E-17 0 1 -7.1095227354312E-17 0 1 -7.1095227354312E-17 0 1 -7.1095227354312E-17 0 1 -7.1095227354312E-17 0 1 -7.1095227354312E-17 0 1 -7.1095227354312E-17 0 1 -7.1095227354312E-17 0 1 -7.1095227354312E-17 0 1 -7.1095227354312E-17 0 1 -7.1095227354312E-17 0 1 -7.1095227354312E-17 0 1 -7.1095227354312E-17 0 1 -7.1095227354312E-17 0 1 -7.1095227354312E-17 0 1 -7.1095227354312E-17 0 1 -7.1095227354312E-17 0 1 -7.1095227354312E-17 0 1 -7.1095227354312E-17 0 1 -7.1095227354312E-17 0 0.642787635326385 0.766044437885284 0 0.642787635326385 0.766044437885284 0 0.642787635326385 0.766044437885284 0 0.642787635326385 0.766044437885284 0 0.642787635326385 0.766044437885284 0 0.642787635326385 0.766044437885284 0 0.642787635326385 0.766044437885284 0 0.642787635326385 0.766044437885284 0 0.642787635326385 0.766044437885284 0 0.642787635326385 0.766044437885284 0 1 -1.0842021724855E-16 0 1 -1.0842021724855E-16 0 1 -1.0842021724855E-16 0 1 -1.0842021724855E-16 0 0 1 0 0 1 0 0 1 0 0 1 0 0 1 0 0 1 0 0 1 0 0 1 0 0 1 0 0 1 0 0 1 0 0 1 0 0 1 0 0 1 0 -1 0 0 -1 0 0 -1 0 0 -1 0 0 -1 0 0 -1 0 0 -1 0 0 -1 0 0 -1 0 0 -1 0 0 -1 0 0 -1 0 0 -1 0 0 -1 0 0 -1 0 0 -1 0 0 -1 0 0 -1 0 0 -1 0 0 -1 0 0 -1 0 0 -1 0 0 -1 0 0 -1 0 0 -1 0 0 -1 0 0 -1 0 0 -1 0 0 -1 0 0 -1 0 0 -1 0 0 -1 0 0 -1 0 0 -1 0 0 -1 0 0 -1 0 0 -1 0 0 -1 0 0 -1 0 0 -1 0 0 -1 0 0 -1 0 0 -1 0 0 -1 0 0 -1 0 0 -1 0 0 -1 0 0 -1 0 0 -1 0 0 -1 0 0 -1 0 0 -1 0 0 -1 0 0 -1 0 0 -1 0 0 -1 0 0 -1 0 0 -1 0 0 -1 0 0 -1 0 0 -1 0 0 -1 0 0 -1 0 0 -1 0 0 -1 0 0 -1 0 0 -1 0 0 -1 0 0 -1 0 0 -1 0 0 -1 0 0 -1 0 0 -1 0 0 -1 0 0 -1 0 0 -1 0 0 -1 0 0 -1 0 0 -1 0 0 -1 0 0 -1 0 0 -1 0 0 -1 0 0 -1 0 0 -1 0 0 -1 0 0 -1 0 0 -1 0 0 -1 0 0 -1 0 0 -1 0 0 -1 0 0 -1 0 0 -1 0 0 -1 0 0 -1 0 0 -1 0 0 -1 0 0 -1 0 0 -1 0 0 -1 0 0 -1 0 0 -1 0 0 -1 0 0 -1 0 0 -1 0 0 -1 0 0 -1 0 0 -1 0 0 -1 0 0 -1 0 0 -1 0 0 -1 0 0 -1 0 0 -1 0 0 -1 0 0 -1 0 0 -1 0 0 -1 0 0 -1 0 0 -1 0 0 -1 0 0 -1 0 0 -1 0 0 -1 0 0 -1 0 0 -1 0 0 -1 0 0 -1 0 0 -1 0 0 -1 0 0 -1 0 0 -1 0 0 -1 0 0 -1 0 0 -1 0 0 -1 0 0 -1 0 0 -1 0 0 -1 0 0 -1 0 0 -1 0 0 -1 0 0 -1 0 0 -1 0 0 -1 0 0 -1 0 0 -1 0 0 -1 0 0 -1 0 0 -1 0 0 -1 0 0 -1 0 0 -1 0 0 -1 0 0 -1 0 0 -1 0 0 -1 0 0 -1 0 0 -1 0 0 -1 0 0 -1 0 0 -1 0 0 -1 0 0 -1 0 0 -1 0 0 -1 0 0 -1 0 0 -1 0 0 -1 0 0 -1 0 0 -1 0 0 -1 0 0 -1 0 0 -0.30901700258255 -0.95105654001236 0 -6.12323426292584E-17 -1 0 -6.12323426292584E-17 -1 0 -0.587785243988037 -0.80901700258255 0 -0.30901700258255 -0.95105654001236 0 -0.95105654001236 -0.30901700258255 0 -0.80901700258255 -0.587785243988037 0 -0.80901700258255 -0.587785243988037 0 -0.587785243988037 -0.80901700258255 0 -0.95105654001236 -0.30901700258255 0 -1 0 0 -1 0 0 -1 0 0 -1 0 0 -1 0 0 -1 0 0 -1 0 0 -1 0 0 -1 0 0 -1 0 0 -1 0 0 -1 0 0 -2.11874624434484E-16 -1 0 -2.11874624434484E-16 -1 0 -2.11874624434484E-16 -1 0 -2.11874624434484E-16 -1 0 -2.11874624434484E-16 -1 0 -2.11874624434484E-16 -1 0 -2.11874624434484E-16 -1 0 -2.11874624434484E-16 -1 0 -2.11874624434484E-16 -1 0 -2.11874624434484E-16 -1 0 -2.11874624434484E-16 -1 0 -2.11874624434484E-16 -1 0 -2.11874624434484E-16 -1 0 -2.11874624434484E-16 -1 0 -2.11874624434484E-16 -1 0 -2.11874624434484E-16 -1 0 -2.11874624434484E-16 -1 0 -2.11874624434484E-16 -1 0 -2.11874624434484E-16 -1 0 -2.11874624434484E-16 -1 0 -2.11874624434484E-16 -1 0 -2.11874624434484E-16 -1 0 -2.11874624434484E-16 -1 0 -2.11874624434484E-16 -1 0 -2.11874624434484E-16 -1 0 -2.11874624434484E-16 -1 0 -2.11874624434484E-16 -1 0 -2.11874624434484E-16 -1 0 -2.11874624434484E-16 -1 0 -2.11874624434484E-16 -1 0 -2.11874624434484E-16 -1 0 -2.11874624434484E-16 -1 0 0 0 -1 0 0 -1 0 0 -1 0 0 -1 0 0 -1 0 0 -1 0 0 -1 0 0 -1 0 0 -1 0 0 -1 0 0 -1 0 0 -1 0 0 -1 0 0 -1 0 0 -1 0 0 -1 0 0 -1 0 0 -1 0 0 -1 0 0 -1 0 0 -1 0 0 -1 0 0 1 0 0 1 0 0 1 0 0 1 0 0 1 0 0 1 0 0 1 0 0 1 0 0 1 0 0 1 0 0 1 0 0 1 0 0 1 0 0 1 0 0 1 0 0 1 0 0 1 0 0 1 0 0 1 0 0 1 0 0 1 0 0 1 0.994215905666351 0.107399865984917 0 0.994215905666351 0.107399865984917 0 0.994215905666351 0.107399865984917 0 0.994215905666351 0.107399865984917 0 0.867889165878296 0.496757924556732 0 0.949225664138794 0.314595967531204 0 0.867889165878296 0.496757924556732 0 0.752011835575104 0.659149587154388 0 0.752011835575104 0.659149587154388 0 0.606205523014069 0.7953080534935 0 0.606205523014069 0.7953080534935 0 0.436273068189621 0.899814307689667 0 0.436273068189621 0.899814307689667 0 0.248977571725845 0.968509256839752 0 0.248977571725845 0.968509256839752 0 0.0517731010913849 0.998658895492554 0 0.0517731010913849 0.998658895492554 0 0.949225664138794 0.314595967531204 0 0.992784321308136 0.119913555681705 0 0.992784321308136 0.119913555681705 0 0 0 1 0 0 1 0 0 1 0 0 1 0 0 1 0 0 1 0 0 1 0 0 1 0 0 1 0 0 1 0 0 1 0 0 1 0 0 1 0 0 1 0 0 1 0 0 1 0 0 -1 0 0 -1 0 0 -1 0 0 -1 0 0 -1 0 0 -1 0 0 -1 0 0 -1 0 0 -1 0 0 -1 0 0 -1 0 0 -1 0 0 -1 0 0 -1 0 0 -1 0 0 -1 0.994215905666351 0.107399865984917 0 0.994215905666351 0.107399865984917 0 0.994215905666351 0.107399865984917 0 0.994215905666351 0.107399865984917 0 0.994215905666351 0.107399865984917 0 0.949225664138794 0.314595967531204 0 0.992784321308136 0.119913555681705 0 0.949225664138794 0.314595967531204 0 0.867889165878296 0.496757924556732 0 0.867889165878296 0.496757924556732 0 0.752011835575104 0.659149587154388 0 0.752011835575104 0.659149587154388 0 0.606205523014069 0.7953080534935 0 0.606205523014069 0.7953080534935 0 0.436273068189621 0.899814307689667 0 0.436273068189621 0.899814307689667 0 0.248977571725845 0.968509256839752 0 0.248977571725845 0.968509256839752 0 0.0517731010913849 0.998658895492554 0 0.992784321308136 0.119913555681705 0 0.0517731010913849 0.998658895492554 0 0 0 1 0 0 1 0 0 1 0 0 1 0 0 1 0 0 1 0 0 1 0 0 1 0 0 1 0 0 1 0 0 1 0 0 1 0 0 1 0 0 1 0 0 1 0 0 1 0 0 -1 0 0 -1 0 0 -1 0 0 -1 0 0 -1 0 0 -1 0 0 -1 0 0 -1 0 0 -1 0 0 -1 0 0 -1 0 0 -1 0 0 -1 0 0 -1 0 0 -1 0 0 -1 0.994215905666351 0.107399865984917 0 0.994215905666351 0.107399865984917 0 0.994215905666351 0.107399865984917 0 0.994215905666351 0.107399865984917 0 0.994215905666351 0.107399865984917 0 0.949225664138794 0.314595967531204 0 0.992784321308136 0.119913555681705 0 0.949225664138794 0.314595967531204 0 0.867889165878296 0.496757924556732 0 0.867889165878296 0.496757924556732 0 0.752011835575104 0.659149587154388 0 0.752011835575104 0.659149587154388 0 0.606205523014069 0.7953080534935 0 0.606205523014069 0.7953080534935 0 0.436273068189621 0.899814307689667 0 0.436273068189621 0.899814307689667 0 0.248977571725845 0.968509256839752 0 0.248977571725845 0.968509256839752 0 0.0517731010913849 0.998658895492554 0 0.0517731010913849 0.998658895492554 0 0.992784321308136 0.119913555681705 0 0 0 1 0 0 1 0 0 1 0 0 1 0 0 1 0 0 1 0 0 1 0 0 1 0 0 1 0 0 1 0 0 1 0 0 1 0 0 1 0 0 1 0 0 1 0 0 1 0 0 -1 0 0 -1 0 0 -1 0 0 -1 0 0 -1 0 0 -1 0 0 -1 0 0 -1 0 0 -1 0 0 -1 0 0 -1 0 0 -1 0 0 -1 0 0 -1 0 0 -1 0 0 -1 0.994215905666351 0.107399865984917 0 0.994215905666351 0.107399865984917 0 0.994215905666351 0.107399865984917 0 0.994215905666351 0.107399865984917 0 0.248977571725845 0.968509256839752 0 0.436273068189621 0.899814307689667 0 0.248977571725845 0.968509256839752 0 0.0517731010913849 0.998658895492554 0 0.0517731010913849 0.998658895492554 0 0.436273068189621 0.899814307689667 0 0.606205523014069 0.7953080534935 0 0.606205523014069 0.7953080534935 0 0.752011835575104 0.659149587154388 0 0.752011835575104 0.659149587154388 0 0.867889165878296 0.496757924556732 0 0.867889165878296 0.496757924556732 0 0.949225664138794 0.314595967531204 0 0.949225664138794 0.314595967531204 0 0.992784321308136 0.119913555681705 0 0.992784321308136 0.119913555681705 0 0 0 1 0 0 1 0 0 1 0 0 1 0 0 1 0 0 1 0 0 1 0 0 1 0 0 1 0 0 1 0 0 1 0 0 1 0 0 1 0 0 1 0 0 1 0 0 1 0 0 -1 0 0 -1 0 0 -1 0 0 -1 0 0 -1 0 0 -1 0 0 -1 0 0 -1 0 0 -1 0 0 -1 0 0 -1 0 0 -1 0 0 -1 0 0 -1 0 0 -1 0 0 -1 1.74528458716564E-17 0.245485484600067 -0.9694002866745 -5.87099711565637E-18 -0.0825793445110321 -0.996584475040436 1.74528458716564E-17 0.245485484600067 -0.9694002866745 -5.87099711565637E-18 -0.0825793445110321 -0.996584475040436 -2.85586257153525E-17 -0.401695430278778 -0.915773332118988 -2.85586257153525E-17 -0.401695430278778 -0.915773332118988 -4.81514837846347E-17 -0.677281558513641 -0.735723912715912 -4.81514837846347E-17 -0.677281558513641 -0.735723912715912 -6.25263839795363E-17 -0.879473745822906 -0.475947380065918 -6.25263839795363E-17 -0.879473745822906 -0.475947380065918 -7.01255797704977E-17 -0.98636132478714 -0.16459459066391 -7.01255797704977E-17 -0.98636132478714 -0.16459459066391 -7.01255797704977E-17 -0.98636132478714 0.16459459066391 -7.01255797704977E-17 -0.98636132478714 0.16459459066391 -6.25263839795363E-17 -0.879473745822906 0.475947380065918 -6.25263839795363E-17 -0.879473745822906 0.475947380065918 -4.81514837846347E-17 -0.677281558513641 0.735723912715912 -4.81514837846347E-17 -0.677281558513641 0.735723912715912 -2.85586257153525E-17 -0.401695430278778 0.915773332118988 -2.85586257153525E-17 -0.401695430278778 0.915773332118988 -5.87099711565637E-18 -0.0825793445110321 0.996584475040436 -5.87099711565637E-18 -0.0825793445110321 0.996584475040436 1.74528458716564E-17 0.245485484600067 0.9694002866745 1.74528458716564E-17 0.245485484600067 0.9694002866745 3.88854032540932E-17 0.546948134899139 0.837166488170624 3.88854032540932E-17 0.546948134899139 0.837166488170624 5.61041206164501E-17 0.789140522480011 0.614212691783905 6.72430869463219E-17 0.945817232131958 0.324699461460114 7.1095227354312E-17 1 -2.44929370517034E-16 6.72430869463219E-17 0.945817232131958 0.324699461460114 3.88854032540932E-17 0.546948134899139 -0.837166488170624 3.88854032540932E-17 0.546948134899139 -0.837166488170624 5.61041206164501E-17 0.789140522480011 0.614212691783905 5.61041206164501E-17 0.789140522480011 -0.614212691783905 5.61041206164501E-17 0.789140522480011 -0.614212691783905 6.72430869463219E-17 0.945817232131958 -0.324699461460114 6.72430869463219E-17 0.945817232131958 -0.324699461460114 7.1095227354312E-17 1 -2.44929370517034E-16 7.1095227354312E-17 1 -2.44929370517034E-16 6.72430869463219E-17 0.945817232131958 -0.324699461460114 7.1095227354312E-17 1 -2.44929370517034E-16 6.72430869463219E-17 0.945817232131958 -0.324699461460114 5.61041206164501E-17 0.789140522480011 -0.614212691783905 5.61041206164501E-17 0.789140522480011 -0.614212691783905 3.88854032540932E-17 0.546948134899139 -0.837166488170624 3.88854032540932E-17 0.546948134899139 -0.837166488170624 1.74528458716564E-17 0.245485484600067 -0.9694002866745 1.74528458716564E-17 0.245485484600067 -0.9694002866745 -5.87099711565637E-18 -0.0825793445110321 -0.996584475040436 -5.87099711565637E-18 -0.0825793445110321 -0.996584475040436 -2.85586257153525E-17 -0.401695430278778 -0.915773332118988 -2.85586257153525E-17 -0.401695430278778 -0.915773332118988 -4.81514837846347E-17 -0.677281558513641 -0.735723912715912 -4.81514837846347E-17 -0.677281558513641 -0.735723912715912 -6.25263839795363E-17 -0.879473745822906 -0.475947380065918 -6.25263839795363E-17 -0.879473745822906 -0.475947380065918 -7.01255797704977E-17 -0.98636132478714 -0.16459459066391 -7.01255797704977E-17 -0.98636132478714 -0.16459459066391 -7.01255797704977E-17 -0.98636132478714 0.16459459066391 -7.01255797704977E-17 -0.98636132478714 0.16459459066391 -6.25263839795363E-17 -0.879473745822906 0.475947380065918 -6.25263839795363E-17 -0.879473745822906 0.475947380065918 -4.81514837846347E-17 -0.677281558513641 0.735723912715912 -4.81514837846347E-17 -0.677281558513641 0.735723912715912 -2.85586257153525E-17 -0.401695430278778 0.915773332118988 -2.85586257153525E-17 -0.401695430278778 0.915773332118988 -5.87099711565637E-18 -0.0825793445110321 0.996584475040436 -5.87099711565637E-18 -0.0825793445110321 0.996584475040436 1.74528458716564E-17 0.245485484600067 0.9694002866745 1.74528458716564E-17 0.245485484600067 0.9694002866745 3.88854032540932E-17 0.546948134899139 0.837166488170624 3.88854032540932E-17 0.546948134899139 0.837166488170624 5.61041206164501E-17 0.789140522480011 0.614212691783905 5.61041206164501E-17 0.789140522480011 0.614212691783905 6.72430869463219E-17 0.945817232131958 0.324699461460114 6.72430869463219E-17 0.945817232131958 0.324699461460114 5.61041206164501E-17 0.789140522480011 -0.614212691783905 3.88854032540932E-17 0.546948134899139 -0.837166488170624 5.61041206164501E-17 0.789140522480011 -0.614212691783905 3.88854032540932E-17 0.546948134899139 -0.837166488170624 1.74528458716564E-17 0.245485484600067 -0.9694002866745 1.74528458716564E-17 0.245485484600067 -0.9694002866745 -5.87099711565637E-18 -0.0825793445110321 -0.996584475040436 -5.87099711565637E-18 -0.0825793445110321 -0.996584475040436 -2.85586257153525E-17 -0.401695430278778 -0.915773332118988 -2.85586257153525E-17 -0.401695430278778 -0.915773332118988 -4.81514837846347E-17 -0.677281558513641 -0.735723912715912 -4.81514837846347E-17 -0.677281558513641 -0.735723912715912 -6.25263839795363E-17 -0.879473745822906 -0.475947380065918 -6.25263839795363E-17 -0.879473745822906 -0.475947380065918 -7.01255797704977E-17 -0.98636132478714 -0.16459459066391 -7.01255797704977E-17 -0.98636132478714 -0.16459459066391 -7.01255797704977E-17 -0.98636132478714 0.16459459066391 -7.01255797704977E-17 -0.98636132478714 0.16459459066391 -6.25263839795363E-17 -0.879473745822906 0.475947380065918 -6.25263839795363E-17 -0.879473745822906 0.475947380065918 -4.81514837846347E-17 -0.677281558513641 0.735723912715912 7.1095227354312E-17 1 -2.44929370517034E-16 6.72430869463219E-17 0.945817232131958 -0.324699461460114 7.1095227354312E-17 1 -2.44929370517034E-16 6.72430869463219E-17 0.945817232131958 -0.324699461460114 -4.81514837846347E-17 -0.677281558513641 0.735723912715912 -2.85586257153525E-17 -0.401695430278778 0.915773332118988 -2.85586257153525E-17 -0.401695430278778 0.915773332118988 -5.87099711565637E-18 -0.0825793445110321 0.996584475040436 -5.87099711565637E-18 -0.0825793445110321 0.996584475040436 1.74528458716564E-17 0.245485484600067 0.9694002866745 1.74528458716564E-17 0.245485484600067 0.9694002866745 3.88854032540932E-17 0.546948134899139 0.837166488170624 3.88854032540932E-17 0.546948134899139 0.837166488170624 5.61041206164501E-17 0.789140522480011 0.614212691783905 5.61041206164501E-17 0.789140522480011 0.614212691783905 6.72430869463219E-17 0.945817232131958 0.324699461460114 6.72430869463219E-17 0.945817232131958 0.324699461460114 5.61041206164501E-17 0.789140522480011 -0.614212691783905 6.72430869463219E-17 0.945817232131958 -0.324699461460114 5.61041206164501E-17 0.789140522480011 -0.614212691783905 3.88854032540932E-17 0.546948134899139 -0.837166488170624 3.88854032540932E-17 0.546948134899139 -0.837166488170624 1.74528458716564E-17 0.245485484600067 -0.9694002866745 1.74528458716564E-17 0.245485484600067 -0.9694002866745 -5.87099711565637E-18 -0.0825793445110321 -0.996584475040436 -5.87099711565637E-18 -0.0825793445110321 -0.996584475040436 -2.85586257153525E-17 -0.401695430278778 -0.915773332118988 -2.85586257153525E-17 -0.401695430278778 -0.915773332118988 -4.81514837846347E-17 -0.677281558513641 -0.735723912715912 -4.81514837846347E-17 -0.677281558513641 -0.735723912715912 -6.25263839795363E-17 -0.879473745822906 -0.475947380065918 -6.25263839795363E-17 -0.879473745822906 -0.475947380065918 -7.01255797704977E-17 -0.98636132478714 -0.16459459066391 -7.01255797704977E-17 -0.98636132478714 -0.16459459066391 -7.01255797704977E-17 -0.98636132478714 0.16459459066391 -7.01255797704977E-17 -0.98636132478714 0.16459459066391 -6.25263839795363E-17 -0.879473745822906 0.475947380065918 -6.25263839795363E-17 -0.879473745822906 0.475947380065918 -4.81514837846347E-17 -0.677281558513641 0.735723912715912 -4.81514837846347E-17 -0.677281558513641 0.735723912715912 -2.85586257153525E-17 -0.401695430278778 0.915773332118988 -2.85586257153525E-17 -0.401695430278778 0.915773332118988 -5.87099711565637E-18 -0.0825793445110321 0.996584475040436 -5.87099711565637E-18 -0.0825793445110321 0.996584475040436 1.74528458716564E-17 0.245485484600067 0.9694002866745 1.74528458716564E-17 0.245485484600067 0.9694002866745 3.88854032540932E-17 0.546948134899139 0.837166488170624 3.88854032540932E-17 0.546948134899139 0.837166488170624 5.61041206164501E-17 0.789140522480011 0.614212691783905 5.61041206164501E-17 0.789140522480011 0.614212691783905 6.72430869463219E-17 0.945817232131958 0.324699461460114 6.72430869463219E-17 0.945817232131958 0.324699461460114 7.1095227354312E-17 1 -2.44929370517034E-16 7.1095227354312E-17 1 -2.44929370517034E-16 6.72430869463219E-17 0.945817232131958 -0.324699461460114 7.1095227354312E-17 1 -2.44929370517034E-16 6.72430869463219E-17 0.945817232131958 -0.324699461460114 7.1095227354312E-17 1 -2.44929370517034E-16 6.72430869463219E-17 0.945817232131958 -0.324699461460114 5.61041206164501E-17 0.789140522480011 -0.614212691783905 5.61041206164501E-17 0.789140522480011 -0.614212691783905 3.88854032540932E-17 0.546948134899139 -0.837166488170624 3.88854032540932E-17 0.546948134899139 -0.837166488170624 1.74528458716564E-17 0.245485484600067 -0.9694002866745 1.74528458716564E-17 0.245485484600067 -0.9694002866745 -5.87099711565637E-18 -0.0825793445110321 -0.996584475040436 -5.87099711565637E-18 -0.0825793445110321 -0.996584475040436 -2.85586257153525E-17 -0.401695430278778 -0.915773332118988 -2.85586257153525E-17 -0.401695430278778 -0.915773332118988 -4.81514837846347E-17 -0.677281558513641 -0.735723912715912 -4.81514837846347E-17 -0.677281558513641 -0.735723912715912 -6.25263839795363E-17 -0.879473745822906 -0.475947380065918 -6.25263839795363E-17 -0.879473745822906 -0.475947380065918 -7.01255797704977E-17 -0.98636132478714 -0.16459459066391 -7.01255797704977E-17 -0.98636132478714 -0.16459459066391 -7.01255797704977E-17 -0.98636132478714 0.16459459066391 -7.01255797704977E-17 -0.98636132478714 0.16459459066391 -6.25263839795363E-17 -0.879473745822906 0.475947380065918 -6.25263839795363E-17 -0.879473745822906 0.475947380065918 -4.81514837846347E-17 -0.677281558513641 0.735723912715912 -4.81514837846347E-17 -0.677281558513641 0.735723912715912 -2.85586257153525E-17 -0.401695430278778 0.915773332118988 -5.87099711565637E-18 -0.0825793445110321 0.996584475040436 1.74528458716564E-17 0.245485484600067 0.9694002866745 -5.87099711565637E-18 -0.0825793445110321 0.996584475040436 1.74528458716564E-17 0.245485484600067 0.9694002866745 3.88854032540932E-17 0.546948134899139 0.837166488170624 3.88854032540932E-17 0.546948134899139 0.837166488170624 5.61041206164501E-17 0.789140522480011 0.614212691783905 5.61041206164501E-17 0.789140522480011 0.614212691783905 6.72430869463219E-17 0.945817232131958 0.324699461460114 6.72430869463219E-17 0.945817232131958 0.324699461460114 -2.85586257153525E-17 -0.401695430278778 0.915773332118988 -4.81514837846347E-17 -0.677281558513641 0.735723912715912 -6.25263839795363E-17 -0.879473745822906 0.475947380065918 -4.81514837846347E-17 -0.677281558513641 0.735723912715912 -2.85586257153525E-17 -0.401695430278778 0.915773332118988 -2.85586257153525E-17 -0.401695430278778 0.915773332118988 -5.87099711565637E-18 -0.0825793445110321 0.996584475040436 -5.87099711565637E-18 -0.0825793445110321 0.996584475040436 1.74528458716564E-17 0.245485484600067 0.9694002866745 1.74528458716564E-17 0.245485484600067 0.9694002866745 3.88854032540932E-17 0.546948134899139 0.837166488170624 3.88854032540932E-17 0.546948134899139 0.837166488170624 5.61041206164501E-17 0.789140522480011 0.614212691783905 5.61041206164501E-17 0.789140522480011 0.614212691783905 6.72430869463219E-17 0.945817232131958 0.324699461460114 6.72430869463219E-17 0.945817232131958 0.324699461460114 7.1095227354312E-17 1 -2.44929370517034E-16 7.1095227354312E-17 1 -2.44929370517034E-16 -6.25263839795363E-17 -0.879473745822906 0.475947380065918 -7.01255797704977E-17 -0.98636132478714 0.16459459066391 -7.01255797704977E-17 -0.98636132478714 0.16459459066391 -7.01255797704977E-17 -0.98636132478714 -0.16459459066391 -7.01255797704977E-17 -0.98636132478714 -0.16459459066391 -6.25263839795363E-17 -0.879473745822906 -0.475947380065918 -6.25263839795363E-17 -0.879473745822906 -0.475947380065918 -4.81514837846347E-17 -0.677281558513641 -0.735723912715912 -4.81514837846347E-17 -0.677281558513641 -0.735723912715912 -2.85586257153525E-17 -0.401695430278778 -0.915773332118988 -2.85586257153525E-17 -0.401695430278778 -0.915773332118988 -5.87099711565637E-18 -0.0825793445110321 -0.996584475040436 -5.87099711565637E-18 -0.0825793445110321 -0.996584475040436 1.74528458716564E-17 0.245485484600067 -0.9694002866745 1.74528458716564E-17 0.245485484600067 -0.9694002866745 3.88854032540932E-17 0.546948134899139 -0.837166488170624 3.88854032540932E-17 0.546948134899139 -0.837166488170624 5.61041206164501E-17 0.789140522480011 -0.614212691783905 5.61041206164501E-17 0.789140522480011 -0.614212691783905 6.72430869463219E-17 0.945817232131958 -0.324699461460114 6.72430869463219E-17 0.945817232131958 -0.324699461460114 0.70710676908493 -0.70710676908493 0 0.70710676908493 -0.697462737560272 -0.116385951638222 0.70710676908493 -0.697462737560272 -0.116385951638222 0.70710676908493 -0.653281509876251 -0.27059805393219 0.70710676908493 -0.62188184261322 -0.336545616388321 0.70710676908493 -0.62188184261322 -0.336545616388321 0.70710676908493 -0.5 -0.5 0.70710676908493 -0.478910386562347 -0.520235359668732 0.70710676908493 -0.478910386562347 -0.520235359668732 0.70710676908493 -0.284041553735733 -0.647549510002136 0.70710676908493 -0.284041553735733 -0.647549510002136 0.70710676908493 -0.697462737560272 0.116385951638222 0.70710676908493 -0.653281509876251 0.27059805393219 0.70710676908493 -0.62188184261322 0.336545616388321 0.70710676908493 -0.697462737560272 0.116385951638222 0.70710676908493 -0.5 0.5 0.70710676908493 -0.478910386562347 0.520235359668732 0.70710676908493 -0.62188184261322 0.336545616388321 0.70710676908493 -0.478910386562347 0.520235359668732 0.70710676908493 -0.284041553735733 0.647549510002136 0.70710676908493 -0.27059805393219 0.653281509876251 0.70710676908493 -0.284041553735733 0.647549510002136 0.70710676908493 -0.0583924166858196 0.704691648483276 0.70710676908493 -3.40111091457265E-17 0.70710676908493 0.70710676908493 -0.0583924166858196 0.704691648483276 0.70710676908493 0.173584446310997 0.685469508171082 0.70710676908493 0.27059805393219 0.653281509876251 0.70710676908493 0.173584446310997 0.685469508171082 0.70710676908493 0.386750757694244 0.591966092586517 0.70710676908493 0.5 0.5 0.70710676908493 0.558006584644318 0.434313982725143 0.70710676908493 0.386750757694244 0.591966092586517 0.70710676908493 0.653281509876251 0.27059805393219 0.70710676908493 0.668793797492981 0.229597195982933 0.70710676908493 0.558006584644318 0.434313982725143 0.70710676908493 0.668793797492981 0.229597195982933 0.70710676908493 0.70710676908493 0 0.70710676908493 0.70710676908493 0 0.70710676908493 -0.27059805393219 -0.653281509876251 0.70710676908493 -0.0583924166858196 -0.704691648483276 0.70710676908493 -2.0720232452298E-16 -0.70710676908493 0.70710676908493 -0.0583924166858196 -0.704691648483276 0.70710676908493 0.173584446310997 -0.685469508171082 0.70710676908493 0.27059805393219 -0.653281509876251 0.70710676908493 0.173584446310997 -0.685469508171082 0.70710676908493 0.386750757694244 -0.591966092586517 0.70710676908493 0.5 -0.5 0.70710676908493 0.386750757694244 -0.591966092586517 0.70710676908493 0.558006584644318 -0.434313982725143 0.70710676908493 0.653281509876251 -0.27059805393219 0.70710676908493 0.558006584644318 -0.434313982725143 0.70710676908493 0.668793797492981 -0.229597195982933 0.70710676908493 0.668793797492981 -0.229597195982933 0.70710676908493 -0.70710676908493 0 0.70710676908493 -0.697462737560272 -0.116385951638222 0.70710676908493 -0.697462737560272 -0.116385951638222 0.70710676908493 -0.653281509876251 -0.27059805393219 0.70710676908493 -0.62188184261322 -0.336545616388321 0.70710676908493 -0.62188184261322 -0.336545616388321 0.70710676908493 -0.5 -0.5 0.70710676908493 -0.478910386562347 -0.520235359668732 0.70710676908493 -0.478910386562347 -0.520235359668732 0.70710676908493 -0.284041553735733 -0.647549510002136 0.70710676908493 -0.284041553735733 -0.647549510002136 0.70710676908493 -0.27059805393219 -0.653281509876251 0.70710676908493 -0.0583924166858196 -0.704691648483276 0.70710676908493 -0.0583924166858196 -0.704691648483276 0.70710676908493 -2.0720232452298E-16 -0.70710676908493 0.70710676908493 0.173584446310997 -0.685469508171082 0.70710676908493 0.173584446310997 -0.685469508171082 0.70710676908493 0.27059805393219 -0.653281509876251 0.70710676908493 0.386750757694244 -0.591966092586517 0.70710676908493 0.386750757694244 -0.591966092586517 0.70710676908493 0.5 -0.5 0.70710676908493 0.558006584644318 -0.434313982725143 0.70710676908493 0.558006584644318 -0.434313982725143 0.70710676908493 0.653281509876251 -0.27059805393219 0.70710676908493 0.668793797492981 -0.229597195982933 0.70710676908493 0.668793797492981 -0.229597195982933 0.70710676908493 0.70710676908493 0 0.70710676908493 0.70710676908493 0 0.70710676908493 -0.697462737560272 0.116385951638222 0.70710676908493 -0.697462737560272 0.116385951638222 0.70710676908493 -0.62188184261322 0.336545616388321 0.70710676908493 -0.653281509876251 0.27059805393219 0.70710676908493 -0.62188184261322 0.336545616388321 0.70710676908493 0.668793797492981 0.229597195982933 0.70710676908493 0.668793797492981 0.229597195982933 0.70710676908493 0.653281509876251 0.27059805393219 0.70710676908493 0.558006584644318 0.434313982725143 0.70710676908493 0.558006584644318 0.434313982725143 0.70710676908493 0.5 0.5 0.70710676908493 0.386750757694244 0.591966092586517 0.70710676908493 0.386750757694244 0.591966092586517 0.70710676908493 0.27059805393219 0.653281509876251 0.70710676908493 0.173584446310997 0.685469508171082 0.70710676908493 0.173584446310997 0.685469508171082 0.70710676908493 -3.40111091457265E-17 0.70710676908493 0.70710676908493 -0.0583924166858196 0.704691648483276 0.70710676908493 -0.0583924166858196 0.704691648483276 0.70710676908493 -0.27059805393219 0.653281509876251 0.70710676908493 -0.284041553735733 0.647549510002136 0.70710676908493 -0.284041553735733 0.647549510002136 0.70710676908493 -0.478910386562347 0.520235359668732 0.70710676908493 -0.478910386562347 0.520235359668732 0.70710676908493 -0.5 0.5 0.70710676908493 0.653281509876251 -0.27059805393219 0.70710676908493 0.558006584644318 -0.434313982725143 0.70710676908493 0.668793797492981 -0.229597195982933 0.70710676908493 0.5 -0.5 0.70710676908493 0.558006584644318 -0.434313982725143 0.70710676908493 0.386750757694244 -0.591966092586517 0.70710676908493 0.27059805393219 -0.653281509876251 0.70710676908493 0.173584446310997 -0.685469508171082 0.70710676908493 0.386750757694244 -0.591966092586517 0.70710676908493 -2.0720232452298E-16 -0.70710676908493 0.70710676908493 -0.0583924166858196 -0.704691648483276 0.70710676908493 0.173584446310997 -0.685469508171082 0.70710676908493 -0.27059805393219 -0.653281509876251 0.70710676908493 -0.284041553735733 -0.647549510002136 0.70710676908493 -0.0583924166858196 -0.704691648483276 0.70710676908493 -0.284041553735733 -0.647549510002136 0.70710676908493 -0.478910386562347 -0.520235359668732 0.70710676908493 -0.5 -0.5 0.70710676908493 -0.478910386562347 -0.520235359668732 0.70710676908493 -0.62188184261322 -0.336545616388321 0.70710676908493 -0.653281509876251 -0.27059805393219 0.70710676908493 -0.62188184261322 -0.336545616388321 0.70710676908493 -0.697462737560272 -0.116385951638222 0.70710676908493 -0.70710676908493 1.29893402433953E-16 0.70710676908493 -0.697462737560272 -0.116385951638222 0.70710676908493 -0.478910386562347 0.520235359668732 0.70710676908493 -0.284041553735733 0.647549510002136 0.70710676908493 -0.478910386562347 0.520235359668732 0.70710676908493 -0.697462737560272 0.116385951638222 0.70710676908493 -0.653281509876251 0.27059805393219 0.70710676908493 -0.62188184261322 0.336545616388321 0.70710676908493 -0.697462737560272 0.116385951638222 0.70710676908493 -0.5 0.5 0.70710676908493 -0.62188184261322 0.336545616388321 0.70710676908493 0.70710676908493 4.32978030171328E-17 0.70710676908493 0.70710676908493 4.32978030171328E-17 0.70710676908493 0.668793797492981 -0.229597195982933 0.70710676908493 0.668793797492981 0.229597195982933 0.70710676908493 0.668793797492981 0.229597195982933 0.70710676908493 0.653281509876251 0.27059805393219 0.70710676908493 0.558006584644318 0.434313982725143 0.70710676908493 0.558006584644318 0.434313982725143 0.70710676908493 0.5 0.5 0.70710676908493 0.386750757694244 0.591966092586517 0.70710676908493 0.386750757694244 0.591966092586517 0.70710676908493 0.27059805393219 0.653281509876251 0.70710676908493 0.173584446310997 0.685469508171082 0.70710676908493 0.173584446310997 0.685469508171082 0.70710676908493 1.2299813072683E-16 0.70710676908493 0.70710676908493 -0.0583924166858196 0.704691648483276 0.70710676908493 -0.0583924166858196 0.704691648483276 0.70710676908493 -0.27059805393219 0.653281509876251 0.70710676908493 -0.284041553735733 0.647549510002136 0.70710676908493 0.70710676908493 0 0.70710676908493 0.668793797492981 -0.229597195982933 0.70710676908493 0.70710676908493 0 0.70710676908493 -0.0583924166858196 0.704691648483276 0.70710676908493 -0.27059805393219 0.653281509876251 0.70710676908493 -0.0583924166858196 0.704691648483276 0.70710676908493 0.173584446310997 0.685469508171082 0.70710676908493 -3.40111091457265E-17 0.70710676908493 0.70710676908493 0.173584446310997 0.685469508171082 0.70710676908493 0.386750757694244 0.591966092586517 0.70710676908493 0.27059805393219 0.653281509876251 0.70710676908493 0.386750757694244 0.591966092586517 0.70710676908493 0.668793797492981 0.229597195982933 0.70710676908493 0.668793797492981 0.229597195982933 0.70710676908493 0.653281509876251 0.27059805393219 0.70710676908493 0.558006584644318 0.434313982725143 0.70710676908493 0.558006584644318 0.434313982725143 0.70710676908493 0.5 0.5 0.70710676908493 -0.478910386562347 0.520235359668732 0.70710676908493 -0.5 0.5 0.70710676908493 -0.478910386562347 0.520235359668732 0.70710676908493 -0.62188184261322 0.336545616388321 0.70710676908493 -0.653281509876251 0.27059805393219 0.70710676908493 -0.62188184261322 0.336545616388321 0.70710676908493 -0.697462737560272 0.116385951638222 0.70710676908493 -0.70710676908493 0 0.70710676908493 -0.697462737560272 0.116385951638222 0.70710676908493 -0.697462737560272 -0.116385951638222 0.70710676908493 -0.653281509876251 -0.27059805393219 0.70710676908493 -0.697462737560272 -0.116385951638222 0.70710676908493 -0.62188184261322 -0.336545616388321 0.70710676908493 -0.5 -0.5 0.70710676908493 -0.62188184261322 -0.336545616388321 0.70710676908493 -0.478910386562347 -0.520235359668732 0.70710676908493 -0.284041553735733 -0.647549510002136 0.70710676908493 -0.478910386562347 -0.520235359668732 0.70710676908493 -0.284041553735733 -0.647549510002136 0.70710676908493 -0.27059805393219 -0.653281509876251 0.70710676908493 -0.0583924166858196 -0.704691648483276 0.70710676908493 -2.0720232452298E-16 -0.70710676908493 0.70710676908493 -0.0583924166858196 -0.704691648483276 0.70710676908493 0.173584446310997 -0.685469508171082 0.70710676908493 0.27059805393219 -0.653281509876251 0.70710676908493 0.173584446310997 -0.685469508171082 0.70710676908493 0.386750757694244 -0.591966092586517 0.70710676908493 0.5 -0.5 0.70710676908493 0.386750757694244 -0.591966092586517 0.70710676908493 0.558006584644318 -0.434313982725143 0.70710676908493 0.653281509876251 -0.27059805393219 0.70710676908493 0.558006584644318 -0.434313982725143 0.70710676908493 0.668793797492981 -0.229597195982933 0.70710676908493 -0.284041553735733 0.647549510002136 0.70710676908493 -0.284041553735733 0.647549510002136 0.70710676908493 -0.478910386562347 0.520235359668732 0.70710676908493 -0.5 0.5 0.70710676908493 -0.478910386562347 0.520235359668732 0.70710676908493 0.653281509876251 0.27059805393219 0.70710676908493 0.558006584644318 0.434313982725143 0.70710676908493 0.558006584644318 0.434313982725143 0.70710676908493 0.668793797492981 0.229597195982933 0.70710676908493 0.5 0.5 0.70710676908493 0.386750757694244 0.591966092586517 0.70710676908493 0.386750757694244 0.591966092586517 0.70710676908493 0.27059805393219 0.653281509876251 0.70710676908493 0.173584446310997 0.685469508171082 0.70710676908493 0.173584446310997 0.685469508171082 0.70710676908493 -3.40111091457265E-17 0.70710676908493 0.70710676908493 -0.0583924166858196 0.704691648483276 0.70710676908493 -0.0583924166858196 0.704691648483276 0.70710676908493 -0.27059805393219 0.653281509876251 0.70710676908493 -0.284041553735733 0.647549510002136 0.70710676908493 -0.284041553735733 0.647549510002136 0.70710676908493 -0.62188184261322 0.336545616388321 0.70710676908493 -0.62188184261322 0.336545616388321 0.70710676908493 -0.653281509876251 0.27059805393219 0.70710676908493 -0.697462737560272 0.116385951638222 0.70710676908493 -0.697462737560272 0.116385951638222 0.70710676908493 -0.70710676908493 0 0.70710676908493 -0.697462737560272 -0.116385951638222 0.70710676908493 -0.697462737560272 -0.116385951638222 0.70710676908493 -0.653281509876251 -0.27059805393219 0.70710676908493 -0.62188184261322 -0.336545616388321 0.70710676908493 -0.62188184261322 -0.336545616388321 0.70710676908493 -0.5 -0.5 0.70710676908493 -0.478910386562347 -0.520235359668732 0.70710676908493 -0.478910386562347 -0.520235359668732 0.70710676908493 -0.284041553735733 -0.647549510002136 0.70710676908493 -0.284041553735733 -0.647549510002136 0.70710676908493 -0.27059805393219 -0.653281509876251 0.70710676908493 -0.0583924166858196 -0.704691648483276 0.70710676908493 -0.0583924166858196 -0.704691648483276 0.70710676908493 -2.0720232452298E-16 -0.70710676908493 0.70710676908493 0.173584446310997 -0.685469508171082 0.70710676908493 0.173584446310997 -0.685469508171082 0.70710676908493 0.27059805393219 -0.653281509876251 0.70710676908493 0.386750757694244 -0.591966092586517 0.70710676908493 0.386750757694244 -0.591966092586517 0.70710676908493 0.5 -0.5 0.70710676908493 0.558006584644318 -0.434313982725143 0.70710676908493 0.558006584644318 -0.434313982725143 0.70710676908493 0.653281509876251 -0.27059805393219 0.70710676908493 0.668793797492981 -0.229597195982933 0.70710676908493 0.668793797492981 -0.229597195982933 0.70710676908493 0.70710676908493 0 0.70710676908493 0.70710676908493 0 0.70710676908493 0.668793797492981 0.229597195982933 0.70710676908493 0.668793797492981 0.229597195982933 0.70710676908493 0.653281509876251 0.27059805393219 0.70710676908493 0.668793797492981 0.229597195982933 0.70710676908493 0.558006584644318 0.434313982725143 0.70710676908493 0.558006584644318 0.434313982725143 0.70710676908493 0.5 0.5 0.70710676908493 0.386750757694244 0.591966092586517 0.70710676908493 0.386750757694244 0.591966092586517 0.70710676908493 0.27059805393219 0.653281509876251 0.70710676908493 0.173584446310997 0.685469508171082 0.70710676908493 0.173584446310997 0.685469508171082 0.70710676908493 -0.5 -0.5 0.70710676908493 -0.478910386562347 -0.520235359668732 0.70710676908493 -0.478910386562347 -0.520235359668732 0.70710676908493 -0.284041553735733 -0.647549510002136 0.70710676908493 -0.284041553735733 -0.647549510002136 0.70710676908493 -0.70710676908493 0 0.70710676908493 -0.697462737560272 -0.116385951638222 0.70710676908493 -0.697462737560272 -0.116385951638222 0.70710676908493 -0.697462737560272 0.116385951638222 0.70710676908493 0.70710676908493 0 0.70710676908493 0.70710676908493 0 0.70710676908493 -0.653281509876251 0.27059805393219 0.70710676908493 -0.62188184261322 0.336545616388321 0.70710676908493 -0.697462737560272 0.116385951638222 0.70710676908493 -0.5 0.5 0.70710676908493 -0.478910386562347 0.520235359668732 0.70710676908493 -0.62188184261322 0.336545616388321 0.70710676908493 -0.478910386562347 0.520235359668732 0.70710676908493 -0.284041553735733 0.647549510002136 0.70710676908493 -0.27059805393219 -0.653281509876251 0.70710676908493 -0.0583924166858196 -0.704691648483276 0.70710676908493 -0.0583924166858196 -0.704691648483276 0.70710676908493 -2.0720232452298E-16 -0.70710676908493 0.70710676908493 0.173584446310997 -0.685469508171082 0.70710676908493 0.173584446310997 -0.685469508171082 0.70710676908493 0.27059805393219 -0.653281509876251 0.70710676908493 0.386750757694244 -0.591966092586517 0.70710676908493 0.386750757694244 -0.591966092586517 0.70710676908493 0.5 -0.5 0.70710676908493 0.558006584644318 -0.434313982725143 0.70710676908493 0.558006584644318 -0.434313982725143 0.70710676908493 0.653281509876251 -0.27059805393219 0.70710676908493 0.668793797492981 -0.229597195982933 0.70710676908493 0.668793797492981 -0.229597195982933 0.70710676908493 -0.62188184261322 -0.336545616388321 0.70710676908493 -0.62188184261322 -0.336545616388321 0.70710676908493 -0.653281509876251 -0.27059805393219 0.70710676908493 -0.284041553735733 0.647549510002136 0.70710676908493 -0.0583924166858196 0.704691648483276 0.70710676908493 -0.27059805393219 0.653281509876251 0.70710676908493 -0.0583924166858196 0.704691648483276 0.70710676908493 -3.40111091457265E-17 0.70710676908493 1 0 0 1 0 0 1 0 0 1 0 0 0.885456025600433 -1.8760566142288E-16 -0.464723169803619 1 -2.11874624434484E-16 0 1 -2.11874624434484E-16 0 0.885456025600433 -1.8760566142288E-16 -0.464723169803619 0.568064749240875 -1.203584981305E-16 -0.822983860969543 0.120536677539349 -2.55386637451766E-17 -0.99270886182785 0.120536677539349 -2.55386637451766E-17 -0.99270886182785 -0.35460489988327 7.51317760993421E-17 -0.935016214847565 -0.35460489988327 7.51317760993421E-17 -0.935016214847565 -0.748510777950287 1.58590428700676E-16 -0.663122653961182 -0.748510777950287 1.58590428700676E-16 -0.663122653961182 -0.970941841602325 2.05717925752696E-16 -0.239315658807755 -0.970941841602325 2.05717925752696E-16 -0.239315658807755 -0.970941841602325 2.05717925752696E-16 0.239315658807755 -1 2.11874624434484E-16 -1.22464685258517E-16 -1 2.11874624434484E-16 -1.22464685258517E-16 -0.970941841602325 2.05717925752696E-16 0.239315658807755 -0.748510777950287 1.58590428700676E-16 0.663122653961182 -0.748510777950287 1.58590428700676E-16 0.663122653961182 -0.35460489988327 7.51317760993421E-17 0.935016214847565 -0.35460489988327 7.51317760993421E-17 0.935016214847565 0.120536677539349 -2.55386637451766E-17 0.99270886182785 0.120536677539349 -2.55386637451766E-17 0.99270886182785 0.568064749240875 -1.203584981305E-16 0.822983860969543 0.568064749240875 -1.203584981305E-16 0.822983860969543 0.885456025600433 -1.8760566142288E-16 0.464723169803619 0.885456025600433 -1.8760566142288E-16 0.464723169803619 0.568064749240875 -1.203584981305E-16 -0.822983860969543 -2.11874624434484E-16 -1 0 -2.11874624434484E-16 -1 0 -2.11874624434484E-16 -1 0 -2.11874624434484E-16 -1 0 -2.11874624434484E-16 -1 0 -2.11874624434484E-16 -1 0 -2.11874624434484E-16 -1 0 -2.11874624434484E-16 -1 0 -2.11874624434484E-16 -1 0 -2.11874624434484E-16 -1 0 -2.11874624434484E-16 -1 0 -2.11874624434484E-16 -1 0 -2.11874624434484E-16 -1 0 -2.11874624434484E-16 -1 0 -2.11874624434484E-16 -1 0 -1 2.11874624434484E-16 -1.22464685258517E-16 -0.970941841602325 2.05717925752696E-16 0.239315658807755 -0.970941841602325 2.05717925752696E-16 0.239315658807755 -0.970941841602325 2.05717925752696E-16 -0.239315658807755 -0.748510777950287 1.58590428700676E-16 -0.663122653961182 -0.748510777950287 1.58590428700676E-16 -0.663122653961182 -0.35460489988327 7.51317760993421E-17 -0.935016214847565 -0.35460489988327 7.51317760993421E-17 -0.935016214847565 0.120536677539349 -2.55386637451766E-17 -0.99270886182785 0.120536677539349 -2.55386637451766E-17 -0.99270886182785 0.568064749240875 -1.203584981305E-16 -0.822983860969543 0.568064749240875 -1.203584981305E-16 -0.822983860969543 0.885456025600433 -1.8760566142288E-16 -0.464723169803619 0.885456025600433 -1.8760566142288E-16 -0.464723169803619 1 0 0 1 0 0 -1 2.11874624434484E-16 -1.22464685258517E-16 -0.970941841602325 2.05717925752696E-16 -0.239315658807755 -0.748510777950287 1.58590428700676E-16 0.663122653961182 -0.35460489988327 7.51317760993421E-17 0.935016214847565 -0.748510777950287 1.58590428700676E-16 0.663122653961182 0.120536677539349 -2.55386637451766E-17 0.99270886182785 -0.35460489988327 7.51317760993421E-17 0.935016214847565 0.568064749240875 -1.203584981305E-16 0.822983860969543 0.120536677539349 -2.55386637451766E-17 0.99270886182785 0.885456025600433 -1.8760566142288E-16 0.464723169803619 0.568064749240875 -1.203584981305E-16 0.822983860969543 0.885456025600433 -1.8760566142288E-16 0.464723169803619 -2.11874624434484E-16 -1 0 -2.11874624434484E-16 -1 0 -2.11874624434484E-16 -1 0 -2.11874624434484E-16 -1 0 -2.11874624434484E-16 -1 0 -2.11874624434484E-16 -1 0 -2.11874624434484E-16 -1 0 -2.11874624434484E-16 -1 0 -2.11874624434484E-16 -1 0 -2.11874624434484E-16 -1 0 -2.11874624434484E-16 -1 0 -2.11874624434484E-16 -1 0 -2.11874624434484E-16 -1 0 -2.11874624434484E-16 -1 0 -2.11874624434484E-16 -1 0 0 -2.44929370517034E-16 1 0 -0.406736642122269 0.913545429706573 0 -2.44929370517034E-16 1 0 -0.743144810199738 0.669130623340607 0 -0.95105654001236 0.30901700258255 0 -0.743144810199738 0.669130623340607 0 -0.406736642122269 0.913545429706573 0 -0.95105654001236 0.30901700258255 0 -0.994521915912628 -0.104528464376926 0 -0.994521915912628 -0.104528464376926 0 -0.866025388240814 -0.5 0 -0.866025388240814 -0.5 0 -0.587785243988037 -0.80901700258255 0 -0.587785243988037 -0.80901700258255 0 -0.207911685109138 -0.978147625923157 0 -0.207911685109138 -0.978147625923157 0 0.207911685109138 -0.978147625923157 0 0.207911685109138 -0.978147625923157 0 0.587785243988037 -0.80901700258255 0 0.587785243988037 -0.80901700258255 0 0.866025388240814 -0.5 0 0.866025388240814 -0.5 0 0.994521915912628 -0.104528464376926 0 1 6.12323426292584E-17 0 0.95105654001236 0.30901700258255 0 0.994521915912628 -0.104528464376926 0 0.95105654001236 0.30901700258255 0 0.743144810199738 0.669130623340607 0 0.743144810199738 0.669130623340607 0 0.406736642122269 0.913545429706573 0 0.406736642122269 0.913545429706573 0 -0.207911685109138 -0.978147625923157 0 -0.587785243988037 -0.80901700258255 0 -0.207911685109138 -0.978147625923157 0 -0.587785243988037 -0.80901700258255 0 -0.866025388240814 -0.5 0 -0.866025388240814 -0.5 0 -0.994521915912628 -0.104528464376926 0 -0.994521915912628 -0.104528464376926 0 -0.95105654001236 0.30901700258255 0 -0.95105654001236 0.30901700258255 0 -0.743144810199738 0.669130623340607 0 -0.743144810199738 0.669130623340607 0 -0.406736642122269 0.913545429706573 0 0.866025388240814 -0.5 0 0.994521915912628 -0.104528464376926 0 0.866025388240814 -0.5 0 1 6.12323426292584E-17 0 0.95105654001236 0.30901700258255 0 -0.406736642122269 0.913545429706573 0 -2.44929370517034E-16 1 0 0.207911685109138 -0.978147625923157 0 0.587785243988037 -0.80901700258255 0 0.207911685109138 -0.978147625923157 0 0.994521915912628 -0.104528464376926 0 0.95105654001236 0.30901700258255 0 0.743144810199738 0.669130623340607 0 0.743144810199738 0.669130623340607 0 0.406736642122269 0.913545429706573 0 0.406736642122269 0.913545429706573 0 -2.44929370517034E-16 1 0 0.587785243988037 -0.80901700258255</float_array><technique_common><accessor count="1808" source="#bau0128547867-2-mesh-normals-array" stride="3"><param name="X" type="float" /><param name="Y" type="float" /><param name="Z" type="float" /></accessor></technique_common></source><vertices id="bau0128547867-2-mesh-vertices"><input semantic="POSITION" source="#bau0128547867-2-mesh-positions" /></vertices><triangles count="1784" material="zincplated-material"><input offset="0" semantic="VERTEX" source="#bau0128547867-2-mesh-vertices" /><input offset="1" semantic="NORMAL" source="#bau0128547867-2-mesh-normals" /><p>0 0 1 1 2 2 3 3 4 4 5 5 6 6 7 7 8 8 9 9 10 10 11 11 12 12 13 13 14 14 15 15 16 16 17 17 18 18 19 19 20 20 21 21 22 22 23 23 24 24 25 25 26 26 27 27 28 28 29 29 30 30 31 31 32 32 33 33 34 34 35 35 36 36 37 37 38 38 39 39 40 40 41 41 42 42 43 43 44 44 45 45 46 46 47 47 0 0 46 46 45 45 46 46 0 0 2 2 45 45 43 43 42 42 43 43 45 45 47 47 42 42 40 40 39 39 40 40 42 42 44 44 37 37 39 39 41 41 37 37 36 36 39 39 34 34 36 36 38 38 34 34 33 33 36 36 33 33 31 31 30 30 48 48 33 33 35 35 1 1 0 0 3 3 30 30 28 28 27 27 28 28 30 30 32 32 27 27 25 25 24 24 25 25 27 27 29 29 22 22 24 24 26 26 22 22 21 21 24 24 19 19 21 21 23 23 19 19 18 18 21 21 49 49 18 18 20 20 15 15 49 49 16 16 49 49 15 15 18 18 15 15 13 13 12 12 13 13 15 15 17 17 12 12 10 10 9 9 10 10 12 12 14 14 7 7 9 9 11 11 7 7 6 6 9 9 4 4 6 6 8 8 4 4 3 3 6 6 1 1 3 3 5 5 31 31 33 33 48 48 50 50 51 51 52 52 53 53 54 54 55 55 56 56 57 57 58 58 59 59 60 60 61 61 62 62 63 63 64 64 65 65 66 66 67 67 68 68 69 69 70 70 71 71 72 72 73 73 74 74 75 75 76 76 77 77 78 78 79 79 80 80 81 81 82 82 83 83 84 84 85 85 86 86 87 87 88 88 89 89 90 90 91 91 92 92 93 93 94 94 51 51 50 50 53 53 51 51 53 53 55 55 54 54 53 53 56 56 54 54 56 56 58 58 57 57 56 56 59 59 57 57 59 59 61 61 60 60 62 62 64 64 62 62 60 60 59 59 63 63 65 65 67 67 65 65 63 63 62 62 95 95 65 65 68 68 65 65 95 95 66 66 95 95 68 68 70 70 69 69 68 68 71 71 69 69 71 71 73 73 72 72 71 71 74 74 72 72 74 74 76 76 75 75 77 77 79 79 77 77 75 75 74 74 78 78 80 80 82 82 80 80 78 78 77 77 81 81 83 83 96 96 83 83 81 81 80 80 96 96 83 83 85 85 84 84 83 83 86 86 84 84 86 86 88 88 87 87 86 86 89 89 87 87 89 89 91 91 90 90 92 92 94 94 92 92 90 90 89 89 93 93 97 97 98 98 97 97 93 93 92 92 99 99 50 50 52 52 50 50 99 99 97 97 97 97 99 99 98 98 100 100 101 101 102 102 100 100 103 103 101 101 104 104 103 103 105 105 104 104 106 106 103 103 107 107 106 106 108 108 107 107 109 109 106 106 110 110 111 111 112 112 111 111 110 110 101 101 113 113 114 114 115 115 114 114 113 113 111 111 116 116 114 114 117 117 114 114 116 116 118 118 116 116 117 117 119 119 120 120 117 117 121 121 120 120 121 121 122 122 123 123 121 121 124 124 123 123 124 124 125 125 126 126 127 127 128 128 127 127 126 126 124 124 129 129 130 130 131 131 130 130 129 129 127 127 132 132 133 133 134 134 133 133 132 132 130 130 134 134 133 133 135 135 136 136 133 133 137 137 136 136 137 137 138 138 139 139 137 137 140 140 139 139 140 140 141 141 142 142 143 143 144 144 143 143 142 142 140 140 145 145 146 146 147 147 146 146 145 145 143 143 148 148 109 109 149 149 109 109 148 148 146 146 146 146 148 148 147 147 143 143 145 145 144 144 140 140 142 142 141 141 137 137 139 139 138 138 133 133 136 136 135 135 130 130 132 132 131 131 127 127 129 129 128 128 124 124 126 126 125 125 121 121 123 123 122 122 117 117 120 120 119 119 114 114 118 118 115 115 111 111 113 113 112 112 101 101 110 110 102 102 103 103 100 100 105 105 106 106 104 104 108 108 109 109 107 107 149 149 150 150 151 151 152 152 153 153 151 151 154 154 155 155 153 153 156 156 153 153 155 155 151 151 155 155 157 157 158 158 157 157 155 155 159 159 158 158 160 160 161 161 160 160 158 158 162 162 163 163 161 161 164 164 163 163 165 165 161 161 166 166 165 165 167 167 166 166 168 168 165 165 169 169 168 168 170 170 171 171 172 172 173 173 172 172 171 171 174 174 175 175 176 176 177 177 176 176 175 175 172 172 178 178 179 179 180 180 179 179 178 178 176 176 180 180 179 179 181 181 182 182 174 174 183 183 184 184 185 185 186 186 150 150 152 152 187 187 188 188 189 189 190 190 191 191 192 192 193 193 192 192 191 191 189 189 194 194 195 195 196 196 195 195 194 194 192 192 197 197 198 198 199 199 198 198 197 197 195 195 195 195 197 197 196 196 192 192 194 194 193 193 189 189 191 191 190 190 185 185 188 188 186 186 179 179 184 184 181 181 176 176 178 178 177 177 172 172 175 175 173 173 174 174 171 171 183 183 152 152 182 182 187 187 151 151 150 150 154 154 155 155 156 156 159 159 158 158 157 157 162 162 161 161 160 160 164 164 165 165 163 163 167 167 168 168 166 166 170 170 198 198 169 169 199 199 188 188 185 185 189 189 182 182 152 152 174 174 184 184 179 179 185 185 169 169 198 198 168 168 200 200 201 201 202 202 202 202 203 203 204 204 205 205 206 206 207 207 208 208 209 209 210 210 211 211 212 212 213 213 214 214 215 215 216 216 217 217 218 218 219 219 220 220 221 221 222 222 223 223 224 224 225 225 226 226 227 227 228 228 229 229 230 230 231 231 232 232 233 233 234 234 235 235 236 236 237 237 238 238 239 239 240 240 241 241 242 242 243 243 244 244 245 245 246 246 201 201 245 245 244 244 245 245 201 201 247 247 244 244 242 242 241 241 242 242 244 244 246 246 241 241 239 239 238 238 239 239 241 241 243 243 236 236 238 238 240 240 236 236 235 235 238 238 233 233 235 235 237 237 233 233 232 232 235 235 248 248 232 232 234 234 232 232 230 230 229 229 230 230 232 232 248 248 229 229 227 227 226 226 227 227 229 229 231 231 226 226 224 224 223 223 224 224 226 226 228 228 221 221 223 223 225 225 221 221 220 220 223 223 218 218 220 220 222 222 218 218 217 217 220 220 249 249 217 217 219 219 214 214 249 249 215 215 249 249 214 214 217 217 214 214 212 212 211 211 212 212 214 214 216 216 211 211 209 209 208 208 209 209 211 211 213 213 206 206 208 208 210 210 206 206 205 205 208 208 203 203 205 205 207 207 203 203 202 202 205 205 200 200 202 202 204 204 201 201 200 200 247 247 250 250 251 251 252 252 253 253 251 251 254 254 255 255 253 253 256 256 253 253 255 255 251 251 255 255 257 257 258 258 250 250 252 252 259 259 258 258 260 260 261 261 260 260 258 258 262 262 263 263 261 261 264 264 263 263 265 265 261 261 266 266 265 265 267 267 266 266 268 268 265 265 257 257 255 255 269 269 270 270 268 268 271 271 270 270 272 272 268 268 273 273 252 252 274 274 268 268 266 266 271 271 265 265 263 263 267 267 261 261 260 260 264 264 258 258 257 257 262 262 255 255 256 256 269 269 273 273 274 274 275 275 276 276 277 277 278 278 277 277 276 276 274 274 279 279 280 280 281 281 280 280 279 279 277 277 282 282 283 283 284 284 283 283 282 282 280 280 284 284 283 283 285 285 286 286 283 283 287 287 286 286 287 287 288 288 289 289 287 287 290 290 289 289 290 290 291 291 292 292 293 293 294 294 293 293 292 292 290 290 295 295 296 296 297 297 296 296 295 295 293 293 298 298 272 272 299 299 272 272 298 298 296 296 296 296 298 298 297 297 293 293 295 295 294 294 290 290 292 292 291 291 287 287 289 289 288 288 283 283 286 286 285 285 280 280 282 282 281 281 277 277 279 279 278 278 274 274 276 276 275 275 252 252 273 273 259 259 272 272 270 270 299 299 251 251 250 250 254 254 300 300 301 301 302 302 303 303 304 304 305 305 306 306 305 305 307 307 305 305 306 306 303 303 301 301 300 300 308 308 304 304 303 303 309 309 302 302 309 309 300 300 309 309 302 302 304 304 310 310 311 311 312 312 311 311 310 310 313 313 314 314 315 315 316 316 315 315 314 314 317 317 318 318 319 319 320 320 321 321 320 320 322 322 323 323 322 322 324 324 325 325 324 324 326 326 319 319 318 318 327 327 320 320 321 321 318 318 322 322 323 323 321 321 324 324 325 325 323 323 328 328 329 329 330 330 328 328 331 331 332 332 333 333 330 330 329 329 328 328 334 334 331 331 335 335 328 328 332 332 336 336 337 337 338 338 334 334 328 328 339 339 329 329 328 328 335 335 336 336 340 340 337 337 341 341 336 336 338 338 342 342 330 330 333 333 336 336 343 343 339 339 344 344 330 330 342 342 343 343 336 336 341 341 345 345 330 330 344 344 346 346 339 339 343 343 345 345 336 336 330 330 336 336 345 345 340 340 339 339 346 346 347 347 339 339 347 347 334 334 348 348 349 349 350 350 349 349 351 351 352 352 349 349 348 348 351 351 353 353 354 354 355 355 356 356 355 355 357 357 358 358 357 357 359 359 360 360 361 361 354 354 357 357 358 358 356 356 355 355 356 356 353 353 354 354 353 353 360 360 361 361 360 360 362 362 363 363 364 364 365 365 364 364 363 363 366 366 367 367 368 368 369 369 367 367 369 369 370 370 368 368 367 367 371 371 372 372 373 373 374 374 375 375 376 376 377 377 378 378 377 377 379 379 377 377 378 378 375 375 376 376 375 375 380 380 374 374 380 380 372 372 373 373 372 372 381 381 380 380 374 374 376 376 382 382 383 383 384 384 385 385 382 382 386 386 387 387 388 388 389 389 390 390 391 391 392 392 383 383 382 382 393 393 394 394 393 393 395 395 391 391 396 396 397 397 398 398 382 382 385 385 399 399 388 388 387 387 391 391 400 400 396 396 400 400 388 388 399 399 395 395 391 391 390 390 382 382 384 384 386 386 393 393 394 394 401 401 388 388 398 398 389 389 391 391 395 395 393 393 393 393 401 401 383 383 382 382 398 398 388 388 391 391 397 397 392 392 400 400 391 391 388 388 402 402 403 403 404 404 405 405 402 402 406 406 403 403 402 402 405 405 407 407 408 408 409 409 410 410 408 408 411 411 408 408 407 407 412 412 408 408 410 410 409 409 413 413 414 414 415 415 414 414 413 413 411 411 410 410 413 413 416 416 417 417 418 418 419 419 420 420 421 421 422 422 421 421 420 420 423 423 422 422 409 409 410 410 409 409 422 422 421 421 418 418 417 417 410 410 424 424 410 410 416 416 410 410 424 424 418 418 425 425 424 424 416 416 424 424 425 425 426 426 413 413 410 410 411 411 427 427 428 428 429 429 430 430 429 429 431 431 429 429 430 430 427 427 432 432 433 433 434 434 435 435 434 434 436 436 428 428 427 427 433 433 434 434 435 435 432 432 433 433 432 432 428 428 437 437 438 438 439 439 438 438 437 437 440 440 441 441 442 442 443 443 442 442 441 441 444 444 441 441 443 443 445 445 446 446 447 447 448 448 449 449 450 450 451 451 452 452 453 453 454 454 455 455 456 456 457 457 458 458 459 459 460 460 461 461 462 462 463 463 464 464 465 465 466 466 467 467 468 468 469 469 470 470 468 468 471 471 472 472 468 468 473 473 462 462 474 474 475 475 464 464 476 476 461 461 473 473 468 468 467 467 464 464 477 477 478 478 474 474 462 462 479 479 462 462 480 480 481 481 476 476 464 464 466 466 482 482 461 461 476 476 468 468 472 472 483 483 483 483 484 484 485 485 486 486 464 464 478 478 487 487 464 464 461 461 488 488 489 489 464 464 490 490 491 491 489 489 492 492 493 493 491 491 494 494 495 495 493 493 496 496 446 446 495 495 497 497 498 498 446 446 499 499 500 500 501 501 480 480 462 462 475 475 470 470 481 481 469 469 502 502 461 461 482 482 484 484 483 483 472 472 483 483 477 477 464 464 465 465 464 464 486 486 481 481 470 470 462 462 468 468 470 470 469 469 479 479 461 461 502 502 477 477 483 483 485 485 462 462 461 461 479 479 489 489 503 503 504 504 489 489 505 505 506 506 464 464 507 507 508 508 455 455 505 505 489 489 489 489 509 509 503 503 464 464 504 504 510 510 483 483 511 511 458 458 455 455 458 458 460 460 509 509 489 489 506 506 504 504 464 464 489 489 512 512 464 464 510 510 483 483 513 513 514 514 458 458 515 515 516 516 458 458 455 455 517 517 505 505 455 455 460 460 507 507 464 464 512 512 513 513 464 464 508 508 518 518 483 483 514 514 515 515 458 458 511 511 459 459 458 458 516 516 513 513 483 483 464 464 519 519 483 483 518 518 520 520 483 483 519 519 511 511 483 483 520 520 491 491 521 521 522 522 491 491 523 523 524 524 489 489 525 525 526 526 501 501 527 527 528 528 491 491 529 529 521 521 489 489 530 530 531 531 455 455 532 532 533 533 534 534 456 456 535 535 501 501 523 523 491 491 529 529 491 491 524 524 489 489 522 522 530 530 536 536 489 489 531 531 455 455 526 526 532 532 537 537 455 455 533 533 538 538 456 456 539 539 527 527 501 501 534 534 523 523 501 501 528 528 522 522 489 489 491 491 525 525 489 489 536 536 526 526 455 455 489 489 539 539 455 455 537 537 535 535 456 456 538 538 456 456 455 455 539 539 456 456 534 534 501 501 493 493 540 540 541 541 498 498 497 497 542 542 446 446 496 496 497 497 495 495 494 494 496 496 493 493 492 492 494 494 491 491 490 490 492 492 489 489 488 488 490 490 464 464 487 487 488 488 447 447 446 446 498 498 543 543 449 449 495 495 544 544 495 495 545 545 546 546 547 547 548 548 451 451 548 548 547 547 549 549 448 448 550 550 449 449 543 543 450 450 545 545 495 495 551 551 552 552 495 495 446 446 548 548 451 451 553 553 554 554 446 446 555 555 550 550 448 448 556 556 546 546 556 556 448 448 557 557 546 546 558 558 495 495 544 544 543 543 495 495 552 552 559 559 553 553 451 451 560 560 555 555 446 446 549 549 556 556 546 546 561 561 558 558 546 546 548 548 495 495 559 559 551 551 560 560 451 451 450 450 446 446 554 554 562 562 546 546 557 557 561 561 547 547 546 546 563 563 448 448 549 549 446 446 446 446 562 562 552 552 564 564 449 449 453 453 564 564 453 453 565 565 449 449 564 564 566 566 567 567 449 449 568 568 565 565 453 453 569 569 570 570 493 493 571 571 572 572 495 495 567 567 568 568 449 449 573 573 569 569 453 453 574 574 493 493 570 570 575 575 449 449 567 567 495 495 449 449 566 566 576 576 453 453 452 452 577 577 578 578 452 452 493 493 571 571 493 493 579 579 580 580 493 493 495 495 449 449 576 576 573 573 452 452 578 578 577 577 493 493 580 580 579 579 581 581 495 495 582 582 574 574 453 453 577 577 493 493 575 575 578 578 495 495 572 572 582 582 495 495 581 581 580 580 583 583 501 501 491 491 584 584 452 452 585 585 586 586 501 501 587 587 583 583 491 491 588 588 589 589 491 491 590 590 540 540 493 493 591 591 452 452 584 584 493 493 592 592 452 452 593 593 594 594 452 452 595 595 500 500 499 499 596 596 501 501 583 583 587 587 491 491 589 589 597 597 590 590 493 493 541 541 591 591 493 493 598 598 585 585 452 452 599 599 452 452 594 594 593 593 500 500 594 594 595 595 501 501 586 586 499 499 493 493 590 590 491 491 493 493 584 584 598 598 594 594 500 500 596 596 491 491 597 597 588 588 452 452 592 592 599 599 600 600 601 601 602 602 603 603 601 601 600 600 604 604 601 601 603 603 605 605 601 601 604 604 606 606 605 605 607 607 605 605 606 606 601 601 608 608 606 606 607 607 606 606 608 608 609 609 610 610 611 611 612 612 611 611 610 610 613 613 614 614 615 615 616 616 617 617 618 618 619 619 620 620 617 617 614 614 621 621 617 617 619 619 615 615 614 614 617 617 617 617 622 622 623 623 622 622 617 617 621 621 617 617 624 624 625 625 617 617 626 626 624 624 626 626 617 617 623 623 618 618 617 617 620 620 616 616 615 615 627 627 628 628 629 629 630 630 630 630 631 631 632 632 633 633 634 634 635 635 636 636 629 629 637 637 629 629 628 628 638 638 635 635 639 639 640 640 629 629 638 638 637 637 629 629 641 641 633 633 642 642 643 643 644 644 645 645 646 646 642 642 647 647 648 648 649 649 650 650 651 651 647 647 652 652 653 653 650 650 654 654 655 655 652 652 633 633 656 656 629 629 657 657 654 654 658 658 654 654 657 657 659 659 660 660 654 654 661 661 654 654 660 660 658 658 662 662 659 659 663 663 661 661 654 654 664 664 664 664 665 665 666 666 659 659 657 657 663 663 666 666 665 665 667 667 668 668 669 669 659 659 665 665 664 664 654 654 659 659 662 662 668 668 669 669 668 668 670 670 667 667 629 629 671 671 672 672 656 656 673 673 674 674 656 656 669 669 671 671 629 629 672 672 656 656 674 674 673 673 656 656 672 672 629 629 675 675 676 676 677 677 677 677 645 645 678 678 645 645 677 677 676 676 679 679 645 645 680 680 645 645 679 679 678 678 681 681 649 649 682 682 649 649 681 681 680 680 683 683 629 629 636 636 684 684 649 649 685 685 685 685 648 648 686 686 687 687 648 648 688 688 682 682 649 649 689 689 648 648 685 685 649 649 648 648 687 687 690 690 649 649 684 684 689 689 648 648 690 690 691 691 692 692 633 633 641 641 693 693 635 635 634 634 630 630 640 640 631 631 694 694 630 630 632 632 641 641 629 629 683 683 695 695 633 633 692 692 639 639 635 635 693 693 696 696 697 697 698 698 698 698 699 699 700 700 700 700 701 701 702 702 702 702 703 703 704 704 704 704 705 705 706 706 706 706 707 707 708 708 708 708 709 709 710 710 710 710 711 711 712 712 712 712 713 713 714 714 714 714 715 715 630 630 630 630 716 716 635 635 644 644 698 698 642 642 698 698 717 717 718 718 645 645 702 702 680 680 706 706 719 719 720 720 708 708 721 721 722 722 665 665 630 630 629 629 630 630 723 723 628 628 643 643 642 642 646 646 646 646 645 645 676 676 648 648 647 647 651 651 651 651 650 650 653 653 653 653 652 652 655 655 655 655 654 654 659 659 656 656 633 633 724 724 669 669 670 670 674 674 629 629 667 667 665 665 676 676 675 675 688 688 680 680 725 725 679 679 652 652 726 726 654 654 712 712 727 727 728 728 706 706 729 729 704 704 649 649 730 730 731 731 640 640 630 630 635 635 723 723 630 630 694 694 634 634 633 633 695 695 630 630 665 665 714 714 710 710 732 732 733 733 650 650 734 734 652 652 710 710 735 735 736 736 650 650 722 722 737 737 652 652 738 738 739 739 735 735 710 710 733 733 708 708 740 740 741 741 722 722 650 650 708 708 742 742 650 650 737 737 738 738 652 652 734 734 652 652 732 732 710 710 740 740 710 710 736 736 708 708 743 743 721 721 744 744 650 650 742 742 745 745 652 652 739 739 740 740 708 708 710 710 743 743 708 708 741 741 734 734 650 650 744 744 732 732 652 652 745 745 650 650 746 746 747 747 647 647 748 748 749 749 708 708 750 750 751 751 647 647 720 720 748 748 647 647 752 752 753 753 650 650 754 754 708 708 706 706 755 755 756 756 720 720 647 647 706 706 752 752 647 647 749 749 650 650 753 753 746 746 757 757 650 650 747 747 750 750 708 708 754 754 708 708 758 758 706 706 719 719 706 706 756 756 753 753 650 650 647 647 754 754 650 650 757 757 759 759 708 708 751 751 755 755 706 706 758 758 680 680 681 681 725 725 649 649 760 760 730 730 702 702 761 761 762 762 704 704 763 763 764 764 680 680 765 765 766 766 763 763 704 704 729 729 702 702 764 764 761 761 702 702 767 767 768 768 680 680 760 760 649 649 764 764 702 702 704 704 767 767 702 702 762 762 680 680 768 768 769 769 760 760 680 680 766 766 768 768 680 680 702 702 765 765 680 680 769 769 647 647 731 731 770 770 731 731 647 647 649 649 706 706 771 771 772 772 647 647 771 771 706 706 729 729 706 706 772 772 771 771 647 647 770 770 714 714 773 773 774 774 654 654 775 775 776 776 712 712 777 777 727 727 775 775 654 654 726 726 665 665 778 778 714 714 714 714 777 777 712 712 665 665 776 776 779 779 780 780 714 714 778 778 777 777 714 714 774 774 776 776 665 665 654 654 781 781 665 665 779 779 773 773 714 714 780 780 782 782 665 665 781 781 778 778 665 665 782 782 710 710 783 783 784 784 710 710 728 728 783 783 652 652 784 784 785 785 728 728 710 710 712 712 784 784 652 652 710 710 726 726 652 652 785 785 688 688 786 786 687 687 786 786 688 688 675 675 697 697 696 696 787 787 699 699 698 698 697 697 701 701 700 700 699 699 703 703 702 702 701 701 705 705 704 704 703 703 707 707 706 706 705 705 709 709 708 708 707 707 711 711 710 710 709 709 713 713 712 712 711 711 715 715 714 714 713 713 716 716 630 630 715 715 698 698 644 644 696 696 788 788 645 645 789 789 790 790 698 698 700 700 789 789 645 645 791 791 792 792 642 642 793 793 698 698 790 790 794 794 645 645 788 788 700 700 642 642 792 792 645 645 698 698 794 794 795 795 700 700 788 788 796 796 645 645 792 792 797 797 798 798 642 642 799 799 718 718 642 642 698 698 698 698 795 795 717 717 800 800 700 700 801 801 648 648 691 691 686 686 645 645 797 797 791 791 642 642 718 718 799 799 700 700 800 800 790 790 642 642 798 798 793 793 700 700 796 796 801 801 702 702 645 645 700 700 758 758 708 708 759 759 802 802 803 803 804 804 805 805 806 806 802 802 803 803 802 802 806 806 807 807 808 808 809 809 806 806 805 805 810 810 810 810 809 809 808 808 808 808 807 807 811 811 812 812 807 807 813 813 814 814 807 807 812 812 807 807 815 815 811 811 815 815 807 807 814 814 811 811 816 816 817 817 818 818 811 811 815 815 816 816 811 811 818 818 819 819 811 811 817 817 820 820 811 811 819 819 811 811 821 821 822 822 809 809 810 810 805 805 821 821 811 811 823 823 811 811 820 820 823 823 824 824 825 825 826 826 827 827 828 828 829 829 830 830 831 831 832 832 833 833 834 834 835 835 836 836 837 837 828 828 838 838 827 827 829 829 831 831 839 839 840 840 834 834 825 825 824 824 836 836 828 828 841 841 828 828 827 827 841 841 842 842 827 827 838 838 843 843 831 831 830 830 827 827 842 842 844 844 824 824 845 845 846 846 834 834 847 847 848 848 827 827 849 849 841 841 831 831 850 850 851 851 835 835 834 834 848 848 849 849 824 824 846 846 824 824 826 826 845 845 850 850 831 831 827 827 852 852 853 853 843 843 824 824 849 849 827 827 847 847 831 831 840 840 825 825 834 834 833 833 854 854 853 853 852 852 839 839 831 831 843 843 847 847 834 834 831 831 837 837 853 853 855 855 855 855 853 853 854 854 853 853 837 837 836 836 839 839 843 843 853 853 832 832 831 831 851 851 827 827 844 844 850 850 856 856 857 857 858 858 859 859 860 860 861 861 860 860 859 859 862 862 861 861 863 863 864 864 861 861 865 865 866 866 867 867 868 868 857 857 865 865 861 861 860 860 863 863 861 861 866 866 858 858 869 869 856 856 870 870 871 871 872 872 864 864 873 873 861 861 857 857 856 856 867 867 871 871 870 870 874 874 871 871 875 875 872 872 869 869 873 873 864 864 869 869 858 858 876 876 875 875 871 871 877 877 868 868 874 874 870 870 873 873 869 869 876 876 874 874 868 868 867 867 878 878 879 879 880 880 878 878 881 881 882 882 883 883 884 884 885 885 886 886 887 887 888 888 889 889 890 890 891 891 892 892 890 890 893 893 883 883 885 885 894 894 895 895 894 894 885 885 887 887 886 886 895 895 896 896 891 891 890 890 884 884 883 883 881 881 896 896 887 887 891 891 897 897 898 898 890 890 890 890 889 889 893 893 894 894 895 895 886 886 879 879 878 878 882 882 890 890 892 892 897 897 881 881 878 878 884 884 887 887 896 896 888 888 898 898 897 897 899 899 900 900 901 901 902 902 901 901 900 900 903 903 904 904 905 905 906 906 907 907 906 906 908 908 909 909 908 908 910 910 911 911 910 910 912 912 913 913 912 912 914 914 915 915 914 914 916 916 914 914 915 915 913 913 912 912 913 913 911 911 910 910 911 911 909 909 908 908 909 909 907 907 906 906 907 907 904 904 905 905 904 904 917 917 918 918 917 917 919 919 917 917 918 918 905 905 920 920 921 921 922 922 923 923 924 924 925 925 926 926 924 924 921 921 922 922 921 921 927 927 924 924 926 926 925 925 928 928 929 929 923 923 927 927 921 921 924 924 929 929 928 928 930 930 924 924 923 923 929 929 930 930 928 928 931 931 932 932 928 928 933 933 928 928 932 932 931 931 934 934 920 920 935 935 920 920 934 934 921 921 936 936 937 937 938 938 939 939 940 940 941 941 937 937 936 936 942 942 939 939 943 943 940 940 944 944 936 936 945 945 939 939 946 946 943 943 941 941 947 947 939 939 948 948 946 946 939 939 941 941 945 945 949 949 936 936 944 944 950 950 946 946 948 948 951 951 945 945 941 941 944 944 947 947 941 941 949 949 936 936 950 950 942 942 952 952 953 953 954 954 953 953 952 952 955 955 954 954 953 953 956 956 957 957 958 958 959 959 960 960 959 959 961 961 962 962 961 961 963 963 964 964 963 963 965 965 966 966 965 965 967 967 968 968 967 967 969 969 969 969 970 970 968 968 967 967 968 968 966 966 958 958 957 957 971 971 959 959 960 960 957 957 961 961 962 962 960 960 970 970 969 969 972 972 963 963 964 964 962 962 965 965 966 966 964 964 973 973 974 974 975 975 973 973 975 975 976 976 974 974 973 973 977 977 978 978 979 979 980 980 979 979 978 978 981 981 982 982 978 978 980 980 983 983 984 984 985 985 985 985 978 978 982 982 986 986 975 975 983 983 978 978 985 985 984 984 983 983 987 987 988 988 976 976 975 975 986 986 987 987 983 983 975 975 984 984 983 983 988 988 989 989 990 990 991 991 992 992 993 993 994 994 995 995 989 989 996 996 989 989 997 997 998 998 992 992 994 994 999 999 990 990 989 989 998 998 992 992 1000 1000 993 993 999 999 1001 1001 992 992 1002 1002 1000 1000 992 992 999 999 996 996 1003 1003 989 989 995 995 997 997 1000 1000 1002 1002 1004 1004 1001 1001 999 999 1003 1003 996 996 999 999 995 995 1005 1005 1006 1006 1007 1007 1006 1006 1005 1005 1008 1008 1006 1006 1008 1008 1009 1009 1010 1010 1011 1011 1012 1012 1013 1013 1012 1012 1014 1014 1015 1015 1014 1014 1016 1016 1017 1017 1016 1016 1018 1018 1019 1019 1018 1018 1020 1020 1021 1021 1020 1020 1022 1022 1023 1023 1022 1022 1024 1024 1020 1020 1021 1021 1019 1019 1018 1018 1019 1019 1017 1017 1016 1016 1017 1017 1015 1015 1014 1014 1015 1015 1013 1013 1012 1012 1013 1013 1010 1010 1011 1011 1010 1010 1025 1025 1022 1022 1023 1023 1021 1021 1026 1026 1027 1027 1028 1028 1026 1026 1028 1028 1029 1029 1030 1030 1031 1031 1032 1032 1033 1033 1034 1034 1035 1035 1036 1036 1031 1031 1028 1028 1029 1029 1028 1028 1037 1037 1031 1031 1036 1036 1032 1032 1033 1033 1038 1038 1030 1030 1037 1037 1028 1028 1031 1031 1038 1038 1033 1033 1039 1039 1031 1031 1030 1030 1038 1038 1039 1039 1033 1033 1035 1035 1034 1034 1033 1033 1040 1040 1027 1027 1026 1026 1041 1041 1042 1042 1043 1043 1044 1044 1045 1045 1046 1046 1044 1044 1044 1044 1043 1043 1047 1047 1048 1048 1049 1049 1050 1050 1044 1044 1047 1047 1051 1051 1052 1052 1049 1049 1053 1053 1045 1045 1050 1050 1054 1054 1044 1044 1051 1051 1045 1045 1049 1049 1055 1055 1053 1053 1049 1049 1052 1052 1056 1056 1049 1049 1048 1048 1055 1055 1043 1043 1042 1042 1057 1057 1050 1050 1045 1045 1048 1048 1046 1046 1045 1045 1054 1054 1058 1058 1059 1059 1060 1060 1059 1059 1058 1058 1061 1061 1062 1062 1063 1063 1064 1064 1065 1065 1064 1064 1066 1066 1064 1064 1065 1065 1062 1062 1063 1063 1062 1062 1067 1067 1068 1068 1067 1067 1069 1069 1070 1070 1069 1069 1071 1071 1072 1072 1071 1071 1073 1073 1074 1074 1073 1073 1075 1075 1076 1076 1075 1075 1077 1077 1069 1069 1070 1070 1068 1068 1071 1071 1072 1072 1070 1070 1073 1073 1074 1074 1072 1072 1075 1075 1076 1076 1074 1074 1067 1067 1068 1068 1063 1063 1078 1078 1079 1079 1080 1080 1081 1081 1082 1082 1083 1083 1082 1082 1081 1081 1084 1084 1085 1085 1081 1081 1083 1083 1086 1086 1087 1087 1088 1088 1088 1088 1081 1081 1085 1085 1079 1079 1089 1089 1090 1090 1087 1087 1086 1086 1091 1091 1092 1092 1086 1086 1089 1089 1090 1090 1089 1089 1093 1093 1079 1079 1078 1078 1089 1089 1086 1086 1092 1092 1091 1091 1093 1093 1089 1089 1086 1086 1081 1081 1088 1088 1087 1087 1094 1094 1095 1095 1096 1096 1097 1097 1098 1098 1099 1099 1100 1100 1101 1101 1095 1095 1102 1102 1101 1101 1103 1103 1101 1101 1100 1100 1103 1103 1098 1098 1097 1097 1104 1104 1101 1101 1102 1102 1104 1104 1104 1104 1097 1097 1105 1105 1095 1095 1094 1094 1100 1100 1094 1094 1096 1096 1106 1106 1094 1094 1107 1107 1108 1108 1107 1107 1094 1094 1106 1106 1104 1104 1105 1105 1109 1109 1104 1104 1109 1109 1101 1101 1110 1110 1111 1111 1112 1112 1113 1113 1114 1114 1111 1111 1115 1115 1116 1116 1114 1114 1117 1117 1118 1118 1116 1116 1119 1119 1120 1120 1118 1118 1121 1121 1122 1122 1120 1120 1123 1123 1124 1124 1122 1122 1125 1125 1126 1126 1124 1124 1127 1127 1128 1128 1126 1126 1129 1129 1130 1130 1128 1128 1131 1131 1132 1132 1130 1130 1133 1133 1134 1134 1132 1132 1135 1135 1136 1136 1134 1134 1137 1137 1138 1138 1139 1139 1140 1140 1112 1112 1141 1141 1139 1139 1142 1142 1137 1137 1136 1136 1135 1135 1142 1142 1134 1134 1133 1133 1135 1135 1132 1132 1131 1131 1133 1133 1130 1130 1129 1129 1131 1131 1128 1128 1127 1127 1129 1129 1126 1126 1125 1125 1127 1127 1124 1124 1123 1123 1125 1125 1122 1122 1121 1121 1123 1123 1120 1120 1119 1119 1121 1121 1118 1118 1117 1117 1119 1119 1116 1116 1115 1115 1117 1117 1114 1114 1113 1113 1115 1115 1111 1111 1110 1110 1113 1113 1112 1112 1140 1140 1110 1110 1143 1143 1141 1141 1144 1144 1145 1145 1144 1144 1146 1146 1138 1138 1137 1137 1147 1147 1141 1141 1143 1143 1140 1140 1144 1144 1145 1145 1143 1143 1146 1146 1147 1147 1145 1145 1142 1142 1139 1139 1136 1136 1147 1147 1146 1146 1138 1138 1148 1148 1149 1149 1150 1150 1151 1151 1152 1152 1149 1149 1153 1153 1154 1154 1152 1152 1155 1155 1156 1156 1154 1154 1157 1157 1158 1158 1156 1156 1159 1159 1160 1160 1158 1158 1161 1161 1162 1162 1160 1160 1163 1163 1164 1164 1162 1162 1165 1165 1166 1166 1164 1164 1167 1167 1168 1168 1166 1166 1169 1169 1170 1170 1168 1168 1171 1171 1172 1172 1170 1170 1173 1173 1174 1174 1172 1172 1175 1175 1176 1176 1174 1174 1177 1177 1178 1178 1176 1176 1179 1179 1180 1180 1178 1178 1181 1181 1182 1182 1180 1180 1183 1183 1184 1184 1182 1182 1185 1185 1150 1150 1184 1184 1150 1150 1185 1185 1148 1148 1184 1184 1183 1183 1185 1185 1182 1182 1181 1181 1183 1183 1180 1180 1179 1179 1181 1181 1178 1178 1177 1177 1179 1179 1176 1176 1175 1175 1177 1177 1174 1174 1173 1173 1175 1175 1172 1172 1171 1171 1173 1173 1170 1170 1169 1169 1171 1171 1168 1168 1167 1167 1169 1169 1166 1166 1165 1165 1167 1167 1164 1164 1163 1163 1165 1165 1162 1162 1161 1161 1163 1163 1160 1160 1159 1159 1161 1161 1158 1158 1157 1157 1159 1159 1156 1156 1155 1155 1157 1157 1154 1154 1153 1153 1155 1155 1152 1152 1151 1151 1153 1153 1149 1149 1148 1148 1151 1151 1186 1186 1187 1187 1188 1188 1189 1189 1190 1190 1187 1187 1191 1191 1192 1192 1190 1190 1193 1193 1194 1194 1192 1192 1195 1195 1196 1196 1194 1194 1197 1197 1198 1198 1196 1196 1199 1199 1200 1200 1198 1198 1201 1201 1202 1202 1200 1200 1203 1203 1204 1204 1202 1202 1205 1205 1206 1206 1204 1204 1207 1207 1208 1208 1209 1209 1210 1210 1188 1188 1208 1208 1208 1208 1207 1207 1210 1210 1188 1188 1210 1210 1186 1186 1187 1187 1186 1186 1189 1189 1190 1190 1189 1189 1191 1191 1192 1192 1191 1191 1193 1193 1194 1194 1193 1193 1195 1195 1196 1196 1195 1195 1197 1197 1198 1198 1197 1197 1199 1199 1200 1200 1199 1199 1201 1201 1202 1202 1201 1201 1203 1203 1204 1204 1203 1203 1205 1205 1206 1206 1205 1205 1211 1211 1211 1211 1212 1212 1206 1206 1213 1213 1214 1214 1212 1212 1215 1215 1216 1216 1214 1214 1217 1217 1218 1218 1216 1216 1219 1219 1220 1220 1218 1218 1221 1221 1222 1222 1220 1220 1223 1223 1209 1209 1222 1222 1209 1209 1223 1223 1207 1207 1222 1222 1221 1221 1223 1223 1220 1220 1219 1219 1221 1221 1218 1218 1217 1217 1219 1219 1216 1216 1215 1215 1217 1217 1214 1214 1213 1213 1215 1215 1212 1212 1211 1211 1213 1213 1224 1224 1225 1225 1226 1226 1227 1227 1226 1226 1228 1228 1229 1229 1228 1228 1230 1230 1231 1231 1230 1230 1232 1232 1233 1233 1232 1232 1234 1234 1235 1235 1234 1234 1236 1236 1237 1237 1236 1236 1238 1238 1239 1239 1238 1238 1240 1240 1241 1241 1240 1240 1242 1242 1243 1243 1242 1242 1244 1244 1245 1245 1244 1244 1246 1246 1247 1247 1246 1246 1248 1248 1249 1249 1248 1248 1250 1250 1251 1251 1250 1250 1252 1252 1253 1253 1252 1252 1254 1254 1255 1255 1254 1254 1256 1256 1257 1257 1256 1256 1258 1258 1259 1259 1258 1258 1260 1260 1258 1258 1259 1259 1257 1257 1261 1261 1260 1260 1225 1225 1254 1254 1255 1255 1253 1253 1252 1252 1253 1253 1251 1251 1250 1250 1251 1251 1249 1249 1248 1248 1249 1249 1247 1247 1246 1246 1247 1247 1245 1245 1244 1244 1245 1245 1243 1243 1242 1242 1243 1243 1241 1241 1240 1240 1241 1241 1239 1239 1238 1238 1239 1239 1237 1237 1236 1236 1237 1237 1235 1235 1234 1234 1235 1235 1233 1233 1232 1232 1233 1233 1231 1231 1230 1230 1231 1231 1229 1229 1228 1228 1229 1229 1227 1227 1226 1226 1227 1227 1224 1224 1225 1225 1224 1224 1261 1261 1260 1260 1261 1261 1259 1259 1256 1256 1257 1257 1255 1255 1262 1262 1263 1263 1264 1264 1265 1265 1266 1266 1263 1263 1267 1267 1268 1268 1266 1266 1269 1269 1270 1270 1268 1268 1271 1271 1272 1272 1270 1270 1273 1273 1274 1274 1272 1272 1275 1275 1276 1276 1274 1274 1277 1277 1278 1278 1276 1276 1279 1279 1280 1280 1278 1278 1281 1281 1282 1282 1280 1280 1283 1283 1284 1284 1282 1282 1285 1285 1286 1286 1284 1284 1287 1287 1288 1288 1286 1286 1289 1289 1290 1290 1291 1291 1292 1292 1293 1293 1290 1290 1294 1294 1295 1295 1293 1293 1296 1296 1297 1297 1295 1295 1298 1298 1264 1264 1297 1297 1264 1264 1298 1298 1262 1262 1297 1297 1296 1296 1298 1298 1295 1295 1294 1294 1296 1296 1293 1293 1292 1292 1294 1294 1290 1290 1289 1289 1292 1292 1291 1291 1299 1299 1289 1289 1288 1288 1287 1287 1299 1299 1286 1286 1285 1285 1287 1287 1284 1284 1283 1283 1285 1285 1282 1282 1281 1281 1283 1283 1280 1280 1279 1279 1281 1281 1278 1278 1277 1277 1279 1279 1276 1276 1275 1275 1277 1277 1274 1274 1273 1273 1275 1275 1272 1272 1271 1271 1273 1273 1270 1270 1269 1269 1271 1271 1268 1268 1267 1267 1269 1269 1266 1266 1265 1265 1267 1267 1263 1263 1262 1262 1265 1265 1299 1299 1291 1291 1288 1288 1300 1300 1301 1301 1302 1302 1303 1303 1302 1302 1304 1304 1305 1305 1304 1304 1306 1306 1307 1307 1306 1306 1308 1308 1309 1309 1308 1308 1310 1310 1311 1311 1310 1310 1312 1312 1313 1313 1312 1312 1314 1314 1315 1315 1314 1314 1316 1316 1314 1314 1315 1315 1313 1313 1312 1312 1313 1313 1311 1311 1310 1310 1311 1311 1309 1309 1308 1308 1309 1309 1307 1307 1306 1306 1307 1307 1305 1305 1304 1304 1305 1305 1303 1303 1302 1302 1303 1303 1300 1300 1301 1301 1300 1300 1317 1317 1318 1318 1317 1317 1319 1319 1320 1320 1319 1319 1321 1321 1322 1322 1321 1321 1323 1323 1324 1324 1323 1323 1325 1325 1326 1326 1325 1325 1327 1327 1328 1328 1327 1327 1329 1329 1330 1330 1329 1329 1331 1331 1317 1317 1318 1318 1301 1301 1319 1319 1320 1320 1318 1318 1321 1321 1322 1322 1320 1320 1323 1323 1324 1324 1322 1322 1325 1325 1326 1326 1324 1324 1327 1327 1328 1328 1326 1326 1329 1329 1330 1330 1328 1328 1331 1331 1332 1332 1330 1330 1333 1333 1334 1334 1332 1332 1335 1335 1336 1336 1334 1334 1337 1337 1316 1316 1336 1336 1316 1316 1337 1337 1315 1315 1336 1336 1335 1335 1337 1337 1334 1334 1333 1333 1335 1335 1332 1332 1331 1331 1333 1333 1338 1338 1339 1339 1340 1340 1341 1341 1339 1339 1342 1342 1341 1341 1342 1342 1343 1343 1344 1344 1342 1342 1345 1345 1344 1344 1345 1345 1346 1346 1347 1347 1345 1345 1348 1348 1338 1338 1349 1349 1339 1339 1349 1349 1350 1350 1351 1351 1350 1350 1349 1349 1352 1352 1351 1351 1353 1353 1354 1354 1353 1353 1351 1351 1355 1355 1356 1356 1357 1357 1354 1354 1358 1358 1357 1357 1359 1359 1358 1358 1360 1360 1357 1357 1361 1361 1360 1360 1362 1362 1361 1361 1363 1363 1360 1360 1364 1364 1363 1363 1365 1365 1364 1364 1366 1366 1363 1363 1366 1366 1367 1367 1368 1368 1367 1367 1366 1366 1369 1369 1368 1368 1370 1370 1371 1371 1370 1370 1368 1368 1372 1372 1373 1373 1374 1374 1371 1371 1374 1374 1373 1373 1375 1375 1371 1371 1370 1370 1373 1373 1368 1368 1367 1367 1372 1372 1366 1366 1364 1364 1369 1369 1363 1363 1361 1361 1365 1365 1360 1360 1358 1358 1362 1362 1357 1357 1356 1356 1359 1359 1354 1354 1353 1353 1356 1356 1351 1351 1350 1350 1355 1355 1349 1349 1338 1338 1352 1352 1339 1339 1341 1341 1340 1340 1342 1342 1344 1344 1343 1343 1345 1345 1347 1347 1346 1346 1348 1348 1376 1376 1347 1347 1377 1377 1378 1378 1379 1379 1380 1380 1381 1381 1382 1382 1383 1383 1384 1384 1385 1385 1386 1386 1387 1387 1388 1388 1376 1376 1377 1377 1379 1379 1377 1377 1376 1376 1348 1348 1378 1378 1380 1380 1382 1382 1380 1380 1378 1378 1377 1377 1381 1381 1383 1383 1385 1385 1383 1383 1381 1381 1380 1380 1384 1384 1383 1383 1386 1386 1384 1384 1386 1386 1388 1388 1387 1387 1386 1386 1389 1389 1387 1387 1389 1389 1390 1390 1375 1375 1389 1389 1374 1374 1389 1389 1375 1375 1390 1390 1391 1391 1392 1392 1393 1393 1394 1394 1395 1395 1396 1396 1397 1397 1395 1395 1398 1398 1397 1397 1398 1398 1399 1399 1400 1400 1398 1398 1401 1401 1402 1402 1403 1403 1404 1404 1403 1403 1402 1402 1401 1401 1405 1405 1406 1406 1407 1407 1406 1406 1405 1405 1403 1403 1408 1408 1409 1409 1410 1410 1409 1409 1408 1408 1406 1406 1411 1411 1409 1409 1412 1412 1411 1411 1412 1412 1413 1413 1414 1414 1412 1412 1415 1415 1414 1414 1415 1415 1416 1416 1417 1417 1415 1415 1418 1418 1415 1415 1417 1417 1416 1416 1412 1412 1414 1414 1413 1413 1409 1409 1411 1411 1410 1410 1406 1406 1408 1408 1407 1407 1403 1403 1405 1405 1404 1404 1401 1401 1402 1402 1400 1400 1398 1398 1400 1400 1399 1399 1395 1395 1397 1397 1396 1396 1392 1392 1394 1394 1393 1393 1419 1419 1391 1391 1420 1420 1421 1421 1422 1422 1423 1423 1424 1424 1418 1418 1425 1425 1426 1426 1427 1427 1428 1428 1427 1427 1426 1426 1425 1425 1429 1429 1430 1430 1431 1431 1430 1430 1429 1429 1427 1427 1418 1418 1424 1424 1417 1417 1425 1425 1426 1426 1424 1424 1427 1427 1429 1429 1428 1428 1430 1430 1432 1432 1431 1431 1432 1432 1430 1430 1433 1433 1432 1432 1433 1433 1434 1434 1435 1435 1433 1433 1436 1436 1435 1435 1436 1436 1437 1437 1438 1438 1436 1436 1439 1439 1438 1438 1439 1439 1440 1440 1441 1441 1439 1439 1442 1442 1443 1443 1421 1421 1423 1423 1421 1421 1443 1443 1442 1442 1422 1422 1419 1419 1420 1420 1419 1419 1422 1422 1421 1421 1391 1391 1419 1419 1392 1392 1442 1442 1443 1443 1441 1441 1439 1439 1441 1441 1440 1440 1436 1436 1438 1438 1437 1437 1433 1433 1435 1435 1434 1434 1394 1394 1392 1392 1395 1395 1444 1444 1445 1445 1446 1446 1447 1447 1445 1445 1448 1448 1447 1447 1449 1449 1445 1445 1449 1449 1450 1450 1451 1451 1450 1450 1449 1449 1452 1452 1451 1451 1453 1453 1454 1454 1453 1453 1451 1451 1455 1455 1454 1454 1456 1456 1457 1457 1456 1456 1454 1454 1458 1458 1459 1459 1460 1460 1457 1457 1461 1461 1460 1460 1462 1462 1461 1461 1463 1463 1460 1460 1464 1464 1463 1463 1465 1465 1464 1464 1466 1466 1463 1463 1467 1467 1466 1466 1468 1468 1469 1469 1470 1470 1471 1471 1467 1467 1472 1472 1466 1466 1472 1472 1473 1473 1474 1474 1473 1473 1472 1472 1475 1475 1474 1474 1476 1476 1471 1471 1476 1476 1474 1474 1477 1477 1478 1478 1446 1446 1479 1479 1446 1446 1478 1478 1480 1480 1445 1445 1444 1444 1448 1448 1449 1449 1447 1447 1452 1452 1451 1451 1450 1450 1455 1455 1454 1454 1453 1453 1458 1458 1457 1457 1456 1456 1459 1459 1460 1460 1459 1459 1462 1462 1463 1463 1461 1461 1465 1465 1466 1466 1464 1464 1468 1468 1472 1472 1467 1467 1475 1475 1474 1474 1473 1473 1477 1477 1481 1481 1479 1479 1482 1482 1483 1483 1484 1484 1485 1485 1484 1484 1483 1483 1482 1482 1486 1486 1487 1487 1488 1488 1487 1487 1486 1486 1484 1484 1489 1489 1487 1487 1490 1490 1489 1489 1490 1490 1491 1491 1492 1492 1490 1490 1493 1493 1492 1492 1493 1493 1494 1494 1495 1495 1493 1493 1470 1470 1495 1495 1470 1470 1496 1496 1471 1471 1476 1476 1469 1469 1470 1470 1469 1469 1496 1496 1493 1493 1495 1495 1494 1494 1490 1490 1492 1492 1491 1491 1487 1487 1489 1489 1488 1488 1484 1484 1486 1486 1485 1485 1482 1482 1483 1483 1481 1481 1444 1444 1446 1446 1480 1480 1479 1479 1481 1481 1478 1478 1497 1497 1498 1498 1499 1499 1500 1500 1501 1501 1502 1502 1503 1503 1504 1504 1505 1505 1506 1506 1507 1507 1508 1508 1509 1509 1499 1499 1510 1510 1511 1511 1512 1512 1513 1513 1512 1512 1511 1511 1510 1510 1514 1514 1506 1506 1508 1508 1506 1506 1514 1514 1512 1512 1507 1507 1506 1506 1503 1503 1507 1507 1503 1503 1505 1505 1504 1504 1503 1503 1500 1500 1512 1512 1514 1514 1513 1513 1510 1510 1511 1511 1509 1509 1499 1499 1509 1509 1497 1497 1515 1515 1516 1516 1517 1517 1518 1518 1519 1519 1520 1520 1521 1521 1522 1522 1523 1523 1524 1524 1525 1525 1526 1526 1527 1527 1528 1528 1529 1529 1530 1530 1531 1531 1532 1532 1533 1533 1534 1534 1531 1531 1535 1535 1536 1536 1537 1537 1538 1538 1539 1539 1540 1540 1541 1541 1542 1542 1543 1543 1544 1544 1545 1545 1546 1546 1498 1498 1497 1497 1547 1547 1548 1548 1517 1517 1549 1549 1545 1545 1498 1498 1547 1547 1545 1545 1544 1544 1498 1498 1542 1542 1544 1544 1546 1546 1542 1542 1541 1541 1544 1544 1541 1541 1539 1539 1538 1538 1539 1539 1541 1541 1543 1543 1538 1538 1536 1536 1535 1535 1536 1536 1538 1538 1540 1540 1535 1535 1534 1534 1533 1533 1534 1534 1535 1535 1537 1537 1531 1531 1530 1530 1533 1533 1528 1528 1530 1530 1532 1532 1528 1528 1527 1527 1530 1530 1525 1525 1527 1527 1529 1529 1525 1525 1524 1524 1527 1527 1522 1522 1524 1524 1526 1526 1522 1522 1521 1521 1524 1524 1521 1521 1519 1519 1518 1518 1519 1519 1521 1521 1523 1523 1518 1518 1516 1516 1515 1515 1516 1516 1518 1518 1520 1520 1517 1517 1548 1548 1515 1515 1501 1501 1548 1548 1549 1549 1501 1501 1500 1500 1548 1548 1504 1504 1500 1500 1502 1502 1550 1550 1551 1551 1552 1552 1553 1553 1554 1554 1555 1555 1554 1554 1553 1553 1556 1556 1557 1557 1558 1558 1559 1559 1558 1558 1557 1557 1554 1554 1560 1560 1558 1558 1561 1561 1560 1560 1561 1561 1562 1562 1563 1563 1561 1561 1564 1564 1563 1563 1564 1564 1565 1565 1566 1566 1564 1564 1567 1567 1566 1566 1567 1567 1568 1568 1552 1552 1567 1567 1550 1550 1551 1551 1569 1569 1570 1570 1569 1569 1551 1551 1550 1550 1571 1571 1572 1572 1573 1573 1572 1572 1571 1571 1569 1569 1574 1574 1572 1572 1575 1575 1574 1574 1575 1575 1576 1576 1577 1577 1575 1575 1578 1578 1577 1577 1578 1578 1579 1579 1580 1580 1578 1578 1581 1581 1580 1580 1581 1581 1582 1582 1583 1583 1581 1581 1584 1584 1585 1585 1586 1586 1587 1587 1586 1586 1585 1585 1584 1584 1588 1588 1589 1589 1590 1590 1589 1589 1588 1588 1586 1586 1591 1591 1592 1592 1593 1593 1592 1592 1591 1591 1589 1589 1594 1594 1592 1592 1595 1595 1594 1594 1595 1595 1596 1596 1597 1597 1595 1595 1598 1598 1597 1597 1598 1598 1599 1599 1600 1600 1598 1598 1601 1601 1598 1598 1600 1600 1599 1599 1595 1595 1597 1597 1596 1596 1592 1592 1594 1594 1593 1593 1589 1589 1591 1591 1590 1590 1586 1586 1588 1588 1587 1587 1584 1584 1585 1585 1583 1583 1581 1581 1583 1583 1582 1582 1578 1578 1580 1580 1579 1579 1575 1575 1577 1577 1576 1576 1572 1572 1574 1574 1573 1573 1569 1569 1571 1571 1570 1570 1567 1567 1552 1552 1568 1568 1601 1601 1602 1602 1600 1600 1556 1556 1553 1553 1602 1602 1554 1554 1557 1557 1555 1555 1558 1558 1560 1560 1559 1559 1561 1561 1563 1563 1562 1562 1564 1564 1566 1566 1565 1565 1602 1602 1601 1601 1556 1556 1603 1603 1604 1604 1605 1605 1604 1604 1606 1606 1607 1607 1606 1606 1604 1604 1603 1603 1608 1608 1609 1609 1610 1610 1609 1609 1608 1608 1606 1606 1611 1611 1609 1609 1612 1612 1611 1611 1612 1612 1613 1613 1614 1614 1615 1615 1616 1616 1617 1617 1615 1615 1618 1618 1619 1619 1620 1620 1621 1621 1619 1619 1622 1622 1620 1620 1623 1623 1605 1605 1624 1624 1622 1622 1625 1625 1626 1626 1625 1625 1622 1622 1627 1627 1626 1626 1628 1628 1629 1629 1628 1628 1626 1626 1630 1630 1631 1631 1632 1632 1629 1629 1633 1633 1634 1634 1635 1635 1634 1634 1633 1633 1618 1618 1636 1636 1637 1637 1638 1638 1637 1637 1636 1636 1634 1634 1639 1639 1640 1640 1641 1641 1640 1640 1639 1639 1637 1637 1642 1642 1640 1640 1643 1643 1642 1642 1643 1643 1644 1644 1645 1645 1643 1643 1646 1646 1645 1645 1646 1646 1647 1647 1624 1624 1646 1646 1623 1623 1646 1646 1624 1624 1647 1647 1643 1643 1645 1645 1644 1644 1640 1640 1642 1642 1641 1641 1637 1637 1639 1639 1638 1638 1634 1634 1636 1636 1635 1635 1618 1618 1633 1633 1617 1617 1615 1615 1617 1617 1616 1616 1648 1648 1614 1614 1649 1649 1620 1620 1650 1650 1621 1621 1622 1622 1619 1619 1627 1627 1626 1626 1625 1625 1630 1630 1629 1629 1628 1628 1631 1631 1632 1632 1631 1631 1651 1651 1652 1652 1653 1653 1654 1654 1612 1612 1655 1655 1613 1613 1609 1609 1611 1611 1610 1610 1606 1606 1608 1608 1607 1607 1605 1605 1623 1623 1603 1603 1614 1614 1648 1648 1615 1615 1650 1650 1648 1648 1649 1649 1650 1650 1620 1620 1648 1648 1655 1655 1612 1612 1652 1652 1655 1655 1652 1652 1654 1654 1653 1653 1652 1652 1632 1632 1653 1653 1632 1632 1651 1651 1656 1656 1657 1657 1658 1658 1657 1657 1656 1656 1659 1659 1660 1660 1661 1661 1662 1662 1661 1661 1660 1660 1663 1663 1664 1664 1665 1665 1666 1666 1666 1666 1667 1667 1668 1668 1668 1668 1669 1669 1670 1670 1670 1670 1671 1671 1672 1672 1673 1673 1674 1674 1675 1675 1676 1676 1677 1677 1678 1678 1678 1678 1679 1679 1680 1680 1680 1680 1681 1681 1682 1682 1682 1682 1683 1683 1684 1684 1684 1684 1685 1685 1686 1686 1686 1686 1662 1662 1661 1661 1662 1662 1686 1686 1685 1685 1685 1685 1684 1684 1683 1683 1683 1683 1682 1682 1681 1681 1681 1681 1680 1680 1679 1679 1679 1679 1678 1678 1677 1677 1677 1677 1676 1676 1673 1673 1672 1672 1675 1675 1674 1674 1675 1675 1672 1672 1671 1671 1674 1674 1673 1673 1676 1676 1671 1671 1670 1670 1669 1669 1669 1669 1668 1668 1667 1667 1667 1667 1666 1666 1665 1665 1665 1665 1664 1664 1687 1687 1687 1687 1663 1663 1660 1660 1663 1663 1687 1687 1664 1664 1688 1688 1689 1689 1690 1690 1688 1688 1691 1691 1689 1689 1688 1688 1692 1692 1691 1691 1688 1688 1693 1693 1692 1692 1688 1688 1694 1694 1693 1693 1688 1688 1695 1695 1694 1694 1688 1688 1696 1696 1695 1695 1688 1688 1697 1697 1696 1696 1688 1688 1698 1698 1697 1697 1688 1688 1699 1699 1698 1698 1688 1688 1700 1700 1699 1699 1688 1688 1701 1701 1700 1700 1688 1688 1702 1702 1701 1701 1702 1702 1688 1688 1690 1690 1703 1703 1704 1704 1705 1705 1706 1706 1707 1707 1708 1708 1708 1708 1709 1709 1710 1710 1710 1710 1711 1711 1712 1712 1712 1712 1713 1713 1714 1714 1714 1714 1715 1715 1716 1716 1716 1716 1717 1717 1718 1718 1719 1719 1720 1720 1706 1706 1721 1721 1705 1705 1704 1704 1722 1722 1723 1723 1721 1721 1724 1724 1725 1725 1722 1722 1726 1726 1727 1727 1724 1724 1728 1728 1729 1729 1726 1726 1718 1718 1730 1730 1728 1728 1730 1730 1718 1718 1717 1717 1729 1729 1728 1728 1730 1730 1727 1727 1726 1726 1729 1729 1725 1725 1724 1724 1727 1727 1723 1723 1722 1722 1725 1725 1705 1705 1721 1721 1723 1723 1704 1704 1703 1703 1719 1719 1717 1717 1716 1716 1715 1715 1715 1715 1714 1714 1713 1713 1713 1713 1712 1712 1711 1711 1711 1711 1710 1710 1709 1709 1709 1709 1708 1708 1707 1707 1707 1707 1706 1706 1720 1720 1720 1720 1719 1719 1703 1703 1731 1731 1732 1732 1733 1733 1731 1731 1733 1733 1734 1734 1731 1731 1734 1734 1735 1735 1731 1731 1735 1735 1736 1736 1731 1731 1736 1736 1737 1737 1731 1731 1737 1737 1738 1738 1731 1731 1738 1738 1739 1739 1731 1731 1739 1739 1740 1740 1731 1731 1740 1740 1741 1741 1731 1731 1741 1741 1742 1742 1731 1731 1742 1742 1743 1743 1731 1731 1743 1743 1744 1744 1731 1731 1744 1744 1745 1745 1732 1732 1731 1731 1745 1745 1746 1746 1747 1747 1748 1748 1749 1749 1750 1750 1751 1751 1752 1752 1751 1751 1747 1747 1753 1753 1754 1754 1750 1750 1755 1755 1756 1756 1754 1754 1757 1757 1758 1758 1756 1756 1759 1759 1760 1760 1758 1758 1761 1761 1762 1762 1760 1760 1763 1763 1764 1764 1762 1762 1765 1765 1766 1766 1764 1764 1767 1767 1768 1768 1766 1766 1769 1769 1770 1770 1768 1768 1769 1769 1768 1768 1771 1771 1772 1772 1773 1773 1770 1770 1774 1774 1775 1775 1773 1773 1776 1776 1748 1748 1775 1775 1748 1748 1776 1776 1746 1746 1775 1775 1774 1774 1776 1776 1773 1773 1772 1772 1774 1774 1770 1770 1769 1769 1772 1772 1768 1768 1767 1767 1771 1771 1766 1766 1765 1765 1767 1767 1764 1764 1763 1763 1765 1765 1762 1762 1761 1761 1763 1763 1760 1760 1759 1759 1761 1761 1758 1758 1757 1757 1759 1759 1756 1756 1755 1755 1757 1757 1754 1754 1753 1753 1755 1755 1750 1750 1749 1749 1753 1753 1751 1751 1752 1752 1749 1749 1747 1747 1746 1746 1752 1752 1777 1777 1778 1778 1779 1779 1780 1780 1781 1781 1778 1778 1782 1782 1783 1783 1781 1781 1784 1784 1785 1785 1783 1783 1786 1786 1787 1787 1785 1785 1788 1788 1789 1789 1787 1787 1790 1790 1791 1791 1792 1792 1793 1793 1794 1794 1791 1791 1795 1795 1796 1796 1789 1789 1797 1797 1798 1798 1799 1799 1793 1793 1791 1791 1800 1800 1801 1801 1802 1802 1794 1794 1803 1803 1804 1804 1802 1802 1805 1805 1806 1806 1804 1804 1806 1806 1805 1805 1796 1796 1804 1804 1803 1803 1805 1805 1802 1802 1801 1801 1803 1803 1794 1794 1793 1793 1801 1801 1791 1791 1790 1790 1800 1800 1792 1792 1807 1807 1790 1790 1798 1798 1797 1797 1807 1807 1799 1799 1779 1779 1797 1797 1779 1779 1799 1799 1777 1777 1778 1778 1777 1777 1780 1780 1781 1781 1780 1780 1782 1782 1796 1796 1795 1795 1806 1806 1789 1789 1788 1788 1795 1795 1787 1787 1786 1786 1788 1788 1785 1785 1784 1784 1786 1786 1783 1783 1782 1782 1784 1784 1807 1807 1792 1792 1798 1798</p></triangles></mesh></geometry></library_geometries><library_visual_scenes><visual_scene id="VisualSceneNode" name="VisualSceneNode"><node id="Main-Component-Node1" name="bau0128552823"><node id="bau0128552346-1" name="bau0128552346-1"><matrix sid="transform">1 0 0 0 0 1 0 0 0 0 1 -461.5 0 0 0 1</matrix><instance_geometry url="#bau0128552346-1-mesh" name="bau0128552346-1"><bind_material><technique_common><instance_material symbol="zincplated-material" target="#zincplated-material" /><instance_material symbol="__5-ks-dunkelgrau-material" target="#__5-ks-dunkelgrau-material" /></technique_common></bind_material></instance_geometry></node><node id="bau0128547867-1" name="bau0128547867-1"><matrix sid="transform">1 0 0 0 0 1 0 0 0 0 1 0 0 0 0 1</matrix><instance_geometry url="#bau0128547867-1-mesh" name="bau0128547867-1"><bind_material><technique_common><instance_material symbol="zincplated-material" target="#zincplated-material" /></technique_common></bind_material></instance_geometry></node><node id="bau0128552188-1" name="bau0128552188-1"><matrix sid="transform">1 0 0 0 0 1 0 0 0 0 1 -414.5 0 0 0 1</matrix><instance_geometry url="#bau0128552188-1-mesh" name="bau0128552188-1"><bind_material><technique_common><instance_material symbol="__5-ks-dunkelgrau-material" target="#__5-ks-dunkelgrau-material" /><instance_material symbol="zincplated-material" target="#zincplated-material" /></technique_common></bind_material></instance_geometry></node><node id="bau0128549652-1" name="bau0128549652-1"><matrix sid="transform">1 0 0 0 0 1 0 0 0 0 1 0 0 0 0 1</matrix><instance_geometry url="#bau0128549652-1-mesh" name="bau0128549652-1"><bind_material><technique_common><instance_material symbol="zincplated-material" target="#zincplated-material" /></technique_common></bind_material></instance_geometry></node><node id="bau0128547867-2" name="bau0128547867-2"><matrix sid="transform">1 0 0 0 0 1 0 0 0 0 1 -224 0 0 0 1</matrix><instance_geometry url="#bau0128547867-2-mesh" name="bau0128547867-2"><bind_material><technique_common><instance_material symbol="zincplated-material" target="#zincplated-material" /></technique_common></bind_material></instance_geometry></node></node></visual_scene></library_visual_scenes><scene><instance_visual_scene url="#VisualSceneNode" /></scene></COLLADA>