<?xml version="1.0" encoding="utf-8"?><COLLADA xmlns:xsd="http://www.w3.org/2001/XMLSchema" xmlns:xsi="http://www.w3.org/2001/XMLSchema-instance" version="1.4.1" xmlns="http://www.collada.org/2005/11/COLLADASchema"><asset><contributor><author>bau11914</author><authoring_tool>Blum.Cape.SolidWorks.Export.Collada 22.0.0.0</authoring_tool></contributor><created>0001-01-01T00:00:00</created><modified>2024-11-07T16:33:40.2027724+01:00</modified><unit meter="0.001" name="millimeter" /></asset><library_effects><effect id="ZincPlated-effect"><profile_COMMON><technique sid="common"><phong><emission><color sid="emission">0 0 0 0</color></emission><ambient><color sid="ambient">0.408975652376015 0.419604810831399 0.486751175550744 1</color></ambient><diffuse><color sid="diffuse">0.408975652376015 0.419604810831399 0.486751175550744 1</color></diffuse><specular><color sid="specular">0.991136764316137 0.991136764316137 0.991136764316137 1</color></specular><shininess><float sid="shininess">0.1</float></shininess><reflective><color sid="reflective">1 1 1 1</color></reflective><reflectivity><float sid="reflectivity">1</float></reflectivity><transparent><color>1 1 1 1</color></transparent><transparency><float sid="transparency">1</float></transparency><index_of_refraction><float sid="index_of_refraction">1</float></index_of_refraction></phong></technique></profile_COMMON></effect><effect id="__5-ks-dunkelgrau-effect"><profile_COMMON><technique sid="common"><phong><emission><color sid="emission">0 0 0 0</color></emission><ambient><color sid="ambient">0.214041140471588 0.214041140471588 0.214041140471588 1</color></ambient><diffuse><color sid="diffuse">0.214041140471588 0.214041140471588 0.214041140471588 1</color></diffuse><specular><color sid="specular">0.991136764316137 0.991136764316137 0.991136764316137 1</color></specular><shininess><float sid="shininess">0.1</float></shininess><reflective><color sid="reflective">1 1 1 1</color></reflective><reflectivity><float sid="reflectivity">0.20000000298023224</float></reflectivity><transparent><color>1 1 1 1</color></transparent><transparency><float sid="transparency">1</float></transparency><index_of_refraction><float sid="index_of_refraction">1</float></index_of_refraction></phong></technique></profile_COMMON></effect></library_effects><library_materials><material id="ZincPlated-material" name="ZincPlated"><instance_effect url="#ZincPlated-effect" /></material><material id="__5-ks-dunkelgrau-material" name="__5-ks-dunkelgrau"><instance_effect url="#__5-ks-dunkelgrau-effect" /></material></library_materials><library_geometries><geometry id="bau0127665166-1-mesh" name="bau0127665166-1"><mesh><source id="bau0127665166-1-mesh-positions"><float_array id="bau0127665166-1-mesh-positions-array" count="4692">4.14749351750823E-15 -2.9102205298841 -1.20545283425599 -0.899999984540045 -2.41304002702236 -2.02478095889091 -0.899999984540045 -2.9102205298841 -1.20545283425599 4.01026301311477E-15 -2.22738645970821 -2.22738645970821 -0.899999984540045 -1.57500000204891 -2.72798002697527 -0.899999984540045 -2.22738645970821 -2.22738645970821 3.85672174781267E-15 -1.20545283425599 -2.9102205298841 -0.899999984540045 -0.546991766896099 -3.10214445926249 -0.899999984540045 -1.20545283425599 -2.9102205298841 3.7102458457127E-15 2.27907930147301E-16 -3.15000000409782 -0.899999984540045 0.546991766896099 -3.10214445926249 -0.899999984540045 1.65333461641769E-16 -3.15000000409782 3.59313444176806E-15 1.20545283425599 -2.9102205298841 -0.899999984540045 1.57500000204891 -2.72798002697527 -0.899999984540045 1.20545283425599 -2.9102205298841 3.5232165869017E-15 2.22738645970821 -2.22738645970821 -0.899999984540045 2.41304002702236 -2.02478095889091 -0.899999984540045 2.22738645970821 -2.22738645970821 3.51113685482629E-15 2.9102205298841 -1.20545283425599 -0.899999984540045 2.96003185212612 -1.07736350037158 -0.899999984540045 2.9102205298841 -1.20545283425599 3.55873406804351E-15 3.15000000409782 3.85763743675077E-16 -0.899999984540045 2.96003185212612 1.07736350037158 -0.899999984540045 3.15000000409782 4.40872842528832E-16 3.6587621243874E-15 2.9102205298841 1.20545283425599 -0.899999984540045 2.41304002702236 2.02478095889091 -0.899999984540045 2.9102205298841 1.20545283425599 3.79599262878087E-15 2.22738645970821 2.22738645970821 -0.899999984540045 1.57500000204891 2.72798002697527 -0.899999984540045 2.22738645970821 2.22738645970821 3.94953389408296E-15 1.20545283425599 2.9102205298841 -0.899999984540045 0.546991766896099 3.10214445926249 -0.899999984540045 1.20545283425599 2.9102205298841 -0.899999984540045 -2.96003185212612 -1.07736350037158 4.24752157385213E-15 -3.15000000409782 -2.64815367353245E-31 4.09600979618293E-15 1.55820949220895E-16 3.15000000409782 -0.899999984540045 -0.546991766896099 3.10214445926249 -0.899999984540045 1.0842021724855E-16 3.15000000409782 4.21312120012758E-15 -1.20545283425599 2.9102205298841 -0.899999984540045 -1.57500000204891 2.72798002697527 -0.899999984540045 -1.20545283425599 2.9102205298841 4.28303905499393E-15 -2.22738645970821 2.22738645970821 -0.899999984540045 -2.41304002702236 2.02478095889091 -0.899999984540045 -2.22738645970821 2.22738645970821 4.29511878706935E-15 -2.9102205298841 1.20545283425599 -0.899999984540045 -2.96003185212612 1.07736350037158 -0.899999984540045 -2.9102205298841 1.20545283425599 -0.899999984540045 -3.15000000409782 5.5109105316104E-17 4.71671992398813E-15 -2.22738645970821 11.227386072278 -0.899999984540045 -2.41304002702236 11.0247805714607 -0.899999984540045 -2.22738645970821 11.227386072278 -0.899999984540045 -2.96003185212612 7.92263634502888 4.58117438650243E-15 -2.9102205298841 7.79454736039042 -0.899999984540045 -2.9102205298841 7.79454736039042 -0.899999984540045 -2.41304002702236 6.97521911934018 4.44394388210897E-15 -2.22738645970821 6.77261361852288 -0.899999984540045 -2.22738645970821 6.77261361852288 -0.899999984540045 -1.57500000204891 6.27201981842518 4.29040261680687E-15 -1.20545283425599 6.089779548347 -0.899999984540045 -1.20545283425599 6.089779548347 -0.899999984540045 -0.546991766896099 5.89785538613796 4.1439267147069E-15 -5.12128403542046E-16 5.84999984130263 -0.899999984540045 -5.74636994866607E-16 5.84999984130263 -0.899999984540045 0.546991766896099 5.89785538613796 4.02681531076226E-15 1.20545283425599 6.089779548347 -0.899999984540045 1.20545283425599 6.089779548347 -0.899999984540045 1.57500000204891 6.27201981842518 3.95689745589591E-15 2.22738645970821 6.77261361852288 -0.899999984540045 2.22738645970821 6.77261361852288 -0.899999984540045 2.41304002702236 6.97521911934018 3.94481772382049E-15 2.9102205298841 7.79454736039042 -0.899999984540045 2.9102205298841 7.79454736039042 -0.899999984540045 2.96003185212612 7.92263634502888 3.99241493703771E-15 3.15000000409782 8.99999961256981 -0.899999984540045 3.15000000409782 8.99999961256981 -0.899999984540045 2.96003185212612 10.0773638114333 4.0924429933816E-15 2.9102205298841 10.2054532617331 -0.899999984540045 2.9102205298841 10.2054532617331 -0.899999984540045 2.41304002702236 11.0247805714607 4.22967349777507E-15 2.22738645970821 11.227386072278 -0.899999984540045 2.22738645970821 11.227386072278 4.68120244284633E-15 -3.15000000409782 8.99999961256981 -0.899999984540045 -3.15000000409782 8.99999961256981 -0.899999984540045 1.57500000204891 11.727980338037 4.38321476307716E-15 1.20545283425599 11.9102206081152 -0.899999984540045 0.546991766896099 12.1021447703242 -0.899999984540045 1.20545283425599 11.9102206081152 4.52969066517713E-15 -5.84215384468453E-16 12.1499998494983 -0.899999984540045 -0.546991766896099 12.1021447703242 -0.899999984540045 -5.42101086242752E-16 12.1499998494983 4.64680206912178E-15 -1.20545283425599 11.9102206081152 -0.899999984540045 -1.57500000204891 11.727980338037 -0.899999984540045 -1.20545283425599 11.9102206081152 4.72879965606355E-15 -2.9102205298841 10.2054532617331 -0.899999984540045 -2.96003185212612 10.0773638114333 -0.899999984540045 -2.9102205298841 10.2054532617331 5.51416380711018E-15 -1.20545283425599 20.910220220685 -0.899999984540045 -0.546991766896099 21.1021453142166 5.39705240316554E-15 -1.56819712941886E-15 21.1500003933907 -0.899999984540045 -2.41304002702236 15.9752182662487 5.44853612449084E-15 -2.9102205298841 16.7945474386215 5.31130562009737E-15 -2.22738645970821 15.7726127654314 -0.899999984540045 -2.22738645970821 15.7726127654314 -0.899999984540045 -1.57500000204891 15.2720203623176 5.15776435479528E-15 -1.20545283425599 15.0897791609168 -0.899999984540045 -1.20545283425599 15.0897791609168 -0.899999984540045 -0.546991766896099 14.8978559300303 5.01128845269531E-15 -1.49611020019124E-15 14.8499999195337 -0.899999984540045 -1.55041895010356E-15 14.8499999195337 -0.899999984540045 0.546991766896099 14.8978559300303 4.89417704875066E-15 1.20545283425599 15.0897791609168 -0.899999984540045 1.20545283425599 15.0897791609168 -0.899999984540045 1.57500000204891 15.2720203623176 4.82425919388431E-15 2.22738645970821 15.7726127654314 -0.899999984540045 2.22738645970821 15.7726127654314 -0.899999984540045 2.41304002702236 15.9752182662487 4.81217946180889E-15 2.9102205298841 16.7945474386215 -0.899999984540045 2.9102205298841 16.7945474386215 5.58408166197653E-15 -2.22738645970821 20.2273856848478 -0.899999984540045 -2.41304002702236 20.0247801840305 -0.899999984540045 -2.22738645970821 20.2273856848478 -0.899999984540045 -1.57500000204891 20.7279808819294 -0.899999984540045 -1.20545283425599 20.910220220685 -0.899999984540045 -1.51788304147971E-15 21.1500003933907 5.25057650106556E-15 1.20545283425599 20.910220220685 -0.899999984540045 0.546991766896099 21.1021453142166 -0.899999984540045 1.20545283425599 20.910220220685 5.09703523576347E-15 2.22738645970821 20.2273856848478 -0.899999984540045 1.57500000204891 20.7279808819294 -0.899999984540045 2.22738645970821 20.2273856848478 4.95980473137001E-15 2.9102205298841 19.2054528743029 -0.899999984540045 2.41304002702236 20.0247801840305 -0.899999984540045 2.9102205298841 19.2054528743029 4.85977667502611E-15 3.15000000409782 17.9999992251396 -0.899999984540045 2.96003185212612 19.0773643553257 -0.899999984540045 3.15000000409782 17.9999992251396 -0.899999984540045 2.96003185212612 16.9226359575987 -0.899999984540045 -2.9102205298841 16.7945474386215 5.54856418083473E-15 -3.15000000409782 17.9999992251396 -0.899999984540045 -2.96003185212612 16.9226359575987 -0.899999984540045 -3.15000000409782 17.9999992251396 5.59616139405195E-15 -2.9102205298841 19.2054528743029 -0.899999984540045 -2.96003185212612 19.0773643553257 -0.899999984540045 -2.9102205298841 19.2054528743029 -0.899999984540045 1.57500000204891 -11.2720197066665 2.92863109758762E-15 2.22738645970821 -11.7726139724255 3.0821719492994E-15 1.20545283425599 -11.0897794365883 -0.899999984540045 2.41304002702236 -11.9752194732428 -0.899999984540045 2.22738645970821 -11.7726139724255 2.79140059319415E-15 2.9102205298841 -12.7945467829704 -0.899999984540045 2.96003185212612 -12.9226362332702 -0.899999984540045 2.9102205298841 -12.7945467829704 2.69137253685026E-15 3.15000000409782 -14.0000004321337 -0.899999984540045 2.96003185212612 -15.0773636996746 2.64377511683788E-15 2.9102205298841 -15.2054531499743 -0.899999984540045 3.15000000409782 -14.0000004321337 -0.899999984540045 2.41304002702236 -16.0247813910246 2.6558548489133E-15 2.22738645970821 -16.2273868918419 -0.899999984540045 2.9102205298841 -15.2054531499743 -0.899999984540045 1.57500000204891 -16.7279802262783 2.72577270377965E-15 1.20545283425599 -16.9102214276791 -0.899999984540045 2.22738645970821 -16.2273868918419 -0.899999984540045 0.546991766896099 -17.1021446585655 2.84288431451945E-15 2.00249176642757E-15 -17.1499997377396 -0.899999984540045 1.20545283425599 -16.9102214276791 -0.899999984540045 -0.546991766896099 -17.1021446585655 -0.899999984540045 1.95156391047391E-15 -17.1499997377396 2.98936021661942E-15 -1.20545283425599 -16.9102214276791 -0.899999984540045 -1.57500000204891 -16.7279802262783 -0.899999984540045 -1.20545283425599 -16.9102214276791 3.14290106833121E-15 -2.22738645970821 -16.2273868918419 -0.899999984540045 -2.41304002702236 -16.0247813910246 -0.899999984540045 -2.22738645970821 -16.2273868918419 3.28013157272467E-15 -2.9102205298841 -15.2054531499743 -0.899999984540045 -2.96003185212612 -15.0773636996746 -0.899999984540045 -2.9102205298841 -15.2054531499743 3.38015962906857E-15 -3.15000000409782 -14.0000004321337 -0.899999984540045 1.20545283425599 -11.0897794365883 -0.899999984540045 0.546991766896099 -10.8978552743793 3.22864785139937E-15 1.93040483719995E-15 -10.8500001952052 -0.899999984540045 1.95156391047391E-15 -10.8500001952052 -0.899999984540045 -0.546991766896099 -10.8978552743793 3.34575946213917E-15 -1.20545283425599 -11.0897794365883 -0.899999984540045 -1.20545283425599 -11.0897794365883 -0.899999984540045 -1.57500000204891 -11.2720197066665 3.41567731700552E-15 -2.22738645970821 -11.7726139724255 -0.899999984540045 -2.22738645970821 -11.7726139724255 -0.899999984540045 -2.41304002702236 -11.9752194732428 3.42775704908094E-15 -2.9102205298841 -12.7945467829704 -0.899999984540045 -2.9102205298841 -12.7945467829704 -0.899999984540045 -2.96003185212612 -12.9226362332702 -0.899999984540045 -3.15000000409782 -14.0000004321337 -0.899999984540045 -2.96003185212612 -21.9226367771626 2.94647876007437E-15 -3.15000000409782 -23.0000000447035 -0.899999984540045 -3.15000000409782 -23.0000000447035 2.99407618008674E-15 -2.9102205298841 -21.7945463955402 -0.899999984540045 -2.41304002702236 -20.9752190858126 2.98199644801132E-15 -2.22738645970821 -20.7726135849953 -0.899999984540045 -2.9102205298841 -21.7945463955402 -0.899999984540045 -1.57500000204891 -20.2720202505589 2.91207859314497E-15 -1.20545283425599 -20.0897790491581 -0.899999984540045 -2.22738645970821 -20.7726135849953 -0.899999984540045 -0.546991766896099 -19.8978558182716 2.79496698240517E-15 2.91438663384915E-15 -19.8500007390976 -0.899999984540045 -1.20545283425599 -20.0897790491581 -0.899999984540045 0.546991766896099 -19.8978558182716 -0.899999984540045 2.49366499671666E-15 -19.8500007390976 2.6484910803052E-15 1.20545283425599 -20.0897790491581 2.29209183478545E-15 1.20545283425599 -25.9102210402489 -0.899999984540045 0.546991766896099 -26.1021442711353 2.40920344552525E-15 2.98647356307676E-15 -26.1499993503094 -0.899999984540045 1.57500000204891 -20.2720202505589 -0.899999984540045 1.20545283425599 -20.0897790491581 2.49495022859341E-15 2.22738645970821 -20.7726135849953 -0.899999984540045 2.41304002702236 -20.9752190858126 -0.899999984540045 2.22738645970821 -20.7726135849953 2.35771972419995E-15 2.9102205298841 -21.7945463955402 -0.899999984540045 2.96003185212612 -21.9226367771626 -0.899999984540045 2.9102205298841 -21.7945463955402 2.25769166785605E-15 3.15000000409782 -23.0000000447035 -0.899999984540045 2.96003185212612 -24.0773633122444 2.21009424784368E-15 2.9102205298841 -24.2054536938667 -0.899999984540045 3.15000000409782 -23.0000000447035 -0.899999984540045 -2.96003185212612 -24.0773633122444 2.84645070373047E-15 -2.9102205298841 -24.2054536938667 -0.899999984540045 -2.9102205298841 -24.2054536938667 -0.899999984540045 -2.41304002702236 -25.0247810035944 2.70922019933701E-15 -2.22738645970821 -25.2273865044117 -0.899999984540045 -2.22738645970821 -25.2273865044117 -0.899999984540045 -1.57500000204891 -25.7279798388481 2.55567934762522E-15 -1.20545283425599 -25.9102210402489 -0.899999984540045 -1.20545283425599 -25.9102210402489 -0.899999984540045 -0.546991766896099 -26.1021442711353 -0.899999984540045 2.64543361396605E-15 -26.1499993503094 -0.899999984540045 1.20545283425599 -25.9102210402489 -0.899999984540045 1.57500000204891 -25.7279798388481 2.2221739799191E-15 2.22738645970821 -25.2273865044117 -0.899999984540045 2.41304002702236 -25.0247810035944 -0.899999984540045 2.22738645970821 -25.2273865044117 -0.899999984540045 2.9102205298841 -24.2054536938667 -0.899999984540045 0.546991766896099 -35.1021438837051 1.42473009679705E-15 1.20545283425599 -34.9102206528187 -0.899999984540045 1.20545283425599 -34.9102206528187 1.68831760963682E-15 -1.20545283425599 -34.9102206528187 -0.899999984540045 -0.546991766896099 -35.1021438837051 -0.899999984540045 -1.20545283425599 -34.9102206528187 1.54184160413927E-15 3.97045535972596E-15 -35.1499989628792 -0.899999984540045 4.01154803819637E-15 -35.1499989628792 -0.899999984540045 1.57500000204891 -34.7279794514179 1.35481234532827E-15 2.22738645970821 -34.2273861169815 -0.899999984540045 2.41304002702236 -34.0247824788094 -0.899999984540045 2.22738645970821 -34.2273861169815 1.34273250985528E-15 2.9102205298841 -33.2054533064365 -0.899999984540045 2.96003185212612 -33.0773629248142 -0.899999984540045 2.9102205298841 -33.2054533064365 2.07911702208596E-15 -3.15000000409782 -32.0000015199184 -0.899999984540045 -2.96003185212612 -33.0773629248142 -0.899999984540045 -3.15000000409782 -32.0000015199184 1.39032982647007E-15 3.15000000409782 -32.0000015199184 -0.899999984540045 2.96003185212612 -30.9226363897324 -0.899999984540045 3.15000000409782 -32.0000015199184 1.49035798621154E-15 2.9102205298841 -30.7945478707552 -0.899999984540045 2.41304002702236 -29.9752186983824 -0.899999984540045 2.9102205298841 -30.7945478707552 1.62758849060501E-15 2.22738645970821 -29.7726131975651 -0.899999984540045 1.57500000204891 -29.2720198631287 -0.899999984540045 2.22738645970821 -29.7726131975651 1.97908896574207E-15 -2.9102205298841 -33.2054533064365 1.7811293423168E-15 1.20545283425599 -29.0897786617279 -0.899999984540045 0.546991766896099 -28.8978554308414 -0.899999984540045 1.20545283425599 -29.0897786617279 1.92760524441677E-15 3.89836822370319E-15 -28.8500003516674 -0.899999984540045 -0.546991766896099 -28.8978554308414 -0.899999984540045 3.90312782094782E-15 -28.8500003516674 2.04471685515657E-15 -1.20545283425599 -29.0897786617279 -0.899999984540045 -1.57500000204891 -29.2720198631287 -0.899999984540045 -1.20545283425599 -29.0897786617279 2.11463471002292E-15 -2.22738645970821 -29.7726131975651 -0.899999984540045 -2.41304002702236 -29.9752186983824 -0.899999984540045 -2.22738645970821 -29.7726131975651 2.12671444209834E-15 -2.9102205298841 -30.7945478707552 -0.899999984540045 -2.96003185212612 -30.9226363897324 -0.899999984540045 -2.9102205298841 -30.7945478707552 -0.899999984540045 -2.9102205298841 -33.2054533064365 -0.899999984540045 -2.41304002702236 -34.0247824788094 1.8418584613486E-15 -2.22738645970821 -34.2273861169815 -0.899999984540045 -2.22738645970821 -34.2273861169815 -0.899999984540045 -1.57500000204891 -34.7279794514179 -36.4999994635582 -51.5000000596046 -36.2000018358231 -36.4999994635582 -53.7500008940697 32.9999998211861 -36.4999994635582 -51.5000000596046 32.9999998211861 -36.4999994635582 -53.7500008940697 -36.2000018358231 -1.24999997206032 -50.0000007450581 -46.9999983906746 -1.44030118826777 -50.9567074477673 -38.6499986052513 -1.24999997206032 -50.0000007450581 -38.6499986052513 -1.44030118826777 -50.9567074477673 -46.9999983906746 -1.98223302140832 -51.7677664756775 -38.6499986052513 -1.98223302140832 -51.7677664756775 -46.9999983906746 -2.79329135082662 -52.3096993565559 -38.6499986052513 -2.79329135082662 -52.3096993565559 -46.9999983906746 -3.74999991618097 -52.4999983608723 -38.6499986052513 -3.74999991618097 -52.4999983608723 -46.9999983906746 -1.24999997206032 -7.55639839917421 -46.9999983906746 -1.24999997206032 -50.0000007450581 -38.6499986052513 -1.24999997206032 -7.55639839917421 -38.6499986052513 -1.24999997206032 -50.0000007450581 -46.9999983906746 -3.25000006705523 -5.87819935753942 -41.6250005364418 -1.24999997206032 -7.55639839917421 -38.6499986052513 -3.25000006705523 -5.87819935753942 -38.6499986052513 -1.24999997206032 -7.55639839917421 -46.9999983906746 -3.25000006705523 -5.87819935753942 -46.9999983906746 -1.98223302140832 -51.7677664756775 -20.6499993801117 -1.44030118826777 -50.9567074477673 -29.3499995023012 -1.98223302140832 -51.7677664756775 -29.3499995023012 -1.44030118826777 -50.9567074477673 -20.6499993801117 -2.79329135082662 -52.3096993565559 -20.6499993801117 -2.79329135082662 -52.3096993565559 -29.3499995023012 -3.74999991618097 -52.4999983608723 -20.6499993801117 -3.74999991618097 -52.4999983608723 -29.3499995023012 -1.24999997206032 -50.0000007450581 -29.3499995023012 -1.24999997206032 -50.0000007450581 -20.6499993801117 -1.24999997206032 -7.55639839917421 -20.6499993801117 -1.24999997206032 -50.0000007450581 -29.3499995023012 -1.24999997206032 -50.0000007450581 -20.6499993801117 -1.24999997206032 -7.55639839917421 -29.3499995023012 -1.24999997206032 -7.55639839917421 -20.6499993801117 -3.25000006705523 -5.87819935753942 -27.4999998509884 -1.24999997206032 -7.55639839917421 -29.3499995023012 -3.25000006705523 -5.87819935753942 -29.3499995023012 -3.25000006705523 -5.87819935753942 -20.6499993801117 -1.24999997206032 -50.0000007450581 -11.3500002771616 -1.44030118826777 -50.9567074477673 -2.64999992214143 -1.24999997206032 -50.0000007450581 -2.64999992214143 -1.44030118826777 -50.9567074477673 -11.3500002771616 -1.98223302140832 -51.7677664756775 -2.64999992214143 -1.98223302140832 -51.7677664756775 -11.3500002771616 -2.79329135082662 -52.3096993565559 -2.64999992214143 -2.79329135082662 -52.3096993565559 -11.3500002771616 -3.74999991618097 -52.4999983608723 -2.64999992214143 -3.74999991618097 -52.4999983608723 -11.3500002771616 -1.24999997206032 -7.55639839917421 -2.64999992214143 -1.24999997206032 -50.0000007450581 -11.3500002771616 -1.24999997206032 -50.0000007450581 -2.64999992214143 -1.24999997206032 -7.55639839917421 -11.3500002771616 -1.24999997206032 -7.55639839917421 -2.64999992214143 -3.25000006705523 -5.87819935753942 -7.00000021606684 -1.24999997206032 -7.55639839917421 -11.3500002771616 -3.25000006705523 -5.87819935753942 -11.3500002771616 -3.25000006705523 -5.87819935753942 -2.64999992214143 -1.44030118826777 -50.9567074477673 15.3500000014901 -1.24999997206032 -50.0000007450581 6.64999987930059 -1.44030118826777 -50.9567074477673 6.64999987930059 -1.98223302140832 -51.7677664756775 15.3500000014901 -1.98223302140832 -51.7677664756775 6.64999987930059 -2.79329135082662 -52.3096993565559 15.3500000014901 -2.79329135082662 -52.3096993565559 6.64999987930059 -3.74999991618097 -52.4999983608723 15.3500000014901 -3.74999991618097 -52.4999983608723 6.64999987930059 -1.24999997206032 -50.0000007450581 15.3500000014901 -1.24999997206032 -50.0000007450581 6.64999987930059 -1.24999997206032 -7.55639839917421 15.3500000014901 -1.24999997206032 -7.55639839917421 6.64999987930059 -1.24999997206032 -50.0000007450581 15.3500000014901 -3.25000006705523 -5.87819935753942 13.5000003501773 -1.24999997206032 -7.55639839917421 6.64999987930059 -1.24999997206032 -7.55639839917421 15.3500000014901 -3.25000006705523 -5.87819935753942 15.3500000014901 -3.25000006705523 -5.87819935753942 6.64999987930059 -24.8499996960163 -51.5000000596046 -46.9999983906746 -22.999107837677 -52.4999983608723 32.9999998211861 -22.999107837677 -52.4999983608723 -46.9999983906746 -24.8499996960163 -51.5000000596046 32.9999998211861 -14.0000004321337 -52.4999983608723 6.64999987930059 -3.74999991618097 -52.4999983608723 15.3500000014901 -3.74999991618097 -52.4999983608723 6.64999987930059 -3.74999991618097 -52.4999983608723 32.9999998211861 -14.0000004321337 -52.4999983608723 24.6500000357628 -22.999107837677 -52.4999983608723 32.9999998211861 -22.999107837677 -52.4999983608723 -46.9999983906746 -14.0000004321337 -52.4999983608723 -29.3499995023012 -14.0000004321337 -52.4999983608723 -38.6499986052513 -3.74999991618097 -52.4999983608723 24.6500000357628 -14.0000004321337 -52.4999983608723 -11.3500002771616 -3.74999991618097 -52.4999983608723 -2.64999992214143 -3.74999991618097 -52.4999983608723 -11.3500002771616 -3.74999991618097 -52.4999983608723 -46.9999983906746 -3.74999991618097 -52.4999983608723 -29.3499995023012 -14.0000004321337 -52.4999983608723 -20.6499993801117 -3.74999991618097 -52.4999983608723 -20.6499993801117 -14.0000004321337 -52.4999983608723 15.3500000014901 -14.0000004321337 -52.4999983608723 -2.64999992214143 -3.74999991618097 -52.4999983608723 -38.6499986052513 -1.24999997206032 -50.0000007450581 24.6500000357628 -1.44030118826777 -50.9567074477673 32.9999998211861 -1.24999997206032 -50.0000007450581 32.9999998211861 -1.98223302140832 -51.7677664756775 24.6500000357628 -2.79329135082662 -52.3096993565559 32.9999998211861 -1.98223302140832 -51.7677664756775 32.9999998211861 -2.79329135082662 -52.3096993565559 24.6500000357628 -3.74999991618097 -52.4999983608723 32.9999998211861 -3.74999991618097 -52.4999983608723 24.6500000357628 -1.44030118826777 -50.9567074477673 24.6500000357628 -1.24999997206032 -50.0000007450581 24.6500000357628 -1.24999997206032 -7.55639839917421 32.9999998211861 -1.24999997206032 -7.55639839917421 24.6500000357628 -1.24999997206032 -50.0000007450581 32.9999998211861 -1.24999997206032 -7.55639839917421 24.6500000357628 -3.25000006705523 -5.87819935753942 32.9999998211861 -3.25000006705523 -5.87819935753942 24.6500000357628 -1.24999997206032 -7.55639839917421 32.9999998211861 -3.25000006705523 -5.87819935753942 -7.00000021606684 -3.25000006705523 -0.738004746381193 -9.81456693261862 -3.25000006705523 -5.87819935753942 -11.3500002771616 -3.25000006705523 -4.250000230968 -8.41944649113757E-16 -3.25000006705523 -5.87819935753942 -2.64999992214143 -3.25000006705523 -36.6350002586842 -2.64999992214143 -3.25000006705523 -5.87819935753942 6.64999987930059 -3.25000006705523 -2.125000115484 5.31939184293151 -3.25000006705523 -0.738004746381193 4.81456704437733 -3.25000006705523 -4.250000230968 17.9999992251396 -3.25000006705523 -5.87819935753942 15.3500000014901 -3.25000006705523 -36.6350002586842 15.3500000014901 -3.25000006705523 5.28590055182576 32.9999998211861 -3.25000006705523 -5.87819935753942 24.6500000357628 -3.25000006705523 -5.87819935753942 32.9999998211861 -3.25000006705523 0.738004746381193 22.1854336559772 -3.25000006705523 -36.6350002586842 24.6500000357628 -3.25000006705523 3.9936937391758 19.4535851478577 -3.25000006705523 3.25568881817162 20.7318477332592 -3.25000006705523 2.125000115484 21.6806083917618 -3.25000006705523 3.25568881817162 2.73184734396636 -3.25000006705523 5.28590055182576 4.4999998062849 -3.25000006705523 3.9936937391758 1.45358557347208 -3.25000006705523 -0.738004746381193 22.1854336559772 -3.25000006705523 5.28590055182576 13.5000003501773 -3.25000006705523 0.738004746381193 13.8145666569471 -3.25000006705523 2.125000115484 14.3193919211626 -3.25000006705523 -2.125000115484 21.6806083917618 -3.25000006705523 -3.25568881817162 20.7318477332592 -3.25000006705523 -3.9936937391758 16.5464151650667 -3.25000006705523 3.25568881817162 15.2681525796652 -3.25000006705523 3.9936937391758 16.5464151650667 -3.25000006705523 -36.6350002586842 -18.5000002384186 -3.25000006705523 -5.87819935753942 -20.6499993801117 -3.25000006705523 -36.6350002586842 -20.6499993801117 -3.25000006705523 -3.9936937391758 19.4535851478577 -3.25000006705523 -5.87819935753942 13.5000003501773 -3.25000006705523 -2.125000115484 14.3193919211626 -3.25000006705523 -0.738004746381193 13.8145666569471 -3.25000006705523 4.250000230968 17.9999992251396 -3.25000006705523 -3.25568881817162 15.2681525796652 -3.25000006705523 -4.250000230968 8.99999961256981 -3.25000006705523 2.125000115484 12.6806078478694 -3.25000006705523 0.738004746381193 13.1854331120849 -3.25000006705523 -3.9936937391758 7.54641462117434 -3.25000006705523 0.738004746381193 4.81456704437733 -3.25000006705523 -0.738004746381193 13.1854331120849 -3.25000006705523 5.28590055182576 -41.6250005364418 -3.25000006705523 -5.87819935753942 -46.9999983906746 -3.25000006705523 -5.87819935753942 -41.6250005364418 -3.25000006705523 -5.87819935753942 -38.6499986052513 -3.25000006705523 -3.25568881817162 -34.7318463027477 -3.25000006705523 -2.125000115484 -35.6806069612503 -3.25000006705523 6.32180087268353 13.5000003501773 -3.25000006705523 6.32180087268353 32.9999998211861 -3.25000006705523 6.32180087268353 4.4999998062849 -3.25000006705523 5.28590055182576 -7.00000021606684 -3.25000006705523 6.32180087268353 -7.00000021606684 -3.25000006705523 5.28590055182576 -18.5000002384186 -3.25000006705523 6.32180087268353 -18.5000002384186 -3.25000006705523 5.28590055182576 -27.4999998509884 -3.25000006705523 6.32180087268353 -27.4999998509884 -3.25000006705523 6.32180087268353 -41.6250005364418 -3.25000006705523 5.28590055182576 -46.9999983906746 -3.25000006705523 -2.125000115484 -10.3193921968341 -3.25000006705523 3.25568881817162 -11.2681528553367 -3.25000006705523 2.125000115484 -10.3193921968341 -3.25000006705523 4.250000230968 2.60685908007541E-15 -3.25000006705523 3.9936937391758 -1.45358557347208 -3.25000006705523 -0.738004746381193 -4.18543303385377 -3.25000006705523 -0.738004746381193 4.18543303385377 -3.25000006705523 0.738004746381193 4.18543303385377 -3.25000006705523 3.25568881817162 -2.73184734396636 -3.25000006705523 2.125000115484 -3.68060800246894 -3.25000006705523 0.738004746381193 -4.18543303385377 -3.25000006705523 -2.125000115484 -3.68060800246894 -3.25000006705523 -3.25568881817162 -2.73184734396636 -3.25000006705523 -36.6350002586842 4.4999998062849 -3.25000006705523 -3.9936937391758 1.45358557347208 -3.25000006705523 -2.125000115484 3.68060800246894 -3.25000006705523 2.125000115484 3.68060800246894 -3.25000006705523 -3.9936937391758 -1.45358557347208 -3.25000006705523 -3.25568881817162 2.73184734396636 -3.25000006705523 -3.25568881817162 6.26815250143409 -3.25000006705523 2.125000115484 5.31939184293151 -3.25000006705523 3.25568881817162 6.26815250143409 -3.25000006705523 -2.125000115484 12.6806078478694 -3.25000006705523 -3.25568881817162 11.7318471893668 -3.25000006705523 -36.6350002586842 6.64999987930059 -3.25000006705523 3.9936937391758 10.4535855352879 -3.25000006705523 3.25568881817162 11.7318471893668 -3.25000006705523 -3.9936937391758 10.4535855352879 -3.25000006705523 4.250000230968 8.99999961256981 -3.25000006705523 3.9936937391758 7.54641462117434 -3.25000006705523 -4.250000230968 -14.0000004321337 -3.25000006705523 -3.9936937391758 -12.5464145094156 -3.25000006705523 -3.9936937391758 -21.5464141219854 -3.25000006705523 -3.25568881817162 -20.268153399229 -3.25000006705523 -3.25568881817162 -11.2681528553367 -3.25000006705523 -0.738004746381193 -18.1854330003262 -3.25000006705523 0.738004746381193 -18.1854330003262 -3.25000006705523 0.738004746381193 -9.81456693261862 -3.25000006705523 -36.6350002586842 -11.3500002771616 -3.25000006705523 -3.9936937391758 -15.4535854235291 -3.25000006705523 -3.25568881817162 -16.7318470776081 -3.25000006705523 3.9936937391758 -15.4535854235291 -3.25000006705523 4.250000230968 -14.0000004321337 -3.25000006705523 -2.125000115484 -17.6806077361107 -3.25000006705523 2.125000115484 -17.6806077361107 -3.25000006705523 3.9936937391758 -12.5464145094156 -3.25000006705523 3.25568881817162 -16.7318470776081 -3.25000006705523 -4.250000230968 -23.0000000447035 -3.25000006705523 -5.87819935753942 -27.4999998509884 -3.25000006705523 -2.125000115484 -19.3193927407265 -3.25000006705523 -0.738004746381193 -27.185432612896 -3.25000006705523 0.738004746381193 -27.185432612896 -3.25000006705523 -0.738004746381193 -18.814567476511 -3.25000006705523 -3.25568881817162 -25.7318466901779 -3.25000006705523 -2.125000115484 -26.6806073486805 -3.25000006705523 2.125000115484 -26.6806073486805 -3.25000006705523 3.25568881817162 -25.7318466901779 -3.25000006705523 -3.9936937391758 -24.4535859674215 -3.25000006705523 4.250000230968 -23.0000000447035 -3.25000006705523 3.9936937391758 -21.5464141219854 -3.25000006705523 2.125000115484 -19.3193927407265 -3.25000006705523 0.738004746381193 -18.814567476511 -3.25000006705523 6.32180087268353 -46.9999983906746 -3.25000006705523 -0.738004746381193 -27.8145670890808 -3.25000006705523 0.738004746381193 -27.8145670890808 -3.25000006705523 2.125000115484 -28.3193923532963 -3.25000006705523 3.25568881817162 -29.2681530117989 -3.25000006705523 4.250000230968 -32.0000015199184 -3.25000006705523 3.9936937391758 -33.4535874426365 -3.25000006705523 3.9936937391758 -30.5464137345552 -3.25000006705523 3.25568881817162 -34.7318463027477 -3.25000006705523 -0.738004746381193 -36.1854322254658 -3.25000006705523 -5.87819935753942 -29.3499995023012 -3.25000006705523 -4.250000230968 -32.0000015199184 -3.25000006705523 -36.6350002586842 -29.3499995023012 -3.25000006705523 2.125000115484 -35.6806069612503 -3.25000006705523 0.738004746381193 -36.1854322254658 -3.25000006705523 -3.9936937391758 -30.5464137345552 -3.25000006705523 -3.25568881817162 -29.2681530117989 -3.25000006705523 -3.9936937391758 -33.4535874426365 -3.25000006705523 -36.6350002586842 -38.6499986052513 -3.25000006705523 -2.125000115484 -28.3193923532963 -3.25000006705523 3.25568881817162 -20.268153399229 -3.25000006705523 3.9936937391758 -24.4535859674215 -1.24999997206032 8.00000037997961 32.9999998211861 -3.25000006705523 6.32180087268353 13.5000003501773 -3.25000006705523 6.32180087268353 32.9999998211861 -3.25000006705523 6.32180087268353 -41.6250005364418 -1.24999997206032 8.00000037997961 -46.9999983906746 -3.25000006705523 6.32180087268353 -46.9999983906746 -3.25000006705523 6.32180087268353 -27.4999998509884 -3.25000006705523 6.32180087268353 -18.5000002384186 -3.25000006705523 6.32180087268353 -7.00000021606684 -3.25000006705523 6.32180087268353 4.4999998062849 -1.24999997206032 8.00000037997961 -46.9999983906746 -1.24999997206032 9.99999977648258 32.9999998211861 -1.24999997206032 9.99999977648258 -46.9999983906746 -1.24999997206032 8.00000037997961 32.9999998211861 0 9.99999977648258 27.0750001072884 -1.24999997206032 9.99999977648258 32.9999998211861 0 9.99999977648258 32.9999998211861 0 9.99999977648258 13.5000003501773 0 9.99999977648258 4.4999998062849 0 9.99999977648258 -7.00000021606684 -1.24999997206032 9.99999977648258 -46.9999983906746 0 9.99999977648258 -18.5000002384186 0 9.99999977648258 -27.4999998509884 0 9.99999977648258 -46.9999983906746 2.92863109758762E-15 2.22738645970821 -11.7726139724255 0 9.99999977648258 -7.00000021606684 3.0821719492994E-15 1.20545283425599 -11.0897794365883 3.22864785139937E-15 1.93040483719995E-15 -10.8500001952052 0 -26.5749990940094 -7.00000021606684 3.34575946213917E-15 -1.20545283425599 -11.0897794365883 3.28013157272467E-15 -2.9102205298841 -15.2054531499743 0 -26.5749990940094 -18.5000002384186 3.14290106833121E-15 -2.22738645970821 -16.2273868918419 2.6558548489133E-15 2.22738645970821 -16.2273868918419 0 9.99999977648258 -18.5000002384186 2.64377511683788E-15 2.9102205298841 -15.2054531499743 2.69137253685026E-15 3.15000000409782 -14.0000004321337 3.41567731700552E-15 -2.22738645970821 -11.7726139724255 3.38015962906857E-15 -3.15000000409782 -14.0000004321337 2.98936021661942E-15 -1.20545283425599 -16.9102214276791 2.84288431451945E-15 2.00249176642757E-15 -17.1499997377396 3.42775704908094E-15 -2.9102205298841 -12.7945467829704 2.79140059319415E-15 2.9102205298841 -12.7945467829704 2.79496698240517E-15 2.91438663384915E-15 -19.8500007390976 2.91207859314497E-15 -1.20545283425599 -20.0897790491581 1.7811293423168E-15 1.20545283425599 -29.0897786617279 0 9.99999977648258 -27.4999998509884 1.92760524441677E-15 3.89836822370319E-15 -28.8500003516674 1.34273250985528E-15 2.9102205298841 -33.2054533064365 1.39032982647007E-15 3.15000000409782 -32.0000015199184 1.42473009679705E-15 1.20545283425599 -34.9102206528187 0 9.99999977648258 -46.9999983906746 1.35481234532827E-15 2.22738645970821 -34.2273861169815 2.25769166785605E-15 3.15000000409782 -23.0000000447035 2.21009424784368E-15 2.9102205298841 -24.2054536938667 2.49495022859341E-15 2.22738645970821 -20.7726135849953 2.35771972419995E-15 2.9102205298841 -21.7945463955402 2.2221739799191E-15 2.22738645970821 -25.2273865044117 2.29209183478545E-15 1.20545283425599 -25.9102210402489 0 -26.5749990940094 -27.4999998509884 2.84645070373047E-15 -2.9102205298841 -24.2054536938667 2.94647876007437E-15 -3.15000000409782 -23.0000000447035 2.70922019933701E-15 -2.22738645970821 -25.2273865044117 -3.46944695195361E-15 -50.0000007450581 27.0750001072884 0 -26.5749990940094 32.9999998211861 -3.46944695195361E-15 -50.0000007450581 32.9999998211861 -3.46944695195361E-15 -50.0000007450581 13.5000003501773 0 -26.5749990940094 27.0750001072884 -3.46944695195361E-15 -50.0000007450581 4.4999998062849 0 -26.5749990940094 13.5000003501773 -3.46944695195361E-15 -50.0000007450581 -7.00000021606684 0 -26.5749990940094 4.4999998062849 -3.46944695195361E-15 -50.0000007450581 -18.5000002384186 -3.46944695195361E-15 -50.0000007450581 -27.4999998509884 -3.46944695195361E-15 -50.0000007450581 -46.9999983906746 0 9.99999977648258 32.9999998211861 5.54856418083473E-15 -3.15000000409782 17.9999992251396 5.59616139405195E-15 -2.9102205298841 19.2054528743029 5.39705240316554E-15 -1.56819712941886E-15 21.1500003933907 5.51416380711018E-15 -1.20545283425599 20.910220220685 5.58408166197653E-15 -2.22738645970821 20.2273856848478 4.81217946180889E-15 2.9102205298841 16.7945474386215 0 9.99999977648258 13.5000003501773 4.85977667502611E-15 3.15000000409782 17.9999992251396 0 9.99999977648258 27.0750001072884 4.95980473137001E-15 2.9102205298841 19.2054528743029 2.98199644801132E-15 -2.22738645970821 -20.7726135849953 5.09703523576347E-15 2.22738645970821 20.2273856848478 5.25057650106556E-15 1.20545283425599 20.910220220685 4.82425919388431E-15 2.22738645970821 15.7726127654314 5.44853612449084E-15 -2.9102205298841 16.7945474386215 5.31130562009737E-15 -2.22738645970821 15.7726127654314 5.15776435479528E-15 -1.20545283425599 15.0897791609168 4.89417704875066E-15 1.20545283425599 15.0897791609168 5.01128845269531E-15 -1.49611020019124E-15 14.8499999195337 4.52969066517713E-15 -5.84215384468453E-16 12.1499998494983 4.64680206912178E-15 -1.20545283425599 11.9102206081152 3.95689745589591E-15 2.22738645970821 6.77261361852288 0 9.99999977648258 4.4999998062849 3.94481772382049E-15 2.9102205298841 7.79454736039042 3.99241493703771E-15 3.15000000409782 8.99999961256981 4.71671992398813E-15 -2.22738645970821 11.227386072278 4.38321476307716E-15 1.20545283425599 11.9102206081152 4.72879965606355E-15 -2.9102205298841 10.2054532617331 4.68120244284633E-15 -3.15000000409782 8.99999961256981 4.58117438650243E-15 -2.9102205298841 7.79454736039042 4.02681531076226E-15 1.20545283425599 6.089779548347 4.0924429933816E-15 2.9102205298841 10.2054532617331 4.22967349777507E-15 2.22738645970821 11.227386072278 4.44394388210897E-15 -2.22738645970821 6.77261361852288 4.29040261680687E-15 -1.20545283425599 6.089779548347 4.1439267147069E-15 -5.12128403542046E-16 5.84999984130263 3.55873406804351E-15 3.15000000409782 3.85763743675077E-16 3.51113685482629E-15 2.9102205298841 -1.20545283425599 3.6587621243874E-15 2.9102205298841 1.20545283425599 3.79599262878087E-15 2.22738645970821 2.22738645970821 4.09600979618293E-15 1.55820949220895E-16 3.15000000409782 4.21312120012758E-15 -1.20545283425599 2.9102205298841 4.24752157385213E-15 -3.15000000409782 -2.64815367353245E-31 4.14749351750823E-15 -2.9102205298841 -1.20545283425599 3.59313444176806E-15 1.20545283425599 -2.9102205298841 3.5232165869017E-15 2.22738645970821 -2.22738645970821 3.94953389408296E-15 1.20545283425599 2.9102205298841 4.28303905499393E-15 -2.22738645970821 2.22738645970821 4.29511878706935E-15 -2.9102205298841 1.20545283425599 4.01026301311477E-15 -2.22738645970821 -2.22738645970821 3.7102458457127E-15 2.27907930147301E-16 -3.15000000409782 3.85672174781267E-15 -1.20545283425599 -2.9102205298841 2.55567934762522E-15 -1.20545283425599 -25.9102210402489 2.99407618008674E-15 -2.9102205298841 -21.7945463955402 2.6484910803052E-15 1.20545283425599 -20.0897790491581 2.40920344552525E-15 2.98647356307676E-15 -26.1499993503094 2.72577270377965E-15 1.20545283425599 -16.9102214276791 2.04471685515657E-15 -1.20545283425599 -29.0897786617279 2.11463471002292E-15 -2.22738645970821 -29.7726131975651 2.12671444209834E-15 -2.9102205298841 -30.7945478707552 1.49035798621154E-15 2.9102205298841 -30.7945478707552 1.62758849060501E-15 2.22738645970821 -29.7726131975651 2.07911702208596E-15 -3.15000000409782 -32.0000015199184 0 -26.5749990940094 -46.9999983906746 1.97908896574207E-15 -2.9102205298841 -33.2054533064365 1.8418584613486E-15 -2.22738645970821 -34.2273861169815 1.68831760963682E-15 -1.20545283425599 -34.9102206528187 1.54184160413927E-15 3.97045535972596E-15 -35.1499989628792 -2.59118620306253 -53.5664632916451 -46.9999983906746 -3.74999991618097 -53.7500008940697 32.9999998211861 -3.74999991618097 -53.7500008940697 -46.9999983906746 -1.54580525122583 -53.0338138341904 -46.9999983906746 -2.59118620306253 -53.5664632916451 32.9999998211861 -0.71618624497205 -52.2041954100132 -46.9999983906746 -1.54580525122583 -53.0338138341904 32.9999998211861 -0.183538068085909 -51.1588118970394 -46.9999983906746 -0.71618624497205 -52.2041954100132 32.9999998211861 -3.46944695195361E-15 -50.0000007450581 27.0750001072884 -0.183538068085909 -51.1588118970394 32.9999998211861 -3.46944695195361E-15 -50.0000007450581 13.5000003501773 -3.46944695195361E-15 -50.0000007450581 4.4999998062849 -3.46944695195361E-15 -50.0000007450581 -7.00000021606684 -3.46944695195361E-15 -50.0000007450581 -18.5000002384186 -3.46944695195361E-15 -50.0000007450581 -27.4999998509884 -3.46944695195361E-15 -50.0000007450581 -46.9999983906746 -3.46944695195361E-15 -50.0000007450581 32.9999998211861 -36.4999994635582 -53.7500008940697 -46.9999983906746 -31.8062379956245 -53.7500008940697 -39.7999994456768 -36.4999994635582 -53.7500008940697 -39.7999994456768 -36.4999994635582 -53.7500008940697 32.9999998211861 -31.8062379956245 -53.7500008940697 -36.2000018358231 -30.8945141732693 -53.7500008940697 -35.6120429933071 -36.4999994635582 -53.7500008940697 -36.2000018358231 -3.74999991618097 -53.7500008940697 -46.9999983906746 -27.5083612650633 -53.7500008940697 -38.5424345731735 -27.9593411833048 -53.7500008940697 -39.5291224122047 -3.74999991618097 -53.7500008940697 32.9999998211861 -29.8208855092525 -53.7500008940697 -35.4562997817993 -28.7796761840582 -53.7500008940697 -35.7609577476978 -29.8208855092525 -53.7500008940697 -40.5437014997005 -27.5083612650633 -53.7500008940697 -37.4575667083263 -28.7796761840582 -53.7500008940697 -40.239043533802 -30.8945141732693 -53.7500008940697 -40.3879582881927 -27.9593411833048 -53.7500008940697 -36.4708788692951 -36.4999994635582 -51.5000000596046 -39.7999994456768 -36.4999994635582 -53.7500008940697 -46.9999983906746 -36.4999994635582 -53.7500008940697 -39.7999994456768 -36.4999994635582 -51.5000000596046 -46.9999983906746 -27.9593411833048 -51.5000000596046 -36.4708788692951 -24.8499996960163 -51.5000000596046 32.9999998211861 -27.5083612650633 -51.5000000596046 -37.4575667083263 -24.8499996960163 -51.5000000596046 -46.9999983906746 -27.5083612650633 -51.5000000596046 -38.5424345731735 -29.8208855092525 -51.5000000596046 -35.4562997817993 -36.4999994635582 -51.5000000596046 32.9999998211861 -29.8208855092525 -51.5000000596046 -40.5437014997005 -36.4999994635582 -51.5000000596046 -46.9999983906746 -30.8945141732693 -51.5000000596046 -40.3879582881927 -31.8062379956245 -51.5000000596046 -39.7999994456768 -36.4999994635582 -51.5000000596046 -39.7999994456768 -28.7796761840582 -51.5000000596046 -35.7609577476978 -27.9593411833048 -51.5000000596046 -39.5291224122047 -28.7796761840582 -51.5000000596046 -40.239043533802 -31.8062379956245 -51.5000000596046 -36.2000018358231 -30.8945141732693 -51.5000000596046 -35.6120429933071 -36.4999994635582 -51.5000000596046 -36.2000018358231 0 9.99999977648258 -46.9999983906746 -1.24999997206032 8.00000037997961 -46.9999983906746 -1.24999997206032 9.99999977648258 -46.9999983906746 -1.24999997206032 -50.0000007450581 -46.9999983906746 0 -26.5749990940094 -46.9999983906746 -3.46944695195361E-15 -50.0000007450581 -46.9999983906746 -36.4999994635582 -53.7500008940697 -46.9999983906746 -24.8499996960163 -51.5000000596046 -46.9999983906746 -22.999107837677 -52.4999983608723 -46.9999983906746 -3.25000006705523 5.28590055182576 -46.9999983906746 -3.25000006705523 6.32180087268353 -46.9999983906746 -36.4999994635582 -51.5000000596046 -46.9999983906746 -1.54580525122583 -53.0338138341904 -46.9999983906746 -2.79329135082662 -52.3096993565559 -46.9999983906746 -1.98223302140832 -51.7677664756775 -46.9999983906746 -1.24999997206032 -7.55639839917421 -46.9999983906746 -2.59118620306253 -53.5664632916451 -46.9999983906746 -3.74999991618097 -52.4999983608723 -46.9999983906746 -0.71618624497205 -52.2041954100132 -46.9999983906746 -1.44030118826777 -50.9567074477673 -46.9999983906746 -0.183538068085909 -51.1588118970394 -46.9999983906746 -3.25000006705523 -5.87819935753942 -46.9999983906746 -3.74999991618097 -53.7500008940697 -46.9999983906746 -22.999107837677 -52.4999983608723 32.9999998211861 -3.74999991618097 -53.7500008940697 32.9999998211861 -3.74999991618097 -52.4999983608723 32.9999998211861 0 9.99999977648258 32.9999998211861 -1.24999997206032 8.00000037997961 32.9999998211861 0 -26.5749990940094 32.9999998211861 -1.24999997206032 9.99999977648258 32.9999998211861 -1.24999997206032 -7.55639839917421 32.9999998211861 -3.25000006705523 5.28590055182576 32.9999998211861 -3.25000006705523 -5.87819935753942 32.9999998211861 -3.25000006705523 6.32180087268353 32.9999998211861 -36.4999994635582 -53.7500008940697 32.9999998211861 -0.183538068085909 -51.1588118970394 32.9999998211861 -1.24999997206032 -50.0000007450581 32.9999998211861 -1.44030118826777 -50.9567074477673 32.9999998211861 -24.8499996960163 -51.5000000596046 32.9999998211861 -0.71618624497205 -52.2041954100132 32.9999998211861 -1.98223302140832 -51.7677664756775 32.9999998211861 -3.46944695195361E-15 -50.0000007450581 32.9999998211861 -2.59118620306253 -53.5664632916451 32.9999998211861 -2.79329135082662 -52.3096993565559 32.9999998211861 -1.54580525122583 -53.0338138341904 32.9999998211861 -36.4999994635582 -51.5000000596046 32.9999998211861 -3.25000006705523 -36.6350002586842 24.6500000357628 -3.94999980926514 -43.1150011718273 15.3500000014901 -3.94999980926514 -43.1150011718273 24.6500000357628 -3.25000006705523 -36.6350002586842 15.3500000014901 -6.52145035564899 -48.8740392029285 15.3500000014901 -8.07866174727678 -50.3282137215137 24.6500000357628 -6.52145035564899 -48.8740392029285 24.6500000357628 -5.28388051316142 -47.1396967768669 15.3500000014901 -5.28388051316142 -47.1396967768669 24.6500000357628 -9.89354029297829 -51.4443404972553 15.3500000014901 -11.8938563391566 -52.1780028939247 24.6500000357628 -9.89354029297829 -51.4443404972553 24.6500000357628 -11.8938563391566 -52.1780028939247 15.3500000014901 -14.0000004321337 -52.4999983608723 24.6500000357628 -4.41520661115646 -45.1942086219788 15.3500000014901 -4.41520661115646 -45.1942086219788 24.6500000357628 -3.94999980926514 -43.1150011718273 15.3500000014901 -3.94999980926514 -43.1150011718273 24.6500000357628 -14.0000004321337 -52.4999983608723 15.3500000014901 -8.07866174727678 -50.3282137215137 15.3500000014901 -3.74999991618097 -52.4999983608723 24.6500000357628 -11.8938563391566 -52.1780028939247 24.6500000357628 -14.0000004321337 -52.4999983608723 24.6500000357628 -1.24999997206032 -50.0000007450581 24.6500000357628 -3.94999980926514 -43.1150011718273 24.6500000357628 -4.41520661115646 -45.1942086219788 24.6500000357628 -9.89354029297829 -51.4443404972553 24.6500000357628 -8.07866174727678 -50.3282137215137 24.6500000357628 -1.44030118826777 -50.9567074477673 24.6500000357628 -5.28388051316142 -47.1396967768669 24.6500000357628 -1.98223302140832 -51.7677664756775 24.6500000357628 -2.79329135082662 -52.3096993565559 24.6500000357628 -6.52145035564899 -48.8740392029285 24.6500000357628 -3.25000006705523 -36.6350002586842 24.6500000357628 -1.24999997206032 -7.55639839917421 24.6500000357628 -3.25000006705523 -5.87819935753942 24.6500000357628 -3.74999991618097 -52.4999983608723 15.3500000014901 -9.89354029297829 -51.4443404972553 15.3500000014901 -8.07866174727678 -50.3282137215137 15.3500000014901 -11.8938563391566 -52.1780028939247 15.3500000014901 -14.0000004321337 -52.4999983608723 15.3500000014901 -6.52145035564899 -48.8740392029285 15.3500000014901 -2.79329135082662 -52.3096993565559 15.3500000014901 -1.24999997206032 -7.55639839917421 15.3500000014901 -3.25000006705523 -36.6350002586842 15.3500000014901 -3.25000006705523 -5.87819935753942 15.3500000014901 -1.98223302140832 -51.7677664756775 15.3500000014901 -3.94999980926514 -43.1150011718273 15.3500000014901 -1.24999997206032 -50.0000007450581 15.3500000014901 -4.41520661115646 -45.1942086219788 15.3500000014901 -1.44030118826777 -50.9567074477673 15.3500000014901 -5.28388051316142 -47.1396967768669 15.3500000014901 -3.94999980926514 -43.1150011718273 -2.64999992214143 -3.25000006705523 -36.6350002586842 4.4999998062849 -3.25000006705523 -36.6350002586842 -2.64999992214143 -3.94999980926514 -43.1150011718273 6.64999987930059 -3.25000006705523 -36.6350002586842 6.64999987930059 -11.8938563391566 -52.1780028939247 -2.64999992214143 -14.0000004321337 -52.4999983608723 6.64999987930059 -11.8938563391566 -52.1780028939247 6.64999987930059 -9.89354029297829 -51.4443404972553 -2.64999992214143 -9.89354029297829 -51.4443404972553 6.64999987930059 -8.07866174727678 -50.3282137215137 -2.64999992214143 -8.07866174727678 -50.3282137215137 6.64999987930059 -6.52145035564899 -48.8740392029285 -2.64999992214143 -6.52145035564899 -48.8740392029285 6.64999987930059 -5.28388051316142 -47.1396967768669 -2.64999992214143 -5.28388051316142 -47.1396967768669 6.64999987930059 -4.41520661115646 -45.1942086219788 -2.64999992214143 -4.41520661115646 -45.1942086219788 6.64999987930059 -3.94999980926514 -43.1150011718273 -2.64999992214143 -3.94999980926514 -43.1150011718273 6.64999987930059 -14.0000004321337 -52.4999983608723 -2.64999992214143 -9.89354029297829 -51.4443404972553 6.64999987930059 -3.74999991618097 -52.4999983608723 6.64999987930059 -8.07866174727678 -50.3282137215137 6.64999987930059 -1.44030118826777 -50.9567074477673 6.64999987930059 -5.28388051316142 -47.1396967768669 6.64999987930059 -1.98223302140832 -51.7677664756775 6.64999987930059 -2.79329135082662 -52.3096993565559 6.64999987930059 -6.52145035564899 -48.8740392029285 6.64999987930059 -11.8938563391566 -52.1780028939247 6.64999987930059 -3.25000006705523 -36.6350002586842 6.64999987930059 -1.24999997206032 -7.55639839917421 6.64999987930059 -3.25000006705523 -5.87819935753942 6.64999987930059 -1.24999997206032 -50.0000007450581 6.64999987930059 -4.41520661115646 -45.1942086219788 6.64999987930059 -3.94999980926514 -43.1150011718273 6.64999987930059 -14.0000004321337 -52.4999983608723 6.64999987930059 -3.25000006705523 -36.6350002586842 -2.64999992214143 -1.24999997206032 -7.55639839917421 -2.64999992214143 -1.24999997206032 -50.0000007450581 -2.64999992214143 -1.98223302140832 -51.7677664756775 -2.64999992214143 -6.52145035564899 -48.8740392029285 -2.64999992214143 -1.44030118826777 -50.9567074477673 -2.64999992214143 -5.28388051316142 -47.1396967768669 -2.64999992214143 -3.94999980926514 -43.1150011718273 -2.64999992214143 -3.25000006705523 -5.87819935753942 -2.64999992214143 -3.74999991618097 -52.4999983608723 -2.64999992214143 -8.07866174727678 -50.3282137215137 -2.64999992214143 -9.89354029297829 -51.4443404972553 -2.64999992214143 -4.41520661115646 -45.1942086219788 -2.64999992214143 -11.8938563391566 -52.1780028939247 -2.64999992214143 -14.0000004321337 -52.4999983608723 -2.64999992214143 -2.79329135082662 -52.3096993565559 -2.64999992214143 -3.94999980926514 -43.1150011718273 -11.3500002771616 -3.25000006705523 -36.6350002586842 -18.5000002384186 -3.94999980926514 -43.1150011718273 -20.6499993801117 -3.25000006705523 -36.6350002586842 -20.6499993801117 -3.25000006705523 -36.6350002586842 -11.3500002771616 -14.0000004321337 -52.4999983608723 -11.3500002771616 -11.8938563391566 -52.1780028939247 -20.6499993801117 -14.0000004321337 -52.4999983608723 -20.6499993801117 -11.8938563391566 -52.1780028939247 -11.3500002771616 -9.89354029297829 -51.4443404972553 -20.6499993801117 -8.07866174727678 -50.3282137215137 -11.3500002771616 -6.52145035564899 -48.8740392029285 -20.6499993801117 -8.07866174727678 -50.3282137215137 -20.6499993801117 -3.94999980926514 -43.1150011718273 -20.6499993801117 -4.41520661115646 -45.1942086219788 -11.3500002771616 -3.94999980926514 -43.1150011718273 -11.3500002771616 -4.41520661115646 -45.1942086219788 -20.6499993801117 -5.28388051316142 -47.1396967768669 -11.3500002771616 -5.28388051316142 -47.1396967768669 -20.6499993801117 -6.52145035564899 -48.8740392029285 -11.3500002771616 -9.89354029297829 -51.4443404972553 -11.3500002771616 -3.74999991618097 -52.4999983608723 -11.3500002771616 -11.8938563391566 -52.1780028939247 -11.3500002771616 -14.0000004321337 -52.4999983608723 -11.3500002771616 -9.89354029297829 -51.4443404972553 -11.3500002771616 -8.07866174727678 -50.3282137215137 -11.3500002771616 -1.24999997206032 -50.0000007450581 -11.3500002771616 -3.94999980926514 -43.1150011718273 -11.3500002771616 -4.41520661115646 -45.1942086219788 -11.3500002771616 -3.25000006705523 -36.6350002586842 -11.3500002771616 -5.28388051316142 -47.1396967768669 -11.3500002771616 -1.44030118826777 -50.9567074477673 -11.3500002771616 -1.24999997206032 -7.55639839917421 -11.3500002771616 -6.52145035564899 -48.8740392029285 -11.3500002771616 -2.79329135082662 -52.3096993565559 -11.3500002771616 -3.25000006705523 -5.87819935753942 -11.3500002771616 -1.98223302140832 -51.7677664756775 -11.3500002771616 -1.24999997206032 -7.55639839917421 -20.6499993801117 -3.25000006705523 -36.6350002586842 -20.6499993801117 -3.25000006705523 -5.87819935753942 -20.6499993801117 -6.52145035564899 -48.8740392029285 -20.6499993801117 -3.74999991618097 -52.4999983608723 -20.6499993801117 -8.07866174727678 -50.3282137215137 -20.6499993801117 -9.89354029297829 -51.4443404972553 -20.6499993801117 -1.24999997206032 -50.0000007450581 -20.6499993801117 -5.28388051316142 -47.1396967768669 -20.6499993801117 -4.41520661115646 -45.1942086219788 -20.6499993801117 -11.8938563391566 -52.1780028939247 -20.6499993801117 -14.0000004321337 -52.4999983608723 -20.6499993801117 -2.79329135082662 -52.3096993565559 -20.6499993801117 -1.98223302140832 -51.7677664756775 -20.6499993801117 -3.94999980926514 -43.1150011718273 -20.6499993801117 -1.44030118826777 -50.9567074477673 -20.6499993801117 -3.25000006705523 -36.6350002586842 -29.3499995023012 -3.94999980926514 -43.1150011718273 -38.6499986052513 -3.94999980926514 -43.1150011718273 -29.3499995023012 -3.25000006705523 -36.6350002586842 -38.6499986052513 -9.89354029297829 -51.4443404972553 -38.6499986052513 -11.8938563391566 -52.1780028939247 -29.3499995023012 -9.89354029297829 -51.4443404972553 -29.3499995023012 -8.07866174727678 -50.3282137215137 -38.6499986052513 -8.07866174727678 -50.3282137215137 -29.3499995023012 -6.52145035564899 -48.8740392029285 -38.6499986052513 -6.52145035564899 -48.8740392029285 -29.3499995023012 -5.28388051316142 -47.1396967768669 -38.6499986052513 -5.28388051316142 -47.1396967768669 -29.3499995023012 -4.41520661115646 -45.1942086219788 -38.6499986052513 -4.41520661115646 -45.1942086219788 -29.3499995023012 -3.94999980926514 -43.1150011718273 -38.6499986052513 -3.94999980926514 -43.1150011718273 -29.3499995023012 -11.8938563391566 -52.1780028939247 -38.6499986052513 -14.0000004321337 -52.4999983608723 -29.3499995023012 -14.0000004321337 -52.4999983608723 -38.6499986052513 -1.44030118826777 -50.9567074477673 -29.3499995023012 -5.28388051316142 -47.1396967768669 -29.3499995023012 -1.98223302140832 -51.7677664756775 -29.3499995023012 -2.79329135082662 -52.3096993565559 -29.3499995023012 -6.52145035564899 -48.8740392029285 -29.3499995023012 -3.74999991618097 -52.4999983608723 -29.3499995023012 -9.89354029297829 -51.4443404972553 -29.3499995023012 -11.8938563391566 -52.1780028939247 -29.3499995023012 -8.07866174727678 -50.3282137215137 -29.3499995023012 -3.25000006705523 -36.6350002586842 -29.3499995023012 -1.24999997206032 -7.55639839917421 -29.3499995023012 -3.25000006705523 -5.87819935753942 -29.3499995023012 -1.24999997206032 -50.0000007450581 -29.3499995023012 -4.41520661115646 -45.1942086219788 -29.3499995023012 -3.94999980926514 -43.1150011718273 -29.3499995023012 -14.0000004321337 -52.4999983608723 -29.3499995023012 -9.89354029297829 -51.4443404972553 -38.6499986052513 -3.74999991618097 -52.4999983608723 -38.6499986052513 -11.8938563391566 -52.1780028939247 -38.6499986052513 -6.52145035564899 -48.8740392029285 -38.6499986052513 -8.07866174727678 -50.3282137215137 -38.6499986052513 -1.24999997206032 -50.0000007450581 -38.6499986052513 -5.28388051316142 -47.1396967768669 -38.6499986052513 -4.41520661115646 -45.1942086219788 -38.6499986052513 -14.0000004321337 -52.4999983608723 -38.6499986052513 -2.79329135082662 -52.3096993565559 -38.6499986052513 -1.98223302140832 -51.7677664756775 -38.6499986052513 -3.94999980926514 -43.1150011718273 -38.6499986052513 -1.44030118826777 -50.9567074477673 -38.6499986052513 -3.25000006705523 -36.6350002586842 -38.6499986052513 -1.24999997206032 -7.55639839917421 -38.6499986052513 -3.25000006705523 -5.87819935753942 -38.6499986052513 -36.4999994635582 -53.7500008940697 -36.2000018358231 -31.8062379956245 -51.5000000596046 -36.2000018358231 -31.8062379956245 -53.7500008940697 -36.2000018358231 -36.4999994635582 -51.5000000596046 -36.2000018358231 -29.8208855092525 -53.7500008940697 -35.4562997817993 -30.8945141732693 -51.5000000596046 -35.6120429933071 -29.8208855092525 -51.5000000596046 -35.4562997817993 -28.7796761840582 -53.7500008940697 -35.7609577476978 -28.7796761840582 -51.5000000596046 -35.7609577476978 -27.9593411833048 -53.7500008940697 -36.4708788692951 -27.9593411833048 -51.5000000596046 -36.4708788692951 -27.5083612650633 -53.7500008940697 -37.4575667083263 -27.5083612650633 -51.5000000596046 -37.4575667083263 -27.5083612650633 -53.7500008940697 -38.5424345731735 -27.5083612650633 -51.5000000596046 -38.5424345731735 -27.9593411833048 -53.7500008940697 -39.5291224122047 -27.9593411833048 -51.5000000596046 -39.5291224122047 -28.7796761840582 -53.7500008940697 -40.239043533802 -28.7796761840582 -51.5000000596046 -40.239043533802 -29.8208855092525 -53.7500008940697 -40.5437014997005 -29.8208855092525 -51.5000000596046 -40.5437014997005 -30.8945141732693 -53.7500008940697 -40.3879582881927 -30.8945141732693 -51.5000000596046 -40.3879582881927 -31.8062379956245 -53.7500008940697 -39.7999994456768 -31.8062379956245 -51.5000000596046 -39.7999994456768 -30.8945141732693 -53.7500008940697 -35.6120429933071 -31.8062379956245 -51.5000000596046 -36.2000018358231 -31.8062379956245 -53.7500008940697 -36.2000018358231 -36.4999994635582 -51.5000000596046 -39.7999994456768 -31.8062379956245 -53.7500008940697 -39.7999994456768 -31.8062379956245 -51.5000000596046 -39.7999994456768 -36.4999994635582 -53.7500008940697 -39.7999994456768 -2.0000000949949 3.25568881817162 -34.7318463027477 -3.25000006705523 3.9936937391758 -33.4535874426365 -3.25000006705523 3.25568881817162 -34.7318463027477 -2.0000000949949 2.125000115484 -35.6806069612503 -3.25000006705523 2.125000115484 -35.6806069612503 -2.0000000949949 0.738004746381193 -36.1854322254658 -3.25000006705523 0.738004746381193 -36.1854322254658 -2.0000000949949 -0.738004746381193 -36.1854322254658 -3.25000006705523 -0.738004746381193 -36.1854322254658 -2.0000000949949 -2.125000115484 -35.6806069612503 -3.25000006705523 -2.125000115484 -35.6806069612503 -2.0000000949949 3.9936937391758 -33.4535874426365 -3.25000006705523 4.250000230968 -32.0000015199184 -2.0000000949949 -3.9936937391758 -33.4535874426365 -3.25000006705523 -3.25568881817162 -34.7318463027477 -3.25000006705523 -3.9936937391758 -33.4535874426365 -2.0000000949949 -4.250000230968 -32.0000015199184 -3.25000006705523 -4.250000230968 -32.0000015199184 -2.0000000949949 3.25568881817162 -29.2681530117989 -3.25000006705523 2.125000115484 -28.3193923532963 -3.25000006705523 3.25568881817162 -29.2681530117989 -2.0000000949949 2.125000115484 -28.3193923532963 -3.25000006705523 0.738004746381193 -27.8145670890808 -2.0000000949949 0.738004746381193 -27.8145670890808 -3.25000006705523 -0.738004746381193 -27.8145670890808 -2.0000000949949 -0.738004746381193 -27.8145670890808 -3.25000006705523 -2.125000115484 -28.3193923532963 -2.0000000949949 -3.25568881817162 -34.7318463027477 -2.0000000949949 4.250000230968 -32.0000015199184 -3.25000006705523 3.9936937391758 -30.5464137345552 -2.0000000949949 -2.125000115484 -28.3193923532963 -3.25000006705523 -3.25568881817162 -29.2681530117989 -2.0000000949949 -3.25568881817162 -29.2681530117989 -3.25000006705523 -3.9936937391758 -30.5464137345552 -2.0000000949949 -3.9936937391758 -30.5464137345552 -2.0000000949949 3.9936937391758 -30.5464137345552 -2.0000000949949 3.25568881817162 -25.7318466901779 -3.25000006705523 3.9936937391758 -24.4535859674215 -3.25000006705523 3.25568881817162 -25.7318466901779 -2.0000000949949 2.125000115484 -26.6806073486805 -3.25000006705523 2.125000115484 -26.6806073486805 -2.0000000949949 0.738004746381193 -27.185432612896 -3.25000006705523 0.738004746381193 -27.185432612896 -2.0000000949949 -0.738004746381193 -27.185432612896 -3.25000006705523 -0.738004746381193 -27.185432612896 -2.0000000949949 -2.125000115484 -26.6806073486805 -3.25000006705523 -2.125000115484 -26.6806073486805 -2.0000000949949 -3.25568881817162 -25.7318466901779 -3.25000006705523 -3.25568881817162 -25.7318466901779 -2.0000000949949 -3.9936937391758 -24.4535859674215 -3.25000006705523 -3.9936937391758 -24.4535859674215 -2.0000000949949 -4.250000230968 -23.0000000447035 -3.25000006705523 -4.250000230968 -23.0000000447035 -2.0000000949949 4.250000230968 -23.0000000447035 -3.25000006705523 3.9936937391758 -21.5464141219854 -3.25000006705523 4.250000230968 -23.0000000447035 -2.0000000949949 3.9936937391758 -21.5464141219854 -3.25000006705523 3.25568881817162 -20.268153399229 -2.0000000949949 3.25568881817162 -20.268153399229 -3.25000006705523 2.125000115484 -19.3193927407265 -2.0000000949949 2.125000115484 -19.3193927407265 -3.25000006705523 0.738004746381193 -18.814567476511 -2.0000000949949 0.738004746381193 -18.814567476511 -3.25000006705523 -0.738004746381193 -18.814567476511 -2.0000000949949 -0.738004746381193 -18.814567476511 -3.25000006705523 -2.125000115484 -19.3193927407265 -2.0000000949949 -2.125000115484 -19.3193927407265 -3.25000006705523 -3.25568881817162 -20.268153399229 -2.0000000949949 -3.25568881817162 -20.268153399229 -3.25000006705523 -3.9936937391758 -21.5464141219854 -2.0000000949949 -3.9936937391758 -21.5464141219854 -2.0000000949949 3.9936937391758 -24.4535859674215 -3.25000006705523 -2.125000115484 -10.3193921968341 -2.0000000949949 -0.738004746381193 -9.81456693261862 -2.0000000949949 -2.125000115484 -10.3193921968341 -2.0000000949949 -3.9936937391758 -15.4535854235291 -3.25000006705523 -3.25568881817162 -16.7318470776081 -3.25000006705523 -3.9936937391758 -15.4535854235291 -2.0000000949949 -3.25568881817162 -16.7318470776081 -3.25000006705523 -2.125000115484 -17.6806077361107 -2.0000000949949 -2.125000115484 -17.6806077361107 -3.25000006705523 -0.738004746381193 -18.1854330003262 -2.0000000949949 -0.738004746381193 -18.1854330003262 -3.25000006705523 0.738004746381193 -18.1854330003262 -2.0000000949949 0.738004746381193 -18.1854330003262 -3.25000006705523 2.125000115484 -17.6806077361107 -2.0000000949949 2.125000115484 -17.6806077361107 -3.25000006705523 3.25568881817162 -16.7318470776081 -2.0000000949949 -4.250000230968 -14.0000004321337 -2.0000000949949 3.25568881817162 -16.7318470776081 -3.25000006705523 3.9936937391758 -15.4535854235291 -2.0000000949949 3.9936937391758 -15.4535854235291 -3.25000006705523 4.250000230968 -14.0000004321337 -2.0000000949949 4.250000230968 -14.0000004321337 -3.25000006705523 3.9936937391758 -12.5464145094156 -2.0000000949949 3.9936937391758 -12.5464145094156 -3.25000006705523 3.25568881817162 -11.2681528553367 -2.0000000949949 3.25568881817162 -11.2681528553367 -3.25000006705523 2.125000115484 -10.3193921968341 -2.0000000949949 2.125000115484 -10.3193921968341 -3.25000006705523 0.738004746381193 -9.81456693261862 -2.0000000949949 0.738004746381193 -9.81456693261862 -3.25000006705523 -0.738004746381193 -9.81456693261862 -3.25000006705523 -4.250000230968 -14.0000004321337 -3.25000006705523 -3.25568881817162 -11.2681528553367 -2.0000000949949 -3.25568881817162 -11.2681528553367 -3.25000006705523 -3.9936937391758 -12.5464145094156 -2.0000000949949 -3.9936937391758 -12.5464145094156 -2.0000000949949 0.738004746381193 13.8145666569471 -3.25000006705523 2.125000115484 14.3193919211626 -3.25000006705523 0.738004746381193 13.8145666569471 -2.0000000949949 -0.738004746381193 13.8145666569471 -3.25000006705523 -0.738004746381193 13.8145666569471 -2.0000000949949 -2.125000115484 14.3193919211626 -3.25000006705523 -2.125000115484 14.3193919211626 -2.0000000949949 -3.25568881817162 15.2681525796652 -3.25000006705523 -3.25568881817162 15.2681525796652 -2.0000000949949 -3.9936937391758 16.5464151650667 -3.25000006705523 -3.9936937391758 16.5464151650667 -2.0000000949949 -4.250000230968 17.9999992251396 -3.25000006705523 -4.250000230968 17.9999992251396 -2.0000000949949 2.125000115484 14.3193919211626 -3.25000006705523 3.25568881817162 15.2681525796652 -2.0000000949949 3.9936937391758 19.4535851478577 -3.25000006705523 3.25568881817162 20.7318477332592 -3.25000006705523 3.9936937391758 19.4535851478577 -2.0000000949949 4.250000230968 17.9999992251396 -3.25000006705523 4.250000230968 17.9999992251396 -2.0000000949949 3.9936937391758 16.5464151650667 -3.25000006705523 3.9936937391758 16.5464151650667 -2.0000000949949 2.125000115484 21.6806083917618 -3.25000006705523 0.738004746381193 22.1854336559772 -3.25000006705523 2.125000115484 21.6806083917618 -2.0000000949949 0.738004746381193 22.1854336559772 -3.25000006705523 -0.738004746381193 22.1854336559772 -2.0000000949949 -0.738004746381193 22.1854336559772 -3.25000006705523 -2.125000115484 21.6806083917618 -2.0000000949949 -2.125000115484 21.6806083917618 -3.25000006705523 -3.25568881817162 20.7318477332592 -2.0000000949949 -3.25568881817162 20.7318477332592 -3.25000006705523 -3.9936937391758 19.4535851478577 -2.0000000949949 -3.9936937391758 19.4535851478577 -2.0000000949949 3.25568881817162 20.7318477332592 -2.0000000949949 3.25568881817162 15.2681525796652 -2.0000000949949 3.25568881817162 6.26815250143409 -3.25000006705523 3.9936937391758 7.54641462117434 -3.25000006705523 3.25568881817162 6.26815250143409 -2.0000000949949 0.738004746381193 4.81456704437733 -3.25000006705523 2.125000115484 5.31939184293151 -3.25000006705523 0.738004746381193 4.81456704437733 -2.0000000949949 -0.738004746381193 4.81456704437733 -3.25000006705523 -0.738004746381193 4.81456704437733 -2.0000000949949 -2.125000115484 5.31939184293151 -3.25000006705523 -2.125000115484 5.31939184293151 -2.0000000949949 -3.25568881817162 6.26815250143409 -3.25000006705523 -3.25568881817162 6.26815250143409 -2.0000000949949 -3.9936937391758 7.54641462117434 -3.25000006705523 -3.9936937391758 7.54641462117434 -2.0000000949949 -4.250000230968 8.99999961256981 -3.25000006705523 -4.250000230968 8.99999961256981 -2.0000000949949 3.9936937391758 7.54641462117434 -3.25000006705523 4.250000230968 8.99999961256981 -2.0000000949949 4.250000230968 8.99999961256981 -3.25000006705523 3.9936937391758 10.4535855352879 -2.0000000949949 3.9936937391758 10.4535855352879 -3.25000006705523 3.25568881817162 11.7318471893668 -2.0000000949949 3.25568881817162 11.7318471893668 -3.25000006705523 2.125000115484 12.6806078478694 -2.0000000949949 2.125000115484 12.6806078478694 -3.25000006705523 0.738004746381193 13.1854331120849 -2.0000000949949 0.738004746381193 13.1854331120849 -3.25000006705523 -0.738004746381193 13.1854331120849 -2.0000000949949 -0.738004746381193 13.1854331120849 -3.25000006705523 -2.125000115484 12.6806078478694 -2.0000000949949 -2.125000115484 12.6806078478694 -3.25000006705523 -3.25568881817162 11.7318471893668 -2.0000000949949 -3.25568881817162 11.7318471893668 -3.25000006705523 -3.9936937391758 10.4535855352879 -2.0000000949949 -3.9936937391758 10.4535855352879 -2.0000000949949 2.125000115484 5.31939184293151 -3.25000006705523 0.738004746381193 4.18543303385377 -2.0000000949949 2.125000115484 3.68060800246894 -2.0000000949949 0.738004746381193 4.18543303385377 -3.25000006705523 -0.738004746381193 4.18543303385377 -2.0000000949949 -0.738004746381193 4.18543303385377 -3.25000006705523 -2.125000115484 3.68060800246894 -2.0000000949949 -2.125000115484 3.68060800246894 -3.25000006705523 -3.25568881817162 2.73184734396636 -2.0000000949949 -3.25568881817162 2.73184734396636 -3.25000006705523 -3.9936937391758 1.45358557347208 -2.0000000949949 -3.9936937391758 1.45358557347208 -3.25000006705523 -4.250000230968 -8.41944649113757E-16 -2.0000000949949 -4.250000230968 -9.18485118759361E-16 -3.25000006705523 2.125000115484 3.68060800246894 -2.0000000949949 3.25568881817162 2.73184734396636 -3.25000006705523 3.25568881817162 2.73184734396636 -2.0000000949949 3.9936937391758 1.45358557347208 -3.25000006705523 3.9936937391758 1.45358557347208 -2.0000000949949 4.250000230968 6.42939572791795E-16 -3.25000006705523 4.250000230968 2.60685908007541E-15 -2.0000000949949 3.9936937391758 -1.45358557347208 -3.25000006705523 3.9936937391758 -1.45358557347208 -2.0000000949949 3.25568881817162 -2.73184734396636 -3.25000006705523 3.25568881817162 -2.73184734396636 -2.0000000949949 2.125000115484 -3.68060800246894 -3.25000006705523 2.125000115484 -3.68060800246894 -2.0000000949949 0.738004746381193 -4.18543303385377 -3.25000006705523 0.738004746381193 -4.18543303385377 -2.0000000949949 -0.738004746381193 -4.18543303385377 -3.25000006705523 -0.738004746381193 -4.18543303385377 -2.0000000949949 -2.125000115484 -3.68060800246894 -3.25000006705523 -2.125000115484 -3.68060800246894 -2.0000000949949 -3.25568881817162 -2.73184734396636 -3.25000006705523 -3.25568881817162 -2.73184734396636 -2.0000000949949 -3.9936937391758 -1.45358557347208 -3.25000006705523 -3.9936937391758 -1.45358557347208 -0.899999984540045 -2.96003185212612 19.0773643553257 -2.0000000949949 -4.250000230968 17.9999992251396 -2.0000000949949 -3.9936937391758 19.4535851478577 -0.899999984540045 -2.9102205298841 19.2054528743029 -2.0000000949949 -3.25568881817162 20.7318477332592 -0.899999984540045 -2.41304002702236 20.0247801840305 -0.899999984540045 -2.22738645970821 20.2273856848478 -2.0000000949949 -2.125000115484 21.6806083917618 -0.899999984540045 -1.57500000204891 20.7279808819294 -0.899999984540045 -1.20545283425599 20.910220220685 -2.0000000949949 -0.738004746381193 22.1854336559772 -0.899999984540045 -0.546991766896099 21.1021453142166 -0.899999984540045 -1.51788304147971E-15 21.1500003933907 -2.0000000949949 0.738004746381193 22.1854336559772 -0.899999984540045 0.546991766896099 21.1021453142166 -0.899999984540045 1.20545283425599 20.910220220685 -2.0000000949949 2.125000115484 21.6806083917618 -0.899999984540045 1.57500000204891 20.7279808819294 -0.899999984540045 2.22738645970821 20.2273856848478 -2.0000000949949 3.25568881817162 20.7318477332592 -0.899999984540045 2.41304002702236 20.0247801840305 -0.899999984540045 2.9102205298841 19.2054528743029 -2.0000000949949 3.9936937391758 19.4535851478577 -0.899999984540045 2.96003185212612 19.0773643553257 -0.899999984540045 3.15000000409782 17.9999992251396 -2.0000000949949 4.250000230968 17.9999992251396 -0.899999984540045 2.96003185212612 16.9226359575987 -2.0000000949949 3.9936937391758 16.5464151650667 -0.899999984540045 2.9102205298841 16.7945474386215 -2.0000000949949 3.25568881817162 15.2681525796652 -0.899999984540045 2.41304002702236 15.9752182662487 -0.899999984540045 2.22738645970821 15.7726127654314 -2.0000000949949 2.125000115484 14.3193919211626 -0.899999984540045 1.57500000204891 15.2720203623176 -0.899999984540045 1.20545283425599 15.0897791609168 -2.0000000949949 0.738004746381193 13.8145666569471 -0.899999984540045 0.546991766896099 14.8978559300303 -0.899999984540045 -1.55041895010356E-15 14.8499999195337 -2.0000000949949 -0.738004746381193 13.8145666569471 -0.899999984540045 -0.546991766896099 14.8978559300303 -0.899999984540045 -1.20545283425599 15.0897791609168 -2.0000000949949 -2.125000115484 14.3193919211626 -0.899999984540045 -1.57500000204891 15.2720203623176 -0.899999984540045 -2.22738645970821 15.7726127654314 -2.0000000949949 -3.25568881817162 15.2681525796652 -0.899999984540045 -2.41304002702236 15.9752182662487 -0.899999984540045 -3.15000000409782 17.9999992251396 -0.899999984540045 -2.9102205298841 16.7945474386215 -2.0000000949949 -3.9936937391758 16.5464151650667 -0.899999984540045 -2.96003185212612 16.9226359575987 -0.899999984540045 -2.96003185212612 10.0773638114333 -2.0000000949949 -4.250000230968 8.99999961256981 -2.0000000949949 -3.9936937391758 10.4535855352879 -0.899999984540045 -2.9102205298841 10.2054532617331 -2.0000000949949 -3.25568881817162 11.7318471893668 -0.899999984540045 -2.41304002702236 11.0247805714607 -0.899999984540045 -2.22738645970821 11.227386072278 -2.0000000949949 -2.125000115484 12.6806078478694 -0.899999984540045 -1.57500000204891 11.727980338037 -2.0000000949949 -0.738004746381193 13.1854331120849 -0.899999984540045 -1.20545283425599 11.9102206081152 -0.899999984540045 -5.42101086242752E-16 12.1499998494983 -2.0000000949949 0.738004746381193 13.1854331120849 -0.899999984540045 0.546991766896099 12.1021447703242 -0.899999984540045 1.20545283425599 11.9102206081152 -2.0000000949949 2.125000115484 12.6806078478694 -0.899999984540045 1.57500000204891 11.727980338037 -0.899999984540045 2.22738645970821 11.227386072278 -2.0000000949949 3.25568881817162 11.7318471893668 -0.899999984540045 2.41304002702236 11.0247805714607 -0.899999984540045 2.9102205298841 10.2054532617331 -2.0000000949949 3.9936937391758 10.4535855352879 -0.899999984540045 2.96003185212612 10.0773638114333 -0.899999984540045 3.15000000409782 8.99999961256981 -2.0000000949949 4.250000230968 8.99999961256981 -0.899999984540045 2.96003185212612 7.92263634502888 -2.0000000949949 3.9936937391758 7.54641462117434 -0.899999984540045 2.9102205298841 7.79454736039042 -2.0000000949949 3.25568881817162 6.26815250143409 -0.899999984540045 2.41304002702236 6.97521911934018 -0.899999984540045 2.22738645970821 6.77261361852288 -2.0000000949949 2.125000115484 5.31939184293151 -0.899999984540045 1.57500000204891 6.27201981842518 -0.899999984540045 1.20545283425599 6.089779548347 -2.0000000949949 0.738004746381193 4.81456704437733 -0.899999984540045 0.546991766896099 5.89785538613796 -0.899999984540045 -5.74636994866607E-16 5.84999984130263 -2.0000000949949 -0.738004746381193 4.81456704437733 -0.899999984540045 -0.546991766896099 5.89785538613796 -0.899999984540045 -1.20545283425599 6.089779548347 -2.0000000949949 -2.125000115484 5.31939184293151 -0.899999984540045 -1.57500000204891 6.27201981842518 -0.899999984540045 -2.22738645970821 6.77261361852288 -2.0000000949949 -3.25568881817162 6.26815250143409 -0.899999984540045 -2.41304002702236 6.97521911934018 -0.899999984540045 -2.9102205298841 7.79454736039042 -2.0000000949949 -3.9936937391758 7.54641462117434 -0.899999984540045 -2.96003185212612 7.92263634502888 -0.899999984540045 -3.15000000409782 8.99999961256981 -0.899999984540045 -0.546991766896099 12.1021447703242 -2.0000000949949 3.9936937391758 1.45358557347208 -0.899999984540045 3.15000000409782 4.40872842528832E-16 -0.899999984540045 2.96003185212612 1.07736350037158 -2.0000000949949 3.25568881817162 2.73184734396636 -0.899999984540045 2.9102205298841 1.20545283425599 -0.899999984540045 2.41304002702236 2.02478095889091 -2.0000000949949 2.125000115484 3.68060800246894 -0.899999984540045 2.22738645970821 2.22738645970821 -0.899999984540045 1.57500000204891 2.72798002697527 -2.0000000949949 0.738004746381193 4.18543303385377 -0.899999984540045 1.20545283425599 2.9102205298841 -0.899999984540045 0.546991766896099 3.10214445926249 -2.0000000949949 -0.738004746381193 4.18543303385377 -0.899999984540045 1.0842021724855E-16 3.15000000409782 -0.899999984540045 -0.546991766896099 3.10214445926249 -2.0000000949949 -2.125000115484 3.68060800246894 -0.899999984540045 -1.20545283425599 2.9102205298841 -0.899999984540045 -1.57500000204891 2.72798002697527 -2.0000000949949 -3.25568881817162 2.73184734396636 -0.899999984540045 -2.22738645970821 2.22738645970821 -0.899999984540045 -2.41304002702236 2.02478095889091 -2.0000000949949 -3.9936937391758 1.45358557347208 -0.899999984540045 -2.9102205298841 1.20545283425599 -0.899999984540045 -2.96003185212612 1.07736350037158 -2.0000000949949 -4.250000230968 -9.18485118759361E-16 -0.899999984540045 -3.15000000409782 5.5109105316104E-17 -2.0000000949949 4.250000230968 6.42939572791795E-16 -0.899999984540045 2.96003185212612 -1.07736350037158 -2.0000000949949 3.9936937391758 -1.45358557347208 -0.899999984540045 2.9102205298841 -1.20545283425599 -2.0000000949949 3.25568881817162 -2.73184734396636 -0.899999984540045 2.22738645970821 -2.22738645970821 -0.899999984540045 2.41304002702236 -2.02478095889091 -2.0000000949949 2.125000115484 -3.68060800246894 -0.899999984540045 1.20545283425599 -2.9102205298841 -0.899999984540045 1.57500000204891 -2.72798002697527 -2.0000000949949 0.738004746381193 -4.18543303385377 -0.899999984540045 1.65333461641769E-16 -3.15000000409782 -0.899999984540045 0.546991766896099 -3.10214445926249 -2.0000000949949 -0.738004746381193 -4.18543303385377 -0.899999984540045 -1.20545283425599 -2.9102205298841 -0.899999984540045 -0.546991766896099 -3.10214445926249 -2.0000000949949 -2.125000115484 -3.68060800246894 -0.899999984540045 -2.22738645970821 -2.22738645970821 -0.899999984540045 -1.57500000204891 -2.72798002697527 -2.0000000949949 -3.25568881817162 -2.73184734396636 -0.899999984540045 -2.9102205298841 -1.20545283425599 -0.899999984540045 -2.41304002702236 -2.02478095889091 -2.0000000949949 -3.9936937391758 -1.45358557347208 -0.899999984540045 -2.96003185212612 -1.07736350037158 -2.0000000949949 -3.9936937391758 -12.5464145094156 -0.899999984540045 -2.9102205298841 -12.7945467829704 -0.899999984540045 -2.96003185212612 -12.9226362332702 -2.0000000949949 -3.25568881817162 -11.2681528553367 -0.899999984540045 -2.22738645970821 -11.7726139724255 -0.899999984540045 -2.41304002702236 -11.9752194732428 -2.0000000949949 -2.125000115484 -10.3193921968341 -0.899999984540045 -1.20545283425599 -11.0897794365883 -0.899999984540045 -1.57500000204891 -11.2720197066665 -2.0000000949949 -0.738004746381193 -9.81456693261862 -0.899999984540045 1.95156391047391E-15 -10.8500001952052 -0.899999984540045 -0.546991766896099 -10.8978552743793 -2.0000000949949 0.738004746381193 -9.81456693261862 -0.899999984540045 1.20545283425599 -11.0897794365883 -0.899999984540045 0.546991766896099 -10.8978552743793 -2.0000000949949 2.125000115484 -10.3193921968341 -0.899999984540045 2.22738645970821 -11.7726139724255 -0.899999984540045 1.57500000204891 -11.2720197066665 -2.0000000949949 3.25568881817162 -11.2681528553367 -0.899999984540045 2.9102205298841 -12.7945467829704 -0.899999984540045 2.41304002702236 -11.9752194732428 -2.0000000949949 3.9936937391758 -12.5464145094156 -0.899999984540045 3.15000000409782 -14.0000004321337 -0.899999984540045 2.96003185212612 -12.9226362332702 -2.0000000949949 4.250000230968 -14.0000004321337 -0.899999984540045 2.96003185212612 -15.0773636996746 -2.0000000949949 3.9936937391758 -15.4535854235291 -0.899999984540045 2.9102205298841 -15.2054531499743 -2.0000000949949 3.25568881817162 -16.7318470776081 -0.899999984540045 2.22738645970821 -16.2273868918419 -0.899999984540045 2.41304002702236 -16.0247813910246 -2.0000000949949 2.125000115484 -17.6806077361107 -0.899999984540045 1.20545283425599 -16.9102214276791 -0.899999984540045 1.57500000204891 -16.7279802262783 -2.0000000949949 -0.738004746381193 -18.1854330003262 -0.899999984540045 -1.20545283425599 -16.9102214276791 -0.899999984540045 -0.546991766896099 -17.1021446585655 -2.0000000949949 -2.125000115484 -17.6806077361107 -0.899999984540045 -2.22738645970821 -16.2273868918419 -0.899999984540045 -1.57500000204891 -16.7279802262783 -2.0000000949949 -3.25568881817162 -16.7318470776081 -0.899999984540045 -2.9102205298841 -15.2054531499743 -0.899999984540045 -2.41304002702236 -16.0247813910246 -2.0000000949949 -3.9936937391758 -15.4535854235291 -0.899999984540045 -3.15000000409782 -14.0000004321337 -0.899999984540045 -2.96003185212612 -15.0773636996746 -2.0000000949949 -4.250000230968 -14.0000004321337 -0.899999984540045 1.95156391047391E-15 -17.1499997377396 -2.0000000949949 0.738004746381193 -18.1854330003262 -0.899999984540045 0.546991766896099 -17.1021446585655 -2.0000000949949 -3.9936937391758 -21.5464141219854 -0.899999984540045 -2.9102205298841 -21.7945463955402 -0.899999984540045 -2.96003185212612 -21.9226367771626 -2.0000000949949 -3.25568881817162 -20.268153399229 -0.899999984540045 -2.41304002702236 -20.9752190858126 -0.899999984540045 -2.22738645970821 -20.7726135849953 -2.0000000949949 -2.125000115484 -19.3193927407265 -0.899999984540045 -1.57500000204891 -20.2720202505589 -0.899999984540045 -1.20545283425599 -20.0897790491581 -2.0000000949949 -0.738004746381193 -18.814567476511 -0.899999984540045 -0.546991766896099 -19.8978558182716 -0.899999984540045 2.49366499671666E-15 -19.8500007390976 -2.0000000949949 0.738004746381193 -18.814567476511 -0.899999984540045 0.546991766896099 -19.8978558182716 -0.899999984540045 1.20545283425599 -20.0897790491581 -2.0000000949949 2.125000115484 -19.3193927407265 -0.899999984540045 1.57500000204891 -20.2720202505589 -0.899999984540045 2.22738645970821 -20.7726135849953 -2.0000000949949 3.25568881817162 -20.268153399229 -0.899999984540045 2.41304002702236 -20.9752190858126 -0.899999984540045 2.9102205298841 -21.7945463955402 -2.0000000949949 3.9936937391758 -21.5464141219854 -0.899999984540045 2.96003185212612 -21.9226367771626 -0.899999984540045 3.15000000409782 -23.0000000447035 -2.0000000949949 4.250000230968 -23.0000000447035 -0.899999984540045 2.96003185212612 -24.0773633122444 -2.0000000949949 3.9936937391758 -24.4535859674215 -0.899999984540045 2.9102205298841 -24.2054536938667 -2.0000000949949 3.25568881817162 -25.7318466901779 -0.899999984540045 2.41304002702236 -25.0247810035944 -0.899999984540045 2.22738645970821 -25.2273865044117 -2.0000000949949 2.125000115484 -26.6806073486805 -0.899999984540045 1.57500000204891 -25.7279798388481 -0.899999984540045 1.20545283425599 -25.9102210402489 -2.0000000949949 0.738004746381193 -27.185432612896 -0.899999984540045 0.546991766896099 -26.1021442711353 -0.899999984540045 2.64543361396605E-15 -26.1499993503094 -2.0000000949949 -0.738004746381193 -27.185432612896 -0.899999984540045 -0.546991766896099 -26.1021442711353 -0.899999984540045 -1.20545283425599 -25.9102210402489 -2.0000000949949 -2.125000115484 -26.6806073486805 -0.899999984540045 -1.57500000204891 -25.7279798388481 -0.899999984540045 -2.22738645970821 -25.2273865044117 -2.0000000949949 -3.25568881817162 -25.7318466901779 -0.899999984540045 -2.41304002702236 -25.0247810035944 -0.899999984540045 -2.9102205298841 -24.2054536938667 -2.0000000949949 -3.9936937391758 -24.4535859674215 -0.899999984540045 -2.96003185212612 -24.0773633122444 -0.899999984540045 -3.15000000409782 -23.0000000447035 -2.0000000949949 -4.250000230968 -23.0000000447035 -2.0000000949949 -3.25568881817162 -29.2681530117989 -0.899999984540045 -2.22738645970821 -29.7726131975651 -0.899999984540045 -2.41304002702236 -29.9752186983824 -2.0000000949949 -2.125000115484 -28.3193923532963 -0.899999984540045 -1.20545283425599 -29.0897786617279 -0.899999984540045 -1.57500000204891 -29.2720198631287 -2.0000000949949 -0.738004746381193 -27.8145670890808 -0.899999984540045 3.90312782094782E-15 -28.8500003516674 -0.899999984540045 -0.546991766896099 -28.8978554308414 -2.0000000949949 0.738004746381193 -27.8145670890808 -0.899999984540045 1.20545283425599 -29.0897786617279 -0.899999984540045 0.546991766896099 -28.8978554308414 -2.0000000949949 2.125000115484 -28.3193923532963 -0.899999984540045 2.22738645970821 -29.7726131975651 -0.899999984540045 1.57500000204891 -29.2720198631287 -2.0000000949949 3.25568881817162 -29.2681530117989 -0.899999984540045 2.9102205298841 -30.7945478707552 -0.899999984540045 2.41304002702236 -29.9752186983824 -2.0000000949949 3.9936937391758 -30.5464137345552 -0.899999984540045 3.15000000409782 -32.0000015199184 -0.899999984540045 2.96003185212612 -30.9226363897324 -2.0000000949949 4.250000230968 -32.0000015199184 -0.899999984540045 2.96003185212612 -33.0773629248142 -2.0000000949949 3.9936937391758 -33.4535874426365 -0.899999984540045 2.9102205298841 -33.2054533064365 -2.0000000949949 3.25568881817162 -34.7318463027477 -0.899999984540045 2.22738645970821 -34.2273861169815 -0.899999984540045 2.41304002702236 -34.0247824788094 -2.0000000949949 2.125000115484 -35.6806069612503 -0.899999984540045 1.20545283425599 -34.9102206528187 -0.899999984540045 1.57500000204891 -34.7279794514179 -2.0000000949949 0.738004746381193 -36.1854322254658 -0.899999984540045 4.01154803819637E-15 -35.1499989628792 -0.899999984540045 0.546991766896099 -35.1021438837051 -2.0000000949949 -0.738004746381193 -36.1854322254658 -0.899999984540045 -1.20545283425599 -34.9102206528187 -0.899999984540045 -0.546991766896099 -35.1021438837051 -2.0000000949949 -2.125000115484 -35.6806069612503 -0.899999984540045 -2.22738645970821 -34.2273861169815 -0.899999984540045 -1.57500000204891 -34.7279794514179 -2.0000000949949 -3.25568881817162 -34.7318463027477 -0.899999984540045 -2.9102205298841 -33.2054533064365 -0.899999984540045 -2.41304002702236 -34.0247824788094 -2.0000000949949 -3.9936937391758 -33.4535874426365 -0.899999984540045 -3.15000000409782 -32.0000015199184 -0.899999984540045 -2.96003185212612 -33.0773629248142 -2.0000000949949 -4.250000230968 -32.0000015199184 -2.0000000949949 -3.9936937391758 -30.5464137345552 -0.899999984540045 -2.9102205298841 -30.7945478707552 -0.899999984540045 -2.96003185212612 -30.9226363897324</float_array><technique_common><accessor count="1564" source="#bau0127665166-1-mesh-positions-array" stride="3"><param name="X" type="float" /><param name="Y" type="float" /><param name="Z" type="float" /></accessor></technique_common></source><source id="bau0127665166-1-mesh-normals"><float_array id="bau0127665166-1-mesh-normals-array" count="4692">-7.75763595072324E-17 0.923879504203796 0.382683426141739 -3.44191176372295E-17 0.766044437885284 0.642787635326385 -7.75763595072324E-17 0.923879504203796 0.382683426141739 -3.40111091457265E-17 0.70710676908493 0.70710676908493 0 0.5 0.866025388240814 -3.40111091457265E-17 0.70710676908493 0.70710676908493 1.47320238438429E-17 0.382683426141739 0.923879504203796 3.44191176372295E-17 0.173648178577423 0.984807729721069 1.47320238438429E-17 0.382683426141739 0.923879504203796 6.12323426292584E-17 -1.83697014652885E-16 1 1.03257352911688E-16 -0.173648178577423 0.984807729721069 6.12323426292584E-17 -1.83697014652885E-16 1 9.84105840653851E-17 -0.382683426141739 0.923879504203796 1.37676470548918E-16 -0.5 0.866025388240814 9.84105840653851E-17 -0.382683426141739 0.923879504203796 1.20606718488714E-16 -0.70710676908493 0.70710676908493 1.03257352911688E-16 -0.766044437885284 0.642787635326385 1.20606718488714E-16 -0.70710676908493 0.70710676908493 1.2444156751318E-16 -0.923879504203796 0.382683426141739 1.37676470548918E-16 -0.939692616462708 0.342020153999329 1.2444156751318E-16 -0.923879504203796 0.382683426141739 1.09331313679886E-16 -1 -1.22464685258517E-16 6.8838235274459E-17 -0.939692616462708 -0.342020153999329 1.09331313679886E-16 -1 -1.22464685258517E-16 7.75763595072324E-17 -0.923879504203796 -0.382683426141739 3.44191176372295E-17 -0.766044437885284 -0.642787635326385 7.75763595072324E-17 -0.923879504203796 -0.382683426141739 3.40111091457265E-17 -0.70710676908493 -0.70710676908493 0 -0.5 -0.866025388240814 3.40111091457265E-17 -0.70710676908493 -0.70710676908493 -1.47320238438429E-17 -0.382683426141739 -0.923879504203796 -3.44191176372295E-17 -0.173648178577423 -0.984807729721069 -1.47320238438429E-17 -0.382683426141739 -0.923879504203796 -6.8838235274459E-17 0.939692616462708 0.342020153999329 -1.09331313679886E-16 1 2.44929370517034E-16 -6.12323426292584E-17 -1.60812262295773E-16 -1 -1.03257352911688E-16 0.173648178577423 -0.984807729721069 -6.12323426292584E-17 -1.60812262295773E-16 -1 -9.84105840653851E-17 0.382683426141739 -0.923879504203796 -1.37676470548918E-16 0.5 -0.866025388240814 -9.84105840653851E-17 0.382683426141739 -0.923879504203796 -1.20606718488714E-16 0.70710676908493 -0.70710676908493 -1.03257352911688E-16 0.766044437885284 -0.642787635326385 -1.20606718488714E-16 0.70710676908493 -0.70710676908493 -1.2444156751318E-16 0.923879504203796 -0.382683426141739 -1.37676470548918E-16 0.939692616462708 -0.342020153999329 -1.2444156751318E-16 0.923879504203796 -0.382683426141739 -1.09331313679886E-16 1 2.44929370517034E-16 -1.20606718488714E-16 0.70710676908493 -0.70710676908493 -1.03257352911688E-16 0.766044437885284 -0.642787635326385 -1.20606718488714E-16 0.70710676908493 -0.70710676908493 -6.8838235274459E-17 0.939692616462708 0.342020153999329 -7.75763595072324E-17 0.923879504203796 0.382683426141739 -7.75763595072324E-17 0.923879504203796 0.382683426141739 -3.44191176372295E-17 0.766044437885284 0.642787635326385 -3.40111091457265E-17 0.70710676908493 0.70710676908493 -3.40111091457265E-17 0.70710676908493 0.70710676908493 0 0.5 0.866025388240814 1.47320238438429E-17 0.382683426141739 0.923879504203796 1.47320238438429E-17 0.382683426141739 0.923879504203796 3.44191176372295E-17 0.173648178577423 0.984807729721069 6.12323426292584E-17 -1.83697014652885E-16 1 6.12323426292584E-17 -1.83697014652885E-16 1 1.03257352911688E-16 -0.173648178577423 0.984807729721069 9.84105840653851E-17 -0.382683426141739 0.923879504203796 9.84105840653851E-17 -0.382683426141739 0.923879504203796 1.37676470548918E-16 -0.5 0.866025388240814 1.20606718488714E-16 -0.70710676908493 0.70710676908493 1.20606718488714E-16 -0.70710676908493 0.70710676908493 1.03257352911688E-16 -0.766044437885284 0.642787635326385 1.2444156751318E-16 -0.923879504203796 0.382683426141739 1.2444156751318E-16 -0.923879504203796 0.382683426141739 1.37676470548918E-16 -0.939692616462708 0.342020153999329 1.09331313679886E-16 -1 -1.22464685258517E-16 1.09331313679886E-16 -1 -1.22464685258517E-16 6.8838235274459E-17 -0.939692616462708 -0.342020153999329 7.75763595072324E-17 -0.923879504203796 -0.382683426141739 7.75763595072324E-17 -0.923879504203796 -0.382683426141739 3.44191176372295E-17 -0.766044437885284 -0.642787635326385 3.40111091457265E-17 -0.70710676908493 -0.70710676908493 3.40111091457265E-17 -0.70710676908493 -0.70710676908493 -1.09331313679886E-16 1 2.44929370517034E-16 -1.09331313679886E-16 1 2.44929370517034E-16 0 -0.5 -0.866025388240814 -1.47320238438429E-17 -0.382683426141739 -0.923879504203796 -3.44191176372295E-17 -0.173648178577423 -0.984807729721069 -1.47320238438429E-17 -0.382683426141739 -0.923879504203796 -6.12323426292584E-17 -1.60812262295773E-16 -1 -1.03257352911688E-16 0.173648178577423 -0.984807729721069 -6.12323426292584E-17 -1.60812262295773E-16 -1 -9.84105840653851E-17 0.382683426141739 -0.923879504203796 -1.37676470548918E-16 0.5 -0.866025388240814 -9.84105840653851E-17 0.382683426141739 -0.923879504203796 -1.2444156751318E-16 0.923879504203796 -0.382683426141739 -1.37676470548918E-16 0.939692616462708 -0.342020153999329 -1.2444156751318E-16 0.923879504203796 -0.382683426141739 -9.84105840653851E-17 0.382683426141739 -0.923879504203796 -1.03257352911688E-16 0.173648178577423 -0.984807729721069 -6.12323426292584E-17 -1.60812262295773E-16 -1 -3.44191176372295E-17 0.766044437885284 0.642787635326385 -7.75763595072324E-17 0.923879504203796 0.382683426141739 -3.40111091457265E-17 0.70710676908493 0.70710676908493 -3.40111091457265E-17 0.70710676908493 0.70710676908493 0 0.5 0.866025388240814 1.47320238438429E-17 0.382683426141739 0.923879504203796 1.47320238438429E-17 0.382683426141739 0.923879504203796 3.44191176372295E-17 0.173648178577423 0.984807729721069 6.12323426292584E-17 -1.83697014652885E-16 1 6.12323426292584E-17 -1.83697014652885E-16 1 1.03257352911688E-16 -0.173648178577423 0.984807729721069 9.84105840653851E-17 -0.382683426141739 0.923879504203796 9.84105840653851E-17 -0.382683426141739 0.923879504203796 1.37676470548918E-16 -0.5 0.866025388240814 1.20606718488714E-16 -0.70710676908493 0.70710676908493 1.20606718488714E-16 -0.70710676908493 0.70710676908493 1.03257352911688E-16 -0.766044437885284 0.642787635326385 1.2444156751318E-16 -0.923879504203796 0.382683426141739 1.2444156751318E-16 -0.923879504203796 0.382683426141739 -1.20606718488714E-16 0.70710676908493 -0.70710676908493 -1.03257352911688E-16 0.766044437885284 -0.642787635326385 -1.20606718488714E-16 0.70710676908493 -0.70710676908493 -1.37676470548918E-16 0.5 -0.866025388240814 -9.84105840653851E-17 0.382683426141739 -0.923879504203796 -6.12323426292584E-17 -1.60812262295773E-16 -1 -1.47320238438429E-17 -0.382683426141739 -0.923879504203796 -3.44191176372295E-17 -0.173648178577423 -0.984807729721069 -1.47320238438429E-17 -0.382683426141739 -0.923879504203796 3.40111091457265E-17 -0.70710676908493 -0.70710676908493 0 -0.5 -0.866025388240814 3.40111091457265E-17 -0.70710676908493 -0.70710676908493 7.75763595072324E-17 -0.923879504203796 -0.382683426141739 3.44191176372295E-17 -0.766044437885284 -0.642787635326385 7.75763595072324E-17 -0.923879504203796 -0.382683426141739 1.09331313679886E-16 -1 -1.22464685258517E-16 6.8838235274459E-17 -0.939692616462708 -0.342020153999329 1.09331313679886E-16 -1 -1.22464685258517E-16 1.37676470548918E-16 -0.939692616462708 0.342020153999329 -7.75763595072324E-17 0.923879504203796 0.382683426141739 -1.09331313679886E-16 1 2.44929370517034E-16 -6.8838235274459E-17 0.939692616462708 0.342020153999329 -1.09331313679886E-16 1 2.44929370517034E-16 -1.2444156751318E-16 0.923879504203796 -0.382683426141739 -1.37676470548918E-16 0.939692616462708 -0.342020153999329 -1.2444156751318E-16 0.923879504203796 -0.382683426141739 0 -0.5 -0.866025388240814 3.40111091457265E-17 -0.70710676908493 -0.70710676908493 -1.47320238438429E-17 -0.382683426141739 -0.923879504203796 3.44191176372295E-17 -0.766044437885284 -0.642787635326385 3.40111091457265E-17 -0.70710676908493 -0.70710676908493 7.75763595072324E-17 -0.923879504203796 -0.382683426141739 6.8838235274459E-17 -0.939692616462708 -0.342020153999329 7.75763595072324E-17 -0.923879504203796 -0.382683426141739 1.09331313679886E-16 -1 -1.22464685258517E-16 1.37676470548918E-16 -0.939692616462708 0.342020153999329 1.2444156751318E-16 -0.923879504203796 0.382683426141739 1.09331313679886E-16 -1 -1.22464685258517E-16 1.03257352911688E-16 -0.766044437885284 0.642787635326385 1.20606718488714E-16 -0.70710676908493 0.70710676908493 1.2444156751318E-16 -0.923879504203796 0.382683426141739 1.37676470548918E-16 -0.5 0.866025388240814 9.84105840653851E-17 -0.382683426141739 0.923879504203796 1.20606718488714E-16 -0.70710676908493 0.70710676908493 1.03257352911688E-16 -0.173648178577423 0.984807729721069 6.12323426292584E-17 -1.83697014652885E-16 1 9.84105840653851E-17 -0.382683426141739 0.923879504203796 3.44191176372295E-17 0.173648178577423 0.984807729721069 6.12323426292584E-17 -1.83697014652885E-16 1 1.47320238438429E-17 0.382683426141739 0.923879504203796 0 0.5 0.866025388240814 1.47320238438429E-17 0.382683426141739 0.923879504203796 -3.40111091457265E-17 0.70710676908493 0.70710676908493 -3.44191176372295E-17 0.766044437885284 0.642787635326385 -3.40111091457265E-17 0.70710676908493 0.70710676908493 -7.75763595072324E-17 0.923879504203796 0.382683426141739 -6.8838235274459E-17 0.939692616462708 0.342020153999329 -7.75763595072324E-17 0.923879504203796 0.382683426141739 -1.09331313679886E-16 1 2.44929370517034E-16 -1.47320238438429E-17 -0.382683426141739 -0.923879504203796 -3.44191176372295E-17 -0.173648178577423 -0.984807729721069 -6.12323426292584E-17 -1.60812262295773E-16 -1 -6.12323426292584E-17 -1.60812262295773E-16 -1 -1.03257352911688E-16 0.173648178577423 -0.984807729721069 -9.84105840653851E-17 0.382683426141739 -0.923879504203796 -9.84105840653851E-17 0.382683426141739 -0.923879504203796 -1.37676470548918E-16 0.5 -0.866025388240814 -1.20606718488714E-16 0.70710676908493 -0.70710676908493 -1.20606718488714E-16 0.70710676908493 -0.70710676908493 -1.03257352911688E-16 0.766044437885284 -0.642787635326385 -1.2444156751318E-16 0.923879504203796 -0.382683426141739 -1.2444156751318E-16 0.923879504203796 -0.382683426141739 -1.37676470548918E-16 0.939692616462708 -0.342020153999329 -1.09331313679886E-16 1 2.44929370517034E-16 -1.37676470548918E-16 0.939692616462708 -0.342020153999329 -1.09331313679886E-16 1 2.44929370517034E-16 -1.09331313679886E-16 1 2.44929370517034E-16 -1.2444156751318E-16 0.923879504203796 -0.382683426141739 -1.03257352911688E-16 0.766044437885284 -0.642787635326385 -1.20606718488714E-16 0.70710676908493 -0.70710676908493 -1.2444156751318E-16 0.923879504203796 -0.382683426141739 -1.37676470548918E-16 0.5 -0.866025388240814 -9.84105840653851E-17 0.382683426141739 -0.923879504203796 -1.20606718488714E-16 0.70710676908493 -0.70710676908493 -1.03257352911688E-16 0.173648178577423 -0.984807729721069 -6.12323426292584E-17 -1.60812262295773E-16 -1 -9.84105840653851E-17 0.382683426141739 -0.923879504203796 -3.44191176372295E-17 -0.173648178577423 -0.984807729721069 -6.12323426292584E-17 -1.60812262295773E-16 -1 -1.47320238438429E-17 -0.382683426141739 -0.923879504203796 9.84105840653851E-17 -0.382683426141739 0.923879504203796 1.03257352911688E-16 -0.173648178577423 0.984807729721069 6.12323426292584E-17 -1.83697014652885E-16 1 0 -0.5 -0.866025388240814 -1.47320238438429E-17 -0.382683426141739 -0.923879504203796 3.40111091457265E-17 -0.70710676908493 -0.70710676908493 3.44191176372295E-17 -0.766044437885284 -0.642787635326385 3.40111091457265E-17 -0.70710676908493 -0.70710676908493 7.75763595072324E-17 -0.923879504203796 -0.382683426141739 6.8838235274459E-17 -0.939692616462708 -0.342020153999329 7.75763595072324E-17 -0.923879504203796 -0.382683426141739 1.09331313679886E-16 -1 -1.22464685258517E-16 1.37676470548918E-16 -0.939692616462708 0.342020153999329 1.2444156751318E-16 -0.923879504203796 0.382683426141739 1.09331313679886E-16 -1 -1.22464685258517E-16 -6.8838235274459E-17 0.939692616462708 0.342020153999329 -7.75763595072324E-17 0.923879504203796 0.382683426141739 -7.75763595072324E-17 0.923879504203796 0.382683426141739 -3.44191176372295E-17 0.766044437885284 0.642787635326385 -3.40111091457265E-17 0.70710676908493 0.70710676908493 -3.40111091457265E-17 0.70710676908493 0.70710676908493 0 0.5 0.866025388240814 1.47320238438429E-17 0.382683426141739 0.923879504203796 1.47320238438429E-17 0.382683426141739 0.923879504203796 3.44191176372295E-17 0.173648178577423 0.984807729721069 6.12323426292584E-17 -1.83697014652885E-16 1 9.84105840653851E-17 -0.382683426141739 0.923879504203796 1.37676470548918E-16 -0.5 0.866025388240814 1.20606718488714E-16 -0.70710676908493 0.70710676908493 1.03257352911688E-16 -0.766044437885284 0.642787635326385 1.20606718488714E-16 -0.70710676908493 0.70710676908493 1.2444156751318E-16 -0.923879504203796 0.382683426141739 1.03257352911688E-16 -0.173648178577423 0.984807729721069 9.84105840653851E-17 -0.382683426141739 0.923879504203796 9.84105840653851E-17 -0.382683426141739 0.923879504203796 1.47320238438429E-17 0.382683426141739 0.923879504203796 3.44191176372295E-17 0.173648178577423 0.984807729721069 1.47320238438429E-17 0.382683426141739 0.923879504203796 6.12323426292584E-17 -1.83697014652885E-16 1 6.12323426292584E-17 -1.83697014652885E-16 1 1.37676470548918E-16 -0.5 0.866025388240814 1.20606718488714E-16 -0.70710676908493 0.70710676908493 1.03257352911688E-16 -0.766044437885284 0.642787635326385 1.20606718488714E-16 -0.70710676908493 0.70710676908493 1.2444156751318E-16 -0.923879504203796 0.382683426141739 1.37676470548918E-16 -0.939692616462708 0.342020153999329 1.2444156751318E-16 -0.923879504203796 0.382683426141739 -1.09331313679886E-16 1 2.44929370517034E-16 -6.8838235274459E-17 0.939692616462708 0.342020153999329 -1.09331313679886E-16 1 2.44929370517034E-16 1.09331313679886E-16 -1 -1.22464685258517E-16 6.8838235274459E-17 -0.939692616462708 -0.342020153999329 1.09331313679886E-16 -1 -1.22464685258517E-16 7.75763595072324E-17 -0.923879504203796 -0.382683426141739 3.44191176372295E-17 -0.766044437885284 -0.642787635326385 7.75763595072324E-17 -0.923879504203796 -0.382683426141739 3.40111091457265E-17 -0.70710676908493 -0.70710676908493 0 -0.5 -0.866025388240814 3.40111091457265E-17 -0.70710676908493 -0.70710676908493 -7.75763595072324E-17 0.923879504203796 0.382683426141739 -1.47320238438429E-17 -0.382683426141739 -0.923879504203796 -3.44191176372295E-17 -0.173648178577423 -0.984807729721069 -1.47320238438429E-17 -0.382683426141739 -0.923879504203796 -6.12323426292584E-17 -1.60812262295773E-16 -1 -1.03257352911688E-16 0.173648178577423 -0.984807729721069 -6.12323426292584E-17 -1.60812262295773E-16 -1 -9.84105840653851E-17 0.382683426141739 -0.923879504203796 -1.37676470548918E-16 0.5 -0.866025388240814 -9.84105840653851E-17 0.382683426141739 -0.923879504203796 -1.20606718488714E-16 0.70710676908493 -0.70710676908493 -1.03257352911688E-16 0.766044437885284 -0.642787635326385 -1.20606718488714E-16 0.70710676908493 -0.70710676908493 -1.2444156751318E-16 0.923879504203796 -0.382683426141739 -1.37676470548918E-16 0.939692616462708 -0.342020153999329 -1.2444156751318E-16 0.923879504203796 -0.382683426141739 -7.75763595072324E-17 0.923879504203796 0.382683426141739 -3.44191176372295E-17 0.766044437885284 0.642787635326385 -3.40111091457265E-17 0.70710676908493 0.70710676908493 -3.40111091457265E-17 0.70710676908493 0.70710676908493 0 0.5 0.866025388240814 -1 0 0 -1 0 0 -1 0 0 -1 0 0 -1 2.44929370517034E-16 0 -0.923879504203796 0.382683426141739 0 -1 2.44929370517034E-16 0 -0.923879504203796 0.382683426141739 0 -0.70710676908493 0.70710676908493 0 -0.70710676908493 0.70710676908493 0 -0.382683426141739 0.923879504203796 0 -0.382683426141739 0.923879504203796 0 1.83697014652885E-16 1 0 1.83697014652885E-16 1 0 -1 -1.22613776292123E-16 0 -1 -1.22613776292123E-16 0 -1 -1.22613776292123E-16 0 -1 -1.22613776292123E-16 0 -0.642787635326385 -0.766044437885284 0 -0.642787635326385 -0.766044437885284 0 -0.642787635326385 -0.766044437885284 0 -0.642787635326385 -0.766044437885284 0 -0.642787635326385 -0.766044437885284 0 -0.70710676908493 0.70710676908493 0 -0.923879504203796 0.382683426141739 0 -0.70710676908493 0.70710676908493 0 -0.923879504203796 0.382683426141739 0 -0.382683426141739 0.923879504203796 0 -0.382683426141739 0.923879504203796 0 1.83697014652885E-16 1 0 1.83697014652885E-16 1 0 -1 2.44929370517034E-16 0 -1 2.44929370517034E-16 0 -1 -1.22613776292123E-16 0 -1 -1.22613776292123E-16 0 -1 -1.22613776292123E-16 0 -1 -1.22613776292123E-16 0 -0.642787635326385 -0.766044437885284 0 -0.642787635326385 -0.766044437885284 0 -0.642787635326385 -0.766044437885284 0 -0.642787635326385 -0.766044437885284 0 -0.642787635326385 -0.766044437885284 0 -1 2.44929370517034E-16 0 -0.923879504203796 0.382683426141739 0 -1 2.44929370517034E-16 0 -0.923879504203796 0.382683426141739 0 -0.70710676908493 0.70710676908493 0 -0.70710676908493 0.70710676908493 0 -0.382683426141739 0.923879504203796 0 -0.382683426141739 0.923879504203796 0 1.83697014652885E-16 1 0 1.83697014652885E-16 1 0 -1 -1.22613776292123E-16 0 -1 -1.22613776292123E-16 0 -1 -1.22613776292123E-16 0 -1 -1.22613776292123E-16 0 -0.642787635326385 -0.766044437885284 0 -0.642787635326385 -0.766044437885284 0 -0.642787635326385 -0.766044437885284 0 -0.642787635326385 -0.766044437885284 0 -0.642787635326385 -0.766044437885284 0 -0.923879504203796 0.382683426141739 0 -1 2.44929370517034E-16 0 -0.923879504203796 0.382683426141739 0 -0.70710676908493 0.70710676908493 0 -0.70710676908493 0.70710676908493 0 -0.382683426141739 0.923879504203796 0 -0.382683426141739 0.923879504203796 0 1.83697014652885E-16 1 0 1.83697014652885E-16 1 0 -1 2.44929370517034E-16 0 -1 -1.22613776292123E-16 0 -1 -1.22613776292123E-16 0 -1 -1.22613776292123E-16 0 -1 -1.22613776292123E-16 0 -0.642787635326385 -0.766044437885284 0 -0.642787635326385 -0.766044437885284 0 -0.642787635326385 -0.766044437885284 0 -0.642787635326385 -0.766044437885284 0 -0.642787635326385 -0.766044437885284 0 0.475339531898499 0.879802405834198 0 0.475339531898499 0.879802405834198 0 0.475339531898499 0.879802405834198 0 0.475339531898499 0.879802405834198 0 0 1 0 0 1 0 0 1 0 0 1 0 0 1 0 0 1 0 0 1 0 0 1 0 0 1 0 0 1 0 0 1 0 0 1 0 0 1 0 0 1 0 0 1 0 0 1 0 0 1 0 0 1 0 0 1 0 0 1 0 -1 2.44929370517034E-16 0 -0.923879504203796 0.382683426141739 0 -1 2.44929370517034E-16 0 -0.70710676908493 0.70710676908493 0 -0.382683426141739 0.923879504203796 0 -0.70710676908493 0.70710676908493 0 -0.382683426141739 0.923879504203796 0 1.83697014652885E-16 1 0 1.83697014652885E-16 1 0 -0.923879504203796 0.382683426141739 0 -1 -1.22613776292123E-16 0 -1 -1.22613776292123E-16 0 -1 -1.22613776292123E-16 0 -1 -1.22613776292123E-16 0 -0.642787635326385 -0.766044437885284 0 -0.642787635326385 -0.766044437885284 0 -0.642787635326385 -0.766044437885284 0 -0.642787635326385 -0.766044437885284 0 -1 -1.42190454708624E-16 0 -1 -1.42190454708624E-16 0 -1 -1.42190454708624E-16 0 -1 -1.42190454708624E-16 0 -1 -1.42190454708624E-16 0 -1 -1.42190454708624E-16 0 -1 -1.42190454708624E-16 0 -1 -1.42190454708624E-16 0 -1 -1.42190454708624E-16 0 -1 -1.42190454708624E-16 0 -1 -1.42190454708624E-16 0 -1 -1.42190454708624E-16 0 -1 -1.42190454708624E-16 0 -1 -1.42190454708624E-16 0 -1 -1.42190454708624E-16 0 -1 -1.42190454708624E-16 0 -1 -1.42190454708624E-16 0 -1 -1.42190454708624E-16 0 -1 -1.42190454708624E-16 0 -1 -1.42190454708624E-16 0 -1 -1.42190454708624E-16 0 -1 -1.42190454708624E-16 0 -1 -1.42190454708624E-16 0 -1 -1.42190454708624E-16 0 -1 -1.42190454708624E-16 0 -1 -1.42190454708624E-16 0 -1 -1.42190454708624E-16 0 -1 -1.42190454708624E-16 0 -1 -1.42190454708624E-16 0 -1 -1.42190454708624E-16 0 -1 -1.42190454708624E-16 0 -1 -1.42190454708624E-16 0 -1 -1.42190454708624E-16 0 -1 -1.42190454708624E-16 0 -1 -1.42190454708624E-16 0 -1 -1.42190454708624E-16 0 -1 -1.42190454708624E-16 0 -1 -1.42190454708624E-16 0 -1 -1.42190454708624E-16 0 -1 -1.42190454708624E-16 0 -1 -1.42190454708624E-16 0 -1 -1.42190454708624E-16 0 -1 -1.42190454708624E-16 0 -1 -1.42190454708624E-16 0 -1 -1.42190454708624E-16 0 -1 -1.42190454708624E-16 0 -1 -1.42190454708624E-16 0 -1 -1.42190454708624E-16 0 -1 -1.42190454708624E-16 0 -1 -1.42190454708624E-16 0 -1 -1.42190454708624E-16 0 -1 -1.42190454708624E-16 0 -1 -1.42190454708624E-16 0 -1 -1.42190454708624E-16 0 -1 -1.42190454708624E-16 0 -1 -1.42190454708624E-16 0 -1 -1.42190454708624E-16 0 -1 -1.42190454708624E-16 0 -1 -1.42190454708624E-16 0 -1 -1.42190454708624E-16 0 -1 -1.42190454708624E-16 0 -1 -1.42190454708624E-16 0 -1 -1.42190454708624E-16 0 -1 -1.42190454708624E-16 0 -1 -1.42190454708624E-16 0 -1 -1.42190454708624E-16 0 -1 -1.42190454708624E-16 0 -1 -1.42190454708624E-16 0 -1 -1.42190454708624E-16 0 -1 -1.42190454708624E-16 0 -1 -1.42190454708624E-16 0 -1 -1.42190454708624E-16 0 -1 -1.42190454708624E-16 0 -1 -1.42190454708624E-16 0 -1 -1.42190454708624E-16 0 -1 -1.42190454708624E-16 0 -1 -1.42190454708624E-16 0 -1 -1.42190454708624E-16 0 -1 -1.42190454708624E-16 0 -1 -1.42190454708624E-16 0 -1 -1.42190454708624E-16 0 -1 -1.42190454708624E-16 0 -1 -1.42190454708624E-16 0 -1 -1.42190454708624E-16 0 -1 -1.42190454708624E-16 0 -1 -1.42190454708624E-16 0 -1 -1.42190454708624E-16 0 -1 -1.42190454708624E-16 0 -1 -1.42190454708624E-16 0 -1 -1.42190454708624E-16 0 -1 -1.42190454708624E-16 0 -1 -1.42190454708624E-16 0 -1 -1.42190454708624E-16 0 -1 -1.42190454708624E-16 0 -1 -1.42190454708624E-16 0 -1 -1.42190454708624E-16 0 -1 -1.42190454708624E-16 0 -1 -1.42190454708624E-16 0 -1 -1.42190454708624E-16 0 -1 -1.42190454708624E-16 0 -1 -1.42190454708624E-16 0 -1 -1.42190454708624E-16 0 -1 -1.42190454708624E-16 0 -1 -1.42190454708624E-16 0 -1 -1.42190454708624E-16 0 -1 -1.42190454708624E-16 0 -1 -1.42190454708624E-16 0 -1 -1.42190454708624E-16 0 -1 -1.42190454708624E-16 0 -1 -1.42190454708624E-16 0 -1 -1.42190454708624E-16 0 -1 -1.42190454708624E-16 0 -1 -1.42190454708624E-16 0 -1 -1.42190454708624E-16 0 -1 -1.42190454708624E-16 0 -1 -1.42190454708624E-16 0 -1 -1.42190454708624E-16 0 -1 -1.42190454708624E-16 0 -1 -1.42190454708624E-16 0 -1 -1.42190454708624E-16 0 -1 -1.42190454708624E-16 0 -1 -1.42190454708624E-16 0 -1 -1.42190454708624E-16 0 -1 -1.42190454708624E-16 0 -1 -1.42190454708624E-16 0 -1 -1.42190454708624E-16 0 -1 -1.42190454708624E-16 0 -1 -1.42190454708624E-16 0 -1 -1.42190454708624E-16 0 -1 -1.42190454708624E-16 0 -1 -1.42190454708624E-16 0 -1 -1.42190454708624E-16 0 -1 -1.42190454708624E-16 0 -1 -1.42190454708624E-16 0 -1 -1.42190454708624E-16 0 -1 -1.42190454708624E-16 0 -1 -1.42190454708624E-16 0 -1 -1.42190454708624E-16 0 -1 -1.42190454708624E-16 0 -1 -1.42190454708624E-16 0 -1 -1.42190454708624E-16 0 -1 -1.42190454708624E-16 0 -1 -1.42190454708624E-16 0 -1 -1.42190454708624E-16 0 -1 -1.42190454708624E-16 0 -1 -1.42190454708624E-16 0 -1 -1.42190454708624E-16 0 -1 -1.42190454708624E-16 0 -0.642787635326385 0.766044437885284 0 -0.642787635326385 0.766044437885284 0 -0.642787635326385 0.766044437885284 0 -0.642787635326385 0.766044437885284 0 -0.642787635326385 0.766044437885284 0 -0.642787635326385 0.766044437885284 0 -0.642787635326385 0.766044437885284 0 -0.642787635326385 0.766044437885284 0 -0.642787635326385 0.766044437885284 0 -0.642787635326385 0.766044437885284 0 -1 -1.0842021724855E-16 0 -1 -1.0842021724855E-16 0 -1 -1.0842021724855E-16 0 -1 -1.0842021724855E-16 0 0 1 0 0 1 0 0 1 0 0 1 0 0 1 0 0 1 0 0 1 0 0 1 0 0 1 0 0 1 0 1 0 0 1 0 0 1 0 0 1 0 0 1 0 0 1 0 0 1 0 0 1 0 0 1 0 0 1 0 0 1 0 0 1 0 0 1 0 0 1 0 0 1 0 0 1 0 0 1 0 0 1 0 0 1 0 0 1 0 0 1 0 0 1 0 0 1 0 0 1 0 0 1 0 0 1 0 0 1 0 0 1 0 0 1 0 0 1 0 0 1 0 0 1 0 0 1 0 0 1 0 0 1 0 0 1 0 0 1 0 0 1 0 0 1 0 0 1 0 0 1 0 0 1 0 0 1 0 0 1 0 0 1 0 0 1 0 0 1 0 0 1 0 0 1 0 0 1 0 0 1 0 0 1 0 0 1 0 0 1 0 0 1 0 0 1 0 0 1 0 0 1 0 0 1 0 0 1 0 0 1 0 0 1 0 0 1 0 0 1 0 0 1 0 0 1 0 0 1 0 0 1 0 0 1 0 0 1 0 0 1 0 0 1 0 0 1 0 0 1 0 0 1 0 0 1 0 0 1 0 0 1 0 0 1 0 0 1 0 0 1 0 0 1 0 0 1 0 0 1 0 0 1 0 0 1 0 0 1 0 0 1 0 0 1 0 0 1 0 0 1 0 0 1 0 0 1 0 0 1 0 0 1 0 0 1 0 0 1 0 0 1 0 0 1 0 0 1 0 0 1 0 0 1 0 0 1 0 0 1 0 0 1 0 0 1 0 0 1 0 0 1 0 0 1 0 0 1 0 0 1 0 0 1 0 0 1 0 0 1 0 0 1 0 0 1 0 0 1 0 0 1 0 0 1 0 0 1 0 0 0.30901700258255 -0.95105654001236 0 -1.83697014652885E-16 -1 0 -1.83697014652885E-16 -1 0 0.587785243988037 -0.80901700258255 0 0.30901700258255 -0.95105654001236 0 0.80901700258255 -0.587785243988037 0 0.587785243988037 -0.80901700258255 0 0.95105654001236 -0.30901700258255 0 0.80901700258255 -0.587785243988037 0 1 0 0 0.95105654001236 -0.30901700258255 0 1 0 0 1 0 0 1 0 0 1 0 0 1 0 0 1 0 0 1 0 0 2.11874624434484E-16 -1 0 2.11874624434484E-16 -1 0 2.11874624434484E-16 -1 0 2.11874624434484E-16 -1 0 2.11874624434484E-16 -1 0 2.11874624434484E-16 -1 0 2.11874624434484E-16 -1 0 2.11874624434484E-16 -1 0 2.11874624434484E-16 -1 0 2.11874624434484E-16 -1 0 2.11874624434484E-16 -1 0 2.11874624434484E-16 -1 0 2.11874624434484E-16 -1 0 2.11874624434484E-16 -1 0 2.11874624434484E-16 -1 0 2.11874624434484E-16 -1 0 2.11874624434484E-16 -1 0 2.11874624434484E-16 -1 0 -1 0 0 -1 0 0 -1 0 0 -1 0 0 0 1 0 0 1 0 0 1 0 0 1 0 0 1 0 0 1 0 0 1 0 0 1 0 0 1 0 0 1 0 0 1 0 0 1 0 0 1 0 0 1 0 0 1 0 0 1 0 0 1 0 0 1 0 0 0 -1 0 0 -1 0 0 -1 0 0 -1 0 0 -1 0 0 -1 0 0 -1 0 0 -1 0 0 -1 0 0 -1 0 0 -1 0 0 -1 0 0 -1 0 0 -1 0 0 -1 0 0 -1 0 0 -1 0 0 -1 0 0 -1 0 0 -1 0 0 -1 0 0 -1 0 0 -1 0 0 1 0 0 1 0 0 1 0 0 1 0 0 1 0 0 1 0 0 1 0 0 1 0 0 1 0 0 1 0 0 1 0 0 1 0 0 1 0 0 1 0 0 1 0 0 1 0 0 1 0 0 1 0 0 1 0 0 1 0 0 1 0 0 1 0 0 1 -0.994215905666351 0.107399865984917 0 -0.994215905666351 0.107399865984917 0 -0.994215905666351 0.107399865984917 0 -0.994215905666351 0.107399865984917 0 -0.752011835575104 0.659149587154388 0 -0.606205523014069 0.7953080534935 0 -0.752011835575104 0.659149587154388 0 -0.867889165878296 0.496757924556732 0 -0.867889165878296 0.496757924556732 0 -0.436273068189621 0.899814307689667 0 -0.248977571725845 0.968509256839752 0 -0.436273068189621 0.899814307689667 0 -0.248977571725845 0.968509256839752 0 -0.0517731010913849 0.998658895492554 0 -0.949225664138794 0.314595967531204 0 -0.949225664138794 0.314595967531204 0 -0.992784321308136 0.119913555681705 0 -0.992784321308136 0.119913555681705 0 -0.0517731010913849 0.998658895492554 0 -0.606205523014069 0.7953080534935 0 0 0 1 0 0 1 0 0 1 0 0 1 0 0 1 0 0 1 0 0 1 0 0 1 0 0 1 0 0 1 0 0 1 0 0 1 0 0 1 0 0 1 0 0 1 0 0 1 0 0 -1 0 0 -1 0 0 -1 0 0 -1 0 0 -1 0 0 -1 0 0 -1 0 0 -1 0 0 -1 0 0 -1 0 0 -1 0 0 -1 0 0 -1 0 0 -1 0 0 -1 0 0 -1 -0.994215905666351 0.107399865984917 0 -0.994215905666351 0.107399865984917 0 -0.994215905666351 0.107399865984917 0 -0.994215905666351 0.107399865984917 0 -0.994215905666351 0.107399865984917 0 -0.248977571725845 0.968509256839752 0 -0.0517731010913849 0.998658895492554 0 -0.248977571725845 0.968509256839752 0 -0.436273068189621 0.899814307689667 0 -0.436273068189621 0.899814307689667 0 -0.606205523014069 0.7953080534935 0 -0.606205523014069 0.7953080534935 0 -0.752011835575104 0.659149587154388 0 -0.752011835575104 0.659149587154388 0 -0.867889165878296 0.496757924556732 0 -0.867889165878296 0.496757924556732 0 -0.949225664138794 0.314595967531204 0 -0.949225664138794 0.314595967531204 0 -0.992784321308136 0.119913555681705 0 -0.992784321308136 0.119913555681705 0 -0.0517731010913849 0.998658895492554 0 0 0 1 0 0 1 0 0 1 0 0 1 0 0 1 0 0 1 0 0 1 0 0 1 0 0 1 0 0 1 0 0 1 0 0 1 0 0 1 0 0 1 0 0 1 0 0 1 0 0 -1 0 0 -1 0 0 -1 0 0 -1 0 0 -1 0 0 -1 0 0 -1 0 0 -1 0 0 -1 0 0 -1 0 0 -1 0 0 -1 0 0 -1 0 0 -1 0 0 -1 0 0 -1 -0.994215905666351 0.107399865984917 0 -0.994215905666351 0.107399865984917 0 -0.994215905666351 0.107399865984917 0 -0.994215905666351 0.107399865984917 0 -0.994215905666351 0.107399865984917 0 -0.0517731010913849 0.998658895492554 0 -0.248977571725845 0.968509256839752 0 -0.0517731010913849 0.998658895492554 0 -0.248977571725845 0.968509256839752 0 -0.436273068189621 0.899814307689667 0 -0.606205523014069 0.7953080534935 0 -0.752011835575104 0.659149587154388 0 -0.606205523014069 0.7953080534935 0 -0.992784321308136 0.119913555681705 0 -0.949225664138794 0.314595967531204 0 -0.992784321308136 0.119913555681705 0 -0.949225664138794 0.314595967531204 0 -0.867889165878296 0.496757924556732 0 -0.867889165878296 0.496757924556732 0 -0.752011835575104 0.659149587154388 0 -0.436273068189621 0.899814307689667 0 0 0 1 0 0 1 0 0 1 0 0 1 0 0 1 0 0 1 0 0 1 0 0 1 0 0 1 0 0 1 0 0 1 0 0 1 0 0 1 0 0 1 0 0 1 0 0 1 0 0 -1 0 0 -1 0 0 -1 0 0 -1 0 0 -1 0 0 -1 0 0 -1 0 0 -1 0 0 -1 0 0 -1 0 0 -1 0 0 -1 0 0 -1 0 0 -1 0 0 -1 0 0 -1 -0.994215905666351 0.107399865984917 0 -0.994215905666351 0.107399865984917 0 -0.994215905666351 0.107399865984917 0 -0.994215905666351 0.107399865984917 0 -0.436273068189621 0.899814307689667 0 -0.248977571725845 0.968509256839752 0 -0.436273068189621 0.899814307689667 0 -0.606205523014069 0.7953080534935 0 -0.606205523014069 0.7953080534935 0 -0.752011835575104 0.659149587154388 0 -0.752011835575104 0.659149587154388 0 -0.867889165878296 0.496757924556732 0 -0.867889165878296 0.496757924556732 0 -0.949225664138794 0.314595967531204 0 -0.949225664138794 0.314595967531204 0 -0.992784321308136 0.119913555681705 0 -0.992784321308136 0.119913555681705 0 -0.248977571725845 0.968509256839752 0 -0.0517731010913849 0.998658895492554 0 -0.0517731010913849 0.998658895492554 0 0 0 1 0 0 1 0 0 1 0 0 1 0 0 1 0 0 1 0 0 1 0 0 1 0 0 1 0 0 1 0 0 1 0 0 1 0 0 1 0 0 1 0 0 1 0 0 1 0 0 -1 0 0 -1 0 0 -1 0 0 -1 0 0 -1 0 0 -1 0 0 -1 0 0 -1 0 0 -1 0 0 -1 0 0 -1 0 0 -1 0 0 -1 0 0 -1 0 0 -1 0 0 -1 0 0 -1 0 0 -1 0 0 -1 0 0 -1 -0.0702409669756889 -2.97645557867814E-17 -0.997530043125153 0.350790113210678 1.48647042758409E-16 -0.936454117298126 -0.0702409669756889 -2.97645557867814E-17 -0.997530043125153 -0.478558629751205 -2.02788859351311E-16 -0.87805563211441 -0.478558629751205 -2.02788859351311E-16 -0.87805563211441 -0.80025839805603 -3.3910889927943E-16 -0.599655330181122 -0.80025839805603 -3.3910889927943E-16 -0.599655330181122 -0.977113425731659 -4.14051065730041E-16 -0.212718978524208 -0.977113425731659 -4.14051065730041E-16 -0.212718978524208 -0.977113425731659 -4.14051065730041E-16 0.212718978524208 -0.977113425731659 -4.14051065730041E-16 0.212718978524208 -0.80025839805603 -3.3910889927943E-16 0.599655330181122 -0.80025839805603 -3.3910889927943E-16 0.599655330181122 -0.478558629751205 -2.02788859351311E-16 0.87805563211441 -0.478558629751205 -2.02788859351311E-16 0.87805563211441 -0.0702409669756889 -2.97645557867814E-17 0.997530043125153 -0.0702409669756889 -2.97645557867814E-17 0.997530043125153 0.350790113210678 1.48647042758409E-16 0.936454117298126 0.350790113210678 1.48647042758409E-16 0.936454117298126 0.708329081535339 3.00153906974764E-16 0.705882370471954 0.708329081535339 3.00153906974764E-16 0.705882370471954 0.350790113210678 1.48647042758409E-16 -0.936454117298126 0.708329081535339 3.00153906974764E-16 -0.705882370471954 0.708329081535339 3.00153906974764E-16 -0.705882370471954 0 0 1 0 0 1 0 0 1 0 0 1 1.08924201852167E-16 -0.766044437885284 0.642787635326385 1.33615318143748E-16 -0.939692616462708 0.342020153999329 1.08924201852167E-16 -0.766044437885284 0.642787635326385 7.1095227354312E-17 -0.5 0.866025388240814 7.1095227354312E-17 -0.5 0.866025388240814 2.46911129828588E-17 -0.173648178577423 0.984807729721069 2.46911129828588E-17 -0.173648178577423 0.984807729721069 -2.46911129828588E-17 0.173648178577423 0.984807729721069 -2.46911129828588E-17 0.173648178577423 0.984807729721069 -7.1095227354312E-17 0.5 0.866025388240814 -7.1095227354312E-17 0.5 0.866025388240814 1.33615318143748E-16 -0.939692616462708 0.342020153999329 1.42190454708624E-16 -1 -1.22464685258517E-16 -1.33615318143748E-16 0.939692616462708 0.342020153999329 -1.08924201852167E-16 0.766044437885284 0.642787635326385 -1.33615318143748E-16 0.939692616462708 0.342020153999329 -1.42190454708624E-16 1 2.44929370517034E-16 -1.42190454708624E-16 1 2.44929370517034E-16 1.08924201852167E-16 -0.766044437885284 -0.642787635326385 7.1095227354312E-17 -0.5 -0.866025388240814 1.08924201852167E-16 -0.766044437885284 -0.642787635326385 7.1095227354312E-17 -0.5 -0.866025388240814 2.46911129828588E-17 -0.173648178577423 -0.984807729721069 2.46911129828588E-17 -0.173648178577423 -0.984807729721069 -2.46911129828588E-17 0.173648178577423 -0.984807729721069 -2.46911129828588E-17 0.173648178577423 -0.984807729721069 -7.1095227354312E-17 0.5 -0.866025388240814 -1.08924201852167E-16 0.766044437885284 0.642787635326385 1.42190454708624E-16 -1 -1.22464685258517E-16 1.33615318143748E-16 -0.939692616462708 -0.342020153999329 -7.1095227354312E-17 0.5 -0.866025388240814 -1.08924201852167E-16 0.766044437885284 -0.642787635326385 -1.08924201852167E-16 0.766044437885284 -0.642787635326385 -1.33615318143748E-16 0.939692616462708 -0.342020153999329 -1.33615318143748E-16 0.939692616462708 -0.342020153999329 1.33615318143748E-16 -0.939692616462708 -0.342020153999329 1.08924201852167E-16 -0.766044437885284 0.642787635326385 1.33615318143748E-16 -0.939692616462708 0.342020153999329 1.08924201852167E-16 -0.766044437885284 0.642787635326385 7.1095227354312E-17 -0.5 0.866025388240814 7.1095227354312E-17 -0.5 0.866025388240814 2.46911129828588E-17 -0.173648178577423 0.984807729721069 2.46911129828588E-17 -0.173648178577423 0.984807729721069 -2.46911129828588E-17 0.173648178577423 0.984807729721069 -2.46911129828588E-17 0.173648178577423 0.984807729721069 -7.1095227354312E-17 0.5 0.866025388240814 -7.1095227354312E-17 0.5 0.866025388240814 -1.08924201852167E-16 0.766044437885284 0.642787635326385 -1.08924201852167E-16 0.766044437885284 0.642787635326385 -1.33615318143748E-16 0.939692616462708 0.342020153999329 -1.33615318143748E-16 0.939692616462708 0.342020153999329 -1.42190454708624E-16 1 2.44929370517034E-16 -1.42190454708624E-16 1 2.44929370517034E-16 1.42190454708624E-16 -1 -1.22464685258517E-16 1.33615318143748E-16 -0.939692616462708 -0.342020153999329 1.42190454708624E-16 -1 -1.22464685258517E-16 1.33615318143748E-16 -0.939692616462708 -0.342020153999329 1.08924201852167E-16 -0.766044437885284 -0.642787635326385 1.08924201852167E-16 -0.766044437885284 -0.642787635326385 7.1095227354312E-17 -0.5 -0.866025388240814 7.1095227354312E-17 -0.5 -0.866025388240814 2.46911129828588E-17 -0.173648178577423 -0.984807729721069 2.46911129828588E-17 -0.173648178577423 -0.984807729721069 -2.46911129828588E-17 0.173648178577423 -0.984807729721069 -2.46911129828588E-17 0.173648178577423 -0.984807729721069 -7.1095227354312E-17 0.5 -0.866025388240814 -7.1095227354312E-17 0.5 -0.866025388240814 -1.08924201852167E-16 0.766044437885284 -0.642787635326385 -1.08924201852167E-16 0.766044437885284 -0.642787635326385 -1.33615318143748E-16 0.939692616462708 -0.342020153999329 -1.33615318143748E-16 0.939692616462708 -0.342020153999329 1.33615318143748E-16 -0.939692616462708 0.342020153999329 -7.1095227354312E-17 0.5 -0.866025388240814 -2.46911129828588E-17 0.173648178577423 -0.984807729721069 -7.1095227354312E-17 0.5 -0.866025388240814 -1.33615318143748E-16 0.939692616462708 0.342020153999329 -1.08924201852167E-16 0.766044437885284 0.642787635326385 -1.33615318143748E-16 0.939692616462708 0.342020153999329 -1.08924201852167E-16 0.766044437885284 0.642787635326385 -7.1095227354312E-17 0.5 0.866025388240814 -7.1095227354312E-17 0.5 0.866025388240814 -2.46911129828588E-17 0.173648178577423 0.984807729721069 -2.46911129828588E-17 0.173648178577423 0.984807729721069 2.46911129828588E-17 -0.173648178577423 0.984807729721069 2.46911129828588E-17 -0.173648178577423 0.984807729721069 7.1095227354312E-17 -0.5 0.866025388240814 7.1095227354312E-17 -0.5 0.866025388240814 1.08924201852167E-16 -0.766044437885284 0.642787635326385 -1.42190454708624E-16 1 2.44929370517034E-16 1.08924201852167E-16 -0.766044437885284 0.642787635326385 1.33615318143748E-16 -0.939692616462708 0.342020153999329 1.33615318143748E-16 -0.939692616462708 0.342020153999329 1.42190454708624E-16 -1 -5.665538686388E-16 1.42190454708624E-16 -1 -5.665538686388E-16 1.33615318143748E-16 -0.939692616462708 -0.342020153999329 1.33615318143748E-16 -0.939692616462708 -0.342020153999329 1.08924201852167E-16 -0.766044437885284 -0.642787635326385 1.08924201852167E-16 -0.766044437885284 -0.642787635326385 7.1095227354312E-17 -0.5 -0.866025388240814 7.1095227354312E-17 -0.5 -0.866025388240814 2.46911129828588E-17 -0.173648178577423 -0.984807729721069 2.46911129828588E-17 -0.173648178577423 -0.984807729721069 -2.46911129828588E-17 0.173648178577423 -0.984807729721069 -1.42190454708624E-16 1 2.44929370517034E-16 -1.08924201852167E-16 0.766044437885284 -0.642787635326385 -1.08924201852167E-16 0.766044437885284 -0.642787635326385 -1.33615318143748E-16 0.939692616462708 -0.342020153999329 -1.33615318143748E-16 0.939692616462708 -0.342020153999329 2.46911129828588E-17 -0.173648178577423 0.984807729721069 7.1095227354312E-17 -0.5 0.866025388240814 2.46911129828588E-17 -0.173648178577423 0.984807729721069 -2.46911129828588E-17 0.173648178577423 0.984807729721069 -2.46911129828588E-17 0.173648178577423 0.984807729721069 -7.1095227354312E-17 0.5 0.866025388240814 -7.1095227354312E-17 0.5 0.866025388240814 -1.08924201852167E-16 0.766044437885284 0.642787635326385 -1.08924201852167E-16 0.766044437885284 0.642787635326385 -1.33615318143748E-16 0.939692616462708 0.342020153999329 -1.33615318143748E-16 0.939692616462708 0.342020153999329 -1.42190454708624E-16 1 2.44929370517034E-16 -1.42190454708624E-16 1 2.44929370517034E-16 7.1095227354312E-17 -0.5 0.866025388240814 1.08924201852167E-16 -0.766044437885284 0.642787635326385 1.33615318143748E-16 -0.939692616462708 -0.342020153999329 1.08924201852167E-16 -0.766044437885284 -0.642787635326385 1.33615318143748E-16 -0.939692616462708 -0.342020153999329 1.42190454708624E-16 -1 -1.22464685258517E-16 1.42190454708624E-16 -1 -1.22464685258517E-16 1.33615318143748E-16 -0.939692616462708 0.342020153999329 1.33615318143748E-16 -0.939692616462708 0.342020153999329 7.1095227354312E-17 -0.5 -0.866025388240814 2.46911129828588E-17 -0.173648178577423 -0.984807729721069 7.1095227354312E-17 -0.5 -0.866025388240814 2.46911129828588E-17 -0.173648178577423 -0.984807729721069 -2.46911129828588E-17 0.173648178577423 -0.984807729721069 -2.46911129828588E-17 0.173648178577423 -0.984807729721069 -7.1095227354312E-17 0.5 -0.866025388240814 -7.1095227354312E-17 0.5 -0.866025388240814 -1.08924201852167E-16 0.766044437885284 -0.642787635326385 -1.08924201852167E-16 0.766044437885284 -0.642787635326385 -1.33615318143748E-16 0.939692616462708 -0.342020153999329 -1.33615318143748E-16 0.939692616462708 -0.342020153999329 1.08924201852167E-16 -0.766044437885284 -0.642787635326385 1.08924201852167E-16 -0.766044437885284 0.642787635326385 1.08924201852167E-16 -0.766044437885284 0.642787635326385 1.33615318143748E-16 -0.939692616462708 0.342020153999329 1.08924201852167E-16 -0.766044437885284 0.642787635326385 2.46911129828588E-17 -0.173648178577423 0.984807729721069 7.1095227354312E-17 -0.5 0.866025388240814 2.46911129828588E-17 -0.173648178577423 0.984807729721069 -2.46911129828588E-17 0.173648178577423 0.984807729721069 -2.46911129828588E-17 0.173648178577423 0.984807729721069 -7.1095227354312E-17 0.5 0.866025388240814 -7.1095227354312E-17 0.5 0.866025388240814 -1.08924201852167E-16 0.766044437885284 0.642787635326385 -1.08924201852167E-16 0.766044437885284 0.642787635326385 -1.33615318143748E-16 0.939692616462708 0.342020153999329 -1.33615318143748E-16 0.939692616462708 0.342020153999329 -1.42190454708624E-16 1 2.44929370517034E-16 -1.42190454708624E-16 1 2.44929370517034E-16 1.33615318143748E-16 -0.939692616462708 0.342020153999329 1.42190454708624E-16 -1 -5.665538686388E-16 1.42190454708624E-16 -1 -5.665538686388E-16 1.33615318143748E-16 -0.939692616462708 -0.342020153999329 1.33615318143748E-16 -0.939692616462708 -0.342020153999329 1.08924201852167E-16 -0.766044437885284 -0.642787635326385 1.08924201852167E-16 -0.766044437885284 -0.642787635326385 7.1095227354312E-17 -0.5 -0.866025388240814 7.1095227354312E-17 -0.5 -0.866025388240814 2.46911129828588E-17 -0.173648178577423 -0.984807729721069 2.46911129828588E-17 -0.173648178577423 -0.984807729721069 -2.46911129828588E-17 0.173648178577423 -0.984807729721069 -2.46911129828588E-17 0.173648178577423 -0.984807729721069 -7.1095227354312E-17 0.5 -0.866025388240814 -7.1095227354312E-17 0.5 -0.866025388240814 -1.08924201852167E-16 0.766044437885284 -0.642787635326385 -1.08924201852167E-16 0.766044437885284 -0.642787635326385 -1.33615318143748E-16 0.939692616462708 -0.342020153999329 -1.33615318143748E-16 0.939692616462708 -0.342020153999329 7.1095227354312E-17 -0.5 0.866025388240814 2.46911129828588E-17 -0.173648178577423 -0.984807729721069 7.1095227354312E-17 -0.5 -0.866025388240814 2.46911129828588E-17 -0.173648178577423 -0.984807729721069 -2.46911129828588E-17 0.173648178577423 -0.984807729721069 -2.46911129828588E-17 0.173648178577423 -0.984807729721069 -7.1095227354312E-17 0.5 -0.866025388240814 -7.1095227354312E-17 0.5 -0.866025388240814 -1.08924201852167E-16 0.766044437885284 -0.642787635326385 -1.08924201852167E-16 0.766044437885284 -0.642787635326385 -1.33615318143748E-16 0.939692616462708 -0.342020153999329 -1.33615318143748E-16 0.939692616462708 -0.342020153999329 -1.42190454708624E-16 1 2.44929370517034E-16 -1.42190454708624E-16 1 2.44929370517034E-16 7.1095227354312E-17 -0.5 -0.866025388240814 1.08924201852167E-16 -0.766044437885284 -0.642787635326385 1.08924201852167E-16 -0.766044437885284 -0.642787635326385 1.33615318143748E-16 -0.939692616462708 -0.342020153999329 1.33615318143748E-16 -0.939692616462708 -0.342020153999329 1.42190454708624E-16 -1 -5.665538686388E-16 1.42190454708624E-16 -1 -5.665538686388E-16 1.33615318143748E-16 -0.939692616462708 0.342020153999329 1.33615318143748E-16 -0.939692616462708 0.342020153999329 1.08924201852167E-16 -0.766044437885284 0.642787635326385 1.08924201852167E-16 -0.766044437885284 0.642787635326385 7.1095227354312E-17 -0.5 0.866025388240814 7.1095227354312E-17 -0.5 0.866025388240814 2.46911129828588E-17 -0.173648178577423 0.984807729721069 2.46911129828588E-17 -0.173648178577423 0.984807729721069 -2.46911129828588E-17 0.173648178577423 0.984807729721069 -2.46911129828588E-17 0.173648178577423 0.984807729721069 -7.1095227354312E-17 0.5 0.866025388240814 -7.1095227354312E-17 0.5 0.866025388240814 -1.08924201852167E-16 0.766044437885284 0.642787635326385 -1.08924201852167E-16 0.766044437885284 0.642787635326385 -1.33615318143748E-16 0.939692616462708 0.342020153999329 -1.33615318143748E-16 0.939692616462708 0.342020153999329 -0.70710676908493 0.664463043212891 -0.24184475839138 -0.70710676908493 0.70710676908493 0 -0.70710676908493 0.664463043212891 -0.24184475839138 -0.70710676908493 0.653281509876251 -0.27059805393219 -0.70710676908493 0.541675209999084 -0.454519480466843 -0.70710676908493 0.541675209999084 -0.454519480466843 -0.70710676908493 0.5 -0.5 -0.70710676908493 0.353553384542465 -0.61237245798111 -0.70710676908493 0.353553384542465 -0.61237245798111 -0.70710676908493 0.27059805393219 -0.653281509876251 -0.70710676908493 0.122787803411484 -0.696364223957062 -0.70710676908493 0.122787803411484 -0.696364223957062 -0.70710676908493 -1.91020355635728E-16 -0.70710676908493 -0.70710676908493 -0.122787803411484 -0.696364223957062 -0.70710676908493 -0.122787803411484 -0.696364223957062 -0.70710676908493 -0.27059805393219 -0.653281509876251 -0.70710676908493 -0.353553384542465 -0.61237245798111 -0.70710676908493 -0.353553384542465 -0.61237245798111 -0.70710676908493 -0.5 -0.5 -0.70710676908493 -0.541675209999084 -0.454519480466843 -0.70710676908493 -0.541675209999084 -0.454519480466843 -0.70710676908493 -0.653281509876251 -0.27059805393219 -0.70710676908493 -0.664463043212891 -0.24184475839138 -0.70710676908493 -0.664463043212891 -0.24184475839138 -0.70710676908493 -0.70710676908493 -2.74766185493405E-16 -0.70710676908493 -0.70710676908493 -2.74766185493405E-16 -0.70710676908493 -0.664463043212891 0.24184475839138 -0.70710676908493 -0.664463043212891 0.24184475839138 -0.70710676908493 -0.653281509876251 0.27059805393219 -0.70710676908493 -0.541675209999084 0.454519480466843 -0.70710676908493 -0.541675209999084 0.454519480466843 -0.70710676908493 -0.5 0.5 -0.70710676908493 -0.353553384542465 0.61237245798111 -0.70710676908493 -0.353553384542465 0.61237245798111 -0.70710676908493 -0.27059805393219 0.653281509876251 -0.70710676908493 -0.122787803411484 0.696364223957062 -0.70710676908493 -0.122787803411484 0.696364223957062 -0.70710676908493 -2.0720232452298E-16 0.70710676908493 -0.70710676908493 0.122787803411484 0.696364223957062 -0.70710676908493 0.122787803411484 0.696364223957062 -0.70710676908493 0.27059805393219 0.653281509876251 -0.70710676908493 0.353553384542465 0.61237245798111 -0.70710676908493 0.353553384542465 0.61237245798111 -0.70710676908493 0.5 0.5 -0.70710676908493 0.541675209999084 0.454519480466843 -0.70710676908493 0.541675209999084 0.454519480466843 -0.70710676908493 0.70710676908493 0 -0.70710676908493 0.653281509876251 0.27059805393219 -0.70710676908493 0.664463043212891 0.24184475839138 -0.70710676908493 0.664463043212891 0.24184475839138 -0.70710676908493 0.664463043212891 -0.24184475839138 -0.70710676908493 0.70710676908493 0 -0.70710676908493 0.664463043212891 -0.24184475839138 -0.70710676908493 0.653281509876251 -0.27059805393219 -0.70710676908493 0.541675209999084 -0.454519480466843 -0.70710676908493 0.541675209999084 -0.454519480466843 -0.70710676908493 0.5 -0.5 -0.70710676908493 0.353553384542465 -0.61237245798111 -0.70710676908493 0.353553384542465 -0.61237245798111 -0.70710676908493 0.122787803411484 -0.696364223957062 -0.70710676908493 0.27059805393219 -0.653281509876251 -0.70710676908493 -1.91020355635728E-16 -0.70710676908493 -0.70710676908493 -0.122787803411484 -0.696364223957062 -0.70710676908493 -0.122787803411484 -0.696364223957062 -0.70710676908493 -0.27059805393219 -0.653281509876251 -0.70710676908493 -0.353553384542465 -0.61237245798111 -0.70710676908493 -0.353553384542465 -0.61237245798111 -0.70710676908493 -0.5 -0.5 -0.70710676908493 -0.541675209999084 -0.454519480466843 -0.70710676908493 -0.541675209999084 -0.454519480466843 -0.70710676908493 -0.653281509876251 -0.27059805393219 -0.70710676908493 -0.664463043212891 -0.24184475839138 -0.70710676908493 -0.664463043212891 -0.24184475839138 -0.70710676908493 -0.70710676908493 -2.74766185493405E-16 -0.70710676908493 -0.70710676908493 -2.74766185493405E-16 -0.70710676908493 -0.664463043212891 0.24184475839138 -0.70710676908493 -0.664463043212891 0.24184475839138 -0.70710676908493 -0.653281509876251 0.27059805393219 -0.70710676908493 -0.541675209999084 0.454519480466843 -0.70710676908493 -0.541675209999084 0.454519480466843 -0.70710676908493 -0.5 0.5 -0.70710676908493 -0.353553384542465 0.61237245798111 -0.70710676908493 -0.353553384542465 0.61237245798111 -0.70710676908493 -0.27059805393219 0.653281509876251 -0.70710676908493 -0.122787803411484 0.696364223957062 -0.70710676908493 -0.122787803411484 0.696364223957062 -0.70710676908493 -2.0720232452298E-16 0.70710676908493 -0.70710676908493 0.122787803411484 0.696364223957062 -0.70710676908493 0.122787803411484 0.696364223957062 -0.70710676908493 0.27059805393219 0.653281509876251 -0.70710676908493 0.353553384542465 0.61237245798111 -0.70710676908493 0.353553384542465 0.61237245798111 -0.70710676908493 0.5 0.5 -0.70710676908493 0.541675209999084 0.454519480466843 -0.70710676908493 0.541675209999084 0.454519480466843 -0.70710676908493 0.653281509876251 0.27059805393219 -0.70710676908493 0.664463043212891 0.24184475839138 -0.70710676908493 0.664463043212891 0.24184475839138 -0.70710676908493 0.70710676908493 0 -0.70710676908493 0.122787803411484 -0.696364223957062 -0.70710676908493 -0.664463043212891 -0.24184475839138 -0.70710676908493 -0.70710676908493 -2.31468375858827E-16 -0.70710676908493 -0.664463043212891 -0.24184475839138 -0.70710676908493 -0.541675209999084 -0.454519480466843 -0.70710676908493 -0.653281509876251 -0.27059805393219 -0.70710676908493 -0.541675209999084 -0.454519480466843 -0.70710676908493 -0.353553384542465 -0.61237245798111 -0.70710676908493 -0.5 -0.5 -0.70710676908493 -0.353553384542465 -0.61237245798111 -0.70710676908493 -0.122787803411484 -0.696364223957062 -0.70710676908493 -0.27059805393219 -0.653281509876251 -0.70710676908493 -0.122787803411484 -0.696364223957062 -0.70710676908493 0.122787803411484 -0.696364223957062 -0.70710676908493 -1.91020355635728E-16 -0.70710676908493 -0.70710676908493 0.122787803411484 -0.696364223957062 -0.70710676908493 0.353553384542465 -0.61237245798111 -0.70710676908493 0.27059805393219 -0.653281509876251 -0.70710676908493 0.353553384542465 -0.61237245798111 -0.70710676908493 0.541675209999084 -0.454519480466843 -0.70710676908493 0.5 -0.5 -0.70710676908493 0.541675209999084 -0.454519480466843 -0.70710676908493 0.664463043212891 -0.24184475839138 -0.70710676908493 0.653281509876251 -0.27059805393219 -0.70710676908493 0.664463043212891 -0.24184475839138 -0.70710676908493 0.70710676908493 4.32978030171328E-17 -0.70710676908493 0.70710676908493 4.32978030171328E-17 -0.70710676908493 -0.70710676908493 -2.31468375858827E-16 -0.70710676908493 -0.664463043212891 0.24184475839138 -0.70710676908493 -0.664463043212891 0.24184475839138 -0.70710676908493 -0.653281509876251 0.27059805393219 -0.70710676908493 -0.541675209999084 0.454519480466843 -0.70710676908493 -0.5 0.5 -0.70710676908493 -0.541675209999084 0.454519480466843 -0.70710676908493 -0.353553384542465 0.61237245798111 -0.70710676908493 -0.27059805393219 0.653281509876251 -0.70710676908493 -0.353553384542465 0.61237245798111 -0.70710676908493 -0.122787803411484 0.696364223957062 -0.70710676908493 -2.0720232452298E-16 0.70710676908493 -0.70710676908493 -0.122787803411484 0.696364223957062 -0.70710676908493 0.122787803411484 0.696364223957062 -0.70710676908493 0.27059805393219 0.653281509876251 -0.70710676908493 0.122787803411484 0.696364223957062 -0.70710676908493 0.353553384542465 0.61237245798111 -0.70710676908493 0.5 0.5 -0.70710676908493 0.353553384542465 0.61237245798111 -0.70710676908493 0.541675209999084 0.454519480466843 -0.70710676908493 0.653281509876251 0.27059805393219 -0.70710676908493 0.541675209999084 0.454519480466843 -0.70710676908493 0.664463043212891 0.24184475839138 -0.70710676908493 0.664463043212891 0.24184475839138 -0.70710676908493 0.664463043212891 -0.24184475839138 -0.70710676908493 0.653281509876251 -0.27059805393219 -0.70710676908493 0.664463043212891 -0.24184475839138 -0.70710676908493 0.541675209999084 -0.454519480466843 -0.70710676908493 0.5 -0.5 -0.70710676908493 0.541675209999084 -0.454519480466843 -0.70710676908493 0.353553384542465 -0.61237245798111 -0.70710676908493 0.27059805393219 -0.653281509876251 -0.70710676908493 0.353553384542465 -0.61237245798111 -0.70710676908493 0.122787803411484 -0.696364223957062 -0.70710676908493 -1.91020355635728E-16 -0.70710676908493 -0.70710676908493 0.122787803411484 -0.696364223957062 -0.70710676908493 -0.122787803411484 -0.696364223957062 -0.70710676908493 -0.27059805393219 -0.653281509876251 -0.70710676908493 -0.122787803411484 -0.696364223957062 -0.70710676908493 -0.353553384542465 -0.61237245798111 -0.70710676908493 -0.5 -0.5 -0.70710676908493 -0.353553384542465 -0.61237245798111 -0.70710676908493 -0.541675209999084 -0.454519480466843 -0.70710676908493 -0.653281509876251 -0.27059805393219 -0.70710676908493 -0.541675209999084 -0.454519480466843 -0.70710676908493 -0.664463043212891 -0.24184475839138 -0.70710676908493 -0.70710676908493 -2.74766185493405E-16 -0.70710676908493 -0.664463043212891 -0.24184475839138 -0.70710676908493 -0.70710676908493 -2.74766185493405E-16 -0.70710676908493 -0.664463043212891 0.24184475839138 -0.70710676908493 -0.664463043212891 0.24184475839138 -0.70710676908493 -0.653281509876251 0.27059805393219 -0.70710676908493 -0.541675209999084 0.454519480466843 -0.70710676908493 -0.5 0.5 -0.70710676908493 -0.541675209999084 0.454519480466843 -0.70710676908493 -0.353553384542465 0.61237245798111 -0.70710676908493 -0.27059805393219 0.653281509876251 -0.70710676908493 -0.353553384542465 0.61237245798111 -0.70710676908493 0.122787803411484 0.696364223957062 -0.70710676908493 0.27059805393219 0.653281509876251 -0.70710676908493 0.122787803411484 0.696364223957062 -0.70710676908493 0.353553384542465 0.61237245798111 -0.70710676908493 0.5 0.5 -0.70710676908493 0.353553384542465 0.61237245798111 -0.70710676908493 0.541675209999084 0.454519480466843 -0.70710676908493 0.653281509876251 0.27059805393219 -0.70710676908493 0.541675209999084 0.454519480466843 -0.70710676908493 0.664463043212891 0.24184475839138 -0.70710676908493 0.70710676908493 0 -0.70710676908493 0.664463043212891 0.24184475839138 -0.70710676908493 0.70710676908493 0 -0.70710676908493 -2.0720232452298E-16 0.70710676908493 -0.70710676908493 -0.122787803411484 0.696364223957062 -0.70710676908493 -0.122787803411484 0.696364223957062 -0.70710676908493 0.664463043212891 -0.24184475839138 -0.70710676908493 0.653281509876251 -0.27059805393219 -0.70710676908493 0.664463043212891 -0.24184475839138 -0.70710676908493 0.541675209999084 -0.454519480466843 -0.70710676908493 0.541675209999084 -0.454519480466843 -0.70710676908493 0.5 -0.5 -0.70710676908493 0.353553384542465 -0.61237245798111 -0.70710676908493 0.353553384542465 -0.61237245798111 -0.70710676908493 0.27059805393219 -0.653281509876251 -0.70710676908493 0.122787803411484 -0.696364223957062 -0.70710676908493 0.122787803411484 -0.696364223957062 -0.70710676908493 -1.91020355635728E-16 -0.70710676908493 -0.70710676908493 -0.122787803411484 -0.696364223957062 -0.70710676908493 -0.122787803411484 -0.696364223957062 -0.70710676908493 -0.27059805393219 -0.653281509876251 -0.70710676908493 -0.353553384542465 -0.61237245798111 -0.70710676908493 -0.353553384542465 -0.61237245798111 -0.70710676908493 -0.5 -0.5 -0.70710676908493 -0.541675209999084 -0.454519480466843 -0.70710676908493 -0.541675209999084 -0.454519480466843 -0.70710676908493 -0.653281509876251 -0.27059805393219 -0.70710676908493 -0.664463043212891 -0.24184475839138 -0.70710676908493 -0.664463043212891 -0.24184475839138 -0.70710676908493 -0.70710676908493 -2.74766185493405E-16 -0.70710676908493 -0.70710676908493 -2.74766185493405E-16 -0.70710676908493 -0.664463043212891 0.24184475839138 -0.70710676908493 -0.664463043212891 0.24184475839138 -0.70710676908493 -0.653281509876251 0.27059805393219 -0.70710676908493 -0.541675209999084 0.454519480466843 -0.70710676908493 -0.541675209999084 0.454519480466843 -0.70710676908493 -0.5 0.5 -0.70710676908493 -0.353553384542465 0.61237245798111 -0.70710676908493 -0.353553384542465 0.61237245798111 -0.70710676908493 -0.27059805393219 0.653281509876251 -0.70710676908493 -0.122787803411484 0.696364223957062 -0.70710676908493 -0.122787803411484 0.696364223957062 -0.70710676908493 -2.0720232452298E-16 0.70710676908493 -0.70710676908493 0.122787803411484 0.696364223957062 -0.70710676908493 0.122787803411484 0.696364223957062 -0.70710676908493 0.27059805393219 0.653281509876251 -0.70710676908493 0.353553384542465 0.61237245798111 -0.70710676908493 0.353553384542465 0.61237245798111 -0.70710676908493 0.5 0.5 -0.70710676908493 0.541675209999084 0.454519480466843 -0.70710676908493 0.541675209999084 0.454519480466843 -0.70710676908493 0.653281509876251 0.27059805393219 -0.70710676908493 0.664463043212891 0.24184475839138 -0.70710676908493 0.664463043212891 0.24184475839138 -0.70710676908493 0.70710676908493 0 -0.70710676908493 0.70710676908493 0 -0.70710676908493 0.541675209999084 -0.454519480466843 -0.70710676908493 0.5 -0.5 -0.70710676908493 0.541675209999084 -0.454519480466843 -0.70710676908493 0.353553384542465 -0.61237245798111 -0.70710676908493 0.27059805393219 -0.653281509876251 -0.70710676908493 0.353553384542465 -0.61237245798111 -0.70710676908493 0.122787803411484 -0.696364223957062 -0.70710676908493 -1.91020355635728E-16 -0.70710676908493 -0.70710676908493 0.122787803411484 -0.696364223957062 -0.70710676908493 -0.122787803411484 -0.696364223957062 -0.70710676908493 -0.27059805393219 -0.653281509876251 -0.70710676908493 -0.122787803411484 -0.696364223957062 -0.70710676908493 -0.353553384542465 -0.61237245798111 -0.70710676908493 -0.5 -0.5 -0.70710676908493 -0.353553384542465 -0.61237245798111 -0.70710676908493 -0.541675209999084 -0.454519480466843 -0.70710676908493 -0.653281509876251 -0.27059805393219 -0.70710676908493 -0.541675209999084 -0.454519480466843 -0.70710676908493 -0.664463043212891 -0.24184475839138 -0.70710676908493 -0.70710676908493 -2.74766185493405E-16 -0.70710676908493 -0.664463043212891 -0.24184475839138 -0.70710676908493 -0.70710676908493 -2.74766185493405E-16 -0.70710676908493 -0.664463043212891 0.24184475839138 -0.70710676908493 -0.664463043212891 0.24184475839138 -0.70710676908493 -0.653281509876251 0.27059805393219 -0.70710676908493 -0.541675209999084 0.454519480466843 -0.70710676908493 -0.5 0.5 -0.70710676908493 -0.541675209999084 0.454519480466843 -0.70710676908493 -0.353553384542465 0.61237245798111 -0.70710676908493 -0.27059805393219 0.653281509876251 -0.70710676908493 -0.353553384542465 0.61237245798111 -0.70710676908493 -0.122787803411484 0.696364223957062 -0.70710676908493 -2.0720232452298E-16 0.70710676908493 -0.70710676908493 -0.122787803411484 0.696364223957062 -0.70710676908493 0.122787803411484 0.696364223957062 -0.70710676908493 0.27059805393219 0.653281509876251 -0.70710676908493 0.122787803411484 0.696364223957062 -0.70710676908493 0.353553384542465 0.61237245798111 -0.70710676908493 0.5 0.5 -0.70710676908493 0.353553384542465 0.61237245798111 -0.70710676908493 0.541675209999084 0.454519480466843 -0.70710676908493 0.653281509876251 0.27059805393219 -0.70710676908493 0.541675209999084 0.454519480466843 -0.70710676908493 0.664463043212891 0.24184475839138 -0.70710676908493 0.70710676908493 0 -0.70710676908493 0.664463043212891 0.24184475839138 -0.70710676908493 0.70710676908493 0 -0.70710676908493 0.664463043212891 -0.24184475839138 -0.70710676908493 0.653281509876251 -0.27059805393219 -0.70710676908493 0.664463043212891 -0.24184475839138</float_array><technique_common><accessor count="1564" source="#bau0127665166-1-mesh-normals-array" stride="3"><param name="X" type="float" /><param name="Y" type="float" /><param name="Z" type="float" /></accessor></technique_common></source><vertices id="bau0127665166-1-mesh-vertices"><input semantic="POSITION" source="#bau0127665166-1-mesh-positions" /></vertices><triangles count="1504" material="ZincPlated-material"><input offset="0" semantic="VERTEX" source="#bau0127665166-1-mesh-vertices" /><input offset="1" semantic="NORMAL" source="#bau0127665166-1-mesh-normals" /><p>0 0 1 1 2 2 3 3 4 4 5 5 6 6 7 7 8 8 9 9 10 10 11 11 12 12 13 13 14 14 15 15 16 16 17 17 18 18 19 19 20 20 21 21 22 22 23 23 24 24 25 25 26 26 27 27 28 28 29 29 30 30 31 31 32 32 33 33 34 34 0 0 35 35 36 36 37 37 38 38 39 39 40 40 41 41 42 42 43 43 44 44 45 45 46 46 34 34 45 45 44 44 45 45 34 34 47 47 44 44 42 42 41 41 42 42 44 44 46 46 41 41 39 39 38 38 39 39 41 41 43 43 38 38 36 36 35 35 36 36 38 38 40 40 31 31 35 35 37 37 31 31 30 30 35 35 28 28 30 30 32 32 28 28 27 27 30 30 25 25 27 27 29 29 25 25 24 24 27 27 22 22 24 24 26 26 22 22 21 21 24 24 21 21 19 19 18 18 19 19 21 21 23 23 18 18 16 16 15 15 16 16 18 18 20 20 15 15 13 13 12 12 13 13 15 15 17 17 12 12 10 10 9 9 10 10 12 12 14 14 7 7 9 9 11 11 7 7 6 6 9 9 4 4 6 6 8 8 4 4 3 3 6 6 1 1 3 3 5 5 1 1 0 0 3 3 33 33 0 0 2 2 34 34 33 33 47 47 48 48 49 49 50 50 51 51 52 52 53 53 54 54 52 52 55 55 54 54 55 55 56 56 57 57 55 55 58 58 57 57 58 58 59 59 60 60 58 58 61 61 60 60 61 61 62 62 63 63 64 64 65 65 64 64 63 63 61 61 66 66 67 67 68 68 67 67 66 66 64 64 69 69 70 70 71 71 70 70 69 69 67 67 72 72 73 73 74 74 73 73 72 72 70 70 75 75 73 73 76 76 75 75 76 76 77 77 78 78 76 76 79 79 78 78 79 79 80 80 81 81 51 51 82 82 52 52 54 54 53 53 55 55 57 57 56 56 58 58 60 60 59 59 61 61 63 63 62 62 64 64 66 66 65 65 67 67 69 69 68 68 70 70 72 72 71 71 73 73 75 75 74 74 76 76 78 78 77 77 79 79 83 83 80 80 84 84 85 85 86 86 87 87 88 88 89 89 90 90 91 91 92 92 51 51 81 81 52 52 93 93 94 94 95 95 81 81 94 94 93 93 94 94 81 81 82 82 93 93 49 49 48 48 49 49 93 93 95 95 48 48 91 91 90 90 91 91 48 48 50 50 90 90 88 88 87 87 88 88 90 90 92 92 85 85 87 87 89 89 85 85 84 84 87 87 83 83 84 84 86 86 83 83 79 79 84 84 96 96 97 97 98 98 99 99 100 100 101 101 99 99 101 101 102 102 103 103 101 101 104 104 103 103 104 104 105 105 106 106 104 104 107 107 106 106 107 107 108 108 109 109 110 110 111 111 110 110 109 109 107 107 112 112 113 113 114 114 113 113 112 112 110 110 115 115 116 116 117 117 116 116 115 115 113 113 118 118 119 119 120 120 96 96 121 121 122 122 98 98 97 97 123 123 124 124 125 125 126 126 127 127 128 128 129 129 130 130 131 131 132 132 133 133 134 134 135 135 116 116 136 136 117 117 113 113 115 115 114 114 110 110 112 112 111 111 107 107 109 109 108 108 104 104 106 106 105 105 101 101 103 103 102 102 100 100 99 99 137 137 138 138 139 139 140 140 136 136 133 133 135 135 133 133 136 136 116 116 139 139 138 138 100 100 141 141 142 142 143 143 138 138 142 142 141 141 142 142 138 138 140 140 141 141 119 119 118 118 119 119 141 141 143 143 118 118 121 121 96 96 121 121 118 118 120 120 134 134 133 133 130 130 97 97 96 96 122 122 125 125 98 98 123 123 125 125 124 124 98 98 128 128 124 124 126 126 128 128 127 127 124 124 131 131 127 127 129 129 131 131 130 130 127 127 134 134 130 130 132 132 139 139 100 100 137 137 144 144 145 145 146 146 147 147 145 145 148 148 147 147 149 149 145 145 150 150 149 149 151 151 150 150 152 152 149 149 152 152 153 153 154 154 153 153 152 152 155 155 154 154 156 156 157 157 156 156 154 154 158 158 157 157 159 159 160 160 159 159 157 157 161 161 160 160 162 162 163 163 162 162 160 160 164 164 165 165 163 163 166 166 165 165 167 167 163 163 168 168 167 167 169 169 168 168 170 170 167 167 171 171 170 170 172 172 171 171 173 173 170 170 174 174 173 173 175 175 174 174 176 176 173 173 144 144 146 146 177 177 178 178 146 146 179 179 178 178 179 179 180 180 181 181 182 182 183 183 182 182 181 181 179 179 184 184 185 185 186 186 185 185 184 184 182 182 187 187 188 188 189 189 188 188 187 187 185 185 190 190 176 176 191 191 188 188 190 190 189 189 185 185 187 187 186 186 182 182 184 184 183 183 179 179 181 181 180 180 146 146 178 178 177 177 145 145 144 144 148 148 149 149 147 147 151 151 152 152 150 150 155 155 154 154 153 153 158 158 157 157 156 156 161 161 160 160 159 159 164 164 163 163 162 162 166 166 167 167 165 165 169 169 170 170 168 168 172 172 173 173 171 171 175 175 176 176 174 174 191 191 176 176 190 190 188 188 192 192 193 193 194 194 195 195 196 196 197 197 196 196 195 195 198 198 197 197 199 199 200 200 199 199 197 197 201 201 200 200 202 202 203 203 202 202 200 200 204 204 205 205 203 203 206 206 205 205 207 207 203 203 208 208 209 209 210 210 211 211 207 207 212 212 211 211 213 213 207 207 214 214 213 213 215 215 214 214 216 216 213 213 217 217 216 216 218 218 195 195 192 192 198 198 217 217 219 219 216 216 219 219 220 220 221 221 220 220 219 219 222 222 197 197 196 196 201 201 200 200 199 199 204 204 203 203 202 202 206 206 207 207 205 205 212 212 213 213 211 211 215 215 216 216 214 214 218 218 223 223 193 193 224 224 223 223 224 224 225 225 226 226 224 224 227 227 226 226 227 227 228 228 229 229 227 227 230 230 229 229 230 230 231 231 232 232 230 230 210 210 232 232 210 210 233 233 209 209 208 208 234 234 193 193 223 223 194 194 224 224 226 226 225 225 227 227 229 229 228 228 230 230 232 232 231 231 210 210 209 209 233 233 208 208 235 235 234 234 236 236 237 237 238 238 221 221 220 220 239 239 193 193 192 192 195 195 221 221 237 237 236 236 237 237 221 221 239 239 236 236 235 235 208 208 235 235 236 236 238 238 219 219 217 217 222 222 240 240 241 241 242 242 243 243 244 244 245 245 246 246 240 240 247 247 241 241 248 248 242 242 249 249 250 250 251 251 252 252 253 253 254 254 255 255 256 256 257 257 258 258 259 259 260 260 261 261 262 262 263 263 264 264 265 265 266 266 256 256 255 255 267 267 268 268 269 269 270 270 271 271 272 272 273 273 274 274 275 275 276 276 277 277 278 278 279 279 280 280 281 281 282 282 255 255 281 281 280 280 281 281 255 255 257 257 280 280 278 278 277 277 278 278 280 280 282 282 277 277 275 275 274 274 275 275 277 277 279 279 274 274 272 272 271 271 272 272 274 274 276 276 269 269 271 271 273 273 269 269 268 268 271 271 256 256 267 267 283 283 284 284 267 267 285 285 284 284 285 285 286 286 287 287 285 285 243 243 287 287 243 243 245 245 244 244 243 243 246 246 244 244 246 246 247 247 267 267 284 284 283 283 241 241 240 240 246 246 248 248 249 249 251 251 249 249 248 248 241 241 250 250 252 252 254 254 252 252 250 250 249 249 253 253 258 258 260 260 258 258 253 253 252 252 259 259 258 258 261 261 259 259 261 261 263 263 262 262 261 261 264 264 262 262 264 264 266 266 265 265 264 264 268 268 265 265 268 268 270 270 285 285 287 287 286 286 288 288 289 289 290 290 289 289 288 288 291 291 292 292 293 293 294 294 295 295 296 296 293 293 297 297 298 298 296 296 299 299 300 300 298 298 300 300 299 299 301 301 298 298 297 297 299 299 296 296 295 295 297 297 293 293 292 292 295 295 302 302 303 303 304 304 303 303 302 302 305 305 306 306 307 307 308 308 309 309 306 306 310 310 306 306 309 309 307 307 311 311 312 312 313 313 312 312 311 311 314 314 313 313 315 315 311 311 316 316 317 317 315 315 317 317 316 316 318 318 314 314 319 319 312 312 319 319 314 314 320 320 315 315 313 313 316 316 321 321 322 322 323 323 322 322 321 321 324 324 325 325 326 326 327 327 327 327 326 326 328 328 326 326 325 325 329 329 330 330 331 331 332 332 333 333 334 334 331 331 335 335 336 336 334 334 337 337 338 338 336 336 338 338 337 337 339 339 336 336 335 335 337 337 334 334 333 333 335 335 331 331 330 330 333 333 340 340 341 341 342 342 341 341 340 340 343 343 344 344 345 345 346 346 346 346 345 345 347 347 345 345 344 344 348 348 349 349 350 350 351 351 352 352 351 351 353 353 354 354 353 353 355 355 356 356 355 355 357 357 355 355 356 356 354 354 353 353 354 354 352 352 351 351 352 352 349 349 350 350 349 349 358 358 359 359 360 360 361 361 360 360 359 359 362 362 363 363 364 364 365 365 363 363 365 365 366 366 364 364 363 363 367 367 368 368 369 369 370 370 369 369 368 368 371 371 372 372 373 373 374 374 375 375 376 376 377 377 378 378 379 379 380 380 376 376 375 375 381 381 382 382 383 383 384 384 379 379 378 378 377 377 380 380 385 385 378 378 386 386 387 387 388 388 373 373 372 372 389 389 377 377 387 387 379 379 383 383 382 382 390 390 385 385 380 380 391 391 389 389 377 377 376 376 387 387 386 386 379 379 387 387 377 377 382 382 382 382 377 377 390 390 372 372 377 377 389 389 390 390 377 377 372 372 392 392 393 393 394 394 395 395 396 396 397 397 398 398 399 399 396 396 399 399 398 398 400 400 396 396 395 395 398 398 397 397 401 401 395 395 393 393 392 392 401 401 401 401 397 397 393 393 402 402 403 403 404 404 403 403 402 402 405 405 406 406 407 407 408 408 407 407 406 406 409 409 410 410 411 411 412 412 413 413 414 414 415 415 416 416 417 417 418 418 419 419 420 420 421 421 422 422 423 423 424 424 423 423 425 425 426 426 422 422 427 427 428 428 425 425 423 423 429 429 430 430 431 431 432 432 426 426 433 433 421 421 434 434 435 435 436 436 429 429 422 422 428 428 433 433 426 426 425 425 421 421 437 437 438 438 439 439 420 420 419 419 434 434 440 440 441 441 442 442 443 443 444 444 437 437 421 421 433 433 445 445 421 421 438 438 446 446 447 447 448 448 440 440 434 434 436 436 449 449 434 434 441 441 450 450 420 420 439 439 434 434 448 448 435 435 422 422 449 449 427 427 420 420 450 450 446 446 447 447 446 446 450 450 448 448 434 434 446 446 449 449 422 422 434 434 446 446 451 451 416 416 434 434 452 452 453 453 454 454 416 416 451 451 431 431 418 418 455 455 434 434 456 456 446 446 457 457 458 458 459 459 460 460 461 461 462 462 463 463 431 431 434 434 464 464 434 434 422 422 465 465 466 466 431 431 467 467 468 468 466 466 469 469 470 470 468 468 471 471 457 457 470 470 472 472 473 473 457 457 474 474 412 412 411 411 423 423 422 422 429 429 466 466 475 475 476 476 477 477 466 466 478 478 479 479 466 466 410 410 480 480 431 431 481 481 432 432 431 431 477 477 478 478 466 466 482 482 483 483 466 466 484 484 479 479 410 410 485 485 414 414 486 486 410 410 413 413 487 487 488 488 489 489 487 487 480 480 481 481 431 431 490 490 466 466 477 477 431 431 466 466 479 479 484 484 486 486 414 414 491 491 488 488 487 487 492 492 431 431 480 480 487 487 466 466 483 483 482 482 491 491 414 414 413 413 487 487 489 489 492 492 410 410 486 486 485 485 421 421 445 445 419 419 416 416 493 493 417 417 487 487 416 416 418 418 431 431 494 494 495 495 456 456 434 434 453 453 446 446 496 496 497 497 493 493 416 416 454 454 416 416 487 487 498 498 418 418 431 431 487 487 494 494 431 431 455 455 434 434 499 499 500 500 496 496 446 446 456 456 501 501 446 446 497 497 431 431 502 502 434 434 452 452 434 434 500 500 451 451 446 446 501 501 503 503 431 431 495 495 499 499 434 434 502 502 502 502 431 431 503 503 487 487 413 413 415 415 504 504 412 412 505 505 506 506 443 443 507 507 412 412 508 508 505 505 468 468 509 509 510 510 511 511 466 466 476 476 508 508 412 412 474 474 412 412 504 504 512 512 442 442 513 513 514 514 468 468 515 515 516 516 466 466 411 411 410 410 442 442 504 504 513 513 442 442 517 517 509 509 518 518 468 468 510 510 466 466 516 516 519 519 411 411 466 466 511 511 504 504 442 442 512 512 517 517 442 442 514 514 509 509 468 468 442 442 468 468 520 520 515 515 516 516 466 466 468 468 475 475 466 466 519 519 520 520 468 468 518 518 443 443 521 521 522 522 443 443 523 523 507 507 470 470 524 524 525 525 523 523 443 443 526 526 431 431 430 430 490 490 522 522 527 527 528 528 470 470 529 529 530 530 521 521 443 443 506 506 531 531 522 522 521 521 524 524 522 522 528 528 529 529 470 470 525 525 468 468 532 532 533 533 527 527 522 522 531 531 524 524 470 470 522 522 470 470 532 532 468 468 468 468 534 534 535 535 473 473 472 472 536 536 457 457 471 471 472 472 470 470 469 469 471 471 468 468 467 467 469 469 466 466 465 465 467 467 431 431 463 463 465 465 434 434 464 464 463 463 458 458 457 457 473 473 537 537 470 470 538 538 539 539 470 470 540 540 541 541 457 457 542 542 470 470 537 537 522 522 540 540 470 470 543 543 542 542 457 457 544 544 545 545 457 457 459 459 460 460 545 545 459 459 546 546 547 547 548 548 470 470 539 539 538 538 457 457 541 541 470 470 549 549 457 457 550 550 545 545 460 460 462 462 551 551 546 546 552 552 460 460 553 553 461 461 547 547 554 554 548 548 470 470 541 541 543 543 457 457 545 545 550 550 552 552 546 546 555 555 554 554 547 547 553 553 457 457 549 549 544 544 555 555 546 546 537 537 553 553 460 460 554 554 547 547 546 546 551 551 522 522 537 537 546 546 443 443 442 442 526 526 526 526 468 468 535 535 534 534 468 468 556 556 532 532 470 470 557 557 468 468 526 526 442 442 556 556 468 468 533 533 557 557 470 470 530 530 558 558 559 559 560 560 561 561 562 562 563 563 564 564 562 562 561 561 565 565 562 562 564 564 566 566 562 562 565 565 558 558 566 566 567 567 566 566 558 558 562 562 559 559 558 558 567 567 568 568 569 569 570 570 569 569 568 568 571 571 572 572 573 573 574 574 575 575 573 573 572 572 576 576 573 573 575 575 577 577 573 573 576 576 578 578 577 577 579 579 580 580 578 578 579 579 578 578 580 580 581 581 577 577 578 578 573 573 582 582 583 583 584 584 585 585 586 586 587 587 588 588 589 589 590 590 591 591 592 592 593 593 583 583 594 594 592 592 584 584 583 583 585 585 587 587 586 586 595 595 596 596 586 586 589 589 590 590 589 589 597 597 598 598 589 589 592 592 592 592 594 594 593 593 586 586 585 585 583 583 586 586 596 596 599 599 589 589 598 598 597 597 583 583 582 582 600 600 589 589 588 588 596 596 586 586 599 599 595 595 601 601 589 589 602 602 603 603 604 604 605 605 606 606 604 604 607 607 608 608 609 609 610 610 604 604 611 611 612 612 592 592 613 613 614 614 604 604 615 615 616 616 617 617 618 618 619 619 611 611 592 592 614 614 615 615 604 604 612 612 617 617 620 620 618 618 621 621 622 622 623 623 624 624 625 625 621 621 626 626 627 627 624 624 628 628 629 629 626 626 630 630 586 586 628 628 631 631 589 589 630 630 632 632 617 617 631 631 625 625 633 633 622 622 634 634 625 625 627 627 625 625 634 634 635 635 636 636 625 625 637 637 625 625 635 635 638 638 639 639 640 640 641 641 641 641 642 642 643 643 589 589 601 601 592 592 611 611 604 604 592 592 602 602 589 589 644 644 645 645 642 642 646 646 625 625 638 638 637 637 640 640 639 639 647 647 594 594 583 583 600 600 634 634 627 627 648 648 649 649 627 627 650 650 640 640 647 647 651 651 646 646 642 642 636 636 627 627 649 649 648 648 652 652 627 627 640 640 642 642 641 641 640 640 627 627 652 652 650 650 625 625 636 636 642 642 653 653 627 627 654 654 655 655 656 656 657 657 658 658 656 656 640 640 654 654 627 627 659 659 656 656 658 658 657 657 660 660 640 640 653 653 659 659 627 627 661 661 662 662 629 629 663 663 656 656 655 655 664 664 665 665 640 640 666 666 627 627 653 653 640 640 629 629 662 662 627 627 640 640 665 665 658 658 627 627 662 662 661 661 667 667 629 629 668 668 669 669 629 629 656 656 640 640 660 660 666 666 629 629 669 669 668 668 629 629 667 667 663 663 670 670 583 583 656 656 583 583 670 670 671 671 672 672 656 656 673 673 674 674 629 629 675 675 676 676 586 586 677 677 678 678 583 583 679 679 656 656 672 672 670 670 680 680 656 656 674 674 675 675 629 629 681 681 682 682 629 629 676 676 677 677 586 586 683 683 684 684 586 586 583 583 583 583 671 671 679 679 629 629 674 674 656 656 586 586 676 676 629 629 586 586 684 684 685 685 656 656 680 680 673 673 617 617 686 686 620 620 589 589 619 619 687 687 688 688 592 592 601 601 617 617 689 689 686 686 690 690 592 592 591 591 605 605 617 617 691 691 692 692 617 617 693 693 610 610 609 609 606 606 607 607 604 604 694 694 604 604 603 603 695 695 617 617 692 692 691 691 696 696 697 697 698 698 699 699 697 697 700 700 700 700 609 609 701 701 604 604 606 606 609 609 617 617 605 605 604 604 697 697 696 696 617 617 609 609 700 700 697 697 604 604 695 695 694 694 697 697 699 699 698 698 642 642 645 645 643 643 629 629 682 682 681 681 622 622 621 621 625 625 625 625 624 624 627 627 627 627 626 626 629 629 629 629 628 628 586 586 586 586 630 630 589 589 589 589 631 631 617 617 617 617 632 632 697 697 633 633 625 625 642 642 640 640 651 651 652 652 656 656 664 664 669 669 583 583 678 678 684 684 592 592 690 690 598 598 604 604 616 616 689 689 609 609 608 608 701 701 586 586 685 685 683 683 689 689 617 617 604 604 613 613 592 592 688 688 644 644 589 589 687 687 619 619 589 589 617 617 617 617 696 696 693 693 702 702 703 703 704 704 705 705 706 706 702 702 707 707 708 708 705 705 709 709 710 710 707 707 711 711 712 712 713 713 713 713 712 712 714 714 715 715 712 712 709 709 712 712 715 715 714 714 715 715 709 709 716 716 716 716 709 709 717 717 717 717 709 709 718 718 712 712 711 711 719 719 710 710 709 709 712 712 708 708 707 707 710 710 706 706 705 705 708 708 703 703 702 702 706 706 720 720 721 721 722 722 723 723 724 724 725 725 724 724 723 723 726 726 727 727 728 728 729 729 730 730 731 731 732 732 727 727 733 733 720 720 731 731 723 723 725 725 727 727 734 734 728 728 735 735 727 727 729 729 736 736 720 720 733 733 731 731 730 730 723 723 730 730 734 734 727 727 733 733 727 727 735 735 721 721 720 720 736 736 737 737 730 730 732 732 734 734 730 730 737 737 738 738 739 739 740 740 739 739 738 738 741 741 742 742 743 743 744 744 744 744 745 745 746 746 747 747 748 748 743 743 745 745 744 744 743 743 749 749 750 750 751 751 752 752 750 750 753 753 747 747 743 743 754 754 746 746 745 745 755 755 756 756 745 745 749 749 750 750 752 752 751 751 743 743 742 742 754 754 750 750 749 749 745 745 757 757 748 748 758 758 745 745 756 756 755 755 748 748 747 747 758 758 748 748 757 757 759 759 760 760 761 761 762 762 763 763 764 764 765 765 766 766 767 767 768 768 761 761 769 769 770 770 767 767 766 766 771 771 772 772 773 773 774 774 775 775 769 769 761 761 761 761 760 760 775 775 776 776 777 777 773 773 778 778 779 779 780 780 769 769 775 775 781 781 782 782 768 768 777 777 772 772 774 774 778 778 779 779 778 778 774 774 780 780 763 763 765 765 768 768 782 782 766 766 777 777 776 776 782 782 773 773 772 772 776 776 763 763 780 780 779 779 764 764 763 763 775 775 764 764 775 775 760 760 783 783 784 784 785 785 786 786 787 787 788 788 787 787 786 786 789 789 790 790 791 791 792 792 791 791 787 787 793 793 784 784 783 783 794 794 791 791 790 790 787 787 795 795 796 796 797 797 798 798 794 794 783 783 796 796 788 788 790 790 799 799 797 797 800 800 790 790 788 788 787 787 796 796 795 795 801 801 785 785 802 802 803 803 803 803 804 804 800 800 802 802 785 785 784 784 804 804 803 803 802 802 788 788 796 796 801 801 800 800 804 804 799 799 797 797 799 799 795 795 794 794 798 798 805 805 806 806 807 807 808 808 807 807 806 806 809 809 810 810 811 811 812 812 813 813 812 812 814 814 815 815 816 816 817 817 818 818 819 819 816 816 820 820 814 814 821 821 822 822 821 821 823 823 821 821 822 822 820 820 814 814 820 820 813 813 812 812 813 813 810 810 819 819 818 818 824 824 816 816 815 815 818 818 811 811 810 810 825 825 817 817 825 825 815 815 825 825 817 817 811 811 826 826 827 827 828 828 829 829 830 830 831 831 832 832 826 826 833 833 834 834 835 835 836 836 837 837 835 835 838 838 826 826 832 832 827 827 826 826 838 838 833 833 835 835 837 837 836 836 839 839 840 840 841 841 838 838 826 826 837 837 835 835 829 829 831 831 840 840 839 839 829 829 835 835 834 834 829 829 829 829 839 839 830 830 842 842 843 843 844 844 845 845 842 842 846 846 842 842 847 847 848 848 847 847 842 842 844 844 849 849 850 850 851 851 847 847 852 852 848 848 853 853 854 854 855 855 843 843 842 842 845 845 847 847 854 854 856 856 850 850 854 854 853 853 854 854 847 847 857 857 852 852 847 847 856 856 850 850 849 849 854 854 854 854 857 857 855 855 858 858 859 859 860 860 859 859 861 861 862 862 859 859 858 858 861 861 863 863 864 864 865 865 866 866 865 865 867 867 868 868 867 867 869 869 870 870 869 869 871 871 872 872 871 871 873 873 874 874 873 873 875 875 876 876 875 875 877 877 875 875 876 876 874 874 873 873 874 874 872 872 871 871 872 872 870 870 869 869 870 870 868 868 867 867 868 868 866 866 865 865 866 866 863 863 864 864 863 863 878 878 879 879 880 880 881 881 882 882 883 883 884 884 885 885 883 883 886 886 880 880 879 879 887 887 880 880 886 886 881 881 883 883 885 885 884 884 888 888 889 889 890 890 886 886 880 880 885 885 883 883 891 891 892 892 889 889 888 888 891 891 883 883 882 882 891 891 891 891 888 888 893 893 891 891 893 893 892 892 880 880 887 887 894 894 895 895 896 896 897 897 898 898 899 899 900 900 897 897 899 899 901 901 895 895 897 897 902 902 896 896 895 895 903 903 899 899 904 904 905 905 904 904 906 906 905 905 897 897 901 901 907 907 908 908 904 904 909 909 904 904 899 899 910 910 899 899 898 898 910 910 902 902 897 897 907 907 906 906 904 904 908 908 899 899 897 897 900 900 911 911 912 912 913 913 913 913 912 912 914 914 912 912 911 911 915 915 916 916 917 917 918 918 919 919 920 920 917 917 921 921 922 922 923 923 924 924 925 925 926 926 927 927 928 928 925 925 929 929 930 930 928 928 922 922 921 921 930 930 923 923 931 931 921 921 920 920 919 919 931 931 917 917 916 916 919 919 930 930 929 929 922 922 928 928 927 927 929 929 931 931 923 923 920 920 925 925 924 924 927 927 932 932 933 933 934 934 935 935 932 932 936 936 937 937 938 938 939 939 937 937 940 940 938 938 941 941 942 942 937 937 943 943 940 940 937 937 941 941 937 937 939 939 944 944 932 932 945 945 940 940 943 943 946 946 941 941 945 945 947 947 932 932 944 944 936 936 942 942 941 941 947 947 945 945 941 941 944 944 932 932 935 935 933 933 948 948 949 949 950 950 951 951 952 952 953 953 952 952 954 954 953 953 955 955 956 956 957 957 958 958 952 952 959 959 952 952 951 951 960 960 951 951 961 961 960 960 962 962 955 955 957 957 954 954 952 952 958 958 951 951 955 955 963 963 949 949 955 955 962 962 955 955 951 951 956 956 961 961 951 951 963 963 949 949 948 948 955 955 964 964 965 965 966 966 965 965 964 964 967 967 968 968 969 969 970 970 971 971 970 970 972 972 973 973 972 972 974 974 975 975 974 974 976 976 977 977 976 976 978 978 979 979 978 978 980 980 978 978 979 979 977 977 976 976 977 977 975 975 974 974 975 975 973 973 972 972 973 973 971 971 970 970 971 971 968 968 969 969 968 968 981 981 982 982 981 981 983 983 981 981 982 982 969 969 984 984 985 985 986 986 987 987 985 985 988 988 989 989 990 990 991 991 989 989 988 988 992 992 985 985 987 987 986 986 993 993 994 994 995 995 988 988 989 989 987 987 985 985 996 996 997 997 994 994 993 993 996 996 985 985 984 984 996 996 996 996 993 993 998 998 996 996 998 998 997 997 990 990 989 989 992 992 989 989 991 991 999 999 1000 1000 1001 1001 1002 1002 1003 1003 1001 1001 1004 1004 1001 1001 1000 1000 1004 1004 1005 1005 1006 1006 1007 1007 1002 1002 1001 1001 1008 1008 1001 1001 1003 1003 1009 1009 1003 1003 1010 1010 1009 1009 1011 1011 1005 1005 1007 1007 1003 1003 1005 1005 1012 1012 1013 1013 1005 1005 1011 1011 1005 1005 1003 1003 1006 1006 1010 1010 1003 1003 1012 1012 1013 1013 1014 1014 1005 1005 1014 1014 1013 1013 1015 1015 1016 1016 1017 1017 1018 1018 1017 1017 1016 1016 1019 1019 1020 1020 1021 1021 1022 1022 1023 1023 1022 1022 1024 1024 1025 1025 1024 1024 1026 1026 1027 1027 1026 1026 1028 1028 1029 1029 1028 1028 1030 1030 1031 1031 1030 1030 1032 1032 1030 1030 1031 1031 1029 1029 1033 1033 1032 1032 1034 1034 1035 1035 1034 1034 1036 1036 1037 1037 1036 1036 1038 1038 1039 1039 1038 1038 1040 1040 1038 1038 1039 1039 1037 1037 1036 1036 1037 1037 1035 1035 1034 1034 1035 1035 1033 1033 1041 1041 1042 1042 1021 1021 1028 1028 1029 1029 1027 1027 1026 1026 1027 1027 1025 1025 1042 1042 1041 1041 1043 1043 1021 1021 1020 1020 1041 1041 1022 1022 1023 1023 1020 1020 1024 1024 1025 1025 1023 1023 1032 1032 1033 1033 1031 1031 1044 1044 1045 1045 1046 1046 1045 1045 1044 1044 1047 1047 1048 1048 1049 1049 1050 1050 1051 1051 1050 1050 1052 1052 1053 1053 1052 1052 1054 1054 1055 1055 1054 1054 1056 1056 1057 1057 1056 1056 1058 1058 1059 1059 1060 1060 1049 1049 1061 1061 1062 1062 1063 1063 1064 1064 1063 1063 1065 1065 1066 1066 1067 1067 1068 1068 1069 1069 1070 1070 1067 1067 1071 1071 1072 1072 1070 1070 1073 1073 1074 1074 1072 1072 1075 1075 1058 1058 1062 1062 1076 1076 1077 1077 1060 1060 1063 1063 1064 1064 1061 1061 1062 1062 1061 1061 1075 1075 1078 1078 1079 1079 1074 1074 1080 1080 1081 1081 1079 1079 1082 1082 1065 1065 1081 1081 1065 1065 1082 1082 1064 1064 1081 1081 1080 1080 1082 1082 1079 1079 1078 1078 1080 1080 1074 1074 1073 1073 1078 1078 1072 1072 1071 1071 1073 1073 1070 1070 1069 1069 1071 1071 1067 1067 1066 1066 1069 1069 1068 1068 1083 1083 1066 1066 1077 1077 1076 1076 1083 1083 1060 1060 1059 1059 1076 1076 1049 1049 1048 1048 1059 1059 1050 1050 1051 1051 1048 1048 1052 1052 1053 1053 1051 1051 1054 1054 1055 1055 1053 1053 1056 1056 1057 1057 1055 1055 1083 1083 1068 1068 1077 1077 1058 1058 1075 1075 1057 1057 1084 1084 1085 1085 1086 1086 1087 1087 1086 1086 1088 1088 1089 1089 1088 1088 1090 1090 1091 1091 1090 1090 1092 1092 1093 1093 1092 1092 1094 1094 1095 1095 1094 1094 1096 1096 1097 1097 1096 1096 1098 1098 1099 1099 1098 1098 1100 1100 1101 1101 1102 1102 1103 1103 1104 1104 1105 1105 1102 1102 1106 1106 1107 1107 1105 1105 1108 1108 1109 1109 1107 1107 1110 1110 1111 1111 1109 1109 1112 1112 1113 1113 1111 1111 1114 1114 1115 1115 1113 1113 1116 1116 1117 1117 1115 1115 1118 1118 1100 1100 1117 1117 1100 1100 1118 1118 1099 1099 1117 1117 1116 1116 1118 1118 1115 1115 1114 1114 1116 1116 1113 1113 1112 1112 1114 1114 1111 1111 1110 1110 1112 1112 1109 1109 1108 1108 1110 1110 1107 1107 1106 1106 1108 1108 1105 1105 1104 1104 1106 1106 1102 1102 1101 1101 1104 1104 1103 1103 1119 1119 1101 1101 1085 1085 1084 1084 1119 1119 1086 1086 1087 1087 1084 1084 1088 1088 1089 1089 1087 1087 1090 1090 1091 1091 1089 1089 1092 1092 1093 1093 1091 1091 1094 1094 1095 1095 1093 1093 1096 1096 1097 1097 1095 1095 1098 1098 1099 1099 1097 1097 1119 1119 1103 1103 1085 1085 1120 1120 1121 1121 1122 1122 1123 1123 1124 1124 1125 1125 1126 1126 1127 1127 1124 1124 1128 1128 1129 1129 1127 1127 1130 1130 1131 1131 1129 1129 1132 1132 1133 1133 1131 1131 1134 1134 1135 1135 1133 1133 1125 1125 1136 1136 1123 1123 1124 1124 1123 1123 1126 1126 1127 1127 1126 1126 1128 1128 1129 1129 1128 1128 1130 1130 1131 1131 1130 1130 1132 1132 1133 1133 1132 1132 1134 1134 1135 1135 1134 1134 1137 1137 1138 1138 1137 1137 1139 1139 1140 1140 1139 1139 1141 1141 1142 1142 1141 1141 1143 1143 1144 1144 1143 1143 1145 1145 1146 1146 1145 1145 1147 1147 1148 1148 1147 1147 1149 1149 1150 1150 1149 1149 1121 1121 1136 1136 1125 1125 1151 1151 1152 1152 1122 1122 1153 1153 1154 1154 1153 1153 1155 1155 1151 1151 1155 1155 1136 1136 1155 1155 1151 1151 1154 1154 1153 1153 1154 1154 1152 1152 1122 1122 1152 1152 1120 1120 1121 1121 1120 1120 1150 1150 1149 1149 1150 1150 1148 1148 1147 1147 1148 1148 1146 1146 1145 1145 1146 1146 1144 1144 1143 1143 1144 1144 1142 1142 1141 1141 1142 1142 1140 1140 1139 1139 1140 1140 1138 1138 1137 1137 1138 1138 1135 1135 1156 1156 1157 1157 1158 1158 1159 1159 1158 1158 1160 1160 1161 1161 1160 1160 1162 1162 1163 1163 1162 1162 1164 1164 1165 1165 1164 1164 1166 1166 1167 1167 1166 1166 1168 1168 1169 1169 1170 1170 1157 1157 1171 1171 1172 1172 1173 1173 1174 1174 1173 1173 1175 1175 1176 1176 1175 1175 1177 1177 1178 1178 1179 1179 1180 1180 1181 1181 1182 1182 1179 1179 1183 1183 1184 1184 1182 1182 1185 1185 1186 1186 1184 1184 1187 1187 1188 1188 1186 1186 1189 1189 1168 1168 1188 1188 1168 1168 1189 1189 1167 1167 1190 1190 1180 1180 1172 1172 1188 1188 1187 1187 1189 1189 1186 1186 1185 1185 1187 1187 1184 1184 1183 1183 1185 1185 1182 1182 1181 1181 1183 1183 1179 1179 1178 1178 1181 1181 1180 1180 1190 1190 1178 1178 1172 1172 1171 1171 1190 1190 1173 1173 1174 1174 1171 1171 1175 1175 1176 1176 1174 1174 1177 1177 1191 1191 1176 1176 1170 1170 1169 1169 1191 1191 1157 1157 1156 1156 1169 1169 1158 1158 1159 1159 1156 1156 1160 1160 1161 1161 1159 1159 1162 1162 1163 1163 1161 1161 1164 1164 1165 1165 1163 1163 1166 1166 1167 1167 1165 1165 1191 1191 1177 1177 1170 1170 1192 1192 1193 1193 1194 1194 1195 1195 1196 1196 1197 1197 1198 1198 1197 1197 1199 1199 1200 1200 1199 1199 1201 1201 1202 1202 1201 1201 1203 1203 1204 1204 1203 1203 1205 1205 1206 1206 1205 1205 1207 1207 1208 1208 1209 1209 1193 1193 1210 1210 1211 1211 1209 1209 1212 1212 1213 1213 1211 1211 1214 1214 1215 1215 1213 1213 1216 1216 1217 1217 1215 1215 1218 1218 1219 1219 1217 1217 1220 1220 1221 1221 1219 1219 1222 1222 1223 1223 1221 1221 1224 1224 1225 1225 1223 1223 1226 1226 1207 1207 1225 1225 1207 1207 1226 1226 1206 1206 1225 1225 1224 1224 1226 1226 1223 1223 1222 1222 1224 1224 1221 1221 1220 1220 1222 1222 1219 1219 1218 1218 1220 1220 1217 1217 1216 1216 1218 1218 1215 1215 1214 1214 1216 1216 1211 1211 1210 1210 1212 1212 1209 1209 1208 1208 1210 1210 1193 1193 1192 1192 1208 1208 1194 1194 1227 1227 1192 1192 1196 1196 1195 1195 1227 1227 1197 1197 1198 1198 1195 1195 1199 1199 1200 1200 1198 1198 1201 1201 1202 1202 1200 1200 1203 1203 1204 1204 1202 1202 1205 1205 1206 1206 1204 1204 1213 1213 1212 1212 1214 1214 1227 1227 1194 1194 1196 1196 1228 1228 1229 1229 1230 1230 1231 1231 1230 1230 1232 1232 1233 1233 1232 1232 1234 1234 1235 1235 1234 1234 1236 1236 1237 1237 1236 1236 1238 1238 1239 1239 1238 1238 1240 1240 1238 1238 1239 1239 1237 1237 1236 1236 1237 1237 1235 1235 1234 1234 1235 1235 1233 1233 1232 1232 1233 1233 1231 1231 1230 1230 1231 1231 1228 1228 1229 1229 1228 1228 1241 1241 1242 1242 1241 1241 1243 1243 1244 1244 1243 1243 1245 1245 1246 1246 1245 1245 1247 1247 1248 1248 1247 1247 1249 1249 1250 1250 1249 1249 1251 1251 1252 1252 1251 1251 1253 1253 1254 1254 1253 1253 1255 1255 1256 1256 1255 1255 1257 1257 1258 1258 1257 1257 1259 1259 1260 1260 1259 1259 1261 1261 1262 1262 1261 1261 1263 1263 1243 1243 1244 1244 1242 1242 1245 1245 1246 1246 1244 1244 1247 1247 1248 1248 1246 1246 1249 1249 1250 1250 1248 1248 1251 1251 1252 1252 1250 1250 1263 1263 1240 1240 1262 1262 1261 1261 1262 1262 1260 1260 1259 1259 1260 1260 1258 1258 1257 1257 1258 1258 1256 1256 1255 1255 1256 1256 1254 1254 1253 1253 1254 1254 1252 1252 1241 1241 1242 1242 1229 1229 1240 1240 1263 1263 1239 1239 1264 1264 1265 1265 1266 1266 1267 1267 1268 1268 1269 1269 1268 1268 1267 1267 1266 1266 1270 1270 1271 1271 1272 1272 1271 1271 1270 1270 1268 1268 1273 1273 1274 1274 1275 1275 1274 1274 1273 1273 1271 1271 1276 1276 1274 1274 1277 1277 1276 1276 1277 1277 1278 1278 1279 1279 1277 1277 1280 1280 1279 1279 1280 1280 1281 1281 1282 1282 1280 1280 1283 1283 1282 1282 1283 1283 1284 1284 1285 1285 1283 1283 1286 1286 1285 1285 1286 1286 1287 1287 1288 1288 1286 1286 1289 1289 1290 1290 1289 1289 1291 1291 1292 1292 1293 1293 1294 1294 1293 1293 1292 1292 1291 1291 1295 1295 1296 1296 1297 1297 1296 1296 1295 1295 1293 1293 1298 1298 1299 1299 1300 1300 1299 1299 1298 1298 1296 1296 1301 1301 1299 1299 1302 1302 1301 1301 1302 1302 1303 1303 1304 1304 1302 1302 1305 1305 1304 1304 1305 1305 1306 1306 1307 1307 1305 1305 1308 1308 1307 1307 1308 1308 1309 1309 1265 1265 1264 1264 1310 1310 1266 1266 1267 1267 1264 1264 1268 1268 1270 1270 1269 1269 1271 1271 1273 1273 1272 1272 1274 1274 1276 1276 1275 1275 1277 1277 1279 1279 1278 1278 1280 1280 1282 1282 1281 1281 1283 1283 1285 1285 1284 1284 1286 1286 1288 1288 1287 1287 1289 1289 1290 1290 1288 1288 1291 1291 1292 1292 1290 1290 1311 1311 1308 1308 1312 1312 1296 1296 1298 1298 1297 1297 1299 1299 1301 1301 1300 1300 1302 1302 1304 1304 1303 1303 1305 1305 1307 1307 1306 1306 1308 1308 1311 1311 1309 1309 1312 1312 1310 1310 1313 1313 1310 1310 1312 1312 1265 1265 1311 1311 1312 1312 1313 1313 1293 1293 1295 1295 1294 1294 1314 1314 1315 1315 1316 1316 1317 1317 1318 1318 1319 1319 1318 1318 1317 1317 1316 1316 1320 1320 1321 1321 1322 1322 1321 1321 1320 1320 1318 1318 1323 1323 1324 1324 1321 1321 1325 1325 1323 1323 1326 1326 1325 1325 1326 1326 1327 1327 1328 1328 1326 1326 1329 1329 1328 1328 1329 1329 1330 1330 1331 1331 1329 1329 1332 1332 1331 1331 1332 1332 1333 1333 1334 1334 1332 1332 1335 1335 1334 1334 1335 1335 1336 1336 1337 1337 1335 1335 1338 1338 1339 1339 1338 1338 1340 1340 1341 1341 1342 1342 1343 1343 1342 1342 1341 1341 1340 1340 1344 1344 1345 1345 1346 1346 1345 1345 1344 1344 1342 1342 1347 1347 1348 1348 1349 1349 1348 1348 1347 1347 1345 1345 1350 1350 1348 1348 1351 1351 1350 1350 1351 1351 1352 1352 1353 1353 1351 1351 1354 1354 1353 1353 1354 1354 1355 1355 1356 1356 1354 1354 1357 1357 1356 1356 1357 1357 1358 1358 1359 1359 1357 1357 1360 1360 1359 1359 1360 1360 1361 1361 1362 1362 1360 1360 1315 1315 1360 1360 1362 1362 1361 1361 1357 1357 1359 1359 1358 1358 1354 1354 1356 1356 1355 1355 1351 1351 1353 1353 1352 1352 1348 1348 1350 1350 1349 1349 1345 1345 1347 1347 1346 1346 1315 1315 1314 1314 1362 1362 1316 1316 1317 1317 1314 1314 1318 1318 1320 1320 1319 1319 1321 1321 1324 1324 1322 1322 1323 1323 1325 1325 1363 1363 1326 1326 1328 1328 1327 1327 1329 1329 1331 1331 1330 1330 1332 1332 1334 1334 1333 1333 1335 1335 1337 1337 1336 1336 1338 1338 1339 1339 1337 1337 1340 1340 1341 1341 1339 1339 1342 1342 1344 1344 1343 1343 1324 1324 1323 1323 1363 1363 1364 1364 1365 1365 1366 1366 1367 1367 1368 1368 1369 1369 1370 1370 1371 1371 1372 1372 1373 1373 1374 1374 1375 1375 1376 1376 1377 1377 1378 1378 1379 1379 1380 1380 1381 1381 1382 1382 1383 1383 1384 1384 1385 1385 1386 1386 1387 1387 1388 1388 1387 1387 1389 1389 1390 1390 1391 1391 1365 1365 1392 1392 1393 1393 1391 1391 1394 1394 1395 1395 1396 1396 1397 1397 1398 1398 1399 1399 1400 1400 1401 1401 1402 1402 1393 1393 1394 1394 1396 1396 1391 1391 1390 1390 1392 1392 1365 1365 1364 1364 1390 1390 1368 1368 1364 1364 1366 1366 1368 1368 1367 1367 1364 1364 1371 1371 1367 1367 1369 1369 1371 1371 1370 1370 1367 1367 1374 1374 1370 1370 1372 1372 1374 1374 1373 1373 1370 1370 1377 1377 1373 1373 1375 1375 1377 1377 1376 1376 1373 1373 1376 1376 1380 1380 1379 1379 1380 1380 1376 1376 1378 1378 1379 1379 1383 1383 1382 1382 1403 1403 1404 1404 1405 1405 1406 1406 1407 1407 1408 1408 1409 1409 1410 1410 1411 1411 1412 1412 1389 1389 1413 1413 1389 1389 1412 1412 1388 1388 1410 1410 1412 1412 1413 1413 1410 1410 1409 1409 1412 1412 1407 1407 1409 1409 1411 1411 1407 1407 1406 1406 1409 1409 1404 1404 1406 1406 1408 1408 1404 1404 1403 1403 1406 1406 1401 1401 1403 1403 1405 1405 1401 1401 1400 1400 1403 1403 1400 1400 1398 1398 1397 1397 1398 1398 1400 1400 1402 1402 1397 1397 1395 1395 1394 1394 1395 1395 1397 1397 1399 1399 1383 1383 1379 1379 1381 1381 1382 1382 1386 1386 1385 1385 1386 1386 1382 1382 1384 1384 1387 1387 1388 1388 1385 1385 1394 1394 1393 1393 1392 1392 1414 1414 1415 1415 1416 1416 1417 1417 1418 1418 1419 1419 1420 1420 1421 1421 1422 1422 1423 1423 1424 1424 1425 1425 1426 1426 1427 1427 1428 1428 1429 1429 1430 1430 1431 1431 1432 1432 1433 1433 1434 1434 1435 1435 1436 1436 1437 1437 1438 1438 1439 1439 1436 1436 1440 1440 1441 1441 1439 1439 1442 1442 1443 1443 1444 1444 1445 1445 1446 1446 1447 1447 1448 1448 1449 1449 1450 1450 1451 1451 1452 1452 1453 1453 1454 1454 1455 1455 1456 1456 1457 1457 1458 1458 1459 1459 1458 1458 1457 1457 1460 1460 1455 1455 1457 1457 1459 1459 1455 1455 1454 1454 1457 1457 1452 1452 1454 1454 1456 1456 1452 1452 1451 1451 1454 1454 1449 1449 1451 1451 1453 1453 1449 1449 1448 1448 1451 1451 1461 1461 1448 1448 1450 1450 1461 1461 1462 1462 1448 1448 1462 1462 1446 1446 1445 1445 1446 1446 1462 1462 1463 1463 1445 1445 1443 1443 1442 1442 1443 1443 1445 1445 1447 1447 1442 1442 1441 1441 1440 1440 1441 1441 1442 1442 1444 1444 1439 1439 1438 1438 1440 1440 1436 1436 1435 1435 1438 1438 1433 1433 1435 1435 1437 1437 1433 1433 1432 1432 1435 1435 1430 1430 1432 1432 1434 1434 1430 1430 1429 1429 1432 1432 1427 1427 1429 1429 1431 1431 1427 1427 1426 1426 1429 1429 1424 1424 1426 1426 1428 1428 1424 1424 1423 1423 1426 1426 1423 1423 1421 1421 1420 1420 1421 1421 1423 1423 1425 1425 1420 1420 1418 1418 1417 1417 1418 1418 1420 1420 1422 1422 1417 1417 1415 1415 1414 1414 1415 1415 1417 1417 1419 1419 1462 1462 1461 1461 1463 1463 1460 1460 1416 1416 1458 1458 1416 1416 1460 1460 1414 1414 1464 1464 1465 1465 1466 1466 1465 1465 1467 1467 1468 1468 1467 1467 1465 1465 1464 1464 1469 1469 1470 1470 1471 1471 1470 1470 1469 1469 1467 1467 1472 1472 1473 1473 1474 1474 1473 1473 1472 1472 1470 1470 1475 1475 1473 1473 1476 1476 1475 1475 1476 1476 1477 1477 1478 1478 1476 1476 1479 1479 1478 1478 1479 1479 1480 1480 1481 1481 1479 1479 1482 1482 1481 1481 1482 1482 1483 1483 1484 1484 1482 1482 1485 1485 1484 1484 1485 1485 1486 1486 1487 1487 1485 1485 1488 1488 1489 1489 1488 1488 1490 1490 1491 1491 1492 1492 1493 1493 1492 1492 1491 1491 1490 1490 1494 1494 1495 1495 1496 1496 1495 1495 1494 1494 1492 1492 1497 1497 1498 1498 1499 1499 1498 1498 1497 1497 1495 1495 1500 1500 1498 1498 1501 1501 1500 1500 1501 1501 1502 1502 1503 1503 1501 1501 1504 1504 1503 1503 1504 1504 1505 1505 1506 1506 1504 1504 1507 1507 1506 1506 1507 1507 1508 1508 1509 1509 1507 1507 1510 1510 1509 1509 1510 1510 1511 1511 1512 1512 1510 1510 1513 1513 1510 1510 1512 1512 1511 1511 1507 1507 1509 1509 1508 1508 1504 1504 1506 1506 1505 1505 1501 1501 1503 1503 1502 1502 1498 1498 1500 1500 1499 1499 1495 1495 1497 1497 1496 1496 1492 1492 1494 1494 1493 1493 1490 1490 1491 1491 1489 1489 1488 1488 1489 1489 1487 1487 1485 1485 1487 1487 1486 1486 1482 1482 1484 1484 1483 1483 1479 1479 1481 1481 1480 1480 1476 1476 1478 1478 1477 1477 1473 1473 1475 1475 1474 1474 1470 1470 1472 1472 1471 1471 1467 1467 1469 1469 1468 1468 1513 1513 1466 1466 1512 1512 1466 1466 1513 1513 1464 1464 1514 1514 1515 1515 1516 1516 1517 1517 1518 1518 1519 1519 1520 1520 1521 1521 1522 1522 1523 1523 1524 1524 1525 1525 1526 1526 1527 1527 1528 1528 1529 1529 1530 1530 1531 1531 1532 1532 1533 1533 1534 1534 1535 1535 1536 1536 1533 1533 1537 1537 1538 1538 1536 1536 1539 1539 1540 1540 1541 1541 1542 1542 1543 1543 1544 1544 1545 1545 1546 1546 1547 1547 1548 1548 1549 1549 1550 1550 1551 1551 1552 1552 1553 1553 1554 1554 1555 1555 1556 1556 1557 1557 1558 1558 1559 1559 1558 1558 1557 1557 1560 1560 1555 1555 1557 1557 1559 1559 1555 1555 1554 1554 1557 1557 1552 1552 1554 1554 1556 1556 1552 1552 1551 1551 1554 1554 1549 1549 1551 1551 1553 1553 1549 1549 1548 1548 1551 1551 1548 1548 1546 1546 1545 1545 1561 1561 1562 1562 1563 1563 1545 1545 1543 1543 1542 1542 1543 1543 1545 1545 1547 1547 1542 1542 1540 1540 1539 1539 1540 1540 1542 1542 1544 1544 1539 1539 1538 1538 1537 1537 1538 1538 1539 1539 1541 1541 1536 1536 1535 1535 1537 1537 1533 1533 1532 1532 1535 1535 1530 1530 1532 1532 1534 1534 1530 1530 1529 1529 1532 1532 1527 1527 1529 1529 1531 1531 1527 1527 1526 1526 1529 1529 1524 1524 1526 1526 1528 1528 1524 1524 1523 1523 1526 1526 1521 1521 1523 1523 1525 1525 1521 1521 1520 1520 1523 1523 1520 1520 1518 1518 1517 1517 1518 1518 1520 1520 1522 1522 1517 1517 1515 1515 1514 1514 1515 1515 1517 1517 1519 1519 1514 1514 1562 1562 1561 1561 1562 1562 1514 1514 1516 1516 1563 1563 1560 1560 1561 1561 1560 1560 1563 1563 1558 1558 1546 1546 1548 1548 1550 1550</p></triangles></mesh></geometry><geometry id="bau0127665166-2-mesh" name="bau0127665166-2"><mesh><source id="bau0127665166-2-mesh-positions"><float_array id="bau0127665166-2-mesh-positions-array" count="5424">-0.899999984540045 -2.97932419925928 -1.02280336432159 4.24752157385213E-15 -3.15000000409782 -2.40741243048404E-31 4.14749351750823E-15 -2.9102205298841 -1.20545283425599 -0.899999984540045 -3.15000000409782 5.5109105316104E-17 -0.899999984540045 -2.48579261824489 -1.93477002903819 -0.899999984540045 -2.9102205298841 -1.20545283425599 4.01026301311477E-15 -2.22738645970821 -2.22738645970821 -0.899999984540045 -1.72288669273257 -2.63707432895899 -0.899999984540045 -2.22738645970821 -2.22738645970821 3.85672174781267E-15 -1.20545283425599 -2.9102205298841 -0.899999984540045 -0.773279287386686 -3.05361091159284 -0.899999984540045 -1.20545283425599 -2.9102205298841 3.7102458457127E-15 4.5896741842843E-16 -3.15000000409782 -0.899999984540045 0.260124943451956 -3.13924113288522 -0.899999984540045 -1.40474150993925E-16 -3.15000000409782 3.59313444176806E-15 1.20545283425599 -2.9102205298841 -0.899999984540045 1.26534060109407 -2.88468599319458 -0.899999984540045 1.20545283425599 -2.9102205298841 3.5232165869017E-15 2.22738645970821 -2.22738645970821 -0.899999984540045 2.77034239843488 -1.49923423305154 -0.899999984540045 2.22738645970821 -2.22738645970821 3.51113685482629E-15 2.9102205298841 -1.20545283425599 -0.899999984540045 3.10703809373081 -0.518472981639206 -0.899999984540045 2.9102205298841 -1.20545283425599 3.55873406804351E-15 3.15000000409782 3.85763743675077E-16 -0.899999984540045 3.10703809373081 0.518472981639206 -0.899999984540045 3.15000000409782 4.51648782862502E-16 3.6587621243874E-15 2.9102205298841 1.20545283425599 -0.899999984540045 2.77034239843488 1.49923423305154 -0.899999984540045 2.9102205298841 1.20545283425599 3.79599262878087E-15 2.22738645970821 2.22738645970821 -0.899999984540045 2.13343696668744 2.31753033585846 -0.899999984540045 2.22738645970821 2.22738645970821 3.94953389408296E-15 1.20545283425599 2.9102205298841 -0.899999984540045 0.260124943451956 3.13924113288522 -0.899999984540045 1.20545283425599 2.9102205298841 4.09600979618293E-15 3.86880437502023E-16 3.15000000409782 -0.899999984540045 -0.773279287386686 3.05361091159284 -0.899999984540045 -2.08658351618638E-16 3.15000000409782 4.21312120012758E-15 -1.20545283425599 2.9102205298841 -0.899999984540045 -1.72288669273257 2.63707432895899 -0.899999984540045 -1.20545283425599 2.9102205298841 4.28303905499393E-15 -2.22738645970821 2.22738645970821 -0.899999984540045 -2.48579261824489 1.93477002903819 -0.899999984540045 -2.22738645970821 2.22738645970821 4.29511878706935E-15 -2.9102205298841 1.20545283425599 -0.899999984540045 -2.97932419925928 1.02280336432159 -0.899999984540045 -2.9102205298841 1.20545283425599 -0.899999984540045 1.26534060109407 2.88468599319458 -0.899999984540045 2.13343696668744 -2.31753033585846 -0.899999984540045 -2.97932419925928 10.022803209722 4.68120244284633E-15 -3.15000000409782 8.99999961256981 -0.899999984540045 -3.15000000409782 8.99999961256981 4.72879965606355E-15 -2.9102205298841 10.2054532617331 -0.899999984540045 -2.48579261824489 10.9347701072693 4.71671992398813E-15 -2.22738645970821 11.227386072278 -0.899999984540045 -2.9102205298841 10.2054532617331 -0.899999984540045 -1.72288669273257 11.6370739415288 4.64680206912178E-15 -1.20545283425599 11.9102206081152 -0.899999984540045 -2.22738645970821 11.227386072278 -0.899999984540045 -0.773279287386686 12.0536107569933 -0.899999984540045 -1.20545283425599 11.9102206081152 4.52969066517713E-15 -3.53155896187324E-16 12.1499998494983 -0.899999984540045 0.260124943451956 12.1392412111163 -0.899999984540045 -2.5717727668279E-16 12.1499998494983 4.38321476307716E-15 1.20545283425599 11.9102206081152 -0.899999984540045 1.26534060109407 11.8846856057644 -0.899999984540045 1.20545283425599 11.9102206081152 -0.899999984540045 -2.97932419925928 7.97719694674015 4.58117438650243E-15 -2.9102205298841 7.79454736039042 -0.899999984540045 -2.48579261824489 7.06523004919291 -0.899999984540045 -2.9102205298841 7.79454736039042 4.44394388210897E-15 -2.22738645970821 6.77261361852288 -0.899999984540045 -1.72288669273257 6.36292574927211 -0.899999984540045 -2.22738645970821 6.77261361852288 4.29040261680687E-15 -1.20545283425599 6.089779548347 -0.899999984540045 -0.773279287386686 5.94638893380761 -0.899999984540045 -1.20545283425599 6.089779548347 4.1439267147069E-15 -2.81068915260918E-16 5.84999984130263 -0.899999984540045 0.260124943451956 5.86075894534588 -0.899999984540045 -4.02141842255444E-16 5.84999984130263 4.22967349777507E-15 2.22738645970821 11.227386072278 -0.899999984540045 2.13343696668744 11.3175306469202 -0.899999984540045 2.22738645970821 11.227386072278 4.0924429933816E-15 2.9102205298841 10.2054532617331 -0.899999984540045 2.77034239843488 10.4992343112826 -0.899999984540045 2.9102205298841 10.2054532617331 3.99241493703771E-15 3.15000000409782 8.99999961256981 -0.899999984540045 3.10703809373081 9.51847340911627 -0.899999984540045 3.15000000409782 8.99999961256981 3.94481772382049E-15 2.9102205298841 7.79454736039042 -0.899999984540045 3.10703809373081 8.48152674734592 -0.899999984540045 2.9102205298841 7.79454736039042 4.02681531076226E-15 1.20545283425599 6.089779548347 -0.899999984540045 1.20545283425599 6.089779548347 -0.899999984540045 2.13343696668744 6.68246950954199 3.95689745589591E-15 2.22738645970821 6.77261361852288 -0.899999984540045 2.22738645970821 6.77261361852288 -0.899999984540045 1.26534060109407 6.11531408503652 -0.899999984540045 2.77034239843488 7.50076584517956 5.54856418083473E-15 -3.15000000409782 17.9999992251396 -0.899999984540045 -2.97932419925928 16.97719655931 -0.899999984540045 -3.15000000409782 17.9999992251396 5.44853612449084E-15 -2.9102205298841 16.7945474386215 -0.899999984540045 -2.48579261824489 16.0652305930853 -0.899999984540045 -2.9102205298841 16.7945474386215 5.31130562009737E-15 -2.22738645970821 15.7726127654314 -0.899999984540045 -1.72288669273257 15.3629258275032 -0.899999984540045 -2.22738645970821 15.7726127654314 5.15776435479528E-15 -1.20545283425599 15.0897791609168 -0.899999984540045 -0.773279287386686 14.9463890120387 -0.899999984540045 -1.20545283425599 15.0897791609168 5.01128845269531E-15 -1.2650507377595E-15 14.8499999195337 -0.899999984540045 0.260124943451956 14.8607585579157 -0.899999984540045 -1.47031829510153E-15 14.8499999195337 4.89417704875066E-15 1.20545283425599 15.0897791609168 -0.899999984540045 1.26534060109407 15.1153141632676 -0.899999984540045 1.20545283425599 15.0897791609168 4.82425919388431E-15 2.22738645970821 15.7726127654314 -0.899999984540045 2.77034239843488 16.5007654577494 -0.899999984540045 2.22738645970821 15.7726127654314 4.81217946180889E-15 2.9102205298841 16.7945474386215 -0.899999984540045 3.10703809373081 17.4815263599157 -0.899999984540045 2.9102205298841 16.7945474386215 4.85977667502611E-15 3.15000000409782 17.9999992251396 -0.899999984540045 3.10703809373081 18.5184720903635 -0.899999984540045 3.15000000409782 17.9999992251396 4.95980473137001E-15 2.9102205298841 19.2054528743029 -0.899999984540045 2.77034239843488 19.499234855175 -0.899999984540045 2.9102205298841 19.2054528743029 5.09703523576347E-15 2.22738645970821 20.2273856848478 -0.899999984540045 2.13343696668744 20.31753025949 -0.899999984540045 2.22738645970821 20.2273856848478 5.25057650106556E-15 1.20545283425599 20.910220220685 -0.899999984540045 0.260124943451956 21.1392417550087 -0.899999984540045 1.20545283425599 20.910220220685 5.39705240316554E-15 -1.33713766698712E-15 21.1500003933907 -0.899999984540045 -0.773279287386686 21.0536103695631 -0.899999984540045 -1.28905024585939E-15 21.1500003933907 5.51416380711018E-15 -1.20545283425599 20.910220220685 -0.899999984540045 -1.72288669273257 20.6370744854212 -0.899999984540045 -1.20545283425599 20.910220220685 5.58408166197653E-15 -2.22738645970821 20.2273856848478 -0.899999984540045 -2.48579261824489 19.9347697198391 -0.899999984540045 -2.22738645970821 20.2273856848478 5.59616139405195E-15 -2.9102205298841 19.2054528743029 -0.899999984540045 -2.97932419925928 19.0228037536144 -0.899999984540045 -2.9102205298841 19.2054528743029 -0.899999984540045 1.26534060109407 20.8846852183342 -0.899999984540045 2.13343696668744 15.6824700534344 2.92863109758762E-15 2.22738645970821 -11.7726139724255 -0.899999984540045 2.77034239843488 -12.5007657334208 2.79140059319415E-15 2.9102205298841 -12.7945467829704 -0.899999984540045 2.13343696668744 -11.6824693977833 3.0821719492994E-15 1.20545283425599 -11.0897794365883 -0.899999984540045 1.26534060109407 -11.1153144389391 -0.899999984540045 1.20545283425599 -11.0897794365883 -0.899999984540045 0.260124943451956 -10.8607588335872 3.22864785139937E-15 2.16146429963169E-15 -10.8500001952052 -0.899999984540045 2.23648772003387E-15 -10.8500001952052 -0.899999984540045 -0.773279287386686 -10.9463892877102 3.34575946213917E-15 -1.20545283425599 -11.0897794365883 -0.899999984540045 -1.20545283425599 -11.0897794365883 -0.899999984540045 -1.72288669273257 -11.3629251718521 3.41567731700552E-15 -2.22738645970821 -11.7726139724255 -0.899999984540045 -2.22738645970821 -11.7726139724255 -0.899999984540045 -2.48579261824489 -12.0652299374342 3.42775704908094E-15 -2.9102205298841 -12.7945467829704 -0.899999984540045 -2.9102205298841 -12.7945467829704 -0.899999984540045 -2.97932419925928 -12.9771968349814 3.38015962906857E-15 -3.15000000409782 -14.0000004321337 -0.899999984540045 -3.15000000409782 -14.0000004321337 -0.899999984540045 2.22738645970821 -11.7726139724255 -0.899999984540045 2.9102205298841 -12.7945467829704 2.69137253685026E-15 3.15000000409782 -14.0000004321337 -0.899999984540045 3.10703809373081 -13.4815266355872 -0.899999984540045 3.15000000409782 -14.0000004321337 2.6558548489133E-15 2.22738645970821 -16.2273868918419 -0.899999984540045 2.77034239843488 -15.4992341995239 -0.899999984540045 2.22738645970821 -16.2273868918419 2.72577270377965E-15 1.20545283425599 -16.9102214276791 -0.899999984540045 1.26534060109407 -16.8846864253283 -0.899999984540045 1.20545283425599 -16.9102214276791 2.84288431451945E-15 2.23355122885931E-15 -17.1499997377396 -0.899999984540045 0.260124943451956 -17.1392410993576 -0.899999984540045 1.92943641549781E-15 -17.1499997377396 2.98936021661942E-15 -1.20545283425599 -16.9102214276791 -0.899999984540045 -0.773279287386686 -17.0536115765572 -0.899999984540045 -1.20545283425599 -16.9102214276791 3.14290106833121E-15 -2.22738645970821 -16.2273868918419 -0.899999984540045 -1.72288669273257 -16.6370738297701 -0.899999984540045 -2.22738645970821 -16.2273868918419 3.28013157272467E-15 -2.9102205298841 -15.2054531499743 -0.899999984540045 -2.48579261824489 -15.9347709268332 -0.899999984540045 -2.9102205298841 -15.2054531499743 -0.899999984540045 -2.97932419925928 -15.0228030979633 2.64377511683788E-15 2.9102205298841 -15.2054531499743 -0.899999984540045 3.10703809373081 -14.5184732973576 -0.899999984540045 2.9102205298841 -15.2054531499743 -0.899999984540045 2.13343696668744 -16.3175296038389 -0.899999984540045 -0.773279287386686 -19.94638890028 2.79496698240517E-15 3.14544609628088E-15 -19.8500007390976 2.91207859314497E-15 -1.20545283425599 -20.0897790491581 -0.899999984540045 0.260124943451956 -19.8607593774796 2.6484910803052E-15 1.20545283425599 -20.0897790491581 -0.899999984540045 1.26534060109407 -20.1153140515089 -0.899999984540045 1.20545283425599 -20.0897790491581 -0.899999984540045 2.13343696668744 -20.6824690103531 2.49495022859341E-15 2.22738645970821 -20.7726135849953 -0.899999984540045 2.77034239843488 -21.5007662773132 2.35771972419995E-15 2.9102205298841 -21.7945463955402 -0.899999984540045 2.22738645970821 -20.7726135849953 -0.899999984540045 3.10703809373081 -22.4815271794796 2.25769166785605E-15 3.15000000409782 -23.0000000447035 -0.899999984540045 2.9102205298841 -21.7945463955402 -0.899999984540045 3.10703809373081 -23.5184729099274 -0.899999984540045 3.15000000409782 -23.0000000447035 2.21009424784368E-15 2.9102205298841 -24.2054536938667 -0.899999984540045 2.77034239843488 -24.4992338120937 -0.899999984540045 2.9102205298841 -24.2054536938667 2.2221739799191E-15 2.22738645970821 -25.2273865044117 2.29209183478545E-15 1.20545283425599 -25.9102210402489 -0.899999984540045 2.13343696668744 -25.3175310790539 -0.899999984540045 1.26534060109407 -25.8846860378981 -0.899999984540045 2.22738645970821 -25.2273865044117 -0.899999984540045 0.260124943451956 -26.1392407119274 2.40920344552525E-15 3.2175330255085E-15 -26.1499993503094 -0.899999984540045 1.20545283425599 -25.9102210402489 -0.899999984540045 -0.773279287386686 -26.053611189127 2.55567934762522E-15 -1.20545283425599 -25.9102210402489 -0.899999984540045 2.93976163991013E-15 -26.1499993503094 -0.899999984540045 -1.72288669273257 -25.637075304985 -0.899999984540045 -1.20545283425599 -25.9102210402489 2.70922019933701E-15 -2.22738645970821 -25.2273865044117 -0.899999984540045 -2.48579261824489 -24.934770539403 -0.899999984540045 -2.22738645970821 -25.2273865044117 2.84645070373047E-15 -2.9102205298841 -24.2054536938667 -0.899999984540045 -2.97932419925928 -24.0228027105331 -0.899999984540045 -2.9102205298841 -24.2054536938667 2.94647876007437E-15 -3.15000000409782 -23.0000000447035 -0.899999984540045 -1.20545283425599 -20.0897790491581 2.98199644801132E-15 -2.22738645970821 -20.7726135849953 -0.899999984540045 -1.72288669273257 -20.3629247844219 -0.899999984540045 -2.48579261824489 -21.065229550004 2.99407618008674E-15 -2.9102205298841 -21.7945463955402 -0.899999984540045 -2.9102205298841 -21.7945463955402 -0.899999984540045 -2.97932419925928 -21.9771973788738 -0.899999984540045 -3.15000000409782 -23.0000000447035 -0.899999984540045 -2.22738645970821 -20.7726135849953 -0.899999984540045 2.93976163991013E-15 -19.8500007390976 -0.899999984540045 -2.97932419925928 -30.9771969914436 2.07911702208596E-15 -3.15000000409782 -32.0000015199184 -0.899999984540045 -3.15000000409782 -32.0000015199184 1.8418584613486E-15 -2.22738645970821 -34.2273861169815 -0.899999984540045 -1.72288669273257 -34.6370749175549 -0.899999984540045 -2.22738645970821 -34.2273861169815 2.12671444209834E-15 -2.9102205298841 -30.7945478707552 -0.899999984540045 -2.48579261824489 -30.0652291625738 2.11463471002292E-15 -2.22738645970821 -29.7726131975651 1.97908896574207E-15 -2.9102205298841 -33.2054533064365 -0.899999984540045 -2.48579261824489 -33.9347682893276 -0.899999984540045 -2.9102205298841 -33.2054533064365 -0.899999984540045 -1.72288669273257 -29.3629262596369 2.04471685515657E-15 -1.20545283425599 -29.0897786617279 -0.899999984540045 -2.22738645970821 -29.7726131975651 -0.899999984540045 -0.773279287386686 -28.9463885128498 -0.899999984540045 -1.20545283425599 -29.0897786617279 1.92760524441677E-15 4.12942789293007E-15 -28.8500003516674 -0.899999984540045 0.260124943451956 -28.8607589900494 -0.899999984540045 4.13196071996571E-15 -28.8500003516674 1.7811293423168E-15 1.20545283425599 -29.0897786617279 -0.899999984540045 1.26534060109407 -29.1153136640787 -0.899999984540045 1.20545283425599 -29.0897786617279 -0.899999984540045 2.13343696668744 -29.682470485568 1.62758849060501E-15 2.22738645970821 -29.7726131975651 -0.899999984540045 2.77034239843488 -30.500765889883 1.49035798621154E-15 2.9102205298841 -30.7945478707552 -0.899999984540045 2.22738645970821 -29.7726131975651 -0.899999984540045 3.10703809373081 -31.4815267920494 1.39032982647007E-15 3.15000000409782 -32.0000015199184 -0.899999984540045 2.9102205298841 -30.7945478707552 1.54184160413927E-15 4.20151502895284E-15 -35.1499989628792 -0.899999984540045 0.260124943451956 -35.1392403244972 -0.899999984540045 3.86324199899112E-15 -35.1499989628792 -0.899999984540045 3.10703809373081 -32.5184725224972 1.34273250985528E-15 2.9102205298841 -33.2054533064365 -0.899999984540045 2.77034239843488 -33.4992334246635 1.35481234532827E-15 2.22738645970821 -34.2273861169815 -0.899999984540045 -2.9102205298841 -30.7945478707552 1.42473009679705E-15 1.20545283425599 -34.9102206528187 -0.899999984540045 2.13343696668744 -34.3175306916237 -0.899999984540045 1.26534060109407 -34.884687513113 -0.899999984540045 -2.97932419925928 -33.022802323103 -0.899999984540045 2.22738645970821 -34.2273861169815 -0.899999984540045 1.20545283425599 -34.9102206528187 -0.899999984540045 -0.773279287386686 -35.0536108016968 1.68831760963682E-15 -1.20545283425599 -34.9102206528187 -0.899999984540045 -1.20545283425599 -34.9102206528187 -0.899999984540045 2.9102205298841 -33.2054533064365 -0.899999984540045 3.15000000409782 -32.0000015199184 -2.79329135082662 -51.309697329998 -46.9999983906746 -3.74999991618097 -51.5000000596046 -38.6499986052513 -2.79329135082662 -51.309697329998 -38.6499986052513 -1.98223302140832 -50.7677681744099 -38.6499986052513 -1.44030118826777 -49.9567091464996 -46.9999983906746 -1.98223302140832 -50.7677681744099 -46.9999983906746 -1.44030118826777 -49.9567091464996 -38.6499986052513 -1.24999997206032 -48.9999987185001 -46.9999983906746 -3.74999991618097 -51.5000000596046 -46.9999983906746 -1.24999997206032 -48.9999987185001 -38.6499986052513 -1.24999997206032 -48.9999987185001 -38.6499986052513 -1.24999997206032 -7.25639844313264 -46.9999983906746 -1.24999997206032 -48.9999987185001 -46.9999983906746 -1.24999997206032 -7.25639844313264 -38.6499986052513 -1.24999997206032 -7.25639844313264 -46.9999983906746 -3.25000006705523 -5.57819940149784 -41.6250005364418 -3.25000006705523 -5.57819940149784 -46.9999983906746 -1.24999997206032 -7.25639844313264 -38.6499986052513 -3.25000006705523 -5.57819940149784 -38.6499986052513 -1.44030118826777 -49.9567091464996 -20.6499993801117 -1.24999997206032 -48.9999987185001 -29.3499995023012 -1.44030118826777 -49.9567091464996 -29.3499995023012 -2.79329135082662 -51.309697329998 -20.6499993801117 -1.98223302140832 -50.7677681744099 -29.3499995023012 -2.79329135082662 -51.309697329998 -29.3499995023012 -3.74999991618097 -51.5000000596046 -20.6499993801117 -3.74999991618097 -51.5000000596046 -29.3499995023012 -1.98223302140832 -50.7677681744099 -20.6499993801117 -1.24999997206032 -48.9999987185001 -20.6499993801117 -1.24999997206032 -29.9999993294477 -27.7500003576279 -1.24999997206032 -7.25639844313264 -29.3499995023012 -1.24999997206032 -48.9999987185001 -29.3499995023012 -1.24999997206032 -32.6154045760632 -25.8497968316078 -1.24999997206032 -32.0436470210552 -26.8401093780994 -1.24999997206032 -32.7349342405796 -24.7125457972288 -1.24999997206032 -48.9999987185001 -20.6499993801117 -1.24999997206032 -32.3815681040287 -23.624999448657 -1.24999997206032 -27.9563516378403 -26.8401093780994 -1.24999997206032 -27.3845940828323 -25.8497968316078 -1.24999997206032 -31.1185251921415 -27.5122504681349 -1.24999997206032 -7.25639844313264 -20.6499993801117 -1.24999997206032 -27.6184305548668 -23.624999448657 -1.24999997206032 -28.3835902810097 -22.7752029895782 -1.24999997206032 -28.881473466754 -27.5122504681349 -1.24999997206032 -27.2650644183159 -24.7125457972288 -1.24999997206032 -32.7499993145466 -25.000000372529 -1.24999997206032 -29.428243637085 -22.3100949078798 -1.24999997206032 -30.5717568844557 -22.3100949078798 -1.24999997206032 -31.6164083778858 -22.7752029895782 -3.25000006705523 -5.57819940149784 -27.4999998509884 -1.24999997206032 -7.25639844313264 -20.6499993801117 -3.25000006705523 -5.57819940149784 -20.6499993801117 -1.24999997206032 -7.25639844313264 -29.3499995023012 -3.25000006705523 -5.57819940149784 -29.3499995023012 -1.24999997206032 -48.9999987185001 -11.3500002771616 -1.44030118826777 -49.9567091464996 -2.64999992214143 -1.24999997206032 -48.9999987185001 -2.64999992214143 -2.79329135082662 -51.309697329998 -11.3500002771616 -3.74999991618097 -51.5000000596046 -2.64999992214143 -2.79329135082662 -51.309697329998 -2.64999992214143 -1.98223302140832 -50.7677681744099 -2.64999992214143 -1.44030118826777 -49.9567091464996 -11.3500002771616 -1.98223302140832 -50.7677681744099 -11.3500002771616 -3.74999991618097 -51.5000000596046 -11.3500002771616 -1.24999997206032 -7.25639844313264 -2.64999992214143 -1.24999997206032 -48.9999987185001 -11.3500002771616 -1.24999997206032 -48.9999987185001 -2.64999992214143 -1.24999997206032 -7.25639844313264 -11.3500002771616 -1.24999997206032 -7.25639844313264 -2.64999992214143 -3.25000006705523 -5.57819940149784 -7.00000021606684 -1.24999997206032 -7.25639844313264 -11.3500002771616 -3.25000006705523 -5.57819940149784 -2.64999992214143 -3.25000006705523 -5.57819940149784 -11.3500002771616 -1.24999997206032 -48.9999987185001 6.64999987930059 -1.44030118826777 -49.9567091464996 15.3500000014901 -1.24999997206032 -48.9999987185001 15.3500000014901 -1.98223302140832 -50.7677681744099 15.3500000014901 -1.44030118826777 -49.9567091464996 6.64999987930059 -1.98223302140832 -50.7677681744099 6.64999987930059 -2.79329135082662 -51.309697329998 15.3500000014901 -2.79329135082662 -51.309697329998 6.64999987930059 -3.74999991618097 -51.5000000596046 15.3500000014901 -3.74999991618097 -51.5000000596046 6.64999987930059 -1.24999997206032 -32.7349342405796 11.287453584373 -1.24999997206032 -48.9999987185001 15.3500000014901 -1.24999997206032 -32.3815681040287 12.3749999329448 -1.24999997206032 -7.25639844313264 6.64999987930059 -1.24999997206032 -29.9999993294477 8.24999995529652 -1.24999997206032 -28.881473466754 8.48774984478951 -1.24999997206032 -31.6164083778858 13.2247963920236 -1.24999997206032 -30.5717568844557 13.6899063363671 -1.24999997206032 -32.7499993145466 10.9999999403954 -1.24999997206032 -31.1185251921415 8.48774984478951 -1.24999997206032 -48.9999987185001 6.64999987930059 -1.24999997206032 -32.0436470210552 9.15989093482494 -1.24999997206032 -27.2650644183159 11.287453584373 -1.24999997206032 -7.25639844313264 15.3500000014901 -1.24999997206032 -29.428243637085 13.6899063363671 -1.24999997206032 -27.6184305548668 12.3749999329448 -1.24999997206032 -28.3835902810097 13.2247963920236 -1.24999997206032 -32.6154045760632 10.1502034813166 -1.24999997206032 -27.9563516378403 9.15989093482494 -1.24999997206032 -27.3845940828323 10.1502034813166 -3.25000006705523 -5.57819940149784 13.5000003501773 -1.24999997206032 -7.25639844313264 15.3500000014901 -3.25000006705523 -5.57819940149784 15.3500000014901 -1.24999997206032 -7.25639844313264 6.64999987930059 -3.25000006705523 -5.57819940149784 6.64999987930059 -3.74999991618097 -51.5000000596046 32.9999998211861 -14.0000004321337 -51.5000000596046 24.6500000357628 -23.4999991953373 -51.5000000596046 32.9999998211861 -3.74999991618097 -51.5000000596046 24.6500000357628 -14.0000004321337 -51.5000000596046 15.3500000014901 -23.4999991953373 -51.5000000596046 -46.9999983906746 -14.0000004321337 -51.5000000596046 6.64999987930059 -3.74999991618097 -51.5000000596046 15.3500000014901 -3.74999991618097 -51.5000000596046 6.64999987930059 -14.0000004321337 -51.5000000596046 -2.64999992214143 -14.0000004321337 -51.5000000596046 -11.3500002771616 -3.74999991618097 -51.5000000596046 -2.64999992214143 -3.74999991618097 -51.5000000596046 -11.3500002771616 -14.0000004321337 -51.5000000596046 -20.6499993801117 -14.0000004321337 -51.5000000596046 -29.3499995023012 -3.74999991618097 -51.5000000596046 -20.6499993801117 -3.74999991618097 -51.5000000596046 -29.3499995023012 -14.0000004321337 -51.5000000596046 -38.6499986052513 -3.74999991618097 -51.5000000596046 -46.9999983906746 -3.74999991618097 -51.5000000596046 -38.6499986052513 -1.24999997206032 -48.9999987185001 24.6500000357628 -1.44030118826777 -49.9567091464996 32.9999998211861 -1.24999997206032 -48.9999987185001 32.9999998211861 -1.98223302140832 -50.7677681744099 24.6500000357628 -2.79329135082662 -51.309697329998 32.9999998211861 -1.98223302140832 -50.7677681744099 32.9999998211861 -2.79329135082662 -51.309697329998 24.6500000357628 -3.74999991618097 -51.5000000596046 32.9999998211861 -3.74999991618097 -51.5000000596046 24.6500000357628 -1.44030118826777 -49.9567091464996 24.6500000357628 -1.24999997206032 -48.9999987185001 24.6500000357628 -1.24999997206032 -7.25639844313264 32.9999998211861 -1.24999997206032 -7.25639844313264 24.6500000357628 -1.24999997206032 -48.9999987185001 32.9999998211861 -1.24999997206032 -7.25639844313264 32.9999998211861 -3.25000006705523 -5.57819940149784 24.6500000357628 -1.24999997206032 -7.25639844313264 24.6500000357628 -3.25000006705523 -5.57819940149784 32.9999998211861 -3.25000006705523 -5.57819940149784 24.6500000357628 -3.25000006705523 -2.32452969066799 21.5579569339752 -3.25000006705523 -3.35384719073772 20.6104032695293 -3.25000006705523 -5.57819940149784 13.5000003501773 -3.25000006705523 -2.32452969066799 14.4420424476266 -3.25000006705523 -1.04331329930574 13.8800488784909 -3.25000006705523 -1.04331329930574 22.1199505031109 -3.25000006705523 -35.6349982321262 24.6500000357628 -3.25000006705523 -4.01972327381372 19.3799734115601 -3.25000006705523 -3.35384719073772 15.3895961120725 -3.25000006705523 5.43590029701591 32.9999998211861 -3.25000006705523 4.19203564524651 18.6995267868042 -3.25000006705523 3.73776350170374 20.02277597785 -3.25000006705523 0.350962218362838 22.2354847937822 -3.25000006705523 -4.250000230968 17.9999992251396 -3.25000006705523 -5.57819940149784 15.3500000014901 -3.25000006705523 -4.01972327381372 16.6200269013643 -3.25000006705523 0.350962218362838 13.7645155191422 -3.25000006705523 5.43590029701591 13.5000003501773 -3.25000006705523 2.87844659760594 21.1268272250891 -3.25000006705523 1.70720554888248 14.1079630702734 -3.25000006705523 2.87844659760594 14.8731730878353 -3.25000006705523 1.70720554888248 21.892037242651 -3.25000006705523 3.73776350170374 15.9772243350744 -3.25000006705523 4.19203564524651 17.3004735261202 -3.25000006705523 -4.250000230968 8.99999961256981 -3.25000006705523 -5.57819940149784 6.64999987930059 -3.25000006705523 -1.04331329930574 13.1199508905411 -3.25000006705523 -2.32452969066799 12.5579573214054 -3.25000006705523 -4.01972327381372 7.62002728879452 -3.25000006705523 -3.35384719073772 6.38959603384137 -3.25000006705523 2.87844659760594 12.1268266811967 -3.25000006705523 1.70720554888248 12.8920366987586 -3.25000006705523 -3.35384719073772 11.6104036569595 -3.25000006705523 -4.01972327381372 10.3799728676677 -3.25000006705523 -2.32452969066799 5.44204236939549 -3.25000006705523 5.43590029701591 4.4999998062849 -3.25000006705523 2.87844659760594 5.8731734752655 -3.25000006705523 3.73776350170374 6.97722379118204 -3.25000006705523 0.350962218362838 13.2354842498899 -3.25000006705523 -35.6349982321262 4.4999998062849 -3.25000006705523 0.350962218362838 4.76451590657234 -3.25000006705523 4.19203564524651 8.3004729822278 -3.25000006705523 4.19203564524651 9.69952717423439 -3.25000006705523 -1.04331329930574 4.88004880025983 -3.25000006705523 1.70720554888248 5.10796345770359 -3.25000006705523 3.73776350170374 11.0227763652802 -3.25000006705523 -35.6349982321262 6.64999987930059 -3.25000006705523 -4.250000230968 -8.41944649113757E-16 -3.25000006705523 -35.6349982321262 -2.64999992214143 -3.25000006705523 -5.57819940149784 -7.00000021606684 -3.25000006705523 -3.35384719073772 -2.61040404438972 -3.25000006705523 -2.32452969066799 -3.55795747600496 -3.25000006705523 -4.01972327381372 -1.37997278943658 -3.25000006705523 -5.57819940149784 -2.64999992214143 -3.25000006705523 5.43590029701591 -7.00000021606684 -3.25000006705523 0.350962218362838 -4.23548417165875 -3.25000006705523 1.70720554888248 -3.89203662052751 -3.25000006705523 -1.04331329930574 -4.11995127797127 -3.25000006705523 2.87844659760594 3.12682660296559 -3.25000006705523 1.70720554888248 3.89203662052751 -3.25000006705523 2.87844659760594 -3.12682660296559 -3.25000006705523 -2.32452969066799 3.55795747600496 -3.25000006705523 -3.35384719073772 2.61040404438972 -3.25000006705523 6.6218008287251 13.5000003501773 -3.25000006705523 4.19203564524651 -0.699527037795633 -3.25000006705523 4.19203564524651 0.699527037795633 -3.25000006705523 0.350962218362838 4.23548417165875 -3.25000006705523 -1.04331329930574 4.11995127797127 -3.25000006705523 -4.01972327381372 1.37997278943658 -3.25000006705523 3.73776350170374 -2.0227765198797 -3.25000006705523 3.73776350170374 2.0227765198797 -3.25000006705523 -35.6349982321262 -11.3500002771616 -3.25000006705523 -4.01972327381372 -12.6200271770358 -3.25000006705523 -4.250000230968 -14.0000004321337 -3.25000006705523 -5.57819940149784 -11.3500002771616 -3.25000006705523 -2.32452969066799 -10.4420427232981 -3.25000006705523 -3.35384719073772 -11.3895963877439 -3.25000006705523 -35.6349982321262 -18.5000002384186 -3.25000006705523 0.350962218362838 -18.2354841381311 -3.25000006705523 5.43590029701591 -18.5000002384186 -3.25000006705523 -1.04331329930574 -9.88004915416241 -3.25000006705523 -4.01972327381372 -15.379972755909 -3.25000006705523 2.87844659760594 -10.8731733635068 -3.25000006705523 1.70720554888248 -10.1079633459449 -3.25000006705523 -3.35384719073772 -16.6104044765234 -3.25000006705523 -2.32452969066799 -17.5579581409693 -3.25000006705523 4.19203564524651 -13.3004728704691 -3.25000006705523 0.350962218362838 -9.76451579481363 -3.25000006705523 -1.04331329930574 -18.1199517101049 -3.25000006705523 2.87844659760594 -17.126826569438 -3.25000006705523 3.73776350170374 -16.022777184844 -3.25000006705523 3.73776350170374 -11.9772236794233 -3.25000006705523 1.70720554888248 -17.8920365869999 -3.25000006705523 4.19203564524651 -14.6995270624757 -3.25000006705523 -5.57819940149784 -20.6499993801117 -3.25000006705523 -4.250000230968 -23.0000000447035 -3.25000006705523 -5.57819940149784 -27.4999998509884 -3.25000006705523 -2.32452969066799 -19.4420423358679 -3.25000006705523 -1.04331329930574 -18.8800487667322 -3.25000006705523 2.87844659760594 -19.8731739073992 -3.25000006705523 1.70720554888248 -19.1079638898373 -3.25000006705523 -3.35384719073772 -20.3895960003138 -3.25000006705523 -4.01972327381372 -24.3799723684788 -3.25000006705523 -3.35384719073772 -25.6104040890932 -3.25000006705523 0.350962218362838 -18.764516338706 -3.25000006705523 -4.01972327381372 -21.6200277209282 -3.25000006705523 5.43590029701591 -27.4999998509884 -3.25000006705523 0.350962218362838 -27.235483750701 -3.25000006705523 1.70720554888248 -26.8920361995697 -3.25000006705523 -2.32452969066799 -26.5579577535391 -3.25000006705523 4.19203564524651 -23.6995276063681 -3.25000006705523 4.19203564524651 -22.3004724830389 -3.25000006705523 -1.04331329930574 -27.1199513226748 -3.25000006705523 2.87844659760594 -26.1268261820078 -3.25000006705523 3.73776350170374 -25.0227767974138 -3.25000006705523 3.73776350170374 -20.9772232919931 -3.25000006705523 -1.04331329930574 -27.880048379302 -3.25000006705523 -5.57819940149784 -29.3499995023012 -3.25000006705523 -35.6349982321262 -29.3499995023012 -3.25000006705523 -4.01972327381372 -30.620027333498 -3.25000006705523 -4.250000230968 -32.0000015199184 -3.25000006705523 -35.6349982321262 -38.6499986052513 -3.25000006705523 -4.01972327381372 -33.3799719810486 -3.25000006705523 -2.32452969066799 -28.4420419484377 -3.25000006705523 5.43590029701591 -41.6250005364418 -3.25000006705523 0.350962218362838 -36.2354852259159 -3.25000006705523 1.70720554888248 -35.8920358121395 -3.25000006705523 6.6218008287251 4.4999998062849 -3.25000006705523 6.6218008287251 -18.5000002384186 -3.25000006705523 6.6218008287251 -27.4999998509884 -3.25000006705523 6.6218008287251 -41.6250005364418 -3.25000006705523 5.43590029701591 -46.9999983906746 -3.25000006705523 -35.6349982321262 15.3500000014901 -3.25000006705523 -5.57819940149784 32.9999998211861 -3.25000006705523 -35.6349982321262 -20.6499993801117 -3.25000006705523 -5.57819940149784 -38.6499986052513 -3.25000006705523 -3.35384719073772 -34.6104055643082 -3.25000006705523 -2.32452969066799 -35.557959228754 -3.25000006705523 -5.57819940149784 -46.9999983906746 -3.25000006705523 -5.57819940149784 -41.6250005364418 -3.25000006705523 6.6218008287251 32.9999998211861 -3.25000006705523 6.6218008287251 -7.00000021606684 -3.25000006705523 -3.35384719073772 -29.3895956128836 -3.25000006705523 -1.04331329930574 -36.1199527978897 -3.25000006705523 2.87844659760594 -28.873173519969 -3.25000006705523 1.70720554888248 -28.1079635024071 -3.25000006705523 3.73776350170374 -34.0227782726288 -3.25000006705523 4.19203564524651 -32.6995253562927 -3.25000006705523 0.350962218362838 -27.7645159512758 -3.25000006705523 2.87844659760594 -35.1268276572227 -3.25000006705523 4.19203564524651 -31.3004739582539 -3.25000006705523 3.73776350170374 -29.977222904563 -3.25000006705523 6.6218008287251 -46.9999983906746 -1.24999997206032 8.2999998703599 32.9999998211861 -3.25000006705523 6.6218008287251 13.5000003501773 -3.25000006705523 6.6218008287251 32.9999998211861 -3.25000006705523 6.6218008287251 -41.6250005364418 -1.24999997206032 8.2999998703599 -46.9999983906746 -3.25000006705523 6.6218008287251 -46.9999983906746 -3.25000006705523 6.6218008287251 -27.4999998509884 -3.25000006705523 6.6218008287251 -18.5000002384186 -3.25000006705523 6.6218008287251 -7.00000021606684 -3.25000006705523 6.6218008287251 4.4999998062849 -1.24999997206032 10.3000001981854 32.9999998211861 -1.24999997206032 8.2999998703599 -46.9999983906746 -1.24999997206032 8.2999998703599 32.9999998211861 -1.24999997206032 10.3000001981854 -46.9999983906746 0 10.3000001981854 12.9500003531575 -1.24999997206032 10.3000001981854 32.9999998211861 0 10.3000001981854 14.299999922514 -1.24999997206032 10.3000001981854 -46.9999983906746 0 10.3000001981854 27.0750001072884 0 10.3000001981854 32.9999998211861 0 10.3000001981854 4.4999998062849 0 10.3000001981854 -7.00000021606684 0 10.3000001981854 7.05000013113022 0 10.3000001981854 -18.5000002384186 0 10.3000001981854 -28.3000003546476 0 10.3000001981854 -26.9499998539686 0 10.3000001981854 -21.0500005632639 0 10.3000001981854 -46.9999983906746 0 -15.2000002563 4.4999998062849 4.29511878706935E-15 -2.9102205298841 1.20545283425599 4.28303905499393E-15 -2.22738645970821 2.22738645970821 2.84288431451945E-15 2.23355122885931E-15 -17.1499997377396 0 -15.2000002563 -18.5000002384186 0 10.3000001981854 -18.5000002384186 2.92863109758762E-15 2.22738645970821 -11.7726139724255 0 10.3000001981854 -7.00000021606684 3.0821719492994E-15 1.20545283425599 -11.0897794365883 3.22864785139937E-15 2.16146429963169E-15 -10.8500001952052 0 -15.2000002563 -7.00000021606684 3.34575946213917E-15 -1.20545283425599 -11.0897794365883 3.38015962906857E-15 -3.15000000409782 -14.0000004321337 3.28013157272467E-15 -2.9102205298841 -15.2054531499743 3.14290106833121E-15 -2.22738645970821 -16.2273868918419 3.85672174781267E-15 -1.20545283425599 -2.9102205298841 4.01026301311477E-15 -2.22738645970821 -2.22738645970821 0 -40.8749990165234 32.9999998211861 -3.46944695195361E-15 -48.9999987185001 27.0750001072884 0 -40.8749990165234 27.0750001072884 0 10.3000001981854 4.4999998062849 3.94953389408296E-15 1.20545283425599 2.9102205298841 3.79599262878087E-15 2.22738645970821 2.22738645970821 3.7102458457127E-15 4.5896741842843E-16 -3.15000000409782 4.24752157385213E-15 -3.15000000409782 -2.40741243048404E-31 4.09600979618293E-15 3.86880437502023E-16 3.15000000409782 3.51113685482629E-15 2.9102205298841 -1.20545283425599 3.5232165869017E-15 2.22738645970821 -2.22738645970821 4.14749351750823E-15 -2.9102205298841 -1.20545283425599 4.21312120012758E-15 -1.20545283425599 2.9102205298841 3.6587621243874E-15 2.9102205298841 1.20545283425599 3.55873406804351E-15 3.15000000409782 3.85763743675077E-16 3.59313444176806E-15 1.20545283425599 -2.9102205298841 0 -15.2000002563 12.9500003531575 0 10.3000001981854 14.299999922514 0 -15.2000002563 14.299999922514 4.81217946180889E-15 2.9102205298841 16.7945474386215 4.82425919388431E-15 2.22738645970821 15.7726127654314 0 -15.2000002563 27.0750001072884 5.54856418083473E-15 -3.15000000409782 17.9999992251396 5.59616139405195E-15 -2.9102205298841 19.2054528743029 4.89417704875066E-15 1.20545283425599 15.0897791609168 5.15776435479528E-15 -1.20545283425599 15.0897791609168 5.31130562009737E-15 -2.22738645970821 15.7726127654314 0 10.3000001981854 27.0750001072884 4.85977667502611E-15 3.15000000409782 17.9999992251396 5.01128845269531E-15 -1.2650507377595E-15 14.8499999195337 5.44853612449084E-15 -2.9102205298841 16.7945474386215 5.58408166197653E-15 -2.22738645970821 20.2273856848478 5.51416380711018E-15 -1.20545283425599 20.910220220685 5.39705240316554E-15 -1.33713766698712E-15 21.1500003933907 2.98936021661942E-15 -1.20545283425599 -16.9102214276791 2.6558548489133E-15 2.22738645970821 -16.2273868918419 2.64377511683788E-15 2.9102205298841 -15.2054531499743 2.69137253685026E-15 3.15000000409782 -14.0000004321337 2.79140059319415E-15 2.9102205298841 -12.7945467829704 3.41567731700552E-15 -2.22738645970821 -11.7726139724255 3.42775704908094E-15 -2.9102205298841 -12.7945467829704 2.72577270377965E-15 1.20545283425599 -16.9102214276791 0 -15.2000002563 -28.3000003546476 0 10.3000001981854 -26.9499998539686 0 -15.2000002563 -26.9499998539686 1.42473009679705E-15 1.20545283425599 -34.9102206528187 0 10.3000001981854 -46.9999983906746 1.35481234532827E-15 2.22738645970821 -34.2273861169815 1.34273250985528E-15 2.9102205298841 -33.2054533064365 0 10.3000001981854 -28.3000003546476 1.39032982647007E-15 3.15000000409782 -32.0000015199184 1.7811293423168E-15 1.20545283425599 -29.0897786617279 1.92760524441677E-15 4.12942789293007E-15 -28.8500003516674 2.04471685515657E-15 -1.20545283425599 -29.0897786617279 2.11463471002292E-15 -2.22738645970821 -29.7726131975651 2.12671444209834E-15 -2.9102205298841 -30.7945478707552 -3.46944695195361E-15 -48.9999987185001 14.299999922514 0 -40.8749990165234 14.299999922514 -3.46944695195361E-15 -48.9999987185001 12.9500003531575 0 -40.8749990165234 12.9500003531575 -3.46944695195361E-15 -48.9999987185001 7.05000013113022 0 -40.8749990165234 7.05000013113022 -3.46944695195361E-15 -48.9999987185001 4.4999998062849 0 -40.8749990165234 4.4999998062849 -3.46944695195361E-15 -48.9999987185001 -7.00000021606684 0 -40.8749990165234 -7.00000021606684 -3.46944695195361E-15 -48.9999987185001 -18.5000002384186 0 -40.8749990165234 -18.5000002384186 -3.46944695195361E-15 -48.9999987185001 -21.0500005632639 0 -40.8749990165234 -21.0500005632639 -3.46944695195361E-15 -48.9999987185001 -26.9499998539686 0 -40.8749990165234 -26.9499998539686 1.49035798621154E-15 2.9102205298841 -30.7945478707552 1.62758849060501E-15 2.22738645970821 -29.7726131975651 1.97908896574207E-15 -2.9102205298841 -33.2054533064365 0 -15.2000002563 -46.9999983906746 1.8418584613486E-15 -2.22738645970821 -34.2273861169815 1.68831760963682E-15 -1.20545283425599 -34.9102206528187 1.54184160413927E-15 4.20151502895284E-15 -35.1499989628792 2.07911702208596E-15 -3.15000000409782 -32.0000015199184 0 -29.428243637085 -22.3100949078798 0 -30.5717568844557 -22.3100949078798 0 -15.2000002563 -21.0500005632639 0 -31.6164083778858 -22.7752029895782 0 -32.3815681040287 -23.624999448657 0 -27.2650644183159 -24.7125457972288 0 -27.6184305548668 -23.624999448657 0 -32.7349342405796 -24.7125457972288 0 -32.6154045760632 -25.8497968316078 0 -28.3835902810097 -22.7752029895782 0 -32.0436470210552 -26.8401093780994 0 -27.3845940828323 -25.8497968316078 0 -40.8749990165234 -28.3000003546476 0 -31.1185251921415 -27.5122504681349 0 -29.9999993294477 -27.7500003576279 0 -28.881473466754 -27.5122504681349 0 -27.9563516378403 -26.8401093780994 -3.46944695195361E-15 -48.9999987185001 -28.3000003546476 -3.46944695195361E-15 -48.9999987185001 -46.9999983906746 0 -40.8749990165234 -46.9999983906746 0 -15.2000002563 32.9999998211861 0 -15.2000002563 7.05000013113022 4.95980473137001E-15 2.9102205298841 19.2054528743029 5.09703523576347E-15 2.22738645970821 20.2273856848478 -3.46944695195361E-15 -48.9999987185001 32.9999998211861 0 -28.3835902810097 13.2247963920236 0 -29.428243637085 13.6899063363671 0 -30.5717568844557 13.6899063363671 0 -31.6164083778858 13.2247963920236 0 -27.2650644183159 11.287453584373 0 -27.3845940828323 10.1502034813166 0 -31.1185251921415 8.48774984478951 0 -29.9999993294477 8.24999995529652 0 -28.881473466754 8.48774984478951 0 -27.9563516378403 9.15989093482494 0 -27.6184305548668 12.3749999329448 0 -32.7349342405796 11.287453584373 0 -32.6154045760632 10.1502034813166 0 -32.0436470210552 9.15989093482494 0 -32.3815681040287 12.3749999329448 2.49495022859341E-15 2.22738645970821 -20.7726135849953 2.6484910803052E-15 1.20545283425599 -20.0897790491581 2.79496698240517E-15 3.14544609628088E-15 -19.8500007390976 2.91207859314497E-15 -1.20545283425599 -20.0897790491581 2.98199644801132E-15 -2.22738645970821 -20.7726135849953 2.94647876007437E-15 -3.15000000409782 -23.0000000447035 2.84645070373047E-15 -2.9102205298841 -24.2054536938667 2.40920344552525E-15 3.2175330255085E-15 -26.1499993503094 2.70922019933701E-15 -2.22738645970821 -25.2273865044117 2.55567934762522E-15 -1.20545283425599 -25.9102210402489 2.2221739799191E-15 2.22738645970821 -25.2273865044117 2.21009424784368E-15 2.9102205298841 -24.2054536938667 2.29209183478545E-15 1.20545283425599 -25.9102210402489 2.25769166785605E-15 3.15000000409782 -23.0000000447035 0 10.3000001981854 -21.0500005632639 2.99407618008674E-15 -2.9102205298841 -21.7945463955402 2.35771972419995E-15 2.9102205298841 -21.7945463955402 4.1439267147069E-15 -2.81068915260918E-16 5.84999984130263 4.02681531076226E-15 1.20545283425599 6.089779548347 3.95689745589591E-15 2.22738645970821 6.77261361852288 0 10.3000001981854 7.05000013113022 4.44394388210897E-15 -2.22738645970821 6.77261361852288 4.29040261680687E-15 -1.20545283425599 6.089779548347 4.52969066517713E-15 -3.53155896187324E-16 12.1499998494983 4.64680206912178E-15 -1.20545283425599 11.9102206081152 4.71671992398813E-15 -2.22738645970821 11.227386072278 4.72879965606355E-15 -2.9102205298841 10.2054532617331 3.99241493703771E-15 3.15000000409782 8.99999961256981 0 10.3000001981854 12.9500003531575 4.0924429933816E-15 2.9102205298841 10.2054532617331 4.38321476307716E-15 1.20545283425599 11.9102206081152 4.68120244284633E-15 -3.15000000409782 8.99999961256981 3.94481772382049E-15 2.9102205298841 7.79454736039042 4.22967349777507E-15 2.22738645970821 11.227386072278 4.58117438650243E-15 -2.9102205298841 7.79454736039042 0 10.3000001981854 32.9999998211861 5.25057650106556E-15 1.20545283425599 20.910220220685 -3.74999991618097 -52.7499988675117 32.9999998211861 -2.59118620306253 -52.5664612650871 -46.9999983906746 -2.59118620306253 -52.5664612650871 32.9999998211861 -1.54580525122583 -52.0338155329227 -46.9999983906746 -0.71618624497205 -51.2041933834553 -46.9999983906746 -1.54580525122583 -52.0338155329227 32.9999998211861 -0.183538068085909 -50.1588135957718 -46.9999983906746 -0.71618624497205 -51.2041933834553 32.9999998211861 -3.46944695195361E-15 -48.9999987185001 14.299999922514 -0.183538068085909 -50.1588135957718 32.9999998211861 -3.46944695195361E-15 -48.9999987185001 12.9500003531575 -3.46944695195361E-15 -48.9999987185001 27.0750001072884 -3.46944695195361E-15 -48.9999987185001 32.9999998211861 -3.46944695195361E-15 -48.9999987185001 7.05000013113022 -3.46944695195361E-15 -48.9999987185001 4.4999998062849 -3.46944695195361E-15 -48.9999987185001 -7.00000021606684 -3.46944695195361E-15 -48.9999987185001 -18.5000002384186 -3.46944695195361E-15 -48.9999987185001 -21.0500005632639 -3.46944695195361E-15 -48.9999987185001 -28.3000003546476 -3.46944695195361E-15 -48.9999987185001 -46.9999983906746 -3.46944695195361E-15 -48.9999987185001 -26.9499998539686 -3.74999991618097 -52.7499988675117 -46.9999983906746 -19.7907909750938 -52.7499988675117 -5.12996735051274 -23.4999991953373 -52.7499988675117 32.9999998211861 -20.7410734146833 -52.7499988675117 -5.01458207145333 -13.2709117606282 -52.7499988675117 -6.07055379077792 -13.5000003501773 -52.7499988675117 -7.00000021606684 -21.6361302882433 -52.7499988675117 -5.35403238609433 -22.2709123045206 -52.7499988675117 -6.07055379077792 -13.2709117606282 -52.7499988675117 -7.92944617569447 -12.6361297443509 -52.7499988675117 -8.64596758037806 -22.5000008940697 -52.7499988675117 -7.00000021606684 -23.4999991953373 -52.7499988675117 -46.9999983906746 -22.2709123045206 -52.7499988675117 -7.92944617569447 -19.7907909750938 -52.7499988675117 -8.87003261595964 -3.74999991618097 -52.7499988675117 -46.9999983906746 -3.74999991618097 -52.7499988675117 32.9999998211861 -9.4999996945262 -52.7499988675117 -7.00000021606684 -10.0029781460762 -52.7499988675117 -8.32624547183514 -10.7907904312015 -52.7499988675117 -8.87003261595964 -9.55811608582735 -52.7499988675117 -7.47863110154867 -11.7410738021135 -52.7499988675117 -5.01458207145333 -10.7907904312015 -52.7499988675117 -5.12996735051274 -18.5000002384186 -52.7499988675117 -7.00000021606684 -18.5581166297197 -52.7499988675117 -6.52136886492372 -10.0029781460762 -52.7499988675117 -5.67375449463725 -19.002977758646 -52.7499988675117 -5.67375449463725 -12.6361297443509 -52.7499988675117 -5.35403238609433 -9.55811608582735 -52.7499988675117 -6.52136886492372 -11.7410738021135 -52.7499988675117 -8.98541789501905 -19.002977758646 -52.7499988675117 -8.32624547183514 -18.5581166297197 -52.7499988675117 -7.47863110154867 -20.7410734146833 -52.7499988675117 -8.98541789501905 -21.6361302882433 -52.7499988675117 -8.64596758037806 0 -15.2000002563 -46.9999983906746 -1.24999997206032 -7.25639844313264 -46.9999983906746 0 10.3000001981854 -46.9999983906746 0 -40.8749990165234 -46.9999983906746 -2.79329135082662 -51.309697329998 -46.9999983906746 -1.54580525122583 -52.0338155329227 -46.9999983906746 -2.59118620306253 -52.5664612650871 -46.9999983906746 -3.74999991618097 -51.5000000596046 -46.9999983906746 -3.74999991618097 -52.7499988675117 -46.9999983906746 -23.4999991953373 -52.7499988675117 -46.9999983906746 -23.4999991953373 -51.5000000596046 -46.9999983906746 -1.24999997206032 -48.9999987185001 -46.9999983906746 -1.98223302140832 -50.7677681744099 -46.9999983906746 -0.71618624497205 -51.2041933834553 -46.9999983906746 -3.25000006705523 5.43590029701591 -46.9999983906746 -3.25000006705523 -5.57819940149784 -46.9999983906746 -0.183538068085909 -50.1588135957718 -46.9999983906746 -1.44030118826777 -49.9567091464996 -46.9999983906746 -1.24999997206032 8.2999998703599 -46.9999983906746 -3.46944695195361E-15 -48.9999987185001 -46.9999983906746 -3.25000006705523 6.6218008287251 -46.9999983906746 -1.24999997206032 10.3000001981854 -46.9999983906746 -0.71618624497205 -51.2041933834553 32.9999998211861 -1.44030118826777 -49.9567091464996 32.9999998211861 -1.98223302140832 -50.7677681744099 32.9999998211861 -3.74999991618097 -52.7499988675117 32.9999998211861 -23.4999991953373 -51.5000000596046 32.9999998211861 -23.4999991953373 -52.7499988675117 32.9999998211861 -3.74999991618097 -51.5000000596046 32.9999998211861 -2.59118620306253 -52.5664612650871 32.9999998211861 -2.79329135082662 -51.309697329998 32.9999998211861 -1.54580525122583 -52.0338155329227 32.9999998211861 0 -40.8749990165234 32.9999998211861 -1.24999997206032 -7.25639844313264 32.9999998211861 -1.24999997206032 -48.9999987185001 32.9999998211861 0 -15.2000002563 32.9999998211861 -1.24999997206032 8.2999998703599 32.9999998211861 -0.183538068085909 -50.1588135957718 32.9999998211861 -3.46944695195361E-15 -48.9999987185001 32.9999998211861 0 10.3000001981854 32.9999998211861 -1.24999997206032 10.3000001981854 32.9999998211861 -3.25000006705523 5.43590029701591 32.9999998211861 -3.25000006705523 -5.57819940149784 32.9999998211861 -3.25000006705523 6.6218008287251 32.9999998211861 -3.94999980926514 -42.1149991452694 15.3500000014901 -3.25000006705523 -35.6349982321262 24.6500000357628 -3.25000006705523 -35.6349982321262 15.3500000014901 -3.94999980926514 -42.1149991452694 24.6500000357628 -3.94999980926514 -42.1149991452694 15.3500000014901 -4.41520661115646 -44.1942065954208 24.6500000357628 -3.94999980926514 -42.1149991452694 24.6500000357628 -6.52145035564899 -47.8740409016609 24.6500000357628 -5.28388051316142 -46.1396984755993 15.3500000014901 -6.52145035564899 -47.8740409016609 15.3500000014901 -8.07866174727678 -49.3282116949558 24.6500000357628 -8.07866174727678 -49.3282116949558 15.3500000014901 -11.8938563391566 -51.1780008673668 15.3500000014901 -14.0000004321337 -51.5000000596046 24.6500000357628 -11.8938563391566 -51.1780008673668 24.6500000357628 -9.89354029297829 -50.4443384706974 15.3500000014901 -9.89354029297829 -50.4443384706974 24.6500000357628 -5.28388051316142 -46.1396984755993 24.6500000357628 -4.41520661115646 -44.1942065954208 15.3500000014901 -14.0000004321337 -51.5000000596046 15.3500000014901 -5.28388051316142 -46.1396984755993 24.6500000357628 -1.44030118826777 -49.9567091464996 24.6500000357628 -1.24999997206032 -48.9999987185001 24.6500000357628 -1.24999997206032 -7.25639844313264 24.6500000357628 -3.25000006705523 -35.6349982321262 24.6500000357628 -4.41520661115646 -44.1942065954208 24.6500000357628 -6.52145035564899 -47.8740409016609 24.6500000357628 -3.74999991618097 -51.5000000596046 24.6500000357628 -2.79329135082662 -51.309697329998 24.6500000357628 -3.25000006705523 -5.57819940149784 24.6500000357628 -3.94999980926514 -42.1149991452694 24.6500000357628 -8.07866174727678 -49.3282116949558 24.6500000357628 -9.89354029297829 -50.4443384706974 24.6500000357628 -11.8938563391566 -51.1780008673668 24.6500000357628 -1.98223302140832 -50.7677681744099 24.6500000357628 -14.0000004321337 -51.5000000596046 24.6500000357628 -3.25000006705523 -35.6349982321262 15.3500000014901 -1.24999997206032 -7.25639844313264 15.3500000014901 -1.24999997206032 -48.9999987185001 15.3500000014901 -1.98223302140832 -50.7677681744099 15.3500000014901 -6.52145035564899 -47.8740409016609 15.3500000014901 -1.44030118826777 -49.9567091464996 15.3500000014901 -5.28388051316142 -46.1396984755993 15.3500000014901 -3.94999980926514 -42.1149991452694 15.3500000014901 -9.89354029297829 -50.4443384706974 15.3500000014901 -3.74999991618097 -51.5000000596046 15.3500000014901 -11.8938563391566 -51.1780008673668 15.3500000014901 -2.79329135082662 -51.309697329998 15.3500000014901 -4.41520661115646 -44.1942065954208 15.3500000014901 -8.07866174727678 -49.3282116949558 15.3500000014901 -3.25000006705523 -5.57819940149784 15.3500000014901 -14.0000004321337 -51.5000000596046 15.3500000014901 -3.25000006705523 -35.6349982321262 4.4999998062849 -3.94999980926514 -42.1149991452694 -2.64999992214143 -3.94999980926514 -42.1149991452694 6.64999987930059 -3.25000006705523 -35.6349982321262 -2.64999992214143 -3.25000006705523 -35.6349982321262 6.64999987930059 -11.8938563391566 -51.1780008673668 6.64999987930059 -9.89354029297829 -50.4443384706974 -2.64999992214143 -11.8938563391566 -51.1780008673668 -2.64999992214143 -9.89354029297829 -50.4443384706974 6.64999987930059 -8.07866174727678 -49.3282116949558 -2.64999992214143 -8.07866174727678 -49.3282116949558 6.64999987930059 -6.52145035564899 -47.8740409016609 -2.64999992214143 -6.52145035564899 -47.8740409016609 6.64999987930059 -5.28388051316142 -46.1396984755993 -2.64999992214143 -5.28388051316142 -46.1396984755993 6.64999987930059 -4.41520661115646 -44.1942065954208 -2.64999992214143 -4.41520661115646 -44.1942065954208 6.64999987930059 -3.94999980926514 -42.1149991452694 -2.64999992214143 -3.94999980926514 -42.1149991452694 6.64999987930059 -14.0000004321337 -51.5000000596046 6.64999987930059 -14.0000004321337 -51.5000000596046 -2.64999992214143 -1.44030118826777 -49.9567091464996 6.64999987930059 -5.28388051316142 -46.1396984755993 6.64999987930059 -1.98223302140832 -50.7677681744099 6.64999987930059 -3.74999991618097 -51.5000000596046 6.64999987930059 -11.8938563391566 -51.1780008673668 6.64999987930059 -14.0000004321337 -51.5000000596046 6.64999987930059 -1.24999997206032 -48.9999987185001 6.64999987930059 -3.25000006705523 -35.6349982321262 6.64999987930059 -3.94999980926514 -42.1149991452694 6.64999987930059 -1.24999997206032 -7.25639844313264 6.64999987930059 -4.41520661115646 -44.1942065954208 6.64999987930059 -9.89354029297829 -50.4443384706974 6.64999987930059 -8.07866174727678 -49.3282116949558 6.64999987930059 -2.79329135082662 -51.309697329998 6.64999987930059 -6.52145035564899 -47.8740409016609 6.64999987930059 -3.25000006705523 -5.57819940149784 6.64999987930059 -3.74999991618097 -51.5000000596046 -2.64999992214143 -9.89354029297829 -50.4443384706974 -2.64999992214143 -8.07866174727678 -49.3282116949558 -2.64999992214143 -6.52145035564899 -47.8740409016609 -2.64999992214143 -1.24999997206032 -7.25639844313264 -2.64999992214143 -3.25000006705523 -35.6349982321262 -2.64999992214143 -3.25000006705523 -5.57819940149784 -2.64999992214143 -1.24999997206032 -48.9999987185001 -2.64999992214143 -5.28388051316142 -46.1396984755993 -2.64999992214143 -4.41520661115646 -44.1942065954208 -2.64999992214143 -1.98223302140832 -50.7677681744099 -2.64999992214143 -1.44030118826777 -49.9567091464996 -2.64999992214143 -11.8938563391566 -51.1780008673668 -2.64999992214143 -14.0000004321337 -51.5000000596046 -2.64999992214143 -2.79329135082662 -51.309697329998 -2.64999992214143 -3.94999980926514 -42.1149991452694 -2.64999992214143 -3.94999980926514 -42.1149991452694 -20.6499993801117 -3.25000006705523 -35.6349982321262 -18.5000002384186 -3.25000006705523 -35.6349982321262 -20.6499993801117 -3.94999980926514 -42.1149991452694 -11.3500002771616 -3.25000006705523 -35.6349982321262 -11.3500002771616 -4.41520661115646 -44.1942065954208 -11.3500002771616 -3.94999980926514 -42.1149991452694 -20.6499993801117 -4.41520661115646 -44.1942065954208 -20.6499993801117 -3.94999980926514 -42.1149991452694 -11.3500002771616 -5.28388051316142 -46.1396984755993 -11.3500002771616 -5.28388051316142 -46.1396984755993 -20.6499993801117 -6.52145035564899 -47.8740409016609 -11.3500002771616 -6.52145035564899 -47.8740409016609 -20.6499993801117 -8.07866174727678 -49.3282116949558 -11.3500002771616 -8.07866174727678 -49.3282116949558 -20.6499993801117 -9.89354029297829 -50.4443384706974 -11.3500002771616 -9.89354029297829 -50.4443384706974 -20.6499993801117 -11.8938563391566 -51.1780008673668 -11.3500002771616 -11.8938563391566 -51.1780008673668 -20.6499993801117 -14.0000004321337 -51.5000000596046 -11.3500002771616 -14.0000004321337 -51.5000000596046 -20.6499993801117 -5.28388051316142 -46.1396984755993 -11.3500002771616 -2.79329135082662 -51.309697329998 -11.3500002771616 -1.98223302140832 -50.7677681744099 -11.3500002771616 -3.74999991618097 -51.5000000596046 -11.3500002771616 -6.52145035564899 -47.8740409016609 -11.3500002771616 -8.07866174727678 -49.3282116949558 -11.3500002771616 -9.89354029297829 -50.4443384706974 -11.3500002771616 -11.8938563391566 -51.1780008673668 -11.3500002771616 -3.25000006705523 -35.6349982321262 -11.3500002771616 -1.24999997206032 -7.25639844313264 -11.3500002771616 -3.25000006705523 -5.57819940149784 -11.3500002771616 -1.24999997206032 -48.9999987185001 -11.3500002771616 -4.41520661115646 -44.1942065954208 -11.3500002771616 -1.44030118826777 -49.9567091464996 -11.3500002771616 -3.94999980926514 -42.1149991452694 -11.3500002771616 -14.0000004321337 -51.5000000596046 -11.3500002771616 -1.98223302140832 -50.7677681744099 -20.6499993801117 -6.52145035564899 -47.8740409016609 -20.6499993801117 -1.44030118826777 -49.9567091464996 -20.6499993801117 -1.24999997206032 -48.9999987185001 -20.6499993801117 -5.28388051316142 -46.1396984755993 -20.6499993801117 -3.25000006705523 -35.6349982321262 -20.6499993801117 -3.94999980926514 -42.1149991452694 -20.6499993801117 -1.24999997206032 -7.25639844313264 -20.6499993801117 -3.25000006705523 -5.57819940149784 -20.6499993801117 -3.74999991618097 -51.5000000596046 -20.6499993801117 -8.07866174727678 -49.3282116949558 -20.6499993801117 -9.89354029297829 -50.4443384706974 -20.6499993801117 -11.8938563391566 -51.1780008673668 -20.6499993801117 -14.0000004321337 -51.5000000596046 -20.6499993801117 -2.79329135082662 -51.309697329998 -20.6499993801117 -4.41520661115646 -44.1942065954208 -20.6499993801117 -3.94999980926514 -42.1149991452694 -38.6499986052513 -3.25000006705523 -35.6349982321262 -29.3499995023012 -3.25000006705523 -35.6349982321262 -38.6499986052513 -3.94999980926514 -42.1149991452694 -29.3499995023012 -8.07866174727678 -49.3282116949558 -29.3499995023012 -6.52145035564899 -47.8740409016609 -38.6499986052513 -8.07866174727678 -49.3282116949558 -38.6499986052513 -9.89354029297829 -50.4443384706974 -29.3499995023012 -9.89354029297829 -50.4443384706974 -38.6499986052513 -11.8938563391566 -51.1780008673668 -29.3499995023012 -11.8938563391566 -51.1780008673668 -38.6499986052513 -14.0000004321337 -51.5000000596046 -29.3499995023012 -14.0000004321337 -51.5000000596046 -38.6499986052513 -6.52145035564899 -47.8740409016609 -29.3499995023012 -5.28388051316142 -46.1396984755993 -38.6499986052513 -5.28388051316142 -46.1396984755993 -29.3499995023012 -4.41520661115646 -44.1942065954208 -38.6499986052513 -4.41520661115646 -44.1942065954208 -29.3499995023012 -3.94999980926514 -42.1149991452694 -38.6499986052513 -3.94999980926514 -42.1149991452694 -29.3499995023012 -1.24999997206032 -48.9999987185001 -29.3499995023012 -3.94999980926514 -42.1149991452694 -29.3499995023012 -4.41520661115646 -44.1942065954208 -29.3499995023012 -3.25000006705523 -35.6349982321262 -29.3499995023012 -9.89354029297829 -50.4443384706974 -29.3499995023012 -3.74999991618097 -51.5000000596046 -29.3499995023012 -8.07866174727678 -49.3282116949558 -29.3499995023012 -5.28388051316142 -46.1396984755993 -29.3499995023012 -1.44030118826777 -49.9567091464996 -29.3499995023012 -1.24999997206032 -7.25639844313264 -29.3499995023012 -6.52145035564899 -47.8740409016609 -29.3499995023012 -2.79329135082662 -51.309697329998 -29.3499995023012 -3.25000006705523 -5.57819940149784 -29.3499995023012 -1.98223302140832 -50.7677681744099 -29.3499995023012 -11.8938563391566 -51.1780008673668 -29.3499995023012 -14.0000004321337 -51.5000000596046 -29.3499995023012 -3.74999991618097 -51.5000000596046 -38.6499986052513 -6.52145035564899 -47.8740409016609 -38.6499986052513 -2.79329135082662 -51.309697329998 -38.6499986052513 -11.8938563391566 -51.1780008673668 -38.6499986052513 -14.0000004321337 -51.5000000596046 -38.6499986052513 -1.24999997206032 -48.9999987185001 -38.6499986052513 -5.28388051316142 -46.1396984755993 -38.6499986052513 -4.41520661115646 -44.1942065954208 -38.6499986052513 -9.89354029297829 -50.4443384706974 -38.6499986052513 -8.07866174727678 -49.3282116949558 -38.6499986052513 -1.24999997206032 -7.25639844313264 -38.6499986052513 -3.25000006705523 -35.6349982321262 -38.6499986052513 -3.25000006705523 -5.57819940149784 -38.6499986052513 -3.94999980926514 -42.1149991452694 -38.6499986052513 -1.98223302140832 -50.7677681744099 -38.6499986052513 -1.44030118826777 -49.9567091464996 -38.6499986052513 -2.0000000949949 -4.250000230968 -32.0000015199184 -3.25000006705523 -4.01972327381372 -33.3799719810486 -3.25000006705523 -4.250000230968 -32.0000015199184 -2.0000000949949 -4.01972327381372 -33.3799719810486 -3.25000006705523 -3.35384719073772 -34.6104055643082 -2.0000000949949 -3.35384719073772 -34.6104055643082 -3.25000006705523 -2.32452969066799 -35.557959228754 -2.0000000949949 -2.32452969066799 -35.557959228754 -3.25000006705523 -1.04331329930574 -36.1199527978897 -2.0000000949949 -1.04331329930574 -36.1199527978897 -3.25000006705523 0.350962218362838 -36.2354852259159 -2.0000000949949 0.350962218362838 -36.2354852259159 -3.25000006705523 1.70720554888248 -35.8920358121395 -2.0000000949949 1.70720554888248 -35.8920358121395 -3.25000006705523 2.87844659760594 -35.1268276572227 -2.0000000949949 3.73776350170374 -34.0227782726288 -3.25000006705523 4.19203564524651 -32.6995253562927 -3.25000006705523 3.73776350170374 -34.0227782726288 -2.0000000949949 2.87844659760594 -35.1268276572227 -2.0000000949949 4.19203564524651 -31.3004739582539 -3.25000006705523 3.73776350170374 -29.977222904563 -3.25000006705523 4.19203564524651 -31.3004739582539 -2.0000000949949 3.73776350170374 -29.977222904563 -3.25000006705523 2.87844659760594 -28.873173519969 -2.0000000949949 2.87844659760594 -28.873173519969 -3.25000006705523 1.70720554888248 -28.1079635024071 -2.0000000949949 1.70720554888248 -28.1079635024071 -3.25000006705523 0.350962218362838 -27.7645159512758 -2.0000000949949 0.350962218362838 -27.7645159512758 -3.25000006705523 -1.04331329930574 -27.880048379302 -2.0000000949949 -1.04331329930574 -27.880048379302 -3.25000006705523 -2.32452969066799 -28.4420419484377 -2.0000000949949 -2.32452969066799 -28.4420419484377 -3.25000006705523 -3.35384719073772 -29.3895956128836 -2.0000000949949 -3.35384719073772 -29.3895956128836 -3.25000006705523 -4.01972327381372 -30.620027333498 -2.0000000949949 -4.01972327381372 -30.620027333498 -2.0000000949949 4.19203564524651 -32.6995253562927 -2.0000000949949 3.73776350170374 -25.0227767974138 -3.25000006705523 4.19203564524651 -23.6995276063681 -3.25000006705523 3.73776350170374 -25.0227767974138 -2.0000000949949 2.87844659760594 -26.1268261820078 -3.25000006705523 2.87844659760594 -26.1268261820078 -2.0000000949949 1.70720554888248 -26.8920361995697 -3.25000006705523 1.70720554888248 -26.8920361995697 -2.0000000949949 0.350962218362838 -27.235483750701 -3.25000006705523 0.350962218362838 -27.235483750701 -2.0000000949949 -1.04331329930574 -27.1199513226748 -3.25000006705523 -1.04331329930574 -27.1199513226748 -2.0000000949949 -2.32452969066799 -26.5579577535391 -3.25000006705523 -2.32452969066799 -26.5579577535391 -2.0000000949949 -3.35384719073772 -25.6104040890932 -3.25000006705523 -3.35384719073772 -25.6104040890932 -2.0000000949949 -4.01972327381372 -24.3799723684788 -3.25000006705523 -4.01972327381372 -24.3799723684788 -2.0000000949949 -4.250000230968 -23.0000000447035 -3.25000006705523 -4.250000230968 -23.0000000447035 -2.0000000949949 4.19203564524651 -23.6995276063681 -3.25000006705523 4.19203564524651 -22.3004724830389 -2.0000000949949 4.19203564524651 -22.3004724830389 -3.25000006705523 3.73776350170374 -20.9772232919931 -2.0000000949949 3.73776350170374 -20.9772232919931 -3.25000006705523 2.87844659760594 -19.8731739073992 -2.0000000949949 2.87844659760594 -19.8731739073992 -3.25000006705523 1.70720554888248 -19.1079638898373 -2.0000000949949 1.70720554888248 -19.1079638898373 -3.25000006705523 0.350962218362838 -18.764516338706 -2.0000000949949 0.350962218362838 -18.764516338706 -3.25000006705523 -1.04331329930574 -18.8800487667322 -2.0000000949949 -1.04331329930574 -18.8800487667322 -3.25000006705523 -2.32452969066799 -19.4420423358679 -2.0000000949949 -2.32452969066799 -19.4420423358679 -3.25000006705523 -3.35384719073772 -20.3895960003138 -2.0000000949949 -3.35384719073772 -20.3895960003138 -3.25000006705523 -4.01972327381372 -21.6200277209282 -2.0000000949949 -4.01972327381372 -21.6200277209282 -2.0000000949949 4.19203564524651 -14.6995270624757 -3.25000006705523 4.19203564524651 -13.3004728704691 -3.25000006705523 4.19203564524651 -14.6995270624757 -3.25000006705523 0.350962218362838 -18.2354841381311 -2.0000000949949 -1.04331329930574 -18.1199517101049 -2.0000000949949 0.350962218362838 -18.2354841381311 -3.25000006705523 -1.04331329930574 -18.1199517101049 -2.0000000949949 -2.32452969066799 -17.5579581409693 -3.25000006705523 -2.32452969066799 -17.5579581409693 -2.0000000949949 -3.35384719073772 -16.6104044765234 -3.25000006705523 -3.35384719073772 -16.6104044765234 -2.0000000949949 -4.01972327381372 -15.379972755909 -3.25000006705523 -4.01972327381372 -15.379972755909 -2.0000000949949 -4.250000230968 -14.0000004321337 -3.25000006705523 2.87844659760594 -17.126826569438 -2.0000000949949 1.70720554888248 -17.8920365869999 -2.0000000949949 2.87844659760594 -17.126826569438 -3.25000006705523 3.73776350170374 -16.022777184844 -2.0000000949949 3.73776350170374 -16.022777184844 -2.0000000949949 4.19203564524651 -13.3004728704691 -3.25000006705523 3.73776350170374 -11.9772236794233 -2.0000000949949 3.73776350170374 -11.9772236794233 -3.25000006705523 2.87844659760594 -10.8731733635068 -2.0000000949949 2.87844659760594 -10.8731733635068 -3.25000006705523 1.70720554888248 -10.1079633459449 -2.0000000949949 1.70720554888248 -10.1079633459449 -3.25000006705523 0.350962218362838 -9.76451579481363 -2.0000000949949 0.350962218362838 -9.76451579481363 -3.25000006705523 -1.04331329930574 -9.88004915416241 -2.0000000949949 -1.04331329930574 -9.88004915416241 -3.25000006705523 -2.32452969066799 -10.4420427232981 -2.0000000949949 -2.32452969066799 -10.4420427232981 -3.25000006705523 -3.35384719073772 -11.3895963877439 -2.0000000949949 -3.35384719073772 -11.3895963877439 -3.25000006705523 -4.01972327381372 -12.6200271770358 -2.0000000949949 -4.01972327381372 -12.6200271770358 -3.25000006705523 -4.250000230968 -14.0000004321337 -3.25000006705523 1.70720554888248 -17.8920365869999 -2.0000000949949 -3.35384719073772 20.6104032695293 -3.25000006705523 -4.01972327381372 19.3799734115601 -3.25000006705523 -3.35384719073772 20.6104032695293 -2.0000000949949 2.87844659760594 14.8731730878353 -3.25000006705523 3.73776350170374 15.9772243350744 -3.25000006705523 2.87844659760594 14.8731730878353 -2.0000000949949 3.73776350170374 15.9772243350744 -3.25000006705523 4.19203564524651 17.3004735261202 -2.0000000949949 4.19203564524651 17.3004735261202 -3.25000006705523 4.19203564524651 18.6995267868042 -2.0000000949949 4.19203564524651 18.6995267868042 -3.25000006705523 3.73776350170374 20.02277597785 -2.0000000949949 3.73776350170374 20.02277597785 -3.25000006705523 2.87844659760594 21.1268272250891 -3.25000006705523 -4.01972327381372 16.6200269013643 -2.0000000949949 -4.250000230968 17.9999992251396 -2.0000000949949 -4.01972327381372 16.6200269013643 -3.25000006705523 -3.35384719073772 15.3895961120725 -2.0000000949949 -3.35384719073772 15.3895961120725 -3.25000006705523 -2.32452969066799 14.4420424476266 -2.0000000949949 -2.32452969066799 14.4420424476266 -2.0000000949949 2.87844659760594 21.1268272250891 -3.25000006705523 1.70720554888248 21.892037242651 -2.0000000949949 1.70720554888248 21.892037242651 -3.25000006705523 0.350962218362838 22.2354847937822 -2.0000000949949 0.350962218362838 22.2354847937822 -3.25000006705523 -1.04331329930574 22.1199505031109 -2.0000000949949 -1.04331329930574 22.1199505031109 -3.25000006705523 -2.32452969066799 21.5579569339752 -2.0000000949949 -2.32452969066799 21.5579569339752 -2.0000000949949 -4.01972327381372 19.3799734115601 -3.25000006705523 -4.250000230968 17.9999992251396 -3.25000006705523 -1.04331329930574 13.8800488784909 -2.0000000949949 -1.04331329930574 13.8800488784909 -3.25000006705523 0.350962218362838 13.7645155191422 -2.0000000949949 0.350962218362838 13.7645155191422 -3.25000006705523 1.70720554888248 14.1079630702734 -2.0000000949949 1.70720554888248 14.1079630702734 -3.25000006705523 -4.01972327381372 7.62002728879452 -2.0000000949949 -4.250000230968 8.99999961256981 -2.0000000949949 -4.01972327381372 7.62002728879452 -3.25000006705523 -3.35384719073772 6.38959603384137 -2.0000000949949 -3.35384719073772 6.38959603384137 -3.25000006705523 -2.32452969066799 5.44204236939549 -2.0000000949949 -2.32452969066799 5.44204236939549 -3.25000006705523 -1.04331329930574 4.88004880025983 -2.0000000949949 -1.04331329930574 4.88004880025983 -3.25000006705523 0.350962218362838 4.76451590657234 -2.0000000949949 0.350962218362838 4.76451590657234 -3.25000006705523 1.70720554888248 5.10796345770359 -2.0000000949949 1.70720554888248 5.10796345770359 -3.25000006705523 2.87844659760594 5.8731734752655 -2.0000000949949 2.87844659760594 5.8731734752655 -3.25000006705523 3.73776350170374 6.97722379118204 -2.0000000949949 3.73776350170374 6.97722379118204 -3.25000006705523 4.19203564524651 8.3004729822278 -2.0000000949949 4.19203564524651 8.3004729822278 -3.25000006705523 4.19203564524651 9.69952717423439 -2.0000000949949 4.19203564524651 9.69952717423439 -3.25000006705523 3.73776350170374 11.0227763652802 -2.0000000949949 3.73776350170374 11.0227763652802 -3.25000006705523 2.87844659760594 12.1268266811967 -2.0000000949949 2.87844659760594 12.1268266811967 -3.25000006705523 1.70720554888248 12.8920366987586 -2.0000000949949 1.70720554888248 12.8920366987586 -3.25000006705523 0.350962218362838 13.2354842498899 -2.0000000949949 0.350962218362838 13.2354842498899 -3.25000006705523 -1.04331329930574 13.1199508905411 -2.0000000949949 -1.04331329930574 13.1199508905411 -3.25000006705523 -2.32452969066799 12.5579573214054 -2.0000000949949 -2.32452969066799 12.5579573214054 -3.25000006705523 -3.35384719073772 11.6104036569595 -2.0000000949949 -3.35384719073772 11.6104036569595 -3.25000006705523 -4.01972327381372 10.3799728676677 -2.0000000949949 -4.01972327381372 10.3799728676677 -3.25000006705523 -4.250000230968 8.99999961256981 -2.0000000949949 -4.01972327381372 -1.37997278943658 -3.25000006705523 -3.35384719073772 -2.61040404438972 -3.25000006705523 -4.01972327381372 -1.37997278943658 -2.0000000949949 -3.35384719073772 -2.61040404438972 -3.25000006705523 -2.32452969066799 -3.55795747600496 -2.0000000949949 -2.32452969066799 -3.55795747600496 -3.25000006705523 -1.04331329930574 -4.11995127797127 -2.0000000949949 -1.04331329930574 -4.11995127797127 -3.25000006705523 0.350962218362838 -4.23548417165875 -2.0000000949949 0.350962218362838 -4.23548417165875 -3.25000006705523 1.70720554888248 -3.89203662052751 -2.0000000949949 1.70720554888248 -3.89203662052751 -3.25000006705523 2.87844659760594 -3.12682660296559 -2.0000000949949 2.87844659760594 -3.12682660296559 -3.25000006705523 3.73776350170374 -2.0227765198797 -2.0000000949949 3.73776350170374 -2.0227765198797 -3.25000006705523 4.19203564524651 -0.699527037795633 -2.0000000949949 4.19203564524651 -0.699527037795633 -3.25000006705523 4.19203564524651 0.699527037795633 -2.0000000949949 4.19203564524651 0.699527037795633 -3.25000006705523 3.73776350170374 2.0227765198797 -2.0000000949949 3.73776350170374 2.0227765198797 -3.25000006705523 2.87844659760594 3.12682660296559 -2.0000000949949 2.87844659760594 3.12682660296559 -3.25000006705523 1.70720554888248 3.89203662052751 -2.0000000949949 1.70720554888248 3.89203662052751 -3.25000006705523 0.350962218362838 4.23548417165875 -2.0000000949949 0.350962218362838 4.23548417165875 -3.25000006705523 -1.04331329930574 4.11995127797127 -2.0000000949949 -1.04331329930574 4.11995127797127 -3.25000006705523 -2.32452969066799 3.55795747600496 -2.0000000949949 -2.32452969066799 3.55795747600496 -3.25000006705523 -3.35384719073772 2.61040404438972 -2.0000000949949 -3.35384719073772 2.61040404438972 -3.25000006705523 -4.01972327381372 1.37997278943658 -2.0000000949949 -4.01972327381372 1.37997278943658 -3.25000006705523 -4.250000230968 -8.41944649113757E-16 -2.0000000949949 -4.250000230968 -9.18485118759361E-16 -0.899999984540045 -3.15000000409782 17.9999992251396 -2.0000000949949 -4.01972327381372 16.6200269013643 -2.0000000949949 -4.250000230968 17.9999992251396 -0.899999984540045 -2.9102205298841 16.7945474386215 -0.899999984540045 -2.97932419925928 16.97719655931 -2.0000000949949 -3.35384719073772 15.3895961120725 -0.899999984540045 -2.22738645970821 15.7726127654314 -0.899999984540045 -2.48579261824489 16.0652305930853 -2.0000000949949 -2.32452969066799 14.4420424476266 -0.899999984540045 -1.20545283425599 15.0897791609168 -2.0000000949949 -1.04331329930574 13.8800488784909 -0.899999984540045 -1.72288669273257 15.3629258275032 -0.899999984540045 -1.47031829510153E-15 14.8499999195337 -2.0000000949949 0.350962218362838 13.7645155191422 -0.899999984540045 -0.773279287386686 14.9463890120387 -0.899999984540045 1.20545283425599 15.0897791609168 -2.0000000949949 1.70720554888248 14.1079630702734 -0.899999984540045 0.260124943451956 14.8607585579157 -0.899999984540045 1.26534060109407 15.1153141632676 -2.0000000949949 2.87844659760594 14.8731730878353 -0.899999984540045 2.22738645970821 15.7726127654314 -0.899999984540045 2.13343696668744 15.6824700534344 -2.0000000949949 3.73776350170374 15.9772243350744 -0.899999984540045 2.9102205298841 16.7945474386215 -0.899999984540045 2.77034239843488 16.5007654577494 -2.0000000949949 4.19203564524651 17.3004735261202 -0.899999984540045 3.15000000409782 17.9999992251396 -0.899999984540045 3.10703809373081 17.4815263599157 -2.0000000949949 4.19203564524651 18.6995267868042 -0.899999984540045 2.9102205298841 19.2054528743029 -2.0000000949949 3.73776350170374 20.02277597785 -0.899999984540045 2.22738645970821 20.2273856848478 -2.0000000949949 2.87844659760594 21.1268272250891 -0.899999984540045 2.77034239843488 19.499234855175 -0.899999984540045 2.13343696668744 20.31753025949 -2.0000000949949 1.70720554888248 21.892037242651 -0.899999984540045 1.20545283425599 20.910220220685 -0.899999984540045 1.26534060109407 20.8846852183342 -2.0000000949949 0.350962218362838 22.2354847937822 -0.899999984540045 -1.28905024585939E-15 21.1500003933907 -0.899999984540045 0.260124943451956 21.1392417550087 -2.0000000949949 -1.04331329930574 22.1199505031109 -0.899999984540045 -1.20545283425599 20.910220220685 -0.899999984540045 -0.773279287386686 21.0536103695631 -2.0000000949949 -2.32452969066799 21.5579569339752 -0.899999984540045 -2.22738645970821 20.2273856848478 -2.0000000949949 -3.35384719073772 20.6104032695293 -0.899999984540045 -1.72288669273257 20.6370744854212 -0.899999984540045 -2.9102205298841 19.2054528743029 -2.0000000949949 -4.01972327381372 19.3799734115601 -0.899999984540045 -2.48579261824489 19.9347697198391 -0.899999984540045 -2.97932419925928 19.0228037536144 -0.899999984540045 3.10703809373081 18.5184720903635 -2.0000000949949 -4.250000230968 8.99999961256981 -0.899999984540045 -2.97932419925928 10.022803209722 -0.899999984540045 -3.15000000409782 8.99999961256981 -2.0000000949949 -4.01972327381372 10.3799728676677 -0.899999984540045 -2.9102205298841 10.2054532617331 -2.0000000949949 -3.35384719073772 11.6104036569595 -0.899999984540045 -2.48579261824489 10.9347701072693 -0.899999984540045 -2.22738645970821 11.227386072278 -2.0000000949949 -2.32452969066799 12.5579573214054 -0.899999984540045 -1.72288669273257 11.6370739415288 -0.899999984540045 -1.20545283425599 11.9102206081152 -2.0000000949949 -1.04331329930574 13.1199508905411 -0.899999984540045 -0.773279287386686 12.0536107569933 -0.899999984540045 -2.5717727668279E-16 12.1499998494983 -2.0000000949949 0.350962218362838 13.2354842498899 -0.899999984540045 0.260124943451956 12.1392412111163 -0.899999984540045 1.20545283425599 11.9102206081152 -2.0000000949949 1.70720554888248 12.8920366987586 -0.899999984540045 1.26534060109407 11.8846856057644 -0.899999984540045 2.13343696668744 11.3175306469202 -2.0000000949949 2.87844659760594 12.1268266811967 -0.899999984540045 2.22738645970821 11.227386072278 -2.0000000949949 3.73776350170374 11.0227763652802 -0.899999984540045 2.77034239843488 10.4992343112826 -0.899999984540045 2.9102205298841 10.2054532617331 -2.0000000949949 4.19203564524651 9.69952717423439 -0.899999984540045 3.10703809373081 9.51847340911627 -0.899999984540045 3.15000000409782 8.99999961256981 -2.0000000949949 4.19203564524651 8.3004729822278 -0.899999984540045 3.10703809373081 8.48152674734592 -0.899999984540045 2.9102205298841 7.79454736039042 -2.0000000949949 3.73776350170374 6.97722379118204 -0.899999984540045 2.77034239843488 7.50076584517956 -0.899999984540045 2.22738645970821 6.77261361852288 -2.0000000949949 2.87844659760594 5.8731734752655 -0.899999984540045 2.13343696668744 6.68246950954199 -0.899999984540045 1.26534060109407 6.11531408503652 -2.0000000949949 1.70720554888248 5.10796345770359 -0.899999984540045 1.20545283425599 6.089779548347 -2.0000000949949 0.350962218362838 4.76451590657234 -0.899999984540045 0.260124943451956 5.86075894534588 -0.899999984540045 -4.02141842255444E-16 5.84999984130263 -2.0000000949949 -1.04331329930574 4.88004880025983 -0.899999984540045 -0.773279287386686 5.94638893380761 -0.899999984540045 -1.20545283425599 6.089779548347 -2.0000000949949 -2.32452969066799 5.44204236939549 -0.899999984540045 -1.72288669273257 6.36292574927211 -0.899999984540045 -2.22738645970821 6.77261361852288 -2.0000000949949 -3.35384719073772 6.38959603384137 -0.899999984540045 -2.48579261824489 7.06523004919291 -0.899999984540045 -2.9102205298841 7.79454736039042 -2.0000000949949 -4.01972327381372 7.62002728879452 -0.899999984540045 -2.97932419925928 7.97719694674015 -2.0000000949949 -4.01972327381372 1.37997278943658 -0.899999984540045 -2.9102205298841 1.20545283425599 -0.899999984540045 -2.97932419925928 1.02280336432159 -2.0000000949949 -4.250000230968 -9.18485118759361E-16 -2.0000000949949 -3.35384719073772 2.61040404438972 -0.899999984540045 -2.48579261824489 1.93477002903819 -0.899999984540045 -2.22738645970821 2.22738645970821 -2.0000000949949 -2.32452969066799 3.55795747600496 -0.899999984540045 -1.72288669273257 2.63707432895899 -0.899999984540045 -1.20545283425599 2.9102205298841 -2.0000000949949 -1.04331329930574 4.11995127797127 -0.899999984540045 -0.773279287386686 3.05361091159284 -0.899999984540045 -2.08658351618638E-16 3.15000000409782 -2.0000000949949 0.350962218362838 4.23548417165875 -0.899999984540045 0.260124943451956 3.13924113288522 -0.899999984540045 1.20545283425599 2.9102205298841 -2.0000000949949 1.70720554888248 3.89203662052751 -0.899999984540045 1.26534060109407 2.88468599319458 -0.899999984540045 2.13343696668744 2.31753033585846 -2.0000000949949 2.87844659760594 3.12682660296559 -0.899999984540045 2.22738645970821 2.22738645970821 -2.0000000949949 3.73776350170374 2.0227765198797 -0.899999984540045 2.77034239843488 1.49923423305154 -0.899999984540045 2.9102205298841 1.20545283425599 -2.0000000949949 4.19203564524651 0.699527037795633 -0.899999984540045 3.10703809373081 0.518472981639206 -0.899999984540045 3.15000000409782 4.51648782862502E-16 -2.0000000949949 4.19203564524651 -0.699527037795633 -0.899999984540045 3.10703809373081 -0.518472981639206 -0.899999984540045 2.9102205298841 -1.20545283425599 -2.0000000949949 3.73776350170374 -2.0227765198797 -0.899999984540045 2.77034239843488 -1.49923423305154 -0.899999984540045 2.22738645970821 -2.22738645970821 -2.0000000949949 2.87844659760594 -3.12682660296559 -0.899999984540045 2.13343696668744 -2.31753033585846 -0.899999984540045 1.26534060109407 -2.88468599319458 -2.0000000949949 1.70720554888248 -3.89203662052751 -0.899999984540045 1.20545283425599 -2.9102205298841 -2.0000000949949 0.350962218362838 -4.23548417165875 -0.899999984540045 0.260124943451956 -3.13924113288522 -0.899999984540045 -1.40474150993925E-16 -3.15000000409782 -2.0000000949949 -1.04331329930574 -4.11995127797127 -0.899999984540045 -0.773279287386686 -3.05361091159284 -0.899999984540045 -1.20545283425599 -2.9102205298841 -2.0000000949949 -2.32452969066799 -3.55795747600496 -0.899999984540045 -1.72288669273257 -2.63707432895899 -0.899999984540045 -2.22738645970821 -2.22738645970821 -2.0000000949949 -3.35384719073772 -2.61040404438972 -0.899999984540045 -2.48579261824489 -1.93477002903819 -0.899999984540045 -2.9102205298841 -1.20545283425599 -2.0000000949949 -4.01972327381372 -1.37997278943658 -0.899999984540045 -2.97932419925928 -1.02280336432159 -0.899999984540045 -3.15000000409782 5.5109105316104E-17 -2.0000000949949 -4.01972327381372 -12.6200271770358 -0.899999984540045 -2.9102205298841 -12.7945467829704 -0.899999984540045 -2.97932419925928 -12.9771968349814 -2.0000000949949 -3.35384719073772 -11.3895963877439 -0.899999984540045 -2.22738645970821 -11.7726139724255 -0.899999984540045 -2.48579261824489 -12.0652299374342 -2.0000000949949 -2.32452969066799 -10.4420427232981 -0.899999984540045 -1.20545283425599 -11.0897794365883 -0.899999984540045 -1.72288669273257 -11.3629251718521 -2.0000000949949 -1.04331329930574 -9.88004915416241 -0.899999984540045 2.23648772003387E-15 -10.8500001952052 -0.899999984540045 -0.773279287386686 -10.9463892877102 -2.0000000949949 0.350962218362838 -9.76451579481363 -0.899999984540045 1.20545283425599 -11.0897794365883 -0.899999984540045 0.260124943451956 -10.8607588335872 -2.0000000949949 1.70720554888248 -10.1079633459449 -0.899999984540045 2.13343696668744 -11.6824693977833 -0.899999984540045 1.26534060109407 -11.1153144389391 -2.0000000949949 2.87844659760594 -10.8731733635068 -0.899999984540045 2.22738645970821 -11.7726139724255 -2.0000000949949 3.73776350170374 -11.9772236794233 -0.899999984540045 2.9102205298841 -12.7945467829704 -0.899999984540045 2.77034239843488 -12.5007657334208 -2.0000000949949 4.19203564524651 -13.3004728704691 -0.899999984540045 3.15000000409782 -14.0000004321337 -0.899999984540045 3.10703809373081 -13.4815266355872 -2.0000000949949 4.19203564524651 -14.6995270624757 -0.899999984540045 2.9102205298841 -15.2054531499743 -0.899999984540045 3.10703809373081 -14.5184732973576 -2.0000000949949 -4.250000230968 -14.0000004321337 -2.0000000949949 3.73776350170374 -16.022777184844 -0.899999984540045 2.77034239843488 -15.4992341995239 -0.899999984540045 2.22738645970821 -16.2273868918419 -2.0000000949949 2.87844659760594 -17.126826569438 -0.899999984540045 2.13343696668744 -16.3175296038389 -0.899999984540045 1.26534060109407 -16.8846864253283 -2.0000000949949 1.70720554888248 -17.8920365869999 -0.899999984540045 1.20545283425599 -16.9102214276791 -2.0000000949949 0.350962218362838 -18.2354841381311 -0.899999984540045 0.260124943451956 -17.1392410993576 -0.899999984540045 1.92943641549781E-15 -17.1499997377396 -2.0000000949949 -1.04331329930574 -18.1199517101049 -0.899999984540045 -0.773279287386686 -17.0536115765572 -0.899999984540045 -1.20545283425599 -16.9102214276791 -2.0000000949949 -2.32452969066799 -17.5579581409693 -0.899999984540045 -1.72288669273257 -16.6370738297701 -0.899999984540045 -2.22738645970821 -16.2273868918419 -2.0000000949949 -3.35384719073772 -16.6104044765234 -0.899999984540045 -2.48579261824489 -15.9347709268332 -0.899999984540045 -2.9102205298841 -15.2054531499743 -2.0000000949949 -4.01972327381372 -15.379972755909 -0.899999984540045 -2.97932419925928 -15.0228030979633 -0.899999984540045 -3.15000000409782 -14.0000004321337 -2.0000000949949 -1.04331329930574 -27.1199513226748 -0.899999984540045 2.93976163991013E-15 -26.1499993503094 -2.0000000949949 0.350962218362838 -27.235483750701 -2.0000000949949 4.19203564524651 -22.3004724830389 -0.899999984540045 3.15000000409782 -23.0000000447035 -0.899999984540045 3.10703809373081 -22.4815271794796 -2.0000000949949 4.19203564524651 -23.6995276063681 -0.899999984540045 2.9102205298841 -24.2054536938667 -0.899999984540045 3.10703809373081 -23.5184729099274 -2.0000000949949 3.73776350170374 -25.0227767974138 -0.899999984540045 2.22738645970821 -25.2273865044117 -0.899999984540045 2.77034239843488 -24.4992338120937 -2.0000000949949 2.87844659760594 -26.1268261820078 -0.899999984540045 1.26534060109407 -25.8846860378981 -0.899999984540045 2.13343696668744 -25.3175310790539 -2.0000000949949 1.70720554888248 -26.8920361995697 -0.899999984540045 1.20545283425599 -25.9102210402489 -0.899999984540045 0.260124943451956 -26.1392407119274 -0.899999984540045 -1.20545283425599 -25.9102210402489 -0.899999984540045 -0.773279287386686 -26.053611189127 -2.0000000949949 -2.32452969066799 -26.5579577535391 -0.899999984540045 -2.22738645970821 -25.2273865044117 -0.899999984540045 -1.72288669273257 -25.637075304985 -2.0000000949949 -3.35384719073772 -25.6104040890932 -0.899999984540045 -2.9102205298841 -24.2054536938667 -0.899999984540045 -2.48579261824489 -24.934770539403 -2.0000000949949 -4.250000230968 -23.0000000447035 -0.899999984540045 -2.97932419925928 -21.9771973788738 -0.899999984540045 -3.15000000409782 -23.0000000447035 -2.0000000949949 -4.01972327381372 -21.6200277209282 -0.899999984540045 -2.9102205298841 -21.7945463955402 -2.0000000949949 -3.35384719073772 -20.3895960003138 -0.899999984540045 -2.22738645970821 -20.7726135849953 -0.899999984540045 -2.48579261824489 -21.065229550004 -2.0000000949949 -2.32452969066799 -19.4420423358679 -0.899999984540045 -1.20545283425599 -20.0897790491581 -0.899999984540045 -1.72288669273257 -20.3629247844219 -2.0000000949949 -1.04331329930574 -18.8800487667322 -0.899999984540045 2.93976163991013E-15 -19.8500007390976 -0.899999984540045 -0.773279287386686 -19.94638890028 -2.0000000949949 0.350962218362838 -18.764516338706 -0.899999984540045 1.20545283425599 -20.0897790491581 -0.899999984540045 0.260124943451956 -19.8607593774796 -2.0000000949949 1.70720554888248 -19.1079638898373 -0.899999984540045 2.13343696668744 -20.6824690103531 -0.899999984540045 1.26534060109407 -20.1153140515089 -2.0000000949949 2.87844659760594 -19.8731739073992 -0.899999984540045 2.22738645970821 -20.7726135849953 -2.0000000949949 -4.01972327381372 -24.3799723684788 -0.899999984540045 -2.97932419925928 -24.0228027105331 -0.899999984540045 2.9102205298841 -21.7945463955402 -2.0000000949949 3.73776350170374 -20.9772232919931 -0.899999984540045 2.77034239843488 -21.5007662773132 -2.0000000949949 3.73776350170374 -29.977222904563 -0.899999984540045 2.9102205298841 -30.7945478707552 -0.899999984540045 2.77034239843488 -30.500765889883 -2.0000000949949 4.19203564524651 -31.3004739582539 -0.899999984540045 3.15000000409782 -32.0000015199184 -0.899999984540045 3.10703809373081 -31.4815267920494 -2.0000000949949 4.19203564524651 -32.6995253562927 -0.899999984540045 2.9102205298841 -33.2054533064365 -0.899999984540045 3.10703809373081 -32.5184725224972 -2.0000000949949 2.87844659760594 -35.1268276572227 -0.899999984540045 1.26534060109407 -34.884687513113 -0.899999984540045 2.13343696668744 -34.3175306916237 -2.0000000949949 1.70720554888248 -35.8920358121395 -0.899999984540045 1.20545283425599 -34.9102206528187 -2.0000000949949 0.350962218362838 -36.2354852259159 -0.899999984540045 3.86324199899112E-15 -35.1499989628792 -0.899999984540045 0.260124943451956 -35.1392403244972 -2.0000000949949 -1.04331329930574 -36.1199527978897 -0.899999984540045 -1.20545283425599 -34.9102206528187 -0.899999984540045 -0.773279287386686 -35.0536108016968 -2.0000000949949 -2.32452969066799 -35.557959228754 -0.899999984540045 -2.22738645970821 -34.2273861169815 -0.899999984540045 -1.72288669273257 -34.6370749175549 -2.0000000949949 -3.35384719073772 -34.6104055643082 -0.899999984540045 -2.9102205298841 -33.2054533064365 -0.899999984540045 -2.48579261824489 -33.9347682893276 -2.0000000949949 -4.01972327381372 -33.3799719810486 -0.899999984540045 -3.15000000409782 -32.0000015199184 -0.899999984540045 -2.97932419925928 -33.022802323103 -2.0000000949949 -4.250000230968 -32.0000015199184 -0.899999984540045 2.22738645970821 -34.2273861169815 -2.0000000949949 3.73776350170374 -34.0227782726288 -0.899999984540045 2.77034239843488 -33.4992334246635 -0.899999984540045 -2.97932419925928 -30.9771969914436 -0.899999984540045 2.22738645970821 -29.7726131975651 -2.0000000949949 2.87844659760594 -28.873173519969 -0.899999984540045 2.13343696668744 -29.682470485568 -2.0000000949949 1.70720554888248 -28.1079635024071 -0.899999984540045 1.20545283425599 -29.0897786617279 -0.899999984540045 1.26534060109407 -29.1153136640787 -2.0000000949949 -4.01972327381372 -30.620027333498 -0.899999984540045 -2.9102205298841 -30.7945478707552 -2.0000000949949 -3.35384719073772 -29.3895956128836 -0.899999984540045 -2.48579261824489 -30.0652291625738 -0.899999984540045 -2.22738645970821 -29.7726131975651 -2.0000000949949 -2.32452969066799 -28.4420419484377 -0.899999984540045 -1.72288669273257 -29.3629262596369 -0.899999984540045 -1.20545283425599 -29.0897786617279 -2.0000000949949 -1.04331329930574 -27.880048379302 -0.899999984540045 -0.773279287386686 -28.9463885128498 -0.899999984540045 4.13196071996571E-15 -28.8500003516674 -2.0000000949949 0.350962218362838 -27.7645159512758 -0.899999984540045 0.260124943451956 -28.8607589900494 -23.4999991953373 -52.7499988675117 -46.9999983906746 -23.4999991953373 -51.5000000596046 32.9999998211861 -23.4999991953373 -51.5000000596046 -46.9999983906746 -23.4999991953373 -52.7499988675117 32.9999998211861 -22.5000008940697 -52.7499988675117 -7.00000021606684 -22.2709123045206 -53.4499995410442 -6.07055379077792 -22.2709123045206 -52.7499988675117 -6.07055379077792 -21.6361302882433 -53.4499995410442 -5.35403238609433 -21.6361302882433 -52.7499988675117 -5.35403238609433 -20.7410734146833 -53.4499995410442 -5.01458207145333 -20.7410734146833 -52.7499988675117 -5.01458207145333 -19.7907909750938 -53.4499995410442 -5.12996735051274 -19.7907909750938 -52.7499988675117 -5.12996735051274 -19.002977758646 -53.4499995410442 -5.67375449463725 -19.002977758646 -52.7499988675117 -5.67375449463725 -18.5581166297197 -53.4499995410442 -6.52136886492372 -18.5581166297197 -52.7499988675117 -6.52136886492372 -18.5581166297197 -53.4499995410442 -7.47863110154867 -18.5000002384186 -52.7499988675117 -7.00000021606684 -18.5000002384186 -53.4499995410442 -7.00000021606684 -18.5581166297197 -52.7499988675117 -7.47863110154867 -19.002977758646 -53.4499995410442 -8.32624547183514 -19.002977758646 -52.7499988675117 -8.32624547183514 -19.7907909750938 -53.4499995410442 -8.87003261595964 -19.7907909750938 -52.7499988675117 -8.87003261595964 -20.7410734146833 -53.4499995410442 -8.98541789501905 -20.7410734146833 -52.7499988675117 -8.98541789501905 -21.6361302882433 -53.4499995410442 -8.64596758037806 -21.6361302882433 -52.7499988675117 -8.64596758037806 -22.2709123045206 -53.4499995410442 -7.92944617569447 -22.2709123045206 -52.7499988675117 -7.92944617569447 -22.5000008940697 -53.4499995410442 -7.00000021606684 -20.5000005662441 -53.4499995410442 -7.00000021606684 -18.5000002384186 -53.4499995410442 -7.00000021606684 -18.5581166297197 -53.4499995410442 -6.52136886492372 -18.5581166297197 -53.4499995410442 -7.47863110154867 -19.002977758646 -53.4499995410442 -8.32624547183514 -19.7907909750938 -53.4499995410442 -8.87003261595964 -20.7410734146833 -53.4499995410442 -8.98541789501905 -21.6361302882433 -53.4499995410442 -8.64596758037806 -22.2709123045206 -53.4499995410442 -7.92944617569447 -22.5000008940697 -53.4499995410442 -7.00000021606684 -22.2709123045206 -53.4499995410442 -6.07055379077792 -21.6361302882433 -53.4499995410442 -5.35403238609433 -20.7410734146833 -53.4499995410442 -5.01458207145333 -19.7907909750938 -53.4499995410442 -5.12996735051274 -19.002977758646 -53.4499995410442 -5.67375449463725 -13.2709117606282 -52.7499988675117 -7.92944617569447 -13.5000003501773 -53.4499995410442 -7.00000021606684 -13.5000003501773 -52.7499988675117 -7.00000021606684 -12.6361297443509 -53.4499995410442 -5.35403238609433 -13.2709117606282 -52.7499988675117 -6.07055379077792 -13.2709117606282 -53.4499995410442 -6.07055379077792 -11.7410738021135 -53.4499995410442 -5.01458207145333 -12.6361297443509 -52.7499988675117 -5.35403238609433 -10.7907904312015 -53.4499995410442 -5.12996735051274 -11.7410738021135 -52.7499988675117 -5.01458207145333 -10.0029781460762 -53.4499995410442 -5.67375449463725 -10.7907904312015 -52.7499988675117 -5.12996735051274 -9.55811608582735 -53.4499995410442 -6.52136886492372 -10.0029781460762 -52.7499988675117 -5.67375449463725 -9.4999996945262 -52.7499988675117 -7.00000021606684 -9.55811608582735 -53.4499995410442 -7.47863110154867 -9.55811608582735 -52.7499988675117 -7.47863110154867 -9.4999996945262 -53.4499995410442 -7.00000021606684 -9.55811608582735 -52.7499988675117 -6.52136886492372 -10.0029781460762 -53.4499995410442 -8.32624547183514 -10.7907904312015 -53.4499995410442 -8.87003261595964 -10.0029781460762 -52.7499988675117 -8.32624547183514 -11.7410738021135 -53.4499995410442 -8.98541789501905 -10.7907904312015 -52.7499988675117 -8.87003261595964 -12.6361297443509 -53.4499995410442 -8.64596758037806 -11.7410738021135 -52.7499988675117 -8.98541789501905 -13.2709117606282 -53.4499995410442 -7.92944617569447 -12.6361297443509 -52.7499988675117 -8.64596758037806 -11.5000000223517 -53.4499995410442 -7.00000021606684 -12.6361297443509 -53.4499995410442 -8.64596758037806 -11.7410738021135 -53.4499995410442 -8.98541789501905 -10.0029781460762 -53.4499995410442 -5.67375449463725 -10.7907904312015 -53.4499995410442 -5.12996735051274 -11.7410738021135 -53.4499995410442 -5.01458207145333 -9.4999996945262 -53.4499995410442 -7.00000021606684 -9.55811608582735 -53.4499995410442 -6.52136886492372 -9.55811608582735 -53.4499995410442 -7.47863110154867 -10.0029781460762 -53.4499995410442 -8.32624547183514 -10.7907904312015 -53.4499995410442 -8.87003261595964 -13.2709117606282 -53.4499995410442 -7.92944617569447 -13.5000003501773 -53.4499995410442 -7.00000021606684 -13.2709117606282 -53.4499995410442 -6.07055379077792 -12.6361297443509 -53.4499995410442 -5.35403238609433 -1.24999997206032 -31.1185251921415 8.48774984478951 0 -32.0436470210552 9.15989093482494 0 -31.1185251921415 8.48774984478951 -1.24999997206032 -32.7499993145466 10.9999999403954 0 -32.6154045760632 10.1502034813166 -1.24999997206032 -32.6154045760632 10.1502034813166 -1.24999997206032 -29.9999993294477 8.24999995529652 0 -29.9999993294477 8.24999995529652 0 -32.7349342405796 11.287453584373 -1.24999997206032 -32.7349342405796 11.287453584373 0 -32.3815681040287 12.3749999329448 -1.24999997206032 -32.3815681040287 12.3749999329448 0 -31.6164083778858 13.2247963920236 -1.24999997206032 -31.6164083778858 13.2247963920236 0 -30.5717568844557 13.6899063363671 -1.24999997206032 -30.5717568844557 13.6899063363671 0 -29.428243637085 13.6899063363671 -1.24999997206032 -29.428243637085 13.6899063363671 0 -28.3835902810097 13.2247963920236 -1.24999997206032 -28.3835902810097 13.2247963920236 0 -27.6184305548668 12.3749999329448 -1.24999997206032 -27.6184305548668 12.3749999329448 0 -27.2650644183159 11.287453584373 -1.24999997206032 -27.2650644183159 11.287453584373 0 -27.3845940828323 10.1502034813166 -1.24999997206032 -27.3845940828323 10.1502034813166 0 -27.9563516378403 9.15989093482494 -1.24999997206032 -27.9563516378403 9.15989093482494 0 -28.881473466754 8.48774984478951 -1.24999997206032 -28.881473466754 8.48774984478951 -1.24999997206032 -32.0436470210552 9.15989093482494 0 -27.3845940828323 -25.8497968316078 -1.24999997206032 -27.2650644183159 -24.7125457972288 -1.24999997206032 -27.3845940828323 -25.8497968316078 -1.24999997206032 -31.1185251921415 -27.5122504681349 0 -32.0436470210552 -26.8401093780994 0 -31.1185251921415 -27.5122504681349 -1.24999997206032 -32.0436470210552 -26.8401093780994 0 -32.6154045760632 -25.8497968316078 -1.24999997206032 -32.7499993145466 -25.000000372529 -1.24999997206032 -32.6154045760632 -25.8497968316078 0 -32.7349342405796 -24.7125457972288 -1.24999997206032 -32.7349342405796 -24.7125457972288 0 -32.3815681040287 -23.624999448657 -1.24999997206032 -32.3815681040287 -23.624999448657 0 -31.6164083778858 -22.7752029895782 -1.24999997206032 -31.6164083778858 -22.7752029895782 0 -30.5717568844557 -22.3100949078798 -1.24999997206032 -30.5717568844557 -22.3100949078798 0 -29.428243637085 -22.3100949078798 -1.24999997206032 -29.9999993294477 -27.7500003576279 -1.24999997206032 -29.428243637085 -22.3100949078798 0 -28.3835902810097 -22.7752029895782 -1.24999997206032 -28.3835902810097 -22.7752029895782 0 -27.6184305548668 -23.624999448657 -1.24999997206032 -27.6184305548668 -23.624999448657 0 -27.2650644183159 -24.7125457972288 0 -29.9999993294477 -27.7500003576279 0 -27.9563516378403 -26.8401093780994 -1.24999997206032 -27.9563516378403 -26.8401093780994 0 -28.881473466754 -27.5122504681349 -1.24999997206032 -28.881473466754 -27.5122504681349</float_array><technique_common><accessor count="1808" source="#bau0127665166-2-mesh-positions-array" stride="3"><param name="X" type="float" /><param name="Y" type="float" /><param name="Z" type="float" /></accessor></technique_common></source><source id="bau0127665166-2-mesh-normals"><float_array id="bau0127665166-2-mesh-normals-array" count="5424">0 0.945817232131958 0.324699461460114 -1.09331313679886E-16 1 2.44929370517034E-16 -7.75763595072324E-17 0.923879504203796 0.382683426141739 -1.09331313679886E-16 1 2.44929370517034E-16 0 0.789140522480011 0.614212691783905 -7.75763595072324E-17 0.923879504203796 0.382683426141739 -3.40111091457265E-17 0.70710676908493 0.70710676908493 3.44191176372295E-17 0.546948134899139 0.837166488170624 -3.40111091457265E-17 0.70710676908493 0.70710676908493 1.47320238438429E-17 0.382683426141739 0.923879504203796 1.03257352911688E-16 0.245485484600067 0.9694002866745 1.47320238438429E-17 0.382683426141739 0.923879504203796 6.12323426292584E-17 -1.83697014652885E-16 1 1.37676470548918E-16 -0.0825793445110321 0.996584475040436 6.12323426292584E-17 -1.83697014652885E-16 1 9.84105840653851E-17 -0.382683426141739 0.923879504203796 1.72095588186147E-16 -0.401695430278778 0.915773332118988 9.84105840653851E-17 -0.382683426141739 0.923879504203796 1.20606718488714E-16 -0.70710676908493 0.70710676908493 2.06514705823377E-16 -0.879473745822906 0.475947380065918 1.72095588186147E-16 -0.70710676908493 0.70710676908493 1.2444156751318E-16 -0.923879504203796 0.382683426141739 1.72095588186147E-16 -0.98636132478714 0.16459459066391 1.2444156751318E-16 -0.923879504203796 0.382683426141739 1.09331313679886E-16 -1 -1.22464685258517E-16 1.72095588186147E-16 -0.98636132478714 -0.16459459066391 1.09331313679886E-16 -1 -1.22464685258517E-16 7.75763595072324E-17 -0.923879504203796 -0.382683426141739 1.37676470548918E-16 -0.879473745822906 -0.475947380065918 7.75763595072324E-17 -0.923879504203796 -0.382683426141739 3.40111091457265E-17 -0.70710676908493 -0.70710676908493 1.03257352911688E-16 -0.677281558513641 -0.735723912715912 3.40111091457265E-17 -0.70710676908493 -0.70710676908493 -1.47320238438429E-17 -0.382683426141739 -0.923879504203796 0 -0.0825793445110321 -0.996584475040436 3.44191176372295E-17 -0.382683426141739 -0.923879504203796 -6.12323426292584E-17 -1.60812262295773E-16 -1 -3.44191176372295E-17 0.245485484600067 -0.9694002866745 -6.12323426292584E-17 -1.60812262295773E-16 -1 -9.84105840653851E-17 0.382683426141739 -0.923879504203796 -3.44191176372295E-17 0.546948134899139 -0.837166488170624 -9.84105840653851E-17 0.382683426141739 -0.923879504203796 -1.20606718488714E-16 0.70710676908493 -0.70710676908493 -6.8838235274459E-17 0.789140522480011 -0.614212691783905 -1.20606718488714E-16 0.70710676908493 -0.70710676908493 -1.2444156751318E-16 0.923879504203796 -0.382683426141739 -6.8838235274459E-17 0.945817232131958 -0.324699461460114 -1.2444156751318E-16 0.923879504203796 -0.382683426141739 3.44191176372295E-17 -0.401695430278778 -0.915773332118988 1.72095588186147E-16 -0.677281558513641 0.735723912715912 -6.8838235274459E-17 0.945817232131958 -0.324699461460114 -1.09331313679886E-16 1 2.44929370517034E-16 -1.09331313679886E-16 1 2.44929370517034E-16 -1.2444156751318E-16 0.923879504203796 -0.382683426141739 -6.8838235274459E-17 0.789140522480011 -0.614212691783905 -1.20606718488714E-16 0.70710676908493 -0.70710676908493 -1.2444156751318E-16 0.923879504203796 -0.382683426141739 -3.44191176372295E-17 0.546948134899139 -0.837166488170624 -9.84105840653851E-17 0.382683426141739 -0.923879504203796 -1.20606718488714E-16 0.70710676908493 -0.70710676908493 -3.44191176372295E-17 0.245485484600067 -0.9694002866745 -9.84105840653851E-17 0.382683426141739 -0.923879504203796 -6.12323426292584E-17 -1.60812262295773E-16 -1 0 -0.0825793445110321 -0.996584475040436 -6.12323426292584E-17 -1.60812262295773E-16 -1 -1.47320238438429E-17 -0.382683426141739 -0.923879504203796 3.44191176372295E-17 -0.401695430278778 -0.915773332118988 3.44191176372295E-17 -0.382683426141739 -0.923879504203796 0 0.945817232131958 0.324699461460114 -7.75763595072324E-17 0.923879504203796 0.382683426141739 0 0.789140522480011 0.614212691783905 -7.75763595072324E-17 0.923879504203796 0.382683426141739 -3.40111091457265E-17 0.70710676908493 0.70710676908493 3.44191176372295E-17 0.546948134899139 0.837166488170624 -3.40111091457265E-17 0.70710676908493 0.70710676908493 1.47320238438429E-17 0.382683426141739 0.923879504203796 1.03257352911688E-16 0.245485484600067 0.9694002866745 1.47320238438429E-17 0.382683426141739 0.923879504203796 6.12323426292584E-17 -1.83697014652885E-16 1 1.37676470548918E-16 -0.0825793445110321 0.996584475040436 6.12323426292584E-17 -1.83697014652885E-16 1 3.40111091457265E-17 -0.70710676908493 -0.70710676908493 1.03257352911688E-16 -0.677281558513641 -0.735723912715912 3.40111091457265E-17 -0.70710676908493 -0.70710676908493 7.75763595072324E-17 -0.923879504203796 -0.382683426141739 1.37676470548918E-16 -0.879473745822906 -0.475947380065918 7.75763595072324E-17 -0.923879504203796 -0.382683426141739 1.09331313679886E-16 -1 -1.22464685258517E-16 1.72095588186147E-16 -0.98636132478714 -0.16459459066391 1.09331313679886E-16 -1 -1.22464685258517E-16 1.2444156751318E-16 -0.923879504203796 0.382683426141739 1.72095588186147E-16 -0.98636132478714 0.16459459066391 1.2444156751318E-16 -0.923879504203796 0.382683426141739 9.84105840653851E-17 -0.382683426141739 0.923879504203796 9.84105840653851E-17 -0.382683426141739 0.923879504203796 1.72095588186147E-16 -0.677281558513641 0.735723912715912 1.20606718488714E-16 -0.70710676908493 0.70710676908493 1.20606718488714E-16 -0.70710676908493 0.70710676908493 1.72095588186147E-16 -0.401695430278778 0.915773332118988 2.06514705823377E-16 -0.879473745822906 0.475947380065918 -1.09331313679886E-16 1 2.44929370517034E-16 0 0.945817232131958 0.324699461460114 -1.09331313679886E-16 1 2.44929370517034E-16 -7.75763595072324E-17 0.923879504203796 0.382683426141739 0 0.789140522480011 0.614212691783905 -7.75763595072324E-17 0.923879504203796 0.382683426141739 -3.40111091457265E-17 0.70710676908493 0.70710676908493 3.44191176372295E-17 0.546948134899139 0.837166488170624 -3.40111091457265E-17 0.70710676908493 0.70710676908493 1.47320238438429E-17 0.382683426141739 0.923879504203796 1.03257352911688E-16 0.245485484600067 0.9694002866745 1.47320238438429E-17 0.382683426141739 0.923879504203796 6.12323426292584E-17 -1.83697014652885E-16 1 1.37676470548918E-16 -0.0825793445110321 0.996584475040436 6.12323426292584E-17 -1.83697014652885E-16 1 9.84105840653851E-17 -0.382683426141739 0.923879504203796 1.72095588186147E-16 -0.401695430278778 0.915773332118988 9.84105840653851E-17 -0.382683426141739 0.923879504203796 1.20606718488714E-16 -0.70710676908493 0.70710676908493 2.06514705823377E-16 -0.879473745822906 0.475947380065918 1.20606718488714E-16 -0.70710676908493 0.70710676908493 1.2444156751318E-16 -0.923879504203796 0.382683426141739 1.72095588186147E-16 -0.98636132478714 0.16459459066391 1.2444156751318E-16 -0.923879504203796 0.382683426141739 1.09331313679886E-16 -1 -1.22464685258517E-16 1.72095588186147E-16 -0.98636132478714 -0.16459459066391 1.09331313679886E-16 -1 -1.22464685258517E-16 7.75763595072324E-17 -0.923879504203796 -0.382683426141739 1.37676470548918E-16 -0.879473745822906 -0.475947380065918 7.75763595072324E-17 -0.923879504203796 -0.382683426141739 3.40111091457265E-17 -0.70710676908493 -0.70710676908493 1.03257352911688E-16 -0.677281558513641 -0.735723912715912 3.40111091457265E-17 -0.70710676908493 -0.70710676908493 -1.47320238438429E-17 -0.382683426141739 -0.923879504203796 0 -0.0825793445110321 -0.996584475040436 3.44191176372295E-17 -0.382683426141739 -0.923879504203796 -6.12323426292584E-17 -1.60812262295773E-16 -1 -3.44191176372295E-17 0.245485484600067 -0.9694002866745 -6.12323426292584E-17 -1.60812262295773E-16 -1 -9.84105840653851E-17 0.382683426141739 -0.923879504203796 -3.44191176372295E-17 0.546948134899139 -0.837166488170624 -9.84105840653851E-17 0.382683426141739 -0.923879504203796 -1.20606718488714E-16 0.70710676908493 -0.70710676908493 -6.8838235274459E-17 0.789140522480011 -0.614212691783905 -1.20606718488714E-16 0.70710676908493 -0.70710676908493 -1.2444156751318E-16 0.923879504203796 -0.382683426141739 -6.8838235274459E-17 0.945817232131958 -0.324699461460114 -1.2444156751318E-16 0.923879504203796 -0.382683426141739 3.44191176372295E-17 -0.401695430278778 -0.915773332118988 1.72095588186147E-16 -0.677281558513641 0.735723912715912 3.40111091457265E-17 -0.70710676908493 -0.70710676908493 1.37676470548918E-16 -0.879473745822906 -0.475947380065918 7.75763595072324E-17 -0.923879504203796 -0.382683426141739 1.03257352911688E-16 -0.677281558513641 -0.735723912715912 -1.47320238438429E-17 -0.382683426141739 -0.923879504203796 3.44191176372295E-17 -0.401695430278778 -0.915773332118988 3.44191176372295E-17 -0.382683426141739 -0.923879504203796 0 -0.0825793445110321 -0.996584475040436 -6.12323426292584E-17 -1.60812262295773E-16 -1 -6.12323426292584E-17 -1.60812262295773E-16 -1 -3.44191176372295E-17 0.245485484600067 -0.9694002866745 -9.84105840653851E-17 0.382683426141739 -0.923879504203796 -9.84105840653851E-17 0.382683426141739 -0.923879504203796 -3.44191176372295E-17 0.546948134899139 -0.837166488170624 -1.20606718488714E-16 0.70710676908493 -0.70710676908493 -1.20606718488714E-16 0.70710676908493 -0.70710676908493 -6.8838235274459E-17 0.789140522480011 -0.614212691783905 -1.2444156751318E-16 0.923879504203796 -0.382683426141739 -1.2444156751318E-16 0.923879504203796 -0.382683426141739 -6.8838235274459E-17 0.945817232131958 -0.324699461460114 -1.09331313679886E-16 1 2.44929370517034E-16 -1.09331313679886E-16 1 2.44929370517034E-16 3.40111091457265E-17 -0.70710676908493 -0.70710676908493 7.75763595072324E-17 -0.923879504203796 -0.382683426141739 1.09331313679886E-16 -1 -1.22464685258517E-16 1.72095588186147E-16 -0.98636132478714 -0.16459459066391 1.09331313679886E-16 -1 -1.22464685258517E-16 1.20606718488714E-16 -0.70710676908493 0.70710676908493 2.06514705823377E-16 -0.879473745822906 0.475947380065918 1.20606718488714E-16 -0.70710676908493 0.70710676908493 9.84105840653851E-17 -0.382683426141739 0.923879504203796 1.72095588186147E-16 -0.401695430278778 0.915773332118988 9.84105840653851E-17 -0.382683426141739 0.923879504203796 6.12323426292584E-17 -1.83697014652885E-16 1 1.37676470548918E-16 -0.0825793445110321 0.996584475040436 6.12323426292584E-17 -1.83697014652885E-16 1 1.47320238438429E-17 0.382683426141739 0.923879504203796 1.03257352911688E-16 0.245485484600067 0.9694002866745 1.47320238438429E-17 0.382683426141739 0.923879504203796 -3.40111091457265E-17 0.70710676908493 0.70710676908493 3.44191176372295E-17 0.546948134899139 0.837166488170624 -3.40111091457265E-17 0.70710676908493 0.70710676908493 -7.75763595072324E-17 0.923879504203796 0.382683426141739 0 0.789140522480011 0.614212691783905 -7.75763595072324E-17 0.923879504203796 0.382683426141739 0 0.945817232131958 0.324699461460114 1.2444156751318E-16 -0.923879504203796 0.382683426141739 1.72095588186147E-16 -0.98636132478714 0.16459459066391 1.2444156751318E-16 -0.923879504203796 0.382683426141739 1.72095588186147E-16 -0.677281558513641 0.735723912715912 -3.44191176372295E-17 0.245485484600067 -0.9694002866745 -6.12323426292584E-17 -1.60812262295773E-16 -1 -9.84105840653851E-17 0.382683426141739 -0.923879504203796 0 -0.0825793445110321 -0.996584475040436 -1.47320238438429E-17 -0.382683426141739 -0.923879504203796 3.44191176372295E-17 -0.401695430278778 -0.915773332118988 3.44191176372295E-17 -0.382683426141739 -0.923879504203796 1.03257352911688E-16 -0.677281558513641 -0.735723912715912 3.40111091457265E-17 -0.70710676908493 -0.70710676908493 1.37676470548918E-16 -0.879473745822906 -0.475947380065918 7.75763595072324E-17 -0.923879504203796 -0.382683426141739 3.40111091457265E-17 -0.70710676908493 -0.70710676908493 1.72095588186147E-16 -0.98636132478714 -0.16459459066391 1.09331313679886E-16 -1 -1.22464685258517E-16 7.75763595072324E-17 -0.923879504203796 -0.382683426141739 1.72095588186147E-16 -0.98636132478714 0.16459459066391 1.09331313679886E-16 -1 -1.22464685258517E-16 1.2444156751318E-16 -0.923879504203796 0.382683426141739 2.06514705823377E-16 -0.879473745822906 0.475947380065918 1.2444156751318E-16 -0.923879504203796 0.382683426141739 1.20606718488714E-16 -0.70710676908493 0.70710676908493 9.84105840653851E-17 -0.382683426141739 0.923879504203796 1.72095588186147E-16 -0.677281558513641 0.735723912715912 1.72095588186147E-16 -0.401695430278778 0.915773332118988 1.20606718488714E-16 -0.70710676908493 0.70710676908493 1.37676470548918E-16 -0.0825793445110321 0.996584475040436 6.12323426292584E-17 -1.83697014652885E-16 1 9.84105840653851E-17 -0.382683426141739 0.923879504203796 1.03257352911688E-16 0.245485484600067 0.9694002866745 1.47320238438429E-17 0.382683426141739 0.923879504203796 6.12323426292584E-17 -1.83697014652885E-16 1 3.44191176372295E-17 0.546948134899139 0.837166488170624 1.47320238438429E-17 0.382683426141739 0.923879504203796 -3.40111091457265E-17 0.70710676908493 0.70710676908493 0 0.789140522480011 0.614212691783905 -3.40111091457265E-17 0.70710676908493 0.70710676908493 -7.75763595072324E-17 0.923879504203796 0.382683426141739 0 0.945817232131958 0.324699461460114 -7.75763595072324E-17 0.923879504203796 0.382683426141739 -1.09331313679886E-16 1 2.44929370517034E-16 -9.84105840653851E-17 0.382683426141739 -0.923879504203796 -1.20606718488714E-16 0.70710676908493 -0.70710676908493 -3.44191176372295E-17 0.546948134899139 -0.837166488170624 -6.8838235274459E-17 0.789140522480011 -0.614212691783905 -1.2444156751318E-16 0.923879504203796 -0.382683426141739 -1.2444156751318E-16 0.923879504203796 -0.382683426141739 -6.8838235274459E-17 0.945817232131958 -0.324699461460114 -1.09331313679886E-16 1 2.44929370517034E-16 -1.20606718488714E-16 0.70710676908493 -0.70710676908493 -6.12323426292584E-17 -1.60812262295773E-16 -1 -6.8838235274459E-17 0.945817232131958 -0.324699461460114 -1.09331313679886E-16 1 2.44929370517034E-16 -1.09331313679886E-16 1 2.44929370517034E-16 -3.40111091457265E-17 0.70710676908493 0.70710676908493 3.44191176372295E-17 0.546948134899139 0.837166488170624 -3.40111091457265E-17 0.70710676908493 0.70710676908493 -1.2444156751318E-16 0.923879504203796 -0.382683426141739 -6.8838235274459E-17 0.789140522480011 -0.614212691783905 -1.20606718488714E-16 0.70710676908493 -0.70710676908493 -7.75763595072324E-17 0.923879504203796 0.382683426141739 0 0.789140522480011 0.614212691783905 -7.75763595072324E-17 0.923879504203796 0.382683426141739 -3.44191176372295E-17 0.546948134899139 -0.837166488170624 -9.84105840653851E-17 0.382683426141739 -0.923879504203796 -1.20606718488714E-16 0.70710676908493 -0.70710676908493 -3.44191176372295E-17 0.245485484600067 -0.9694002866745 -9.84105840653851E-17 0.382683426141739 -0.923879504203796 -6.12323426292584E-17 -1.60812262295773E-16 -1 0 -0.0825793445110321 -0.996584475040436 -6.12323426292584E-17 -1.60812262295773E-16 -1 -1.47320238438429E-17 -0.382683426141739 -0.923879504203796 3.44191176372295E-17 -0.401695430278778 -0.915773332118988 3.44191176372295E-17 -0.382683426141739 -0.923879504203796 1.03257352911688E-16 -0.677281558513641 -0.735723912715912 3.40111091457265E-17 -0.70710676908493 -0.70710676908493 1.37676470548918E-16 -0.879473745822906 -0.475947380065918 7.75763595072324E-17 -0.923879504203796 -0.382683426141739 3.40111091457265E-17 -0.70710676908493 -0.70710676908493 1.72095588186147E-16 -0.98636132478714 -0.16459459066391 1.09331313679886E-16 -1 -1.22464685258517E-16 7.75763595072324E-17 -0.923879504203796 -0.382683426141739 6.12323426292584E-17 -1.83697014652885E-16 1 1.37676470548918E-16 -0.0825793445110321 0.996584475040436 6.12323426292584E-17 -1.83697014652885E-16 1 1.72095588186147E-16 -0.98636132478714 0.16459459066391 1.2444156751318E-16 -0.923879504203796 0.382683426141739 2.06514705823377E-16 -0.879473745822906 0.475947380065918 1.20606718488714E-16 -0.70710676908493 0.70710676908493 -1.2444156751318E-16 0.923879504203796 -0.382683426141739 9.84105840653851E-17 -0.382683426141739 0.923879504203796 1.72095588186147E-16 -0.677281558513641 0.735723912715912 1.72095588186147E-16 -0.401695430278778 0.915773332118988 0 0.945817232131958 0.324699461460114 1.20606718488714E-16 -0.70710676908493 0.70710676908493 9.84105840653851E-17 -0.382683426141739 0.923879504203796 1.03257352911688E-16 0.245485484600067 0.9694002866745 1.47320238438429E-17 0.382683426141739 0.923879504203796 1.47320238438429E-17 0.382683426141739 0.923879504203796 1.2444156751318E-16 -0.923879504203796 0.382683426141739 1.09331313679886E-16 -1 -1.22464685258517E-16 -0.382683426141739 0.923879504203796 0 1.83697014652885E-16 1 0 -0.382683426141739 0.923879504203796 0 -0.70710676908493 0.70710676908493 0 -0.923879504203796 0.382683426141739 0 -0.70710676908493 0.70710676908493 0 -0.923879504203796 0.382683426141739 0 -1 2.44929370517034E-16 0 1.83697014652885E-16 1 0 -1 2.44929370517034E-16 0 -1 -1.03891582065835E-16 0 -1 -1.03891582065835E-16 0 -1 -1.03891582065835E-16 0 -1 -1.03891582065835E-16 0 -0.642787635326385 -0.766044437885284 0 -0.642787635326385 -0.766044437885284 0 -0.642787635326385 -0.766044437885284 0 -0.642787635326385 -0.766044437885284 0 -0.642787635326385 -0.766044437885284 0 -0.923879504203796 0.382683426141739 0 -1 2.44929370517034E-16 0 -0.923879504203796 0.382683426141739 0 -0.382683426141739 0.923879504203796 0 -0.70710676908493 0.70710676908493 0 -0.382683426141739 0.923879504203796 0 1.83697014652885E-16 1 0 1.83697014652885E-16 1 0 -0.70710676908493 0.70710676908493 0 -1 2.44929370517034E-16 0 -1 -1.03891582065835E-16 0 -1 -1.03891582065835E-16 0 -1 -1.03891582065835E-16 0 -1 -1.03891582065835E-16 0 -1 -1.03891582065835E-16 0 -1 -1.03891582065835E-16 0 -1 -1.03891582065835E-16 0 -1 -1.03891582065835E-16 0 -1 -1.03891582065835E-16 0 -1 -1.03891582065835E-16 0 -1 -1.03891582065835E-16 0 -1 -1.03891582065835E-16 0 -1 -1.03891582065835E-16 0 -1 -1.03891582065835E-16 0 -1 -1.03891582065835E-16 0 -1 -1.03891582065835E-16 0 -1 -1.03891582065835E-16 0 -1 -1.03891582065835E-16 0 -1 -1.03891582065835E-16 0 -1 -1.03891582065835E-16 0 -0.642787635326385 -0.766044437885284 0 -0.642787635326385 -0.766044437885284 0 -0.642787635326385 -0.766044437885284 0 -0.642787635326385 -0.766044437885284 0 -0.642787635326385 -0.766044437885284 0 -1 2.44929370517034E-16 0 -0.923879504203796 0.382683426141739 0 -1 2.44929370517034E-16 0 -0.382683426141739 0.923879504203796 0 1.83697014652885E-16 1 0 -0.382683426141739 0.923879504203796 0 -0.70710676908493 0.70710676908493 0 -0.923879504203796 0.382683426141739 0 -0.70710676908493 0.70710676908493 0 1.83697014652885E-16 1 0 -1 -1.03891582065835E-16 0 -1 -1.03891582065835E-16 0 -1 -1.03891582065835E-16 0 -1 -1.03891582065835E-16 0 -0.642787635326385 -0.766044437885284 0 -0.642787635326385 -0.766044437885284 0 -0.642787635326385 -0.766044437885284 0 -0.642787635326385 -0.766044437885284 0 -0.642787635326385 -0.766044437885284 0 -1 2.44929370517034E-16 0 -0.923879504203796 0.382683426141739 0 -1 2.44929370517034E-16 0 -0.70710676908493 0.70710676908493 0 -0.923879504203796 0.382683426141739 0 -0.70710676908493 0.70710676908493 0 -0.382683426141739 0.923879504203796 0 -0.382683426141739 0.923879504203796 0 1.83697014652885E-16 1 0 1.83697014652885E-16 1 0 -1 -1.03891582065835E-16 0 -1 -1.03891582065835E-16 0 -1 -1.03891582065835E-16 0 -1 -1.03891582065835E-16 0 -1 -1.03891582065835E-16 0 -1 -1.03891582065835E-16 0 -1 -1.03891582065835E-16 0 -1 -1.03891582065835E-16 0 -1 -1.03891582065835E-16 0 -1 -1.03891582065835E-16 0 -1 -1.03891582065835E-16 0 -1 -1.03891582065835E-16 0 -1 -1.03891582065835E-16 0 -1 -1.03891582065835E-16 0 -1 -1.03891582065835E-16 0 -1 -1.03891582065835E-16 0 -1 -1.03891582065835E-16 0 -1 -1.03891582065835E-16 0 -1 -1.03891582065835E-16 0 -1 -1.03891582065835E-16 0 -0.642787635326385 -0.766044437885284 0 -0.642787635326385 -0.766044437885284 0 -0.642787635326385 -0.766044437885284 0 -0.642787635326385 -0.766044437885284 0 -0.642787635326385 -0.766044437885284 0 0 1 0 0 1 0 0 1 0 0 1 0 0 1 0 0 1 0 0 1 0 0 1 0 0 1 0 0 1 0 0 1 0 0 1 0 0 1 0 0 1 0 0 1 0 0 1 0 0 1 0 0 1 0 0 1 0 0 1 0 -1 2.44929370517034E-16 0 -0.923879504203796 0.382683426141739 0 -1 2.44929370517034E-16 0 -0.70710676908493 0.70710676908493 0 -0.382683426141739 0.923879504203796 0 -0.70710676908493 0.70710676908493 0 -0.382683426141739 0.923879504203796 0 1.83697014652885E-16 1 0 1.83697014652885E-16 1 0 -0.923879504203796 0.382683426141739 0 -1 -1.03891582065835E-16 0 -1 -1.03891582065835E-16 0 -1 -1.03891582065835E-16 0 -1 -1.03891582065835E-16 0 -0.642787635326385 -0.766044437885284 0 -0.642787635326385 -0.766044437885284 0 -0.642787635326385 -0.766044437885284 0 -0.642787635326385 -0.766044437885284 0 -1 -7.1095227354312E-17 0 -1 -7.1095227354312E-17 0 -1 -7.1095227354312E-17 0 -1 -7.1095227354312E-17 0 -1 -7.1095227354312E-17 0 -1 -7.1095227354312E-17 0 -1 -7.1095227354312E-17 0 -1 -7.1095227354312E-17 0 -1 -7.1095227354312E-17 0 -1 -7.1095227354312E-17 0 -1 -7.1095227354312E-17 0 -1 -7.1095227354312E-17 0 -1 -7.1095227354312E-17 0 -1 -7.1095227354312E-17 0 -1 -7.1095227354312E-17 0 -1 -7.1095227354312E-17 0 -1 -7.1095227354312E-17 0 -1 -7.1095227354312E-17 0 -1 -7.1095227354312E-17 0 -1 -7.1095227354312E-17 0 -1 -7.1095227354312E-17 0 -1 -7.1095227354312E-17 0 -1 -7.1095227354312E-17 0 -1 -7.1095227354312E-17 0 -1 -7.1095227354312E-17 0 -1 -7.1095227354312E-17 0 -1 -7.1095227354312E-17 0 -1 -7.1095227354312E-17 0 -1 -7.1095227354312E-17 0 -1 -7.1095227354312E-17 0 -1 -7.1095227354312E-17 0 -1 -7.1095227354312E-17 0 -1 -7.1095227354312E-17 0 -1 -7.1095227354312E-17 0 -1 -7.1095227354312E-17 0 -1 -7.1095227354312E-17 0 -1 -7.1095227354312E-17 0 -1 -7.1095227354312E-17 0 -1 -7.1095227354312E-17 0 -1 -7.1095227354312E-17 0 -1 -7.1095227354312E-17 0 -1 -7.1095227354312E-17 0 -1 -7.1095227354312E-17 0 -1 -7.1095227354312E-17 0 -1 -7.1095227354312E-17 0 -1 -7.1095227354312E-17 0 -1 -7.1095227354312E-17 0 -1 -7.1095227354312E-17 0 -1 -7.1095227354312E-17 0 -1 -7.1095227354312E-17 0 -1 -7.1095227354312E-17 0 -1 -7.1095227354312E-17 0 -1 -7.1095227354312E-17 0 -1 -7.1095227354312E-17 0 -1 -7.1095227354312E-17 0 -1 -7.1095227354312E-17 0 -1 -7.1095227354312E-17 0 -1 -7.1095227354312E-17 0 -1 -7.1095227354312E-17 0 -1 -7.1095227354312E-17 0 -1 -7.1095227354312E-17 0 -1 -7.1095227354312E-17 0 -1 -7.1095227354312E-17 0 -1 -7.1095227354312E-17 0 -1 -7.1095227354312E-17 0 -1 -7.1095227354312E-17 0 -1 -7.1095227354312E-17 0 -1 -7.1095227354312E-17 0 -1 -7.1095227354312E-17 0 -1 -7.1095227354312E-17 0 -1 -7.1095227354312E-17 0 -1 -7.1095227354312E-17 0 -1 -7.1095227354312E-17 0 -1 -7.1095227354312E-17 0 -1 -7.1095227354312E-17 0 -1 -7.1095227354312E-17 0 -1 -7.1095227354312E-17 0 -1 -7.1095227354312E-17 0 -1 -7.1095227354312E-17 0 -1 -7.1095227354312E-17 0 -1 -7.1095227354312E-17 0 -1 -7.1095227354312E-17 0 -1 -7.1095227354312E-17 0 -1 -7.1095227354312E-17 0 -1 -7.1095227354312E-17 0 -1 -7.1095227354312E-17 0 -1 -7.1095227354312E-17 0 -1 -7.1095227354312E-17 0 -1 -7.1095227354312E-17 0 -1 -7.1095227354312E-17 0 -1 -7.1095227354312E-17 0 -1 -7.1095227354312E-17 0 -1 -7.1095227354312E-17 0 -1 -7.1095227354312E-17 0 -1 -7.1095227354312E-17 0 -1 -7.1095227354312E-17 0 -1 -7.1095227354312E-17 0 -1 -7.1095227354312E-17 0 -1 -7.1095227354312E-17 0 -1 -7.1095227354312E-17 0 -1 -7.1095227354312E-17 0 -1 -7.1095227354312E-17 0 -1 -7.1095227354312E-17 0 -1 -7.1095227354312E-17 0 -1 -7.1095227354312E-17 0 -1 -7.1095227354312E-17 0 -1 -7.1095227354312E-17 0 -1 -7.1095227354312E-17 0 -1 -7.1095227354312E-17 0 -1 -7.1095227354312E-17 0 -1 -7.1095227354312E-17 0 -1 -7.1095227354312E-17 0 -1 -7.1095227354312E-17 0 -1 -7.1095227354312E-17 0 -1 -7.1095227354312E-17 0 -1 -7.1095227354312E-17 0 -1 -7.1095227354312E-17 0 -1 -7.1095227354312E-17 0 -1 -7.1095227354312E-17 0 -1 -7.1095227354312E-17 0 -1 -7.1095227354312E-17 0 -1 -7.1095227354312E-17 0 -1 -7.1095227354312E-17 0 -1 -7.1095227354312E-17 0 -1 -7.1095227354312E-17 0 -1 -7.1095227354312E-17 0 -1 -7.1095227354312E-17 0 -1 -7.1095227354312E-17 0 -1 -7.1095227354312E-17 0 -1 -7.1095227354312E-17 0 -1 -7.1095227354312E-17 0 -1 -7.1095227354312E-17 0 -1 -7.1095227354312E-17 0 -1 -7.1095227354312E-17 0 -1 -7.1095227354312E-17 0 -1 -7.1095227354312E-17 0 -1 -7.1095227354312E-17 0 -1 -7.1095227354312E-17 0 -1 -7.1095227354312E-17 0 -1 -7.1095227354312E-17 0 -1 -7.1095227354312E-17 0 -1 -7.1095227354312E-17 0 -1 -7.1095227354312E-17 0 -1 -7.1095227354312E-17 0 -1 -7.1095227354312E-17 0 -1 -7.1095227354312E-17 0 -1 -7.1095227354312E-17 0 -1 -7.1095227354312E-17 0 -1 -7.1095227354312E-17 0 -1 -7.1095227354312E-17 0 -1 -7.1095227354312E-17 0 -1 -7.1095227354312E-17 0 -1 -7.1095227354312E-17 0 -1 -7.1095227354312E-17 0 -0.642787635326385 0.766044437885284 0 -0.642787635326385 0.766044437885284 0 -0.642787635326385 0.766044437885284 0 -0.642787635326385 0.766044437885284 0 -0.642787635326385 0.766044437885284 0 -0.642787635326385 0.766044437885284 0 -0.642787635326385 0.766044437885284 0 -0.642787635326385 0.766044437885284 0 -0.642787635326385 0.766044437885284 0 -0.642787635326385 0.766044437885284 0 -1 -1.0842021724855E-16 0 -1 -1.0842021724855E-16 0 -1 -1.0842021724855E-16 0 -1 -1.0842021724855E-16 0 0 1 0 0 1 0 0 1 0 0 1 0 0 1 0 0 1 0 0 1 0 0 1 0 0 1 0 0 1 0 0 1 0 0 1 0 0 1 0 0 1 0 1 0 0 1 0 0 1 0 0 1 0 0 1 0 0 1 0 0 1 0 0 1 0 0 1 0 0 1 0 0 1 0 0 1 0 0 1 0 0 1 0 0 1 0 0 1 0 0 1 0 0 1 0 0 1 0 0 1 0 0 1 0 0 1 0 0 1 0 0 1 0 0 1 0 0 1 0 0 1 0 0 1 0 0 1 0 0 1 0 0 1 0 0 1 0 0 1 0 0 1 0 0 1 0 0 1 0 0 1 0 0 1 0 0 1 0 0 1 0 0 1 0 0 1 0 0 1 0 0 1 0 0 1 0 0 1 0 0 1 0 0 1 0 0 1 0 0 1 0 0 1 0 0 1 0 0 1 0 0 1 0 0 1 0 0 1 0 0 1 0 0 1 0 0 1 0 0 1 0 0 1 0 0 1 0 0 1 0 0 1 0 0 1 0 0 1 0 0 1 0 0 1 0 0 1 0 0 1 0 0 1 0 0 1 0 0 1 0 0 1 0 0 1 0 0 1 0 0 1 0 0 1 0 0 1 0 0 1 0 0 1 0 0 1 0 0 1 0 0 1 0 0 1 0 0 1 0 0 1 0 0 1 0 0 1 0 0 1 0 0 1 0 0 1 0 0 1 0 0 1 0 0 1 0 0 1 0 0 1 0 0 1 0 0 1 0 0 1 0 0 1 0 0 1 0 0 1 0 0 1 0 0 1 0 0 1 0 0 1 0 0 1 0 0 1 0 0 1 0 0 1 0 0 1 0 0 1 0 0 1 0 0 1 0 0 1 0 0 1 0 0 1 0 0 1 0 0 1 0 0 1 0 0 1 0 0 1 0 0 1 0 0 1 0 0 1 0 0 1 0 0 1 0 0 1 0 0 1 0 0 1 0 0 1 0 0 1 0 0 1 0 0 1 0 0 1 0 0 1 0 0 1 0 0 1 0 0 1 0 0 1 0 0 1 0 0 1 0 0 1 0 0 1 0 0 1 0 0 1 0 0 1 0 0 1 0 0 1 0 0 1 0 0 1 0 0 1 0 0 1 0 0 1 0 0 1 0 0 1 0 0 1 0 0 1 0 0 1 0 0 1 0 0 1 0 0 1 0 0 1 0 0 1 0 0 1 0 0 1 0 0 1 0 0 1 0 0 1 0 0 1 0 0 1 0 0 1 0 0 1 0 0 2.11874624434484E-16 -1 0 0.30901700258255 -0.95105654001236 0 0.30901700258255 -0.95105654001236 0 0.587785243988037 -0.80901700258255 0 0.80901700258255 -0.587785243988037 0 0.587785243988037 -0.80901700258255 0 0.95105654001236 -0.30901700258255 0 0.80901700258255 -0.587785243988037 0 1 0 0 0.95105654001236 -0.30901700258255 0 1 0 0 1 0 0 1 0 0 1 0 0 1 0 0 1 0 0 1 0 0 1 0 0 1 0 0 1 0 0 1 0 0 2.11874624434484E-16 -1 0 2.11874624434484E-16 -1 0 2.11874624434484E-16 -1 0 2.11874624434484E-16 -1 0 2.11874624434484E-16 -1 0 2.11874624434484E-16 -1 0 2.11874624434484E-16 -1 0 2.11874624434484E-16 -1 0 2.11874624434484E-16 -1 0 2.11874624434484E-16 -1 0 2.11874624434484E-16 -1 0 2.11874624434484E-16 -1 0 2.11874624434484E-16 -1 0 2.11874624434484E-16 -1 0 2.11874624434484E-16 -1 0 2.11874624434484E-16 -1 0 2.11874624434484E-16 -1 0 2.11874624434484E-16 -1 0 2.11874624434484E-16 -1 0 2.11874624434484E-16 -1 0 2.11874624434484E-16 -1 0 2.11874624434484E-16 -1 0 2.11874624434484E-16 -1 0 2.11874624434484E-16 -1 0 2.11874624434484E-16 -1 0 2.11874624434484E-16 -1 0 2.11874624434484E-16 -1 0 2.11874624434484E-16 -1 0 2.11874624434484E-16 -1 0 2.11874624434484E-16 -1 0 2.11874624434484E-16 -1 0 2.11874624434484E-16 -1 0 2.11874624434484E-16 -1 0 0 0 -1 0 0 -1 0 0 -1 0 0 -1 0 0 -1 0 0 -1 0 0 -1 0 0 -1 0 0 -1 0 0 -1 0 0 -1 0 0 -1 0 0 -1 0 0 -1 0 0 -1 0 0 -1 0 0 -1 0 0 -1 0 0 -1 0 0 -1 0 0 -1 0 0 -1 0 0 1 0 0 1 0 0 1 0 0 1 0 0 1 0 0 1 0 0 1 0 0 1 0 0 1 0 0 1 0 0 1 0 0 1 0 0 1 0 0 1 0 0 1 0 0 1 0 0 1 0 0 1 0 0 1 0 0 1 0 0 1 0 0 1 -0.994215905666351 0.107399865984917 0 -0.994215905666351 0.107399865984917 0 -0.994215905666351 0.107399865984917 0 -0.994215905666351 0.107399865984917 0 -0.992784321308136 0.119913555681705 0 -0.949225664138794 0.314595967531204 0 -0.992784321308136 0.119913555681705 0 -0.752011835575104 0.659149587154388 0 -0.867889165878296 0.496757924556732 0 -0.752011835575104 0.659149587154388 0 -0.606205523014069 0.7953080534935 0 -0.606205523014069 0.7953080534935 0 -0.248977571725845 0.968509256839752 0 -0.0517731010913849 0.998658895492554 0 -0.248977571725845 0.968509256839752 0 -0.436273068189621 0.899814307689667 0 -0.436273068189621 0.899814307689667 0 -0.867889165878296 0.496757924556732 0 -0.949225664138794 0.314595967531204 0 -0.0517731010913849 0.998658895492554 0 0 0 1 0 0 1 0 0 1 0 0 1 0 0 1 0 0 1 0 0 1 0 0 1 0 0 1 0 0 1 0 0 1 0 0 1 0 0 1 0 0 1 0 0 1 0 0 1 0 0 -1 0 0 -1 0 0 -1 0 0 -1 0 0 -1 0 0 -1 0 0 -1 0 0 -1 0 0 -1 0 0 -1 0 0 -1 0 0 -1 0 0 -1 0 0 -1 0 0 -1 0 0 -1 -0.994215905666351 0.107399865984917 0 -0.994215905666351 0.107399865984917 0 -0.994215905666351 0.107399865984917 0 -0.994215905666351 0.107399865984917 0 -0.994215905666351 0.107399865984917 0 -0.248977571725845 0.968509256839752 0 -0.436273068189621 0.899814307689667 0 -0.248977571725845 0.968509256839752 0 -0.436273068189621 0.899814307689667 0 -0.606205523014069 0.7953080534935 0 -0.606205523014069 0.7953080534935 0 -0.752011835575104 0.659149587154388 0 -0.752011835575104 0.659149587154388 0 -0.867889165878296 0.496757924556732 0 -0.867889165878296 0.496757924556732 0 -0.949225664138794 0.314595967531204 0 -0.949225664138794 0.314595967531204 0 -0.992784321308136 0.119913555681705 0 -0.992784321308136 0.119913555681705 0 -0.0517731010913849 0.998658895492554 0 -0.0517731010913849 0.998658895492554 0 0 0 1 0 0 1 0 0 1 0 0 1 0 0 1 0 0 1 0 0 1 0 0 1 0 0 1 0 0 1 0 0 1 0 0 1 0 0 1 0 0 1 0 0 1 0 0 1 0 0 -1 0 0 -1 0 0 -1 0 0 -1 0 0 -1 0 0 -1 0 0 -1 0 0 -1 0 0 -1 0 0 -1 0 0 -1 0 0 -1 0 0 -1 0 0 -1 0 0 -1 0 0 -1 -0.994215905666351 0.107399865984917 0 -0.994215905666351 0.107399865984917 0 -0.994215905666351 0.107399865984917 0 -0.994215905666351 0.107399865984917 0 -0.994215905666351 0.107399865984917 0 -0.949225664138794 0.314595967531204 0 -0.992784321308136 0.119913555681705 0 -0.949225664138794 0.314595967531204 0 -0.992784321308136 0.119913555681705 0 -0.867889165878296 0.496757924556732 0 -0.867889165878296 0.496757924556732 0 -0.752011835575104 0.659149587154388 0 -0.752011835575104 0.659149587154388 0 -0.606205523014069 0.7953080534935 0 -0.606205523014069 0.7953080534935 0 -0.436273068189621 0.899814307689667 0 -0.436273068189621 0.899814307689667 0 -0.248977571725845 0.968509256839752 0 -0.248977571725845 0.968509256839752 0 -0.0517731010913849 0.998658895492554 0 -0.0517731010913849 0.998658895492554 0 0 0 1 0 0 1 0 0 1 0 0 1 0 0 1 0 0 1 0 0 1 0 0 1 0 0 1 0 0 1 0 0 1 0 0 1 0 0 1 0 0 1 0 0 1 0 0 1 0 0 -1 0 0 -1 0 0 -1 0 0 -1 0 0 -1 0 0 -1 0 0 -1 0 0 -1 0 0 -1 0 0 -1 0 0 -1 0 0 -1 0 0 -1 0 0 -1 0 0 -1 0 0 -1 -0.994215905666351 0.107399865984917 0 -0.994215905666351 0.107399865984917 0 -0.994215905666351 0.107399865984917 0 -0.994215905666351 0.107399865984917 0 -0.606205523014069 0.7953080534935 0 -0.752011835575104 0.659149587154388 0 -0.606205523014069 0.7953080534935 0 -0.436273068189621 0.899814307689667 0 -0.436273068189621 0.899814307689667 0 -0.248977571725845 0.968509256839752 0 -0.248977571725845 0.968509256839752 0 -0.0517731010913849 0.998658895492554 0 -0.0517731010913849 0.998658895492554 0 -0.752011835575104 0.659149587154388 0 -0.867889165878296 0.496757924556732 0 -0.867889165878296 0.496757924556732 0 -0.949225664138794 0.314595967531204 0 -0.949225664138794 0.314595967531204 0 -0.992784321308136 0.119913555681705 0 -0.992784321308136 0.119913555681705 0 0 0 1 0 0 1 0 0 1 0 0 1 0 0 1 0 0 1 0 0 1 0 0 1 0 0 1 0 0 1 0 0 1 0 0 1 0 0 1 0 0 1 0 0 1 0 0 1 0 0 -1 0 0 -1 0 0 -1 0 0 -1 0 0 -1 0 0 -1 0 0 -1 0 0 -1 0 0 -1 0 0 -1 0 0 -1 0 0 -1 0 0 -1 0 0 -1 0 0 -1 0 0 -1 -7.1095227354312E-17 1 2.44929370517034E-16 -6.72430869463219E-17 0.945817232131958 0.324699461460114 -7.1095227354312E-17 1 2.44929370517034E-16 -6.72430869463219E-17 0.945817232131958 0.324699461460114 -5.61041206164501E-17 0.789140522480011 0.614212691783905 -5.61041206164501E-17 0.789140522480011 0.614212691783905 -3.88854032540932E-17 0.546948134899139 0.837166488170624 -3.88854032540932E-17 0.546948134899139 0.837166488170624 -1.74528458716564E-17 0.245485484600067 0.9694002866745 -1.74528458716564E-17 0.245485484600067 0.9694002866745 5.87099711565637E-18 -0.0825793445110321 0.996584475040436 5.87099711565637E-18 -0.0825793445110321 0.996584475040436 2.85586257153525E-17 -0.401695430278778 0.915773332118988 2.85586257153525E-17 -0.401695430278778 0.915773332118988 4.81514837846347E-17 -0.677281558513641 0.735723912715912 6.25263839795363E-17 -0.879473745822906 0.475947380065918 7.01255797704977E-17 -0.98636132478714 0.16459459066391 6.25263839795363E-17 -0.879473745822906 0.475947380065918 4.81514837846347E-17 -0.677281558513641 0.735723912715912 7.01255797704977E-17 -0.98636132478714 -0.16459459066391 6.25263839795363E-17 -0.879473745822906 -0.475947380065918 7.01255797704977E-17 -0.98636132478714 -0.16459459066391 6.25263839795363E-17 -0.879473745822906 -0.475947380065918 4.81514837846347E-17 -0.677281558513641 -0.735723912715912 4.81514837846347E-17 -0.677281558513641 -0.735723912715912 2.85586257153525E-17 -0.401695430278778 -0.915773332118988 2.85586257153525E-17 -0.401695430278778 -0.915773332118988 5.87099711565637E-18 -0.0825793445110321 -0.996584475040436 5.87099711565637E-18 -0.0825793445110321 -0.996584475040436 -1.74528458716564E-17 0.245485484600067 -0.9694002866745 -1.74528458716564E-17 0.245485484600067 -0.9694002866745 -3.88854032540932E-17 0.546948134899139 -0.837166488170624 -3.88854032540932E-17 0.546948134899139 -0.837166488170624 -5.61041206164501E-17 0.789140522480011 -0.614212691783905 -5.61041206164501E-17 0.789140522480011 -0.614212691783905 -6.72430869463219E-17 0.945817232131958 -0.324699461460114 -6.72430869463219E-17 0.945817232131958 -0.324699461460114 7.01255797704977E-17 -0.98636132478714 0.16459459066391 6.25263839795363E-17 -0.879473745822906 0.475947380065918 7.01255797704977E-17 -0.98636132478714 0.16459459066391 6.25263839795363E-17 -0.879473745822906 0.475947380065918 4.81514837846347E-17 -0.677281558513641 0.735723912715912 4.81514837846347E-17 -0.677281558513641 0.735723912715912 2.85586257153525E-17 -0.401695430278778 0.915773332118988 2.85586257153525E-17 -0.401695430278778 0.915773332118988 5.87099711565637E-18 -0.0825793445110321 0.996584475040436 5.87099711565637E-18 -0.0825793445110321 0.996584475040436 -1.74528458716564E-17 0.245485484600067 0.9694002866745 -1.74528458716564E-17 0.245485484600067 0.9694002866745 -3.88854032540932E-17 0.546948134899139 0.837166488170624 -3.88854032540932E-17 0.546948134899139 0.837166488170624 -5.61041206164501E-17 0.789140522480011 0.614212691783905 -5.61041206164501E-17 0.789140522480011 0.614212691783905 -6.72430869463219E-17 0.945817232131958 0.324699461460114 -6.72430869463219E-17 0.945817232131958 0.324699461460114 -7.1095227354312E-17 1 2.44929370517034E-16 -7.1095227354312E-17 1 2.44929370517034E-16 7.01255797704977E-17 -0.98636132478714 0.16459459066391 7.01255797704977E-17 -0.98636132478714 -0.16459459066391 7.01255797704977E-17 -0.98636132478714 -0.16459459066391 6.25263839795363E-17 -0.879473745822906 -0.475947380065918 6.25263839795363E-17 -0.879473745822906 -0.475947380065918 4.81514837846347E-17 -0.677281558513641 -0.735723912715912 4.81514837846347E-17 -0.677281558513641 -0.735723912715912 2.85586257153525E-17 -0.401695430278778 -0.915773332118988 2.85586257153525E-17 -0.401695430278778 -0.915773332118988 5.87099711565637E-18 -0.0825793445110321 -0.996584475040436 5.87099711565637E-18 -0.0825793445110321 -0.996584475040436 -1.74528458716564E-17 0.245485484600067 -0.9694002866745 -1.74528458716564E-17 0.245485484600067 -0.9694002866745 -3.88854032540932E-17 0.546948134899139 -0.837166488170624 -3.88854032540932E-17 0.546948134899139 -0.837166488170624 -5.61041206164501E-17 0.789140522480011 -0.614212691783905 -5.61041206164501E-17 0.789140522480011 -0.614212691783905 -6.72430869463219E-17 0.945817232131958 -0.324699461460114 -6.72430869463219E-17 0.945817232131958 -0.324699461460114 7.01255797704977E-17 -0.98636132478714 0.16459459066391 7.01255797704977E-17 -0.98636132478714 -0.16459459066391 7.01255797704977E-17 -0.98636132478714 0.16459459066391 5.87099711565637E-18 -0.0825793445110321 0.996584475040436 -1.74528458716564E-17 0.245485484600067 0.9694002866745 5.87099711565637E-18 -0.0825793445110321 0.996584475040436 -1.74528458716564E-17 0.245485484600067 0.9694002866745 -3.88854032540932E-17 0.546948134899139 0.837166488170624 -3.88854032540932E-17 0.546948134899139 0.837166488170624 -5.61041206164501E-17 0.789140522480011 0.614212691783905 -5.61041206164501E-17 0.789140522480011 0.614212691783905 -6.72430869463219E-17 0.945817232131958 0.324699461460114 -6.72430869463219E-17 0.945817232131958 0.324699461460114 -7.1095227354312E-17 1 2.44929370517034E-16 4.81514837846347E-17 -0.677281558513641 0.735723912715912 2.85586257153525E-17 -0.401695430278778 0.915773332118988 4.81514837846347E-17 -0.677281558513641 0.735723912715912 6.25263839795363E-17 -0.879473745822906 0.475947380065918 6.25263839795363E-17 -0.879473745822906 0.475947380065918 7.01255797704977E-17 -0.98636132478714 -0.16459459066391 6.25263839795363E-17 -0.879473745822906 -0.475947380065918 6.25263839795363E-17 -0.879473745822906 -0.475947380065918 4.81514837846347E-17 -0.677281558513641 -0.735723912715912 4.81514837846347E-17 -0.677281558513641 -0.735723912715912 2.85586257153525E-17 -0.401695430278778 -0.915773332118988 2.85586257153525E-17 -0.401695430278778 -0.915773332118988 5.87099711565637E-18 -0.0825793445110321 -0.996584475040436 5.87099711565637E-18 -0.0825793445110321 -0.996584475040436 -1.74528458716564E-17 0.245485484600067 -0.9694002866745 -1.74528458716564E-17 0.245485484600067 -0.9694002866745 -3.88854032540932E-17 0.546948134899139 -0.837166488170624 -3.88854032540932E-17 0.546948134899139 -0.837166488170624 -5.61041206164501E-17 0.789140522480011 -0.614212691783905 -5.61041206164501E-17 0.789140522480011 -0.614212691783905 -6.72430869463219E-17 0.945817232131958 -0.324699461460114 -6.72430869463219E-17 0.945817232131958 -0.324699461460114 -7.1095227354312E-17 1 2.44929370517034E-16 2.85586257153525E-17 -0.401695430278778 0.915773332118988 -5.61041206164501E-17 0.789140522480011 -0.614212691783905 -6.72430869463219E-17 0.945817232131958 -0.324699461460114 -5.61041206164501E-17 0.789140522480011 -0.614212691783905 4.81514837846347E-17 -0.677281558513641 0.735723912715912 6.25263839795363E-17 -0.879473745822906 0.475947380065918 4.81514837846347E-17 -0.677281558513641 0.735723912715912 6.25263839795363E-17 -0.879473745822906 0.475947380065918 7.01255797704977E-17 -0.98636132478714 0.16459459066391 7.01255797704977E-17 -0.98636132478714 0.16459459066391 7.01255797704977E-17 -0.98636132478714 -0.16459459066391 7.01255797704977E-17 -0.98636132478714 -0.16459459066391 6.25263839795363E-17 -0.879473745822906 -0.475947380065918 6.25263839795363E-17 -0.879473745822906 -0.475947380065918 4.81514837846347E-17 -0.677281558513641 -0.735723912715912 -6.72430869463219E-17 0.945817232131958 0.324699461460114 -7.1095227354312E-17 1 2.44929370517034E-16 -6.72430869463219E-17 0.945817232131958 0.324699461460114 -5.61041206164501E-17 0.789140522480011 0.614212691783905 -5.61041206164501E-17 0.789140522480011 0.614212691783905 -3.88854032540932E-17 0.546948134899139 0.837166488170624 -3.88854032540932E-17 0.546948134899139 0.837166488170624 4.81514837846347E-17 -0.677281558513641 -0.735723912715912 2.85586257153525E-17 -0.401695430278778 -0.915773332118988 2.85586257153525E-17 -0.401695430278778 -0.915773332118988 5.87099711565637E-18 -0.0825793445110321 -0.996584475040436 5.87099711565637E-18 -0.0825793445110321 -0.996584475040436 -1.74528458716564E-17 0.245485484600067 -0.9694002866745 -1.74528458716564E-17 0.245485484600067 -0.9694002866745 -3.88854032540932E-17 0.546948134899139 -0.837166488170624 -3.88854032540932E-17 0.546948134899139 -0.837166488170624 -6.72430869463219E-17 0.945817232131958 -0.324699461460114 -7.1095227354312E-17 1 2.44929370517034E-16 -1.74528458716564E-17 0.245485484600067 0.9694002866745 -1.74528458716564E-17 0.245485484600067 0.9694002866745 5.87099711565637E-18 -0.0825793445110321 0.996584475040436 5.87099711565637E-18 -0.0825793445110321 0.996584475040436 2.85586257153525E-17 -0.401695430278778 0.915773332118988 2.85586257153525E-17 -0.401695430278778 0.915773332118988 -6.72430869463219E-17 0.945817232131958 0.324699461460114 -7.1095227354312E-17 1 2.44929370517034E-16 -6.72430869463219E-17 0.945817232131958 0.324699461460114 -5.61041206164501E-17 0.789140522480011 0.614212691783905 -5.61041206164501E-17 0.789140522480011 0.614212691783905 -3.88854032540932E-17 0.546948134899139 0.837166488170624 -3.88854032540932E-17 0.546948134899139 0.837166488170624 -1.74528458716564E-17 0.245485484600067 0.9694002866745 -1.74528458716564E-17 0.245485484600067 0.9694002866745 5.87099711565637E-18 -0.0825793445110321 0.996584475040436 5.87099711565637E-18 -0.0825793445110321 0.996584475040436 2.85586257153525E-17 -0.401695430278778 0.915773332118988 2.85586257153525E-17 -0.401695430278778 0.915773332118988 4.81514837846347E-17 -0.677281558513641 0.735723912715912 4.81514837846347E-17 -0.677281558513641 0.735723912715912 6.25263839795363E-17 -0.879473745822906 0.475947380065918 6.25263839795363E-17 -0.879473745822906 0.475947380065918 7.01255797704977E-17 -0.98636132478714 0.16459459066391 7.01255797704977E-17 -0.98636132478714 0.16459459066391 7.01255797704977E-17 -0.98636132478714 -0.16459459066391 7.01255797704977E-17 -0.98636132478714 -0.16459459066391 6.25263839795363E-17 -0.879473745822906 -0.475947380065918 6.25263839795363E-17 -0.879473745822906 -0.475947380065918 4.81514837846347E-17 -0.677281558513641 -0.735723912715912 4.81514837846347E-17 -0.677281558513641 -0.735723912715912 2.85586257153525E-17 -0.401695430278778 -0.915773332118988 2.85586257153525E-17 -0.401695430278778 -0.915773332118988 5.87099711565637E-18 -0.0825793445110321 -0.996584475040436 5.87099711565637E-18 -0.0825793445110321 -0.996584475040436 -1.74528458716564E-17 0.245485484600067 -0.9694002866745 -1.74528458716564E-17 0.245485484600067 -0.9694002866745 -3.88854032540932E-17 0.546948134899139 -0.837166488170624 -3.88854032540932E-17 0.546948134899139 -0.837166488170624 -5.61041206164501E-17 0.789140522480011 -0.614212691783905 -5.61041206164501E-17 0.789140522480011 -0.614212691783905 -6.72430869463219E-17 0.945817232131958 -0.324699461460114 -6.72430869463219E-17 0.945817232131958 -0.324699461460114 -7.1095227354312E-17 1 2.44929370517034E-16 -6.72430869463219E-17 0.945817232131958 0.324699461460114 -5.61041206164501E-17 0.789140522480011 0.614212691783905 -6.72430869463219E-17 0.945817232131958 0.324699461460114 -5.61041206164501E-17 0.789140522480011 0.614212691783905 -3.88854032540932E-17 0.546948134899139 0.837166488170624 -3.88854032540932E-17 0.546948134899139 0.837166488170624 -1.74528458716564E-17 0.245485484600067 0.9694002866745 -1.74528458716564E-17 0.245485484600067 0.9694002866745 5.87099711565637E-18 -0.0825793445110321 0.996584475040436 5.87099711565637E-18 -0.0825793445110321 0.996584475040436 2.85586257153525E-17 -0.401695430278778 0.915773332118988 2.85586257153525E-17 -0.401695430278778 0.915773332118988 4.81514837846347E-17 -0.677281558513641 0.735723912715912 4.81514837846347E-17 -0.677281558513641 0.735723912715912 6.25263839795363E-17 -0.879473745822906 0.475947380065918 6.25263839795363E-17 -0.879473745822906 0.475947380065918 7.01255797704977E-17 -0.98636132478714 0.16459459066391 7.01255797704977E-17 -0.98636132478714 0.16459459066391 7.01255797704977E-17 -0.98636132478714 -0.16459459066391 7.01255797704977E-17 -0.98636132478714 -0.16459459066391 6.25263839795363E-17 -0.879473745822906 -0.475947380065918 6.25263839795363E-17 -0.879473745822906 -0.475947380065918 4.81514837846347E-17 -0.677281558513641 -0.735723912715912 4.81514837846347E-17 -0.677281558513641 -0.735723912715912 2.85586257153525E-17 -0.401695430278778 -0.915773332118988 2.85586257153525E-17 -0.401695430278778 -0.915773332118988 5.87099711565637E-18 -0.0825793445110321 -0.996584475040436 5.87099711565637E-18 -0.0825793445110321 -0.996584475040436 -1.74528458716564E-17 0.245485484600067 -0.9694002866745 -1.74528458716564E-17 0.245485484600067 -0.9694002866745 -3.88854032540932E-17 0.546948134899139 -0.837166488170624 -3.88854032540932E-17 0.546948134899139 -0.837166488170624 -5.61041206164501E-17 0.789140522480011 -0.614212691783905 -5.61041206164501E-17 0.789140522480011 -0.614212691783905 -6.72430869463219E-17 0.945817232131958 -0.324699461460114 -6.72430869463219E-17 0.945817232131958 -0.324699461460114 -7.1095227354312E-17 1 2.44929370517034E-16 -7.1095227354312E-17 1 2.44929370517034E-16 -0.70710676908493 0.70710676908493 0 -0.70710676908493 0.668793797492981 0.229597195982933 -0.70710676908493 0.70710676908493 0 -0.70710676908493 0.653281509876251 0.27059805393219 -0.70710676908493 0.668793797492981 0.229597195982933 -0.70710676908493 0.558006584644318 0.434313982725143 -0.70710676908493 0.5 0.5 -0.70710676908493 0.558006584644318 0.434313982725143 -0.70710676908493 0.386750757694244 0.591966092586517 -0.70710676908493 0.27059805393219 0.653281509876251 -0.70710676908493 0.173584446310997 0.685469508171082 -0.70710676908493 0.386750757694244 0.591966092586517 -0.70710676908493 -2.0720232452298E-16 0.70710676908493 -0.70710676908493 -0.0583924166858196 0.704691648483276 -0.70710676908493 0.173584446310997 0.685469508171082 -0.70710676908493 -0.27059805393219 0.653281509876251 -0.70710676908493 -0.284041553735733 0.647549510002136 -0.70710676908493 -0.0583924166858196 0.704691648483276 -0.70710676908493 -0.284041553735733 0.647549510002136 -0.70710676908493 -0.478910386562347 0.520235359668732 -0.70710676908493 -0.5 0.5 -0.70710676908493 -0.478910386562347 0.520235359668732 -0.70710676908493 -0.62188184261322 0.336545616388321 -0.70710676908493 -0.653281509876251 0.27059805393219 -0.70710676908493 -0.62188184261322 0.336545616388321 -0.70710676908493 -0.697462737560272 0.116385951638222 -0.70710676908493 -0.70710676908493 0 -0.70710676908493 -0.697462737560272 0.116385951638222 -0.70710676908493 -0.697462737560272 -0.116385951638222 -0.70710676908493 -0.653281509876251 -0.27059805393219 -0.70710676908493 -0.62188184261322 -0.336545616388321 -0.70710676908493 -0.5 -0.5 -0.70710676908493 -0.478910386562347 -0.520235359668732 -0.70710676908493 -0.62188184261322 -0.336545616388321 -0.70710676908493 -0.478910386562347 -0.520235359668732 -0.70710676908493 -0.284041553735733 -0.647549510002136 -0.70710676908493 -0.27059805393219 -0.653281509876251 -0.70710676908493 -0.284041553735733 -0.647549510002136 -0.70710676908493 -0.0583924166858196 -0.704691648483276 -0.70710676908493 -1.91020355635728E-16 -0.70710676908493 -0.70710676908493 -0.0583924166858196 -0.704691648483276 -0.70710676908493 0.173584446310997 -0.685469508171082 -0.70710676908493 0.27059805393219 -0.653281509876251 -0.70710676908493 0.173584446310997 -0.685469508171082 -0.70710676908493 0.386750757694244 -0.591966092586517 -0.70710676908493 0.5 -0.5 -0.70710676908493 0.558006584644318 -0.434313982725143 -0.70710676908493 0.386750757694244 -0.591966092586517 -0.70710676908493 0.653281509876251 -0.27059805393219 -0.70710676908493 0.668793797492981 -0.229597195982933 -0.70710676908493 0.558006584644318 -0.434313982725143 -0.70710676908493 0.668793797492981 -0.229597195982933 -0.70710676908493 -0.697462737560272 -0.116385951638222 -0.70710676908493 0.70710676908493 0 -0.70710676908493 0.668793797492981 -0.229597195982933 -0.70710676908493 0.70710676908493 0 -0.70710676908493 0.668793797492981 -0.229597195982933 -0.70710676908493 0.653281509876251 -0.27059805393219 -0.70710676908493 0.558006584644318 -0.434313982725143 -0.70710676908493 0.558006584644318 -0.434313982725143 -0.70710676908493 0.5 -0.5 -0.70710676908493 0.386750757694244 -0.591966092586517 -0.70710676908493 0.386750757694244 -0.591966092586517 -0.70710676908493 0.27059805393219 -0.653281509876251 -0.70710676908493 0.173584446310997 -0.685469508171082 -0.70710676908493 0.173584446310997 -0.685469508171082 -0.70710676908493 -1.91020355635728E-16 -0.70710676908493 -0.70710676908493 -0.0583924166858196 -0.704691648483276 -0.70710676908493 -0.0583924166858196 -0.704691648483276 -0.70710676908493 -0.27059805393219 -0.653281509876251 -0.70710676908493 -0.284041553735733 -0.647549510002136 -0.70710676908493 -0.284041553735733 -0.647549510002136 -0.70710676908493 -0.478910386562347 -0.520235359668732 -0.70710676908493 -0.478910386562347 -0.520235359668732 -0.70710676908493 -0.5 -0.5 -0.70710676908493 -0.62188184261322 -0.336545616388321 -0.70710676908493 -0.62188184261322 -0.336545616388321 -0.70710676908493 -0.653281509876251 -0.27059805393219 -0.70710676908493 -0.697462737560272 -0.116385951638222 -0.70710676908493 -0.697462737560272 -0.116385951638222 -0.70710676908493 -0.70710676908493 0 -0.70710676908493 -0.697462737560272 0.116385951638222 -0.70710676908493 -0.697462737560272 0.116385951638222 -0.70710676908493 -0.653281509876251 0.27059805393219 -0.70710676908493 -0.62188184261322 0.336545616388321 -0.70710676908493 -0.62188184261322 0.336545616388321 -0.70710676908493 -0.5 0.5 -0.70710676908493 -0.478910386562347 0.520235359668732 -0.70710676908493 -0.478910386562347 0.520235359668732 -0.70710676908493 -0.284041553735733 0.647549510002136 -0.70710676908493 -0.284041553735733 0.647549510002136 -0.70710676908493 -0.27059805393219 0.653281509876251 -0.70710676908493 -0.0583924166858196 0.704691648483276 -0.70710676908493 -0.0583924166858196 0.704691648483276 -0.70710676908493 -2.0720232452298E-16 0.70710676908493 -0.70710676908493 0.173584446310997 0.685469508171082 -0.70710676908493 0.173584446310997 0.685469508171082 -0.70710676908493 0.27059805393219 0.653281509876251 -0.70710676908493 0.386750757694244 0.591966092586517 -0.70710676908493 0.386750757694244 0.591966092586517 -0.70710676908493 0.5 0.5 -0.70710676908493 0.558006584644318 0.434313982725143 -0.70710676908493 0.558006584644318 0.434313982725143 -0.70710676908493 0.653281509876251 0.27059805393219 -0.70710676908493 0.668793797492981 0.229597195982933 -0.70710676908493 0.668793797492981 0.229597195982933 -0.70710676908493 0.668793797492981 -0.229597195982933 -0.70710676908493 0.653281509876251 -0.27059805393219 -0.70710676908493 0.668793797492981 -0.229597195982933 -0.70710676908493 0.70710676908493 4.32978030171328E-17 -0.70710676908493 0.558006584644318 -0.434313982725143 -0.70710676908493 0.558006584644318 -0.434313982725143 -0.70710676908493 0.5 -0.5 -0.70710676908493 0.386750757694244 -0.591966092586517 -0.70710676908493 0.386750757694244 -0.591966092586517 -0.70710676908493 0.27059805393219 -0.653281509876251 -0.70710676908493 0.173584446310997 -0.685469508171082 -0.70710676908493 0.173584446310997 -0.685469508171082 -0.70710676908493 -3.40111091457265E-17 -0.70710676908493 -0.70710676908493 -0.0583924166858196 -0.704691648483276 -0.70710676908493 -0.0583924166858196 -0.704691648483276 -0.70710676908493 -0.27059805393219 -0.653281509876251 -0.70710676908493 -0.284041553735733 -0.647549510002136 -0.70710676908493 -0.284041553735733 -0.647549510002136 -0.70710676908493 -0.478910386562347 -0.520235359668732 -0.70710676908493 -0.478910386562347 -0.520235359668732 -0.70710676908493 -0.5 -0.5 -0.70710676908493 -0.62188184261322 -0.336545616388321 -0.70710676908493 -0.62188184261322 -0.336545616388321 -0.70710676908493 -0.653281509876251 -0.27059805393219 -0.70710676908493 -0.697462737560272 -0.116385951638222 -0.70710676908493 -0.697462737560272 -0.116385951638222 -0.70710676908493 -0.70710676908493 -4.32978030171328E-17 -0.70710676908493 -0.697462737560272 0.116385951638222 -0.70710676908493 -0.697462737560272 0.116385951638222 -0.70710676908493 -0.653281509876251 0.27059805393219 -0.70710676908493 -0.62188184261322 0.336545616388321 -0.70710676908493 -0.62188184261322 0.336545616388321 -0.70710676908493 -0.5 0.5 -0.70710676908493 -0.478910386562347 0.520235359668732 -0.70710676908493 -0.478910386562347 0.520235359668732 -0.70710676908493 -0.284041553735733 0.647549510002136 -0.70710676908493 -0.284041553735733 0.647549510002136 -0.70710676908493 -0.27059805393219 0.653281509876251 -0.70710676908493 -0.0583924166858196 0.704691648483276 -0.70710676908493 -0.0583924166858196 0.704691648483276 -0.70710676908493 -2.0720232452298E-16 0.70710676908493 -0.70710676908493 0.173584446310997 0.685469508171082 -0.70710676908493 0.173584446310997 0.685469508171082 -0.70710676908493 0.27059805393219 0.653281509876251 -0.70710676908493 0.386750757694244 0.591966092586517 -0.70710676908493 0.386750757694244 0.591966092586517 -0.70710676908493 0.5 0.5 -0.70710676908493 0.558006584644318 0.434313982725143 -0.70710676908493 0.558006584644318 0.434313982725143 -0.70710676908493 0.653281509876251 0.27059805393219 -0.70710676908493 0.668793797492981 0.229597195982933 -0.70710676908493 0.668793797492981 0.229597195982933 -0.70710676908493 0.70710676908493 4.32978030171328E-17 -0.70710676908493 0.668793797492981 -0.229597195982933 -0.70710676908493 0.653281509876251 -0.27059805393219 -0.70710676908493 0.668793797492981 -0.229597195982933 -0.70710676908493 0.558006584644318 -0.434313982725143 -0.70710676908493 0.5 -0.5 -0.70710676908493 0.558006584644318 -0.434313982725143 -0.70710676908493 0.386750757694244 -0.591966092586517 -0.70710676908493 0.27059805393219 -0.653281509876251 -0.70710676908493 0.386750757694244 -0.591966092586517 -0.70710676908493 0.173584446310997 -0.685469508171082 -0.70710676908493 -1.91020355635728E-16 -0.70710676908493 -0.70710676908493 0.173584446310997 -0.685469508171082 -0.70710676908493 -0.0583924166858196 -0.704691648483276 -0.70710676908493 -0.27059805393219 -0.653281509876251 -0.70710676908493 -0.0583924166858196 -0.704691648483276 -0.70710676908493 -0.284041553735733 -0.647549510002136 -0.70710676908493 -0.478910386562347 -0.520235359668732 -0.70710676908493 -0.284041553735733 -0.647549510002136 -0.70710676908493 -0.478910386562347 -0.520235359668732 -0.70710676908493 -0.5 -0.5 -0.70710676908493 -0.62188184261322 -0.336545616388321 -0.70710676908493 -0.653281509876251 -0.27059805393219 -0.70710676908493 -0.62188184261322 -0.336545616388321 -0.70710676908493 -0.697462737560272 -0.116385951638222 -0.70710676908493 -0.70710676908493 0 -0.70710676908493 -0.697462737560272 -0.116385951638222 -0.70710676908493 -0.697462737560272 0.116385951638222 -0.70710676908493 -0.653281509876251 0.27059805393219 -0.70710676908493 -0.697462737560272 0.116385951638222 -0.70710676908493 0.70710676908493 0 -0.70710676908493 -0.62188184261322 0.336545616388321 -0.70710676908493 -0.62188184261322 0.336545616388321 -0.70710676908493 -0.5 0.5 -0.70710676908493 -0.478910386562347 0.520235359668732 -0.70710676908493 -0.478910386562347 0.520235359668732 -0.70710676908493 -0.284041553735733 0.647549510002136 -0.70710676908493 -0.284041553735733 0.647549510002136 -0.70710676908493 -0.27059805393219 0.653281509876251 -0.70710676908493 -0.0583924166858196 0.704691648483276 -0.70710676908493 -0.0583924166858196 0.704691648483276 -0.70710676908493 -2.0720232452298E-16 0.70710676908493 -0.70710676908493 0.173584446310997 0.685469508171082 -0.70710676908493 0.173584446310997 0.685469508171082 -0.70710676908493 0.27059805393219 0.653281509876251 -0.70710676908493 0.386750757694244 0.591966092586517 -0.70710676908493 0.386750757694244 0.591966092586517 -0.70710676908493 0.5 0.5 -0.70710676908493 0.558006584644318 0.434313982725143 -0.70710676908493 0.558006584644318 0.434313982725143 -0.70710676908493 0.653281509876251 0.27059805393219 -0.70710676908493 0.668793797492981 0.229597195982933 -0.70710676908493 0.668793797492981 0.229597195982933 -0.70710676908493 0.70710676908493 0 -0.70710676908493 0.173584446310997 0.685469508171082 -0.70710676908493 -2.0720232452298E-16 0.70710676908493 -0.70710676908493 -0.0583924166858196 0.704691648483276 -0.70710676908493 -0.697462737560272 -0.116385951638222 -0.70710676908493 -0.70710676908493 0 -0.70710676908493 -0.697462737560272 -0.116385951638222 -0.70710676908493 -0.697462737560272 0.116385951638222 -0.70710676908493 -0.653281509876251 0.27059805393219 -0.70710676908493 -0.697462737560272 0.116385951638222 -0.70710676908493 -0.62188184261322 0.336545616388321 -0.70710676908493 -0.5 0.5 -0.70710676908493 -0.62188184261322 0.336545616388321 -0.70710676908493 -0.478910386562347 0.520235359668732 -0.70710676908493 -0.284041553735733 0.647549510002136 -0.70710676908493 -0.478910386562347 0.520235359668732 -0.70710676908493 -0.284041553735733 0.647549510002136 -0.70710676908493 -0.27059805393219 0.653281509876251 -0.70710676908493 -0.0583924166858196 0.704691648483276 -0.70710676908493 0.27059805393219 0.653281509876251 -0.70710676908493 0.173584446310997 0.685469508171082 -0.70710676908493 0.386750757694244 0.591966092586517 -0.70710676908493 0.5 0.5 -0.70710676908493 0.386750757694244 0.591966092586517 -0.70710676908493 0.558006584644318 0.434313982725143 -0.70710676908493 0.653281509876251 0.27059805393219 -0.70710676908493 0.558006584644318 0.434313982725143 -0.70710676908493 0.70710676908493 0 -0.70710676908493 0.668793797492981 -0.229597195982933 -0.70710676908493 0.70710676908493 0 -0.70710676908493 0.668793797492981 -0.229597195982933 -0.70710676908493 0.653281509876251 -0.27059805393219 -0.70710676908493 0.558006584644318 -0.434313982725143 -0.70710676908493 0.5 -0.5 -0.70710676908493 0.558006584644318 -0.434313982725143 -0.70710676908493 0.386750757694244 -0.591966092586517 -0.70710676908493 0.27059805393219 -0.653281509876251 -0.70710676908493 0.386750757694244 -0.591966092586517 -0.70710676908493 0.173584446310997 -0.685469508171082 -0.70710676908493 -1.91020355635728E-16 -0.70710676908493 -0.70710676908493 0.173584446310997 -0.685469508171082 -0.70710676908493 -0.0583924166858196 -0.704691648483276 -0.70710676908493 -0.27059805393219 -0.653281509876251 -0.70710676908493 -0.0583924166858196 -0.704691648483276 -0.70710676908493 -0.284041553735733 -0.647549510002136 -0.70710676908493 -0.478910386562347 -0.520235359668732 -0.70710676908493 -0.284041553735733 -0.647549510002136 -0.70710676908493 -0.478910386562347 -0.520235359668732 -0.70710676908493 -0.5 -0.5 -0.70710676908493 0.668793797492981 0.229597195982933 -0.70710676908493 0.668793797492981 0.229597195982933 -0.70710676908493 -0.653281509876251 -0.27059805393219 -0.70710676908493 -0.62188184261322 -0.336545616388321 -0.70710676908493 -0.62188184261322 -0.336545616388321 -0.70710676908493 -0.62188184261322 -0.336545616388321 -0.70710676908493 -0.653281509876251 -0.27059805393219 -0.70710676908493 -0.62188184261322 -0.336545616388321 -0.70710676908493 -0.697462737560272 -0.116385951638222 -0.70710676908493 -0.70710676908493 0 -0.70710676908493 -0.697462737560272 -0.116385951638222 -0.70710676908493 -0.697462737560272 0.116385951638222 -0.70710676908493 -0.653281509876251 0.27059805393219 -0.70710676908493 -0.697462737560272 0.116385951638222 -0.70710676908493 -0.478910386562347 0.520235359668732 -0.70710676908493 -0.284041553735733 0.647549510002136 -0.70710676908493 -0.478910386562347 0.520235359668732 -0.70710676908493 -0.284041553735733 0.647549510002136 -0.70710676908493 -0.27059805393219 0.653281509876251 -0.70710676908493 -0.0583924166858196 0.704691648483276 -0.70710676908493 -2.0720232452298E-16 0.70710676908493 -0.70710676908493 -0.0583924166858196 0.704691648483276 -0.70710676908493 0.173584446310997 0.685469508171082 -0.70710676908493 0.27059805393219 0.653281509876251 -0.70710676908493 0.173584446310997 0.685469508171082 -0.70710676908493 0.386750757694244 0.591966092586517 -0.70710676908493 0.5 0.5 -0.70710676908493 0.386750757694244 0.591966092586517 -0.70710676908493 0.558006584644318 0.434313982725143 -0.70710676908493 0.653281509876251 0.27059805393219 -0.70710676908493 0.558006584644318 0.434313982725143 -0.70710676908493 0.668793797492981 0.229597195982933 -0.70710676908493 0.70710676908493 0 -0.70710676908493 0.668793797492981 0.229597195982933 -0.70710676908493 0.70710676908493 0 -0.70710676908493 -0.5 0.5 -0.70710676908493 -0.62188184261322 0.336545616388321 -0.70710676908493 -0.62188184261322 0.336545616388321 -0.70710676908493 0.668793797492981 -0.229597195982933 -0.70710676908493 -0.5 -0.5 -0.70710676908493 -0.478910386562347 -0.520235359668732 -0.70710676908493 -0.478910386562347 -0.520235359668732 -0.70710676908493 -0.284041553735733 -0.647549510002136 -0.70710676908493 -0.27059805393219 -0.653281509876251 -0.70710676908493 -0.284041553735733 -0.647549510002136 -0.70710676908493 0.668793797492981 -0.229597195982933 -0.70710676908493 0.653281509876251 -0.27059805393219 -0.70710676908493 0.558006584644318 -0.434313982725143 -0.70710676908493 0.558006584644318 -0.434313982725143 -0.70710676908493 0.5 -0.5 -0.70710676908493 0.386750757694244 -0.591966092586517 -0.70710676908493 0.386750757694244 -0.591966092586517 -0.70710676908493 0.27059805393219 -0.653281509876251 -0.70710676908493 0.173584446310997 -0.685469508171082 -0.70710676908493 0.173584446310997 -0.685469508171082 -0.70710676908493 -1.91020355635728E-16 -0.70710676908493 -0.70710676908493 -0.0583924166858196 -0.704691648483276 -0.70710676908493 -0.0583924166858196 -0.704691648483276 -1 0 0 -1 0 0 -1 0 0 -1 0 0 -1 -2.11874624434484E-16 0 -0.885456025600433 -1.8760566142288E-16 0.464723169803619 -0.885456025600433 -1.8760566142288E-16 0.464723169803619 -0.568064749240875 -1.203584981305E-16 0.822983860969543 -0.568064749240875 -1.203584981305E-16 0.822983860969543 -0.120536677539349 -2.55386637451766E-17 0.99270886182785 -0.120536677539349 -2.55386637451766E-17 0.99270886182785 0.35460489988327 7.51317760993421E-17 0.935016214847565 0.35460489988327 7.51317760993421E-17 0.935016214847565 0.748510777950287 1.58590428700676E-16 0.663122653961182 0.748510777950287 1.58590428700676E-16 0.663122653961182 0.970941841602325 2.05717925752696E-16 0.239315658807755 0.970941841602325 2.05717925752696E-16 0.239315658807755 0.970941841602325 2.05717925752696E-16 -0.239315658807755 1 2.11874624434484E-16 1.22464685258517E-16 1 2.11874624434484E-16 1.22464685258517E-16 0.970941841602325 2.05717925752696E-16 -0.239315658807755 0.748510777950287 1.58590428700676E-16 -0.663122653961182 0.748510777950287 1.58590428700676E-16 -0.663122653961182 0.35460489988327 7.51317760993421E-17 -0.935016214847565 0.35460489988327 7.51317760993421E-17 -0.935016214847565 -0.120536677539349 -2.55386637451766E-17 -0.99270886182785 -0.120536677539349 -2.55386637451766E-17 -0.99270886182785 -0.568064749240875 -1.203584981305E-16 -0.822983860969543 -0.568064749240875 -1.203584981305E-16 -0.822983860969543 -0.885456025600433 -1.8760566142288E-16 -0.464723169803619 -0.885456025600433 -1.8760566142288E-16 -0.464723169803619 -1 -2.11874624434484E-16 0 2.11874624434484E-16 -1 0 2.11874624434484E-16 -1 0 2.11874624434484E-16 -1 0 2.11874624434484E-16 -1 0 2.11874624434484E-16 -1 0 2.11874624434484E-16 -1 0 2.11874624434484E-16 -1 0 2.11874624434484E-16 -1 0 2.11874624434484E-16 -1 0 2.11874624434484E-16 -1 0 2.11874624434484E-16 -1 0 2.11874624434484E-16 -1 0 2.11874624434484E-16 -1 0 2.11874624434484E-16 -1 0 2.11874624434484E-16 -1 0 -0.885456025600433 -1.8760566142288E-16 -0.464723169803619 -1 0 0 -1 0 0 -0.568064749240875 -1.203584981305E-16 0.822983860969543 -0.885456025600433 -1.8760566142288E-16 0.464723169803619 -0.885456025600433 -1.8760566142288E-16 0.464723169803619 -0.120536677539349 -2.55386637451766E-17 0.99270886182785 -0.568064749240875 -1.203584981305E-16 0.822983860969543 0.35460489988327 7.51317760993421E-17 0.935016214847565 -0.120536677539349 -2.55386637451766E-17 0.99270886182785 0.748510777950287 1.58590428700676E-16 0.663122653961182 0.35460489988327 7.51317760993421E-17 0.935016214847565 0.970941841602325 2.05717925752696E-16 0.239315658807755 0.748510777950287 1.58590428700676E-16 0.663122653961182 1 2.11874624434484E-16 1.22464685258517E-16 0.970941841602325 2.05717925752696E-16 -0.239315658807755 0.970941841602325 2.05717925752696E-16 -0.239315658807755 1 2.11874624434484E-16 1.22464685258517E-16 0.970941841602325 2.05717925752696E-16 0.239315658807755 0.748510777950287 1.58590428700676E-16 -0.663122653961182 0.35460489988327 7.51317760993421E-17 -0.935016214847565 0.748510777950287 1.58590428700676E-16 -0.663122653961182 -0.120536677539349 -2.55386637451766E-17 -0.99270886182785 0.35460489988327 7.51317760993421E-17 -0.935016214847565 -0.568064749240875 -1.203584981305E-16 -0.822983860969543 -0.120536677539349 -2.55386637451766E-17 -0.99270886182785 -0.885456025600433 -1.8760566142288E-16 -0.464723169803619 -0.568064749240875 -1.203584981305E-16 -0.822983860969543 2.11874624434484E-16 -1 0 2.11874624434484E-16 -1 0 2.11874624434484E-16 -1 0 2.11874624434484E-16 -1 0 2.11874624434484E-16 -1 0 2.11874624434484E-16 -1 0 2.11874624434484E-16 -1 0 2.11874624434484E-16 -1 0 2.11874624434484E-16 -1 0 2.11874624434484E-16 -1 0 2.11874624434484E-16 -1 0 2.11874624434484E-16 -1 0 2.11874624434484E-16 -1 0 2.11874624434484E-16 -1 0 2.11874624434484E-16 -1 0 0 0.406736642122269 0.913545429706573 0 0.743144810199738 0.669130623340607 0 0.406736642122269 0.913545429706573 0 1 -1.83697014652885E-16 0 0.95105654001236 0.30901700258255 0 0.95105654001236 0.30901700258255 0 2.44929370517034E-16 1 0 2.44929370517034E-16 1 0 0.994521915912628 -0.104528464376926 0 0.994521915912628 -0.104528464376926 0 0.866025388240814 -0.5 0 0.866025388240814 -0.5 0 0.587785243988037 -0.80901700258255 0 0.587785243988037 -0.80901700258255 0 0.207911685109138 -0.978147625923157 0 0.207911685109138 -0.978147625923157 0 -0.207911685109138 -0.978147625923157 0 -0.207911685109138 -0.978147625923157 0 -0.587785243988037 -0.80901700258255 0 -0.587785243988037 -0.80901700258255 0 -0.866025388240814 -0.5 0 -0.866025388240814 -0.5 0 -0.994521915912628 -0.104528464376926 0 -0.994521915912628 -0.104528464376926 0 -0.95105654001236 0.30901700258255 0 -0.95105654001236 0.30901700258255 0 -0.743144810199738 0.669130623340607 0 -0.743144810199738 0.669130623340607 0 -0.406736642122269 0.913545429706573 0 -0.406736642122269 0.913545429706573 0 0.743144810199738 0.669130623340607 0 -0.95105654001236 0.30901700258255 0 -0.994521915912628 -0.104528464376926 0 -0.95105654001236 0.30901700258255 0 0.406736642122269 0.913545429706573 0 0.743144810199738 0.669130623340607 0 0.406736642122269 0.913545429706573 0 0.743144810199738 0.669130623340607 0 0.95105654001236 0.30901700258255 0 1 -1.83697014652885E-16 0 0.95105654001236 0.30901700258255 0 0.994521915912628 -0.104528464376926 0 0.994521915912628 -0.104528464376926 0 0.866025388240814 -0.5 0 0.866025388240814 -0.5 0 0.587785243988037 -0.80901700258255 0 0.587785243988037 -0.80901700258255 0 0.207911685109138 -0.978147625923157 0 0.207911685109138 -0.978147625923157 0 -0.207911685109138 -0.978147625923157 0 2.44929370517034E-16 1 0 -0.207911685109138 -0.978147625923157 0 -0.587785243988037 -0.80901700258255 0 -0.587785243988037 -0.80901700258255 0 -0.866025388240814 -0.5 0 -0.866025388240814 -0.5 0 -0.994521915912628 -0.104528464376926 0 2.44929370517034E-16 1 0 -0.743144810199738 0.669130623340607 0 -0.743144810199738 0.669130623340607 0 -0.406736642122269 0.913545429706573 0 -0.406736642122269 0.913545429706573</float_array><technique_common><accessor count="1808" source="#bau0127665166-2-mesh-normals-array" stride="3"><param name="X" type="float" /><param name="Y" type="float" /><param name="Z" type="float" /></accessor></technique_common></source><vertices id="bau0127665166-2-mesh-vertices"><input semantic="POSITION" source="#bau0127665166-2-mesh-positions" /></vertices><triangles count="1784" material="ZincPlated-material"><input offset="0" semantic="VERTEX" source="#bau0127665166-2-mesh-vertices" /><input offset="1" semantic="NORMAL" source="#bau0127665166-2-mesh-normals" /><p>0 0 1 1 2 2 1 1 0 0 3 3 2 2 4 4 5 5 6 6 7 7 8 8 9 9 10 10 11 11 12 12 13 13 14 14 15 15 16 16 17 17 18 18 19 19 20 20 21 21 22 22 23 23 24 24 25 25 26 26 27 27 28 28 29 29 30 30 31 31 32 32 33 33 34 34 35 35 36 36 37 37 38 38 39 39 40 40 41 41 42 42 43 43 44 44 45 45 46 46 47 47 1 1 46 46 45 45 46 46 1 1 3 3 45 45 43 43 42 42 43 43 45 45 47 47 42 42 40 40 39 39 40 40 42 42 44 44 37 37 39 39 41 41 37 37 36 36 39 39 34 34 36 36 38 38 34 34 33 33 36 36 33 33 31 31 30 30 48 48 33 33 35 35 31 31 33 33 48 48 30 30 28 28 27 27 28 28 30 30 32 32 27 27 25 25 24 24 25 25 27 27 29 29 22 22 24 24 26 26 22 22 21 21 24 24 4 4 2 2 6 6 4 4 6 6 8 8 7 7 6 6 9 9 7 7 9 9 11 11 10 10 12 12 14 14 12 12 10 10 9 9 13 13 15 15 17 17 15 15 13 13 12 12 49 49 15 15 18 18 15 15 49 49 16 16 19 19 21 21 23 23 19 19 18 18 21 21 49 49 18 18 20 20 0 0 2 2 5 5 50 50 51 51 52 52 53 53 54 54 55 55 54 54 53 53 56 56 55 55 57 57 58 58 57 57 55 55 59 59 60 60 58 58 61 61 60 60 62 62 58 58 63 63 62 62 64 64 63 63 65 65 62 62 51 51 50 50 53 53 66 66 65 65 67 67 51 51 68 68 52 52 69 69 70 70 71 71 72 72 73 73 74 74 75 75 76 76 77 77 78 78 79 79 80 80 53 53 50 50 56 56 55 55 54 54 59 59 58 58 57 57 61 61 62 62 60 60 64 64 65 65 63 63 67 67 81 81 82 82 83 83 84 84 85 85 86 86 87 87 88 88 89 89 68 68 51 51 69 69 68 68 69 69 71 71 70 70 69 69 72 72 70 70 72 72 74 74 73 73 72 72 75 75 90 90 91 91 92 92 73 73 75 75 77 77 76 76 78 78 80 80 78 78 76 76 75 75 79 79 93 93 94 94 93 93 79 79 78 78 95 95 93 93 96 96 95 95 96 96 97 97 93 93 95 95 98 98 99 99 96 96 90 90 99 99 90 90 92 92 91 91 90 90 87 87 91 91 87 87 89 89 88 88 84 84 86 86 84 84 88 88 87 87 85 85 81 81 83 83 81 81 85 85 84 84 82 82 65 65 66 66 65 65 82 82 81 81 93 93 98 98 94 94 96 96 99 99 97 97 100 100 101 101 102 102 103 103 104 104 105 105 106 106 107 107 108 108 109 109 110 110 111 111 112 112 113 113 114 114 115 115 116 116 117 117 118 118 119 119 120 120 121 121 122 122 123 123 124 124 125 125 126 126 127 127 128 128 129 129 130 130 131 131 132 132 133 133 134 134 135 135 136 136 137 137 138 138 139 139 140 140 141 141 142 142 143 143 144 144 145 145 146 146 147 147 100 100 146 146 145 145 146 146 100 100 102 102 145 145 143 143 142 142 143 143 145 145 147 147 142 142 140 140 139 139 140 140 142 142 144 144 137 137 139 139 141 141 137 137 136 136 139 139 134 134 136 136 138 138 134 134 133 133 136 136 148 148 133 133 135 135 133 133 131 131 130 130 131 131 133 133 148 148 130 130 128 128 127 127 128 128 130 130 132 132 127 127 125 125 124 124 125 125 127 127 129 129 122 122 124 124 126 126 122 122 121 121 124 124 119 119 121 121 123 123 119 119 118 118 121 121 115 115 149 149 116 116 149 149 118 118 120 120 149 149 115 115 118 118 115 115 113 113 112 112 112 112 110 110 109 109 110 110 112 112 114 114 107 107 109 109 111 111 107 107 106 106 109 109 104 104 106 106 108 108 104 104 103 103 106 106 101 101 103 103 105 105 101 101 100 100 103 103 113 113 115 115 117 117 150 150 151 151 152 152 153 153 154 154 155 155 154 154 153 153 150 150 155 155 154 154 156 156 157 157 154 154 158 158 157 157 158 158 159 159 160 160 158 158 161 161 160 160 161 161 162 162 163 163 164 164 165 165 164 164 163 163 161 161 166 166 167 167 168 168 167 167 166 166 164 164 169 169 170 170 171 171 170 170 169 169 167 167 167 167 169 169 168 168 164 164 166 166 165 165 161 161 163 163 162 162 158 158 160 160 159 159 154 154 157 157 156 156 150 150 153 153 172 172 152 152 151 151 173 173 174 174 175 175 176 176 177 177 178 178 179 179 180 180 181 181 182 182 183 183 184 184 185 185 186 186 187 187 188 188 189 189 190 190 191 191 192 192 193 193 194 194 170 170 195 195 171 171 196 196 197 197 198 198 151 151 150 150 172 172 152 152 175 175 174 174 175 175 152 152 173 173 197 197 174 174 176 176 197 197 196 196 174 174 178 178 196 196 198 198 178 178 177 177 196 196 180 180 199 199 181 181 199 199 177 177 179 179 199 199 180 180 177 177 180 180 184 184 183 183 184 184 180 180 182 182 183 183 187 187 186 186 187 187 183 183 185 185 190 190 186 186 188 188 195 195 170 170 192 192 195 195 192 192 194 194 193 193 192 192 189 189 193 193 189 189 191 191 190 190 189 189 186 186 200 200 201 201 202 202 203 203 204 204 201 201 205 205 204 204 206 206 204 204 207 207 208 208 207 207 204 204 205 205 208 208 209 209 210 210 209 209 208 208 211 211 210 210 212 212 213 213 212 212 210 210 214 214 215 215 213 213 216 216 215 215 217 217 213 213 218 218 217 217 219 219 218 218 220 220 217 217 221 221 222 222 223 223 222 222 220 220 224 224 222 222 221 221 220 220 221 221 225 225 226 226 225 225 221 221 227 227 226 226 228 228 229 229 228 228 226 226 230 230 231 231 229 229 232 232 231 231 233 233 229 229 234 234 233 233 235 235 234 234 236 236 233 233 237 237 236 236 238 238 237 237 239 239 236 236 200 200 202 202 240 240 241 241 242 242 202 202 243 243 244 244 245 245 244 244 243 243 241 241 246 246 239 239 247 247 239 239 246 246 244 244 244 244 246 246 245 245 241 241 243 243 248 248 202 202 242 242 240 240 201 201 200 200 249 249 204 204 203 203 206 206 208 208 207 207 211 211 210 210 209 209 214 214 213 213 212 212 216 216 217 217 215 215 219 219 220 220 218 218 224 224 221 221 223 223 227 227 226 226 225 225 230 230 229 229 228 228 232 232 233 233 231 231 235 235 236 236 234 234 238 238 239 239 237 237 247 247 242 242 241 241 248 248 203 203 201 201 249 249 250 250 251 251 252 252 253 253 254 254 255 255 256 256 257 257 258 258 259 259 260 260 261 261 258 258 262 262 263 263 262 262 258 258 264 264 265 265 263 263 266 266 265 265 267 267 263 263 268 268 267 267 269 269 268 268 270 270 267 267 271 271 270 270 272 272 270 270 273 273 274 274 273 273 270 270 271 271 274 274 275 275 276 276 275 275 274 274 277 277 276 276 278 278 279 279 278 278 276 276 280 280 281 281 282 282 283 283 284 284 285 285 279 279 251 251 250 250 256 256 286 286 287 287 285 285 256 256 250 250 288 288 289 289 290 290 291 291 251 251 292 292 252 252 290 290 287 287 293 293 290 290 289 289 287 287 289 289 282 282 281 281 282 282 289 289 294 294 281 281 295 295 296 296 295 295 281 281 283 283 254 254 296 296 297 297 254 254 253 253 296 296 260 260 253 253 255 255 260 260 259 259 253 253 292 292 259 259 261 261 292 292 251 251 259 259 289 289 291 291 294 294 287 287 286 286 293 293 285 285 284 284 298 298 286 286 285 285 298 298 296 296 295 295 297 297 258 258 257 257 264 264 263 263 262 262 266 266 267 267 265 265 269 269 270 270 268 268 272 272 274 274 273 273 277 277 276 276 275 275 280 280 284 284 279 279 299 299 279 279 278 278 299 299 257 257 256 256 288 288 300 300 301 301 302 302 303 303 304 304 305 305 306 306 307 307 304 304 305 305 302 302 303 303 302 302 305 305 300 300 301 301 300 300 308 308 307 307 306 306 309 309 304 304 303 303 306 306 310 310 311 311 312 312 311 311 310 310 313 313 314 314 315 315 316 316 315 315 314 314 317 317 315 315 317 317 318 318 319 319 320 320 321 321 322 322 323 323 324 324 325 325 324 324 326 326 324 324 325 325 322 322 323 323 322 322 327 327 321 321 327 327 319 319 320 320 319 319 328 328 327 327 321 321 323 323 329 329 330 330 331 331 331 331 332 332 333 333 334 334 335 335 336 336 330 330 337 337 338 338 331 331 339 339 329 329 340 340 341 341 342 342 331 331 333 333 339 339 330 330 329 329 343 343 340 340 344 344 341 341 345 345 335 335 334 334 335 335 346 346 347 347 335 335 345 345 331 331 348 348 335 335 347 347 337 337 330 330 343 343 346 346 335 335 340 340 344 344 330 330 338 338 332 332 331 331 345 345 335 335 348 348 336 336 346 346 340 340 342 342 330 330 344 344 340 340 349 349 350 350 351 351 352 352 349 349 353 353 350 350 349 349 352 352 354 354 355 355 356 356 357 357 358 358 359 359 360 360 361 361 362 362 355 355 354 354 361 361 359 359 362 362 357 357 358 358 357 357 363 363 362 362 359 359 360 360 361 361 360 360 355 355 364 364 365 365 366 366 365 365 364 364 367 367 368 368 369 369 370 370 369 369 368 368 371 371 370 370 369 369 372 372 373 373 374 374 375 375 376 376 377 377 378 378 379 379 378 378 380 380 381 381 380 380 382 382 380 380 381 381 379 379 378 378 379 379 376 376 377 377 376 376 374 374 374 374 373 373 377 377 383 383 384 384 385 385 386 386 387 387 388 388 389 389 384 384 390 390 391 391 384 384 383 383 392 392 393 393 394 394 386 386 395 395 396 396 397 397 384 384 396 396 396 396 398 398 399 399 400 400 393 393 391 391 384 384 389 389 385 385 393 393 400 400 394 394 384 384 397 397 390 390 384 384 391 391 393 393 397 397 396 396 399 399 387 387 393 393 392 392 401 401 386 386 388 388 398 398 396 396 395 395 387 387 386 386 393 393 402 402 386 386 401 401 395 395 386 386 402 402 403 403 404 404 405 405 406 406 403 403 407 407 403 403 406 406 404 404 408 408 409 409 410 410 409 409 408 408 411 411 410 410 412 412 413 413 412 412 410 410 409 409 414 414 415 415 416 416 415 415 414 414 412 412 413 413 414 414 417 417 414 414 413 413 412 412 418 418 419 419 420 420 419 419 418 418 417 417 413 413 418 418 421 421 422 422 423 423 424 424 423 423 422 422 421 421 413 413 422 422 425 425 422 422 413 413 421 421 426 426 425 425 427 427 425 425 426 426 413 413 418 418 413 413 417 417 428 428 429 429 430 430 431 431 432 432 433 433 434 434 435 435 432 432 435 435 434 434 436 436 432 432 431 431 434 434 433 433 437 437 431 431 429 429 428 428 437 437 437 437 433 433 429 429 438 438 439 439 440 440 439 439 438 438 441 441 442 442 443 443 444 444 443 443 442 442 445 445 446 446 447 447 448 448 449 449 450 450 451 451 446 446 452 452 447 447 453 453 448 448 454 454 449 449 455 455 450 450 456 456 457 457 458 458 452 452 446 446 459 459 448 448 453 453 446 446 460 460 453 453 454 454 455 455 461 461 462 462 449 449 463 463 464 464 465 465 456 456 458 458 461 461 455 455 449 449 463 463 449 449 451 451 464 464 466 466 467 467 468 468 456 456 465 465 466 466 464 464 463 463 464 464 457 457 456 456 446 446 456 456 468 468 464 464 469 469 470 470 469 469 464 464 467 467 457 457 464 464 470 470 449 449 471 471 472 472 449 449 473 473 474 474 472 472 475 475 476 476 464 464 477 477 478 478 449 449 479 479 480 480 475 475 472 472 471 471 481 481 472 472 476 476 482 482 483 483 484 484 449 449 485 485 473 473 479 479 449 449 474 474 471 471 449 449 480 480 486 486 487 487 482 482 464 464 488 488 489 489 485 485 464 464 478 478 486 486 472 472 490 490 491 491 482 482 487 487 488 488 482 482 484 484 492 492 464 464 489 489 485 485 449 449 464 464 472 472 486 486 493 493 487 487 486 486 490 490 483 483 482 482 491 491 488 488 464 464 482 482 477 477 464 464 492 492 486 486 494 494 495 495 496 496 497 497 498 498 499 499 500 500 494 494 501 501 502 502 503 503 497 497 500 500 499 499 504 504 496 496 498 498 482 482 505 505 506 506 500 500 497 497 496 496 496 496 502 502 501 501 507 507 501 501 503 503 486 486 508 508 509 509 510 510 482 482 464 464 482 482 511 511 512 512 486 486 513 513 514 514 515 515 486 486 509 509 516 516 501 501 507 507 482 482 517 517 505 505 462 462 461 461 460 460 508 508 486 486 514 514 494 494 486 486 515 515 511 511 501 501 516 516 517 517 482 482 512 512 513 513 486 486 482 482 511 511 482 482 501 501 518 518 519 519 520 520 521 521 522 522 523 523 524 524 525 525 526 526 522 522 521 521 527 527 519 519 521 521 523 523 524 524 520 520 528 528 501 501 529 529 530 530 521 521 519 519 518 518 520 520 524 524 518 518 524 524 531 531 532 532 526 526 533 533 501 501 534 534 501 501 530 530 531 531 524 524 528 528 535 535 524 524 532 532 526 526 536 536 537 537 501 501 538 538 529 529 496 496 534 534 527 527 525 525 524 524 535 535 526 526 539 539 536 536 540 540 526 526 537 537 538 538 501 501 533 533 534 534 496 496 501 501 539 539 526 526 525 525 533 533 526 526 540 540 541 541 542 542 543 543 544 544 541 541 545 545 526 526 546 546 547 547 548 548 541 541 544 544 543 543 549 549 550 550 551 551 526 526 547 547 552 552 541 541 548 548 549 549 543 543 542 542 553 553 554 554 555 555 524 524 551 551 545 545 542 542 541 541 552 552 556 556 543 543 550 550 526 526 557 557 558 558 551 551 524 524 526 526 541 541 524 524 545 545 559 559 543 543 556 556 553 553 560 560 561 561 562 562 526 526 558 558 543 543 554 554 553 553 560 560 553 553 555 555 557 557 553 553 561 561 546 546 526 526 562 562 554 554 543 543 559 559 557 557 526 526 553 553 543 543 563 563 564 564 565 565 566 566 567 567 568 568 567 567 569 569 570 570 564 564 563 563 571 571 572 572 573 573 574 574 501 501 482 482 575 575 553 553 526 526 576 576 571 571 553 553 577 577 578 578 571 571 502 502 496 496 504 504 453 453 460 460 579 579 459 459 446 446 468 468 460 460 461 461 579 579 456 456 446 446 580 580 472 472 481 481 490 490 494 494 500 500 495 495 496 496 527 527 521 521 524 524 541 541 581 581 582 582 583 583 584 584 571 571 585 585 586 586 513 513 482 482 506 506 587 587 464 464 456 456 588 588 526 526 501 501 567 567 568 568 565 565 568 568 583 583 582 582 589 589 564 564 570 570 590 590 582 582 584 584 553 553 591 591 592 592 583 583 568 568 569 569 566 566 564 564 589 589 582 582 590 590 586 586 586 586 572 572 571 571 571 571 593 593 594 594 595 595 553 553 592 592 564 564 566 566 565 565 572 572 586 586 590 590 571 571 596 596 593 593 553 553 597 597 598 598 543 543 595 595 563 563 596 596 571 571 573 573 553 553 594 594 597 597 591 591 553 553 598 598 595 595 543 543 553 553 594 594 553 553 571 571 585 585 571 571 578 578 464 464 587 587 510 510 482 482 510 510 574 574 501 501 574 574 588 588 526 526 588 588 575 575 553 553 575 575 576 576 571 571 576 576 577 577 578 578 577 577 599 599 600 600 601 601 602 602 603 603 604 604 605 605 606 606 604 604 603 603 607 607 604 604 606 606 608 608 604 604 607 607 600 600 608 608 609 609 608 608 600 600 604 604 601 601 600 600 609 609 610 610 611 611 612 612 611 611 610 610 613 613 614 614 615 615 616 616 615 615 614 614 617 617 616 616 615 615 618 618 618 618 615 615 619 619 617 617 620 620 621 621 622 622 617 617 614 614 623 623 617 617 621 621 624 624 617 617 625 625 626 626 617 617 623 623 617 617 626 626 625 625 617 617 624 624 627 627 620 620 617 617 622 622 628 628 629 629 630 630 631 631 632 632 633 633 634 634 635 635 636 636 637 637 638 638 639 639 640 640 638 638 632 632 641 641 632 632 642 642 638 638 643 643 644 644 645 645 646 646 647 647 648 648 649 649 650 650 638 638 651 651 643 643 638 638 652 652 628 628 628 628 653 653 648 648 635 635 654 654 655 655 651 651 638 638 635 635 656 656 638 638 644 644 629 629 628 628 652 652 657 657 628 628 630 630 649 649 648 648 653 653 648 648 658 658 659 659 660 660 635 635 655 655 652 652 638 638 656 656 653 653 628 628 657 657 658 658 648 648 650 650 635 635 659 659 654 654 659 659 635 635 648 648 661 661 662 662 663 663 662 662 664 664 665 665 666 666 667 667 668 668 669 669 662 662 665 665 663 663 670 670 671 671 672 672 673 673 662 662 663 663 674 674 670 670 675 675 663 663 671 671 666 666 676 676 677 677 664 664 662 662 673 673 674 674 663 663 662 662 667 667 663 663 675 675 676 676 666 666 668 668 666 666 678 678 672 672 632 632 631 631 679 679 680 680 633 633 681 681 682 682 635 635 683 683 636 636 635 635 637 637 639 639 638 638 684 684 638 638 640 640 685 685 632 632 679 679 642 642 633 633 680 680 686 686 635 635 682 682 633 633 638 638 637 637 635 635 632 632 641 641 640 640 633 633 682 682 681 681 638 638 685 685 684 684 635 635 634 634 683 683 687 687 688 688 689 689 690 690 691 691 692 692 693 693 694 694 695 695 696 696 694 694 697 697 697 697 687 687 698 698 699 699 687 687 700 700 692 692 691 691 693 693 647 647 701 701 702 702 702 702 703 703 704 704 704 704 705 705 706 706 706 706 707 707 708 708 708 708 709 709 710 710 710 710 711 711 712 712 712 712 713 713 714 714 714 714 715 715 716 716 695 695 694 694 717 717 694 694 696 696 718 718 687 687 699 699 698 698 719 719 687 687 720 720 721 721 720 720 722 722 723 723 720 720 691 691 694 694 693 693 691 691 687 687 697 697 694 694 687 687 719 719 724 724 720 720 723 723 722 722 694 694 718 718 717 717 720 720 721 721 719 719 687 687 724 724 700 700 725 725 714 714 726 726 714 714 725 725 727 727 728 728 714 714 729 729 730 730 689 689 727 727 714 714 728 728 726 726 730 730 727 727 731 731 729 729 714 714 732 732 732 732 716 716 733 733 731 731 727 727 734 734 716 716 732 732 714 714 727 727 725 725 734 734 733 733 716 716 735 735 689 689 730 730 736 736 735 735 737 737 738 738 739 739 687 687 740 740 741 741 687 687 689 689 738 738 737 737 739 739 687 687 741 741 740 740 716 716 742 742 737 737 737 737 743 743 744 744 745 745 647 647 666 666 666 666 702 702 663 663 746 746 708 708 628 628 747 747 672 672 748 748 628 628 710 710 638 638 646 646 645 645 749 749 701 701 647 647 646 646 703 703 702 702 701 701 705 705 704 704 703 703 707 707 706 706 705 705 709 709 708 708 707 707 687 687 739 739 737 737 750 750 663 663 751 751 751 751 702 702 752 752 702 702 751 751 663 663 753 753 702 702 704 704 702 702 753 753 752 752 754 754 746 746 661 661 746 746 754 754 755 755 756 756 706 706 757 757 757 757 746 746 758 758 746 746 755 755 759 759 760 760 661 661 750 750 761 761 706 706 762 762 746 746 757 757 706 706 661 661 760 760 754 754 762 762 706 706 763 763 746 746 759 759 758 758 764 764 704 704 761 761 706 706 756 756 763 763 706 706 761 761 704 704 765 765 633 633 766 766 767 767 632 632 768 768 769 769 632 632 727 727 766 766 633 633 767 767 632 632 769 769 768 768 632 632 767 767 633 633 770 770 689 689 771 771 772 772 689 689 688 688 771 771 689 689 773 773 689 689 772 772 774 774 775 775 688 688 776 776 689 689 774 774 773 773 688 688 775 775 777 777 778 778 688 688 779 779 780 780 727 727 770 770 688 688 777 777 772 772 778 778 779 779 781 781 689 689 770 770 727 727 781 781 779 779 765 765 688 688 778 778 776 776 782 782 628 628 648 648 782 782 648 648 783 783 784 784 648 648 785 785 786 786 628 628 787 787 648 648 784 784 783 783 628 628 782 782 787 787 788 788 661 661 789 789 790 790 661 661 791 791 792 792 793 793 794 794 795 795 793 793 788 788 661 661 790 790 789 789 796 796 661 661 746 746 797 797 785 785 792 792 794 794 793 793 798 798 661 661 788 788 793 793 796 796 746 746 799 799 793 793 792 792 785 785 661 661 796 796 791 791 793 793 795 795 798 798 799 799 746 746 786 786 785 785 797 797 784 784 628 628 786 786 746 746 727 727 780 780 769 769 633 633 765 765 779 779 704 704 764 764 753 753 663 663 750 750 661 661 737 737 735 735 716 716 689 689 736 736 741 741 691 691 690 690 723 723 688 688 687 687 694 694 633 633 686 686 631 631 635 635 660 660 651 651 662 662 661 661 793 793 662 662 669 669 674 674 800 800 666 666 672 672 687 687 744 744 720 720 711 711 710 710 709 709 713 713 712 712 711 711 715 715 714 714 713 713 742 742 716 716 715 715 743 743 737 737 742 742 647 647 745 745 645 645 702 702 666 666 647 647 708 708 746 746 706 706 710 710 628 628 708 708 712 712 638 638 710 710 714 714 632 632 712 712 744 744 687 687 737 737 666 666 800 800 745 745 673 673 672 672 747 747 638 638 712 712 632 632 748 748 672 672 801 801 801 801 672 672 678 678 678 678 666 666 677 677 667 667 666 666 663 663 632 632 714 714 727 727 802 802 803 803 804 804 805 805 804 804 803 803 806 806 807 807 805 805 808 808 809 809 806 806 810 810 811 811 812 812 811 811 810 810 813 813 811 811 813 813 814 814 815 815 811 811 816 816 811 811 815 815 812 812 816 816 811 811 817 817 818 818 811 811 819 819 804 804 805 805 807 807 807 807 806 806 809 809 809 809 808 808 811 811 820 820 808 808 821 821 808 808 822 822 811 811 822 822 808 808 820 820 811 811 818 818 817 817 819 819 811 811 822 822 803 803 802 802 823 823 824 824 825 825 826 826 827 827 824 824 828 828 829 829 825 825 830 830 825 825 829 829 826 826 831 831 824 824 832 832 833 833 834 834 835 835 836 836 834 834 837 837 824 824 831 831 828 828 834 834 833 833 825 825 827 827 825 825 824 824 838 838 839 839 837 837 837 837 840 840 841 841 837 837 842 842 840 840 838 838 843 843 844 844 842 842 837 837 839 839 845 845 832 832 846 846 847 847 838 838 844 844 848 848 832 832 824 824 825 825 827 827 849 849 850 850 838 838 847 847 846 846 832 832 848 848 851 851 852 852 837 837 843 843 825 825 849 849 839 839 838 838 850 850 836 836 837 837 852 852 852 852 851 851 853 853 825 825 833 833 830 830 834 834 836 836 854 854 832 832 845 845 851 851 853 853 851 851 845 845 843 843 838 838 825 825 834 834 855 855 835 835 851 851 837 837 841 841 855 855 834 834 854 854 856 856 857 857 858 858 859 859 857 857 856 856 860 860 861 861 862 862 863 863 862 862 864 864 863 863 865 865 866 866 857 857 859 859 867 867 861 861 868 868 869 869 865 865 863 863 864 864 870 870 857 857 871 871 867 867 872 872 873 873 873 873 869 869 868 868 862 862 863 863 860 860 874 874 858 858 857 857 857 857 870 870 874 874 872 872 867 867 875 875 861 861 860 860 868 868 874 874 870 870 876 876 869 869 873 873 872 872 867 867 859 859 875 875 858 858 874 874 877 877 878 878 879 879 880 880 881 881 882 882 883 883 884 884 885 885 886 886 886 886 887 887 880 880 888 888 889 889 890 890 885 885 884 884 881 881 887 887 886 886 885 885 889 889 891 891 892 892 880 880 887 887 878 878 879 879 878 878 893 893 890 890 893 893 894 894 888 888 890 890 894 894 882 882 881 881 884 884 895 895 892 892 891 891 892 892 895 895 896 896 889 889 897 897 898 898 897 897 892 892 899 899 893 893 890 890 879 879 889 889 888 888 891 891 897 897 889 889 892 892 900 900 901 901 902 902 901 901 900 900 903 903 904 904 905 905 906 906 907 907 908 908 909 909 910 910 909 909 911 911 912 912 913 913 914 914 915 915 914 914 916 916 911 911 916 916 910 910 909 909 910 910 907 907 908 908 907 907 917 917 918 918 917 917 905 905 917 917 918 918 908 908 905 905 904 904 918 918 916 916 911 911 915 915 914 914 915 915 912 912 913 913 912 912 919 919 920 920 921 921 922 922 923 923 924 924 922 922 920 920 922 922 925 925 926 926 927 927 928 928 924 924 923 923 929 929 922 922 924 924 930 930 927 927 926 926 931 931 927 927 932 932 933 933 928 928 920 920 926 926 922 922 930 930 925 925 932 932 927 927 931 931 921 921 920 920 934 934 927 927 933 933 935 935 920 920 928 928 934 934 936 936 937 937 938 938 939 939 940 940 941 941 938 938 940 940 942 942 936 936 938 938 943 943 940 940 938 938 941 941 944 944 945 945 946 946 940 940 939 939 947 947 945 945 940 940 947 947 938 938 942 942 948 948 945 945 944 944 949 949 943 943 938 938 948 948 940 940 945 945 949 949 937 937 936 936 950 950 946 946 945 945 951 951 952 952 953 953 954 954 953 953 952 952 955 955 952 952 954 954 956 956 957 957 958 958 959 959 960 960 961 961 958 958 962 962 963 963 961 961 964 964 965 965 963 963 966 966 967 967 965 965 968 968 969 969 967 967 969 969 968 968 970 970 958 958 957 957 960 960 967 967 966 966 968 968 965 965 964 964 966 966 963 963 962 962 964 964 959 959 971 971 957 957 961 961 960 960 962 962 971 971 959 959 972 972 973 973 974 974 975 975 976 976 977 977 978 978 979 979 980 980 981 981 974 974 973 973 979 979 982 982 980 980 979 979 974 974 979 979 983 983 984 984 976 976 985 985 986 986 974 974 987 987 976 976 984 984 977 977 976 976 987 987 985 985 974 974 986 986 975 975 980 980 982 982 988 988 987 987 976 976 986 986 979 979 981 981 983 983 989 989 990 990 991 991 992 992 989 989 991 991 993 993 994 994 995 995 996 996 997 997 998 998 999 999 992 992 1000 1000 1001 1001 989 989 1002 1002 989 989 992 992 1003 1003 992 992 999 999 1003 1003 1004 1004 996 996 998 998 990 990 989 989 1001 1001 992 992 996 996 1000 1000 994 994 996 996 1004 1004 996 996 992 992 997 997 994 994 993 993 996 996 1005 1005 1006 1006 1007 1007 1008 1008 1006 1006 1005 1005 1006 1006 1008 1008 1009 1009 1010 1010 1011 1011 1012 1012 1011 1011 1010 1010 1013 1013 1012 1012 1014 1014 1010 1010 1015 1015 1016 1016 1014 1014 1017 1017 1018 1018 1016 1016 1019 1019 1020 1020 1018 1018 1021 1021 1022 1022 1020 1020 1023 1023 1024 1024 1022 1022 1024 1024 1023 1023 1025 1025 1022 1022 1021 1021 1023 1023 1020 1020 1019 1019 1021 1021 1018 1018 1017 1017 1019 1019 1016 1016 1015 1015 1017 1017 1014 1014 1012 1012 1015 1015 1026 1026 1027 1027 1028 1028 1029 1029 1030 1030 1031 1031 1029 1029 1032 1032 1033 1033 1027 1027 1026 1026 1030 1030 1032 1032 1029 1029 1031 1031 1034 1034 1035 1035 1036 1036 1030 1030 1029 1029 1027 1027 1026 1026 1037 1037 1038 1038 1035 1035 1034 1034 1037 1037 1026 1026 1039 1039 1037 1037 1037 1037 1034 1034 1040 1040 1029 1029 1033 1033 1041 1041 1037 1037 1040 1040 1038 1038 1039 1039 1026 1026 1028 1028 1042 1042 1043 1043 1044 1044 1045 1045 1043 1043 1046 1046 1047 1047 1045 1045 1048 1048 1049 1049 1047 1047 1050 1050 1043 1043 1051 1051 1052 1052 1051 1051 1053 1053 1052 1052 1043 1043 1045 1045 1044 1044 1054 1054 1051 1051 1055 1055 1051 1051 1043 1043 1056 1056 1043 1043 1042 1042 1056 1056 1048 1048 1045 1045 1057 1057 1053 1053 1051 1051 1054 1054 1047 1047 1049 1049 1045 1045 1045 1045 1046 1046 1057 1057 1058 1058 1059 1059 1060 1060 1059 1059 1058 1058 1061 1061 1062 1062 1063 1063 1064 1064 1065 1065 1064 1064 1066 1066 1067 1067 1066 1066 1068 1068 1069 1069 1068 1068 1070 1070 1071 1071 1072 1072 1063 1063 1073 1073 1074 1074 1072 1072 1075 1075 1076 1076 1074 1074 1076 1076 1075 1075 1077 1077 1074 1074 1073 1073 1075 1075 1072 1072 1071 1071 1073 1073 1063 1063 1062 1062 1071 1071 1064 1064 1065 1065 1062 1062 1066 1066 1067 1067 1065 1065 1068 1068 1069 1069 1067 1067 1078 1078 1079 1079 1080 1080 1078 1078 1081 1081 1079 1079 1082 1082 1083 1083 1084 1084 1085 1085 1086 1086 1078 1078 1087 1087 1081 1081 1078 1078 1085 1085 1078 1078 1080 1080 1088 1088 1083 1083 1089 1089 1081 1081 1087 1087 1090 1090 1085 1085 1089 1089 1091 1091 1083 1083 1088 1088 1084 1084 1083 1083 1082 1082 1092 1092 1089 1089 1085 1085 1088 1088 1086 1086 1085 1085 1091 1091 1083 1083 1092 1092 1093 1093 1094 1094 1095 1095 1096 1096 1097 1097 1094 1094 1098 1098 1099 1099 1100 1100 1101 1101 1094 1094 1102 1102 1103 1103 1095 1095 1094 1094 1103 1103 1104 1104 1105 1105 1106 1106 1107 1107 1099 1099 1101 1101 1095 1095 1108 1108 1096 1096 1102 1102 1094 1094 1097 1097 1095 1095 1099 1099 1109 1109 1105 1105 1099 1099 1107 1107 1108 1108 1095 1095 1109 1109 1099 1099 1095 1095 1100 1100 1105 1105 1104 1104 1099 1099 1110 1110 1111 1111 1112 1112 1113 1113 1114 1114 1111 1111 1115 1115 1116 1116 1114 1114 1117 1117 1118 1118 1116 1116 1119 1119 1120 1120 1118 1118 1121 1121 1122 1122 1120 1120 1123 1123 1124 1124 1122 1122 1125 1125 1126 1126 1127 1127 1128 1128 1127 1127 1124 1124 1129 1129 1130 1130 1131 1131 1132 1132 1133 1133 1130 1130 1134 1134 1135 1135 1133 1133 1136 1136 1137 1137 1135 1135 1138 1138 1139 1139 1137 1137 1140 1140 1141 1141 1139 1139 1142 1142 1143 1143 1141 1141 1144 1144 1145 1145 1143 1143 1146 1146 1112 1112 1145 1145 1112 1112 1146 1146 1110 1110 1145 1145 1144 1144 1146 1146 1143 1143 1142 1142 1144 1144 1141 1141 1140 1140 1142 1142 1147 1147 1131 1131 1126 1126 1139 1139 1138 1138 1140 1140 1137 1137 1136 1136 1138 1138 1135 1135 1134 1134 1136 1136 1133 1133 1132 1132 1134 1134 1130 1130 1129 1129 1132 1132 1131 1131 1147 1147 1129 1129 1126 1126 1125 1125 1147 1147 1127 1127 1128 1128 1125 1125 1124 1124 1123 1123 1128 1128 1122 1122 1121 1121 1123 1123 1120 1120 1119 1119 1121 1121 1118 1118 1117 1117 1119 1119 1116 1116 1115 1115 1117 1117 1114 1114 1113 1113 1115 1115 1111 1111 1110 1110 1113 1113 1148 1148 1149 1149 1150 1150 1151 1151 1150 1150 1152 1152 1153 1153 1152 1152 1154 1154 1155 1155 1154 1154 1156 1156 1157 1157 1156 1156 1158 1158 1159 1159 1158 1158 1160 1160 1161 1161 1160 1160 1162 1162 1163 1163 1162 1162 1164 1164 1165 1165 1164 1164 1166 1166 1167 1167 1168 1168 1149 1149 1169 1169 1170 1170 1168 1168 1171 1171 1172 1172 1170 1170 1173 1173 1174 1174 1172 1172 1175 1175 1176 1176 1174 1174 1177 1177 1178 1178 1176 1176 1179 1179 1180 1180 1178 1178 1181 1181 1182 1182 1180 1180 1183 1183 1184 1184 1182 1182 1185 1185 1166 1166 1184 1184 1166 1166 1185 1185 1165 1165 1184 1184 1183 1183 1185 1185 1182 1182 1181 1181 1183 1183 1180 1180 1179 1179 1181 1181 1178 1178 1177 1177 1179 1179 1174 1174 1173 1173 1175 1175 1172 1172 1171 1171 1173 1173 1170 1170 1169 1169 1171 1171 1168 1168 1167 1167 1169 1169 1149 1149 1148 1148 1167 1167 1150 1150 1151 1151 1148 1148 1152 1152 1153 1153 1151 1151 1154 1154 1155 1155 1153 1153 1156 1156 1157 1157 1155 1155 1158 1158 1159 1159 1157 1157 1160 1160 1161 1161 1159 1159 1162 1162 1163 1163 1161 1161 1164 1164 1165 1165 1163 1163 1176 1176 1175 1175 1177 1177 1186 1186 1187 1187 1188 1188 1189 1189 1190 1190 1191 1191 1192 1192 1193 1193 1190 1190 1194 1194 1195 1195 1193 1193 1196 1196 1197 1197 1195 1195 1198 1198 1199 1199 1197 1197 1200 1200 1201 1201 1202 1202 1203 1203 1202 1202 1204 1204 1188 1188 1204 1204 1186 1186 1187 1187 1186 1186 1205 1205 1206 1206 1205 1205 1207 1207 1208 1208 1207 1207 1209 1209 1210 1210 1209 1209 1211 1211 1212 1212 1211 1211 1213 1213 1214 1214 1213 1213 1215 1215 1216 1216 1215 1215 1217 1217 1218 1218 1217 1217 1219 1219 1220 1220 1219 1219 1221 1221 1222 1222 1221 1221 1199 1199 1221 1221 1222 1222 1220 1220 1219 1219 1220 1220 1218 1218 1199 1199 1198 1198 1222 1222 1197 1197 1196 1196 1198 1198 1195 1195 1194 1194 1196 1196 1193 1193 1192 1192 1194 1194 1190 1190 1189 1189 1192 1192 1191 1191 1223 1223 1189 1189 1201 1201 1200 1200 1223 1223 1202 1202 1203 1203 1200 1200 1204 1204 1188 1188 1203 1203 1217 1217 1218 1218 1216 1216 1205 1205 1206 1206 1187 1187 1207 1207 1208 1208 1206 1206 1209 1209 1210 1210 1208 1208 1211 1211 1212 1212 1210 1210 1213 1213 1214 1214 1212 1212 1215 1215 1216 1216 1214 1214 1223 1223 1191 1191 1201 1201 1224 1224 1225 1225 1226 1226 1227 1227 1228 1228 1229 1229 1230 1230 1231 1231 1228 1228 1232 1232 1233 1233 1231 1231 1234 1234 1235 1235 1233 1233 1236 1236 1237 1237 1235 1235 1238 1238 1239 1239 1240 1240 1241 1241 1240 1240 1242 1242 1243 1243 1242 1242 1244 1244 1245 1245 1246 1246 1237 1237 1247 1247 1248 1248 1246 1246 1249 1249 1250 1250 1248 1248 1251 1251 1252 1252 1250 1250 1253 1253 1226 1226 1252 1252 1254 1254 1255 1255 1225 1225 1255 1255 1254 1254 1239 1239 1225 1225 1224 1224 1254 1254 1239 1239 1238 1238 1255 1255 1240 1240 1241 1241 1238 1238 1242 1242 1243 1243 1241 1241 1244 1244 1256 1256 1243 1243 1257 1257 1258 1258 1256 1256 1259 1259 1260 1260 1258 1258 1256 1256 1244 1244 1257 1257 1258 1258 1257 1257 1259 1259 1260 1260 1259 1259 1261 1261 1229 1229 1261 1261 1227 1227 1228 1228 1227 1227 1230 1230 1231 1231 1230 1230 1232 1232 1233 1233 1232 1232 1234 1234 1235 1235 1234 1234 1236 1236 1237 1237 1236 1236 1245 1245 1246 1246 1245 1245 1247 1247 1248 1248 1247 1247 1249 1249 1250 1250 1249 1249 1251 1251 1252 1252 1251 1251 1253 1253 1226 1226 1253 1253 1224 1224 1261 1261 1229 1229 1260 1260 1262 1262 1263 1263 1264 1264 1265 1265 1264 1264 1266 1266 1267 1267 1266 1266 1268 1268 1269 1269 1268 1268 1270 1270 1271 1271 1270 1270 1272 1272 1273 1273 1272 1272 1274 1274 1275 1275 1274 1274 1276 1276 1277 1277 1276 1276 1278 1278 1279 1279 1278 1278 1280 1280 1281 1281 1280 1280 1282 1282 1283 1283 1282 1282 1284 1284 1285 1285 1284 1284 1286 1286 1287 1287 1286 1286 1288 1288 1289 1289 1288 1288 1290 1290 1291 1291 1290 1290 1292 1292 1293 1293 1292 1292 1294 1294 1295 1295 1294 1294 1296 1296 1297 1297 1296 1296 1298 1298 1299 1299 1298 1298 1263 1263 1282 1282 1283 1283 1281 1281 1298 1298 1299 1299 1297 1297 1296 1296 1297 1297 1295 1295 1294 1294 1295 1295 1293 1293 1292 1292 1293 1293 1291 1291 1290 1290 1291 1291 1289 1289 1288 1288 1289 1289 1287 1287 1286 1286 1287 1287 1285 1285 1284 1284 1285 1285 1283 1283 1280 1280 1281 1281 1279 1279 1278 1278 1279 1279 1277 1277 1276 1276 1277 1277 1275 1275 1274 1274 1275 1275 1273 1273 1272 1272 1273 1273 1271 1271 1270 1270 1271 1271 1269 1269 1268 1268 1269 1269 1267 1267 1266 1266 1267 1267 1265 1265 1264 1264 1265 1265 1262 1262 1263 1263 1262 1262 1299 1299 1300 1300 1301 1301 1302 1302 1301 1301 1300 1300 1303 1303 1304 1304 1303 1303 1305 1305 1306 1306 1305 1305 1307 1307 1308 1308 1307 1307 1309 1309 1310 1310 1309 1309 1311 1311 1312 1312 1311 1311 1313 1313 1314 1314 1313 1313 1315 1315 1316 1316 1315 1315 1317 1317 1318 1318 1317 1317 1319 1319 1320 1320 1319 1319 1321 1321 1322 1322 1321 1321 1323 1323 1324 1324 1323 1323 1325 1325 1326 1326 1325 1325 1327 1327 1328 1328 1327 1327 1329 1329 1330 1330 1329 1329 1331 1331 1332 1332 1331 1331 1333 1333 1334 1334 1333 1333 1335 1335 1336 1336 1335 1335 1337 1337 1335 1335 1336 1336 1334 1334 1333 1333 1334 1334 1332 1332 1331 1331 1332 1332 1330 1330 1329 1329 1330 1330 1328 1328 1327 1327 1328 1328 1326 1326 1325 1325 1326 1326 1324 1324 1323 1323 1324 1324 1322 1322 1321 1321 1322 1322 1320 1320 1319 1319 1320 1320 1318 1318 1317 1317 1318 1318 1316 1316 1315 1315 1316 1316 1314 1314 1313 1313 1314 1314 1312 1312 1311 1311 1312 1312 1310 1310 1309 1309 1310 1310 1308 1308 1307 1307 1308 1308 1306 1306 1305 1305 1306 1306 1304 1304 1303 1303 1304 1304 1301 1301 1302 1302 1337 1337 1300 1300 1337 1337 1302 1302 1336 1336 1338 1338 1339 1339 1340 1340 1341 1341 1339 1339 1342 1342 1341 1341 1343 1343 1339 1339 1344 1344 1343 1343 1345 1345 1344 1344 1346 1346 1343 1343 1346 1346 1347 1347 1348 1348 1347 1347 1346 1346 1349 1349 1348 1348 1350 1350 1351 1351 1350 1350 1348 1348 1352 1352 1351 1351 1353 1353 1354 1354 1353 1353 1351 1351 1355 1355 1356 1356 1357 1357 1354 1354 1358 1358 1357 1357 1359 1359 1358 1358 1360 1360 1357 1357 1361 1361 1360 1360 1362 1362 1361 1361 1363 1363 1360 1360 1364 1364 1363 1363 1365 1365 1364 1364 1366 1366 1363 1363 1366 1366 1367 1367 1368 1368 1368 1368 1369 1369 1370 1370 1369 1369 1368 1368 1371 1371 1372 1372 1373 1373 1370 1370 1374 1374 1373 1373 1375 1375 1374 1374 1376 1376 1373 1373 1377 1377 1376 1376 1378 1378 1377 1377 1379 1379 1376 1376 1380 1380 1379 1379 1381 1381 1380 1380 1382 1382 1379 1379 1382 1382 1383 1383 1384 1384 1383 1383 1382 1382 1385 1385 1384 1384 1386 1386 1387 1387 1386 1386 1384 1384 1388 1388 1389 1389 1340 1340 1387 1387 1339 1339 1338 1338 1342 1342 1343 1343 1341 1341 1345 1345 1346 1346 1344 1344 1349 1349 1348 1348 1347 1347 1352 1352 1351 1351 1350 1350 1355 1355 1354 1354 1353 1353 1356 1356 1357 1357 1356 1356 1359 1359 1360 1360 1358 1358 1362 1362 1363 1363 1361 1361 1365 1365 1366 1366 1364 1364 1390 1390 1368 1368 1367 1367 1371 1371 1370 1370 1369 1369 1372 1372 1373 1373 1372 1372 1375 1375 1376 1376 1374 1374 1378 1378 1379 1379 1377 1377 1381 1381 1382 1382 1380 1380 1385 1385 1384 1384 1383 1383 1388 1388 1387 1387 1386 1386 1389 1389 1340 1340 1389 1389 1338 1338 1367 1367 1366 1366 1390 1390 1391 1391 1392 1392 1393 1393 1392 1392 1391 1391 1394 1394 1395 1395 1396 1396 1397 1397 1396 1396 1395 1395 1394 1394 1398 1398 1399 1399 1400 1400 1399 1399 1398 1398 1396 1396 1401 1401 1399 1399 1402 1402 1401 1401 1402 1402 1403 1403 1404 1404 1402 1402 1405 1405 1404 1404 1405 1405 1406 1406 1407 1407 1405 1405 1408 1408 1407 1407 1408 1408 1409 1409 1410 1410 1408 1408 1411 1411 1412 1412 1413 1413 1414 1414 1413 1413 1412 1412 1411 1411 1415 1415 1416 1416 1417 1417 1416 1416 1415 1415 1413 1413 1418 1418 1416 1416 1419 1419 1418 1418 1419 1419 1420 1420 1421 1421 1419 1419 1422 1422 1421 1421 1422 1422 1423 1423 1424 1424 1422 1422 1425 1425 1424 1424 1425 1425 1426 1426 1427 1427 1425 1425 1428 1428 1429 1429 1430 1430 1431 1431 1430 1430 1429 1429 1428 1428 1432 1432 1433 1433 1434 1434 1433 1433 1432 1432 1430 1430 1435 1435 1436 1436 1437 1437 1436 1436 1435 1435 1433 1433 1438 1438 1436 1436 1439 1439 1438 1438 1439 1439 1440 1440 1441 1441 1439 1439 1442 1442 1441 1441 1442 1442 1443 1443 1393 1393 1442 1442 1391 1391 1442 1442 1393 1393 1443 1443 1439 1439 1441 1441 1440 1440 1436 1436 1438 1438 1437 1437 1433 1433 1435 1435 1434 1434 1430 1430 1432 1432 1431 1431 1428 1428 1429 1429 1427 1427 1425 1425 1427 1427 1426 1426 1422 1422 1424 1424 1423 1423 1419 1419 1421 1421 1420 1420 1416 1416 1418 1418 1417 1417 1413 1413 1415 1415 1414 1414 1411 1411 1412 1412 1410 1410 1408 1408 1410 1410 1409 1409 1405 1405 1407 1407 1406 1406 1402 1402 1404 1404 1403 1403 1399 1399 1401 1401 1400 1400 1396 1396 1398 1398 1397 1397 1394 1394 1395 1395 1392 1392 1444 1444 1445 1445 1446 1446 1446 1446 1447 1447 1444 1444 1445 1445 1448 1448 1449 1449 1448 1448 1445 1445 1444 1444 1450 1450 1451 1451 1452 1452 1451 1451 1450 1450 1448 1448 1453 1453 1451 1451 1454 1454 1453 1453 1454 1454 1455 1455 1456 1456 1454 1454 1457 1457 1456 1456 1457 1457 1458 1458 1459 1459 1457 1457 1460 1460 1459 1459 1460 1460 1461 1461 1462 1462 1460 1460 1463 1463 1464 1464 1465 1465 1466 1466 1465 1465 1464 1464 1463 1463 1467 1467 1468 1468 1469 1469 1468 1468 1467 1467 1465 1465 1470 1470 1468 1468 1471 1471 1470 1470 1471 1471 1472 1472 1473 1473 1471 1471 1474 1474 1473 1473 1474 1474 1475 1475 1476 1476 1474 1474 1477 1477 1476 1476 1477 1477 1478 1478 1479 1479 1477 1477 1480 1480 1481 1481 1482 1482 1483 1483 1482 1482 1481 1481 1480 1480 1484 1484 1485 1485 1486 1486 1448 1448 1450 1450 1449 1449 1485 1485 1484 1484 1482 1482 1487 1487 1488 1488 1489 1489 1488 1488 1487 1487 1485 1485 1490 1490 1488 1488 1491 1491 1490 1490 1491 1491 1492 1492 1493 1493 1491 1491 1494 1494 1493 1493 1494 1494 1495 1495 1496 1496 1494 1494 1447 1447 1494 1494 1496 1496 1495 1495 1491 1491 1493 1493 1492 1492 1488 1488 1490 1490 1489 1489 1485 1485 1487 1487 1486 1486 1482 1482 1484 1484 1483 1483 1480 1480 1481 1481 1479 1479 1477 1477 1479 1479 1478 1478 1474 1474 1476 1476 1475 1475 1471 1471 1473 1473 1472 1472 1468 1468 1470 1470 1469 1469 1465 1465 1467 1467 1466 1466 1463 1463 1464 1464 1462 1462 1460 1460 1462 1462 1461 1461 1457 1457 1459 1459 1458 1458 1454 1454 1456 1456 1455 1455 1451 1451 1453 1453 1452 1452 1447 1447 1446 1446 1496 1496 1497 1497 1498 1498 1499 1499 1500 1500 1501 1501 1502 1502 1503 1503 1504 1504 1505 1505 1506 1506 1507 1507 1508 1508 1509 1509 1510 1510 1511 1511 1512 1512 1513 1513 1514 1514 1515 1515 1516 1516 1513 1513 1517 1517 1518 1518 1519 1519 1520 1520 1521 1521 1522 1522 1523 1523 1524 1524 1525 1525 1499 1499 1526 1526 1497 1497 1498 1498 1500 1500 1502 1502 1500 1500 1498 1498 1497 1497 1501 1501 1503 1503 1505 1505 1503 1503 1501 1501 1500 1500 1504 1504 1503 1503 1506 1506 1504 1504 1506 1506 1508 1508 1507 1507 1506 1506 1509 1509 1507 1507 1509 1509 1511 1511 1510 1510 1509 1509 1512 1512 1510 1510 1512 1512 1514 1514 1513 1513 1512 1512 1515 1515 1516 1516 1517 1517 1519 1519 1517 1517 1516 1516 1515 1515 1518 1518 1520 1520 1522 1522 1520 1520 1518 1518 1517 1517 1521 1521 1520 1520 1523 1523 1521 1521 1523 1523 1525 1525 1524 1524 1523 1523 1527 1527 1524 1524 1527 1527 1528 1528 1529 1529 1527 1527 1530 1530 1529 1529 1530 1530 1531 1531 1532 1532 1530 1530 1533 1533 1534 1534 1535 1535 1536 1536 1535 1535 1534 1534 1533 1533 1537 1537 1538 1538 1539 1539 1538 1538 1537 1537 1535 1535 1540 1540 1541 1541 1542 1542 1541 1541 1540 1540 1538 1538 1543 1543 1541 1541 1544 1544 1543 1543 1544 1544 1545 1545 1546 1546 1544 1544 1547 1547 1527 1527 1529 1529 1528 1528 1546 1546 1547 1547 1548 1548 1549 1549 1547 1547 1526 1526 1547 1547 1549 1549 1548 1548 1544 1544 1546 1546 1545 1545 1541 1541 1543 1543 1542 1542 1538 1538 1540 1540 1539 1539 1535 1535 1537 1537 1536 1536 1533 1533 1534 1534 1532 1532 1530 1530 1532 1532 1531 1531 1526 1526 1499 1499 1549 1549 1550 1550 1551 1551 1552 1552 1553 1553 1554 1554 1555 1555 1556 1556 1557 1557 1558 1558 1559 1559 1560 1560 1561 1561 1562 1562 1563 1563 1564 1564 1565 1565 1566 1566 1563 1563 1552 1552 1551 1551 1567 1567 1550 1550 1568 1568 1569 1569 1570 1570 1571 1571 1572 1572 1573 1573 1574 1574 1575 1575 1576 1576 1577 1577 1578 1578 1579 1579 1580 1580 1577 1577 1581 1581 1582 1582 1583 1583 1584 1584 1585 1585 1586 1586 1587 1587 1588 1588 1589 1589 1590 1590 1591 1591 1592 1592 1593 1593 1594 1594 1595 1595 1596 1596 1597 1597 1594 1594 1598 1598 1578 1578 1599 1599 1578 1578 1598 1598 1576 1576 1574 1574 1598 1598 1599 1599 1574 1574 1573 1573 1598 1598 1571 1571 1573 1573 1575 1575 1571 1571 1570 1570 1573 1573 1570 1570 1568 1568 1550 1550 1568 1568 1570 1570 1572 1572 1551 1551 1550 1550 1569 1569 1552 1552 1566 1566 1565 1565 1566 1566 1552 1552 1567 1567 1563 1563 1562 1562 1565 1565 1560 1560 1562 1562 1564 1564 1560 1560 1559 1559 1562 1562 1557 1557 1559 1559 1561 1561 1557 1557 1556 1556 1559 1559 1554 1554 1556 1556 1558 1558 1554 1554 1553 1553 1556 1556 1553 1553 1600 1600 1601 1601 1600 1600 1553 1553 1555 1555 1601 1601 1597 1597 1596 1596 1597 1597 1601 1601 1602 1602 1594 1594 1593 1593 1596 1596 1591 1591 1593 1593 1595 1595 1591 1591 1590 1590 1593 1593 1588 1588 1590 1590 1592 1592 1588 1588 1587 1587 1590 1590 1585 1585 1587 1587 1589 1589 1585 1585 1584 1584 1587 1587 1584 1584 1582 1582 1581 1581 1582 1582 1584 1584 1586 1586 1601 1601 1600 1600 1602 1602 1581 1581 1580 1580 1579 1579 1580 1580 1581 1581 1583 1583 1577 1577 1576 1576 1579 1579 1603 1603 1604 1604 1605 1605 1606 1606 1607 1607 1608 1608 1609 1609 1610 1610 1611 1611 1612 1612 1613 1613 1614 1614 1615 1615 1616 1616 1613 1613 1617 1617 1618 1618 1619 1619 1620 1620 1621 1621 1622 1622 1623 1623 1624 1624 1625 1625 1626 1626 1627 1627 1628 1628 1629 1629 1630 1630 1631 1631 1630 1630 1629 1629 1632 1632 1627 1627 1629 1629 1631 1631 1627 1627 1626 1626 1629 1629 1624 1624 1626 1626 1628 1628 1624 1624 1623 1623 1626 1626 1623 1623 1621 1621 1620 1620 1621 1621 1623 1623 1625 1625 1620 1620 1618 1618 1617 1617 1618 1618 1620 1620 1622 1622 1617 1617 1616 1616 1615 1615 1616 1616 1617 1617 1619 1619 1613 1613 1612 1612 1615 1615 1633 1633 1612 1612 1614 1614 1633 1633 1634 1634 1612 1612 1610 1610 1634 1634 1635 1635 1610 1610 1609 1609 1634 1634 1632 1632 1636 1636 1630 1630 1607 1607 1609 1609 1611 1611 1607 1607 1606 1606 1609 1609 1606 1606 1604 1604 1603 1603 1604 1604 1606 1606 1608 1608 1603 1603 1637 1637 1638 1638 1637 1637 1603 1603 1605 1605 1639 1639 1640 1640 1638 1638 1641 1641 1640 1640 1642 1642 1636 1636 1632 1632 1643 1643 1644 1644 1645 1645 1646 1646 1645 1645 1644 1644 1643 1643 1647 1647 1648 1648 1649 1649 1648 1648 1647 1647 1645 1645 1650 1650 1648 1648 1651 1651 1650 1650 1651 1651 1652 1652 1653 1653 1651 1651 1654 1654 1653 1653 1654 1654 1655 1655 1634 1634 1633 1633 1635 1635 1643 1643 1644 1644 1636 1636 1645 1645 1647 1647 1646 1646 1648 1648 1650 1650 1649 1649 1651 1651 1653 1653 1652 1652 1654 1654 1641 1641 1655 1655 1640 1640 1639 1639 1642 1642 1638 1638 1637 1637 1639 1639 1641 1641 1654 1654 1640 1640 1656 1656 1657 1657 1658 1658 1657 1657 1656 1656 1659 1659 1660 1660 1661 1661 1662 1662 1662 1662 1663 1663 1664 1664 1664 1664 1665 1665 1666 1666 1666 1666 1667 1667 1668 1668 1668 1668 1669 1669 1670 1670 1670 1670 1671 1671 1672 1672 1673 1673 1674 1674 1675 1675 1676 1676 1677 1677 1678 1678 1678 1678 1679 1679 1680 1680 1680 1680 1681 1681 1682 1682 1682 1682 1683 1683 1684 1684 1684 1684 1685 1685 1686 1686 1686 1686 1687 1687 1660 1660 1687 1687 1686 1686 1685 1685 1685 1685 1684 1684 1683 1683 1683 1683 1682 1682 1681 1681 1681 1681 1680 1680 1679 1679 1679 1679 1678 1678 1677 1677 1677 1677 1676 1676 1673 1673 1672 1672 1675 1675 1674 1674 1675 1675 1672 1672 1671 1671 1674 1674 1673 1673 1676 1676 1671 1671 1670 1670 1669 1669 1669 1669 1668 1668 1667 1667 1667 1667 1666 1666 1665 1665 1665 1665 1664 1664 1663 1663 1663 1663 1662 1662 1661 1661 1661 1661 1660 1660 1687 1687 1688 1688 1689 1689 1690 1690 1688 1688 1691 1691 1689 1689 1688 1688 1692 1692 1691 1691 1688 1688 1693 1693 1692 1692 1688 1688 1694 1694 1693 1693 1688 1688 1695 1695 1694 1694 1688 1688 1696 1696 1695 1695 1688 1688 1697 1697 1696 1696 1688 1688 1698 1698 1697 1697 1688 1688 1699 1699 1698 1698 1688 1688 1700 1700 1699 1699 1688 1688 1701 1701 1700 1700 1688 1688 1702 1702 1701 1701 1702 1702 1688 1688 1690 1690 1703 1703 1704 1704 1705 1705 1706 1706 1707 1707 1708 1708 1709 1709 1710 1710 1706 1706 1711 1711 1712 1712 1709 1709 1713 1713 1714 1714 1711 1711 1715 1715 1716 1716 1713 1713 1717 1717 1718 1718 1719 1719 1720 1720 1721 1721 1715 1715 1721 1721 1720 1720 1717 1717 1722 1722 1719 1719 1718 1718 1723 1723 1724 1724 1722 1722 1725 1725 1726 1726 1723 1723 1727 1727 1728 1728 1725 1725 1729 1729 1730 1730 1727 1727 1704 1704 1703 1703 1729 1729 1730 1730 1729 1729 1703 1703 1728 1728 1727 1727 1730 1730 1726 1726 1725 1725 1728 1728 1724 1724 1723 1723 1726 1726 1719 1719 1722 1722 1724 1724 1718 1718 1717 1717 1720 1720 1716 1716 1715 1715 1721 1721 1714 1714 1713 1713 1716 1716 1712 1712 1711 1711 1714 1714 1710 1710 1709 1709 1712 1712 1707 1707 1706 1706 1710 1710 1705 1705 1708 1708 1707 1707 1708 1708 1705 1705 1704 1704 1731 1731 1732 1732 1733 1733 1731 1731 1734 1734 1735 1735 1731 1731 1735 1735 1736 1736 1731 1731 1737 1737 1738 1738 1731 1731 1739 1739 1737 1737 1731 1731 1740 1740 1739 1739 1731 1731 1741 1741 1740 1740 1731 1731 1733 1733 1741 1741 1734 1734 1731 1731 1738 1738 1731 1731 1742 1742 1732 1732 1731 1731 1743 1743 1742 1742 1731 1731 1744 1744 1743 1743 1731 1731 1745 1745 1744 1744 1731 1731 1736 1736 1745 1745 1746 1746 1747 1747 1748 1748 1749 1749 1750 1750 1751 1751 1752 1752 1748 1748 1753 1753 1750 1750 1749 1749 1754 1754 1755 1755 1756 1756 1754 1754 1757 1757 1758 1758 1756 1756 1759 1759 1760 1760 1758 1758 1761 1761 1762 1762 1760 1760 1763 1763 1764 1764 1762 1762 1765 1765 1766 1766 1764 1764 1767 1767 1768 1768 1766 1766 1769 1769 1770 1770 1768 1768 1771 1771 1772 1772 1770 1770 1773 1773 1774 1774 1772 1772 1775 1775 1753 1753 1774 1774 1748 1748 1752 1752 1746 1746 1753 1753 1775 1775 1752 1752 1774 1774 1773 1773 1775 1775 1772 1772 1771 1771 1773 1773 1770 1770 1769 1769 1771 1771 1768 1768 1767 1767 1769 1769 1766 1766 1765 1765 1767 1767 1764 1764 1763 1763 1765 1765 1762 1762 1761 1761 1763 1763 1760 1760 1759 1759 1761 1761 1758 1758 1757 1757 1759 1759 1756 1756 1755 1755 1757 1757 1754 1754 1749 1749 1755 1755 1750 1750 1776 1776 1751 1751 1747 1747 1746 1746 1776 1776 1776 1776 1750 1750 1747 1747 1777 1777 1778 1778 1779 1779 1780 1780 1781 1781 1782 1782 1783 1783 1784 1784 1781 1781 1785 1785 1784 1784 1786 1786 1784 1784 1785 1785 1787 1787 1788 1788 1789 1789 1787 1787 1790 1790 1791 1791 1789 1789 1792 1792 1793 1793 1791 1791 1794 1794 1795 1795 1793 1793 1782 1782 1796 1796 1780 1780 1781 1781 1780 1780 1783 1783 1784 1784 1783 1783 1786 1786 1787 1787 1785 1785 1788 1788 1789 1789 1788 1788 1790 1790 1791 1791 1790 1790 1792 1792 1793 1793 1792 1792 1794 1794 1795 1795 1794 1794 1797 1797 1798 1798 1797 1797 1799 1799 1800 1800 1799 1799 1801 1801 1802 1802 1801 1801 1778 1778 1796 1796 1782 1782 1803 1803 1804 1804 1779 1779 1805 1805 1806 1806 1805 1805 1807 1807 1803 1803 1807 1807 1796 1796 1807 1807 1803 1803 1806 1806 1805 1805 1806 1806 1804 1804 1779 1779 1804 1804 1777 1777 1778 1778 1777 1777 1802 1802 1801 1801 1802 1802 1800 1800 1799 1799 1800 1800 1798 1798 1797 1797 1798 1798 1795 1795</p></triangles></mesh></geometry><geometry id="bau0127735438-1-mesh" name="bau0127735438-1"><mesh><source id="bau0127735438-1-mesh-positions"><float_array id="bau0127735438-1-mesh-positions-array" count="1170">-12.7999996766448 -51.5000000596046 32.9999998211861 -13.6500000953674 -51.5000000596046 -128.499999642372 -12.7999996766448 -51.5000000596046 -322.750002145767 -34.8000004887581 -51.5000000596046 -322.750002145767 -34.8000004887581 -51.5000000596046 -251.599997282028 -34.8000004887581 -51.5000000596046 -180.45000731945 -13.6500000953674 -51.5000000596046 -80.4999992251396 -31.199999153614 -51.5000000596046 -70.0000002980232 -34.8000004887581 -51.5000000596046 -38.1500013172626 -34.8000004887581 -51.5000000596046 -70.0000002980232 -29.2499996721745 -51.5000000596046 -128.499999642372 -34.8000004887581 -51.5000000596046 -109.300002455711 -31.199999153614 -51.5000000596046 -82.9999968409538 -34.8000004887581 -51.5000000596046 -82.9999968409538 -29.2499996721745 -51.5000000596046 -80.4999992251396 -34.8000004887581 -51.5000000596046 32.9999998211861 -36.9733348488808 -41.6676588356495 32.9999998211861 -35.6660261750221 -41.7499989271164 32.9999998211861 -36.7485582828522 -41.1249995231628 32.9999998211861 -10.6266671791673 -49.8323440551758 32.9999998211861 -11.9339749217033 -49.7500002384186 32.9999998211861 -10.8514428138733 -50.3749996423721 32.9999998211861 -34.8000004887581 -51.5000000596046 32.9999998211861 -35.058818757534 -50.2159260213375 32.9999998211861 -35.382341593504 -51.4233335852623 32.9999998211861 -36.9733348488808 -49.8323440551758 32.9999998211861 -35.6660261750221 -49.7500002384186 32.9999998211861 -35.765927284956 -49.5088174939156 32.9999998211861 -11.8000004440546 -49.2499992251396 32.9999998211861 -11.8340738117695 -49.5088174939156 32.9999998211861 -11.2090101465583 -50.8409887552261 32.9999998211861 -12.092893011868 -49.9571077525616 32.9999998211861 -12.7999996766448 -50.2500012516975 32.9999998211861 -12.7999996766448 -51.5000000596046 32.9999998211861 -35.9250009059906 -51.1985570192337 32.9999998211861 -35.300001502037 -50.1160249114037 32.9999998211861 -36.7485582828522 -50.3749996423721 32.9999998211861 -35.7999987900257 -42.2499999403954 32.9999998211861 -35.765927284956 -41.9911816716194 32.9999998211861 -11.6750001907349 -51.1985570192337 32.9999998211861 -12.5411814078689 -50.2159260213375 32.9999998211861 -12.2176567092538 -51.4233335852623 32.9999998211861 -35.382341593504 -40.0766655802727 32.9999998211861 -35.300001502037 -41.3839742541313 32.9999998211861 -35.058818757534 -41.2840731441975 32.9999998211861 -10.5499997735023 -46.7000007629395 32.9999998211861 -10.5499997735023 -49.2499992251396 32.9999998211861 -12.2999995946884 -50.1160249114037 32.9999998211861 -34.8000004887581 -50.2500012516975 32.9999998211861 -36.3909900188446 -50.8409887552261 32.9999998211861 -35.5071052908897 -49.9571077525616 32.9999998211861 -35.7999987900257 -49.2499992251396 32.9999998211861 -37.0500013232231 -42.2499999403954 32.9999998211861 -37.0500013232231 -49.2499992251396 32.9999998211861 -36.3909900188446 -40.6590104103088 32.9999998211861 -35.5071052908897 -41.5428914129734 32.9999998211861 -35.9250009059906 -40.3014421463013 32.9999998211861 -34.8000004887581 -41.2500016391277 32.9999998211861 -34.8000004887581 -39.9999991059303 32.9999998211861 -11.8000004440546 -46.7000007629395 32.9999998211861 -31.5500013530254 -39.9999991059303 32.9999998211861 -31.5500013530254 -41.2500016391277 32.9999998211861 -34.8000004887581 -39.9999991059303 32.9999998211861 -35.382341593504 -40.0766655802727 -322.750002145767 -35.382341593504 -40.0766655802727 32.9999998211861 -35.9250009059906 -40.3014421463013 -322.750002145767 -35.9250009059906 -40.3014421463013 32.9999998211861 -36.3909900188446 -40.6590104103088 -322.750002145767 -36.3909900188446 -40.6590104103088 32.9999998211861 -36.7485582828522 -41.1249995231628 -322.750002145767 -36.7485582828522 -41.1249995231628 32.9999998211861 -36.9733348488808 -41.6676588356495 -322.750002145767 -36.9733348488808 -41.6676588356495 32.9999998211861 -37.0500013232231 -42.2499999403954 -322.750002145767 -37.0500013232231 -42.2499999403954 32.9999998211861 -34.8000004887581 -39.9999991059303 -322.750002145767 -31.5500013530254 -39.9999991059303 4.99999988824129 -34.8000004887581 -39.9999991059303 32.9999998211861 -31.5500013530254 -39.9999991059303 32.9999998211861 -34.8000004887581 -39.9999991059303 -322.750002145767 -26.5500005334616 -39.9999991059303 -322.750002145767 -26.5500005334616 -39.9999991059303 4.99999988824129 -26.5500005334616 -39.9999991059303 -322.750002145767 -26.5500005334616 -41.2500016391277 4.99999988824129 -26.5500005334616 -41.2500016391277 -322.750002145767 -26.5500005334616 -39.9999991059303 4.99999988824129 -26.5500005334616 -41.2500016391277 -322.750002145767 -31.5500013530254 -41.2500016391277 4.99999988824129 -34.8000004887581 -41.2500016391277 -322.750002145767 -34.8000004887581 -41.2500016391277 32.9999998211861 -31.5500013530254 -41.2500016391277 32.9999998211861 -26.5500005334616 -41.2500016391277 4.99999988824129 -35.765927284956 -41.9911816716194 -322.750002145767 -35.6660261750221 -41.7499989271164 32.9999998211861 -35.765927284956 -41.9911816716194 32.9999998211861 -35.7999987900257 -42.2499999403954 -322.750002145767 -35.7999987900257 -42.2499999403954 32.9999998211861 -35.5071052908897 -41.5428914129734 -322.750002145767 -35.300001502037 -41.3839742541313 32.9999998211861 -35.5071052908897 -41.5428914129734 32.9999998211861 -35.300001502037 -41.3839742541313 -322.750002145767 -35.058818757534 -41.2840731441975 32.9999998211861 -35.058818757534 -41.2840731441975 -322.750002145767 -34.8000004887581 -41.2500016391277 32.9999998211861 -34.8000004887581 -41.2500016391277 -322.750002145767 -35.6660261750221 -41.7499989271164 -322.750002145767 -35.7999987900257 -49.2499992251396 32.9999998211861 -35.7999987900257 -42.2499999403954 -322.750002145767 -35.7999987900257 -42.2499999403954 32.9999998211861 -35.7999987900257 -49.2499992251396 -322.750002145767 -34.8000004887581 -50.2500012516975 -322.750002145767 -35.058818757534 -50.2159260213375 32.9999998211861 -34.8000004887581 -50.2500012516975 32.9999998211861 -35.058818757534 -50.2159260213375 -322.750002145767 -35.300001502037 -50.1160249114037 32.9999998211861 -35.300001502037 -50.1160249114037 -322.750002145767 -35.5071052908897 -49.9571077525616 32.9999998211861 -35.5071052908897 -49.9571077525616 -322.750002145767 -35.6660261750221 -49.7500002384186 32.9999998211861 -35.6660261750221 -49.7500002384186 -322.750002145767 -35.765927284956 -49.5088174939156 32.9999998211861 -35.765927284956 -49.5088174939156 -322.750002145767 -35.7999987900257 -49.2499992251396 32.9999998211861 -35.7999987900257 -49.2499992251396 -322.750002145767 -12.7999996766448 -50.2500012516975 32.9999998211861 -34.8000004887581 -50.2500012516975 -322.750002145767 -34.8000004887581 -50.2500012516975 32.9999998211861 -12.7999996766448 -50.2500012516975 -322.750002145767 -11.8000004440546 -49.2499992251396 -322.750002145767 -11.8340738117695 -49.5088174939156 32.9999998211861 -11.8000004440546 -49.2499992251396 32.9999998211861 -11.8340738117695 -49.5088174939156 -322.750002145767 -11.9339749217033 -49.7500002384186 32.9999998211861 -11.9339749217033 -49.7500002384186 -322.750002145767 -12.092893011868 -49.9571077525616 32.9999998211861 -12.092893011868 -49.9571077525616 -322.750002145767 -12.2999995946884 -50.1160249114037 32.9999998211861 -12.2999995946884 -50.1160249114037 -322.750002145767 -12.5411814078689 -50.2159260213375 32.9999998211861 -12.7999996766448 -50.2500012516975 32.9999998211861 -12.5411814078689 -50.2159260213375 -322.750002145767 -12.7999996766448 -50.2500012516975 -322.750002145767 -11.8000004440546 -49.2499992251396 32.9999998211861 -11.8000004440546 -46.7000007629395 16.0000007599592 -11.8000004440546 -49.2499992251396 -322.750002145767 -11.8000004440546 -39.1499996185303 -322.750002145767 -11.8000004440546 -46.7000007629395 32.9999998211861 -11.8000004440546 -39.1499996185303 16.0000007599592 -12.0050255209208 -38.6550240218639 16.0000007599592 -12.1499998494983 -38.5437831282616 -322.750002145767 -12.0050255209208 -38.6550240218639 -322.750002145767 -11.8937818333507 -38.8000011444092 16.0000007599592 -11.8937818333507 -38.8000011444092 -322.750002145767 -11.8238516151905 -38.9688275754452 16.0000007599592 -11.8238516151905 -38.9688275754452 -322.750002145767 -11.8000004440546 -39.1499996185303 16.0000007599592 -11.8000004440546 -39.1499996185303 -322.750002145767 -12.1499998494983 -38.5437831282616 16.0000007599592 -12.3188262805343 -38.4738519787788 -322.750002145767 -12.3188262805343 -38.4738519787788 16.0000007599592 -12.5000001862645 -38.4499989449978 -322.750002145767 -12.5000001862645 -38.4499989449978 16.0000007599592 -17.000000923872 -38.4499989449978 16.0000007599592 -12.5000001862645 -38.4499989449978 -322.750002145767 -12.5000001862645 -38.4499989449978 16.0000007599592 -17.000000923872 -38.4499989449978 -322.750002145767 -17.000000923872 -37.2000001370907 -322.750002145767 -17.000000923872 -38.4499989449978 16.0000007599592 -17.000000923872 -37.2000001370907 16.0000007599592 -17.000000923872 -38.4499989449978 -322.750002145767 -17.000000923872 -37.2000001370907 16.0000007599592 -12.5000001862645 -37.2000001370907 -322.750002145767 -17.000000923872 -37.2000001370907 -322.750002145767 -12.5000001862645 -37.2000001370907 16.0000007599592 -12.5000001862645 -37.2000001370907 -322.750002145767 -11.9953025132418 -37.266444414854 16.0000007599592 -11.9953025132418 -37.266444414854 -322.750002145767 -12.5000001862645 -37.2000001370907 16.0000007599592 -11.5250004455447 -37.4612510204315 -322.750002145767 -11.1211417242885 -37.7711430191994 16.0000007599592 -11.1211417242885 -37.7711430191994 -322.750002145767 -10.8112506568432 -38.1750017404556 16.0000007599592 -10.8112506568432 -38.1750017404556 -322.750002145767 -11.5250004455447 -37.4612510204315 16.0000007599592 -10.6164449825883 -38.645301014185 16.0000007599592 -10.6164449825883 -38.645301014185 -322.750002145767 -10.5499997735023 -39.1499996185303 16.0000007599592 -10.5499997735023 -39.1499996185303 -322.750002145767 -10.5499997735023 -39.1499996185303 -322.750002145767 -10.5499997735023 -46.7000007629395 16.0000007599592 -10.5499997735023 -49.2499992251396 -322.750002145767 -10.5499997735023 -39.1499996185303 16.0000007599592 -10.5499997735023 -49.2499992251396 32.9999998211861 -10.5499997735023 -46.7000007629395 32.9999998211861 -12.7999996766448 -51.5000000596046 32.9999998211861 -12.2176567092538 -51.4233335852623 -322.750002145767 -12.2176567092538 -51.4233335852623 32.9999998211861 -11.6750001907349 -51.1985570192337 -322.750002145767 -11.6750001907349 -51.1985570192337 32.9999998211861 -11.2090101465583 -50.8409887552261 -322.750002145767 -11.2090101465583 -50.8409887552261 32.9999998211861 -10.8514428138733 -50.3749996423721 -322.750002145767 -10.8514428138733 -50.3749996423721 32.9999998211861 -10.6266671791673 -49.8323440551758 -322.750002145767 -10.6266671791673 -49.8323440551758 32.9999998211861 -10.5499997735023 -49.2499992251396 -322.750002145767 -10.5499997735023 -49.2499992251396 32.9999998211861 -12.7999996766448 -51.5000000596046 -322.750002145767 -36.7485582828522 -50.3749996423721 -38.1500013172626 -36.3909900188446 -50.8409887552261 -109.300002455711 -36.3909900188446 -50.8409887552261 -38.1500013172626 -36.7485582828522 -50.3749996423721 -109.300002455711 -36.3909900188446 -50.8409887552261 -180.45000731945 -36.7485582828522 -50.3749996423721 -180.45000731945 -36.3909900188446 -50.8409887552261 -251.599997282028 -36.7485582828522 -50.3749996423721 -251.599997282028 -36.3909900188446 -50.8409887552261 -322.750002145767 -36.9733348488808 -49.8323440551758 32.9999998211861 -36.7485582828522 -50.3749996423721 32.9999998211861 -36.9733348488808 -49.8323440551758 -38.1500013172626 -36.9733348488808 -49.8323440551758 -109.300002455711 -36.9733348488808 -49.8323440551758 -180.45000731945 -36.9733348488808 -49.8323440551758 -251.599997282028 -36.7485582828522 -50.3749996423721 -322.750002145767 -37.0500013232231 -49.2499992251396 32.9999998211861 -37.0500013232231 -49.2499992251396 -38.1500013172626 -37.0500013232231 -49.2499992251396 -109.300002455711 -37.0500013232231 -49.2499992251396 -180.45000731945 -37.0500013232231 -49.2499992251396 -251.599997282028 -36.9733348488808 -49.8323440551758 -322.750002145767 -37.0500013232231 -49.2499992251396 -322.750002145767 -36.3909900188446 -50.8409887552261 32.9999998211861 -35.9250009059906 -51.1985570192337 -322.750002145767 -35.9250009059906 -51.1985570192337 -251.599997282028 -35.9250009059906 -51.1985570192337 -180.45000731945 -35.9250009059906 -51.1985570192337 -109.300002455711 -35.9250009059906 -51.1985570192337 -38.1500013172626 -35.382341593504 -51.4233335852623 -322.750002145767 -35.382341593504 -51.4233335852623 -251.599997282028 -35.382341593504 -51.4233335852623 -180.45000731945 -35.382341593504 -51.4233335852623 -109.300002455711 -35.382341593504 -51.4233335852623 -38.1500013172626 -35.9250009059906 -51.1985570192337 32.9999998211861 -34.8000004887581 -51.5000000596046 -322.750002145767 -34.8000004887581 -51.5000000596046 -251.599997282028 -34.8000004887581 -51.5000000596046 -180.45000731945 -34.8000004887581 -51.5000000596046 -70.0000002980232 -34.8000004887581 -51.5000000596046 -82.9999968409538 -34.8000004887581 -51.5000000596046 -109.300002455711 -34.8000004887581 -51.5000000596046 -38.1500013172626 -35.382341593504 -51.4233335852623 32.9999998211861 -34.8000004887581 -51.5000000596046 32.9999998211861 -37.0500013232231 -49.2499992251396 -180.45000731945 -37.0500013232231 -42.2499999403954 32.9999998211861 -37.0500013232231 -42.2499999403954 -322.750002145767 -37.0500013232231 -49.2499992251396 -251.599997282028 -37.0500013232231 -49.2499992251396 -322.750002145767 -37.0500013232231 -49.2499992251396 -38.1500013172626 -37.0500013232231 -49.2499992251396 -109.300002455711 -37.0500013232231 -49.2499992251396 32.9999998211861 -34.8000004887581 -51.5000000596046 -322.750002145767 -12.7999996766448 -50.2500012516975 -322.750002145767 -12.7999996766448 -51.5000000596046 -322.750002145767 -12.5411814078689 -50.2159260213375 -322.750002145767 -11.6750001907349 -51.1985570192337 -322.750002145767 -12.2999995946884 -50.1160249114037 -322.750002145767 -11.9339749217033 -49.7500002384186 -322.750002145767 -11.2090101465583 -50.8409887552261 -322.750002145767 -12.092893011868 -49.9571077525616 -322.750002145767 -10.6266671791673 -49.8323440551758 -322.750002145767 -10.8514428138733 -50.3749996423721 -322.750002145767 -10.5499997735023 -39.1499996185303 -322.750002145767 -11.8000004440546 -49.2499992251396 -322.750002145767 -11.8000004440546 -39.1499996185303 -322.750002145767 -10.8112506568432 -38.1750017404556 -322.750002145767 -11.8238516151905 -38.9688275754452 -322.750002145767 -11.8937818333507 -38.8000011444092 -322.750002145767 -11.5250004455447 -37.4612510204315 -322.750002145767 -12.0050255209208 -38.6550240218639 -322.750002145767 -12.1499998494983 -38.5437831282616 -322.750002145767 -12.3188262805343 -38.4738519787788 -322.750002145767 -12.5000001862645 -37.2000001370907 -322.750002145767 -11.9953025132418 -37.266444414854 -322.750002145767 -17.000000923872 -38.4499989449978 -322.750002145767 -12.5000001862645 -38.4499989449978 -322.750002145767 -37.0500013232231 -42.2499999403954 -322.750002145767 -35.765927284956 -41.9911816716194 -322.750002145767 -35.7999987900257 -42.2499999403954 -322.750002145767 -35.765927284956 -49.5088174939156 -322.750002145767 -37.0500013232231 -49.2499992251396 -322.750002145767 -35.7999987900257 -49.2499992251396 -322.750002145767 -12.2176567092538 -51.4233335852623 -322.750002145767 -10.5499997735023 -49.2499992251396 -322.750002145767 -11.8340738117695 -49.5088174939156 -322.750002145767 -10.6164449825883 -38.645301014185 -322.750002145767 -11.1211417242885 -37.7711430191994 -322.750002145767 -35.300001502037 -50.1160249114037 -322.750002145767 -36.3909900188446 -50.8409887552261 -322.750002145767 -35.5071052908897 -49.9571077525616 -322.750002145767 -34.8000004887581 -50.2500012516975 -322.750002145767 -35.058818757534 -50.2159260213375 -322.750002145767 -35.382341593504 -51.4233335852623 -322.750002145767 -35.9250009059906 -51.1985570192337 -322.750002145767 -35.6660261750221 -49.7500002384186 -322.750002145767 -36.9733348488808 -49.8323440551758 -322.750002145767 -35.6660261750221 -41.7499989271164 -322.750002145767 -36.9733348488808 -41.6676588356495 -322.750002145767 -36.7485582828522 -41.1249995231628 -322.750002145767 -36.3909900188446 -40.6590104103088 -322.750002145767 -35.5071052908897 -41.5428914129734 -322.750002145767 -35.300001502037 -41.3839742541313 -322.750002145767 -35.9250009059906 -40.3014421463013 -322.750002145767 -34.8000004887581 -41.2500016391277 -322.750002145767 -35.382341593504 -40.0766655802727 -322.750002145767 -34.8000004887581 -39.9999991059303 -322.750002145767 -26.5500005334616 -39.9999991059303 -322.750002145767 -36.7485582828522 -50.3749996423721 -322.750002145767 -35.058818757534 -41.2840731441975 -322.750002145767 -17.000000923872 -37.2000001370907 -322.750002145767 -26.5500005334616 -41.2500016391277 -322.750002145767 -10.5499997735023 -46.7000007629395 16.0000007599592 -11.8000004440546 -46.7000007629395 32.9999998211861 -10.5499997735023 -46.7000007629395 32.9999998211861 -11.8000004440546 -46.7000007629395 16.0000007599592 -17.000000923872 -38.4499989449978 16.0000007599592 -12.5000001862645 -37.2000001370907 16.0000007599592 -17.000000923872 -37.2000001370907 16.0000007599592 -11.5250004455447 -37.4612510204315 16.0000007599592 -12.0050255209208 -38.6550240218639 16.0000007599592 -11.1211417242885 -37.7711430191994 16.0000007599592 -12.5000001862645 -38.4499989449978 16.0000007599592 -12.3188262805343 -38.4738519787788 16.0000007599592 -12.1499998494983 -38.5437831282616 16.0000007599592 -10.8112506568432 -38.1750017404556 16.0000007599592 -11.8238516151905 -38.9688275754452 16.0000007599592 -10.6164449825883 -38.645301014185 16.0000007599592 -11.9953025132418 -37.266444414854 16.0000007599592 -11.8937818333507 -38.8000011444092 16.0000007599592 -10.5499997735023 -39.1499996185303 16.0000007599592 -11.8000004440546 -39.1499996185303 16.0000007599592 -11.8000004440546 -46.7000007629395 16.0000007599592 -10.5499997735023 -46.7000007629395 16.0000007599592 -31.5500013530254 -39.9999991059303 32.9999998211861 -31.5500013530254 -41.2500016391277 4.99999988824129 -31.5500013530254 -39.9999991059303 4.99999988824129 -31.5500013530254 -41.2500016391277 32.9999998211861 -26.5500005334616 -39.9999991059303 4.99999988824129 -31.5500013530254 -41.2500016391277 4.99999988824129 -26.5500005334616 -41.2500016391277 4.99999988824129 -31.5500013530254 -39.9999991059303 4.99999988824129 -34.8000004887581 -52.9999993741512 -70.0000002980232 -31.199999153614 -51.5000000596046 -70.0000002980232 -34.8000004887581 -51.5000000596046 -70.0000002980232 -31.199999153614 -52.9999993741512 -70.0000002980232 -34.8000004887581 -52.9999993741512 -82.9999968409538 -34.8000004887581 -51.5000000596046 -70.0000002980232 -34.8000004887581 -51.5000000596046 -82.9999968409538 -34.8000004887581 -52.9999993741512 -70.0000002980232 -31.199999153614 -51.5000000596046 -82.9999968409538 -34.8000004887581 -52.9999993741512 -82.9999968409538 -34.8000004887581 -51.5000000596046 -82.9999968409538 -31.199999153614 -52.9999993741512 -82.9999968409538 -31.199999153614 -52.9999993741512 -82.9999968409538 -31.199999153614 -51.5000000596046 -70.0000002980232 -31.199999153614 -52.9999993741512 -70.0000002980232 -31.199999153614 -51.5000000596046 -82.9999968409538 -31.199999153614 -52.9999993741512 -70.0000002980232 -34.8000004887581 -52.9999993741512 -82.9999968409538 -31.199999153614 -52.9999993741512 -82.9999968409538 -34.8000004887581 -52.9999993741512 -70.0000002980232 -29.2499996721745 -51.9500002264977 -80.4999992251396 -29.2499996721745 -51.5000000596046 -128.499999642372 -29.2499996721745 -51.9500002264977 -128.499999642372 -29.2499996721745 -51.5000000596046 -80.4999992251396 -13.6500000953674 -51.5000000596046 -128.499999642372 -29.2499996721745 -51.9500002264977 -128.499999642372 -29.2499996721745 -51.5000000596046 -128.499999642372 -13.6500000953674 -51.9500002264977 -128.499999642372 -13.6500000953674 -51.9500002264977 -128.499999642372 -13.6500000953674 -51.5000000596046 -80.4999992251396 -13.6500000953674 -51.9500002264977 -80.4999992251396 -13.6500000953674 -51.5000000596046 -128.499999642372 -13.6500000953674 -51.9500002264977 -80.4999992251396 -29.2499996721745 -51.5000000596046 -80.4999992251396 -29.2499996721745 -51.9500002264977 -80.4999992251396 -13.6500000953674 -51.5000000596046 -80.4999992251396 -13.6500000953674 -51.9500002264977 -128.499999642372 -29.2499996721745 -51.9500002264977 -80.4999992251396 -29.2499996721745 -51.9500002264977 -128.499999642372 -13.6500000953674 -51.9500002264977 -80.4999992251396</float_array><technique_common><accessor count="390" source="#bau0127735438-1-mesh-positions-array" stride="3"><param name="X" type="float" /><param name="Y" type="float" /><param name="Z" type="float" /></accessor></technique_common></source><source id="bau0127735438-1-mesh-normals"><float_array id="bau0127735438-1-mesh-normals-array" count="1170">0 -1 0 0 -1 0 0 -1 0 0 -1 0 0 -1 0 0 -1 0 0 -1 0 0 -1 0 0 -1 0 0 -1 0 0 -1 0 0 -1 0 0 -1 0 0 -1 0 0 -1 0 0 -1 0 0 0 1 0 0 1 0 0 1 0 0 1 0 0 1 0 0 1 0 0 1 0 0 1 0 0 1 0 0 1 0 0 1 0 0 1 0 0 1 0 0 1 0 0 1 0 0 1 0 0 1 0 0 1 0 0 1 0 0 1 0 0 1 0 0 1 0 0 1 0 0 1 0 0 1 0 0 1 0 0 1 0 0 1 0 0 1 0 0 1 0 0 1 0 0 1 0 0 1 0 0 1 0 0 1 0 0 1 0 0 1 0 0 1 0 0 1 0 0 1 0 0 1 0 0 1 0 0 1 0 0 1 0 0 1 0 0 1 6.12323426292584E-17 1 0 -0.258819043636322 0.965925812721252 0 -0.258819043636322 0.965925812721252 0 -0.5 0.866025388240814 0 -0.5 0.866025388240814 0 -0.70710676908493 0.70710676908493 0 -0.70710676908493 0.70710676908493 0 -0.866025388240814 0.5 0 -0.866025388240814 0.5 0 -0.965925812721252 0.258819043636322 0 -0.965925812721252 0.258819043636322 0 -1 1.22464685258517E-16 0 -1 1.22464685258517E-16 0 6.12323426292584E-17 1 0 8.41078040937307E-16 1 0 8.41078040937307E-16 1 0 8.41078040937307E-16 1 0 8.41078040937307E-16 1 0 8.41078040937307E-16 1 0 8.41078040937307E-16 1 0 1 0 0 1 0 0 1 0 0 1 0 0 -8.41078040937307E-16 -1 0 -8.41078040937307E-16 -1 0 -8.41078040937307E-16 -1 0 -8.41078040937307E-16 -1 0 -8.41078040937307E-16 -1 0 -8.41078040937307E-16 -1 0 0.965925812721252 -0.258819043636322 0 0.866025388240814 -0.5 0 0.965925812721252 -0.258819043636322 0 1 -1.22464685258517E-16 0 1 -1.22464685258517E-16 0 0.70710676908493 -0.70710676908493 0 0.5 -0.866025388240814 0 0.70710676908493 -0.70710676908493 0 0.5 -0.866025388240814 0 0.258819043636322 -0.965925812721252 0 0.258819043636322 -0.965925812721252 0 -6.12323426292584E-17 -1 0 -6.12323426292584E-17 -1 0 0.866025388240814 -0.5 0 1 -9.91270587952209E-16 0 1 -9.91270587952209E-16 0 1 -9.91270587952209E-16 0 1 -9.91270587952209E-16 0 1.83697014652885E-16 1 0 0.258819043636322 0.965925812721252 0 1.83697014652885E-16 1 0 0.258819043636322 0.965925812721252 0 0.5 0.866025388240814 0 0.5 0.866025388240814 0 0.70710676908493 0.70710676908493 0 0.70710676908493 0.70710676908493 0 0.866025388240814 0.5 0 0.866025388240814 0.5 0 0.965925812721252 0.258819043636322 0 0.965925812721252 0.258819043636322 0 1 -1.22464685258517E-16 0 1 -1.22464685258517E-16 0 0 1 0 0 1 0 0 1 0 0 1 0 -1 2.44929370517034E-16 0 -0.965925812721252 0.258819043636322 0 -1 2.44929370517034E-16 0 -0.965925812721252 0.258819043636322 0 -0.866025388240814 0.5 0 -0.866025388240814 0.5 0 -0.70710676908493 0.70710676908493 0 -0.70710676908493 0.70710676908493 0 -0.5 0.866025388240814 0 -0.5 0.866025388240814 0 -0.258819043636322 0.965925812721252 0 1.83697014652885E-16 1 0 -0.258819043636322 0.965925812721252 0 1.83697014652885E-16 1 0 -1 0 0 -1 0 0 -1 0 0 -1 0 0 -1 0 0 -1 0 0 -0.70710676908493 -0.70710676908493 0 -0.5 -0.866025388240814 0 -0.70710676908493 -0.70710676908493 0 -0.866025388240814 -0.5 0 -0.866025388240814 -0.5 0 -0.965925812721252 -0.258819043636322 0 -0.965925812721252 -0.258819043636322 0 -1 0 0 -1 0 0 -0.5 -0.866025388240814 0 -0.258819043636322 -0.965925812721252 0 -0.258819043636322 -0.965925812721252 0 -6.12323426292584E-17 -1 0 -6.12323426292584E-17 -1 0 0 -1 0 0 -1 0 0 -1 0 0 -1 0 -1 -1.38777878078145E-14 0 -1 -1.38777878078145E-14 0 -1 -1.38777878078145E-14 0 -1 -1.38777878078145E-14 0 0 1 0 0 1 0 0 1 0 0 1 0 6.12323426292584E-17 1 0 0.258819043636322 0.965925812721252 0 0.258819043636322 0.965925812721252 0 6.12323426292584E-17 1 0 0.5 0.866025388240814 0 0.70710676908493 0.70710676908493 0 0.70710676908493 0.70710676908493 0 0.866025388240814 0.5 0 0.866025388240814 0.5 0 0.5 0.866025388240814 0 0.965925812721252 0.258819043636322 0 0.965925812721252 0.258819043636322 0 1 0 0 1 0 0 1 0 0 1 0 0 1 0 0 1 0 0 1 0 0 1 0 0 -1.83697014652885E-16 -1 0 0.258819043636322 -0.965925812721252 0 0.258819043636322 -0.965925812721252 0 0.5 -0.866025388240814 0 0.5 -0.866025388240814 0 0.70710676908493 -0.70710676908493 0 0.70710676908493 -0.70710676908493 0 0.866025388240814 -0.5 0 0.866025388240814 -0.5 0 0.965925812721252 -0.258819043636322 0 0.965925812721252 -0.258819043636322 0 1 -2.44929370517034E-16 0 1 -2.44929370517034E-16 0 -1.83697014652885E-16 -1 0 -0.866025388240814 -0.5 0 -0.70710676908493 -0.70710676908493 0 -0.70710676908493 -0.70710676908493 0 -0.866025388240814 -0.5 0 -0.70710676908493 -0.70710676908493 0 -0.866025388240814 -0.5 0 -0.70710676908493 -0.70710676908493 0 -0.866025388240814 -0.5 0 -0.70710676908493 -0.70710676908493 0 -0.965925812721252 -0.258819043636322 0 -0.866025388240814 -0.5 0 -0.965925812721252 -0.258819043636322 0 -0.965925812721252 -0.258819043636322 0 -0.965925812721252 -0.258819043636322 0 -0.965925812721252 -0.258819043636322 0 -0.866025388240814 -0.5 0 -1 1.22464685258517E-16 0 -1 1.22464685258517E-16 0 -1 1.22464685258517E-16 0 -1 1.22464685258517E-16 0 -1 1.22464685258517E-16 0 -0.965925812721252 -0.258819043636322 0 -1 1.22464685258517E-16 0 -0.70710676908493 -0.70710676908493 0 -0.5 -0.866025388240814 0 -0.5 -0.866025388240814 0 -0.5 -0.866025388240814 0 -0.5 -0.866025388240814 0 -0.5 -0.866025388240814 0 -0.258819043636322 -0.965925812721252 0 -0.258819043636322 -0.965925812721252 0 -0.258819043636322 -0.965925812721252 0 -0.258819043636322 -0.965925812721252 0 -0.258819043636322 -0.965925812721252 0 -0.5 -0.866025388240814 0 -1.83697014652885E-16 -1 0 -1.83697014652885E-16 -1 0 -1.83697014652885E-16 -1 0 -1.83697014652885E-16 -1 0 -1.83697014652885E-16 -1 0 -1.83697014652885E-16 -1 0 -1.83697014652885E-16 -1 0 -0.258819043636322 -0.965925812721252 0 -1.83697014652885E-16 -1 0 -1 1.22464685258517E-16 0 -1 1.22464685258517E-16 0 -1 1.22464685258517E-16 0 -1 1.22464685258517E-16 0 -1 1.22464685258517E-16 0 -1 1.22464685258517E-16 0 -1 1.22464685258517E-16 0 -1 1.22464685258517E-16 0 0 0 -1 0 0 -1 0 0 -1 0 0 -1 0 0 -1 0 0 -1 0 0 -1 0 0 -1 0 0 -1 0 0 -1 0 0 -1 0 0 -1 0 0 -1 0 0 -1 0 0 -1 0 0 -1 0 0 -1 0 0 -1 0 0 -1 0 0 -1 0 0 -1 0 0 -1 0 0 -1 0 0 -1 0 0 -1 0 0 -1 0 0 -1 0 0 -1 0 0 -1 0 0 -1 0 0 -1 0 0 -1 0 0 -1 0 0 -1 0 0 -1 0 0 -1 0 0 -1 0 0 -1 0 0 -1 0 0 -1 0 0 -1 0 0 -1 0 0 -1 0 0 -1 0 0 -1 0 0 -1 0 0 -1 0 0 -1 0 0 -1 0 0 -1 0 0 -1 0 0 -1 0 0 -1 0 0 -1 0 0 -1 0 0 -1 0 0 -1 0 0 -1 0 0 -1 0 0 -1 0 1 0 0 1 0 0 1 0 0 1 0 -6.99268388418967E-15 0 1 -6.99268388418967E-15 0 1 -6.99268388418967E-15 0 1 -6.99268388418967E-15 0 1 -6.99268388418967E-15 0 1 -6.99268388418967E-15 0 1 -6.99268388418967E-15 0 1 -6.99268388418967E-15 0 1 -6.99268388418967E-15 0 1 -6.99268388418967E-15 0 1 -6.99268388418967E-15 0 1 -6.99268388418967E-15 0 1 -6.99268388418967E-15 0 1 -6.99268388418967E-15 0 1 -6.99268388418967E-15 0 1 -6.99268388418967E-15 0 1 -6.99268388418967E-15 0 1 -6.99268388418967E-15 0 1 1 0 0 1 0 0 1 0 0 1 0 0 0 0 1 0 0 1 0 0 1 0 0 1 0 0 1 0 0 1 0 0 1 0 0 1 -1 0 0 -1 0 0 -1 0 0 -1 0 0 0 0 -1 0 0 -1 0 0 -1 0 0 -1 1 0 2.66880546982484E-16 1 0 2.66880546982484E-16 1 0 2.66880546982484E-16 1 0 2.66880546982484E-16 0 -1 0 0 -1 0 0 -1 0 0 -1 0 -1 0 0 -1 0 0 -1 0 0 -1 0 0 0 0 -1 0 0 -1 0 0 -1 0 0 -1 1 0 0 1 0 0 1 0 0 1 0 0 -8.89601752688868E-16 0 1 -8.89601752688868E-16 0 1 -8.89601752688868E-16 0 1 -8.89601752688868E-16 0 1 0 -1 0 0 -1 0 0 -1 0 0 -1 0</float_array><technique_common><accessor count="390" source="#bau0127735438-1-mesh-normals-array" stride="3"><param name="X" type="float" /><param name="Y" type="float" /><param name="Z" type="float" /></accessor></technique_common></source><vertices id="bau0127735438-1-mesh-vertices"><input semantic="POSITION" source="#bau0127735438-1-mesh-positions" /></vertices><triangles count="340" material="ZincPlated-material"><input offset="0" semantic="VERTEX" source="#bau0127735438-1-mesh-vertices" /><input offset="1" semantic="NORMAL" source="#bau0127735438-1-mesh-normals" /><p>0 0 1 1 2 2 2 2 1 1 3 3 3 3 1 1 4 4 4 4 1 1 5 5 1 1 0 0 6 6 7 7 8 8 9 9 5 5 1 1 10 10 7 7 6 6 0 0 11 11 12 12 13 13 6 6 7 7 14 14 12 12 14 14 7 7 12 12 11 11 10 10 14 14 12 12 10 10 10 10 11 11 5 5 8 8 0 0 15 15 8 8 7 7 0 0 16 16 17 17 18 18 19 19 20 20 21 21 22 22 23 23 24 24 25 25 26 26 27 27 19 19 28 28 29 29 30 30 20 20 31 31 32 32 22 22 33 33 34 34 23 23 35 35 26 26 25 25 36 36 16 16 37 37 38 38 39 39 40 40 41 41 42 42 43 43 44 44 45 45 28 28 46 46 20 20 19 19 29 29 20 20 30 30 21 21 30 30 47 47 39 39 33 33 40 40 32 32 23 23 22 22 48 48 23 23 34 34 24 24 49 49 35 35 50 50 51 51 52 52 53 53 17 17 16 16 38 38 17 17 54 54 18 18 43 43 54 54 55 55 43 43 42 42 56 56 42 42 57 57 58 58 28 28 45 45 59 59 28 28 19 19 46 46 47 47 30 30 31 31 40 40 39 39 47 47 40 40 33 33 41 41 22 22 32 32 48 48 35 35 49 49 34 34 26 26 49 49 50 50 53 53 27 27 51 51 37 37 16 16 52 52 57 57 42 42 44 44 57 57 60 60 58 58 27 27 53 53 25 25 52 52 51 51 37 37 49 49 26 26 36 36 60 60 57 57 61 61 54 54 17 17 55 55 54 54 43 43 56 56 62 62 63 63 64 64 64 64 65 65 66 66 66 66 67 67 68 68 68 68 69 69 70 70 70 70 71 71 72 72 72 72 73 73 74 74 73 73 72 72 71 71 71 71 70 70 69 69 69 69 68 68 67 67 67 67 66 66 65 65 65 65 64 64 63 63 63 63 62 62 75 75 76 76 77 77 78 78 77 77 76 76 79 79 80 80 76 76 81 81 76 76 80 80 79 79 82 82 83 83 84 84 83 83 82 82 85 85 86 86 87 87 88 88 87 87 89 89 88 88 89 89 87 87 90 90 87 87 86 86 91 91 92 92 93 93 94 94 95 95 94 94 96 96 94 94 95 95 92 92 97 97 98 98 99 99 100 100 101 101 98 98 102 102 103 103 101 101 103 103 102 102 104 104 101 101 100 100 102 102 98 98 97 97 100 100 99 99 105 105 97 97 93 93 92 92 105 105 105 105 99 99 93 93 106 106 107 107 108 108 107 107 106 106 109 109 110 110 111 111 112 112 113 113 114 114 111 111 115 115 116 116 114 114 117 117 118 118 116 116 119 119 120 120 118 118 121 121 122 122 120 120 122 122 121 121 123 123 120 120 119 119 121 121 118 118 117 117 119 119 116 116 115 115 117 117 114 114 113 113 115 115 111 111 110 110 113 113 124 124 125 125 126 126 125 125 124 124 127 127 128 128 129 129 130 130 131 131 132 132 129 129 133 133 134 134 132 132 135 135 136 136 134 134 137 137 138 138 136 136 139 139 140 140 141 141 129 129 128 128 131 131 132 132 131 131 133 133 134 134 133 133 135 135 136 136 135 135 137 137 138 138 137 137 140 140 140 140 139 139 138 138 142 142 143 143 144 144 143 143 145 145 144 144 143 143 142 142 146 146 145 145 143 143 147 147 148 148 149 149 150 150 151 151 150 150 152 152 153 153 152 152 154 154 155 155 154 154 156 156 157 157 158 158 149 149 152 152 153 153 151 151 149 149 148 148 157 157 158 158 157 157 159 159 160 160 159 159 161 161 159 159 160 160 158 158 150 150 151 151 148 148 154 154 155 155 153 153 162 162 163 163 164 164 163 163 162 162 165 165 166 166 167 167 168 168 167 167 166 166 169 169 170 170 171 171 172 172 171 171 170 170 173 173 174 174 175 175 176 176 175 175 174 174 177 177 178 178 179 179 180 180 180 180 181 181 182 182 183 183 176 176 175 175 184 184 182 182 181 181 181 181 180 180 179 179 182 182 184 184 185 185 176 176 183 183 178 178 185 185 186 186 187 187 186 186 185 185 184 184 179 179 178 178 183 183 188 188 189 189 190 190 189 189 188 188 191 191 189 189 192 192 190 190 192 192 189 189 193 193 194 194 195 195 196 196 196 196 197 197 198 198 198 198 199 199 200 200 200 200 201 201 202 202 202 202 203 203 204 204 204 204 205 205 206 206 205 205 204 204 203 203 203 203 202 202 201 201 201 201 200 200 199 199 197 197 196 196 195 195 195 195 194 194 207 207 199 199 198 198 197 197 208 208 209 209 210 210 211 211 212 212 209 209 213 213 214 214 212 212 215 215 216 216 214 214 217 217 208 208 218 218 219 219 211 211 208 208 220 220 213 213 211 211 221 221 215 215 213 213 222 222 223 223 215 215 224 224 219 219 217 217 225 225 220 220 219 219 226 226 221 221 220 220 227 227 222 222 221 221 228 228 229 229 222 222 229 229 228 228 230 230 222 222 227 227 228 228 221 221 226 226 227 227 220 220 225 225 226 226 219 219 224 224 225 225 223 223 222 222 229 229 218 218 210 210 231 231 214 214 232 232 233 233 212 212 233 233 234 234 209 209 234 234 235 235 215 215 221 221 222 222 213 213 220 220 221 221 211 211 219 219 220 220 208 208 217 217 219 219 216 216 215 215 223 223 214 214 213 213 215 215 212 212 211 211 213 213 209 209 208 208 211 211 210 210 218 218 208 208 232 232 214 214 216 216 233 233 212 212 214 214 234 234 209 209 212 212 235 235 210 210 209 209 236 236 231 231 210 210 237 237 233 233 232 232 238 238 234 234 233 233 239 239 235 235 234 234 240 240 236 236 235 235 241 241 242 242 236 236 243 243 238 238 237 237 244 244 239 239 238 238 245 245 240 240 239 239 246 246 240 240 247 247 240 240 246 246 241 241 247 247 240 240 248 248 249 249 250 250 241 241 250 250 249 249 251 251 241 241 246 246 249 249 240 240 245 245 248 248 239 239 244 244 245 245 238 238 243 243 244 244 242 242 241 241 250 250 236 236 240 240 241 241 235 235 239 239 240 240 234 234 238 238 239 239 233 233 237 237 238 238 231 231 236 236 242 242 210 210 235 235 236 236 252 252 253 253 254 254 255 255 254 254 256 256 252 252 254 254 255 255 257 257 253 253 258 258 253 253 252 252 258 258 253 253 257 257 259 259 260 260 261 261 262 262 263 263 262 262 261 261 264 264 263 263 265 265 266 266 267 267 268 268 266 266 269 269 270 270 271 271 272 272 273 273 274 274 275 275 276 276 277 277 278 278 279 279 280 280 281 281 282 282 283 283 281 281 284 284 285 285 286 286 287 287 288 288 289 289 290 290 263 263 264 264 291 291 265 265 267 267 264 264 292 292 293 293 272 272 275 275 271 271 273 273 275 275 274 274 294 294 278 278 274 274 276 276 278 278 277 277 295 295 280 280 277 277 279 279 296 296 297 297 298 298 290 290 285 285 287 287 293 293 292 292 269 269 272 272 271 271 292 292 269 269 266 266 293 293 267 267 265 265 268 268 261 261 260 260 299 299 300 300 260 260 301 301 300 300 302 302 296 296 297 297 303 303 298 298 289 289 288 288 304 304 305 305 306 306 307 307 305 305 308 308 309 309 310 310 308 308 311 311 312 312 313 313 314 314 315 315 312 312 314 314 303 303 297 297 316 316 277 277 280 280 282 282 303 303 304 304 288 288 267 267 266 266 270 270 260 260 300 300 299 299 297 297 296 296 302 302 306 306 305 305 286 286 308 308 310 310 309 309 285 285 290 290 289 289 281 281 280 280 284 284 286 286 285 285 306 306 310 310 313 313 317 317 281 281 283 283 318 318 304 304 303 303 316 316 313 313 310 310 311 311 262 262 263 263 291 291 313 313 312 312 317 317 308 308 305 305 307 307 302 302 300 300 301 301 271 271 275 275 294 294 312 312 315 315 319 319 274 274 278 278 295 295 320 320 321 321 322 322 321 321 320 320 323 323 324 324 325 325 326 326 327 327 328 328 329 329 325 325 324 324 330 330 331 331 325 325 330 330 327 327 331 331 332 332 333 333 334 334 335 335 325 325 331 331 336 336 328 328 327 327 332 332 329 329 337 337 333 333 338 338 334 334 339 339 337 337 329 329 328 328 334 334 333 333 337 337 334 334 338 338 335 335 338 338 340 340 341 341 331 331 327 327 336 336 340 340 338 338 339 339 342 342 343 343 344 344 343 343 342 342 345 345 346 346 347 347 348 348 347 347 346 346 349 349 350 350 351 351 352 352 351 351 350 350 353 353 354 354 355 355 356 356 355 355 354 354 357 357 358 358 359 359 360 360 359 359 358 358 361 361 362 362 363 363 364 364 363 363 362 362 365 365 366 366 367 367 368 368 367 367 366 366 369 369 370 370 371 371 372 372 371 371 370 370 373 373 374 374 375 375 376 376 375 375 374 374 377 377 378 378 379 379 380 380 379 379 378 378 381 381 382 382 383 383 384 384 383 383 382 382 385 385 386 386 387 387 388 388 387 387 386 386 389 389</p></triangles></mesh></geometry><geometry id="bau0127841492-1-mesh" name="bau0127841492-1"><mesh><source id="bau0127841492-1-mesh-positions"><float_array id="bau0127841492-1-mesh-positions-array" count="852">-30.4499994963408 -39.8649983108044 429.399996995926 -23.4500002115965 -39.8649983108044 423.500001430511 -30.4499994963408 -39.8649983108044 423.500001430511 -19.4850005209446 -39.8649983108044 428.49999666214 -28.3499993383884 -39.8649983108044 431.400001049042 -22.9850001633167 -39.8649983108044 433.829993009567 -22.9850001633167 -39.8649983108044 444.599986076355 -24.550000205636 -39.8649983108044 447.400003671646 -20.9849998354912 -39.8649983108044 444.599986076355 -15.650000423193 -39.8649983108044 431.442826986313 -20.9849998354912 -39.8649983108044 433.829993009567 -19.4850005209446 -39.8649983108044 420.757740736008 -22.5150007754564 -39.8649983108044 420.757740736008 -17.9999992251396 -39.8649983108044 428.49999666214 -15.650000423193 -39.8649983108044 414.900004863739 -17.9999992251396 -39.8649983108044 414.900004863739 -19.3499997258186 -39.8649983108044 447.400003671646 -23.4500002115965 -39.8649983108044 414.900004863739 -22.5150007754564 -39.8649983108044 414.900004863739 -30.4499994963408 -39.8649983108044 423.500001430511 -23.4500002115965 -44.7649993002415 423.500001430511 -30.4499994963408 -44.7649993002415 423.500001430511 -23.4500002115965 -39.8649983108044 423.500001430511 -23.4500002115965 -46.2500005960464 423.500001430511 -30.3067248314619 -48.1274239718914 423.500001430511 -30.4051153361797 -46.2500005960464 423.500001430511 -23.4500002115965 -48.9149987697601 423.500001430511 -30.4499994963408 -48.9149987697601 423.500001430511 -30.4499994963408 -48.1349304318428 423.500001430511 -23.4500002115965 -39.8649983108044 414.900004863739 -23.4500002115965 -44.7649993002415 423.500001430511 -23.4500002115965 -39.8649983108044 423.500001430511 -23.4500002115965 -44.7649993002415 414.900004863739 -23.4500002115965 -48.9149987697601 423.500001430511 -23.4500002115965 -46.2500005960464 414.900004863739 -23.4500002115965 -48.9149987697601 414.900004863739 -23.4500002115965 -46.2500005960464 423.500001430511 -17.9999992251396 -43.2714410126209 414.900004863739 -15.650000423193 -39.8649983108044 414.900004863739 -15.650000423193 -43.3329790830612 414.900004863739 -17.9999992251396 -39.8649983108044 414.900004863739 -19.4850005209446 -31.7649990320206 414.900004863739 -22.5150007754564 -39.8649983108044 414.900004863739 -22.5150007754564 -31.7649990320206 414.900004863739 -23.4500002115965 -44.7649993002415 414.900004863739 -19.4850005209446 -44.7649993002415 414.900004863739 -23.4500002115965 -39.8649983108044 414.900004863739 -15.650000423193 -46.2500005960464 414.900004863739 -23.4500002115965 -48.9149987697601 414.900004863739 -23.4500002115965 -46.2500005960464 414.900004863739 -15.650000423193 -48.9149987697601 414.900004863739 -30.4499994963408 -48.9149987697601 429.399996995926 -30.4499994963408 -44.7649993002415 428.49999666214 -30.4499994963408 -48.1349304318428 428.49999666214 -30.4499994963408 -39.8649983108044 423.500001430511 -30.4499994963408 -44.7649993002415 423.500001430511 -30.4499994963408 -39.8649983108044 429.399996995926 -30.4499994963408 -48.9149987697601 423.500001430511 -30.4499994963408 -48.1349304318428 423.500001430511 -15.650000423193 -39.8649983108044 414.900004863739 -15.650000423193 -43.3329790830612 428.49999666214 -15.650000423193 -43.3329790830612 414.900004863739 -15.650000423193 -48.9149987697601 414.900004863739 -15.650000423193 -46.2500005960464 428.49999666214 -15.650000423193 -48.9149987697601 431.442826986313 -15.650000423193 -39.8649983108044 431.442826986313 -15.650000423193 -46.2500005960464 414.900004863739 -19.3499997258186 -39.8649983108044 447.400003671646 -24.550000205636 -48.9149987697601 447.400003671646 -19.3499997258186 -48.9149987697601 447.400003671646 -24.550000205636 -39.8649983108044 447.400003671646 -24.550000205636 -39.8649983108044 447.400003671646 -28.3499993383884 -48.9149987697601 431.400001049042 -24.550000205636 -48.9149987697601 447.400003671646 -28.3499993383884 -39.8649983108044 431.400001049042 -28.3499993383884 -39.8649983108044 431.400001049042 -30.4499994963408 -48.9149987697601 429.399996995926 -28.3499993383884 -48.9149987697601 431.400001049042 -30.4499994963408 -39.8649983108044 429.399996995926 -19.3499997258186 -48.9149987697601 447.400003671646 -15.650000423193 -39.8649983108044 431.442826986313 -19.3499997258186 -39.8649983108044 447.400003671646 -15.650000423193 -48.9149987697601 431.442826986313 -15.650000423193 -48.9149987697601 414.900004863739 -23.4500002115965 -48.9149987697601 423.500001430511 -23.4500002115965 -48.9149987697601 414.900004863739 -30.4499994963408 -48.9149987697601 429.399996995926 -30.4499994963408 -48.9149987697601 423.500001430511 -15.650000423193 -48.9149987697601 431.442826986313 -28.3499993383884 -48.9149987697601 431.400001049042 -24.550000205636 -48.9149987697601 447.400003671646 -19.3499997258186 -48.9149987697601 447.400003671646 -22.9850001633167 -34.6968322992325 436.280816793442 -20.9849998354912 -34.9668264389038 435.860008001328 -22.9850001633167 -34.9668264389038 435.860008001328 -20.9849998354912 -34.6968322992325 436.280816793442 -22.9850001633167 -34.5396474003792 436.755448579788 -20.9849998354912 -34.5396474003792 436.755448579788 -22.9850001633167 -34.5050916075706 437.254220247269 -22.9850001633167 -34.5953293144703 437.745988368988 -20.9849998354912 -34.5050916075706 437.254220247269 -22.9850001633167 -34.8047204315662 438.199996948242 -20.9849998354912 -34.5953293144703 437.745988368988 -20.9849998354912 -34.8047204315662 438.199996948242 -22.9850001633167 -34.8047204315662 438.199996948242 -20.9849998354912 -37.9216969013214 443.199992179871 -20.9849998354912 -34.8047204315662 438.199996948242 -22.9850001633167 -37.9216969013214 443.199992179871 -22.9850001633167 -37.9216969013214 443.199992179871 -20.9849998354912 -39.8649983108044 444.599986076355 -20.9849998354912 -37.9216969013214 443.199992179871 -22.9850001633167 -39.8649983108044 444.599986076355 -20.9849998354912 -39.8649983108044 433.829993009567 -22.9850001633167 -38.2363796234131 433.829993009567 -20.9849998354912 -38.2363796234131 433.829993009567 -22.9850001633167 -39.8649983108044 433.829993009567 -20.9849998354912 -36.010779440403 435.012757778168 -22.9850001633167 -38.2363796234131 433.829993009567 -22.9850001633167 -36.010779440403 435.012757778168 -20.9849998354912 -38.2363796234131 433.829993009567 -22.9850001633167 -35.4477390646935 435.385793447495 -20.9849998354912 -36.010779440403 435.012757778168 -22.9850001633167 -36.010779440403 435.012757778168 -20.9849998354912 -35.4477390646935 435.385793447495 -22.9850001633167 -34.9668264389038 435.860008001328 -20.9849998354912 -34.9668264389038 435.860008001328 -20.9849998354912 -34.9668264389038 435.860008001328 -20.9849998354912 -34.8047204315662 438.199996948242 -20.9849998354912 -35.4477390646935 435.385793447495 -20.9849998354912 -34.6968322992325 436.280816793442 -20.9849998354912 -34.5396474003792 436.755448579788 -20.9849998354912 -34.5953293144703 437.745988368988 -20.9849998354912 -34.5050916075706 437.254220247269 -20.9849998354912 -36.010779440403 435.012757778168 -20.9849998354912 -37.9216969013214 443.199992179871 -20.9849998354912 -39.8649983108044 444.599986076355 -20.9849998354912 -38.2363796234131 433.829993009567 -20.9849998354912 -39.8649983108044 433.829993009567 -22.9850001633167 -34.8047204315662 438.199996948242 -22.9850001633167 -34.9668264389038 435.860008001328 -22.9850001633167 -35.4477390646935 435.385793447495 -22.9850001633167 -37.9216969013214 443.199992179871 -22.9850001633167 -36.010779440403 435.012757778168 -22.9850001633167 -39.8649983108044 444.599986076355 -22.9850001633167 -38.2363796234131 433.829993009567 -22.9850001633167 -39.8649983108044 433.829993009567 -22.9850001633167 -34.6968322992325 436.280816793442 -22.9850001633167 -34.5396474003792 436.755448579788 -22.9850001633167 -34.5953293144703 437.745988368988 -22.9850001633167 -34.5050916075706 437.254220247269 -22.5150007754564 -36.1276939511299 418.599992990494 -19.4850005209446 -39.8649983108044 420.757740736008 -19.4850005209446 -36.1276939511299 418.599992990494 -22.5150007754564 -39.8649983108044 420.757740736008 -19.4850005209446 -36.1276939511299 418.599992990494 -22.5150007754564 -31.7649990320206 418.599992990494 -22.5150007754564 -36.1276939511299 418.599992990494 -19.4850005209446 -31.7649990320206 418.599992990494 -19.4850005209446 -31.7649990320206 414.900004863739 -22.5150007754564 -31.7649990320206 418.599992990494 -19.4850005209446 -31.7649990320206 418.599992990494 -22.5150007754564 -31.7649990320206 414.900004863739 -22.5150007754564 -36.1276939511299 418.599992990494 -22.5150007754564 -39.8649983108044 414.900004863739 -22.5150007754564 -39.8649983108044 420.757740736008 -22.5150007754564 -31.7649990320206 414.900004863739 -22.5150007754564 -31.7649990320206 418.599992990494 -19.4850005209446 -36.1276939511299 418.599992990494 -19.4850005209446 -39.8649983108044 428.49999666214 -19.4850005209446 -31.7649990320206 418.599992990494 -19.4850005209446 -31.7649990320206 414.900004863739 -19.4850005209446 -44.7649993002415 0 -19.4850005209446 -44.7649993002415 414.900004863739 -19.4850005209446 -14.4499996677041 428.49999666214 -19.4850005209446 -14.4499996677041 0 -19.4850005209446 -39.8649983108044 420.757740736008 -31.9849997758865 -44.7649993002415 428.49999666214 -30.4499994963408 -48.1349304318428 428.49999666214 -30.4499994963408 -44.7649993002415 428.49999666214 -31.8046696484089 -48.2059270143509 428.49999666214 -17.9999992251396 -16.3000002503395 428.49999666214 -19.4850005209446 -39.8649983108044 428.49999666214 -17.9999992251396 -39.8649983108044 428.49999666214 -19.4850005209446 -14.4499996677041 428.49999666214 -12.8849996253848 -14.4499996677041 428.49999666214 -12.8849996253848 -16.3000002503395 428.49999666214 -13.399999588728 -46.2500005960464 428.49999666214 -13.399999588728 -43.3918982744217 0 -13.399999588728 -43.3918982744217 428.49999666214 -13.399999588728 -46.2500005960464 0 -15.650000423193 -43.3329790830612 414.900004863739 -17.9999992251396 -43.2714410126209 0 -17.9999992251396 -43.2714410126209 414.900004863739 -13.399999588728 -43.3918982744217 428.49999666214 -15.650000423193 -43.3329790830612 428.49999666214 -13.399999588728 -43.3918982744217 0 -17.9999992251396 -39.8649983108044 414.900004863739 -17.9999992251396 -16.3000002503395 428.49999666214 -17.9999992251396 -39.8649983108044 428.49999666214 -17.9999992251396 -16.3000002503395 0 -17.9999992251396 -43.2714410126209 0 -17.9999992251396 -43.2714410126209 414.900004863739 -17.9999992251396 -16.3000002503395 428.49999666214 -12.8849996253848 -16.3000002503395 0 -12.8849996253848 -16.3000002503395 428.49999666214 -17.9999992251396 -16.3000002503395 0 -12.8849996253848 -16.3000002503395 428.49999666214 -12.8849996253848 -14.4499996677041 0 -12.8849996253848 -14.4499996677041 428.49999666214 -12.8849996253848 -16.3000002503395 0 -12.8849996253848 -14.4499996677041 428.49999666214 -19.4850005209446 -14.4499996677041 0 -19.4850005209446 -14.4499996677041 428.49999666214 -12.8849996253848 -14.4499996677041 0 -23.4500002115965 -44.7649993002415 414.900004863739 -19.4850005209446 -44.7649993002415 0 -31.9849997758865 -44.7649993002415 0 -30.4499994963408 -44.7649993002415 423.500001430511 -23.4500002115965 -44.7649993002415 423.500001430511 -31.9849997758865 -44.7649993002415 428.49999666214 -30.4499994963408 -44.7649993002415 428.49999666214 -19.4850005209446 -44.7649993002415 414.900004863739 -31.8046696484089 -48.2059270143509 0 -31.9849997758865 -44.7649993002415 428.49999666214 -31.9849997758865 -44.7649993002415 0 -31.8046696484089 -48.2059270143509 428.49999666214 -30.4499994963408 -48.1349304318428 423.500001430511 -30.3067248314619 -48.1274239718914 0 -30.3067248314619 -48.1274239718914 423.500001430511 -31.8046696484089 -48.2059270143509 428.49999666214 -31.8046696484089 -48.2059270143509 0 -30.4499994963408 -48.1349304318428 428.49999666214 -30.4051153361797 -46.2500005960464 423.500001430511 -30.3067248314619 -48.1274239718914 0 -30.4051153361797 -46.2500005960464 0 -30.3067248314619 -48.1274239718914 423.500001430511 -15.650000423193 -46.2500005960464 414.900004863739 -20.0849995017052 -46.2500005960464 3.00000002607703 -13.399999588728 -46.2500005960464 428.49999666214 -27.9849991202354 -46.2500005960464 3.00000002607703 -30.4051153361797 -46.2500005960464 0 -27.9849991202354 -46.2500005960464 0 -23.4500002115965 -46.2500005960464 414.900004863739 -30.4051153361797 -46.2500005960464 423.500001430511 -13.399999588728 -46.2500005960464 0 -15.650000423193 -46.2500005960464 428.49999666214 -23.4500002115965 -46.2500005960464 423.500001430511 -20.0849995017052 -46.2500005960464 1.22985151435838E-15 -15.650000423193 -46.2500005960464 428.49999666214 -13.399999588728 -43.3918982744217 428.49999666214 -15.650000423193 -43.3329790830612 428.49999666214 -13.399999588728 -46.2500005960464 428.49999666214 -13.399999588728 -46.2500005960464 0 -17.9999992251396 -43.2714410126209 0 -13.399999588728 -43.3918982744217 0 -31.9849997758865 -44.7649993002415 0 -27.9849991202354 -46.2500005960464 0 -30.4051153361797 -46.2500005960464 0 -12.8849996253848 -14.4499996677041 0 -17.9999992251396 -16.3000002503395 0 -19.4850005209446 -14.4499996677041 0 -31.8046696484089 -48.2059270143509 0 -12.8849996253848 -16.3000002503395 0 -19.4850005209446 -44.7649993002415 0 -20.0849995017052 -46.2500005960464 1.22985151435838E-15 -26.5814140439034 -49.260001629591 1.62764215394725E-15 -21.4885864406824 -49.260001629591 1.31579640718325E-15 -30.3067248314619 -48.1274239718914 0 -20.0849995017052 -46.2500005960464 3.00000002607703 -21.4885864406824 -49.260001629591 1.31579640718325E-15 -20.0849995017052 -46.2500005960464 1.22985151435838E-15 -21.4885864406824 -49.260001629591 3.00000002607703 -27.9849991202354 -46.2500005960464 0 -26.5814140439034 -49.260001629591 3.00000002607703 -27.9849991202354 -46.2500005960464 3.00000002607703 -26.5814140439034 -49.260001629591 1.62764215394725E-15 -26.5814140439034 -49.260001629591 1.62764215394725E-15 -21.4885864406824 -49.260001629591 3.00000002607703 -26.5814140439034 -49.260001629591 3.00000002607703 -21.4885864406824 -49.260001629591 1.31579640718325E-15 -21.4885864406824 -49.260001629591 3.00000002607703 -27.9849991202354 -46.2500005960464 3.00000002607703 -26.5814140439034 -49.260001629591 3.00000002607703 -20.0849995017052 -46.2500005960464 3.00000002607703</float_array><technique_common><accessor count="284" source="#bau0127841492-1-mesh-positions-array" stride="3"><param name="X" type="float" /><param name="Y" type="float" /><param name="Z" type="float" /></accessor></technique_common></source><source id="bau0127841492-1-mesh-normals"><float_array id="bau0127841492-1-mesh-normals-array" count="852">0 1 0 0 1 0 0 1 0 0 1 0 0 1 0 0 1 0 0 1 0 0 1 0 0 1 0 0 1 0 0 1 0 0 1 0 0 1 0 0 1 0 0 1 0 0 1 0 0 1 0 0 1 0 0 1 0 0 0 -1 0 0 -1 0 0 -1 0 0 -1 0 0 -1 0 0 -1 0 0 -1 0 0 -1 0 0 -1 0 0 -1 -1 0 0 -1 0 0 -1 0 0 -1 0 0 -1 0 0 -1 0 0 -1 0 0 -1 0 0 0 0 -1 0 0 -1 0 0 -1 0 0 -1 0 0 -1 0 0 -1 0 0 -1 0 0 -1 0 0 -1 0 0 -1 0 0 -1 0 0 -1 0 0 -1 0 0 -1 -1 0 0 -1 0 0 -1 0 0 -1 0 0 -1 0 0 -1 0 0 -1 0 0 -1 0 0 1 1.28634089434513E-16 0 1 1.28634089434513E-16 0 1 1.28634089434513E-16 0 1 1.28634089434513E-16 0 1 1.28634089434513E-16 0 1 1.28634089434513E-16 0 1 1.28634089434513E-16 0 1 1.28634089434513E-16 0 0 0 1 0 0 1 0 0 1 0 0 1 -0.972936570644379 0 0.231072425842285 -0.972936570644379 0 0.231072425842285 -0.972936570644379 0 0.231072425842285 -0.972936570644379 0 0.231072425842285 -0.689655184745789 0 0.724137902259827 -0.689655184745789 0 0.724137902259827 -0.689655184745789 0 0.724137902259827 -0.689655184745789 0 0.724137902259827 0.97415554523468 0 0.225878238677979 0.97415554523468 0 0.225878238677979 0.97415554523468 0 0.225878238677979 0.97415554523468 0 0.225878238677979 0 -1 0 0 -1 0 0 -1 0 0 -1 0 0 -1 0 0 -1 0 0 -1 0 0 -1 0 0 -1 0 3.00669930034143E-15 0.902554094791412 -0.43057644367218 4.47594443944038E-15 0.767556965351105 -0.64098072052002 4.47594443944038E-15 0.767556965351105 -0.64098072052002 3.00669930034143E-15 0.902554094791412 -0.43057644367218 1.34955271326745E-15 0.98114687204361 -0.19326363503933 1.34955271326745E-15 0.98114687204361 -0.19326363503933 -3.91932997304201E-16 0.998423635959625 0.0561270378530025 -2.10892526789834E-15 0.953304708003998 0.302010089159012 -3.91932997304201E-16 0.998423635959625 0.0561270378530025 -3.69412201769634E-15 0.848609805107117 0.529019296169281 -2.10892526789834E-15 0.953304708003998 0.302010089159012 -3.69412201769634E-15 0.848609805107117 0.529019296169281 -3.69412201769634E-15 0.848609805107117 0.529019296169281 -3.69412201769634E-15 0.848609805107117 0.529019296169281 -3.69412201769634E-15 0.848609805107117 0.529019296169281 -3.69412201769634E-15 0.848609805107117 0.529019296169281 -5.66577882022854E-15 0.584530472755432 0.811371743679047 -5.66577882022854E-15 0.584530472755432 0.811371743679047 -5.66577882022854E-15 0.584530472755432 0.811371743679047 -5.66577882022854E-15 0.584530472755432 0.811371743679047 6.98296248705403E-15 0 -1 6.98296248705403E-15 0 -1 6.98296248705403E-15 0 -1 6.98296248705403E-15 0 -1 6.16628508304695E-15 0.469284296035767 -0.883047163486481 6.16628508304695E-15 0.469284296035767 -0.883047163486481 6.16628508304695E-15 0.469284296035767 -0.883047163486481 6.16628508304695E-15 0.469284296035767 -0.883047163486481 5.42206668899627E-15 0.630153238773346 -0.77647078037262 6.16628508304695E-15 0.469284296035767 -0.883047163486481 6.16628508304695E-15 0.469284296035767 -0.883047163486481 5.42206668899627E-15 0.630153238773346 -0.77647078037262 4.47594443944038E-15 0.767556965351105 -0.64098072052002 4.47594443944038E-15 0.767556965351105 -0.64098072052002 1 0 6.98296248705403E-15 1 0 6.98296248705403E-15 1 0 6.98296248705403E-15 1 0 6.98296248705403E-15 1 0 6.98296248705403E-15 1 0 6.98296248705403E-15 1 0 6.98296248705403E-15 1 0 6.98296248705403E-15 1 0 6.98296248705403E-15 1 0 6.98296248705403E-15 1 0 6.98296248705403E-15 1 0 6.98296248705403E-15 -1 0 -6.98296248705403E-15 -1 0 -6.98296248705403E-15 -1 0 -6.98296248705403E-15 -1 0 -6.98296248705403E-15 -1 0 -6.98296248705403E-15 -1 0 -6.98296248705403E-15 -1 0 -6.98296248705403E-15 -1 0 -6.98296248705403E-15 -1 0 -6.98296248705403E-15 -1 0 -6.98296248705403E-15 -1 0 -6.98296248705403E-15 -1 0 -6.98296248705403E-15 -6.04742306714113E-15 0.5 0.866025388240814 -6.04742306714113E-15 0.5 0.866025388240814 -6.04742306714113E-15 0.5 0.866025388240814 -6.04742306714113E-15 0.5 0.866025388240814 -6.98296248705403E-15 0 1 -6.98296248705403E-15 0 1 -6.98296248705403E-15 0 1 -6.98296248705403E-15 0 1 -1.30956856575391E-29 1 1.87537668500017E-15 -1.30956856575391E-29 1 1.87537668500017E-15 -1.30956856575391E-29 1 1.87537668500017E-15 -1.30956856575391E-29 1 1.87537668500017E-15 -1 0 -7.1074170379941E-15 -1 0 -7.1074170379941E-15 -1 0 -7.1074170379941E-15 -1 0 -7.1074170379941E-15 -1 0 -7.1074170379941E-15 -1 0 0 -1 0 0 -1 0 0 -1 0 0 -1 0 0 -1 0 0 -1 0 0 -1 0 0 -1 0 0 0 0 1 0 0 1 0 0 1 0 0 1 0 0 1 0 0 1 0 0 1 0 0 1 0 0 1 0 0 1 1 0 0 1 0 0 1 0 0 1 0 0 0.0261769481003284 0.999657332897186 0 0.0261769481003284 0.999657332897186 0 0.0261769481003284 0.999657332897186 0 0.0261769481003284 0.999657332897186 0 0.0261769481003284 0.999657332897186 0 0.0261769481003284 0.999657332897186 0 1 1.28634089434513E-16 0 1 1.28634089434513E-16 0 1 1.28634089434513E-16 0 1 1.28634089434513E-16 0 1 1.28634089434513E-16 0 1 1.28634089434513E-16 0 -6.78288737568193E-16 -1 0 -6.78288737568193E-16 -1 0 -6.78288737568193E-16 -1 0 -6.78288737568193E-16 -1 0 1 0 0 1 0 0 1 0 0 1 0 0 0 1 0 0 1 0 0 1 0 0 1 0 -5.55111512312578E-16 1 0 -5.55111512312578E-16 1 0 -5.55111512312578E-16 1 0 -5.55111512312578E-16 1 0 -5.55111512312578E-16 1 0 -5.55111512312578E-16 1 0 -5.55111512312578E-16 1 0 -5.55111512312578E-16 1 0 -0.998629510402679 -0.0523359552025795 0 -0.998629510402679 -0.0523359552025795 0 -0.998629510402679 -0.0523359552025795 0 -0.998629510402679 -0.0523359552025795 0 0.0523359552025795 -0.998629510402679 0 0.0523359552025795 -0.998629510402679 0 0.0523359552025795 -0.998629510402679 0 0.0523359552025795 -0.998629510402679 0 0.0523359552025795 -0.998629510402679 0 0.0523359552025795 -0.998629510402679 0 0.998629510402679 0.0523359552025795 0 0.998629510402679 0.0523359552025795 0 0.998629510402679 0.0523359552025795 0 0.998629510402679 0.0523359552025795 0 -4.080474285488E-16 -1 0 -4.080474285488E-16 -1 0 -4.080474285488E-16 -1 0 -4.080474285488E-16 -1 0 -4.080474285488E-16 -1 0 -4.080474285488E-16 -1 0 -4.080474285488E-16 -1 0 -4.080474285488E-16 -1 0 -4.080474285488E-16 -1 0 -4.080474285488E-16 -1 0 -4.080474285488E-16 -1 0 -4.080474285488E-16 -1 0 0 0 1 0 0 1 0 0 1 0 0 1 0 0 -1 0 0 -1 0 0 -1 0 0 -1 0 0 -1 0 0 -1 0 0 -1 0 0 -1 0 0 -1 0 0 -1 0 0 -1 0 0 -1 0 0 -1 0 0 -1 0 0 -1 0 0 -1 0.906307816505432 -0.422618269920349 -5.54953454641132E-17 0.906307816505432 -0.422618269920349 -5.54953454641132E-17 0.906307816505432 -0.422618269920349 -5.54953454641132E-17 0.906307816505432 -0.422618269920349 -5.54953454641132E-17 -0.906307816505432 -0.422618269920349 5.54953454641132E-17 -0.906307816505432 -0.422618269920349 5.54953454641132E-17 -0.906307816505432 -0.422618269920349 5.54953454641132E-17 -0.906307816505432 -0.422618269920349 5.54953454641132E-17 0 -1 0 0 -1 0 0 -1 0 0 -1 0 6.12323426292584E-17 -5.44007324490634E-32 1 6.12323426292584E-17 -5.44007324490634E-32 1 6.12323426292584E-17 -5.44007324490634E-32 1 6.12323426292584E-17 -5.44007324490634E-32 1</float_array><technique_common><accessor count="284" source="#bau0127841492-1-mesh-normals-array" stride="3"><param name="X" type="float" /><param name="Y" type="float" /><param name="Z" type="float" /></accessor></technique_common></source><vertices id="bau0127841492-1-mesh-vertices"><input semantic="POSITION" source="#bau0127841492-1-mesh-positions" /></vertices><triangles count="115" material="__5-ks-dunkelgrau-material"><input offset="0" semantic="VERTEX" source="#bau0127841492-1-mesh-vertices" /><input offset="1" semantic="NORMAL" source="#bau0127841492-1-mesh-normals" /><p>0 0 1 1 2 2 3 3 4 4 5 5 1 1 0 0 4 4 6 6 4 4 7 7 8 8 9 9 10 10 4 4 6 6 5 5 1 1 11 11 12 12 10 10 9 9 13 13 13 13 14 14 15 15 11 11 1 1 3 3 3 3 10 10 13 13 14 14 13 13 9 9 10 10 3 3 5 5 4 4 3 3 1 1 8 8 7 7 16 16 12 12 17 17 1 1 7 7 8 8 6 6 9 9 8 8 16 16 17 17 12 12 18 18 19 19 20 20 21 21 20 20 19 19 22 22 23 23 24 24 25 25 24 24 23 23 26 26 24 24 27 27 28 28 27 27 24 24 26 26 29 29 30 30 31 31 30 30 29 29 32 32 33 33 34 34 35 35 34 34 33 33 36 36 37 37 38 38 39 39 38 38 37 37 40 40 41 41 42 42 43 43 44 44 42 42 45 45 42 42 44 44 46 46 42 42 41 41 45 45 47 47 48 48 49 49 48 48 47 47 50 50 51 51 52 52 53 53 52 52 54 54 55 55 54 54 52 52 56 56 57 57 53 53 58 58 53 53 57 57 51 51 52 52 51 51 56 56 59 59 60 60 61 61 62 62 63 63 64 64 60 60 59 59 65 65 60 60 64 64 63 63 64 64 60 60 65 65 63 63 62 62 66 66 67 67 68 68 69 69 68 68 67 67 70 70 71 71 72 72 73 73 72 72 71 71 74 74 75 75 76 76 77 77 76 76 75 75 78 78 79 79 80 80 81 81 80 80 79 79 82 82 83 83 84 84 85 85 84 84 86 86 87 87 88 88 89 89 84 84 84 84 83 83 88 88 90 90 88 88 91 91 86 86 84 84 89 89 88 88 90 90 89 89 92 92 93 93 94 94 95 95 96 96 97 97 98 98 97 97 96 96 99 99 100 100 98 98 101 101 102 102 99 99 100 100 99 99 102 102 93 93 92 92 95 95 96 96 95 95 92 92 102 102 101 101 103 103 97 97 98 98 100 100 104 104 105 105 106 106 105 105 104 104 107 107 108 108 109 109 110 110 109 109 108 108 111 111 112 112 113 113 114 114 113 113 112 112 115 115 116 116 117 117 118 118 117 117 116 116 119 119 120 120 121 121 122 122 121 121 120 120 123 123 123 123 124 124 125 125 124 124 123 123 120 120 126 126 127 127 128 128 127 127 129 129 130 130 129 129 127 127 126 126 131 131 130 130 132 132 133 133 134 134 135 135 135 135 136 136 133 133 136 136 135 135 137 137 130 130 131 131 127 127 128 128 127 127 133 133 134 134 133 133 127 127 138 138 139 139 140 140 141 141 142 142 143 143 144 144 143 143 142 142 143 143 144 144 145 145 146 146 138 138 147 147 142 142 141 141 138 138 138 138 140 140 142 142 138 138 146 146 139 139 147 147 148 148 149 149 148 148 147 147 138 138 150 150 151 151 152 152 151 151 150 150 153 153 154 154 155 155 156 156 155 155 154 154 157 157 158 158 159 159 160 160 159 159 158 158 161 161 162 162 163 163 164 164 162 162 165 165 163 163 165 165 162 162 166 166</p></triangles><triangles count="77" material="ZincPlated-material"><input offset="0" semantic="VERTEX" source="#bau0127841492-1-mesh-vertices" /><input offset="1" semantic="NORMAL" source="#bau0127841492-1-mesh-normals" /><p>167 167 168 168 169 169 170 170 171 171 172 172 170 170 173 173 174 174 169 169 168 168 173 173 171 171 170 170 174 174 173 173 170 170 169 169 168 168 167 167 175 175 176 176 177 177 178 178 177 177 176 176 179 179 180 180 181 181 182 182 181 181 180 180 183 183 180 180 184 184 183 183 184 184 180 180 185 185 186 186 187 187 188 188 187 187 186 186 189 189 190 190 191 191 192 192 193 193 190 190 194 194 191 191 190 190 195 195 190 190 193 193 195 195 196 196 197 197 198 198 197 197 196 196 199 199 200 200 196 196 201 201 196 196 200 200 199 199 202 202 203 203 204 204 203 203 202 202 205 205 206 206 207 207 208 208 207 207 206 206 209 209 210 210 211 211 212 212 211 211 210 210 213 213 214 214 215 215 216 216 214 214 217 217 218 218 217 217 219 219 220 220 215 215 214 214 221 221 216 216 217 217 214 214 217 217 216 216 219 219 222 222 223 223 224 224 223 223 222 222 225 225 226 226 227 227 228 228 226 226 229 229 230 230 227 227 226 226 230 230 229 229 226 226 231 231 232 232 233 233 234 234 233 233 232 232 235 235 236 236 237 237 238 238 237 237 236 236 239 239 239 239 240 240 241 241 242 242 243 243 240 240 240 240 239 239 242 242 237 237 244 244 238 238 236 236 238 238 245 245 243 243 242 242 246 246 244 244 237 237 247 247 239 239 236 236 242 242 248 248 249 249 250 250 249 249 248 248 251 251 252 252 253 253 254 254 255 255 256 256 257 257 258 258 259 259 260 260 257 257 261 261 255 255 259 259 258 258 262 262 263 263 264 264 255 255 263 263 259 259 253 253 264 264 263 263 252 252 264 264 265 265 256 256 259 259 263 263 260 260 253 253 252 252 263 263 265 265 264 264 266 266 256 256 255 255 264 264 261 261 257 257 267 267 268 268 269 269 270 270 269 269 268 268 271 271 272 272 273 273 274 274 273 273 272 272 275 275 276 276 277 277 278 278 277 277 276 276 279 279 280 280 281 281 282 282 281 281 280 280 283 283</p></triangles></mesh></geometry><geometry id="bau0127899578-1-mesh" name="bau0127899578-1"><mesh><source id="bau0127899578-1-mesh-positions"><float_array id="bau0127899578-1-mesh-positions-array" count="1122">-21.8349993228912 -9.15000028908253 483.700007200241 -11.6849998012185 -9.20000020414591 483.700007200241 -21.7850003391504 -9.20000020414591 483.700007200241 -22.2896970808506 -9.26644448190928 483.700007200241 -23.73499982059 -29.449999332428 483.700007200241 -23.8349996507168 -11.1499996855855 483.700007200241 -23.73499982059 -11.1499996855855 483.700007200241 -22.3526377230883 -9.21814795583487 483.700007200241 -22.7600000798702 -9.46125015616417 483.700007200241 -22.834999486804 -9.41794924438 483.700007200241 -10.584999807179 -9.41794924438 483.700007200241 -10.3061413392425 -9.77114215493202 483.700007200241 -10.7100000604987 -9.46125015616417 483.700007200241 -23.2492126524448 -9.73578635603189 483.700007200241 -23.4737489372492 -10.1749999448657 483.700007200241 -23.5670506954193 -10.1500004529953 483.700007200241 -9.85294952988625 -10.1500004529953 483.700007200241 -9.80144459754229 -10.6453029438853 483.700007200241 -9.99625027179718 -10.1749999448657 483.700007200241 -23.1638588011265 -9.77114215493202 483.700007200241 -23.6685555428267 -10.6453029438853 483.700007200241 -23.7668510526419 -10.632362216711 483.700007200241 -9.65314824134111 -10.632362216711 483.700007200241 -9.73500031977892 -11.1499996855855 483.700007200241 -10.1707866415381 -9.73578635603189 483.700007200241 -11.0673615708947 -9.21814795583487 483.700007200241 -11.1803030595183 -9.26644448190928 483.700007200241 -9.5849996432662 -35.1999998092651 483.700007200241 -9.73500031977892 -35.1999998092651 483.700007200241 -11.5849999710917 -9.15000028908253 483.700007200241 -23.8349996507168 -29.449999332428 483.700007200241 -9.5849996432662 -11.1499996855855 483.700007200241 -12.2349997982383 -23.592846468091 485.000014305115 -23.8349996507168 -11.1499996855855 485.000014305115 -23.8349996507168 -27.8320498764515 485.000014305115 -9.85294952988625 -10.1500004529953 485.000014305115 -12.2349997982383 -14.3574513494968 485.000014305115 -9.65314824134111 -10.632362216711 485.000014305115 -10.1707866415381 -9.73578635603189 485.000014305115 -23.2492126524448 -9.73578635603189 485.000014305115 -22.834999486804 -9.41794924438 485.000014305115 -11.5849999710917 -9.15000028908253 485.000014305115 -21.8349993228912 -9.15000028908253 485.000014305115 -9.5849996432662 -27.8320498764515 485.000014305115 -9.5849996432662 -23.592846468091 485.000014305115 -23.7668510526419 -10.632362216711 485.000014305115 -11.0673615708947 -9.21814795583487 485.000014305115 -22.3526377230883 -9.21814795583487 485.000014305115 -10.584999807179 -9.41794924438 485.000014305115 -9.5849996432662 -11.1499996855855 485.000014305115 -9.5849996432662 -14.3574513494968 485.000014305115 -23.5670506954193 -10.1500004529953 485.000014305115 -9.61758475750685 -42.1513170003891 486.000001430511 -9.5849996432662 -41.8981201946735 479.999989271164 -9.5849996432662 -41.8981201946735 486.000001430511 -9.71321575343609 -42.3880107700825 486.000001430511 -9.61758475750685 -42.1513170003891 479.999989271164 -9.8656602203846 -42.592778801918 486.000001430511 -9.71321575343609 -42.3880107700825 479.999989271164 -10.064983740449 -42.7522771060467 486.000001430511 -9.8656602203846 -42.592778801918 479.999989271164 -10.298197157681 -42.8561083972454 486.000001430511 -10.064983740449 -42.7522771060467 479.999989271164 -10.5501003563404 -42.8975112736225 486.000001430511 -10.298197157681 -42.8561083972454 479.999989271164 -10.5501003563404 -42.8975112736225 479.999989271164 -9.5849996432662 -27.8320498764515 486.000001430511 -9.5849996432662 -35.1999998092651 483.700007200241 -9.5849996432662 -27.8320498764515 485.000014305115 -9.5849996432662 -14.3574513494968 486.000001430511 -9.5849996432662 -23.592846468091 485.000014305115 -9.5849996432662 -14.3574513494968 485.000014305115 -9.5849996432662 -11.1499996855855 483.700007200241 -9.5849996432662 -41.8981201946735 479.999989271164 -9.5849996432662 -41.8981201946735 486.000001430511 -9.5849996432662 -11.1499996855855 485.000014305115 -9.5849996432662 -23.592846468091 486.000001430511 -9.5849996432662 -35.1999998092651 479.999989271164 -11.5849999710917 -9.15000028908253 483.700007200241 -11.0673615708947 -9.21814795583487 485.000014305115 -11.0673615708947 -9.21814795583487 483.700007200241 -10.584999807179 -9.41794924438 485.000014305115 -10.584999807179 -9.41794924438 483.700007200241 -11.5849999710917 -9.15000028908253 485.000014305115 -10.1707866415381 -9.73578635603189 485.000014305115 -10.1707866415381 -9.73578635603189 483.700007200241 -9.85294952988625 -10.1500004529953 485.000014305115 -9.85294952988625 -10.1500004529953 483.700007200241 -9.65314824134111 -10.632362216711 483.700007200241 -9.5849996432662 -11.1499996855855 485.000014305115 -9.5849996432662 -11.1499996855855 483.700007200241 -9.65314824134111 -10.632362216711 485.000014305115 -21.8349993228912 -9.15000028908253 483.700007200241 -11.5849999710917 -9.15000028908253 485.000014305115 -11.5849999710917 -9.15000028908253 483.700007200241 -21.8349993228912 -9.15000028908253 485.000014305115 -23.2492126524448 -9.73578635603189 485.000014305115 -23.5670506954193 -10.1500004529953 483.700007200241 -23.5670506954193 -10.1500004529953 485.000014305115 -22.834999486804 -9.41794924438 485.000014305115 -23.2492126524448 -9.73578635603189 483.700007200241 -22.3526377230883 -9.21814795583487 485.000014305115 -22.834999486804 -9.41794924438 483.700007200241 -22.3526377230883 -9.21814795583487 483.700007200241 -21.8349993228912 -9.15000028908253 485.000014305115 -21.8349993228912 -9.15000028908253 483.700007200241 -23.7668510526419 -10.632362216711 485.000014305115 -23.8349996507168 -11.1499996855855 483.700007200241 -23.8349996507168 -11.1499996855855 485.000014305115 -23.7668510526419 -10.632362216711 483.700007200241 -23.8349996507168 -36.9499996304512 469.85000371933 -23.8349996507168 -31.9500006735325 473.349988460541 -23.8349996507168 -29.449999332428 469.85000371933 -23.8349996507168 -27.8320498764515 485.000014305115 -23.8349996507168 -31.9500006735325 486.000001430511 -23.8349996507168 -27.8320498764515 486.000001430511 -23.8349996507168 -29.449999332428 483.700007200241 -23.8349996507168 -36.9499996304512 473.349988460541 -23.8349996507168 -11.1499996855855 483.700007200241 -23.8349996507168 -11.1499996855855 485.000014305115 -19.0350003540516 -31.9500006735325 483.700007200241 -23.8349996507168 -31.9500006735325 473.349988460541 -19.0350003540516 -31.9500006735325 473.349988460541 -18.9568717032671 -31.9500006735325 486.000001430511 -18.9568717032671 -31.9500006735325 483.700007200241 -23.8349996507168 -31.9500006735325 486.000001430511 -14.9168018251657 -43.0499985814095 479.999989271164 -17.7739672362804 -35.1999998092651 483.700007200241 -17.7739672362804 -35.1999998092651 479.999989271164 -18.9568717032671 -31.9500006735325 486.000001430511 -14.9168018251657 -43.0499985814095 486.000001430511 -18.9568717032671 -31.9500006735325 483.700007200241 -10.5501003563404 -42.8975112736225 486.000001430511 -14.9168018251657 -43.0499985814095 479.999989271164 -10.5501003563404 -42.8975112736225 479.999989271164 -14.9168018251657 -43.0499985814095 486.000001430511 -12.2349997982383 -14.3574513494968 485.000014305115 -9.5849996432662 -14.3574513494968 486.000001430511 -9.5849996432662 -14.3574513494968 485.000014305115 -12.2349997982383 -14.3574513494968 486.000001430511 -12.2349997982383 -14.3574513494968 486.000001430511 -12.2349997982383 -23.592846468091 485.000014305115 -12.2349997982383 -23.592846468091 486.000001430511 -12.2349997982383 -14.3574513494968 485.000014305115 -9.5849996432662 -23.592846468091 485.000014305115 -12.2349997982383 -23.592846468091 486.000001430511 -12.2349997982383 -23.592846468091 485.000014305115 -9.5849996432662 -23.592846468091 486.000001430511 -9.5849996432662 -14.3574513494968 486.000001430511 -12.2349997982383 -23.592846468091 486.000001430511 -9.5849996432662 -23.592846468091 486.000001430511 -12.2349997982383 -14.3574513494968 486.000001430511 -23.8349996507168 -27.8320498764515 485.000014305115 -9.5849996432662 -27.8320498764515 486.000001430511 -9.5849996432662 -27.8320498764515 485.000014305115 -23.8349996507168 -27.8320498764515 486.000001430511 -14.9168018251657 -43.0499985814095 486.000001430511 -9.5849996432662 -27.8320498764515 486.000001430511 -18.9568717032671 -31.9500006735325 486.000001430511 -10.064983740449 -42.7522771060467 486.000001430511 -10.5501003563404 -42.8975112736225 486.000001430511 -10.298197157681 -42.8561083972454 486.000001430511 -9.5849996432662 -41.8981201946735 486.000001430511 -23.8349996507168 -27.8320498764515 486.000001430511 -23.8349996507168 -31.9500006735325 486.000001430511 -9.71321575343609 -42.3880107700825 486.000001430511 -9.61758475750685 -42.1513170003891 486.000001430511 -9.8656602203846 -42.592778801918 486.000001430511 -13.2349999621511 -9.20000020414591 462.700009346008 -13.2349999621511 -7.19999987632036 455.50000667572 -13.2349999621511 -7.19999987632036 462.700009346008 -13.2349999621511 -9.20000020414591 455.50000667572 -20.2350001782179 -7.19999987632036 455.50000667572 -13.2349999621511 -9.20000020414591 455.50000667572 -20.2350001782179 -9.20000020414591 455.50000667572 -13.2349999621511 -7.19999987632036 455.50000667572 -20.2350001782179 -7.19999987632036 462.700009346008 -20.2350001782179 -9.20000020414591 455.50000667572 -20.2350001782179 -9.20000020414591 462.700009346008 -20.2350001782179 -7.19999987632036 455.50000667572 -20.2350001782179 -7.19999987632036 462.700009346008 -13.2349999621511 -9.20000020414591 462.700009346008 -13.2349999621511 -7.19999987632036 462.700009346008 -20.2350001782179 -9.20000020414591 462.700009346008 -20.2350001782179 -7.19999987632036 462.700009346008 -13.2349999621511 -7.19999987632036 455.50000667572 -20.2350001782179 -7.19999987632036 455.50000667572 -13.2349999621511 -7.19999987632036 462.700009346008 -10.298197157681 -42.8561083972454 479.999989271164 -9.73500031977892 -35.1999998092651 479.999989271164 -10.064983740449 -42.7522771060467 479.999989271164 -9.71321575343609 -42.3880107700825 479.999989271164 -9.5849996432662 -41.8981201946735 479.999989271164 -9.61758475750685 -42.1513170003891 479.999989271164 -9.8656602203846 -42.592778801918 479.999989271164 -10.5501003563404 -42.8975112736225 479.999989271164 -14.9168018251657 -43.0499985814095 479.999989271164 -9.5849996432662 -35.1999998092651 479.999989271164 -17.7739672362804 -35.1999998092651 479.999989271164 -19.0350003540516 -35.1999998092651 469.85000371933 -19.0350003540516 -36.9499996304512 473.349988460541 -19.0350003540516 -36.9499996304512 469.85000371933 -19.0350003540516 -35.1999998092651 473.349988460541 -23.73499982059 -29.449999332428 469.85000371933 -19.0350003540516 -35.1999998092651 469.85000371933 -23.8349996507168 -36.9499996304512 469.85000371933 -19.0350003540516 -29.449999332428 469.85000371933 -23.8349996507168 -29.449999332428 469.85000371933 -19.0350003540516 -36.9499996304512 469.85000371933 -19.0350003540516 -29.449999332428 0 -23.73499982059 -29.449999332428 469.85000371933 -23.73499982059 -29.449999332428 0 -19.0350003540516 -29.449999332428 469.85000371933 -19.0350003540516 -31.9500006735325 473.349988460541 -19.0350003540516 -35.1999998092651 483.700007200241 -19.0350003540516 -31.9500006735325 483.700007200241 -19.0350003540516 -35.1999998092651 473.349988460541 -19.0350003540516 -29.449999332428 0 -19.0350003540516 -35.1999998092651 469.85000371933 -19.0350003540516 -29.449999332428 469.85000371933 -19.0350003540516 -35.1999998092651 0 -17.7739672362804 -35.1999998092651 479.999989271164 -19.0350003540516 -35.1999998092651 483.700007200241 -19.0350003540516 -35.1999998092651 473.349988460541 -9.73500031977892 -35.1999998092651 479.999989271164 -19.0350003540516 -35.1999998092651 469.85000371933 -9.73500031977892 -35.1999998092651 0 -19.0350003540516 -35.1999998092651 0 -17.7739672362804 -35.1999998092651 483.700007200241 -12.4850003048778 -9.20000020414591 314.500004053116 -11.6849998012185 -9.20000020414591 483.700007200241 -11.6849998012185 -9.20000020414591 0 -12.4000003561378 -9.20000020414591 27.4999998509884 -20.1849993318319 -9.20000020414591 314.500004053116 -14.2000000923872 -9.20000020414591 27.4999998509884 -21.7850003391504 -9.20000020414591 0 -20.2350001782179 -9.20000020414591 462.700009346008 -21.7850003391504 -9.20000020414591 483.700007200241 -20.1849993318319 -9.20000020414591 364.499986171722 -13.2349999621511 -9.20000020414591 462.700009346008 -13.2349999621511 -9.20000020414591 455.50000667572 -12.4850003048778 -9.20000020414591 364.499986171722 -20.2350001782179 -9.20000020414591 455.50000667572 -14.2000000923872 -9.20000020414591 0.500000023748726 -12.4000003561378 -9.20000020414591 0.500000023748726 -23.73499982059 -11.1499996855855 483.700007200241 -23.73499982059 -29.449999332428 469.85000371933 -23.73499982059 -29.449999332428 483.700007200241 -23.73499982059 -11.1499996855855 0 -23.73499982059 -29.449999332428 0 -9.73500031977892 -35.1999998092651 479.999989271164 -9.73500031977892 -11.1499996855855 483.700007200241 -9.73500031977892 -35.1999998092651 483.700007200241 -9.73500031977892 -11.1499996855855 0 -9.73500031977892 -35.1999998092651 0 -11.6849998012185 -9.20000020414591 0 -11.1803030595183 -9.26644448190928 483.700007200241 -11.1803030595183 -9.26644448190928 0 -10.7100000604987 -9.46125015616417 483.700007200241 -10.7100000604987 -9.46125015616417 0 -10.3061413392425 -9.77114215493202 483.700007200241 -10.3061413392425 -9.77114215493202 0 -9.99625027179718 -10.1749999448657 483.700007200241 -9.99625027179718 -10.1749999448657 0 -9.80144459754229 -10.6453029438853 483.700007200241 -9.80144459754229 -10.6453029438853 0 -9.73500031977892 -11.1499996855855 483.700007200241 -9.73500031977892 -11.1499996855855 0 -11.6849998012185 -9.20000020414591 483.700007200241 -23.73499982059 -11.1499996855855 0 -23.6685555428267 -10.6453029438853 483.700007200241 -23.6685555428267 -10.6453029438853 0 -23.4737489372492 -10.1749999448657 483.700007200241 -23.1638588011265 -9.77114215493202 483.700007200241 -23.4737489372492 -10.1749999448657 0 -23.1638588011265 -9.77114215493202 0 -22.7600000798702 -9.46125015616417 483.700007200241 -22.7600000798702 -9.46125015616417 0 -22.2896970808506 -9.26644448190928 483.700007200241 -22.2896970808506 -9.26644448190928 0 -21.7850003391504 -9.20000020414591 483.700007200241 -21.7850003391504 -9.20000020414591 0 -23.73499982059 -11.1499996855855 483.700007200241 -18.9568717032671 -31.9500006735325 483.700007200241 -19.0350003540516 -35.1999998092651 483.700007200241 -17.7739672362804 -35.1999998092651 483.700007200241 -19.0350003540516 -31.9500006735325 483.700007200241 -19.0350003540516 -29.449999332428 0 -9.80144459754229 -10.6453029438853 0 -9.73500031977892 -11.1499996855855 0 -9.73500031977892 -35.1999998092651 0 -19.0350003540516 -35.1999998092651 0 -21.7850003391504 -9.20000020414591 0 -22.7600000798702 -9.46125015616417 0 -22.2896970808506 -9.26644448190928 0 -23.73499982059 -11.1499996855855 0 -11.6849998012185 -9.20000020414591 0 -9.99625027179718 -10.1749999448657 0 -23.6685555428267 -10.6453029438853 0 -23.4737489372492 -10.1749999448657 0 -11.1803030595183 -9.26644448190928 0 -10.7100000604987 -9.46125015616417 0 -23.1638588011265 -9.77114215493202 0 -10.3061413392425 -9.77114215493202 0 -23.73499982059 -29.449999332428 0 -14.2000000923872 -3.1999999191612 27.4999998509884 -12.4000003561378 -2.89999996311963 47.4999994039536 -14.2000000923872 -2.89999996311963 47.4999994039536 -12.4000003561378 -3.1999999191612 27.4999998509884 -14.2000000923872 0.899999984540045 47.4999994039536 -12.4000003561378 -2.89999996311963 47.4999994039536 -12.4000003561378 0.899999984540045 47.4999994039536 -14.2000000923872 -2.89999996311963 47.4999994039536 -14.2000000923872 0.899999984540045 47.4999994039536 -12.4000003561378 0.899999984540045 0.500000023748726 -14.2000000923872 0.899999984540045 0.500000023748726 -12.4000003561378 0.899999984540045 47.4999994039536 -12.4000003561378 0.899999984540045 0.500000023748726 -14.2000000923872 -9.20000020414591 0.500000023748726 -14.2000000923872 0.899999984540045 0.500000023748726 -12.4000003561378 -9.20000020414591 0.500000023748726 -14.2000000923872 -9.20000020414591 27.4999998509884 -12.4000003561378 -3.1999999191612 27.4999998509884 -14.2000000923872 -3.1999999191612 27.4999998509884 -12.4000003561378 -9.20000020414591 27.4999998509884 -14.2000000923872 -3.1999999191612 27.4999998509884 -14.2000000923872 -9.20000020414591 0.500000023748726 -14.2000000923872 -9.20000020414591 27.4999998509884 -14.2000000923872 0.899999984540045 47.4999994039536 -14.2000000923872 0.899999984540045 0.500000023748726 -14.2000000923872 -2.89999996311963 47.4999994039536 -12.4000003561378 -3.1999999191612 27.4999998509884 -12.4000003561378 -9.20000020414591 0.500000023748726 -12.4000003561378 0.899999984540045 0.500000023748726 -12.4000003561378 -9.20000020414591 27.4999998509884 -12.4000003561378 0.899999984540045 47.4999994039536 -12.4000003561378 -2.89999996311963 47.4999994039536 -12.4850003048778 -8.7500000372529 351.999998092651 -20.1849993318319 -9.20000020414591 364.499986171722 -12.4850003048778 -9.20000020414591 364.499986171722 -20.1849993318319 -8.7500000372529 351.999998092651 -20.1849993318319 -8.7500000372529 351.999998092651 -12.4850003048778 -8.7500000372529 326.999992132187 -20.1849993318319 -8.7500000372529 326.999992132187 -12.4850003048778 -8.7500000372529 351.999998092651 -20.1849993318319 -8.7500000372529 326.999992132187 -12.4850003048778 -9.20000020414591 314.500004053116 -20.1849993318319 -9.20000020414591 314.500004053116 -12.4850003048778 -8.7500000372529 326.999992132187 -20.1849993318319 -9.20000020414591 314.500004053116 -20.1849993318319 -8.7500000372529 351.999998092651 -20.1849993318319 -8.7500000372529 326.999992132187 -20.1849993318319 -9.20000020414591 364.499986171722 -12.4850003048778 -8.7500000372529 351.999998092651 -12.4850003048778 -9.20000020414591 314.500004053116 -12.4850003048778 -8.7500000372529 326.999992132187 -12.4850003048778 -9.20000020414591 364.499986171722 -9.73500031977892 -35.1999998092651 479.999989271164 -9.5849996432662 -35.1999998092651 483.700007200241 -9.5849996432662 -35.1999998092651 479.999989271164 -9.73500031977892 -35.1999998092651 483.700007200241 -23.73499982059 -29.449999332428 483.700007200241 -23.8349996507168 -29.449999332428 469.85000371933 -23.8349996507168 -29.449999332428 483.700007200241 -23.73499982059 -29.449999332428 469.85000371933 -19.0350003540516 -35.1999998092651 473.349988460541 -23.8349996507168 -31.9500006735325 473.349988460541 -23.8349996507168 -36.9499996304512 473.349988460541 -19.0350003540516 -36.9499996304512 473.349988460541 -19.0350003540516 -31.9500006735325 473.349988460541 -19.0350003540516 -36.9499996304512 469.85000371933 -23.8349996507168 -36.9499996304512 473.349988460541 -23.8349996507168 -36.9499996304512 469.85000371933 -19.0350003540516 -36.9499996304512 473.349988460541</float_array><technique_common><accessor count="374" source="#bau0127899578-1-mesh-positions-array" stride="3"><param name="X" type="float" /><param name="Y" type="float" /><param name="Z" type="float" /></accessor></technique_common></source><source id="bau0127899578-1-mesh-normals"><float_array id="bau0127899578-1-mesh-normals-array" count="1122">0 0 -1 0 0 -1 0 0 -1 0 0 -1 0 0 -1 0 0 -1 0 0 -1 0 0 -1 0 0 -1 0 0 -1 0 0 -1 0 0 -1 0 0 -1 0 0 -1 0 0 -1 0 0 -1 0 0 -1 0 0 -1 0 0 -1 0 0 -1 0 0 -1 0 0 -1 0 0 -1 0 0 -1 0 0 -1 0 0 -1 0 0 -1 0 0 -1 0 0 -1 0 0 -1 0 0 -1 0 0 -1 0 0 1 0 0 1 0 0 1 0 0 1 0 0 1 0 0 1 0 0 1 0 0 1 0 0 1 0 0 1 0 0 1 0 0 1 0 0 1 0 0 1 0 0 1 0 0 1 0 0 1 0 0 1 0 0 1 0 0 1 0.9674152135849 -0.25319516658783 0 1 0 0 1 0 0 0.871784389019012 -0.489889711141586 0 0.9674152135849 -0.25319516658783 0 0.719339787960052 -0.694658398628235 0 0.871784389019012 -0.489889711141586 0 0.520016133785248 -0.85415643453598 0 0.719339787960052 -0.694658398628235 0 0.286803245544434 -0.957989513874054 0 0.520016133785248 -0.85415643453598 0 0.0348994955420494 -0.999390840530396 0 0.286803245544434 -0.957989513874054 0 0.0348994955420494 -0.999390840530396 0 1 0 0 1 0 0 1 0 0 1 0 0 1 0 0 1 0 0 1 0 0 1 0 0 1 0 0 1 0 0 1 0 0 1 0 0 0 1 0 0.258819043636322 0.965925812721252 0 0.258819043636322 0.965925812721252 0 0.5 0.866025388240814 0 0.5 0.866025388240814 0 0 1 0 0.70710676908493 0.70710676908493 0 0.70710676908493 0.70710676908493 0 0.866025388240814 0.5 0 0.866025388240814 0.5 0 0.965925812721252 0.258819043636322 0 1 0 0 1 0 0 0.965925812721252 0.258819043636322 0 3.38482624294054E-16 1 0 3.38482624294054E-16 1 0 3.38482624294054E-16 1 0 3.38482624294054E-16 1 0 -0.70710676908493 0.70710676908493 0 -0.866025388240814 0.5 0 -0.866025388240814 0.5 0 -0.5 0.866025388240814 0 -0.70710676908493 0.70710676908493 0 -0.258819043636322 0.965925812721252 0 -0.5 0.866025388240814 0 -0.258819043636322 0.965925812721252 0 0 1 0 0 1 0 -0.965925812721252 0.258819043636322 0 -1 -1.66800335246608E-16 0 -1 -1.66800335246608E-16 0 -0.965925812721252 0.258819043636322 0 -1 -1.66800335246608E-16 0 -1 -1.66800335246608E-16 0 -1 -1.66800335246608E-16 0 -1 -1.66800335246608E-16 0 -1 -1.66800335246608E-16 0 -1 -1.66800335246608E-16 0 -1 -1.66800335246608E-16 0 -1 -1.66800335246608E-16 0 -1 -1.66800335246608E-16 0 -1 -1.66800335246608E-16 0 7.46117600737101E-16 -1 0 7.46117600737101E-16 -1 0 7.46117600737101E-16 -1 0 7.46117600737101E-16 -1 0 7.46117600737101E-16 -1 0 7.46117600737101E-16 -1 0 -0.939692616462708 -0.342020153999329 0 -0.939692616462708 -0.342020153999329 0 -0.939692616462708 -0.342020153999329 0 -0.939692616462708 -0.342020153999329 0 -0.939692616462708 -0.342020153999329 0 -0.939692616462708 -0.342020153999329 0 0.0348994955420494 -0.999390840530396 0 0.0348994955420494 -0.999390840530396 0 0.0348994955420494 -0.999390840530396 0 0.0348994955420494 -0.999390840530396 0 3.38482624294054E-16 1 0 3.38482624294054E-16 1 0 3.38482624294054E-16 1 0 3.38482624294054E-16 1 0 -1 -1.8783425443952E-16 0 -1 -1.8783425443952E-16 0 -1 -1.8783425443952E-16 0 -1 -1.8783425443952E-16 0 0 -1 0 0 -1 0 0 -1 0 0 -1 0 0 0 1 0 0 1 0 0 1 0 0 1 -8.47346561203021E-16 1 0 -8.47346561203021E-16 1 0 -8.47346561203021E-16 1 0 -8.47346561203021E-16 1 0 0 0 1 0 0 1 0 0 1 0 0 1 0 0 1 0 0 1 0 0 1 0 0 1 0 0 1 0 0 1 0 0 1 0 0 1 1 0 -2.40933810225717E-16 1 0 -2.40933810225717E-16 1 0 -2.40933810225717E-16 1 0 -2.40933810225717E-16 0 0 -1 0 0 -1 0 0 -1 0 0 -1 -1 0 0 -1 0 0 -1 0 0 -1 0 0 0 0 1 0 0 1 0 0 1 0 0 1 0 1 0 0 1 0 0 1 0 0 1 0 0 0 -1 0 0 -1 0 0 -1 0 0 -1 0 0 -1 0 0 -1 0 0 -1 0 0 -1 0 0 -1 0 0 -1 0 0 -1 1 0 0 1 0 0 1 0 0 1 0 0 0 0 -1 0 0 -1 0 0 -1 0 0 -1 0 0 -1 0 0 -1 0 -1 0 0 -1 0 0 -1 0 0 -1 0 -1 0 0 -1 0 0 -1 0 0 -1 0 0 -1 0 0 -1 0 0 -1 0 0 -1 0 0 7.46117600737101E-16 -1 0 7.46117600737101E-16 -1 0 7.46117600737101E-16 -1 0 7.46117600737101E-16 -1 0 7.46117600737101E-16 -1 0 7.46117600737101E-16 -1 0 7.46117600737101E-16 -1 0 7.46117600737101E-16 -1 0 -1.71754803008665E-16 1 0 -1.71754803008665E-16 1 0 -1.71754803008665E-16 1 0 -1.71754803008665E-16 1 0 -1.71754803008665E-16 1 0 -1.71754803008665E-16 1 0 -1.71754803008665E-16 1 0 -1.71754803008665E-16 1 0 -1.71754803008665E-16 1 0 -1.71754803008665E-16 1 0 -1.71754803008665E-16 1 0 -1.71754803008665E-16 1 0 -1.71754803008665E-16 1 0 -1.71754803008665E-16 1 0 -1.71754803008665E-16 1 0 -1.71754803008665E-16 1 0 -1 0 0 -1 0 0 -1 0 0 -1 0 0 -1 0 0 1 0 0 1 0 0 1 0 0 1 0 0 1 0 0 0 1 0 0.258819043636322 0.965925812721252 0 0.258819043636322 0.965925812721252 0 0.5 0.866025388240814 0 0.5 0.866025388240814 0 0.70710676908493 0.70710676908493 0 0.70710676908493 0.70710676908493 0 0.866025388240814 0.5 0 0.866025388240814 0.5 0 0.965925812721252 0.258819043636322 0 0.965925812721252 0.258819043636322 0 1 0 0 1 0 0 0 1 0 -1 0 0 -0.965925812721252 0.258819043636322 0 -0.965925812721252 0.258819043636322 0 -0.866025388240814 0.5 0 -0.70710676908493 0.70710676908493 0 -0.866025388240814 0.5 0 -0.70710676908493 0.70710676908493 0 -0.5 0.866025388240814 0 -0.5 0.866025388240814 0 -0.258819043636322 0.965925812721252 0 -0.258819043636322 0.965925812721252 0 0 1 0 0 1 0 -1 0 0 0 0 1 0 0 1 0 0 1 0 0 1 0 0 -1 0 0 -1 0 0 -1 0 0 -1 0 0 -1 0 0 -1 0 0 -1 0 0 -1 0 0 -1 0 0 -1 0 0 -1 0 0 -1 0 0 -1 0 0 -1 0 0 -1 0 0 -1 0 0 -1 0 0 -1 -2.31990598140589E-16 -0.999887526035309 0.0149983130395412 -2.31990598140589E-16 -0.999887526035309 0.0149983130395412 -2.31990598140589E-16 -0.999887526035309 0.0149983130395412 -2.31990598140589E-16 -0.999887526035309 0.0149983130395412 6.12323426292584E-17 -2.79529412178152E-32 1 6.12323426292584E-17 -2.79529412178152E-32 1 6.12323426292584E-17 -2.79529412178152E-32 1 6.12323426292584E-17 -2.79529412178152E-32 1 -1.71754803008665E-16 1 0 -1.71754803008665E-16 1 0 -1.71754803008665E-16 1 0 -1.71754803008665E-16 1 0 -6.12323426292584E-17 -2.36162844210748E-16 -1 -6.12323426292584E-17 -2.36162844210748E-16 -1 -6.12323426292584E-17 -2.36162844210748E-16 -1 -6.12323426292584E-17 -2.36162844210748E-16 -1 6.12323426292584E-17 -2.79529412178152E-32 1 6.12323426292584E-17 -2.79529412178152E-32 1 6.12323426292584E-17 -2.79529412178152E-32 1 6.12323426292584E-17 -2.79529412178152E-32 1 -1 2.89120588152728E-16 -4.33680868994202E-18 -1 2.89120588152728E-16 -4.33680868994202E-18 -1 2.89120588152728E-16 -4.33680868994202E-18 -1 2.89120588152728E-16 -4.33680868994202E-18 -1 2.89120588152728E-16 -4.33680868994202E-18 -1 2.89120588152728E-16 -4.33680868994202E-18 1 -2.89120588152728E-16 4.33680868994202E-18 1 -2.89120588152728E-16 4.33680868994202E-18 1 -2.89120588152728E-16 4.33680868994202E-18 1 -2.89120588152728E-16 4.33680868994202E-18 1 -2.89120588152728E-16 4.33680868994202E-18 1 -2.89120588152728E-16 4.33680868994202E-18 -1.44166357581442E-16 0.999352633953094 0.0359766930341721 -1.44166357581442E-16 0.999352633953094 0.0359766930341721 -1.44166357581442E-16 0.999352633953094 0.0359766930341721 -1.44166357581442E-16 0.999352633953094 0.0359766930341721 0 1 0 0 1 0 0 1 0 0 1 0 -1.44166357581442E-16 0.999352633953094 -0.0359766930341721 -1.44166357581442E-16 0.999352633953094 -0.0359766930341721 -1.44166357581442E-16 0.999352633953094 -0.0359766930341721 -1.44166357581442E-16 0.999352633953094 -0.0359766930341721 -1 0 0 -1 0 0 -1 0 0 -1 0 0 1 0 0 1 0 0 1 0 0 1 0 0 -8.47346561203021E-16 1 0 -8.47346561203021E-16 1 0 -8.47346561203021E-16 1 0 -8.47346561203021E-16 1 0 0 1 0 0 1 0 0 1 0 0 1 0 0 0 1 0 0 1 0 0 1 0 0 1 0 0 1 0 -1 0 0 -1 0 0 -1 0 0 -1 0</float_array><technique_common><accessor count="374" source="#bau0127899578-1-mesh-normals-array" stride="3"><param name="X" type="float" /><param name="Y" type="float" /><param name="Z" type="float" /></accessor></technique_common></source><vertices id="bau0127899578-1-mesh-vertices"><input semantic="POSITION" source="#bau0127899578-1-mesh-positions" /></vertices><triangles count="159" material="__5-ks-dunkelgrau-material"><input offset="0" semantic="VERTEX" source="#bau0127899578-1-mesh-vertices" /><input offset="1" semantic="NORMAL" source="#bau0127899578-1-mesh-normals" /><p>0 0 1 1 2 2 3 3 0 0 2 2 4 4 5 5 6 6 7 7 8 8 9 9 10 10 11 11 12 12 13 13 14 14 15 15 16 16 17 17 18 18 0 0 3 3 7 7 9 9 19 19 13 13 15 15 20 20 21 21 22 22 23 23 17 17 24 24 18 18 11 11 25 25 12 12 26 26 8 8 7 7 3 3 19 19 9 9 8 8 14 14 13 13 19 19 20 20 15 15 14 14 21 21 6 6 5 5 23 23 27 27 28 28 17 17 16 16 22 22 18 18 24 24 16 16 11 11 10 10 24 24 12 12 25 25 10 10 29 29 26 26 1 1 6 6 21 21 20 20 5 5 4 4 30 30 27 27 23 23 31 31 23 23 22 22 31 31 26 26 29 29 25 25 1 1 0 0 29 29 32 32 33 33 34 34 35 35 36 36 37 37 36 36 35 35 38 38 39 39 36 36 40 40 36 36 41 41 42 42 43 43 32 32 34 34 32 32 43 43 44 44 33 33 32 32 36 36 36 36 45 45 33 33 36 36 46 46 41 41 47 47 36 36 42 42 48 48 36 36 38 38 49 49 36 36 50 50 36 36 39 39 51 51 37 37 36 36 49 49 40 40 36 36 47 47 45 45 36 36 51 51 36 36 48 48 46 46 52 52 53 53 54 54 55 55 56 56 52 52 57 57 58 58 55 55 59 59 60 60 57 57 61 61 62 62 59 59 63 63 64 64 61 61 64 64 63 63 65 65 62 62 61 61 64 64 60 60 59 59 62 62 58 58 57 57 60 60 56 56 55 55 58 58 53 53 52 52 56 56 66 66 67 67 68 68 69 69 70 70 71 71 72 72 71 71 70 70 73 73 67 67 74 74 71 71 72 72 75 75 70 70 69 69 76 76 67 67 73 73 77 77 67 67 70 70 68 68 70 70 67 67 72 72 67 67 66 66 74 74 78 78 79 79 80 80 80 80 81 81 82 82 79 79 78 78 83 83 82 82 84 84 85 85 85 85 86 86 87 87 88 88 89 89 90 90 89 89 88 88 91 91 91 91 87 87 86 86 86 86 85 85 84 84 84 84 82 82 81 81 81 81 80 80 79 79 87 87 91 91 88 88 92 92 93 93 94 94 93 93 92 92 95 95 96 96 97 97 98 98 99 99 100 100 96 96 101 101 102 102 99 99 103 103 104 104 105 105 104 104 103 103 101 101 106 106 107 107 108 108 98 98 109 109 106 106 102 102 101 101 103 103 100 100 99 99 102 102 97 97 96 96 100 100 109 109 98 98 97 97 107 107 106 106 109 109 110 110 111 111 112 112 113 113 114 114 115 115 114 114 113 113 116 116 111 111 110 110 117 117 111 111 116 116 112 112 118 118 113 113 119 119 116 116 111 111 114 114 113 113 118 118 116 116 120 120 121 121 122 122 123 123 120 120 124 124 121 121 120 120 125 125 120 120 123 123 125 125 126 126 127 127 128 128 129 129 127 127 130 130 127 127 129 129 131 131 127 127 126 126 130 130 132 132 133 133 134 134 133 133 132 132 135 135 136 136 137 137 138 138 137 137 136 136 139 139 140 140 141 141 142 142 141 141 140 140 143 143 144 144 145 145 146 146 145 145 144 144 147 147 148 148 149 149 150 150 149 149 148 148 151 151 152 152 153 153 154 154 153 153 152 152 155 155 156 156 157 157 158 158 159 159 160 160 161 161 160 160 162 162 157 157 163 163 158 158 157 157 158 158 163 163 164 164 157 157 156 156 160 160 160 160 165 165 166 166 160 160 166 166 162 162 165 165 160 160 167 167 160 160 159 159 167 167 168 168 169 169 170 170 169 169 168 168 171 171 172 172 173 173 174 174 173 173 172 172 175 175 176 176 177 177 178 178 177 177 176 176 179 179 180 180 181 181 182 182 181 181 180 180 183 183 184 184 185 185 186 186 185 185 184 184 187 187 188 188 189 189 190 190 191 191 192 192 193 193 190 190 189 189 194 194 189 189 188 188 195 195 189 189 192 192 191 191 194 194 189 189 191 191 196 196 189 189 195 195 192 192 189 189 197 197 189 189 196 196 198 198 199 199 200 200 201 201 200 200 199 199 202 202 203 203 204 204 205 205 204 204 203 203 206 206 203 203 205 205 207 207 205 205 204 204 208 208</p></triangles><triangles count="117" material="ZincPlated-material"><input offset="0" semantic="VERTEX" source="#bau0127899578-1-mesh-vertices" /><input offset="1" semantic="NORMAL" source="#bau0127899578-1-mesh-normals" /><p>209 209 210 210 211 211 210 210 209 209 212 212 213 213 214 214 215 215 214 214 213 213 216 216 217 217 218 218 219 219 218 218 217 217 220 220 221 221 222 222 223 223 224 224 223 223 225 225 226 226 225 225 227 227 223 223 224 224 221 221 225 225 226 226 224 224 222 222 221 221 228 228 229 229 230 230 231 231 229 229 232 232 233 233 233 233 232 232 234 234 234 234 235 235 233 233 230 230 236 236 237 237 233 233 237 237 238 238 236 236 230 230 239 239 240 240 230 230 241 241 240 240 238 238 242 242 242 242 237 237 236 236 243 243 231 231 235 235 237 237 233 233 235 235 230 230 240 240 239 239 237 237 242 242 238 238 232 232 231 231 244 244 230 230 229 229 241 241 235 235 234 234 243 243 238 238 240 240 241 241 231 231 243 243 244 244 232 232 229 229 231 231 245 245 246 246 247 247 248 248 246 246 245 245 246 246 248 248 249 249 250 250 251 251 252 252 250 250 253 253 251 251 253 253 250 250 254 254 255 255 256 256 257 257 257 257 258 258 259 259 259 259 260 260 261 261 258 258 257 257 256 256 261 261 262 262 263 263 263 263 264 264 265 265 265 265 266 266 267 267 266 266 265 265 264 264 264 264 263 263 262 262 262 262 261 261 260 260 260 260 259 259 258 258 256 256 255 255 268 268 269 269 270 270 271 271 272 272 271 271 270 270 273 273 274 274 272 272 271 271 272 272 274 274 274 274 273 273 275 275 275 275 276 276 277 277 277 277 278 278 279 279 279 279 280 280 281 281 280 280 279 279 278 278 278 278 277 277 276 276 270 270 269 269 282 282 276 276 275 275 273 273 283 283 284 284 285 285 284 284 283 283 286 286 287 287 288 288 289 289 290 290 287 287 289 289 287 287 290 290 291 291 292 292 293 293 294 294 287 287 295 295 292 292 296 296 287 287 292 292 288 288 287 287 297 297 292 292 298 298 299 299 287 287 300 300 301 301 298 298 292 292 295 295 302 302 292 292 299 299 300 300 287 287 296 296 303 303 287 287 301 301 293 293 292 292 302 302 297 297 287 287 303 303 295 295 287 287 304 304 305 305 306 306 307 307 306 306 305 305 308 308 309 309 310 310 311 311 310 310 309 309 312 312 313 313 314 314 315 315 314 314 313 313 316 316 317 317 318 318 319 319 318 318 317 317 320 320 321 321 322 322 323 323 322 322 321 321 324 324 325 325 326 326 327 327 325 325 328 328 329 329 328 328 325 325 330 330 326 326 325 325 329 329 331 331 332 332 333 333 332 332 331 331 334 334 335 335 331 331 333 333 331 331 335 335 336 336 337 337 338 338 339 339 338 338 337 337 340 340 341 341 342 342 343 343 342 342 341 341 344 344 345 345 346 346 347 347 346 346 345 345 348 348 349 349 350 350 351 351 350 350 349 349 352 352 353 353 354 354 355 355 354 354 353 353 356 356 357 357 358 358 359 359 358 358 357 357 360 360 361 361 362 362 363 363 362 362 361 361 364 364 365 365 366 366 367 367 365 365 367 367 368 368 366 366 365 365 369 369 370 370 371 371 372 372 371 371 370 370 373 373</p></triangles></mesh></geometry></library_geometries><library_visual_scenes><visual_scene id="VisualSceneNode" name="VisualSceneNode"><node id="Main-Component-Node1" name="bau0127715638"><node id="bau0127665166-1" name="bau0127665166-1"><matrix sid="transform">1 0 0 0 0 1 0 0 0 0 1 0 0 0 0 1</matrix><instance_geometry url="#bau0127665166-1-mesh" name="bau0127665166-1"><bind_material><technique_common><instance_material symbol="ZincPlated-material" target="#ZincPlated-material" /></technique_common></bind_material></instance_geometry></node><node id="bau0127665166-2" name="bau0127665166-2"><matrix sid="transform">1 0 0 0 0 1 0 0 0 0 1 -224 0 0 0 1</matrix><instance_geometry url="#bau0127665166-2-mesh" name="bau0127665166-2"><bind_material><technique_common><instance_material symbol="ZincPlated-material" target="#ZincPlated-material" /></technique_common></bind_material></instance_geometry></node><node id="bau0127735438-1" name="bau0127735438-1"><matrix sid="transform">1 0 0 0 0 1 0 0 0 0 1 0 0 0 0 1</matrix><instance_geometry url="#bau0127735438-1-mesh" name="bau0127735438-1"><bind_material><technique_common><instance_material symbol="ZincPlated-material" target="#ZincPlated-material" /></technique_common></bind_material></instance_geometry></node><node id="bau0127841492-1" name="bau0127841492-1"><matrix sid="transform">1 0 0 0 0 1 0 0 0 0 1 -414.5 0 0 0 1</matrix><instance_geometry url="#bau0127841492-1-mesh" name="bau0127841492-1"><bind_material><technique_common><instance_material symbol="__5-ks-dunkelgrau-material" target="#__5-ks-dunkelgrau-material" /><instance_material symbol="ZincPlated-material" target="#ZincPlated-material" /></technique_common></bind_material></instance_geometry></node><node id="bau0127899578-1" name="bau0127899578-1"><matrix sid="transform">1 0 0 0 0 1 0 0 0 0 1 -461.5 0 0 0 1</matrix><instance_geometry url="#bau0127899578-1-mesh" name="bau0127899578-1"><bind_material><technique_common><instance_material symbol="__5-ks-dunkelgrau-material" target="#__5-ks-dunkelgrau-material" /><instance_material symbol="ZincPlated-material" target="#ZincPlated-material" /></technique_common></bind_material></instance_geometry></node></node></visual_scene></library_visual_scenes><scene><instance_visual_scene url="#VisualSceneNode" /></scene></COLLADA>