<?xml version="1.0" encoding="utf-8"?><COLLADA xmlns:xsd="http://www.w3.org/2001/XMLSchema" xmlns:xsi="http://www.w3.org/2001/XMLSchema-instance" version="1.4.1" xmlns="http://www.collada.org/2005/11/COLLADASchema"><asset><contributor><author>bau05662</author><authoring_tool>Blum.Cape.SolidWorks.Export.Collada 25.0.0.0</authoring_tool></contributor><created>0001-01-01T00:00:00</created><modified>2026-02-17T16:30:40.113611+01:00</modified><unit meter="0.001" name="millimeter" /></asset><library_effects><effect id="white-effect"><profile_COMMON><technique sid="common"><phong><emission><color sid="emission">0 0 0 0</color></emission><ambient><color sid="ambient">0.871849574807697 0.871849574807697 0.839396720452679 1</color></ambient><diffuse><color sid="diffuse">0.871849574807697 0.871849574807697 0.839396720452679 1</color></diffuse><specular><color sid="specular">0.991136764316137 0.991136764316137 0.991136764316137 1</color></specular><shininess><float sid="shininess">0.1</float></shininess><reflective><color sid="reflective">1 1 1 1</color></reflective><reflectivity><float sid="reflectivity">0</float></reflectivity><transparent><color>1 1 1 1</color></transparent><transparency><float sid="transparency">1</float></transparency><index_of_refraction><float sid="index_of_refraction">1</float></index_of_refraction></phong></technique></profile_COMMON></effect><effect id="zincplated-effect"><profile_COMMON><technique sid="common"><phong><emission><color sid="emission">0 0 0 0</color></emission><ambient><color sid="ambient">0.408975652376015 0.419604810831399 0.486751175550744 1</color></ambient><diffuse><color sid="diffuse">0.408975652376015 0.419604810831399 0.486751175550744 1</color></diffuse><specular><color sid="specular">0.991136764316137 0.991136764316137 0.991136764316137 1</color></specular><shininess><float sid="shininess">0.1</float></shininess><reflective><color sid="reflective">1 1 1 1</color></reflective><reflectivity><float sid="reflectivity">1</float></reflectivity><transparent><color>1 1 1 1</color></transparent><transparency><float sid="transparency">1</float></transparency><index_of_refraction><float sid="index_of_refraction">1</float></index_of_refraction></phong></technique></profile_COMMON></effect><effect id="oriongreymatt-effect"><profile_COMMON><technique sid="common"><phong><emission><color sid="emission">0 0 0 0</color></emission><ambient><color sid="ambient">0.113502777804244 0.116016134223458 0.106154548287322 1</color></ambient><diffuse><color sid="diffuse">0.113502777804244 0.116016134223458 0.106154548287322 1</color></diffuse><specular><color sid="specular">0.991136764316137 0.991136764316137 0.991136764316137 1</color></specular><shininess><float sid="shininess">0.1</float></shininess><reflective><color sid="reflective">1 1 1 1</color></reflective><reflectivity><float sid="reflectivity">0</float></reflectivity><transparent><color>1 1 1 1</color></transparent><transparency><float sid="transparency">1</float></transparency><index_of_refraction><float sid="index_of_refraction">1</float></index_of_refraction></phong></technique></profile_COMMON></effect></library_effects><library_materials><material id="white-material" name="white"><instance_effect url="#white-effect" /></material><material id="zincplated-material" name="zincplated"><instance_effect url="#zincplated-effect" /></material><material id="oriongreymatt-material" name="oriongreymatt"><instance_effect url="#oriongreymatt-effect" /></material></library_materials><library_geometries><geometry id="bau0234565834-mesh" name="bau0234565834"><mesh><source id="bau0234565834-mesh-positions"><float_array id="bau0234565834-mesh-positions-array" count="8892">13.9499995857477 28.2000005245209 -453.20001244545 18.6000000685453 -7.30000017210841 -453.20001244545 9.60000045597553 -7.30000017210841 -453.20001244545 18.6000000685453 39.2000004649162 -453.20001244545 13.9499995857477 70.1000019907951 -453.20001244545 18.6000000685453 70.1000019907951 -453.20001244545 13.9499995857477 81.1000019311905 -453.20001244545 13.0661968141794 86.3836854696274 -453.20001244545 13.2418721914291 86.5983814001083 -453.20001244545 13.998563401401 86.9000032544136 -453.20001244545 18.6000000685453 81.1000019311905 -453.20001244545 13.4656736627221 86.7623016238213 -453.20001244545 13.7233678251505 86.865022778511 -453.20001244545 12.949819676578 86.1318707466125 -453.20001244545 12.9001438617706 85.858941078186 -453.20001244545 7.90114048868418 -7.30000017210841 -453.20001244545 13.9499995857477 39.2000004649162 -453.20001244545 18.6000000685453 86.9000032544136 -453.20001244545 18.6000000685453 28.2000005245209 -453.20001244545 18.6000000685453 28.6200009286404 -447.800010442734 18.6000000685453 28.2000005245209 -453.20001244545 18.6000000685453 38.6199988424778 -447.800010442734 18.6000000685453 -6.59999996423721 -442.00000166893 18.6000000685453 -2.56281229667366 -438.199996948242 18.6000000685453 -6.59999996423721 -437.000006437302 18.6000000685453 39.2000004649162 -453.20001244545 18.6000000685453 28.2000005245209 -454.328000545502 18.6000000685453 86.9000032544136 -453.20001244545 18.6000000685453 82.0323899388313 -443.36000084877 18.6000000685453 80.212876200676 -448.100000619888 18.6000000685453 68.5371905565262 -438.199996948242 18.6000000685453 38.6199988424778 -439.79999423027 18.6000000685453 68.8076093792915 -443.36000084877 18.6000000685453 70.6271305680275 -448.100000619888 18.6000000685453 81.1000019311905 -453.20001244545 18.6000000685453 10.9323877841234 -443.36000084877 18.6000000685453 9.11287218332291 -448.100000619888 18.6000000685453 39.2000004649162 -454.328000545502 18.6000000685453 70.1000019907951 -453.20001244545 18.6000000685453 86.9000032544136 -437.000006437302 18.6000000685453 11.2028121948242 -438.199996948242 18.6000000685453 -2.2923881188035 -443.36000084877 18.6000000685453 28.6200009286404 -439.79999423027 18.6000000685453 -7.30000017210841 -453.20001244545 18.6000000685453 -0.472872576210648 -448.100000619888 18.6000000685453 82.3028087615967 -438.199996948242 18.6000000685453 81.1000019311905 -454.328000545502 18.6000000685453 70.1000019907951 -454.328000545502 18.6000000685453 -7.30000017210841 -442.00000166893 18.6000000685453 -6.59999996423721 -437.000006437302 27.8999991714954 85.7999995350838 -437.000006437302 25.2000000327826 -6.59999996423721 -437.000006437302 27.0000007003546 -18.1000009179115 -437.000006437302 25.2000000327826 -18.1000009179115 -437.000006437302 26.7999991774559 86.9000032544136 -437.000006437302 18.6000000685453 86.9000032544136 -437.000006437302 27.4500008672476 -17.9794225841761 -437.000006437302 27.232937514782 -18.0693324655294 -437.000006437302 27.7526285499334 86.3500013947487 -437.000006437302 27.8625190258026 86.0847011208534 -437.000006437302 27.8999991714954 -17.2000005841255 -437.000006437302 27.8693325817585 -17.4329373985529 -437.000006437302 27.0847007632256 86.8625193834305 -437.000006437302 27.3499991744757 86.7526307702065 -437.000006437302 27.7794227004051 -17.6500007510185 -437.000006437302 27.6363957673311 -17.8363956511021 -437.000006437302 27.577817440033 86.5778177976608 -437.000006437302 23.700000718236 -2.2923881188035 -443.36000084877 18.6000000685453 -2.56281229667366 -438.199996948242 18.6000000685453 -2.2923881188035 -443.36000084877 23.700000718236 -2.56281229667366 -438.199996948242 23.700000718236 11.2028121948242 -438.199996948242 18.6000000685453 -2.56281229667366 -438.199996948242 23.700000718236 -2.56281229667366 -438.199996948242 18.6000000685453 11.2028121948242 -438.199996948242 23.700000718236 11.2028121948242 -438.199996948242 18.6000000685453 10.9323877841234 -443.36000084877 18.6000000685453 11.2028121948242 -438.199996948242 23.700000718236 10.9323877841234 -443.36000084877 23.700000718236 10.9323877841234 -443.36000084877 18.6000000685453 9.11287218332291 -448.100000619888 18.6000000685453 10.9323877841234 -443.36000084877 23.700000718236 9.11287218332291 -448.100000619888 18.6000000685453 9.11287218332291 -448.100000619888 23.700000718236 -0.472872576210648 -448.100000619888 18.6000000685453 -0.472872576210648 -448.100000619888 23.700000718236 9.11287218332291 -448.100000619888 23.700000718236 -2.2923881188035 -443.36000084877 18.6000000685453 -0.472872576210648 -448.100000619888 23.700000718236 -0.472872576210648 -448.100000619888 18.6000000685453 -2.2923881188035 -443.36000084877 23.700000718236 -2.56281229667366 -438.199996948242 23.700000718236 10.9323877841234 -443.36000084877 23.700000718236 11.2028121948242 -438.199996948242 23.700000718236 -2.2923881188035 -443.36000084877 23.700000718236 9.11287218332291 -448.100000619888 23.700000718236 -0.472872576210648 -448.100000619888 18.6000000685453 68.5371905565262 -438.199996948242 23.700000718236 68.8076093792915 -443.36000084877 23.700000718236 68.5371905565262 -438.199996948242 18.6000000685453 68.8076093792915 -443.36000084877 18.6000000685453 82.3028087615967 -438.199996948242 23.700000718236 68.5371905565262 -438.199996948242 23.700000718236 82.3028087615967 -438.199996948242 18.6000000685453 68.5371905565262 -438.199996948242 18.6000000685453 82.3028087615967 -438.199996948242 23.700000718236 82.0323899388313 -443.36000084877 18.6000000685453 82.0323899388313 -443.36000084877 23.700000718236 82.3028087615967 -438.199996948242 18.6000000685453 82.0323899388313 -443.36000084877 23.700000718236 80.212876200676 -448.100000619888 18.6000000685453 80.212876200676 -448.100000619888 23.700000718236 82.0323899388313 -443.36000084877 18.6000000685453 70.6271305680275 -448.100000619888 23.700000718236 80.212876200676 -448.100000619888 23.700000718236 70.6271305680275 -448.100000619888 18.6000000685453 80.212876200676 -448.100000619888 18.6000000685453 70.6271305680275 -448.100000619888 23.700000718236 68.8076093792915 -443.36000084877 18.6000000685453 68.8076093792915 -443.36000084877 23.700000718236 70.6271305680275 -448.100000619888 23.700000718236 82.0323899388313 -443.36000084877 23.700000718236 70.6271305680275 -448.100000619888 23.700000718236 80.212876200676 -448.100000619888 23.700000718236 68.8076093792915 -443.36000084877 23.700000718236 82.3028087615967 -438.199996948242 23.700000718236 68.5371905565262 -438.199996948242 18.6000000685453 38.6199988424778 -447.800010442734 22.7000005543232 38.6199988424778 -439.79999423027 22.7000005543232 38.6199988424778 -447.800010442734 18.6000000685453 38.6199988424778 -439.79999423027 18.6000000685453 38.6199988424778 -447.800010442734 22.7000005543232 28.6200009286404 -447.800010442734 18.6000000685453 28.6200009286404 -447.800010442734 22.7000005543232 38.6199988424778 -447.800010442734 22.7000005543232 28.6200009286404 -439.79999423027 18.6000000685453 28.6200009286404 -447.800010442734 22.7000005543232 28.6200009286404 -447.800010442734 18.6000000685453 28.6200009286404 -439.79999423027 22.7000005543232 38.6199988424778 -439.79999423027 18.6000000685453 28.6200009286404 -439.79999423027 22.7000005543232 28.6200009286404 -439.79999423027 18.6000000685453 38.6199988424778 -439.79999423027 22.7000005543232 38.6199988424778 -439.79999423027 22.7000005543232 28.6200009286404 -447.800010442734 22.7000005543232 38.6199988424778 -447.800010442734 22.7000005543232 28.6200009286404 -439.79999423027 13.9499995857477 39.2000004649162 -453.913182020187 13.9499995857477 28.2000005245209 -453.20001244545 13.9499995857477 39.2000004649162 -453.20001244545 13.9499995857477 28.2000005245209 -453.913182020187 13.9499995857477 39.2000004649162 -453.913182020187 16.1893758922815 28.2000005245209 -456.152558326721 13.9499995857477 28.2000005245209 -453.913182020187 16.1893758922815 39.2000004649162 -456.152558326721 16.1893758922815 39.2000004649162 -456.152558326721 22.6000007241964 28.2000005245209 -455.816596746445 16.1893758922815 28.2000005245209 -456.152558326721 22.6000007241964 39.2000004649162 -455.816596746445 22.6000007241964 28.2000005245209 -455.816596746445 22.6000007241964 39.2000004649162 -454.397827386856 22.6000007241964 28.2000005245209 -454.397827386856 22.6000007241964 39.2000004649162 -455.816596746445 18.6000000685453 39.2000004649162 -454.328000545502 22.6000007241964 28.2000005245209 -454.397827386856 22.6000007241964 39.2000004649162 -454.397827386856 18.6000000685453 28.2000005245209 -454.328000545502 18.6000000685453 39.2000004649162 -453.20001244545 13.9499995857477 39.2000004649162 -453.913182020187 13.9499995857477 39.2000004649162 -453.20001244545 18.6000000685453 39.2000004649162 -454.328000545502 16.1893758922815 39.2000004649162 -456.152558326721 22.6000007241964 39.2000004649162 -455.816596746445 22.6000007241964 39.2000004649162 -454.397827386856 18.6000000685453 28.2000005245209 -454.328000545502 13.9499995857477 28.2000005245209 -453.913182020187 16.1893758922815 28.2000005245209 -456.152558326721 22.6000007241964 28.2000005245209 -455.816596746445 22.6000007241964 28.2000005245209 -454.397827386856 18.6000000685453 28.2000005245209 -453.20001244545 13.9499995857477 28.2000005245209 -453.20001244545 13.9499995857477 81.1000019311905 -453.913182020187 13.9499995857477 70.1000019907951 -453.20001244545 13.9499995857477 81.1000019311905 -453.20001244545 13.9499995857477 70.1000019907951 -453.913182020187 16.1893758922815 70.1000019907951 -456.152558326721 13.9499995857477 81.1000019311905 -453.913182020187 16.1893758922815 81.1000019311905 -456.152558326721 13.9499995857477 70.1000019907951 -453.913182020187 22.6000007241964 81.1000019311905 -455.816596746445 16.1893758922815 70.1000019907951 -456.152558326721 16.1893758922815 81.1000019311905 -456.152558326721 22.6000007241964 70.1000019907951 -455.816596746445 22.6000007241964 81.1000019311905 -454.397827386856 22.6000007241964 70.1000019907951 -455.816596746445 22.6000007241964 81.1000019311905 -455.816596746445 22.6000007241964 70.1000019907951 -454.397827386856 18.6000000685453 70.1000019907951 -454.328000545502 22.6000007241964 81.1000019311905 -454.397827386856 18.6000000685453 81.1000019311905 -454.328000545502 22.6000007241964 70.1000019907951 -454.397827386856 18.6000000685453 81.1000019311905 -454.328000545502 13.9499995857477 81.1000019311905 -453.913182020187 18.6000000685453 81.1000019311905 -453.20001244545 16.1893758922815 81.1000019311905 -456.152558326721 13.9499995857477 81.1000019311905 -453.20001244545 22.6000007241964 81.1000019311905 -455.816596746445 22.6000007241964 81.1000019311905 -454.397827386856 18.6000000685453 70.1000019907951 -454.328000545502 13.9499995857477 70.1000019907951 -453.913182020187 16.1893758922815 70.1000019907951 -456.152558326721 22.6000007241964 70.1000019907951 -455.816596746445 18.6000000685453 70.1000019907951 -453.20001244545 13.9499995857477 70.1000019907951 -453.20001244545 22.6000007241964 70.1000019907951 -454.397827386856 29.899999499321 -34.4999991357327 -32.0595689117908 29.899999499321 -35.1999998092651 -40.0000028312206 29.899999499321 -34.4999991357327 -47.4404320120811 29.899999499321 -35.1999998092651 -32.6469391584396 29.899999499321 -35.1999998092651 -46.8530617654324 34.400001168251 -35.1999998092651 -181.500002741814 29.899999499321 -34.4999991357327 -181.500002741814 34.400001168251 -34.4999991357327 -181.500002741814 29.899999499321 -35.1999998092651 -181.500002741814 38.4881645441055 -35.1999998092651 -121.275000274181 39.9605855345726 -35.7359163463116 -80.807238817215 38.4881645441055 -35.1999998092651 -83.2249969244003 39.9605855345726 -35.7359163463116 -145.810768008232 38.4881645441055 -35.1999998092651 -79.3348103761673 38.4881645441055 -35.1999998092651 -147.283181548119 40.1999987661839 -35.0781343877316 -145.571351051331 39.9605855345726 -35.7359163463116 -80.807238817215 39.9605855345726 -35.7359163463116 -145.810768008232 40.1999987661839 -35.0781343877316 -81.0466483235359 38.6115908622742 -34.4999991357327 -121.275000274181 40.1999987661839 -35.0781343877316 -81.0466483235359 40.1999987661839 -35.0781343877316 -145.571351051331 38.6115908622742 -34.4999991357327 -79.4582441449165 38.6115908622742 -34.4999991357327 -147.15975522995 39.9605855345726 -35.7359163463116 -20.6860639154911 38.4881645441055 -35.1999998092651 4.72500175237656 38.4881645441055 -35.1999998092651 -22.1584867686033 39.9605855345726 -35.7359163463116 30.0239473581314 38.4881645441055 -35.1999998092651 29.7749992460012 38.6999994516373 -35.2771021425724 32.4652120471001 38.4881645441055 -35.1999998092651 32.5875170528889 39.6318510174751 -35.6162674725056 31.2508009374142 39.1142144799232 -35.4278646409512 32.1473740041256 39.4320525228977 -35.5435460805893 31.7331627011299 39.2867065966129 -35.4906469583511 31.9506861269474 39.5477600395679 -35.5856604874134 31.4985290169716 40.1999987661839 -35.0781343877316 29.1304402053356 39.9605855345726 -35.7359163463116 -20.6860639154911 40.1999987661839 -35.0781343877316 -20.4466488212347 39.9605855345726 -35.7359163463116 30.0239473581314 38.6115908622742 -34.4999991357327 32.5162559747696 40.1999987661839 -35.0781343877316 29.1304402053356 38.6115908622742 -34.4999991357327 4.72500175237656 40.1999987661839 -35.0781343877316 -20.4466488212347 38.6115908622742 -34.4999991357327 -22.0350567251444 39.6318510174751 -34.8713435232639 31.2508009374142 39.4320525228977 -34.7986221313477 31.7331627011299 39.5477600395679 -34.8407365381718 31.4985290169716 38.6999994516373 -34.5321781933308 32.4652120471001 39.2867065966129 -34.7457230091095 31.9506861269474 39.1142144799232 -34.6829406917095 32.1473740041256 25.2000000327826 -28.4950006753206 10.3500001132488 25.2000000327826 -34.4999991357327 -63.7250021100044 25.2000000327826 -24.5050005614758 10.3500001132488 25.2000000327826 -34.4999991357327 -121.275000274181 25.2000000327826 -34.4999991357327 -189.724996685982 25.2000000327826 -24.5050005614758 -421.440005302429 25.2000000327826 -34.4999991357327 -249.274998903275 25.2000000327826 -34.4999991357327 -317.999988794327 25.2000000327826 -18.1000009179115 35.5000011622906 25.2000000327826 -18.1000009179115 -437.000006437302 25.2000000327826 -34.4999991357327 -404.000014066696 25.2000000327826 -28.4950006753206 19.3499997258186 25.2000000327826 -34.4999991357327 4.72500175237656 25.2000000327826 -6.59999996423721 -442.00000166893 25.2000000327826 -32.2999991476536 -442.00000166893 25.2000000327826 -28.4950006753206 -430.559992790222 25.2000000327826 -32.2999991476536 -432.500004768372 25.2000000327826 -24.5050005614758 -430.559992790222 25.2000000327826 -34.4999991357327 35.5000011622906 25.2000000327826 -28.4950006753206 -421.440005302429 25.2000000327826 -34.4999991357327 -432.500004768372 25.2000000327826 -24.5050005614758 19.3499997258186 25.2000000327826 -6.59999996423721 -437.000006437302 6.92214816808701 -41.6182316839695 -453.20001244545 8.00961907953024 -41.9096201658249 -453.20001244545 6.9870837032795 -41.7749993503094 -453.20001244545 7.0903804153204 -41.9096201658249 -453.20001244545 7.22499983385205 -42.0129150152206 -453.20001244545 7.38176750019193 -42.0778505504131 -453.20001244545 7.55000021308661 -42.1000011265278 -453.20001244545 7.71823246032 -42.0778505504131 -453.20001244545 7.87500012665987 -42.0129150152206 -453.20001244545 8.17785132676363 -41.6182316839695 -453.20001244545 6.89999992027879 -41.4500012993813 -453.20001244545 8.20000004023314 -41.4500012993813 -453.20001244545 6.89999992027879 -25.9567573666573 -453.20001244545 9.60000045597553 -35.1499989628792 -453.20001244545 8.20000004023314 -35.1499989628792 -453.20001244545 8.11291672289371 -41.7749993503094 -453.20001244545 25.2000000327826 -34.4999991357327 35.5000011622906 24.5378650724888 -34.7990654408932 35.5000011622906 24.649066850543 -35.0792594254017 35.5000011622906 26.4694690704346 -35.4208238422871 35.5000011622906 26.6746785491705 -35.1999998092651 35.5000011622906 24.4999993592501 -18.1000009179115 35.5000011622906 24.4999993592501 -34.4999991357327 35.5000011622906 25.3323148936033 -35.6422811746597 35.5000011622906 25.6285984069109 -35.6978736817837 35.5000011622906 31.300000846386 -34.4999991357327 35.5000011622906 25.2000000327826 -18.1000009179115 35.5000011622906 25.0592343509197 -35.5146043002605 35.5000011622906 25.9293876588345 -35.6778725981712 35.5000011622906 26.2157004326582 -35.5835370719433 35.5000011622906 24.8265918344259 -35.3228971362114 35.5000011622906 31.300000846386 -35.1999998092651 35.5000011622906 24.4999993592501 -34.4999991357327 35.5000011622906 24.5378650724888 -34.7990654408932 -432.500004768372 24.5378650724888 -34.7990654408932 35.5000011622906 24.649066850543 -35.0792594254017 -432.500004768372 24.649066850543 -35.0792594254017 35.5000011622906 24.8265918344259 -35.3228971362114 -432.500004768372 24.8265918344259 -35.3228971362114 35.5000011622906 25.0592343509197 -35.5146043002605 -432.500004768372 25.3323148936033 -35.6422811746597 -432.500004768372 25.0592343509197 -35.5146043002605 35.5000011622906 25.6285984069109 -35.6978736817837 -432.500004768372 25.3323148936033 -35.6422811746597 35.5000011622906 25.9293876588345 -35.6778725981712 -432.500004768372 25.6285984069109 -35.6978736817837 35.5000011622906 26.2157004326582 -35.5835370719433 -432.500004768372 25.9293876588345 -35.6778725981712 35.5000011622906 24.4999993592501 -34.4999991357327 -432.500004768372 26.4694690704346 -35.4208238422871 -432.500004768372 26.2157004326582 -35.5835370719433 35.5000011622906 26.6746785491705 -35.1999998092651 29.7749992460012 26.4694690704346 -35.4208238422871 35.5000011622906 26.6746785491705 -35.1999998092651 4.72500175237656 26.6746785491705 -35.1999998092651 -40.0000028312206 26.6746785491705 -35.1999998092651 -83.2249969244003 26.6746785491705 -35.1999998092651 -121.275000274181 26.6746785491705 -35.1999998092651 -189.724996685982 26.6746785491705 -35.1999998092651 -249.274998903275 26.6746785491705 -35.1999998092651 -317.999988794327 26.6746785491705 -35.1999998092651 35.5000011622906 26.6746785491705 -35.1999998092651 -432.500004768372 35.3613123297691 -35.1999998092651 -147.469624876976 34.400001168251 -35.1999998092651 -181.500002741814 35.5373062193394 -35.1999998092651 -147.392258048058 31.8198539316654 -35.1999998092651 -147.480517625809 34.5190726220608 -35.1999998092651 -147.15550839901 34.4367139041424 -35.1999998092651 -146.981805562973 29.899999499321 -35.1999998092651 -181.500002741814 31.2626957893372 -35.1999998092651 -147.392258048058 31.1121474951506 -35.1999998092651 -147.272706031799 32.2809256613255 -35.1999998092651 -132.844492793083 34.8000191152096 -35.1999998092651 -132.586658000946 34.9801480770111 -35.1999998092651 -132.519483566284 36.1499972641468 -35.1999998092651 -121.275000274181 35.3613123297691 -35.1999998092651 -132.530376315117 35.5373062193394 -35.1999998092651 -132.607743144035 35.803060978651 -35.1999998092651 -147.118791937828 35.6878526508808 -35.1999998092651 -147.272706031799 35.8753576874733 -35.1999998092651 -146.940663456917 35.8999967575073 -35.1999998092651 -146.750003099442 34.8000191152096 -35.1999998092651 -147.413343191147 34.6428863704205 -35.1999998092651 -147.302582859993 32.2809256613255 -35.1999998092651 -147.15550839901 32.1571119129658 -35.1999998092651 -147.302582859993 31.4386896789074 -35.1999998092651 -147.469624876976 26.6746785491705 -35.1999998092651 -121.275000274181 31.4386896789074 -35.1999998092651 -132.530376315117 31.62856772542 -35.1999998092651 -132.500305771828 31.9999828934669 -35.1999998092651 -132.586658000946 32.1571119129658 -35.1999998092651 -132.6974183321 35.1714342832565 -35.1999998092651 -132.500305771828 35.6878526508808 -35.1999998092651 -132.727295160294 35.803060978651 -35.1999998092651 -132.881209254265 34.9801480770111 -35.1999998092651 -147.480517625809 31.62856772542 -35.1999998092651 -147.499695420265 32.3987789452076 -35.1999998092651 -146.792858839035 32.3632843792439 -35.1999998092651 -146.981805562973 31.9999828934669 -35.1999998092651 -147.413343191147 31.8198539316654 -35.1999998092651 -132.519483566284 35.8753576874733 -35.1999998092651 -133.059337735176 34.1620035469532 -35.1999998092651 -143.056377768517 32.6379984617233 -35.1999998092651 -143.056377768517 32.6013080775738 -35.1999998092651 -143.254294991493 31.1121474951506 -35.1999998092651 -132.727295160294 31.2626957893372 -35.1999998092651 -132.607743144035 30.9969410300255 -35.1999998092651 -147.118791937828 30.9246424585581 -35.1999998092651 -146.940663456917 32.3632843792439 -35.1999998092651 -133.01819562912 34.4367139041424 -35.1999998092651 -133.01819562912 34.5190726220608 -35.1999998092651 -132.844492793083 36.1499972641468 -35.1999998092651 -181.733161211014 35.8999967575073 -35.1999998092651 -133.249998092651 34.4012230634689 -35.1999998092651 -146.792858839035 30.9246424585581 -35.1999998092651 -133.059337735176 30.9969410300255 -35.1999998092651 -132.881209254265 34.6428863704205 -35.1999998092651 -132.6974183321 30.9000033885241 -35.1999998092651 -133.249998092651 32.3987789452076 -35.1999998092651 -133.207142353058 34.4012230634689 -35.1999998092651 -133.207142353058 34.1986939311028 -35.1999998092651 -143.254294991493 30.9000033885241 -35.1999998092651 -146.750003099442 33.7867252528667 -35.1999998092651 -142.599686980247 32.7229239046574 -35.1999998092651 -142.873898148537 33.5996821522713 -35.1999998092651 -137.474671006203 34.1620035469532 -35.1999998092651 -136.943623423576 34.1986939311028 -35.1999998092651 -136.7457062006 33.9492857456207 -35.1999998092651 -142.718374729156 34.0770743787289 -35.1999998092651 -142.873898148537 33.200316131115 -35.1999998092651 -142.52533018589 33.0132767558098 -35.1999998092651 -142.599686980247 32.6013080775738 -35.1999998092651 -136.7457062006 33.0132767558098 -35.1999998092651 -137.400314211845 33.200316131115 -35.1999998092651 -137.474671006203 33.3999991416931 -35.1999998092651 -142.499998211861 33.5996821522713 -35.1999998092651 -142.52533018589 32.8507162630558 -35.1999998092651 -142.718374729156 32.6379984617233 -35.1999998092651 -136.943623423576 32.7229239046574 -35.1999998092651 -137.126103043556 33.3999991416931 -35.1999998092651 -137.500002980232 32.8507162630558 -35.1999998092651 -137.281626462936 34.0770743787289 -35.1999998092651 -137.126103043556 33.9492857456207 -35.1999998092651 -137.281626462936 33.7867252528667 -35.1999998092651 -137.400314211845 36.1499972641468 -35.1999998092651 -199.266850948334 34.400001168251 -35.1999998092651 -204.500004649162 35.9250009059906 -35.1999998092651 -232.358619570732 34.400001168251 -35.1999998092651 -199.266850948334 35.1893976330757 -35.1999998092651 -232.05392062664 36.1499972641468 -35.1999998092651 -249.274998903275 33.6106009781361 -35.1999998092651 -237.946078181267 26.6746785491705 -35.1999998092651 -249.274998903275 29.899999499321 -35.1999998092651 -204.500004649162 26.6746785491705 -35.1999998092651 -189.724996685982 35.1893976330757 -35.1999998092651 -237.946078181267 35.9250009059906 -35.1999998092651 -237.641379237175 34.400001168251 -35.1999998092651 -231.949999928474 34.400001168251 -35.1999998092651 -238.049998879433 32.8750014305115 -35.1999998092651 -232.358619570732 33.6106009781361 -35.1999998092651 -232.05392062664 31.7586213350296 -35.1999998092651 -236.524999141693 31.4539261162281 -35.1999998092651 -235.789403319359 32.8750014305115 -35.1999998092651 -237.641379237175 32.2433225810528 -35.1999998092651 -237.156674265862 31.4539261162281 -35.1999998092651 -234.210595488548 31.7586213350296 -35.1999998092651 -233.474999666214 32.2433225810528 -35.1999998092651 -232.843324542046 31.3500016927719 -35.1999998092651 -234.999999403954 37.9690825939178 -35.1999998092651 -199.266850948334 37.0413772761822 -35.1999998092651 -233.474999666214 37.3460724949837 -35.1999998092651 -234.210595488548 36.556676030159 -35.1999998092651 -232.843324542046 37.9690825939178 -35.1999998092651 -249.274998903275 37.4500006437302 -35.1999998092651 -234.999999403954 37.3460724949837 -35.1999998092651 -235.789403319359 37.0413772761822 -35.1999998092651 -236.524999141693 36.556676030159 -35.1999998092651 -237.156674265862 38.4000018239021 -35.1999998092651 -204.428434371948 38.4881645441055 -35.1999998092651 -241.128131747246 38.4881645441055 -35.1999998092651 -204.516589641571 38.4881645441055 -35.1999998092651 -392.975986003876 37.9690825939178 -35.1999998092651 -429.88720536232 38.4881645441055 -35.1999998092651 -429.587513208389 38.4881645441055 -35.1999998092651 -355.014026165009 37.9690825939178 -35.1999998092651 -317.999988794327 36.1499972641468 -35.1999998092651 -317.999988794327 36.1499972641468 -35.1999998092651 -430.937469005585 35.3613123297691 -35.1999998092651 -375.469624996185 35.1714342832565 -35.1999998092651 -375.499695539474 35.803060978651 -35.1999998092651 -375.118792057037 35.6878526508808 -35.1999998092651 -375.272691249847 26.6746785491705 -35.1999998092651 -432.500004768372 31.8198539316654 -35.1999998092651 -375.480502843857 31.62856772542 -35.1999998092651 -375.499695539474 35.5373062193394 -35.1999998092651 -375.392258167267 34.8000191152096 -35.1999998092651 -375.413328409195 34.6428863704205 -35.1999998092651 -375.302582979202 35.8753576874733 -35.1999998092651 -374.940663576126 35.8999967575073 -35.1999998092651 -374.750018119812 34.9801480770111 -35.1999998092651 -375.480502843857 34.4367139041424 -35.1999998092651 -374.981790781021 32.2809256613255 -35.1999998092651 -375.155508518219 32.1571119129658 -35.1999998092651 -375.302582979202 34.5190726220608 -35.1999998092651 -375.155508518219 31.9999828934669 -35.1999998092651 -375.413328409195 31.2626957893372 -35.1999998092651 -375.392258167267 31.1121474951506 -35.1999998092651 -375.272691249847 31.4386896789074 -35.1999998092651 -375.469624996185 31.8198539316654 -35.1999998092651 -360.519468784332 31.9999828934669 -35.1999998092651 -360.586673021317 33.4435924887657 -35.1999998092651 -432.500004768372 32.3987789452076 -35.1999998092651 -374.792873859406 32.3632843792439 -35.1999998092651 -374.981790781021 26.6746785491705 -35.1999998092651 -317.999988794327 30.9000033885241 -35.1999998092651 -361.249983310699 30.9246424585581 -35.1999998092651 -361.059337854385 31.1121474951506 -35.1999998092651 -360.727310180664 31.2626957893372 -35.1999998092651 -360.607743263245 30.9969410300255 -35.1999998092651 -360.881209373474 31.4386896789074 -35.1999998092651 -360.530376434326 31.62856772542 -35.1999998092651 -360.500305891037 32.2809256613255 -35.1999998092651 -360.844492912292 34.6428863704205 -35.1999998092651 -360.697418451309 34.8000191152096 -35.1999998092651 -360.586673021317 35.803060978651 -35.1999998092651 -360.881209373474 35.8753576874733 -35.1999998092651 -361.059337854385 35.5373062193394 -35.1999998092651 -360.607743263245 35.6878526508808 -35.1999998092651 -360.727310180664 35.8999967575073 -35.1999998092651 -361.249983310699 33.7867252528667 -35.1999998092651 -370.599687099457 32.6379984617233 -35.1999998092651 -371.056377887726 32.6013080775738 -35.1999998092651 -371.254295110703 30.9969410300255 -35.1999998092651 -375.118792057037 30.9000033885241 -35.1999998092651 -374.750018119812 35.1714342832565 -35.1999998092651 -360.500305891037 35.3613123297691 -35.1999998092651 -360.530376434326 34.9801480770111 -35.1999998092651 -360.519468784332 35.1714342832565 -35.1999998092651 -147.499695420265 30.9246424585581 -35.1999998092651 -374.940663576126 32.1571119129658 -35.1999998092651 -360.697418451309 32.3632843792439 -35.1999998092651 -361.01821064949 34.4367139041424 -35.1999998092651 -361.01821064949 34.5190726220608 -35.1999998092651 -360.844492912292 34.4012230634689 -35.1999998092651 -374.792873859406 34.1986939311028 -35.1999998092651 -371.254295110703 33.9492857456207 -35.1999998092651 -370.718389749527 34.4012230634689 -35.1999998092651 -361.207127571106 34.1620035469532 -35.1999998092651 -371.056377887726 33.200316131115 -35.1999998092651 -370.525330305099 33.0132767558098 -35.1999998092651 -370.599687099457 32.6013080775738 -35.1999998092651 -364.745706319809 34.1620035469532 -35.1999998092651 -364.943623542786 34.1986939311028 -35.1999998092651 -364.745706319809 34.0770743787289 -35.1999998092651 -370.873898267746 33.3999991416931 -35.1999998092651 -370.49999833107 33.5996821522713 -35.1999998092651 -370.525330305099 32.7229239046574 -35.1999998092651 -370.873898267746 32.3987789452076 -35.1999998092651 -361.207127571106 32.8507162630558 -35.1999998092651 -370.718389749527 33.9492857456207 -35.1999998092651 -365.281611680984 34.0770743787289 -35.1999998092651 -365.126103162766 32.7229239046574 -35.1999998092651 -365.126103162766 32.8507162630558 -35.1999998092651 -365.281611680984 32.6379984617233 -35.1999998092651 -364.943623542786 33.200316131115 -35.1999998092651 -365.474671125412 33.3999991416931 -35.1999998092651 -365.500003099442 33.0132767558098 -35.1999998092651 -365.400314331055 33.5996821522713 -35.1999998092651 -365.474671125412 33.7867252528667 -35.1999998092651 -365.400314331055 26.6746785491705 -35.1999998092651 29.7749992460012 32.6891839504242 -35.1999998092651 35.3784635663033 31.300000846386 -35.1999998092651 35.5000011622906 35.300001502037 -35.1999998092651 34.4282016158104 34.0361595153809 -35.1999998092651 35.0175425410271 36.1499972641468 -35.1999998092651 29.7749992460012 37.9690825939178 -35.1999998092651 32.8872092068195 37.9690825939178 -35.1999998092651 29.7749992460012 38.4881645441055 -35.1999998092651 32.5875170528889 38.4881645441055 -35.1999998092651 29.7749992460012 37.9690825939178 -35.1999998092651 -31.7331552505493 38.4000018239021 -35.1999998092651 -22.2466494888067 37.9690825939178 -35.1999998092651 4.72500175237656 38.4000018239021 -35.1999998092651 -31.7331552505493 38.4881645441055 -35.1999998092651 -22.1584867686033 36.1499972641468 -35.1999998092651 4.72500175237656 26.6746785491705 -35.1999998092651 -40.0000028312206 29.899999499321 -35.1999998092651 -31.7331552505493 26.6746785491705 -35.1999998092651 4.72500175237656 29.899999499321 -35.1999998092651 -32.6469391584396 29.899999499321 -35.1999998092651 -40.0000028312206 34.4367139041424 -35.1999998092651 -22.9818001389503 31.9999828934669 -35.1999998092651 -23.4133396297693 31.8198539316654 -35.1999998092651 -23.4805177897215 31.4386896789074 -35.1999998092651 -8.53038113564253 31.62856772542 -35.1999998092651 -8.50030314177275 34.9801480770111 -35.1999998092651 -8.51948279887438 35.1714342832565 -35.1999998092651 -8.50030314177275 36.1499972641468 -35.1999998092651 -31.7331552505493 34.9801480770111 -35.1999998092651 -23.4805177897215 32.3987789452076 -35.1999998092651 -22.7928590029478 32.3632843792439 -35.1999998092651 -22.9818001389503 34.6428863704205 -35.1999998092651 -8.69742035865784 34.8000191152096 -35.1999998092651 -8.58665909618139 35.3613123297691 -35.1999998092651 -8.53038113564253 35.5373062193394 -35.1999998092651 -8.60774144530296 35.6878526508808 -35.1999998092651 -23.2726987451315 35.5373062193394 -35.1999998092651 -23.3922582119703 34.8000191152096 -35.1999998092651 -23.4133396297693 34.6428863704205 -35.1999998092651 -23.3025792986155 33.200316131115 -35.1999998092651 -18.5253228992224 32.6379984617233 -35.1999998092651 -19.0563797950745 32.6013080775738 -35.1999998092651 -19.2542895674706 32.2809256613255 -35.1999998092651 -23.1555122882128 32.1571119129658 -35.1999998092651 -23.3025792986155 31.8198539316654 -35.1999998092651 -8.51948279887438 31.9999828934669 -35.1999998092651 -8.58665909618139 35.6878526508808 -35.1999998092651 -8.72729998081923 35.8753576874733 -35.1999998092651 -22.9406636208296 35.803060978651 -35.1999998092651 -23.1187976896763 35.3613123297691 -35.1999998092651 -23.4696194529533 34.5190726220608 -35.1999998092651 -23.1555122882128 34.4012230634689 -35.1999998092651 -22.7928590029478 32.2809256613255 -35.1999998092651 -8.84448830038309 34.4367139041424 -35.1999998092651 -9.01819951832294 34.5190726220608 -35.1999998092651 -8.84448830038309 35.803060978651 -35.1999998092651 -8.88120289891958 35.8999967575073 -35.1999998092651 -22.7500032633543 35.1714342832565 -35.1999998092651 -23.4996974468231 31.4386896789074 -35.1999998092651 -23.4696194529533 31.2626957893372 -35.1999998092651 -23.3922582119703 31.1121474951506 -35.1999998092651 -8.72729998081923 31.2626957893372 -35.1999998092651 -8.60774144530296 34.1986939311028 -35.1999998092651 -19.2542895674706 32.1571119129658 -35.1999998092651 -8.69742035865784 35.8753576874733 -35.1999998092651 -9.05933603644371 31.62856772542 -35.1999998092651 -23.4996974468231 31.1121474951506 -35.1999998092651 -23.2726987451315 30.9969410300255 -35.1999998092651 -23.1187976896763 33.7867252528667 -35.1999998092651 -18.5996852815151 33.5996821522713 -35.1999998092651 -18.5253228992224 32.3987789452076 -35.1999998092651 -9.20714065432549 34.4012230634689 -35.1999998092651 -9.20714065432549 35.8999967575073 -35.1999998092651 -9.24999639391899 30.9000033885241 -35.1999998092651 -9.24999639391899 30.9246424585581 -35.1999998092651 -9.05933603644371 34.1620035469532 -35.1999998092651 -19.0563797950745 34.0770743787289 -35.1999998092651 -18.873892724514 33.3999991416931 -35.1999998092651 -18.5000021010637 32.3632843792439 -35.1999998092651 -9.01819951832294 30.9246424585581 -35.1999998092651 -22.9406636208296 30.9969410300255 -35.1999998092651 -8.88120289891958 33.9492857456207 -35.1999998092651 -18.7183786183596 32.8507162630558 -35.1999998092651 -18.7183786183596 32.7229239046574 -35.1999998092651 -18.873892724514 30.9000033885241 -35.1999998092651 -22.7500032633543 33.0132767558098 -35.1999998092651 -18.5996852815151 32.6013080775738 -35.1999998092651 -12.7457110211253 34.1620035469532 -35.1999998092651 -12.9436207935214 34.1986939311028 -35.1999998092651 -12.7457110211253 34.0770743787289 -35.1999998092651 -13.1261078640819 33.9492857456207 -35.1999998092651 -13.2816210389137 32.7229239046574 -35.1999998092651 -13.1261078640819 33.200316131115 -35.1999998092651 -13.4746767580509 33.3999991416931 -35.1999998092651 -13.4999984875321 32.6379984617233 -35.1999998092651 -12.9436207935214 33.5996821522713 -35.1999998092651 -13.4746767580509 32.8507162630558 -35.1999998092651 -13.2816210389137 33.0132767558098 -35.1999998092651 -13.4003153070807 33.7867252528667 -35.1999998092651 -13.4003153070807 35.1893976330757 -35.1999998092651 18.0539265275002 35.9250009059906 -35.1999998092651 18.3586217463017 33.6106009781361 -35.1999998092651 23.9460729062557 34.400001168251 -35.1999998092651 24.0499991923571 31.7586213350296 -35.1999998092651 19.4749999791384 31.4539261162281 -35.1999998092651 20.2106013894081 35.1893976330757 -35.1999998092651 23.9460729062557 33.6106009781361 -35.1999998092651 18.0539265275002 32.2433225810528 -35.1999998092651 23.156676441431 32.8750014305115 -35.1999998092651 23.6413776874542 34.400001168251 -35.1999998092651 17.9500002413988 32.8750014305115 -35.1999998092651 18.3586217463017 32.2433225810528 -35.1999998092651 18.84332485497 31.4539261162281 -35.1999998092651 21.7893980443478 31.7586213350296 -35.1999998092651 22.5249994546175 31.3500016927719 -35.1999998092651 20.9999997168779 37.0413772761822 -35.1999998092651 19.4749999791384 36.556676030159 -35.1999998092651 18.84332485497 37.4500006437302 -35.1999998092651 20.9999997168779 37.3460724949837 -35.1999998092651 20.2106013894081 36.556676030159 -35.1999998092651 23.156676441431 37.0413772761822 -35.1999998092651 22.5249994546175 35.9250009059906 -35.1999998092651 23.6413776874542 29.899999499321 -35.1999998092651 -189.724996685982 37.9690825939178 -35.1999998092651 -181.733161211014 37.9690825939178 -35.1999998092651 -121.275000274181 38.4881645441055 -35.1999998092651 -147.283181548119 38.4000018239021 -35.1999998092651 -147.371351718903 38.4000018239021 -35.1999998092651 -181.733161211014 38.4000018239021 -35.1999998092651 -79.2466476559639 37.9690825939178 -35.1999998092651 -47.7668456733227 37.9690825939178 -35.1999998092651 -83.2249969244003 38.4881645441055 -35.1999998092651 -79.3348103761673 38.4881645441055 -35.1999998092651 -83.2249969244003 36.4000014960766 -35.1999998092651 -62.5 36.4000014960766 -35.1999998092651 -56.4999990165234 36.1499972641468 -35.1999998092651 -47.7668456733227 29.899999499321 -35.1999998092651 -46.8530617654324 29.899999499321 -35.1999998092651 -47.7668456733227 33.3999991416931 -35.1999998092651 -56.4999990165234 33.3999991416931 -35.1999998092651 -62.5 26.6746785491705 -35.1999998092651 -83.2249969244003 36.1499972641468 -35.1999998092651 -83.2249969244003 37.3460724949837 -35.1999998092651 21.7893980443478 34.400001168251 -35.1999998092651 -103.950001299381 35.1893976330757 -35.1999998092651 -109.946072101593 34.400001168251 -35.1999998092651 -110.05000025034 35.1893976330757 -35.1999998092651 -104.053929448128 35.9250009059906 -35.1999998092651 -109.641380608082 32.2433225810528 -35.1999998092651 -109.156675636768 31.7586213350296 -35.1999998092651 -108.5250005126 33.6106009781361 -35.1999998092651 -109.946072101593 32.8750014305115 -35.1999998092651 -109.641380608082 31.4539261162281 -35.1999998092651 -106.210604310036 31.7586213350296 -35.1999998092651 -105.475001037121 31.4539261162281 -35.1999998092651 -107.789397239685 32.2433225810528 -35.1999998092651 -104.843325912952 32.8750014305115 -35.1999998092651 -104.358620941639 31.3500016927719 -35.1999998092651 -107.00000077486 33.6106009781361 -35.1999998092651 -104.053929448128 36.556676030159 -35.1999998092651 -104.843325912952 37.0413772761822 -35.1999998092651 -105.475001037121 35.9250009059906 -35.1999998092651 -104.358620941639 37.3460724949837 -35.1999998092651 -107.789397239685 37.0413772761822 -35.1999998092651 -108.5250005126 37.4500006437302 -35.1999998092651 -107.00000077486 36.556676030159 -35.1999998092651 -109.156675636768 37.3460724949837 -35.1999998092651 -106.210604310036 35.3613123297691 -35.1999998092651 -275.46963095665 35.1714342832565 -35.1999998092651 -275.499701499939 31.8198539316654 -35.1999998092651 -275.480508804321 31.62856772542 -35.1999998092651 -275.499701499939 35.6878526508808 -35.1999998092651 -275.272697210312 35.5373062193394 -35.1999998092651 -275.392264127731 34.9801480770111 -35.1999998092651 -275.480508804321 34.8000191152096 -35.1999998092651 -275.413334369659 31.8198539316654 -35.1999998092651 -260.519474744797 31.9999828934669 -35.1999998092651 -260.586649179459 35.803060978651 -35.1999998092651 -275.118798017502 35.8753576874733 -35.1999998092651 -274.940669536591 35.8999967575073 -35.1999998092651 -274.749994277954 34.4367139041424 -35.1999998092651 -274.981796741486 32.1571119129658 -35.1999998092651 -275.302588939667 31.9999828934669 -35.1999998092651 -275.413334369659 31.4386896789074 -35.1999998092651 -275.46963095665 31.2626957893372 -35.1999998092651 -275.392264127731 35.1714342832565 -35.1999998092651 -260.500311851501 35.3613123297691 -35.1999998092651 -260.530382394791 31.1121474951506 -35.1999998092651 -260.727286338806 31.2626957893372 -35.1999998092651 -260.607749223709 34.9801480770111 -35.1999998092651 -260.519474744797 35.6878526508808 -35.1999998092651 -260.727286338806 35.803060978651 -35.1999998092651 -260.881215333939 34.5190726220608 -35.1999998092651 -275.155514478683 34.6428863704205 -35.1999998092651 -275.302588939667 32.3987789452076 -35.1999998092651 -274.792850017548 32.3632843792439 -35.1999998092651 -274.981796741486 31.4386896789074 -35.1999998092651 -260.530382394791 34.6428863704205 -35.1999998092651 -260.697424411774 34.8000191152096 -35.1999998092651 -260.586649179459 35.5373062193394 -35.1999998092651 -260.607749223709 35.8753576874733 -35.1999998092651 -261.05934381485 33.200316131115 -35.1999998092651 -270.525336265564 32.6379984617233 -35.1999998092651 -271.05638384819 32.6013080775738 -35.1999998092651 -271.254301071167 32.2809256613255 -35.1999998092651 -275.155514478683 30.9969410300255 -35.1999998092651 -275.118798017502 30.9246424585581 -35.1999998092651 -274.940669536591 31.1121474951506 -35.1999998092651 -275.272697210312 30.9969410300255 -35.1999998092651 -260.881215333939 31.62856772542 -35.1999998092651 -260.500311851501 32.2809256613255 -35.1999998092651 -260.844498872757 34.4367139041424 -35.1999998092651 -261.018186807632 34.5190726220608 -35.1999998092651 -260.844498872757 35.8999967575073 -35.1999998092651 -261.249989271164 34.4012230634689 -35.1999998092651 -274.792850017548 30.9000033885241 -35.1999998092651 -261.249989271164 30.9246424585581 -35.1999998092651 -261.05934381485 32.1571119129658 -35.1999998092651 -260.697424411774 38.4881645441055 -35.1999998092651 4.72500175237656 38.4881645441055 -35.1999998092651 -121.275000274181 38.4881645441055 -35.1999998092651 -279.090076684952 26.6746785491705 -35.1999998092651 35.5000011622906 38.4881645441055 -35.1999998092651 -317.052066326141 38.4000018239021 -35.1999998092651 -199.266850948334 34.400001168251 -35.1999998092651 -181.733161211014 32.3987789452076 -35.1999998092651 -261.20713353157 34.4012230634689 -35.1999998092651 -261.20713353157 34.1986939311028 -35.1999998092651 -271.254301071167 33.7867252528667 -35.1999998092651 -270.599693059921 33.5996821522713 -35.1999998092651 -270.525336265564 30.9000033885241 -35.1999998092651 -274.749994277954 32.3632843792439 -35.1999998092651 -261.018186807632 34.1620035469532 -35.1999998092651 -271.05638384819 33.3999991416931 -35.1999998092651 -270.500004291534 34.0770743787289 -35.1999998092651 -270.87390422821 33.9492857456207 -35.1999998092651 -270.718365907669 32.8507162630558 -35.1999998092651 -270.718365907669 32.7229239046574 -35.1999998092651 -270.87390422821 32.6013080775738 -35.1999998092651 -264.745712280273 34.1620035469532 -35.1999998092651 -264.94362950325 34.1986939311028 -35.1999998092651 -264.745712280273 33.0132767558098 -35.1999998092651 -270.599693059921 32.8507162630558 -35.1999998092651 -265.281617641449 34.0770743787289 -35.1999998092651 -265.12610912323 32.7229239046574 -35.1999998092651 -265.12610912323 32.6379984617233 -35.1999998092651 -264.94362950325 33.3999991416931 -35.1999998092651 -265.500009059906 33.7867252528667 -35.1999998092651 -265.400320291519 33.9492857456207 -35.1999998092651 -265.281617641449 33.200316131115 -35.1999998092651 -265.474677085876 33.0132767558098 -35.1999998092651 -265.400320291519 33.5996821522713 -35.1999998092651 -265.474677085876 38.4000018239021 -35.1999998092651 -47.7668456733227 39.9605855345726 -35.7359163463116 -279.090076684952 38.4881645441055 -35.1999998092651 -241.128131747246 38.4881645441055 -35.1999998092651 -279.090076684952 39.6318510174751 -35.6162674725056 -428.250789642334 39.4320525228977 -35.5435460805893 -428.733170032501 39.5477600395679 -35.5856604874134 -428.498536348343 39.9605855345726 -35.7359163463116 -355.014026165009 38.4881645441055 -35.1999998092651 -317.052066326141 38.4881645441055 -35.1999998092651 -355.014026165009 39.9605855345726 -35.7359163463116 -392.975986003876 38.4881645441055 -35.1999998092651 -392.975986003876 39.9605855345726 -35.7359163463116 -205.989018082619 38.4881645441055 -35.1999998092651 -204.516589641571 39.9605855345726 -35.7359163463116 -427.023947238922 38.6999994516373 -35.2771021425724 -429.46520447731 38.4881645441055 -35.1999998092651 -429.587513208389 39.1142144799232 -35.4278646409512 -429.147362709045 39.2867065966129 -35.4906469583511 -428.950697183609 39.9605855345726 -35.7359163463116 -241.128131747246 39.9605855345726 -35.7359163463116 -317.052066326141 39.9605855345726 -35.7359163463116 -241.128131747246 40.1999987661839 -35.0781343877316 -206.228420138359 39.9605855345726 -35.7359163463116 -205.989018082619 39.9605855345726 -35.7359163463116 -392.975986003876 40.1999987661839 -35.0781343877316 -426.130443811417 40.1999987661839 -35.0781343877316 -392.936378717422 39.9605855345726 -35.7359163463116 -279.090076684952 40.1999987661839 -35.0781343877316 -241.219893097878 40.1999987661839 -35.0781343877316 -279.149025678635 39.9605855345726 -35.7359163463116 -317.052066326141 39.9605855345726 -35.7359163463116 -427.023947238922 39.9605855345726 -35.7359163463116 -355.014026165009 40.1999987661839 -35.0781343877316 -355.007261037827 40.1999987661839 -35.0781343877316 -317.078143358231 40.1999987661839 -35.0781343877316 -241.219893097878 40.1999987661839 -35.0781343877316 -279.149025678635 38.6115908622742 -34.4999991357327 -249.274998903275 38.6115908622742 -34.4999991357327 -317.999988794327 40.1999987661839 -35.0781343877316 -317.078143358231 40.1999987661839 -35.0781343877316 -355.007261037827 38.6115908622742 -34.4999991357327 -404.000014066696 40.1999987661839 -35.0781343877316 -392.936378717422 38.6115908622742 -34.4999991357327 -204.64001595974 40.1999987661839 -35.0781343877316 -426.130443811417 38.6115908622742 -34.4999991357327 -429.51625585556 39.6318510174751 -34.8713435232639 -428.250789642334 38.6999994516373 -34.5321781933308 -429.46520447731 39.1142144799232 -34.6829406917095 -429.147362709045 39.4320525228977 -34.7986221313477 -428.733170032501 39.2867065966129 -34.7457230091095 -428.950697183609 39.5477600395679 -34.8407365381718 -428.498536348343 40.1999987661839 -35.0781343877316 -206.228420138359 36.6749987006187 -34.4999991357327 -121.275000274181 35.803060978651 -34.4999991357327 -132.881209254265 35.6878526508808 -34.4999991357327 -132.727295160294 35.8999967575073 -34.4999991357327 -146.750003099442 35.8999967575073 -34.4999991357327 -133.249998092651 29.899999499321 -34.4999991357327 -181.500002741814 25.2000000327826 -34.4999991357327 -189.724996685982 25.2000000327826 -34.4999991357327 -121.275000274181 32.1571119129658 -34.4999991357327 -147.302582859993 34.8000191152096 -34.4999991357327 -147.413343191147 34.9801480770111 -34.4999991357327 -147.480517625809 35.3613123297691 -34.4999991357327 -132.530376315117 35.5373062193394 -34.4999991357327 -132.607743144035 35.8753576874733 -34.4999991357327 -133.059337735176 34.400001168251 -34.4999991357327 -181.500002741814 35.8753576874733 -34.4999991357327 -146.940663456917 35.1714342832565 -34.4999991357327 -132.500305771828 31.9999828934669 -34.4999991357327 -132.586658000946 31.8198539316654 -34.4999991357327 -132.519483566284 31.4539261162281 -34.4999991357327 -234.210595488548 25.2000000327826 -34.4999991357327 -249.274998903275 29.899999499321 -34.4999991357327 -204.500004649162 32.8750014305115 -34.4999991357327 -232.358619570732 32.2433225810528 -34.4999991357327 -232.843324542046 32.8750014305115 -34.4999991357327 -237.641379237175 32.2433225810528 -34.4999991357327 -237.156674265862 31.7586213350296 -34.4999991357327 -236.524999141693 31.4539261162281 -34.4999991357327 -235.789403319359 31.3500016927719 -34.4999991357327 -234.999999403954 31.7586213350296 -34.4999991357327 -233.474999666214 33.6106009781361 -34.4999991357327 -237.946078181267 36.6749987006187 -34.4999991357327 -249.274998903275 35.1714342832565 -34.4999991357327 -147.499695420265 36.6749987006187 -34.4999991357327 -182.059571146965 34.9801480770111 -34.4999991357327 -132.519483566284 31.2626957893372 -34.4999991357327 -147.392258048058 31.4386896789074 -34.4999991357327 -147.469624876976 35.3613123297691 -34.4999991357327 -147.469624876976 35.5373062193394 -34.4999991357327 -147.392258048058 34.400001168251 -34.4999991357327 -182.059571146965 34.4367139041424 -34.4999991357327 -133.01819562912 32.2809256613255 -34.4999991357327 -132.844492793083 32.1571119129658 -34.4999991357327 -132.6974183321 30.9969410300255 -34.4999991357327 -147.118791937828 31.1121474951506 -34.4999991357327 -147.272706031799 33.6106009781361 -34.4999991357327 -232.05392062664 34.400001168251 -34.4999991357327 -231.949999928474 34.400001168251 -34.4999991357327 -204.500004649162 35.9250009059906 -34.4999991357327 -237.641379237175 35.1893976330757 -34.4999991357327 -237.946078181267 34.400001168251 -34.4999991357327 -238.049998879433 35.1893976330757 -34.4999991357327 -232.05392062664 34.5190726220608 -34.4999991357327 -132.844492793083 35.9250009059906 -34.4999991357327 -232.358619570732 36.556676030159 -34.4999991357327 -232.843324542046 29.899999499321 -34.4999991357327 -189.724996685982 36.556676030159 -34.4999991357327 -237.156674265862 38.6115908622742 -34.4999991357327 -204.64001595974 37.0413772761822 -34.4999991357327 -233.474999666214 37.4500006437302 -34.4999991357327 -234.999999403954 38.6115908622742 -34.4999991357327 -249.274998903275 37.3460724949837 -34.4999991357327 -234.210595488548 37.0413772761822 -34.4999991357327 -236.524999141693 37.3460724949837 -34.4999991357327 -235.789403319359 38.4000018239021 -34.4999991357327 -204.428434371948 36.6749987006187 -34.4999991357327 -198.940426111221 38.4000018239021 -34.4999991357327 -198.940426111221 38.6115908622742 -34.4999991357327 -429.51625585556 36.6749987006187 -34.4999991357327 -404.000014066696 38.6115908622742 -34.4999991357327 -404.000014066696 33.4435924887657 -34.4999991357327 -432.500004768372 25.2000000327826 -34.4999991357327 -404.000014066696 34.0361595153809 -34.4999991357327 35.0175425410271 33.6106009781361 -34.4999991357327 23.9460729062557 32.6891839504242 -34.4999991357327 35.3784635663033 35.1893976330757 -34.4999991357327 23.9460729062557 35.300001502037 -34.4999991357327 34.4282016158104 38.6115908622742 -34.4999991357327 32.5162559747696 31.3500016927719 -34.4999991357327 20.9999997168779 25.2000000327826 -34.4999991357327 4.72500175237656 25.2000000327826 -34.4999991357327 35.5000011622906 31.4539261162281 -34.4999991357327 21.7893980443478 31.7586213350296 -34.4999991357327 22.5249994546175 31.300000846386 -34.4999991357327 35.5000011622906 32.8750014305115 -34.4999991357327 23.6413776874542 32.2809256613255 -34.4999991357327 -147.15550839901 34.4367139041424 -34.4999991357327 -146.981805562973 34.400001168251 -34.4999991357327 24.0499991923571 33.6106009781361 -34.4999991357327 18.0539265275002 36.6749987006187 -34.4999991357327 4.72500175237656 32.2433225810528 -34.4999991357327 23.156676441431 35.9250009059906 -34.4999991357327 23.6413776874542 34.400001168251 -34.4999991357327 17.9500002413988 32.8750014305115 -34.4999991357327 18.3586217463017 32.2433225810528 -34.4999991357327 18.84332485497 31.7586213350296 -34.4999991357327 19.4749999791384 31.4539261162281 -34.4999991357327 20.2106013894081 36.556676030159 -34.4999991357327 23.156676441431 35.9250009059906 -34.4999991357327 18.3586217463017 35.1893976330757 -34.4999991357327 18.0539265275002 37.3460724949837 -34.4999991357327 21.7893980443478 37.4500006437302 -34.4999991357327 20.9999997168779 38.6115908622742 -34.4999991357327 4.72500175237656 37.3460724949837 -34.4999991357327 20.2106013894081 36.556676030159 -34.4999991357327 18.84332485497 37.0413772761822 -34.4999991357327 22.5249994546175 37.0413772761822 -34.4999991357327 19.4749999791384 38.4000018239021 -34.4999991357327 -22.2466494888067 36.6749987006187 -34.4999991357327 -32.0595689117908 38.6115908622742 -34.4999991357327 -22.0350567251444 33.7867252528667 -34.4999991357327 -13.4003153070807 32.6013080775738 -34.4999991357327 -12.7457110211253 33.9492857456207 -34.4999991357327 -13.2816210389137 34.1620035469532 -34.4999991357327 -19.0563797950745 33.5996821522713 -34.4999991357327 -18.5253228992224 34.0770743787289 -34.4999991357327 -18.873892724514 33.9492857456207 -34.4999991357327 -18.7183786183596 33.7867252528667 -34.4999991357327 -18.5996852815151 33.0132767558098 -34.4999991357327 -18.5996852815151 34.1986939311028 -34.4999991357327 -19.2542895674706 32.8507162630558 -34.4999991357327 -18.7183786183596 32.8507162630558 -34.4999991357327 -13.2816210389137 33.200316131115 -34.4999991357327 -13.4746767580509 33.0132767558098 -34.4999991357327 -13.4003153070807 34.0770743787289 -34.4999991357327 -13.1261078640819 31.62856772542 -34.4999991357327 -132.500305771828 31.62856772542 -34.4999991357327 -147.499695420265 31.8198539316654 -34.4999991357327 -147.480517625809 34.5190726220608 -34.4999991357327 -147.15550839901 35.803060978651 -34.4999991357327 -147.118791937828 35.6878526508808 -34.4999991357327 -147.272706031799 34.6428863704205 -34.4999991357327 -132.6974183321 32.3987789452076 -34.4999991357327 -133.207142353058 32.3632843792439 -34.4999991357327 -133.01819562912 30.9246424585581 -34.4999991357327 -146.940663456917 31.9999828934669 -34.4999991357327 -147.413343191147 32.3987789452076 -34.4999991357327 -146.792858839035 34.4012230634689 -34.4999991357327 -146.792858839035 34.6428863704205 -34.4999991357327 -147.302582859993 33.3999991416931 -34.4999991357327 -18.5000021010637 33.200316131115 -34.4999991357327 -18.5253228992224 32.7229239046574 -34.4999991357327 -18.873892724514 32.6379984617233 -34.4999991357327 -19.0563797950745 32.6013080775738 -34.4999991357327 -19.2542895674706 32.6379984617233 -34.4999991357327 -12.9436207935214 33.3999991416931 -34.4999991357327 -13.4999984875321 32.7229239046574 -34.4999991357327 -13.1261078640819 33.5996821522713 -34.4999991357327 -13.4746767580509 34.1620035469532 -34.4999991357327 -12.9436207935214 32.3987789452076 -34.4999991357327 -22.7928590029478 34.1986939311028 -34.4999991357327 -12.7457110211253 32.3987789452076 -34.4999991357327 -9.20714065432549 34.4012230634689 -34.4999991357327 -9.20714065432549 35.8999967575073 -34.4999991357327 -9.24999639391899 35.8999967575073 -34.4999991357327 -22.7500032633543 35.8753576874733 -34.4999991357327 -22.9406636208296 34.4012230634689 -34.4999991357327 -22.7928590029478 30.9000033885241 -34.4999991357327 -22.7500032633543 30.9000033885241 -34.4999991357327 -9.24999639391899 35.8753576874733 -34.4999991357327 -9.05933603644371 34.4367139041424 -34.4999991357327 -22.9818001389503 32.3632843792439 -34.4999991357327 -22.9818001389503 30.9246424585581 -34.4999991357327 -9.05933603644371 34.4367139041424 -34.4999991357327 -9.01819951832294 35.803060978651 -34.4999991357327 -8.88120289891958 35.803060978651 -34.4999991357327 -23.1187976896763 32.2809256613255 -34.4999991357327 -23.1555122882128 29.899999499321 -34.4999991357327 -32.0595689117908 30.9969410300255 -34.4999991357327 -8.88120289891958 31.1121474951506 -34.4999991357327 -8.72729998081923 31.62856772542 -34.4999991357327 -8.50030314177275 34.9801480770111 -34.4999991357327 -23.4805177897215 31.1121474951506 -34.4999991357327 -23.2726987451315 30.9969410300255 -34.4999991357327 -23.1187976896763 30.9246424585581 -34.4999991357327 -22.9406636208296 31.2626957893372 -34.4999991357327 -8.60774144530296 32.3632843792439 -34.4999991357327 -9.01819951832294 34.5190726220608 -34.4999991357327 -8.84448830038309 35.6878526508808 -34.4999991357327 -8.72729998081923 35.6878526508808 -34.4999991357327 -23.2726987451315 35.5373062193394 -34.4999991357327 -23.3922582119703 35.1714342832565 -34.4999991357327 -23.4996974468231 34.8000191152096 -34.4999991357327 -23.4133396297693 34.6428863704205 -34.4999991357327 -23.3025792986155 34.5190726220608 -34.4999991357327 -23.1555122882128 31.8198539316654 -34.4999991357327 -23.4805177897215 32.1571119129658 -34.4999991357327 -23.3025792986155 31.9999828934669 -34.4999991357327 -23.4133396297693 31.62856772542 -34.4999991357327 -23.4996974468231 31.4386896789074 -34.4999991357327 -23.4696194529533 31.4386896789074 -34.4999991357327 -8.53038113564253 32.1571119129658 -34.4999991357327 -8.69742035865784 32.2809256613255 -34.4999991357327 -8.84448830038309 34.6428863704205 -34.4999991357327 -8.69742035865784 34.8000191152096 -34.4999991357327 -8.58665909618139 35.3613123297691 -34.4999991357327 -23.4696194529533 31.2626957893372 -34.4999991357327 -23.3922582119703 31.9999828934669 -34.4999991357327 -8.58665909618139 35.3613123297691 -34.4999991357327 -8.53038113564253 35.5373062193394 -34.4999991357327 -8.60774144530296 31.8198539316654 -34.4999991357327 -8.51948279887438 34.9801480770111 -34.4999991357327 -8.51948279887438 35.1714342832565 -34.4999991357327 -8.50030314177275 25.2000000327826 -34.4999991357327 -63.7250021100044 29.899999499321 -34.4999991357327 -47.4404320120811 36.6749987006187 -34.4999991357327 -63.7250021100044 36.6749987006187 -34.4999991357327 -47.4404320120811 38.4000018239021 -34.4999991357327 -32.0595689117908 25.2000000327826 -34.4999991357327 -432.500004768372 34.400001168251 -34.4999991357327 -198.940426111221 38.4000018239021 -34.4999991357327 -147.371351718903 38.4000018239021 -34.4999991357327 -182.059571146965 38.6115908622742 -34.4999991357327 -79.4582441449165 36.556676030159 -34.4999991357327 -104.843325912952 38.4000018239021 -34.4999991357327 -79.2466476559639 38.4000018239021 -34.4999991357327 -63.7250021100044 38.4000018239021 -34.4999991357327 -47.4404320120811 35.9250009059906 -34.4999991357327 -109.641380608082 36.556676030159 -34.4999991357327 -109.156675636768 38.6115908622742 -34.4999991357327 -317.999988794327 36.6749987006187 -34.4999991357327 -317.999988794327 35.3613123297691 -34.4999991357327 -260.530382394791 35.1714342832565 -34.4999991357327 -260.500311851501 35.3613123297691 -34.4999991357327 -360.530376434326 35.1714342832565 -34.4999991357327 -360.500305891037 34.8000191152096 -34.4999991357327 -132.586658000946 34.4012230634689 -34.4999991357327 -133.207142353058 31.4386896789074 -34.4999991357327 -132.530376315117 31.1121474951506 -34.4999991357327 -132.727295160294 30.9969410300255 -34.4999991357327 -132.881209254265 32.3632843792439 -34.4999991357327 -146.981805562973 33.200316131115 -34.4999991357327 -137.474671006203 32.6379984617233 -34.4999991357327 -136.943623423576 32.6013080775738 -34.4999991357327 -136.7457062006 31.2626957893372 -34.4999991357327 -132.607743144035 30.9246424585581 -34.4999991357327 -133.059337735176 33.7867252528667 -34.4999991357327 -137.400314211845 33.5996821522713 -34.4999991357327 -137.474671006203 34.1986939311028 -34.4999991357327 -136.7457062006 30.9000033885241 -34.4999991357327 -146.750003099442 32.6379984617233 -34.4999991357327 -143.056377768517 34.1620035469532 -34.4999991357327 -143.056377768517 34.1986939311028 -34.4999991357327 -143.254294991493 34.1620035469532 -34.4999991357327 -136.943623423576 33.3999991416931 -34.4999991357327 -137.500002980232 30.9000033885241 -34.4999991357327 -133.249998092651 34.0770743787289 -34.4999991357327 -137.126103043556 32.8507162630558 -34.4999991357327 -137.281626462936 32.7229239046574 -34.4999991357327 -137.126103043556 32.6013080775738 -34.4999991357327 -143.254294991493 33.9492857456207 -34.4999991357327 -137.281626462936 33.0132767558098 -34.4999991357327 -137.400314211845 33.0132767558098 -34.4999991357327 -142.599686980247 34.0770743787289 -34.4999991357327 -142.873898148537 32.8507162630558 -34.4999991357327 -142.718374729156 32.7229239046574 -34.4999991357327 -142.873898148537 33.5996821522713 -34.4999991357327 -142.52533018589 33.7867252528667 -34.4999991357327 -142.599686980247 33.3999991416931 -34.4999991357327 -142.499998211861 33.200316131115 -34.4999991357327 -142.52533018589 33.9492857456207 -34.4999991357327 -142.718374729156 38.6115908622742 -34.4999991357327 -147.15975522995 38.6115908622742 -34.4999991357327 -121.275000274181 37.0413772761822 -34.4999991357327 -108.5250005126 37.3460724949837 -34.4999991357327 -106.210604310036 37.0413772761822 -34.4999991357327 -105.475001037121 37.3460724949837 -34.4999991357327 -107.789397239685 37.4500006437302 -34.4999991357327 -107.00000077486 35.1893976330757 -34.4999991357327 -104.053929448128 34.400001168251 -34.4999991357327 -103.950001299381 35.9250009059906 -34.4999991357327 -104.358620941639 33.6106009781361 -34.4999991357327 -109.946072101593 34.400001168251 -34.4999991357327 -110.05000025034 32.2433225810528 -34.4999991357327 -104.843325912952 31.7586213350296 -34.4999991357327 -105.475001037121 35.1893976330757 -34.4999991357327 -109.946072101593 33.6106009781361 -34.4999991357327 -104.053929448128 32.8750014305115 -34.4999991357327 -104.358620941639 31.4539261162281 -34.4999991357327 -107.789397239685 31.7586213350296 -34.4999991357327 -108.5250005126 31.3500016927719 -34.4999991357327 -107.00000077486 32.2433225810528 -34.4999991357327 -109.156675636768 32.8750014305115 -34.4999991357327 -109.641380608082 31.4539261162281 -34.4999991357327 -106.210604310036 25.2000000327826 -34.4999991357327 -317.999988794327 31.4386896789074 -34.4999991357327 -275.46963095665 31.62856772542 -34.4999991357327 -275.499701499939 34.5190726220608 -34.4999991357327 -260.844498872757 32.1571119129658 -34.4999991357327 -260.697424411774 31.9999828934669 -34.4999991357327 -260.586649179459 34.9801480770111 -34.4999991357327 -260.519474744797 34.8000191152096 -34.4999991357327 -260.586649179459 31.1121474951506 -34.4999991357327 -275.272697210312 31.2626957893372 -34.4999991357327 -275.392264127731 34.6428863704205 -34.4999991357327 -275.302588939667 34.8000191152096 -34.4999991357327 -275.413334369659 35.5373062193394 -34.4999991357327 -260.607749223709 34.6428863704205 -34.4999991357327 -260.697424411774 30.9969410300255 -34.4999991357327 -260.881215333939 30.9246424585581 -34.4999991357327 -261.05934381485 31.8198539316654 -34.4999991357327 -275.480508804321 31.9999828934669 -34.4999991357327 -275.413334369659 34.9801480770111 -34.4999991357327 -275.480508804321 35.1714342832565 -34.4999991357327 -275.499701499939 35.8753576874733 -34.4999991357327 -261.05934381485 35.803060978651 -34.4999991357327 -260.881215333939 34.4367139041424 -34.4999991357327 -261.018186807632 32.3632843792439 -34.4999991357327 -261.018186807632 32.2809256613255 -34.4999991357327 -260.844498872757 31.4386896789074 -34.4999991357327 -260.530382394791 31.2626957893372 -34.4999991357327 -260.607749223709 30.9246424585581 -34.4999991357327 -274.940669536591 30.9969410300255 -34.4999991357327 -275.118798017502 32.3987789452076 -34.4999991357327 -274.792850017548 34.4012230634689 -34.4999991357327 -274.792850017548 34.4367139041424 -34.4999991357327 -274.981796741486 35.3613123297691 -34.4999991357327 -275.46963095665 35.5373062193394 -34.4999991357327 -275.392264127731 35.6878526508808 -34.4999991357327 -260.727286338806 31.62856772542 -34.4999991357327 -260.500311851501 31.1121474951506 -34.4999991357327 -260.727286338806 30.9000033885241 -34.4999991357327 -274.749994277954 32.1571119129658 -34.4999991357327 -275.302588939667 32.3987789452076 -34.4999991357327 -261.20713353157 31.8198539316654 -34.4999991357327 -260.519474744797 32.2809256613255 -34.4999991357327 -275.155514478683 32.3632843792439 -34.4999991357327 -274.981796741486 34.5190726220608 -34.4999991357327 -275.155514478683 35.803060978651 -34.4999991357327 -275.118798017502 35.8753576874733 -34.4999991357327 -274.940669536591 35.6878526508808 -34.4999991357327 -275.272697210312 35.8999967575073 -34.4999991357327 -261.249989271164 34.1986939311028 -34.4999991357327 -264.745712280273 32.6013080775738 -34.4999991357327 -264.745712280273 30.9000033885241 -34.4999991357327 -261.249989271164 33.200316131115 -34.4999991357327 -365.474671125412 34.1620035469532 -34.4999991357327 -364.943623542786 33.3999991416931 -34.4999991357327 -365.500003099442 33.5996821522713 -34.4999991357327 -365.474671125412 33.7867252528667 -34.4999991357327 -365.400314331055 33.9492857456207 -34.4999991357327 -365.281611680984 34.0770743787289 -34.4999991357327 -365.126103162766 34.0770743787289 -34.4999991357327 -370.873898267746 32.6013080775738 -34.4999991357327 -371.254295110703 33.9492857456207 -34.4999991357327 -370.718389749527 33.7867252528667 -34.4999991357327 -370.599687099457 33.5996821522713 -34.4999991357327 -370.525330305099 33.0132767558098 -34.4999991357327 -370.599687099457 32.8507162630558 -34.4999991357327 -370.718389749527 32.6379984617233 -34.4999991357327 -371.056377887726 32.7229239046574 -34.4999991357327 -365.126103162766 32.8507162630558 -34.4999991357327 -365.281611680984 33.0132767558098 -34.4999991357327 -365.400314331055 33.3999991416931 -34.4999991357327 -370.49999833107 33.200316131115 -34.4999991357327 -370.525330305099 32.7229239046574 -34.4999991357327 -370.873898267746 32.6379984617233 -34.4999991357327 -364.943623542786 34.1620035469532 -34.4999991357327 -371.056377887726 34.1986939311028 -34.4999991357327 -371.254295110703 32.3987789452076 -34.4999991357327 -374.792873859406 30.9000033885241 -34.4999991357327 -361.249983310699 30.9246424585581 -34.4999991357327 -361.059337854385 34.1986939311028 -34.4999991357327 -364.745706319809 32.3987789452076 -34.4999991357327 -361.207127571106 34.4012230634689 -34.4999991357327 -361.207127571106 32.6013080775738 -34.4999991357327 -364.745706319809 34.4012230634689 -34.4999991357327 -374.792873859406 30.9000033885241 -34.4999991357327 -374.750018119812 31.8198539316654 -34.4999991357327 -360.519468784332 31.9999828934669 -34.4999991357327 -360.586673021317 35.8999967575073 -34.4999991357327 -374.750018119812 35.8753576874733 -34.4999991357327 -374.940663576126 31.1121474951506 -34.4999991357327 -360.727310180664 31.2626957893372 -34.4999991357327 -360.607743263245 31.62856772542 -34.4999991357327 -360.500305891037 34.4367139041424 -34.4999991357327 -361.01821064949 35.8999967575073 -34.4999991357327 -361.249983310699 34.4367139041424 -34.4999991357327 -374.981790781021 32.3632843792439 -34.4999991357327 -374.981790781021 32.2809256613255 -34.4999991357327 -375.155508518219 32.1571119129658 -34.4999991357327 -375.302582979202 31.1121474951506 -34.4999991357327 -375.272691249847 30.9969410300255 -34.4999991357327 -375.118792057037 30.9246424585581 -34.4999991357327 -374.940663576126 30.9969410300255 -34.4999991357327 -360.881209373474 31.4386896789074 -34.4999991357327 -360.530376434326 34.6428863704205 -34.4999991357327 -360.697418451309 34.8000191152096 -34.4999991357327 -360.586673021317 35.803060978651 -34.4999991357327 -360.881209373474 35.8753576874733 -34.4999991357327 -361.059337854385 35.803060978651 -34.4999991357327 -375.118792057037 35.6878526508808 -34.4999991357327 -375.272691249847 34.6428863704205 -34.4999991357327 -375.302582979202 31.9999828934669 -34.4999991357327 -375.413328409195 34.5190726220608 -34.4999991357327 -375.155508518219 32.1571119129658 -34.4999991357327 -360.697418451309 32.2809256613255 -34.4999991357327 -360.844492912292 32.3632843792439 -34.4999991357327 -361.01821064949 34.5190726220608 -34.4999991357327 -360.844492912292 35.5373062193394 -34.4999991357327 -375.392258167267 31.4386896789074 -34.4999991357327 -375.469624996185 31.2626957893372 -34.4999991357327 -375.392258167267 35.5373062193394 -34.4999991357327 -360.607743263245 35.6878526508808 -34.4999991357327 -360.727310180664 34.9801480770111 -34.4999991357327 -375.480502843857 34.8000191152096 -34.4999991357327 -375.413328409195 31.62856772542 -34.4999991357327 -375.499695539474 35.3613123297691 -34.4999991357327 -375.469624996185 35.1714342832565 -34.4999991357327 -375.499695539474 31.8198539316654 -34.4999991357327 -375.480502843857 34.9801480770111 -34.4999991357327 -360.519468784332 33.0132767558098 -34.4999991357327 -265.400320291519 33.3999991416931 -34.4999991357327 -265.500009059906 33.200316131115 -34.4999991357327 -265.474677085876 33.5996821522713 -34.4999991357327 -265.474677085876 32.8507162630558 -34.4999991357327 -265.281617641449 33.7867252528667 -34.4999991357327 -265.400320291519 34.0770743787289 -34.4999991357327 -265.12610912323 34.1620035469532 -34.4999991357327 -264.94362950325 34.0770743787289 -34.4999991357327 -270.87390422821 34.1986939311028 -34.4999991357327 -271.254301071167 33.9492857456207 -34.4999991357327 -270.718365907669 33.7867252528667 -34.4999991357327 -270.599693059921 33.5996821522713 -34.4999991357327 -270.525336265564 32.7229239046574 -34.4999991357327 -270.87390422821 32.6379984617233 -34.4999991357327 -271.05638384819 32.7229239046574 -34.4999991357327 -265.12610912323 33.9492857456207 -34.4999991357327 -265.281617641449 33.3999991416931 -34.4999991357327 -270.500004291534 33.200316131115 -34.4999991357327 -270.525336265564 33.0132767558098 -34.4999991357327 -270.599693059921 32.8507162630558 -34.4999991357327 -270.718365907669 32.6013080775738 -34.4999991357327 -271.254301071167 32.6379984617233 -34.4999991357327 -264.94362950325 34.4012230634689 -34.4999991357327 -261.20713353157 35.8999967575073 -34.4999991357327 -274.749994277954 34.1620035469532 -34.4999991357327 -271.05638384819 9.60000045597553 -35.1499989628792 -453.20001244545 8.20000004023314 -35.1499989628792 37.0000004768372 8.20000004023314 -35.1499989628792 -453.20001244545 9.60000045597553 -35.1499989628792 37.0000004768372 9.60000045597553 -7.30000017210841 -453.20001244545 9.60000045597553 -35.1499989628792 37.0000004768372 9.60000045597553 -35.1499989628792 -453.20001244545 9.60000045597553 -7.30000017210841 37.0000004768372 18.6000000685453 -7.30000017210841 -442.00000166893 9.60000045597553 -7.30000017210841 -453.20001244545 18.6000000685453 -7.30000017210841 -453.20001244545 9.60000045597553 -7.30000017210841 37.0000004768372 24.4999993592501 -7.30000017210841 37.0000004768372 24.4999993592501 -7.30000017210841 -442.00000166893 24.4999993592501 -7.30000017210841 -442.00000166893 24.4999993592501 -32.2999991476536 -432.500004768372 24.4999993592501 -18.1000009179115 35.5000011622906 24.4999993592501 -34.4999991357327 35.5000011622906 24.4999993592501 -32.2999991476536 -442.00000166893 24.4999993592501 -7.30000017210841 37.0000004768372 24.4999993592501 -34.4999991357327 -432.500004768372 24.4999993592501 -18.1000009179115 37.0000004768372 7.0903804153204 -41.9096201658249 37.0000004768372 8.00961907953024 -41.9096201658249 37.0000004768372 6.9870837032795 -41.7749993503094 37.0000004768372 6.92214816808701 -41.6182316839695 37.0000004768372 6.89999992027879 -41.4500012993813 37.0000004768372 24.4999993592501 -7.30000017210841 37.0000004768372 27.7794227004051 -17.6500007510185 37.0000004768372 27.8693325817585 -17.4329373985529 37.0000004768372 27.232937514782 -18.0693324655294 37.0000004768372 27.4500008672476 -17.9794225841761 37.0000004768372 12.9001438617706 85.858941078186 37.0000004768372 19.6161158382893 12.383883818984 37.0000004768372 19.8749992996454 12.5825321301818 37.0000004768372 9.60000045597553 -7.30000017210841 37.0000004768372 19.2925930023193 11.1764762550592 37.0000004768372 19.2499998956919 11.5000000223517 37.0000004768372 19.6161158382893 10.6161162257195 37.0000004768372 19.8749992996454 10.4174679145217 37.0000004768372 20.1764758676291 10.292592458427 37.0000004768372 20.8235234022141 10.292592458427 37.0000004768372 21.1249999701977 10.4174679145217 37.0000004768372 21.3838834315538 10.6161162257195 37.0000004768372 21.5825326740742 10.8749996870756 37.0000004768372 20.5000005662441 10.2500002831221 37.0000004768372 19.4174684584141 10.8749996870756 37.0000004768372 27.0000007003546 -18.1000009179115 37.0000004768372 27.6363957673311 -17.8363956511021 37.0000004768372 19.2925930023193 11.8235237896442 37.0000004768372 27.8999991714954 85.7999995350838 37.0000004768372 20.8235234022141 12.7074075862765 37.0000004768372 21.1249999701977 12.5825321301818 37.0000004768372 12.949819676578 86.1318707466125 37.0000004768372 21.3838834315538 12.383883818984 37.0000004768372 21.5825326740742 12.1250003576279 37.0000004768372 13.998563401401 86.9000032544136 37.0000004768372 20.1764758676291 12.7074075862765 37.0000004768372 26.7999991774559 86.9000032544136 37.0000004768372 20.5000005662441 12.7499997615814 37.0000004768372 27.8999991714954 -17.2000005841255 37.0000004768372 21.7074081301689 11.8235237896442 37.0000004768372 21.7499993741512 11.5000000223517 37.0000004768372 27.8625190258026 86.0847011208534 37.0000004768372 27.0847007632256 86.8625193834305 37.0000004768372 13.7233678251505 86.865022778511 37.0000004768372 7.38176750019193 -42.0778505504131 37.0000004768372 7.22499983385205 -42.0129150152206 37.0000004768372 13.4656736627221 86.7623016238213 37.0000004768372 13.0661968141794 86.3836854696274 37.0000004768372 13.2418721914291 86.5983814001083 37.0000004768372 27.577817440033 86.5778177976608 37.0000004768372 27.3499991744757 86.7526307702065 37.0000004768372 27.7526285499334 86.3500013947487 37.0000004768372 8.17785132676363 -41.6182316839695 37.0000004768372 8.11291672289371 -41.7749993503094 37.0000004768372 7.55000021308661 -42.1000011265278 37.0000004768372 19.4174684584141 12.1250003576279 37.0000004768372 21.7074081301689 11.1764762550592 37.0000004768372 24.4999993592501 -18.1000009179115 37.0000004768372 6.89999992027879 -25.9567573666573 37.0000004768372 9.60000045597553 -35.1499989628792 37.0000004768372 8.20000004023314 -35.1499989628792 37.0000004768372 8.20000004023314 -41.4500012993813 37.0000004768372 7.71823246032 -42.0778505504131 37.0000004768372 7.87500012665987 -42.0129150152206 37.0000004768372 25.2000000327826 -32.2999991476536 -432.500004768372 24.4999993592501 -32.2999991476536 -442.00000166893 25.2000000327826 -32.2999991476536 -442.00000166893 24.4999993592501 -32.2999991476536 -432.500004768372 25.2000000327826 -6.59999996423721 -437.000006437302 18.6000000685453 -6.59999996423721 -442.00000166893 18.6000000685453 -6.59999996423721 -437.000006437302 25.2000000327826 -6.59999996423721 -442.00000166893 24.4999993592501 -7.30000017210841 -442.00000166893 25.2000000327826 -32.2999991476536 -442.00000166893 24.4999993592501 -32.2999991476536 -442.00000166893 25.2000000327826 -6.59999996423721 -442.00000166893 18.6000000685453 -6.59999996423721 -442.00000166893 18.6000000685453 -7.30000017210841 -442.00000166893 25.0592343509197 -35.5146043002605 -432.500004768372 25.2000000327826 -34.4999991357327 -432.500004768372 25.3323148936033 -35.6422811746597 -432.500004768372 25.9293876588345 -35.6778725981712 -432.500004768372 26.2157004326582 -35.5835370719433 -432.500004768372 26.4694690704346 -35.4208238422871 -432.500004768372 26.6746785491705 -35.1999998092651 -432.500004768372 25.6285984069109 -35.6978736817837 -432.500004768372 33.4435924887657 -34.4999991357327 -432.500004768372 33.4435924887657 -35.1999998092651 -432.500004768372 24.4999993592501 -34.4999991357327 -432.500004768372 25.2000000327826 -32.2999991476536 -432.500004768372 24.5378650724888 -34.7990654408932 -432.500004768372 24.649066850543 -35.0792594254017 -432.500004768372 24.4999993592501 -32.2999991476536 -432.500004768372 24.8265918344259 -35.3228971362114 -432.500004768372 36.1499972641468 -35.1999998092651 -430.937469005585 33.4435924887657 -34.4999991357327 -432.500004768372 38.6115908622742 -34.4999991357327 -429.51625585556 38.4881645441055 -35.1999998092651 -429.587513208389 38.6999994516373 -34.5321781933308 -429.46520447731 38.6999994516373 -35.2771021425724 -429.46520447731 37.9690825939178 -35.1999998092651 -429.88720536232 33.4435924887657 -35.1999998092651 -432.500004768372 39.4320525228977 -35.5435460805893 -428.733170032501 39.5477600395679 -34.8407365381718 -428.498536348343 39.5477600395679 -35.5856604874134 -428.498536348343 39.4320525228977 -34.7986221313477 -428.733170032501 39.6318510174751 -34.8713435232639 -428.250789642334 39.6318510174751 -35.6162674725056 -428.250789642334 39.2867065966129 -35.4906469583511 -428.950697183609 39.2867065966129 -34.7457230091095 -428.950697183609 39.1142144799232 -34.6829406917095 -429.147362709045 38.6999994516373 -35.2771021425724 -429.46520447731 38.6999994516373 -34.5321781933308 -429.46520447731 39.1142144799232 -35.4278646409512 -429.147362709045 39.6318510174751 -34.8713435232639 -428.250789642334 39.9605855345726 -35.7359163463116 -427.023947238922 39.6318510174751 -35.6162674725056 -428.250789642334 40.1999987661839 -35.0781343877316 -426.130443811417 39.9605855345726 -35.7359163463116 30.0239473581314 39.6318510174751 -34.8713435232639 31.2508009374142 39.6318510174751 -35.6162674725056 31.2508009374142 40.1999987661839 -35.0781343877316 29.1304402053356 38.6999994516373 -35.2771021425724 32.4652120471001 39.1142144799232 -34.6829406917095 32.1473740041256 38.6999994516373 -34.5321781933308 32.4652120471001 39.1142144799232 -35.4278646409512 32.1473740041256 39.2867065966129 -34.7457230091095 31.9506861269474 39.5477600395679 -34.8407365381718 31.4985290169716 39.4320525228977 -35.5435460805893 31.7331627011299 39.5477600395679 -35.5856604874134 31.4985290169716 39.4320525228977 -34.7986221313477 31.7331627011299 39.2867065966129 -35.4906469583511 31.9506861269474 39.6318510174751 -34.8713435232639 31.2508009374142 39.6318510174751 -35.6162674725056 31.2508009374142 38.6115908622742 -34.4999991357327 32.5162559747696 37.9690825939178 -35.1999998092651 32.8872092068195 38.4881645441055 -35.1999998092651 32.5875170528889 35.300001502037 -34.4999991357327 34.4282016158104 38.6999994516373 -34.5321781933308 32.4652120471001 38.6999994516373 -35.2771021425724 32.4652120471001 35.300001502037 -35.1999998092651 34.4282016158104 32.6891839504242 -35.1999998092651 35.3784635663033 31.300000846386 -34.4999991357327 35.5000011622906 31.300000846386 -35.1999998092651 35.5000011622906 34.0361595153809 -35.1999998092651 35.0175425410271 32.6891839504242 -34.4999991357327 35.3784635663033 35.300001502037 -35.1999998092651 34.4282016158104 34.0361595153809 -34.4999991357327 35.0175425410271 35.300001502037 -34.4999991357327 34.4282016158104 25.4999995231628 -24.5050005614758 -430.559992790222 25.2000000327826 -24.5050005614758 -421.440005302429 25.4999995231628 -24.5050005614758 -421.440005302429 25.2000000327826 -24.5050005614758 -430.559992790222 25.4999995231628 -28.4950006753206 -430.559992790222 25.2000000327826 -24.5050005614758 -430.559992790222 25.4999995231628 -24.5050005614758 -430.559992790222 25.2000000327826 -28.4950006753206 -430.559992790222 25.4999995231628 -28.4950006753206 -421.440005302429 25.2000000327826 -28.4950006753206 -430.559992790222 25.4999995231628 -28.4950006753206 -430.559992790222 25.2000000327826 -28.4950006753206 -421.440005302429 25.4999995231628 -28.4950006753206 -421.440005302429 25.2000000327826 -24.5050005614758 -421.440005302429 25.2000000327826 -28.4950006753206 -421.440005302429 25.4999995231628 -24.5050005614758 -421.440005302429 25.4999995231628 -24.5050005614758 -421.440005302429 25.4999995231628 -28.4950006753206 -430.559992790222 25.4999995231628 -24.5050005614758 -430.559992790222 25.4999995231628 -28.4950006753206 -421.440005302429 25.4999995231628 -24.5050005614758 19.3499997258186 25.2000000327826 -28.4950006753206 19.3499997258186 25.4999995231628 -28.4950006753206 19.3499997258186 25.2000000327826 -24.5050005614758 19.3499997258186 25.2000000327826 -24.5050005614758 19.3499997258186 25.4999995231628 -24.5050005614758 10.3500001132488 25.2000000327826 -24.5050005614758 10.3500001132488 25.4999995231628 -24.5050005614758 19.3499997258186 25.4999995231628 -28.4950006753206 10.3500001132488 25.2000000327826 -24.5050005614758 10.3500001132488 25.4999995231628 -24.5050005614758 10.3500001132488 25.2000000327826 -28.4950006753206 10.3500001132488 25.4999995231628 -28.4950006753206 10.3500001132488 25.2000000327826 -28.4950006753206 19.3499997258186 25.2000000327826 -28.4950006753206 10.3500001132488 25.4999995231628 -28.4950006753206 19.3499997258186 25.4999995231628 -24.5050005614758 10.3500001132488 25.4999995231628 -28.4950006753206 19.3499997258186 25.4999995231628 -28.4950006753206 10.3500001132488 25.4999995231628 -24.5050005614758 19.3499997258186 38.4000018239021 -36.2999998033047 -32.6561629772186 38.4000018239021 -35.5999991297722 -46.5174205601215 38.4000018239021 -35.5999991297722 -32.9825803637505 38.4000018239021 -34.4999991357327 -63.7250021100044 38.4000018239021 -35.1999998092651 -47.7668456733227 38.4000018239021 -35.1999998092651 -79.2466476559639 38.4000018239021 -34.4999991357327 -22.2466494888067 38.4000018239021 -35.1999998092651 -31.7331552505493 38.4000018239021 -34.4999991357327 -32.0595689117908 38.4000018239021 -36.2999998033047 -46.8438379466534 38.4000018239021 -34.4999991357327 -47.4404320120811 38.4000018239021 -35.1999998092651 -22.2466494888067 38.4000018239021 -34.4999991357327 -79.2466476559639 38.4000018239021 -34.4999991357327 -22.2466494888067 38.4881645441055 -35.1999998092651 -22.1584867686033 38.4000018239021 -35.1999998092651 -22.2466494888067 38.6115908622742 -34.4999991357327 -22.0350567251444 39.9605855345726 -35.7359163463116 -20.6860639154911 40.1999987661839 -35.0781343877316 -20.4466488212347 38.4000018239021 -34.4999991357327 -79.2466476559639 38.4881645441055 -35.1999998092651 -79.3348103761673 38.6115908622742 -34.4999991357327 -79.4582441449165 38.4000018239021 -35.1999998092651 -79.2466476559639 39.9605855345726 -35.7359163463116 -80.807238817215 40.1999987661839 -35.0781343877316 -81.0466483235359 34.400001168251 -35.1999998092651 -181.733161211014 34.400001168251 -34.4999991357327 -181.500002741814 34.400001168251 -34.4999991357327 -182.059571146965 34.400001168251 -35.5999991297722 -182.982578873634 34.400001168251 -35.5999991297722 -198.017418384552 34.400001168251 -35.1999998092651 -199.266850948334 34.400001168251 -36.2999998033047 -198.343843221664 34.400001168251 -34.4999991357327 -204.500004649162 34.400001168251 -35.1999998092651 -204.500004649162 34.400001168251 -36.2999998033047 -182.656168937683 34.400001168251 -34.4999991357327 -198.940426111221 34.400001168251 -35.1999998092651 -181.500002741814 34.400001168251 -35.1999998092651 -204.500004649162 29.899999499321 -34.4999991357327 -204.500004649162 29.899999499321 -35.1999998092651 -204.500004649162 34.400001168251 -34.4999991357327 -204.500004649162 29.899999499321 -34.4999991357327 -204.500004649162 29.899999499321 -35.1999998092651 -189.724996685982 29.899999499321 -35.1999998092651 -204.500004649162 29.899999499321 -34.4999991357327 -189.724996685982 29.899999499321 -35.1999998092651 -181.500002741814 29.899999499321 -34.4999991357327 -181.500002741814 38.4000018239021 -34.4999991357327 -147.371351718903 38.4000018239021 -35.1999998092651 -181.733161211014 38.4000018239021 -34.4999991357327 -182.059571146965 38.4000018239021 -35.5999991297722 -198.017418384552 38.4000018239021 -36.2999998033047 -182.656168937683 38.4000018239021 -36.2999998033047 -198.343843221664 38.4000018239021 -35.1999998092651 -147.371351718903 38.4000018239021 -35.5999991297722 -182.982578873634 38.4000018239021 -35.1999998092651 -199.266850948334 38.4000018239021 -34.4999991357327 -204.428434371948 38.4000018239021 -34.4999991357327 -198.940426111221 38.4000018239021 -35.1999998092651 -204.428434371948 39.9605855345726 -35.7359163463116 -145.810768008232 38.6115908622742 -34.4999991357327 -147.15975522995 40.1999987661839 -35.0781343877316 -145.571351051331 38.4881645441055 -35.1999998092651 -147.283181548119 38.4000018239021 -34.4999991357327 -147.371351718903 38.4000018239021 -35.1999998092651 -147.371351718903 38.4881645441055 -35.1999998092651 -204.516589641571 38.4000018239021 -34.4999991357327 -204.428434371948 38.4000018239021 -35.1999998092651 -204.428434371948 38.6115908622742 -34.4999991357327 -204.64001595974 39.9605855345726 -35.7359163463116 -205.989018082619 40.1999987661839 -35.0781343877316 -206.228420138359 29.899999499321 -35.1999998092651 -46.8530617654324 36.6749987006187 -34.4999991357327 -47.4404320120811 29.899999499321 -34.4999991357327 -47.4404320120811 38.4000018239021 -35.5999991297722 -46.5174205601215 29.899999499321 -35.5999991297722 -46.5174205601215 38.4000018239021 -34.4999991357327 -47.4404320120811 38.4000018239021 -35.5999991297722 -46.5174205601215 29.899999499321 -35.5999991297722 -32.9825803637505 38.4000018239021 -35.5999991297722 -32.9825803637505 29.899999499321 -35.5999991297722 -46.5174205601215 38.4000018239021 -35.5999991297722 -32.9825803637505 36.6749987006187 -34.4999991357327 -32.0595689117908 38.4000018239021 -34.4999991357327 -32.0595689117908 29.899999499321 -35.1999998092651 -32.6469391584396 29.899999499321 -35.5999991297722 -32.9825803637505 29.899999499321 -34.4999991357327 -32.0595689117908 29.899999499321 -36.2999998033047 -32.6561629772186 36.1499972641468 -35.1999998092651 -31.7331552505493 29.899999499321 -35.1999998092651 -31.7331552505493 37.9690825939178 -35.1999998092651 -31.7331552505493 38.4000018239021 -36.2999998033047 -32.6561629772186 38.4000018239021 -35.1999998092651 -31.7331552505493 38.4000018239021 -36.2999998033047 -46.8438379466534 29.899999499321 -36.2999998033047 -32.6561629772186 29.899999499321 -36.2999998033047 -46.8438379466534 38.4000018239021 -36.2999998033047 -32.6561629772186 36.1499972641468 -35.1999998092651 -47.7668456733227 29.899999499321 -36.2999998033047 -46.8438379466534 29.899999499321 -35.1999998092651 -47.7668456733227 38.4000018239021 -36.2999998033047 -46.8438379466534 37.9690825939178 -35.1999998092651 -47.7668456733227 38.4000018239021 -35.1999998092651 -47.7668456733227 36.6749987006187 -34.4999991357327 -198.940426111221 38.4000018239021 -35.5999991297722 -198.017418384552 38.4000018239021 -34.4999991357327 -198.940426111221 34.400001168251 -35.5999991297722 -198.017418384552 34.400001168251 -34.4999991357327 -198.940426111221 34.400001168251 -35.5999991297722 -182.982578873634 38.4000018239021 -35.5999991297722 -198.017418384552 34.400001168251 -35.5999991297722 -198.017418384552 38.4000018239021 -35.5999991297722 -182.982578873634 34.400001168251 -35.5999991297722 -182.982578873634 36.6749987006187 -34.4999991357327 -182.059571146965 38.4000018239021 -35.5999991297722 -182.982578873634 34.400001168251 -34.4999991357327 -182.059571146965 38.4000018239021 -34.4999991357327 -182.059571146965 34.400001168251 -36.2999998033047 -182.656168937683 36.1499972641468 -35.1999998092651 -181.733161211014 34.400001168251 -35.1999998092651 -181.733161211014 38.4000018239021 -36.2999998033047 -182.656168937683 37.9690825939178 -35.1999998092651 -181.733161211014 38.4000018239021 -35.1999998092651 -181.733161211014 38.4000018239021 -36.2999998033047 -198.343843221664 34.400001168251 -36.2999998033047 -182.656168937683 34.400001168251 -36.2999998033047 -198.343843221664 38.4000018239021 -36.2999998033047 -182.656168937683 38.4000018239021 -36.2999998033047 -198.343843221664 37.9690825939178 -35.1999998092651 -199.266850948334 38.4000018239021 -35.1999998092651 -199.266850948334 36.1499972641468 -35.1999998092651 -199.266850948334 34.400001168251 -36.2999998033047 -198.343843221664 34.400001168251 -35.1999998092651 -199.266850948334 29.899999499321 -35.1999998092651 -32.6469391584396 29.899999499321 -36.2999998033047 -32.6561629772186 29.899999499321 -35.1999998092651 -31.7331552505493 29.899999499321 -35.1999998092651 -46.8530617654324 29.899999499321 -36.2999998033047 -46.8438379466534 29.899999499321 -35.5999991297722 -46.5174205601215 29.899999499321 -35.5999991297722 -32.9825803637505 29.899999499321 -35.1999998092651 -47.7668456733227 36.4000014960766 -35.5693250894547 -56.74047768116 33.3999991416931 -35.8770154416561 -57.0560060441494 36.4000014960766 -35.8770154416561 -57.0560060441494 36.4000014960766 -35.1999998092651 -56.4999990165234 33.3999991416931 -35.5693250894547 -56.74047768116 36.4000014960766 -36.1081287264824 -57.4312619864941 33.3999991416931 -36.2514406442642 -57.8480251133442 36.4000014960766 -36.2514406442642 -57.8480251133442 33.3999991416931 -36.1081287264824 -57.4312619864941 33.3999991416931 -36.2999998033047 -58.2860559225082 36.4000014960766 -36.2999998033047 -58.2860559225082 33.3999991416931 -35.1999998092651 -56.4999990165234 36.4000014960766 -36.2514406442642 -61.1519739031792 33.3999991416931 -36.1081287264824 -61.5687370300293 36.4000014960766 -36.1081287264824 -61.5687370300293 36.4000014960766 -36.2999998033047 -60.7139430940151 33.3999991416931 -36.2514406442642 -61.1519739031792 33.3999991416931 -36.2999998033047 -60.7139430940151 33.3999991416931 -35.8770154416561 -61.943992972374 33.3999991416931 -35.5693250894547 -62.2595213353634 36.4000014960766 -35.8770154416561 -61.943992972374 33.3999991416931 -35.1999998092651 -62.5 36.4000014960766 -35.5693250894547 -62.2595213353634 36.4000014960766 -35.1999998092651 -62.5 33.3999991416931 -36.2999998033047 -60.7139430940151 36.4000014960766 -36.2999998033047 -58.2860559225082 33.3999991416931 -36.2999998033047 -58.2860559225082 36.4000014960766 -36.2999998033047 -60.7139430940151 36.4000014960766 -35.5693250894547 -62.2595213353634 36.4000014960766 -36.1081287264824 -61.5687370300293 36.4000014960766 -35.8770154416561 -61.943992972374 36.4000014960766 -36.2999998033047 -58.2860559225082 36.4000014960766 -35.1999998092651 -62.5 36.4000014960766 -35.1999998092651 -56.4999990165234 36.4000014960766 -35.8770154416561 -57.0560060441494 36.4000014960766 -36.1081287264824 -57.4312619864941 36.4000014960766 -36.2999998033047 -60.7139430940151 36.4000014960766 -35.5693250894547 -56.74047768116 36.4000014960766 -36.2514406442642 -57.8480251133442 36.4000014960766 -36.2514406442642 -61.1519739031792 33.3999991416931 -36.1081287264824 -57.4312619864941 33.3999991416931 -36.2999998033047 -58.2860559225082 33.3999991416931 -36.2514406442642 -57.8480251133442 33.3999991416931 -36.2999998033047 -60.7139430940151 33.3999991416931 -35.1999998092651 -56.4999990165234 33.3999991416931 -35.1999998092651 -62.5 33.3999991416931 -35.5693250894547 -62.2595213353634 33.3999991416931 -35.8770154416561 -57.0560060441494 33.3999991416931 -35.5693250894547 -56.74047768116 33.3999991416931 -36.2514406442642 -61.1519739031792 33.3999991416931 -36.1081287264824 -61.5687370300293 33.3999991416931 -35.8770154416561 -61.943992972374 34.4012230634689 -35.1999998092651 -22.7928590029478 34.4367139041424 -34.4999991357327 -22.9818001389503 34.4012230634689 -34.4999991357327 -22.7928590029478 34.4367139041424 -35.1999998092651 -22.9818001389503 34.5190726220608 -34.4999991357327 -23.1555122882128 34.5190726220608 -35.1999998092651 -23.1555122882128 34.6428863704205 -34.4999991357327 -23.3025792986155 34.6428863704205 -35.1999998092651 -23.3025792986155 34.8000191152096 -34.4999991357327 -23.4133396297693 34.8000191152096 -35.1999998092651 -23.4133396297693 34.9801480770111 -34.4999991357327 -23.4805177897215 34.9801480770111 -35.1999998092651 -23.4805177897215 35.1714342832565 -34.4999991357327 -23.4996974468231 35.1714342832565 -35.1999998092651 -23.4996974468231 35.3613123297691 -34.4999991357327 -23.4696194529533 35.3613123297691 -35.1999998092651 -23.4696194529533 35.5373062193394 -34.4999991357327 -23.3922582119703 35.5373062193394 -35.1999998092651 -23.3922582119703 35.6878526508808 -34.4999991357327 -23.2726987451315 35.6878526508808 -35.1999998092651 -23.2726987451315 35.803060978651 -34.4999991357327 -23.1187976896763 35.803060978651 -35.1999998092651 -23.1187976896763 35.8753576874733 -34.4999991357327 -22.9406636208296 35.8753576874733 -35.1999998092651 -22.9406636208296 35.8999967575073 -34.4999991357327 -22.7500032633543 35.8999967575073 -35.1999998092651 -22.7500032633543 34.1986939311028 -34.4999991357327 -19.2542895674706 34.4012230634689 -35.1999998092651 -22.7928590029478 34.4012230634689 -34.4999991357327 -22.7928590029478 34.1986939311028 -35.1999998092651 -19.2542895674706 32.6379984617233 -35.1999998092651 -19.0563797950745 32.6013080775738 -34.4999991357327 -19.2542895674706 32.6013080775738 -35.1999998092651 -19.2542895674706 32.7229239046574 -35.1999998092651 -18.873892724514 32.6379984617233 -34.4999991357327 -19.0563797950745 32.8507162630558 -35.1999998092651 -18.7183786183596 32.7229239046574 -34.4999991357327 -18.873892724514 33.0132767558098 -35.1999998092651 -18.5996852815151 32.8507162630558 -34.4999991357327 -18.7183786183596 33.200316131115 -35.1999998092651 -18.5253228992224 33.0132767558098 -34.4999991357327 -18.5996852815151 33.3999991416931 -35.1999998092651 -18.5000021010637 33.200316131115 -34.4999991357327 -18.5253228992224 33.5996821522713 -35.1999998092651 -18.5253228992224 33.3999991416931 -34.4999991357327 -18.5000021010637 33.7867252528667 -35.1999998092651 -18.5996852815151 33.5996821522713 -34.4999991357327 -18.5253228992224 33.9492857456207 -35.1999998092651 -18.7183786183596 33.7867252528667 -34.4999991357327 -18.5996852815151 34.0770743787289 -35.1999998092651 -18.873892724514 33.9492857456207 -34.4999991357327 -18.7183786183596 34.1620035469532 -35.1999998092651 -19.0563797950745 34.0770743787289 -34.4999991357327 -18.873892724514 34.1986939311028 -35.1999998092651 -19.2542895674706 34.1620035469532 -34.4999991357327 -19.0563797950745 34.1986939311028 -34.4999991357327 -19.2542895674706 32.3987789452076 -34.4999991357327 -22.7928590029478 32.6013080775738 -35.1999998092651 -19.2542895674706 32.6013080775738 -34.4999991357327 -19.2542895674706 32.3987789452076 -35.1999998092651 -22.7928590029478 30.9000033885241 -35.1999998092651 -22.7500032633543 30.9246424585581 -34.4999991357327 -22.9406636208296 30.9000033885241 -34.4999991357327 -22.7500032633543 30.9246424585581 -35.1999998092651 -22.9406636208296 30.9969410300255 -34.4999991357327 -23.1187976896763 30.9969410300255 -35.1999998092651 -23.1187976896763 31.1121474951506 -34.4999991357327 -23.2726987451315 31.1121474951506 -35.1999998092651 -23.2726987451315 31.2626957893372 -34.4999991357327 -23.3922582119703 31.2626957893372 -35.1999998092651 -23.3922582119703 31.4386896789074 -34.4999991357327 -23.4696194529533 31.4386896789074 -35.1999998092651 -23.4696194529533 31.62856772542 -34.4999991357327 -23.4996974468231 31.62856772542 -35.1999998092651 -23.4996974468231 31.8198539316654 -34.4999991357327 -23.4805177897215 31.8198539316654 -35.1999998092651 -23.4805177897215 31.9999828934669 -34.4999991357327 -23.4133396297693 31.9999828934669 -35.1999998092651 -23.4133396297693 32.1571119129658 -34.4999991357327 -23.3025792986155 32.1571119129658 -35.1999998092651 -23.3025792986155 32.2809256613255 -34.4999991357327 -23.1555122882128 32.2809256613255 -35.1999998092651 -23.1555122882128 32.3632843792439 -34.4999991357327 -22.9818001389503 32.3632843792439 -35.1999998092651 -22.9818001389503 32.3987789452076 -34.4999991357327 -22.7928590029478 32.3987789452076 -35.1999998092651 -22.7928590029478 30.9000033885241 -34.4999991357327 -9.24999639391899 30.9000033885241 -35.1999998092651 -22.7500032633543 30.9000033885241 -34.4999991357327 -22.7500032633543 30.9000033885241 -35.1999998092651 -9.24999639391899 32.3987789452076 -35.1999998092651 -9.20714065432549 32.3632843792439 -34.4999991357327 -9.01819951832294 32.3987789452076 -34.4999991357327 -9.20714065432549 32.3632843792439 -35.1999998092651 -9.01819951832294 32.2809256613255 -34.4999991357327 -8.84448830038309 32.2809256613255 -35.1999998092651 -8.84448830038309 32.1571119129658 -34.4999991357327 -8.69742035865784 32.1571119129658 -35.1999998092651 -8.69742035865784 31.9999828934669 -34.4999991357327 -8.58665909618139 31.9999828934669 -35.1999998092651 -8.58665909618139 31.8198539316654 -34.4999991357327 -8.51948279887438 31.8198539316654 -35.1999998092651 -8.51948279887438 31.62856772542 -34.4999991357327 -8.50030314177275 31.62856772542 -35.1999998092651 -8.50030314177275 31.4386896789074 -34.4999991357327 -8.53038113564253 31.4386896789074 -35.1999998092651 -8.53038113564253 31.2626957893372 -34.4999991357327 -8.60774144530296 31.2626957893372 -35.1999998092651 -8.60774144530296 31.1121474951506 -34.4999991357327 -8.72729998081923 31.1121474951506 -35.1999998092651 -8.72729998081923 30.9969410300255 -34.4999991357327 -8.88120289891958 30.9969410300255 -35.1999998092651 -8.88120289891958 30.9246424585581 -34.4999991357327 -9.05933603644371 30.9246424585581 -35.1999998092651 -9.05933603644371 30.9000033885241 -34.4999991357327 -9.24999639391899 30.9000033885241 -35.1999998092651 -9.24999639391899 32.6013080775738 -34.4999991357327 -12.7457110211253 32.3987789452076 -35.1999998092651 -9.20714065432549 32.3987789452076 -34.4999991357327 -9.20714065432549 32.6013080775738 -35.1999998092651 -12.7457110211253 34.1620035469532 -35.1999998092651 -12.9436207935214 34.1986939311028 -34.4999991357327 -12.7457110211253 34.1986939311028 -35.1999998092651 -12.7457110211253 34.0770743787289 -35.1999998092651 -13.1261078640819 34.1620035469532 -34.4999991357327 -12.9436207935214 33.9492857456207 -35.1999998092651 -13.2816210389137 34.0770743787289 -34.4999991357327 -13.1261078640819 33.7867252528667 -35.1999998092651 -13.4003153070807 33.9492857456207 -34.4999991357327 -13.2816210389137 33.5996821522713 -35.1999998092651 -13.4746767580509 33.7867252528667 -34.4999991357327 -13.4003153070807 33.3999991416931 -35.1999998092651 -13.4999984875321 33.5996821522713 -34.4999991357327 -13.4746767580509 33.200316131115 -35.1999998092651 -13.4746767580509 33.3999991416931 -34.4999991357327 -13.4999984875321 33.0132767558098 -35.1999998092651 -13.4003153070807 33.200316131115 -34.4999991357327 -13.4746767580509 32.8507162630558 -35.1999998092651 -13.2816210389137 33.0132767558098 -34.4999991357327 -13.4003153070807 32.7229239046574 -35.1999998092651 -13.1261078640819 32.8507162630558 -34.4999991357327 -13.2816210389137 32.6379984617233 -35.1999998092651 -12.9436207935214 32.7229239046574 -34.4999991357327 -13.1261078640819 32.6013080775738 -35.1999998092651 -12.7457110211253 32.6379984617233 -34.4999991357327 -12.9436207935214 32.6013080775738 -34.4999991357327 -12.7457110211253 34.1986939311028 -35.1999998092651 -12.7457110211253 34.4012230634689 -34.4999991357327 -9.20714065432549 34.4012230634689 -35.1999998092651 -9.20714065432549 34.1986939311028 -34.4999991357327 -12.7457110211253 35.8999967575073 -35.1999998092651 -9.24999639391899 35.8753576874733 -34.4999991357327 -9.05933603644371 35.8999967575073 -34.4999991357327 -9.24999639391899 35.8753576874733 -35.1999998092651 -9.05933603644371 35.803060978651 -34.4999991357327 -8.88120289891958 35.803060978651 -35.1999998092651 -8.88120289891958 35.6878526508808 -34.4999991357327 -8.72729998081923 35.6878526508808 -35.1999998092651 -8.72729998081923 35.5373062193394 -34.4999991357327 -8.60774144530296 35.5373062193394 -35.1999998092651 -8.60774144530296 35.3613123297691 -34.4999991357327 -8.53038113564253 35.3613123297691 -35.1999998092651 -8.53038113564253 35.1714342832565 -34.4999991357327 -8.50030314177275 35.1714342832565 -35.1999998092651 -8.50030314177275 34.9801480770111 -34.4999991357327 -8.51948279887438 34.9801480770111 -35.1999998092651 -8.51948279887438 34.8000191152096 -34.4999991357327 -8.58665909618139 34.8000191152096 -35.1999998092651 -8.58665909618139 34.6428863704205 -34.4999991357327 -8.69742035865784 34.6428863704205 -35.1999998092651 -8.69742035865784 34.5190726220608 -34.4999991357327 -8.84448830038309 34.5190726220608 -35.1999998092651 -8.84448830038309 34.4367139041424 -34.4999991357327 -9.01819951832294 34.4367139041424 -35.1999998092651 -9.01819951832294 34.4012230634689 -34.4999991357327 -9.20714065432549 34.4012230634689 -35.1999998092651 -9.20714065432549 35.8999967575073 -34.4999991357327 -9.24999639391899 35.8999967575073 -35.1999998092651 -22.7500032633543 35.8999967575073 -35.1999998092651 -9.24999639391899 35.8999967575073 -34.4999991357327 -22.7500032633543 34.4012230634689 -35.1999998092651 -146.792858839035 34.4367139041424 -34.4999991357327 -146.981805562973 34.4012230634689 -34.4999991357327 -146.792858839035 34.4367139041424 -35.1999998092651 -146.981805562973 34.5190726220608 -34.4999991357327 -147.15550839901 34.5190726220608 -35.1999998092651 -147.15550839901 34.6428863704205 -34.4999991357327 -147.302582859993 34.6428863704205 -35.1999998092651 -147.302582859993 34.8000191152096 -34.4999991357327 -147.413343191147 34.8000191152096 -35.1999998092651 -147.413343191147 34.9801480770111 -34.4999991357327 -147.480517625809 34.9801480770111 -35.1999998092651 -147.480517625809 35.1714342832565 -34.4999991357327 -147.499695420265 35.1714342832565 -35.1999998092651 -147.499695420265 35.3613123297691 -34.4999991357327 -147.469624876976 35.3613123297691 -35.1999998092651 -147.469624876976 35.5373062193394 -34.4999991357327 -147.392258048058 35.5373062193394 -35.1999998092651 -147.392258048058 35.6878526508808 -34.4999991357327 -147.272706031799 35.6878526508808 -35.1999998092651 -147.272706031799 35.803060978651 -34.4999991357327 -147.118791937828 35.803060978651 -35.1999998092651 -147.118791937828 35.8753576874733 -34.4999991357327 -146.940663456917 35.8753576874733 -35.1999998092651 -146.940663456917 35.8999967575073 -34.4999991357327 -146.750003099442 35.8999967575073 -35.1999998092651 -146.750003099442 34.1986939311028 -34.4999991357327 -143.254294991493 34.4012230634689 -35.1999998092651 -146.792858839035 34.4012230634689 -34.4999991357327 -146.792858839035 34.1986939311028 -35.1999998092651 -143.254294991493 32.6379984617233 -35.1999998092651 -143.056377768517 32.6013080775738 -34.4999991357327 -143.254294991493 32.6013080775738 -35.1999998092651 -143.254294991493 32.7229239046574 -35.1999998092651 -142.873898148537 32.6379984617233 -34.4999991357327 -143.056377768517 32.8507162630558 -35.1999998092651 -142.718374729156 32.7229239046574 -34.4999991357327 -142.873898148537 33.0132767558098 -35.1999998092651 -142.599686980247 32.8507162630558 -34.4999991357327 -142.718374729156 33.200316131115 -35.1999998092651 -142.52533018589 33.0132767558098 -34.4999991357327 -142.599686980247 33.3999991416931 -35.1999998092651 -142.499998211861 33.200316131115 -34.4999991357327 -142.52533018589 33.5996821522713 -35.1999998092651 -142.52533018589 33.3999991416931 -34.4999991357327 -142.499998211861 33.7867252528667 -35.1999998092651 -142.599686980247 33.5996821522713 -34.4999991357327 -142.52533018589 33.9492857456207 -35.1999998092651 -142.718374729156 33.7867252528667 -34.4999991357327 -142.599686980247 34.0770743787289 -35.1999998092651 -142.873898148537 33.9492857456207 -34.4999991357327 -142.718374729156 34.1620035469532 -35.1999998092651 -143.056377768517 34.0770743787289 -34.4999991357327 -142.873898148537 34.1986939311028 -35.1999998092651 -143.254294991493 34.1620035469532 -34.4999991357327 -143.056377768517 34.1986939311028 -34.4999991357327 -143.254294991493 32.3987789452076 -34.4999991357327 -146.792858839035 32.6013080775738 -35.1999998092651 -143.254294991493 32.6013080775738 -34.4999991357327 -143.254294991493 32.3987789452076 -35.1999998092651 -146.792858839035 30.9000033885241 -35.1999998092651 -146.750003099442 30.9246424585581 -34.4999991357327 -146.940663456917 30.9000033885241 -34.4999991357327 -146.750003099442 30.9246424585581 -35.1999998092651 -146.940663456917 30.9969410300255 -34.4999991357327 -147.118791937828 30.9969410300255 -35.1999998092651 -147.118791937828 31.1121474951506 -34.4999991357327 -147.272706031799 31.1121474951506 -35.1999998092651 -147.272706031799 31.2626957893372 -34.4999991357327 -147.392258048058 31.2626957893372 -35.1999998092651 -147.392258048058 31.4386896789074 -34.4999991357327 -147.469624876976 31.4386896789074 -35.1999998092651 -147.469624876976 31.62856772542 -34.4999991357327 -147.499695420265 31.62856772542 -35.1999998092651 -147.499695420265 31.8198539316654 -34.4999991357327 -147.480517625809 31.8198539316654 -35.1999998092651 -147.480517625809 31.9999828934669 -34.4999991357327 -147.413343191147 31.9999828934669 -35.1999998092651 -147.413343191147 32.1571119129658 -34.4999991357327 -147.302582859993 32.1571119129658 -35.1999998092651 -147.302582859993 32.2809256613255 -34.4999991357327 -147.15550839901 32.2809256613255 -35.1999998092651 -147.15550839901 32.3632843792439 -34.4999991357327 -146.981805562973 32.3632843792439 -35.1999998092651 -146.981805562973 32.3987789452076 -34.4999991357327 -146.792858839035 32.3987789452076 -35.1999998092651 -146.792858839035 30.9000033885241 -34.4999991357327 -133.249998092651 30.9000033885241 -35.1999998092651 -146.750003099442 30.9000033885241 -34.4999991357327 -146.750003099442 30.9000033885241 -35.1999998092651 -133.249998092651 32.3987789452076 -35.1999998092651 -133.207142353058 32.3632843792439 -34.4999991357327 -133.01819562912 32.3987789452076 -34.4999991357327 -133.207142353058 32.3632843792439 -35.1999998092651 -133.01819562912 32.2809256613255 -34.4999991357327 -132.844492793083 32.2809256613255 -35.1999998092651 -132.844492793083 32.1571119129658 -34.4999991357327 -132.6974183321 32.1571119129658 -35.1999998092651 -132.6974183321 31.9999828934669 -34.4999991357327 -132.586658000946 31.9999828934669 -35.1999998092651 -132.586658000946 31.8198539316654 -34.4999991357327 -132.519483566284 31.8198539316654 -35.1999998092651 -132.519483566284 31.62856772542 -34.4999991357327 -132.500305771828 31.62856772542 -35.1999998092651 -132.500305771828 31.4386896789074 -34.4999991357327 -132.530376315117 31.4386896789074 -35.1999998092651 -132.530376315117 31.2626957893372 -34.4999991357327 -132.607743144035 31.2626957893372 -35.1999998092651 -132.607743144035 31.1121474951506 -34.4999991357327 -132.727295160294 31.1121474951506 -35.1999998092651 -132.727295160294 30.9969410300255 -34.4999991357327 -132.881209254265 30.9969410300255 -35.1999998092651 -132.881209254265 30.9246424585581 -34.4999991357327 -133.059337735176 30.9246424585581 -35.1999998092651 -133.059337735176 30.9000033885241 -34.4999991357327 -133.249998092651 30.9000033885241 -35.1999998092651 -133.249998092651 32.6013080775738 -35.1999998092651 -136.7457062006 32.3987789452076 -34.4999991357327 -133.207142353058 32.6013080775738 -34.4999991357327 -136.7457062006 32.3987789452076 -35.1999998092651 -133.207142353058 34.1620035469532 -35.1999998092651 -136.943623423576 34.1986939311028 -34.4999991357327 -136.7457062006 34.1986939311028 -35.1999998092651 -136.7457062006 34.0770743787289 -35.1999998092651 -137.126103043556 34.1620035469532 -34.4999991357327 -136.943623423576 33.9492857456207 -35.1999998092651 -137.281626462936 34.0770743787289 -34.4999991357327 -137.126103043556 33.7867252528667 -35.1999998092651 -137.400314211845 33.9492857456207 -34.4999991357327 -137.281626462936 33.5996821522713 -35.1999998092651 -137.474671006203 33.7867252528667 -34.4999991357327 -137.400314211845 33.3999991416931 -35.1999998092651 -137.500002980232 33.5996821522713 -34.4999991357327 -137.474671006203 33.200316131115 -35.1999998092651 -137.474671006203 33.3999991416931 -34.4999991357327 -137.500002980232 33.0132767558098 -35.1999998092651 -137.400314211845 33.200316131115 -34.4999991357327 -137.474671006203 32.8507162630558 -35.1999998092651 -137.281626462936 33.0132767558098 -34.4999991357327 -137.400314211845 32.7229239046574 -35.1999998092651 -137.126103043556 32.8507162630558 -34.4999991357327 -137.281626462936 32.6379984617233 -35.1999998092651 -136.943623423576 32.7229239046574 -34.4999991357327 -137.126103043556 32.6013080775738 -35.1999998092651 -136.7457062006 32.6379984617233 -34.4999991357327 -136.943623423576 32.6013080775738 -34.4999991357327 -136.7457062006 34.4012230634689 -34.4999991357327 -133.207142353058 34.1986939311028 -35.1999998092651 -136.7457062006 34.1986939311028 -34.4999991357327 -136.7457062006 34.4012230634689 -35.1999998092651 -133.207142353058 35.8999967575073 -35.1999998092651 -133.249998092651 35.8753576874733 -34.4999991357327 -133.059337735176 35.8999967575073 -34.4999991357327 -133.249998092651 35.8753576874733 -35.1999998092651 -133.059337735176 35.803060978651 -34.4999991357327 -132.881209254265 35.803060978651 -35.1999998092651 -132.881209254265 35.6878526508808 -34.4999991357327 -132.727295160294 35.6878526508808 -35.1999998092651 -132.727295160294 35.5373062193394 -34.4999991357327 -132.607743144035 35.5373062193394 -35.1999998092651 -132.607743144035 35.3613123297691 -34.4999991357327 -132.530376315117 35.3613123297691 -35.1999998092651 -132.530376315117 35.1714342832565 -34.4999991357327 -132.500305771828 35.1714342832565 -35.1999998092651 -132.500305771828 34.9801480770111 -34.4999991357327 -132.519483566284 34.9801480770111 -35.1999998092651 -132.519483566284 34.8000191152096 -34.4999991357327 -132.586658000946 34.8000191152096 -35.1999998092651 -132.586658000946 34.6428863704205 -34.4999991357327 -132.6974183321 34.6428863704205 -35.1999998092651 -132.6974183321 34.5190726220608 -34.4999991357327 -132.844492793083 34.5190726220608 -35.1999998092651 -132.844492793083 34.4367139041424 -34.4999991357327 -133.01819562912 34.4367139041424 -35.1999998092651 -133.01819562912 34.4012230634689 -34.4999991357327 -133.207142353058 34.4012230634689 -35.1999998092651 -133.207142353058 35.8999967575073 -35.1999998092651 -146.750003099442 35.8999967575073 -34.4999991357327 -133.249998092651 35.8999967575073 -34.4999991357327 -146.750003099442 35.8999967575073 -35.1999998092651 -133.249998092651 34.4012230634689 -35.1999998092651 -274.792850017548 34.4367139041424 -34.4999991357327 -274.981796741486 34.4012230634689 -34.4999991357327 -274.792850017548 34.4367139041424 -35.1999998092651 -274.981796741486 34.5190726220608 -34.4999991357327 -275.155514478683 34.5190726220608 -35.1999998092651 -275.155514478683 34.6428863704205 -34.4999991357327 -275.302588939667 34.6428863704205 -35.1999998092651 -275.302588939667 34.8000191152096 -34.4999991357327 -275.413334369659 34.8000191152096 -35.1999998092651 -275.413334369659 34.9801480770111 -34.4999991357327 -275.480508804321 34.9801480770111 -35.1999998092651 -275.480508804321 35.1714342832565 -34.4999991357327 -275.499701499939 35.1714342832565 -35.1999998092651 -275.499701499939 35.3613123297691 -34.4999991357327 -275.46963095665 35.3613123297691 -35.1999998092651 -275.46963095665 35.5373062193394 -34.4999991357327 -275.392264127731 35.5373062193394 -35.1999998092651 -275.392264127731 35.6878526508808 -34.4999991357327 -275.272697210312 35.6878526508808 -35.1999998092651 -275.272697210312 35.803060978651 -34.4999991357327 -275.118798017502 35.803060978651 -35.1999998092651 -275.118798017502 35.8753576874733 -34.4999991357327 -274.940669536591 35.8753576874733 -35.1999998092651 -274.940669536591 35.8999967575073 -34.4999991357327 -274.749994277954 35.8999967575073 -35.1999998092651 -274.749994277954 34.1986939311028 -34.4999991357327 -271.254301071167 34.4012230634689 -35.1999998092651 -274.792850017548 34.4012230634689 -34.4999991357327 -274.792850017548 34.1986939311028 -35.1999998092651 -271.254301071167 32.6379984617233 -35.1999998092651 -271.05638384819 32.6013080775738 -34.4999991357327 -271.254301071167 32.6013080775738 -35.1999998092651 -271.254301071167 32.7229239046574 -35.1999998092651 -270.87390422821 32.6379984617233 -34.4999991357327 -271.05638384819 32.8507162630558 -35.1999998092651 -270.718365907669 32.7229239046574 -34.4999991357327 -270.87390422821 33.0132767558098 -35.1999998092651 -270.599693059921 32.8507162630558 -34.4999991357327 -270.718365907669 33.200316131115 -35.1999998092651 -270.525336265564 33.0132767558098 -34.4999991357327 -270.599693059921 33.3999991416931 -35.1999998092651 -270.500004291534 33.200316131115 -34.4999991357327 -270.525336265564 33.5996821522713 -35.1999998092651 -270.525336265564 33.3999991416931 -34.4999991357327 -270.500004291534 33.7867252528667 -35.1999998092651 -270.599693059921 33.5996821522713 -34.4999991357327 -270.525336265564 33.9492857456207 -35.1999998092651 -270.718365907669 33.7867252528667 -34.4999991357327 -270.599693059921 34.0770743787289 -35.1999998092651 -270.87390422821 33.9492857456207 -34.4999991357327 -270.718365907669 34.1620035469532 -35.1999998092651 -271.05638384819 34.0770743787289 -34.4999991357327 -270.87390422821 34.1986939311028 -35.1999998092651 -271.254301071167 34.1620035469532 -34.4999991357327 -271.05638384819 34.1986939311028 -34.4999991357327 -271.254301071167 32.3987789452076 -34.4999991357327 -274.792850017548 32.6013080775738 -35.1999998092651 -271.254301071167 32.6013080775738 -34.4999991357327 -271.254301071167 32.3987789452076 -35.1999998092651 -274.792850017548 30.9000033885241 -35.1999998092651 -274.749994277954 30.9246424585581 -34.4999991357327 -274.940669536591 30.9000033885241 -34.4999991357327 -274.749994277954 30.9246424585581 -35.1999998092651 -274.940669536591 30.9969410300255 -34.4999991357327 -275.118798017502 30.9969410300255 -35.1999998092651 -275.118798017502 31.1121474951506 -34.4999991357327 -275.272697210312 31.1121474951506 -35.1999998092651 -275.272697210312 31.2626957893372 -34.4999991357327 -275.392264127731 31.4386896789074 -35.1999998092651 -275.46963095665 31.62856772542 -34.4999991357327 -275.499701499939 31.4386896789074 -34.4999991357327 -275.46963095665 31.62856772542 -35.1999998092651 -275.499701499939 31.8198539316654 -34.4999991357327 -275.480508804321 31.8198539316654 -35.1999998092651 -275.480508804321 31.9999828934669 -34.4999991357327 -275.413334369659 31.9999828934669 -35.1999998092651 -275.413334369659 32.1571119129658 -34.4999991357327 -275.302588939667 32.1571119129658 -35.1999998092651 -275.302588939667 32.2809256613255 -34.4999991357327 -275.155514478683 32.2809256613255 -35.1999998092651 -275.155514478683 32.3632843792439 -34.4999991357327 -274.981796741486 32.3632843792439 -35.1999998092651 -274.981796741486 32.3987789452076 -34.4999991357327 -274.792850017548 32.3987789452076 -35.1999998092651 -274.792850017548 31.2626957893372 -35.1999998092651 -275.392264127731 30.9000033885241 -34.4999991357327 -261.249989271164 30.9000033885241 -35.1999998092651 -274.749994277954 30.9000033885241 -34.4999991357327 -274.749994277954 30.9000033885241 -35.1999998092651 -261.249989271164 32.3632843792439 -35.1999998092651 -261.018186807632 32.2809256613255 -34.4999991357327 -260.844498872757 32.3632843792439 -34.4999991357327 -261.018186807632 32.2809256613255 -35.1999998092651 -260.844498872757 32.1571119129658 -34.4999991357327 -260.697424411774 32.1571119129658 -35.1999998092651 -260.697424411774 31.9999828934669 -34.4999991357327 -260.586649179459 31.9999828934669 -35.1999998092651 -260.586649179459 31.8198539316654 -34.4999991357327 -260.519474744797 31.8198539316654 -35.1999998092651 -260.519474744797 31.62856772542 -34.4999991357327 -260.500311851501 31.62856772542 -35.1999998092651 -260.500311851501 31.4386896789074 -34.4999991357327 -260.530382394791 31.4386896789074 -35.1999998092651 -260.530382394791 31.2626957893372 -34.4999991357327 -260.607749223709 31.2626957893372 -35.1999998092651 -260.607749223709 31.1121474951506 -34.4999991357327 -260.727286338806 32.3987789452076 -35.1999998092651 -261.20713353157 32.3987789452076 -34.4999991357327 -261.20713353157 30.9969410300255 -35.1999998092651 -260.881215333939 30.9246424585581 -34.4999991357327 -261.05934381485 30.9969410300255 -34.4999991357327 -260.881215333939 30.9246424585581 -35.1999998092651 -261.05934381485 30.9000033885241 -34.4999991357327 -261.249989271164 30.9000033885241 -35.1999998092651 -261.249989271164 31.1121474951506 -35.1999998092651 -260.727286338806 32.3987789452076 -34.4999991357327 -261.20713353157 32.6013080775738 -35.1999998092651 -264.745712280273 32.3987789452076 -35.1999998092651 -261.20713353157 32.6013080775738 -34.4999991357327 -264.745712280273 34.1620035469532 -35.1999998092651 -264.94362950325 34.1986939311028 -34.4999991357327 -264.745712280273 34.1986939311028 -35.1999998092651 -264.745712280273 34.0770743787289 -35.1999998092651 -265.12610912323 34.1620035469532 -34.4999991357327 -264.94362950325 33.9492857456207 -35.1999998092651 -265.281617641449 34.0770743787289 -34.4999991357327 -265.12610912323 33.7867252528667 -35.1999998092651 -265.400320291519 33.9492857456207 -34.4999991357327 -265.281617641449 33.5996821522713 -35.1999998092651 -265.474677085876 33.7867252528667 -34.4999991357327 -265.400320291519 33.3999991416931 -35.1999998092651 -265.500009059906 33.5996821522713 -34.4999991357327 -265.474677085876 33.200316131115 -35.1999998092651 -265.474677085876 33.3999991416931 -34.4999991357327 -265.500009059906 33.0132767558098 -35.1999998092651 -265.400320291519 33.200316131115 -34.4999991357327 -265.474677085876 32.8507162630558 -35.1999998092651 -265.281617641449 33.0132767558098 -34.4999991357327 -265.400320291519 32.7229239046574 -35.1999998092651 -265.12610912323 32.8507162630558 -34.4999991357327 -265.281617641449 32.6379984617233 -35.1999998092651 -264.94362950325 32.7229239046574 -34.4999991357327 -265.12610912323 32.6013080775738 -35.1999998092651 -264.745712280273 32.6379984617233 -34.4999991357327 -264.94362950325 32.6013080775738 -34.4999991357327 -264.745712280273 34.4012230634689 -34.4999991357327 -261.20713353157 34.1986939311028 -35.1999998092651 -264.745712280273 34.1986939311028 -34.4999991357327 -264.745712280273 34.4012230634689 -35.1999998092651 -261.20713353157 35.8999967575073 -35.1999998092651 -261.249989271164 35.8753576874733 -34.4999991357327 -261.05934381485 35.8999967575073 -34.4999991357327 -261.249989271164 35.8753576874733 -35.1999998092651 -261.05934381485 35.803060978651 -34.4999991357327 -260.881215333939 35.803060978651 -35.1999998092651 -260.881215333939 35.6878526508808 -34.4999991357327 -260.727286338806 35.6878526508808 -35.1999998092651 -260.727286338806 35.5373062193394 -34.4999991357327 -260.607749223709 35.5373062193394 -35.1999998092651 -260.607749223709 35.3613123297691 -34.4999991357327 -260.530382394791 35.3613123297691 -35.1999998092651 -260.530382394791 35.1714342832565 -34.4999991357327 -260.500311851501 35.1714342832565 -35.1999998092651 -260.500311851501 34.9801480770111 -34.4999991357327 -260.519474744797 34.9801480770111 -35.1999998092651 -260.519474744797 34.8000191152096 -34.4999991357327 -260.586649179459 34.8000191152096 -35.1999998092651 -260.586649179459 34.6428863704205 -34.4999991357327 -260.697424411774 34.6428863704205 -35.1999998092651 -260.697424411774 34.5190726220608 -34.4999991357327 -260.844498872757 34.5190726220608 -35.1999998092651 -260.844498872757 34.4367139041424 -34.4999991357327 -261.018186807632 34.4367139041424 -35.1999998092651 -261.018186807632 34.4012230634689 -34.4999991357327 -261.20713353157 34.4012230634689 -35.1999998092651 -261.20713353157 35.8999967575073 -34.4999991357327 -274.749994277954 35.8999967575073 -35.1999998092651 -261.249989271164 35.8999967575073 -34.4999991357327 -261.249989271164 35.8999967575073 -35.1999998092651 -274.749994277954 34.4012230634689 -35.1999998092651 -374.792873859406 34.4367139041424 -34.4999991357327 -374.981790781021 34.4012230634689 -34.4999991357327 -374.792873859406 34.4367139041424 -35.1999998092651 -374.981790781021 34.5190726220608 -34.4999991357327 -375.155508518219 34.5190726220608 -35.1999998092651 -375.155508518219 34.6428863704205 -34.4999991357327 -375.302582979202 34.6428863704205 -35.1999998092651 -375.302582979202 34.8000191152096 -34.4999991357327 -375.413328409195 34.8000191152096 -35.1999998092651 -375.413328409195 34.9801480770111 -34.4999991357327 -375.480502843857 34.9801480770111 -35.1999998092651 -375.480502843857 35.1714342832565 -34.4999991357327 -375.499695539474 35.1714342832565 -35.1999998092651 -375.499695539474 35.3613123297691 -34.4999991357327 -375.469624996185 35.3613123297691 -35.1999998092651 -375.469624996185 35.5373062193394 -34.4999991357327 -375.392258167267 35.5373062193394 -35.1999998092651 -375.392258167267 35.6878526508808 -34.4999991357327 -375.272691249847 35.6878526508808 -35.1999998092651 -375.272691249847 35.803060978651 -34.4999991357327 -375.118792057037 35.803060978651 -35.1999998092651 -375.118792057037 35.8753576874733 -34.4999991357327 -374.940663576126 35.8753576874733 -35.1999998092651 -374.940663576126 35.8999967575073 -34.4999991357327 -374.750018119812 35.8999967575073 -35.1999998092651 -374.750018119812 34.1986939311028 -34.4999991357327 -371.254295110703 34.4012230634689 -35.1999998092651 -374.792873859406 34.4012230634689 -34.4999991357327 -374.792873859406 34.1986939311028 -35.1999998092651 -371.254295110703 32.6379984617233 -35.1999998092651 -371.056377887726 32.6013080775738 -34.4999991357327 -371.254295110703 32.6013080775738 -35.1999998092651 -371.254295110703 32.7229239046574 -35.1999998092651 -370.873898267746 32.6379984617233 -34.4999991357327 -371.056377887726 32.8507162630558 -35.1999998092651 -370.718389749527 32.7229239046574 -34.4999991357327 -370.873898267746 33.0132767558098 -35.1999998092651 -370.599687099457 32.8507162630558 -34.4999991357327 -370.718389749527 33.200316131115 -35.1999998092651 -370.525330305099 33.0132767558098 -34.4999991357327 -370.599687099457 33.3999991416931 -35.1999998092651 -370.49999833107 33.200316131115 -34.4999991357327 -370.525330305099 33.5996821522713 -35.1999998092651 -370.525330305099 33.3999991416931 -34.4999991357327 -370.49999833107 33.7867252528667 -35.1999998092651 -370.599687099457 33.5996821522713 -34.4999991357327 -370.525330305099 33.9492857456207 -35.1999998092651 -370.718389749527 33.7867252528667 -34.4999991357327 -370.599687099457 34.0770743787289 -35.1999998092651 -370.873898267746 33.9492857456207 -34.4999991357327 -370.718389749527 34.1620035469532 -35.1999998092651 -371.056377887726 34.0770743787289 -34.4999991357327 -370.873898267746 34.1986939311028 -35.1999998092651 -371.254295110703 34.1620035469532 -34.4999991357327 -371.056377887726 34.1986939311028 -34.4999991357327 -371.254295110703 32.6013080775738 -35.1999998092651 -371.254295110703 32.3987789452076 -34.4999991357327 -374.792873859406 32.3987789452076 -35.1999998092651 -374.792873859406 32.6013080775738 -34.4999991357327 -371.254295110703 31.1121474951506 -34.4999991357327 -375.272691249847 30.9969410300255 -35.1999998092651 -375.118792057037 31.1121474951506 -35.1999998092651 -375.272691249847 30.9969410300255 -34.4999991357327 -375.118792057037 30.9246424585581 -35.1999998092651 -374.940663576126 30.9246424585581 -34.4999991357327 -374.940663576126 30.9000033885241 -35.1999998092651 -374.750018119812 30.9000033885241 -34.4999991357327 -374.750018119812 31.2626957893372 -34.4999991357327 -375.392258167267 31.2626957893372 -35.1999998092651 -375.392258167267 31.4386896789074 -34.4999991357327 -375.469624996185 31.4386896789074 -35.1999998092651 -375.469624996185 31.62856772542 -34.4999991357327 -375.499695539474 31.62856772542 -35.1999998092651 -375.499695539474 31.8198539316654 -34.4999991357327 -375.480502843857 31.8198539316654 -35.1999998092651 -375.480502843857 31.9999828934669 -34.4999991357327 -375.413328409195 31.9999828934669 -35.1999998092651 -375.413328409195 32.1571119129658 -34.4999991357327 -375.302582979202 32.1571119129658 -35.1999998092651 -375.302582979202 32.2809256613255 -34.4999991357327 -375.155508518219 32.2809256613255 -35.1999998092651 -375.155508518219 32.3632843792439 -34.4999991357327 -374.981790781021 32.3632843792439 -35.1999998092651 -374.981790781021 32.3987789452076 -34.4999991357327 -374.792873859406 32.3987789452076 -35.1999998092651 -374.792873859406 30.9000033885241 -35.1999998092651 -374.750018119812 30.9000033885241 -34.4999991357327 -361.249983310699 30.9000033885241 -35.1999998092651 -361.249983310699 30.9000033885241 -34.4999991357327 -374.750018119812 31.1121474951506 -34.4999991357327 -360.727310180664 31.2626957893372 -35.1999998092651 -360.607743263245 31.1121474951506 -35.1999998092651 -360.727310180664 30.9969410300255 -34.4999991357327 -360.881209373474 30.9969410300255 -35.1999998092651 -360.881209373474 32.3632843792439 -34.4999991357327 -361.01821064949 32.3987789452076 -35.1999998092651 -361.207127571106 32.3632843792439 -35.1999998092651 -361.01821064949 32.3987789452076 -34.4999991357327 -361.207127571106 32.2809256613255 -34.4999991357327 -360.844492912292 32.2809256613255 -35.1999998092651 -360.844492912292 32.1571119129658 -34.4999991357327 -360.697418451309 32.1571119129658 -35.1999998092651 -360.697418451309 31.9999828934669 -34.4999991357327 -360.586673021317 31.9999828934669 -35.1999998092651 -360.586673021317 31.8198539316654 -34.4999991357327 -360.519468784332 31.8198539316654 -35.1999998092651 -360.519468784332 31.62856772542 -34.4999991357327 -360.500305891037 31.62856772542 -35.1999998092651 -360.500305891037 31.4386896789074 -34.4999991357327 -360.530376434326 31.4386896789074 -35.1999998092651 -360.530376434326 31.2626957893372 -34.4999991357327 -360.607743263245 30.9246424585581 -34.4999991357327 -361.059337854385 30.9246424585581 -35.1999998092651 -361.059337854385 30.9000033885241 -34.4999991357327 -361.249983310699 30.9000033885241 -35.1999998092651 -361.249983310699 32.6013080775738 -34.4999991357327 -364.745706319809 32.3987789452076 -35.1999998092651 -361.207127571106 32.3987789452076 -34.4999991357327 -361.207127571106 32.6013080775738 -35.1999998092651 -364.745706319809 33.3999991416931 -34.4999991357327 -365.500003099442 33.200316131115 -35.1999998092651 -365.474671125412 33.200316131115 -34.4999991357327 -365.474671125412 33.5996821522713 -34.4999991357327 -365.474671125412 33.3999991416931 -35.1999998092651 -365.500003099442 33.7867252528667 -34.4999991357327 -365.400314331055 33.5996821522713 -35.1999998092651 -365.474671125412 33.9492857456207 -34.4999991357327 -365.281611680984 33.7867252528667 -35.1999998092651 -365.400314331055 34.0770743787289 -34.4999991357327 -365.126103162766 33.9492857456207 -35.1999998092651 -365.281611680984 33.0132767558098 -35.1999998092651 -365.400314331055 33.0132767558098 -34.4999991357327 -365.400314331055 34.1986939311028 -34.4999991357327 -364.745706319809 34.1620035469532 -35.1999998092651 -364.943623542786 34.1620035469532 -34.4999991357327 -364.943623542786 32.6379984617233 -34.4999991357327 -364.943623542786 32.6013080775738 -35.1999998092651 -364.745706319809 32.6013080775738 -34.4999991357327 -364.745706319809 32.6379984617233 -35.1999998092651 -364.943623542786 32.8507162630558 -34.4999991357327 -365.281611680984 32.7229239046574 -35.1999998092651 -365.126103162766 32.7229239046574 -34.4999991357327 -365.126103162766 32.8507162630558 -35.1999998092651 -365.281611680984 34.0770743787289 -35.1999998092651 -365.126103162766 34.1986939311028 -35.1999998092651 -364.745706319809 34.1986939311028 -34.4999991357327 -364.745706319809 34.4012230634689 -35.1999998092651 -361.207127571106 34.1986939311028 -35.1999998092651 -364.745706319809 34.4012230634689 -34.4999991357327 -361.207127571106 35.6878526508808 -35.1999998092651 -360.727310180664 35.5373062193394 -34.4999991357327 -360.607743263245 35.6878526508808 -34.4999991357327 -360.727310180664 35.803060978651 -35.1999998092651 -360.881209373474 35.803060978651 -34.4999991357327 -360.881209373474 34.8000191152096 -35.1999998092651 -360.586673021317 34.6428863704205 -34.4999991357327 -360.697418451309 34.8000191152096 -34.4999991357327 -360.586673021317 35.8753576874733 -35.1999998092651 -361.059337854385 35.8753576874733 -34.4999991357327 -361.059337854385 34.6428863704205 -35.1999998092651 -360.697418451309 34.5190726220608 -34.4999991357327 -360.844492912292 34.5190726220608 -35.1999998092651 -360.844492912292 34.4367139041424 -34.4999991357327 -361.01821064949 34.4367139041424 -35.1999998092651 -361.01821064949 34.4012230634689 -34.4999991357327 -361.207127571106 34.4012230634689 -35.1999998092651 -361.207127571106 35.3613123297691 -35.1999998092651 -360.530376434326 35.1714342832565 -34.4999991357327 -360.500305891037 35.3613123297691 -34.4999991357327 -360.530376434326 34.9801480770111 -35.1999998092651 -360.519468784332 34.9801480770111 -34.4999991357327 -360.519468784332 35.1714342832565 -35.1999998092651 -360.500305891037 35.5373062193394 -35.1999998092651 -360.607743263245 35.8999967575073 -35.1999998092651 -361.249983310699 35.8999967575073 -34.4999991357327 -361.249983310699 35.8999967575073 -35.1999998092651 -361.249983310699 35.8999967575073 -34.4999991357327 -374.750018119812 35.8999967575073 -35.1999998092651 -374.750018119812 35.8999967575073 -34.4999991357327 -361.249983310699 33.6106009781361 -35.1999998092651 18.0539265275002 34.400001168251 -34.4999991357327 17.9500002413988 33.6106009781361 -34.4999991357327 18.0539265275002 34.400001168251 -35.1999998092651 24.0499991923571 33.6106009781361 -34.4999991357327 23.9460729062557 34.400001168251 -34.4999991357327 24.0499991923571 33.6106009781361 -35.1999998092651 23.9460729062557 32.8750014305115 -34.4999991357327 23.6413776874542 32.8750014305115 -35.1999998092651 23.6413776874542 32.2433225810528 -34.4999991357327 23.156676441431 32.2433225810528 -35.1999998092651 23.156676441431 31.7586213350296 -34.4999991357327 22.5249994546175 31.7586213350296 -35.1999998092651 22.5249994546175 31.4539261162281 -34.4999991357327 21.7893980443478 31.4539261162281 -35.1999998092651 21.7893980443478 31.3500016927719 -34.4999991357327 20.9999997168779 31.3500016927719 -35.1999998092651 20.9999997168779 31.4539261162281 -34.4999991357327 20.2106013894081 31.4539261162281 -35.1999998092651 20.2106013894081 31.7586213350296 -34.4999991357327 19.4749999791384 31.7586213350296 -35.1999998092651 19.4749999791384 32.2433225810528 -34.4999991357327 18.84332485497 32.2433225810528 -35.1999998092651 18.84332485497 32.8750014305115 -34.4999991357327 18.3586217463017 32.8750014305115 -35.1999998092651 18.3586217463017 34.400001168251 -35.1999998092651 17.9500002413988 35.1893976330757 -34.4999991357327 18.0539265275002 35.1893976330757 -35.1999998092651 18.0539265275002 35.9250009059906 -34.4999991357327 18.3586217463017 35.9250009059906 -35.1999998092651 18.3586217463017 36.556676030159 -34.4999991357327 18.84332485497 36.556676030159 -35.1999998092651 18.84332485497 37.0413772761822 -34.4999991357327 19.4749999791384 37.0413772761822 -35.1999998092651 19.4749999791384 37.3460724949837 -34.4999991357327 20.2106013894081 37.3460724949837 -35.1999998092651 20.2106013894081 37.4500006437302 -34.4999991357327 20.9999997168779 37.4500006437302 -35.1999998092651 20.9999997168779 37.3460724949837 -34.4999991357327 21.7893980443478 37.3460724949837 -35.1999998092651 21.7893980443478 37.0413772761822 -34.4999991357327 22.5249994546175 37.0413772761822 -35.1999998092651 22.5249994546175 36.556676030159 -34.4999991357327 23.156676441431 36.556676030159 -35.1999998092651 23.156676441431 35.9250009059906 -34.4999991357327 23.6413776874542 35.9250009059906 -35.1999998092651 23.6413776874542 35.1893976330757 -34.4999991357327 23.9460729062557 35.1893976330757 -35.1999998092651 23.9460729062557 35.9250009059906 -34.4999991357327 -109.641380608082 35.1893976330757 -35.1999998092651 -109.946072101593 35.9250009059906 -35.1999998092651 -109.641380608082 37.4500006437302 -35.1999998092651 -107.00000077486 37.3460724949837 -34.4999991357327 -106.210604310036 37.4500006437302 -34.4999991357327 -107.00000077486 37.3460724949837 -35.1999998092651 -106.210604310036 37.0413772761822 -34.4999991357327 -105.475001037121 37.0413772761822 -35.1999998092651 -105.475001037121 36.556676030159 -34.4999991357327 -104.843325912952 36.556676030159 -35.1999998092651 -104.843325912952 35.9250009059906 -34.4999991357327 -104.358620941639 35.9250009059906 -35.1999998092651 -104.358620941639 35.1893976330757 -34.4999991357327 -104.053929448128 35.1893976330757 -35.1999998092651 -104.053929448128 34.400001168251 -34.4999991357327 -103.950001299381 33.6106009781361 -34.4999991357327 -109.946072101593 32.8750014305115 -35.1999998092651 -109.641380608082 33.6106009781361 -35.1999998092651 -109.946072101593 34.400001168251 -34.4999991357327 -110.05000025034 34.400001168251 -35.1999998092651 -110.05000025034 35.1893976330757 -34.4999991357327 -109.946072101593 32.2433225810528 -35.1999998092651 -104.843325912952 31.7586213350296 -34.4999991357327 -105.475001037121 32.2433225810528 -34.4999991357327 -104.843325912952 34.400001168251 -35.1999998092651 -103.950001299381 33.6106009781361 -34.4999991357327 -104.053929448128 33.6106009781361 -35.1999998092651 -104.053929448128 32.8750014305115 -34.4999991357327 -104.358620941639 36.556676030159 -34.4999991357327 -109.156675636768 36.556676030159 -35.1999998092651 -109.156675636768 31.7586213350296 -35.1999998092651 -105.475001037121 31.4539261162281 -34.4999991357327 -106.210604310036 31.4539261162281 -35.1999998092651 -106.210604310036 31.3500016927719 -34.4999991357327 -107.00000077486 31.3500016927719 -35.1999998092651 -107.00000077486 31.4539261162281 -34.4999991357327 -107.789397239685 31.4539261162281 -35.1999998092651 -107.789397239685 31.7586213350296 -34.4999991357327 -108.5250005126 31.7586213350296 -35.1999998092651 -108.5250005126 32.2433225810528 -34.4999991357327 -109.156675636768 32.2433225810528 -35.1999998092651 -109.156675636768 32.8750014305115 -34.4999991357327 -109.641380608082 37.0413772761822 -34.4999991357327 -108.5250005126 37.0413772761822 -35.1999998092651 -108.5250005126 37.3460724949837 -34.4999991357327 -107.789397239685 37.3460724949837 -35.1999998092651 -107.789397239685 32.8750014305115 -35.1999998092651 -104.358620941639 32.2433225810528 -34.4999991357327 -237.156674265862 31.7586213350296 -35.1999998092651 -236.524999141693 32.2433225810528 -35.1999998092651 -237.156674265862 36.556676030159 -34.4999991357327 -232.843324542046 37.0413772761822 -35.1999998092651 -233.474999666214 36.556676030159 -35.1999998092651 -232.843324542046 35.9250009059906 -34.4999991357327 -232.358619570732 35.9250009059906 -35.1999998092651 -232.358619570732 35.1893976330757 -34.4999991357327 -232.05392062664 35.1893976330757 -35.1999998092651 -232.05392062664 34.400001168251 -34.4999991357327 -231.949999928474 34.400001168251 -35.1999998092651 -231.949999928474 33.6106009781361 -34.4999991357327 -232.05392062664 33.6106009781361 -35.1999998092651 -232.05392062664 32.8750014305115 -34.4999991357327 -232.358619570732 32.8750014305115 -35.1999998092651 -232.358619570732 32.2433225810528 -34.4999991357327 -232.843324542046 32.2433225810528 -35.1999998092651 -232.843324542046 31.7586213350296 -34.4999991357327 -233.474999666214 31.7586213350296 -35.1999998092651 -233.474999666214 31.4539261162281 -34.4999991357327 -234.210595488548 31.4539261162281 -35.1999998092651 -234.210595488548 31.3500016927719 -34.4999991357327 -234.999999403954 31.3500016927719 -35.1999998092651 -234.999999403954 31.4539261162281 -34.4999991357327 -235.789403319359 31.4539261162281 -35.1999998092651 -235.789403319359 31.7586213350296 -34.4999991357327 -236.524999141693 37.0413772761822 -34.4999991357327 -233.474999666214 37.3460724949837 -35.1999998092651 -234.210595488548 37.3460724949837 -34.4999991357327 -234.210595488548 37.4500006437302 -35.1999998092651 -234.999999403954 37.4500006437302 -34.4999991357327 -234.999999403954 37.3460724949837 -35.1999998092651 -235.789403319359 37.3460724949837 -34.4999991357327 -235.789403319359 37.0413772761822 -35.1999998092651 -236.524999141693 37.0413772761822 -34.4999991357327 -236.524999141693 36.556676030159 -35.1999998092651 -237.156674265862 36.556676030159 -34.4999991357327 -237.156674265862 35.9250009059906 -35.1999998092651 -237.641379237175 35.9250009059906 -34.4999991357327 -237.641379237175 35.1893976330757 -35.1999998092651 -237.946078181267 35.1893976330757 -34.4999991357327 -237.946078181267 34.400001168251 -35.1999998092651 -238.049998879433 34.400001168251 -34.4999991357327 -238.049998879433 33.6106009781361 -35.1999998092651 -237.946078181267 33.6106009781361 -34.4999991357327 -237.946078181267 32.8750014305115 -35.1999998092651 -237.641379237175 32.8750014305115 -34.4999991357327 -237.641379237175 19.8749992996454 12.5825321301818 37.0000004768372 19.6161158382893 12.383883818984 32.0000015199184 19.8749992996454 12.5825321301818 32.0000015199184 20.1764758676291 12.7074075862765 37.0000004768372 20.1764758676291 12.7074075862765 32.0000015199184 20.5000005662441 12.7499997615814 37.0000004768372 20.5000005662441 12.7499997615814 32.0000015199184 20.8235234022141 12.7074075862765 37.0000004768372 20.8235234022141 12.7074075862765 32.0000015199184 21.1249999701977 12.5825321301818 37.0000004768372 21.1249999701977 12.5825321301818 32.0000015199184 21.3838834315538 12.383883818984 37.0000004768372 21.3838834315538 12.383883818984 32.0000015199184 21.5825326740742 12.1250003576279 37.0000004768372 21.5825326740742 12.1250003576279 32.0000015199184 21.7074081301689 11.8235237896442 37.0000004768372 21.7074081301689 11.8235237896442 32.0000015199184 21.7499993741512 11.5000000223517 37.0000004768372 21.7499993741512 11.5000000223517 32.0000015199184 21.7074081301689 11.1764762550592 37.0000004768372 21.7074081301689 11.1764762550592 32.0000015199184 21.5825326740742 10.8749996870756 37.0000004768372 21.5825326740742 10.8749996870756 32.0000015199184 19.6161158382893 12.383883818984 37.0000004768372 19.4174684584141 12.1250003576279 32.0000015199184 19.2499998956919 11.5000000223517 32.0000015199184 19.2925930023193 11.8235237896442 37.0000004768372 19.2499998956919 11.5000000223517 37.0000004768372 19.2925930023193 11.8235237896442 32.0000015199184 19.4174684584141 12.1250003576279 37.0000004768372 21.3838834315538 10.6161162257195 37.0000004768372 21.3838834315538 10.6161162257195 32.0000015199184 21.1249999701977 10.4174679145217 37.0000004768372 21.1249999701977 10.4174679145217 32.0000015199184 20.8235234022141 10.292592458427 37.0000004768372 20.8235234022141 10.292592458427 32.0000015199184 20.5000005662441 10.2500002831221 37.0000004768372 20.5000005662441 10.2500002831221 32.0000015199184 20.1764758676291 10.292592458427 37.0000004768372 20.1764758676291 10.292592458427 32.0000015199184 19.8749992996454 10.4174679145217 37.0000004768372 19.8749992996454 10.4174679145217 32.0000015199184 19.6161158382893 10.6161162257195 37.0000004768372 19.6161158382893 10.6161162257195 32.0000015199184 19.4174684584141 10.8749996870756 37.0000004768372 19.4174684584141 10.8749996870756 32.0000015199184 19.2925930023193 11.1764762550592 37.0000004768372 19.2925930023193 11.1764762550592 32.0000015199184 20.5000005662441 11.5000000223517 32.0000015199184 19.2925930023193 11.8235237896442 32.0000015199184 19.2499998956919 11.5000000223517 32.0000015199184 19.4174684584141 12.1250003576279 32.0000015199184 19.6161158382893 12.383883818984 32.0000015199184 19.8749992996454 12.5825321301818 32.0000015199184 20.1764758676291 12.7074075862765 32.0000015199184 20.5000005662441 12.7499997615814 32.0000015199184 20.8235234022141 12.7074075862765 32.0000015199184 21.1249999701977 12.5825321301818 32.0000015199184 21.3838834315538 12.383883818984 32.0000015199184 21.5825326740742 12.1250003576279 32.0000015199184 21.7074081301689 11.8235237896442 32.0000015199184 21.7499993741512 11.5000000223517 32.0000015199184 21.7074081301689 11.1764762550592 32.0000015199184 21.5825326740742 10.8749996870756 32.0000015199184 21.3838834315538 10.6161162257195 32.0000015199184 21.1249999701977 10.4174679145217 32.0000015199184 20.8235234022141 10.292592458427 32.0000015199184 20.5000005662441 10.2500002831221 32.0000015199184 20.1764758676291 10.292592458427 32.0000015199184 19.8749992996454 10.4174679145217 32.0000015199184 19.4174684584141 10.8749996870756 32.0000015199184 19.6161158382893 10.6161162257195 32.0000015199184 19.2925930023193 11.1764762550592 32.0000015199184 26.7500001937151 21.5000007301569 24.8000007122755 26.7500001937151 20.7588188350201 25.7659256458282 26.7500001937151 20.5000005662441 25.8000008761883 26.7500001937151 1.30000000353903 -17.400000244379 26.7500001937151 1.30000000353903 25.8000008761883 26.7500001937151 0.300000014249235 24.8000007122755 26.7500001937151 0.300000014249235 -16.4000000804663 26.7500001937151 0.592893222346902 25.5071073770523 26.7500001937151 1.04118091985583 25.7659256458282 26.7500001937151 0.7999999797903 25.6660245358944 26.7500001937151 20.5000005662441 -17.400000244379 26.7500001937151 0.33407416776754 -16.6588183492422 26.7500001937151 1.04118091985583 -17.365925014019 26.7500001937151 21.2071072310209 -17.1071067452431 26.7500001937151 21.4659254997969 -16.6588183492422 26.7500001937151 21.5000007301569 -16.4000000804663 26.7500001937151 20.9999997168779 -17.2660257667303 26.7500001937151 20.7588188350201 -17.365925014019 26.7500001937151 21.4659254997969 25.0588189810514 26.7500001937151 20.9999997168779 25.6660245358944 26.7500001937151 0.433974608313292 25.2999998629093 26.7500001937151 0.33407416776754 25.0588189810514 26.7500001937151 21.3660262525082 -16.8999992311001 26.7500001937151 0.7999999797903 -17.2660257667303 26.7500001937151 0.592893222346902 -17.1071067452431 26.7500001937151 0.433974608313292 -16.8999992311001 26.7500001937151 21.3660262525082 25.2999998629093 26.7500001937151 21.2071072310209 25.5071073770523 27.8999991714954 0.300000014249235 24.8000007122755 26.7500001937151 0.300000014249235 -16.4000000804663 26.7500001937151 0.300000014249235 24.8000007122755 27.8999991714954 0.300000014249235 -16.4000000804663 27.8999991714954 1.04118091985583 25.7659256458282 26.7500001937151 0.7999999797903 25.6660245358944 26.7500001937151 1.04118091985583 25.7659256458282 26.7500001937151 0.300000014249235 24.8000007122755 27.8999991714954 0.33407416776754 25.0588189810514 27.8999991714954 0.300000014249235 24.8000007122755 26.7500001937151 0.33407416776754 25.0588189810514 27.8999991714954 0.433974608313292 25.2999998629093 26.7500001937151 0.433974608313292 25.2999998629093 27.8999991714954 0.592893222346902 25.5071073770523 26.7500001937151 0.592893222346902 25.5071073770523 27.8999991714954 0.7999999797903 25.6660245358944 27.8999991714954 1.30000000353903 25.8000008761883 26.7500001937151 1.30000000353903 25.8000008761883 27.8999991714954 20.5000005662441 25.8000008761883 26.7500001937151 1.30000000353903 25.8000008761883 26.7500001937151 20.5000005662441 25.8000008761883 27.8999991714954 1.30000000353903 25.8000008761883 26.7500001937151 20.5000005662441 25.8000008761883 27.8999991714954 20.7588188350201 25.7659256458282 27.8999991714954 20.5000005662441 25.8000008761883 26.7500001937151 20.7588188350201 25.7659256458282 27.8999991714954 20.9999997168779 25.6660245358944 26.7500001937151 20.9999997168779 25.6660245358944 27.8999991714954 21.2071072310209 25.5071073770523 26.7500001937151 21.2071072310209 25.5071073770523 27.8999991714954 21.3660262525082 25.2999998629093 26.7500001937151 21.3660262525082 25.2999998629093 27.8999991714954 21.4659254997969 25.0588189810514 26.7500001937151 21.4659254997969 25.0588189810514 27.8999991714954 21.5000007301569 24.8000007122755 26.7500001937151 21.5000007301569 24.8000007122755 26.7500001937151 21.5000007301569 -16.4000000804663 27.8999991714954 21.5000007301569 24.8000007122755 26.7500001937151 21.5000007301569 24.8000007122755 27.8999991714954 21.5000007301569 -16.4000000804663 26.7500001937151 20.7588188350201 -17.365925014019 27.8999991714954 20.5000005662441 -17.400000244379 27.8999991714954 20.7588188350201 -17.365925014019 26.7500001937151 21.5000007301569 -16.4000000804663 27.8999991714954 21.4659254997969 -16.6588183492422 27.8999991714954 21.5000007301569 -16.4000000804663 26.7500001937151 21.4659254997969 -16.6588183492422 27.8999991714954 21.3660262525082 -16.8999992311001 26.7500001937151 21.3660262525082 -16.8999992311001 27.8999991714954 21.2071072310209 -17.1071067452431 26.7500001937151 21.2071072310209 -17.1071067452431 27.8999991714954 20.9999997168779 -17.2660257667303 26.7500001937151 20.9999997168779 -17.2660257667303 26.7500001937151 20.5000005662441 -17.400000244379 26.7500001937151 20.5000005662441 -17.400000244379 27.8999991714954 1.30000000353903 -17.400000244379 27.8999991714954 20.5000005662441 -17.400000244379 26.7500001937151 1.30000000353903 -17.400000244379 26.7500001937151 1.30000000353903 -17.400000244379 27.8999991714954 1.04118091985583 -17.365925014019 27.8999991714954 1.30000000353903 -17.400000244379 26.7500001937151 1.04118091985583 -17.365925014019 27.8999991714954 0.7999999797903 -17.2660257667303 26.7500001937151 0.7999999797903 -17.2660257667303 27.8999991714954 0.592893222346902 -17.1071067452431 26.7500001937151 0.592893222346902 -17.1071067452431 27.8999991714954 0.433974608313292 -16.8999992311001 26.7500001937151 0.433974608313292 -16.8999992311001 27.8999991714954 0.33407416776754 -16.6588183492422 26.7500001937151 0.33407416776754 -16.6588183492422 27.8999991714954 0.300000014249235 -16.4000000804663 26.7500001937151 0.300000014249235 -16.4000000804663 26.0000005364418 8.62560980021954 -418.125003576279 26.0000005364418 11.6999996826053 -416.35000705719 26.0000005364418 8.27096309512854 -417.268812656403 26.0000005364418 9.18977055698633 -418.860226869583 26.0000005364418 9.9250003695488 -419.424384832382 26.0000005364418 10.7811922207475 -419.779032468796 26.0000005364418 11.6999996826053 -419.900000095367 26.0000005364418 12.6188071444631 -419.779032468796 26.0000005364418 13.4749999269843 -419.424384832382 26.0000005364418 14.2102288082242 -418.860226869583 26.0000005364418 14.7743904963136 -418.125003576279 26.0000005364418 15.129036270082 -417.268812656403 26.0000005364418 15.2500001713634 -416.35000705719 26.0000005364418 15.129036270082 -415.431201457977 26.0000005364418 14.7743904963136 -414.575010538101 26.0000005364418 14.2102288082242 -413.839757442474 26.0000005364418 13.4749999269843 -413.275599479675 26.0000005364418 12.6188071444631 -412.920951843262 26.0000005364418 11.6999996826053 -412.800014019012 26.0000005364418 10.7811922207475 -412.920951843262 26.0000005364418 9.9250003695488 -413.275599479675 26.0000005364418 9.18977055698633 -413.839757442474 26.0000005364418 8.62560980021954 -414.575010538101 26.0000005364418 8.27096309512854 -415.431201457977 26.0000005364418 8.15000012516975 -416.35000705719 26.0000005364418 8.62560980021954 -418.125003576279 27.8999991714954 8.27096309512854 -417.268812656403 27.8999991714954 8.62560980021954 -418.125003576279 26.0000005364418 9.9250003695488 -419.424384832382 27.8999991714954 9.18977055698633 -418.860226869583 27.8999991714954 9.9250003695488 -419.424384832382 27.8999991714954 8.27096309512854 -415.431201457977 26.0000005364418 8.15000012516975 -416.35000705719 26.0000005364418 8.27096309512854 -415.431201457977 27.8999991714954 8.62560980021954 -414.575010538101 26.0000005364418 8.62560980021954 -414.575010538101 27.8999991714954 9.18977055698633 -413.839757442474 26.0000005364418 9.18977055698633 -413.839757442474 27.8999991714954 9.9250003695488 -413.275599479675 26.0000005364418 9.9250003695488 -413.275599479675 27.8999991714954 10.7811922207475 -412.920951843262 26.0000005364418 10.7811922207475 -412.920951843262 27.8999991714954 11.6999996826053 -412.800014019012 26.0000005364418 11.6999996826053 -412.800014019012 27.8999991714954 12.6188071444631 -412.920951843262 26.0000005364418 12.6188071444631 -412.920951843262 27.8999991714954 13.4749999269843 -413.275599479675 26.0000005364418 13.4749999269843 -413.275599479675 27.8999991714954 14.2102288082242 -413.839757442474 26.0000005364418 14.2102288082242 -413.839757442474 27.8999991714954 14.7743904963136 -414.575010538101 26.0000005364418 14.7743904963136 -414.575010538101 27.8999991714954 15.129036270082 -415.431201457977 26.0000005364418 15.129036270082 -415.431201457977 27.8999991714954 15.2500001713634 -416.35000705719 26.0000005364418 15.2500001713634 -416.35000705719 27.8999991714954 15.129036270082 -417.268812656403 26.0000005364418 15.129036270082 -417.268812656403 27.8999991714954 14.7743904963136 -418.125003576279 26.0000005364418 14.7743904963136 -418.125003576279 27.8999991714954 14.2102288082242 -418.860226869583 26.0000005364418 14.2102288082242 -418.860226869583 27.8999991714954 13.4749999269843 -419.424384832382 26.0000005364418 13.4749999269843 -419.424384832382 27.8999991714954 12.6188071444631 -419.779032468796 26.0000005364418 12.6188071444631 -419.779032468796 27.8999991714954 11.6999996826053 -419.900000095367 26.0000005364418 11.6999996826053 -419.900000095367 27.8999991714954 10.7811922207475 -419.779032468796 26.0000005364418 10.7811922207475 -419.779032468796 26.0000005364418 9.18977055698633 -418.860226869583 26.0000005364418 8.27096309512854 -417.268812656403 27.8999991714954 8.15000012516975 -416.35000705719 8.20000004023314 -41.4500012993813 37.0000004768372 8.20000004023314 -35.1499989628792 -453.20001244545 8.20000004023314 -35.1499989628792 37.0000004768372 8.20000004023314 -41.4500012993813 -453.20001244545 7.22499983385205 -42.0129150152206 37.0000004768372 7.38176750019193 -42.0778505504131 -453.20001244545 7.38176750019193 -42.0778505504131 37.0000004768372 6.92214816808701 -41.6182316839695 -453.20001244545 6.89999992027879 -41.4500012993813 37.0000004768372 6.89999992027879 -41.4500012993813 -453.20001244545 6.9870837032795 -41.7749993503094 -453.20001244545 6.92214816808701 -41.6182316839695 37.0000004768372 7.0903804153204 -41.9096201658249 -453.20001244545 6.9870837032795 -41.7749993503094 37.0000004768372 7.22499983385205 -42.0129150152206 -453.20001244545 7.0903804153204 -41.9096201658249 37.0000004768372 7.55000021308661 -42.1000011265278 -453.20001244545 7.71823246032 -42.0778505504131 -453.20001244545 7.55000021308661 -42.1000011265278 37.0000004768372 7.87500012665987 -42.0129150152206 -453.20001244545 7.71823246032 -42.0778505504131 37.0000004768372 8.00961907953024 -41.9096201658249 -453.20001244545 7.87500012665987 -42.0129150152206 37.0000004768372 8.11291672289371 -41.7749993503094 -453.20001244545 8.00961907953024 -41.9096201658249 37.0000004768372 8.17785132676363 -41.6182316839695 -453.20001244545 8.11291672289371 -41.7749993503094 37.0000004768372 8.20000004023314 -41.4500012993813 -453.20001244545 8.17785132676363 -41.6182316839695 37.0000004768372 8.20000004023314 -41.4500012993813 37.0000004768372 6.89999992027879 -25.9567573666573 37.0000004768372 6.89999992027879 -41.4500012993813 -453.20001244545 6.89999992027879 -41.4500012993813 37.0000004768372 6.89999992027879 -25.9567573666573 -453.20001244545 7.90114048868418 -7.30000017210841 -453.20001244545 12.9001438617706 85.858941078186 37.0000004768372 12.9001438617706 85.858941078186 -453.20001244545 6.89999992027879 -25.9567573666573 37.0000004768372 6.89999992027879 -25.9567573666573 -453.20001244545 12.949819676578 86.1318707466125 -453.20001244545 13.0661968141794 86.3836854696274 37.0000004768372 13.0661968141794 86.3836854696274 -453.20001244545 13.7233678251505 86.865022778511 -453.20001244545 13.998563401401 86.9000032544136 37.0000004768372 13.998563401401 86.9000032544136 -453.20001244545 13.4656736627221 86.7623016238213 -453.20001244545 13.7233678251505 86.865022778511 37.0000004768372 13.2418721914291 86.5983814001083 -453.20001244545 13.4656736627221 86.7623016238213 37.0000004768372 13.2418721914291 86.5983814001083 37.0000004768372 12.9001438617706 85.858941078186 -453.20001244545 12.949819676578 86.1318707466125 37.0000004768372 12.9001438617706 85.858941078186 37.0000004768372 13.998563401401 86.9000032544136 -453.20001244545 18.6000000685453 86.9000032544136 -437.000006437302 18.6000000685453 86.9000032544136 -453.20001244545 26.7999991774559 86.9000032544136 37.0000004768372 13.998563401401 86.9000032544136 37.0000004768372 26.7999991774559 86.9000032544136 -437.000006437302 27.3499991744757 86.7526307702065 -437.000006437302 27.577817440033 86.5778177976608 37.0000004768372 27.577817440033 86.5778177976608 -437.000006437302 27.0847007632256 86.8625193834305 -437.000006437302 27.3499991744757 86.7526307702065 37.0000004768372 26.7999991774559 86.9000032544136 -437.000006437302 27.0847007632256 86.8625193834305 37.0000004768372 26.7999991774559 86.9000032544136 37.0000004768372 27.7526285499334 86.3500013947487 37.0000004768372 27.8625190258026 86.0847011208534 37.0000004768372 27.7526285499334 86.3500013947487 -437.000006437302 27.8999991714954 85.7999995350838 37.0000004768372 27.8625190258026 86.0847011208534 -437.000006437302 27.8999991714954 85.7999995350838 -437.000006437302 27.8999991714954 15.129036270082 -417.268812656403 27.8999991714954 85.7999995350838 -437.000006437302 27.8999991714954 15.2500001713634 -416.35000705719 27.8999991714954 -17.2000005841255 -437.000006437302 27.8999991714954 10.7811922207475 -419.779032468796 27.8999991714954 9.9250003695488 -419.424384832382 27.8999991714954 0.300000014249235 -16.4000000804663 27.8999991714954 -17.2000005841255 37.0000004768372 27.8999991714954 0.33407416776754 -16.6588183492422 27.8999991714954 20.5000005662441 25.8000008761883 27.8999991714954 85.7999995350838 37.0000004768372 27.8999991714954 21.5000007301569 -16.4000000804663 27.8999991714954 8.27096309512854 -415.431201457977 27.8999991714954 8.62560980021954 -414.575010538101 27.8999991714954 9.9250003695488 -413.275599479675 27.8999991714954 10.7811922207475 -412.920951843262 27.8999991714954 9.18977055698633 -413.839757442474 27.8999991714954 12.6188071444631 -412.920951843262 27.8999991714954 11.6999996826053 -412.800014019012 27.8999991714954 14.7743904963136 -414.575010538101 27.8999991714954 15.129036270082 -415.431201457977 27.8999991714954 13.4749999269843 -413.275599479675 27.8999991714954 12.6188071444631 -419.779032468796 27.8999991714954 13.4749999269843 -419.424384832382 27.8999991714954 14.2102288082242 -413.839757442474 27.8999991714954 14.7743904963136 -418.125003576279 27.8999991714954 14.2102288082242 -418.860226869583 27.8999991714954 11.6999996826053 -419.900000095367 27.8999991714954 8.62560980021954 -418.125003576279 27.8999991714954 8.27096309512854 -417.268812656403 27.8999991714954 1.30000000353903 25.8000008761883 27.8999991714954 21.4659254997969 25.0588189810514 27.8999991714954 21.5000007301569 24.8000007122755 27.8999991714954 20.9999997168779 25.6660245358944 27.8999991714954 21.2071072310209 25.5071073770523 27.8999991714954 0.592893222346902 -17.1071067452431 27.8999991714954 0.433974608313292 -16.8999992311001 27.8999991714954 21.3660262525082 25.2999998629093 27.8999991714954 1.04118091985583 -17.365925014019 27.8999991714954 0.7999999797903 -17.2660257667303 27.8999991714954 0.433974608313292 25.2999998629093 27.8999991714954 0.592893222346902 25.5071073770523 27.8999991714954 20.7588188350201 25.7659256458282 27.8999991714954 0.33407416776754 25.0588189810514 27.8999991714954 0.7999999797903 25.6660245358944 27.8999991714954 1.04118091985583 25.7659256458282 27.8999991714954 8.15000012516975 -416.35000705719 27.8999991714954 21.4659254997969 -16.6588183492422 27.8999991714954 21.3660262525082 -16.8999992311001 27.8999991714954 9.18977055698633 -418.860226869583 27.8999991714954 0.300000014249235 24.8000007122755 27.8999991714954 20.9999997168779 -17.2660257667303 27.8999991714954 20.7588188350201 -17.365925014019 27.8999991714954 1.30000000353903 -17.400000244379 27.8999991714954 20.5000005662441 -17.400000244379 27.8999991714954 21.2071072310209 -17.1071067452431 27.7794227004051 -17.6500007510185 -437.000006437302 27.6363957673311 -17.8363956511021 37.0000004768372 27.6363957673311 -17.8363956511021 -437.000006437302 27.8693325817585 -17.4329373985529 -437.000006437302 27.7794227004051 -17.6500007510185 37.0000004768372 27.8999991714954 -17.2000005841255 -437.000006437302 27.8693325817585 -17.4329373985529 37.0000004768372 27.8999991714954 -17.2000005841255 37.0000004768372 27.4500008672476 -17.9794225841761 37.0000004768372 27.232937514782 -18.0693324655294 37.0000004768372 27.4500008672476 -17.9794225841761 -437.000006437302 27.0000007003546 -18.1000009179115 37.0000004768372 27.232937514782 -18.0693324655294 -437.000006437302 27.0000007003546 -18.1000009179115 -437.000006437302 25.2000000327826 -18.1000009179115 35.5000011622906 27.0000007003546 -18.1000009179115 -437.000006437302 27.0000007003546 -18.1000009179115 37.0000004768372 24.4999993592501 -18.1000009179115 37.0000004768372 25.2000000327826 -18.1000009179115 -437.000006437302 24.4999993592501 -18.1000009179115 35.5000011622906</float_array><technique_common><accessor count="2964" source="#bau0234565834-mesh-positions-array" stride="3"><param name="X" type="float" /><param name="Y" type="float" /><param name="Z" type="float" /></accessor></technique_common></source><source id="bau0234565834-mesh-normals"><float_array id="bau0234565834-mesh-normals-array" count="8892">0 0 -1 0 0 -1 0 0 -1 0 0 -1 0 0 -1 0 0 -1 0 0 -1 0 0 -1 0 0 -1 0 0 -1 0 0 -1 0 0 -1 0 0 -1 0 0 -1 0 0 -1 0 0 -1 0 0 -1 0 0 -1 0 0 -1 1 1.05134755117163E-16 0 1 1.05134755117163E-16 0 1 1.05134755117163E-16 0 1 1.05134755117163E-16 0 1 1.05134755117163E-16 0 1 1.05134755117163E-16 0 1 1.05134755117163E-16 0 1 1.05134755117163E-16 0 1 1.05134755117163E-16 0 1 1.05134755117163E-16 0 1 1.05134755117163E-16 0 1 1.05134755117163E-16 0 1 1.05134755117163E-16 0 1 1.05134755117163E-16 0 1 1.05134755117163E-16 0 1 1.05134755117163E-16 0 1 1.05134755117163E-16 0 1 1.05134755117163E-16 0 1 1.05134755117163E-16 0 1 1.05134755117163E-16 0 1 1.05134755117163E-16 0 1 1.05134755117163E-16 0 1 1.05134755117163E-16 0 1 1.05134755117163E-16 0 1 1.05134755117163E-16 0 1 1.05134755117163E-16 0 1 1.05134755117163E-16 0 1 1.05134755117163E-16 0 1 1.05134755117163E-16 0 1 1.05134755117163E-16 0 0 0 -1 0 0 -1 0 0 -1 0 0 -1 0 0 -1 0 0 -1 0 0 -1 0 0 -1 0 0 -1 0 0 -1 0 0 -1 0 0 -1 0 0 -1 0 0 -1 0 0 -1 0 0 -1 0 0 -1 0 0 -1 -1.0824385440102E-15 -0.998629510402679 -0.0523359552025795 -1.0824385440102E-15 -0.998629510402679 -0.0523359552025795 -1.0824385440102E-15 -0.998629510402679 -0.0523359552025795 -1.0824385440102E-15 -0.998629510402679 -0.0523359552025795 0 0 1 0 0 1 0 0 1 0 0 1 1.0824385440102E-15 0.998629510402679 -0.0523359552025795 1.0824385440102E-15 0.998629510402679 -0.0523359552025795 1.0824385440102E-15 0.998629510402679 -0.0523359552025795 1.0824385440102E-15 0.998629510402679 -0.0523359552025795 1.01193025093133E-15 0.93358039855957 -0.358367949724197 1.01193025093133E-15 0.93358039855957 -0.358367949724197 1.01193025093133E-15 0.93358039855957 -0.358367949724197 1.01193025093133E-15 0.93358039855957 -0.358367949724197 0 0 -1 0 0 -1 0 0 -1 0 0 -1 -1.01193025093133E-15 -0.93358039855957 -0.358367949724197 -1.01193025093133E-15 -0.93358039855957 -0.358367949724197 -1.01193025093133E-15 -0.93358039855957 -0.358367949724197 -1.01193025093133E-15 -0.93358039855957 -0.358367949724197 1 1.05134755117163E-16 0 1 1.05134755117163E-16 0 1 1.05134755117163E-16 0 1 1.05134755117163E-16 0 1 1.05134755117163E-16 0 1 1.05134755117163E-16 0 -1.0824385440102E-15 -0.998629510402679 -0.0523359552025795 -1.0824385440102E-15 -0.998629510402679 -0.0523359552025795 -1.0824385440102E-15 -0.998629510402679 -0.0523359552025795 -1.0824385440102E-15 -0.998629510402679 -0.0523359552025795 0 0 1 0 0 1 0 0 1 0 0 1 1.0824385440102E-15 0.998629510402679 -0.0523359552025795 1.0824385440102E-15 0.998629510402679 -0.0523359552025795 1.0824385440102E-15 0.998629510402679 -0.0523359552025795 1.0824385440102E-15 0.998629510402679 -0.0523359552025795 1.01193025093133E-15 0.93358039855957 -0.358367949724197 1.01193025093133E-15 0.93358039855957 -0.358367949724197 1.01193025093133E-15 0.93358039855957 -0.358367949724197 1.01193025093133E-15 0.93358039855957 -0.358367949724197 0 0 -1 0 0 -1 0 0 -1 0 0 -1 -1.01193025093133E-15 -0.93358039855957 -0.358367949724197 -1.01193025093133E-15 -0.93358039855957 -0.358367949724197 -1.01193025093133E-15 -0.93358039855957 -0.358367949724197 -1.01193025093133E-15 -0.93358039855957 -0.358367949724197 1 -1.0858144997006E-15 -5.69051226169771E-17 1 -1.0858144997006E-15 -5.69051226169771E-17 1 -1.0858144997006E-15 -5.69051226169771E-17 1 -1.0858144997006E-15 -5.69051226169771E-17 1 -1.0858144997006E-15 -5.69051226169771E-17 1 -1.0858144997006E-15 -5.69051226169771E-17 1.08392402804145E-15 1 8.67361737988404E-16 1.08392402804145E-15 1 8.67361737988404E-16 1.08392402804145E-15 1 8.67361737988404E-16 1.08392402804145E-15 1 8.67361737988404E-16 0 0 -1 0 0 -1 0 0 -1 0 0 -1 -1.08392402804145E-15 -1 0 -1.08392402804145E-15 -1 0 -1.08392402804145E-15 -1 0 -1.08392402804145E-15 -1 0 0 0 1 0 0 1 0 0 1 0 0 1 1 -1.04083408558608E-15 -9.02779661431517E-31 1 -1.04083408558608E-15 -9.02779661431517E-31 1 -1.04083408558608E-15 -9.02779661431517E-31 1 -1.04083408558608E-15 -9.02779661431517E-31 -1 -1.39709275506945E-15 0 -1 -1.39709275506945E-15 0 -1 -1.39709275506945E-15 0 -1 -1.39709275506945E-15 0 -0.70710676908493 -9.87893785228862E-16 -0.70710676908493 -0.70710676908493 -9.87893785228862E-16 -0.70710676908493 -0.70710676908493 -9.87893785228862E-16 -0.70710676908493 -0.70710676908493 -9.87893785228862E-16 -0.70710676908493 0.0523359552025795 7.31181868778166E-17 -0.998629510402679 0.0523359552025795 7.31181868778166E-17 -0.998629510402679 0.0523359552025795 7.31181868778166E-17 -0.998629510402679 0.0523359552025795 7.31181868778166E-17 -0.998629510402679 1 1.39709275506945E-15 0 1 1.39709275506945E-15 0 1 1.39709275506945E-15 0 1 1.39709275506945E-15 0 0.0174524057656527 2.43826308626582E-17 0.999847710132599 0.0174524057656527 2.43826308626582E-17 0.999847710132599 0.0174524057656527 2.43826308626582E-17 0.999847710132599 0.0174524057656527 2.43826308626582E-17 0.999847710132599 -1.4922352014742E-15 1 0 -1.4922352014742E-15 1 0 -1.4922352014742E-15 1 0 -1.4922352014742E-15 1 0 -1.4922352014742E-15 1 0 -1.4922352014742E-15 1 0 -1.4922352014742E-15 1 0 1.4922352014742E-15 -1 0 1.4922352014742E-15 -1 0 1.4922352014742E-15 -1 0 1.4922352014742E-15 -1 0 1.4922352014742E-15 -1 0 1.4922352014742E-15 -1 0 1.4922352014742E-15 -1 0 -1 -1.39709275506945E-15 0 -1 -1.39709275506945E-15 0 -1 -1.39709275506945E-15 0 -1 -1.39709275506945E-15 0 -0.70710676908493 -9.87893785228862E-16 -0.70710676908493 -0.70710676908493 -9.87893785228862E-16 -0.70710676908493 -0.70710676908493 -9.87893785228862E-16 -0.70710676908493 -0.70710676908493 -9.87893785228862E-16 -0.70710676908493 0.0523359552025795 7.31181868778166E-17 -0.998629510402679 0.0523359552025795 7.31181868778166E-17 -0.998629510402679 0.0523359552025795 7.31181868778166E-17 -0.998629510402679 0.0523359552025795 7.31181868778166E-17 -0.998629510402679 1 1.39709275506945E-15 0 1 1.39709275506945E-15 0 1 1.39709275506945E-15 0 1 1.39709275506945E-15 0 0.0174524057656527 2.43826308626582E-17 0.999847710132599 0.0174524057656527 2.43826308626582E-17 0.999847710132599 0.0174524057656527 2.43826308626582E-17 0.999847710132599 0.0174524057656527 2.43826308626582E-17 0.999847710132599 -1.4922352014742E-15 1 0 -1.4922352014742E-15 1 0 -1.4922352014742E-15 1 0 -1.4922352014742E-15 1 0 -1.4922352014742E-15 1 0 -1.4922352014742E-15 1 0 -1.4922352014742E-15 1 0 1.4922352014742E-15 -1 0 1.4922352014742E-15 -1 0 1.4922352014742E-15 -1 0 1.4922352014742E-15 -1 0 1.4922352014742E-15 -1 0 1.4922352014742E-15 -1 0 1.4922352014742E-15 -1 0 1 0 2.10269510234327E-16 1 0 2.10269510234327E-16 1 0 2.10269510234327E-16 1 0 2.10269510234327E-16 1 0 2.10269510234327E-16 0 0 -1 0 0 -1 0 0 -1 0 0 -1 -0.342020153999329 -0.939692616462708 0 -0.342020153999329 -0.939692616462708 0 -0.342020153999329 -0.939692616462708 0 -0.342020153999329 -0.939692616462708 0 -0.342020153999329 -0.939692616462708 0 -0.342020153999329 -0.939692616462708 0 0.939692616462708 -0.342020153999329 0 0.939692616462708 -0.342020153999329 0 0.939692616462708 -0.342020153999329 0 0.939692616462708 -0.342020153999329 0 0.342020153999329 0.939692616462708 0 0.342020153999329 0.939692616462708 0 0.342020153999329 0.939692616462708 0 0.342020153999329 0.939692616462708 0 0.342020153999329 0.939692616462708 0 -0.342020153999329 -0.939692616462708 0 -0.342020153999329 -0.939692616462708 0 -0.342020153999329 -0.939692616462708 0 -0.342020153999329 -0.939692616462708 0 -0.342020153999329 -0.939692616462708 0 -0.342020153999329 -0.939692616462708 0 -0.342020153999329 -0.939692616462708 0 -0.342020153999329 -0.939692616462708 0 -0.342020153999329 -0.939692616462708 0 -0.342020153999329 -0.939692616462708 0 -0.342020153999329 -0.939692616462708 0 -0.342020153999329 -0.939692616462708 0 0.939692616462708 -0.342020153999329 0 0.939692616462708 -0.342020153999329 0 0.939692616462708 -0.342020153999329 0 0.939692616462708 -0.342020153999329 0 0.342020153999329 0.939692616462708 0 0.342020153999329 0.939692616462708 0 0.342020153999329 0.939692616462708 0 0.342020153999329 0.939692616462708 0 0.342020153999329 0.939692616462708 0 0.342020153999329 0.939692616462708 0 0.342020153999329 0.939692616462708 0 0.342020153999329 0.939692616462708 0 0.342020153999329 0.939692616462708 0 0.342020153999329 0.939692616462708 0 0.342020153999329 0.939692616462708 0 1 0 0 1 0 0 1 0 0 1 0 0 1 0 0 1 0 0 1 0 0 1 0 0 1 0 0 1 0 0 1 0 0 1 0 0 1 0 0 1 0 0 1 0 0 1 0 0 1 0 0 1 0 0 1 0 0 1 0 0 1 0 0 1 0 0 1 0 0 0 0 -1 0 0 -1 0 0 -1 0 0 -1 0 0 -1 0 0 -1 0 0 -1 0 0 -1 0 0 -1 0 0 -1 0 0 -1 0 0 -1 0 0 -1 0 0 -1 0 0 -1 0 0 -1 0 0 1 0 0 1 0 0 1 0 0 1 0 0 1 0 0 1 0 0 1 0 0 1 0 0 1 0 0 1 0 0 1 0 0 1 0 0 1 0 0 1 0 0 1 0 0 1 -1 0 0 -0.968446433544159 -0.249221786856651 0 -0.968446433544159 -0.249221786856651 0 -0.875777006149292 -0.482715904712677 0 -0.875777006149292 -0.482715904712677 0 -0.727839767932892 -0.68574720621109 0 -0.727839767932892 -0.68574720621109 0 -0.533970713615417 -0.845502972602844 0 -0.306404262781143 -0.951901495456696 0 -0.533970713615417 -0.845502972602844 0 -0.0595015212893486 -0.998228192329407 0 -0.306404262781143 -0.951901495456696 0 0.191156193614006 -0.981559634208679 0 -0.0595015212893486 -0.998228192329407 0 0.429750591516495 -0.902947664260864 0 0.191156193614006 -0.981559634208679 0 -1 0 0 0.64122462272644 -0.767353236675262 0 0.429750591516495 -0.902947664260864 0 0.812232851982117 -0.583333313465118 9.25185831266752E-14 0.64122462272644 -0.767353236675262 0 0.812232851982117 -0.583333313465118 9.25185831266752E-14 0.812232851982117 -0.583333313465118 9.25185831266752E-14 0.812232851982117 -0.583333313465118 9.25185831266752E-14 0.812232851982117 -0.583333313465118 9.25185831266752E-14 0.812232851982117 -0.583333313465118 9.25185831266752E-14 0.812232851982117 -0.583333313465118 9.25185831266752E-14 0.812232851982117 -0.583333313465118 9.25185831266752E-14 0.812232851982117 -0.583333313465118 9.25185831266752E-14 0.812232851982117 -0.583333313465118 9.25185831266752E-14 5.8737065622964E-16 -1 0 5.8737065622964E-16 -1 0 5.8737065622964E-16 -1 0 5.8737065622964E-16 -1 0 5.8737065622964E-16 -1 0 5.8737065622964E-16 -1 0 5.8737065622964E-16 -1 0 5.8737065622964E-16 -1 0 5.8737065622964E-16 -1 0 5.8737065622964E-16 -1 0 5.8737065622964E-16 -1 0 5.8737065622964E-16 -1 0 5.8737065622964E-16 -1 0 5.8737065622964E-16 -1 0 5.8737065622964E-16 -1 0 5.8737065622964E-16 -1 0 5.8737065622964E-16 -1 0 5.8737065622964E-16 -1 0 5.8737065622964E-16 -1 0 5.8737065622964E-16 -1 0 5.8737065622964E-16 -1 0 5.8737065622964E-16 -1 0 5.8737065622964E-16 -1 0 5.8737065622964E-16 -1 0 5.8737065622964E-16 -1 0 5.8737065622964E-16 -1 0 5.8737065622964E-16 -1 0 5.8737065622964E-16 -1 0 5.8737065622964E-16 -1 0 5.8737065622964E-16 -1 0 5.8737065622964E-16 -1 0 5.8737065622964E-16 -1 0 5.8737065622964E-16 -1 0 5.8737065622964E-16 -1 0 5.8737065622964E-16 -1 0 5.8737065622964E-16 -1 0 5.8737065622964E-16 -1 0 5.8737065622964E-16 -1 0 5.8737065622964E-16 -1 0 5.8737065622964E-16 -1 0 5.8737065622964E-16 -1 0 5.8737065622964E-16 -1 0 5.8737065622964E-16 -1 0 5.8737065622964E-16 -1 0 5.8737065622964E-16 -1 0 5.8737065622964E-16 -1 0 5.8737065622964E-16 -1 0 5.8737065622964E-16 -1 0 5.8737065622964E-16 -1 0 5.8737065622964E-16 -1 0 5.8737065622964E-16 -1 0 5.8737065622964E-16 -1 0 5.8737065622964E-16 -1 0 5.8737065622964E-16 -1 0 5.8737065622964E-16 -1 0 5.8737065622964E-16 -1 0 5.8737065622964E-16 -1 0 5.8737065622964E-16 -1 0 5.8737065622964E-16 -1 0 5.8737065622964E-16 -1 0 5.8737065622964E-16 -1 0 5.8737065622964E-16 -1 0 5.8737065622964E-16 -1 0 5.8737065622964E-16 -1 0 5.8737065622964E-16 -1 0 5.8737065622964E-16 -1 0 5.8737065622964E-16 -1 0 5.8737065622964E-16 -1 0 5.8737065622964E-16 -1 0 5.8737065622964E-16 -1 0 5.8737065622964E-16 -1 0 5.8737065622964E-16 -1 0 5.8737065622964E-16 -1 0 5.8737065622964E-16 -1 0 5.8737065622964E-16 -1 0 5.8737065622964E-16 -1 0 5.8737065622964E-16 -1 0 5.8737065622964E-16 -1 0 5.8737065622964E-16 -1 0 5.8737065622964E-16 -1 0 5.8737065622964E-16 -1 0 5.8737065622964E-16 -1 0 5.8737065622964E-16 -1 0 5.8737065622964E-16 -1 0 5.8737065622964E-16 -1 0 5.8737065622964E-16 -1 0 5.8737065622964E-16 -1 0 5.8737065622964E-16 -1 0 5.8737065622964E-16 -1 0 5.8737065622964E-16 -1 0 5.8737065622964E-16 -1 0 5.8737065622964E-16 -1 0 5.8737065622964E-16 -1 0 5.8737065622964E-16 -1 0 5.8737065622964E-16 -1 0 5.8737065622964E-16 -1 0 5.8737065622964E-16 -1 0 5.8737065622964E-16 -1 0 5.8737065622964E-16 -1 0 5.8737065622964E-16 -1 0 5.8737065622964E-16 -1 0 5.8737065622964E-16 -1 0 5.8737065622964E-16 -1 0 5.8737065622964E-16 -1 0 5.8737065622964E-16 -1 0 5.8737065622964E-16 -1 0 5.8737065622964E-16 -1 0 5.8737065622964E-16 -1 0 5.8737065622964E-16 -1 0 5.8737065622964E-16 -1 0 5.8737065622964E-16 -1 0 5.8737065622964E-16 -1 0 5.8737065622964E-16 -1 0 5.8737065622964E-16 -1 0 5.8737065622964E-16 -1 0 5.8737065622964E-16 -1 0 5.8737065622964E-16 -1 0 5.8737065622964E-16 -1 0 5.8737065622964E-16 -1 0 5.8737065622964E-16 -1 0 5.8737065622964E-16 -1 0 5.8737065622964E-16 -1 0 5.8737065622964E-16 -1 0 5.8737065622964E-16 -1 0 5.8737065622964E-16 -1 0 5.8737065622964E-16 -1 0 5.8737065622964E-16 -1 0 5.8737065622964E-16 -1 0 5.8737065622964E-16 -1 0 5.8737065622964E-16 -1 0 5.8737065622964E-16 -1 0 5.8737065622964E-16 -1 0 5.8737065622964E-16 -1 0 5.8737065622964E-16 -1 0 5.8737065622964E-16 -1 0 5.8737065622964E-16 -1 0 5.8737065622964E-16 -1 0 5.8737065622964E-16 -1 0 5.8737065622964E-16 -1 0 5.8737065622964E-16 -1 0 5.8737065622964E-16 -1 0 5.8737065622964E-16 -1 0 5.8737065622964E-16 -1 0 5.8737065622964E-16 -1 0 5.8737065622964E-16 -1 0 5.8737065622964E-16 -1 0 5.8737065622964E-16 -1 0 5.8737065622964E-16 -1 0 5.8737065622964E-16 -1 0 5.8737065622964E-16 -1 0 5.8737065622964E-16 -1 0 5.8737065622964E-16 -1 0 5.8737065622964E-16 -1 0 5.8737065622964E-16 -1 0 5.8737065622964E-16 -1 0 5.8737065622964E-16 -1 0 5.8737065622964E-16 -1 0 5.8737065622964E-16 -1 0 5.8737065622964E-16 -1 0 5.8737065622964E-16 -1 0 5.8737065622964E-16 -1 0 5.8737065622964E-16 -1 0 5.8737065622964E-16 -1 0 5.8737065622964E-16 -1 0 5.8737065622964E-16 -1 0 5.8737065622964E-16 -1 0 5.8737065622964E-16 -1 0 5.8737065622964E-16 -1 0 5.8737065622964E-16 -1 0 5.8737065622964E-16 -1 0 5.8737065622964E-16 -1 0 5.8737065622964E-16 -1 0 5.8737065622964E-16 -1 0 5.8737065622964E-16 -1 0 5.8737065622964E-16 -1 0 5.8737065622964E-16 -1 0 5.8737065622964E-16 -1 0 5.8737065622964E-16 -1 0 5.8737065622964E-16 -1 0 5.8737065622964E-16 -1 0 5.8737065622964E-16 -1 0 5.8737065622964E-16 -1 0 5.8737065622964E-16 -1 0 5.8737065622964E-16 -1 0 5.8737065622964E-16 -1 0 5.8737065622964E-16 -1 0 5.8737065622964E-16 -1 0 5.8737065622964E-16 -1 0 5.8737065622964E-16 -1 0 5.8737065622964E-16 -1 0 5.8737065622964E-16 -1 0 5.8737065622964E-16 -1 0 5.8737065622964E-16 -1 0 5.8737065622964E-16 -1 0 5.8737065622964E-16 -1 0 5.8737065622964E-16 -1 0 5.8737065622964E-16 -1 0 5.8737065622964E-16 -1 0 5.8737065622964E-16 -1 0 5.8737065622964E-16 -1 0 5.8737065622964E-16 -1 0 5.8737065622964E-16 -1 0 5.8737065622964E-16 -1 0 5.8737065622964E-16 -1 0 5.8737065622964E-16 -1 0 5.8737065622964E-16 -1 0 5.8737065622964E-16 -1 0 5.8737065622964E-16 -1 0 5.8737065622964E-16 -1 0 5.8737065622964E-16 -1 0 5.8737065622964E-16 -1 0 5.8737065622964E-16 -1 0 5.8737065622964E-16 -1 0 5.8737065622964E-16 -1 0 5.8737065622964E-16 -1 0 5.8737065622964E-16 -1 0 5.8737065622964E-16 -1 0 5.8737065622964E-16 -1 0 5.8737065622964E-16 -1 0 5.8737065622964E-16 -1 0 5.8737065622964E-16 -1 0 5.8737065622964E-16 -1 0 5.8737065622964E-16 -1 0 5.8737065622964E-16 -1 0 5.8737065622964E-16 -1 0 5.8737065622964E-16 -1 0 5.8737065622964E-16 -1 0 5.8737065622964E-16 -1 0 5.8737065622964E-16 -1 0 5.8737065622964E-16 -1 0 5.8737065622964E-16 -1 0 5.8737065622964E-16 -1 0 5.8737065622964E-16 -1 0 5.8737065622964E-16 -1 0 5.8737065622964E-16 -1 0 5.8737065622964E-16 -1 0 5.8737065622964E-16 -1 0 5.8737065622964E-16 -1 0 5.8737065622964E-16 -1 0 5.8737065622964E-16 -1 0 5.8737065622964E-16 -1 0 5.8737065622964E-16 -1 0 5.8737065622964E-16 -1 0 5.8737065622964E-16 -1 0 5.8737065622964E-16 -1 0 5.8737065622964E-16 -1 0 5.8737065622964E-16 -1 0 5.8737065622964E-16 -1 0 5.8737065622964E-16 -1 0 5.8737065622964E-16 -1 0 5.8737065622964E-16 -1 0 5.8737065622964E-16 -1 0 5.8737065622964E-16 -1 0 5.8737065622964E-16 -1 0 5.8737065622964E-16 -1 0 5.8737065622964E-16 -1 0 5.8737065622964E-16 -1 0 5.8737065622964E-16 -1 0 5.8737065622964E-16 -1 0 5.8737065622964E-16 -1 0 5.8737065622964E-16 -1 0 5.8737065622964E-16 -1 0 5.8737065622964E-16 -1 0 5.8737065622964E-16 -1 0 5.8737065622964E-16 -1 0 5.8737065622964E-16 -1 0 5.8737065622964E-16 -1 0 5.8737065622964E-16 -1 0 5.8737065622964E-16 -1 0 5.8737065622964E-16 -1 0 5.8737065622964E-16 -1 0 5.8737065622964E-16 -1 0 5.8737065622964E-16 -1 0 5.8737065622964E-16 -1 0 5.8737065622964E-16 -1 0 5.8737065622964E-16 -1 0 5.8737065622964E-16 -1 0 5.8737065622964E-16 -1 0 5.8737065622964E-16 -1 0 5.8737065622964E-16 -1 0 5.8737065622964E-16 -1 0 5.8737065622964E-16 -1 0 5.8737065622964E-16 -1 0 5.8737065622964E-16 -1 0 5.8737065622964E-16 -1 0 5.8737065622964E-16 -1 0 5.8737065622964E-16 -1 0 5.8737065622964E-16 -1 0 5.8737065622964E-16 -1 0 5.8737065622964E-16 -1 0 5.8737065622964E-16 -1 0 5.8737065622964E-16 -1 0 5.8737065622964E-16 -1 0 5.8737065622964E-16 -1 0 5.8737065622964E-16 -1 0 5.8737065622964E-16 -1 0 5.8737065622964E-16 -1 0 5.8737065622964E-16 -1 0 5.8737065622964E-16 -1 0 5.8737065622964E-16 -1 0 5.8737065622964E-16 -1 0 5.8737065622964E-16 -1 0 5.8737065622964E-16 -1 0 5.8737065622964E-16 -1 0 5.8737065622964E-16 -1 0 5.8737065622964E-16 -1 0 5.8737065622964E-16 -1 0 5.8737065622964E-16 -1 0 5.8737065622964E-16 -1 0 5.8737065622964E-16 -1 0 5.8737065622964E-16 -1 0 5.8737065622964E-16 -1 0 5.8737065622964E-16 -1 0 5.8737065622964E-16 -1 0 5.8737065622964E-16 -1 0 5.8737065622964E-16 -1 0 5.8737065622964E-16 -1 0 5.8737065622964E-16 -1 0 5.8737065622964E-16 -1 0 5.8737065622964E-16 -1 0 5.8737065622964E-16 -1 0 5.8737065622964E-16 -1 0 5.8737065622964E-16 -1 0 5.8737065622964E-16 -1 0 5.8737065622964E-16 -1 0 5.8737065622964E-16 -1 0 5.8737065622964E-16 -1 0 5.8737065622964E-16 -1 0 5.8737065622964E-16 -1 0 5.8737065622964E-16 -1 0 5.8737065622964E-16 -1 0 5.8737065622964E-16 -1 0 5.8737065622964E-16 -1 0 5.8737065622964E-16 -1 0 5.8737065622964E-16 -1 0 5.8737065622964E-16 -1 0 5.8737065622964E-16 -1 0 5.8737065622964E-16 -1 0 5.8737065622964E-16 -1 0 5.8737065622964E-16 -1 0 5.8737065622964E-16 -1 0 5.8737065622964E-16 -1 0 5.8737065622964E-16 -1 0 5.8737065622964E-16 -1 0 5.8737065622964E-16 -1 0 5.8737065622964E-16 -1 0 5.8737065622964E-16 -1 0 5.8737065622964E-16 -1 0 5.8737065622964E-16 -1 0 5.8737065622964E-16 -1 0 5.8737065622964E-16 -1 0 5.8737065622964E-16 -1 0 5.8737065622964E-16 -1 0 5.8737065622964E-16 -1 0 5.8737065622964E-16 -1 0 5.8737065622964E-16 -1 0 5.8737065622964E-16 -1 0 5.8737065622964E-16 -1 0 5.8737065622964E-16 -1 0 5.8737065622964E-16 -1 0 5.8737065622964E-16 -1 0 5.8737065622964E-16 -1 0 5.8737065622964E-16 -1 0 5.8737065622964E-16 -1 0 5.8737065622964E-16 -1 0 5.8737065622964E-16 -1 0 5.8737065622964E-16 -1 0 5.8737065622964E-16 -1 0 5.8737065622964E-16 -1 0 5.8737065622964E-16 -1 0 5.8737065622964E-16 -1 0 5.8737065622964E-16 -1 0 5.8737065622964E-16 -1 0 5.8737065622964E-16 -1 0 5.8737065622964E-16 -1 0 5.8737065622964E-16 -1 0 5.8737065622964E-16 -1 0 5.8737065622964E-16 -1 0 5.8737065622964E-16 -1 0 5.8737065622964E-16 -1 0 5.8737065622964E-16 -1 0 5.8737065622964E-16 -1 0 5.8737065622964E-16 -1 0 5.8737065622964E-16 -1 0 5.8737065622964E-16 -1 0 5.8737065622964E-16 -1 0 5.8737065622964E-16 -1 0 5.8737065622964E-16 -1 0 5.8737065622964E-16 -1 0 5.8737065622964E-16 -1 0 5.8737065622964E-16 -1 0 5.8737065622964E-16 -1 0 5.8737065622964E-16 -1 0 5.8737065622964E-16 -1 0 5.8737065622964E-16 -1 0 5.8737065622964E-16 -1 0 5.8737065622964E-16 -1 0 5.8737065622964E-16 -1 0 5.8737065622964E-16 -1 0 5.8737065622964E-16 -1 0 5.8737065622964E-16 -1 0 5.8737065622964E-16 -1 0 5.8737065622964E-16 -1 0 5.8737065622964E-16 -1 0 5.8737065622964E-16 -1 0 5.8737065622964E-16 -1 0 5.8737065622964E-16 -1 0 5.8737065622964E-16 -1 0 5.8737065622964E-16 -1 0 5.8737065622964E-16 -1 0 5.8737065622964E-16 -1 0 5.8737065622964E-16 -1 0 5.8737065622964E-16 -1 0 5.8737065622964E-16 -1 0 5.8737065622964E-16 -1 0 5.8737065622964E-16 -1 0 5.8737065622964E-16 -1 0 5.8737065622964E-16 -1 0 5.8737065622964E-16 -1 0 5.8737065622964E-16 -1 0 5.8737065622964E-16 -1 0 5.8737065622964E-16 -1 0 5.8737065622964E-16 -1 0 5.8737065622964E-16 -1 0 5.8737065622964E-16 -1 0 5.8737065622964E-16 -1 0 5.8737065622964E-16 -1 0 5.8737065622964E-16 -1 0 5.8737065622964E-16 -1 0 5.8737065622964E-16 -1 0 5.8737065622964E-16 -1 0 5.8737065622964E-16 -1 0 5.8737065622964E-16 -1 0 5.8737065622964E-16 -1 0 5.8737065622964E-16 -1 0 5.8737065622964E-16 -1 0 5.8737065622964E-16 -1 0 5.8737065622964E-16 -1 0 5.8737065622964E-16 -1 0 5.8737065622964E-16 -1 0 5.8737065622964E-16 -1 0 5.8737065622964E-16 -1 0 5.8737065622964E-16 -1 0 5.8737065622964E-16 -1 0 5.8737065622964E-16 -1 0 5.8737065622964E-16 -1 0 5.8737065622964E-16 -1 0 5.8737065622964E-16 -1 0 5.8737065622964E-16 -1 0 5.8737065622964E-16 -1 0 5.8737065622964E-16 -1 0 5.8737065622964E-16 -1 0 5.8737065622964E-16 -1 0 5.8737065622964E-16 -1 0 5.8737065622964E-16 -1 0 5.8737065622964E-16 -1 0 5.8737065622964E-16 -1 0 5.8737065622964E-16 -1 0 5.8737065622964E-16 -1 0 5.8737065622964E-16 -1 0 5.8737065622964E-16 -1 0 -0.342020153999329 -0.939692616462708 0 -0.342020153999329 -0.939692616462708 0 -0.342020153999329 -0.939692616462708 0 -0.342020153999329 -0.939692616462708 0 -0.342020153999329 -0.939692616462708 0 -0.342020153999329 -0.939692616462708 0 -0.342020153999329 -0.939692616462708 0 -0.342020153999329 -0.939692616462708 0 -0.342020153999329 -0.939692616462708 0 -0.342020153999329 -0.939692616462708 0 -0.342020153999329 -0.939692616462708 0 -0.342020153999329 -0.939692616462708 0 -0.342020153999329 -0.939692616462708 0 -0.342020153999329 -0.939692616462708 0 -0.342020153999329 -0.939692616462708 0 -0.342020153999329 -0.939692616462708 0 -0.342020153999329 -0.939692616462708 0 -0.342020153999329 -0.939692616462708 0 -0.342020153999329 -0.939692616462708 0 -0.342020153999329 -0.939692616462708 0 0.939692616462708 -0.342020153999329 0 0.939692616462708 -0.342020153999329 0 0.939692616462708 -0.342020153999329 0 0.939692616462708 -0.342020153999329 0 0.939692616462708 -0.342020153999329 0 0.939692616462708 -0.342020153999329 0 0.939692616462708 -0.342020153999329 0 0.939692616462708 -0.342020153999329 0 0.939692616462708 -0.342020153999329 0 0.939692616462708 -0.342020153999329 0 0.939692616462708 -0.342020153999329 0 0.939692616462708 -0.342020153999329 0 0.939692616462708 -0.342020153999329 0 0.939692616462708 -0.342020153999329 0 0.342020153999329 0.939692616462708 0 0.342020153999329 0.939692616462708 0 0.342020153999329 0.939692616462708 0 0.342020153999329 0.939692616462708 0 0.342020153999329 0.939692616462708 0 0.342020153999329 0.939692616462708 0 0.342020153999329 0.939692616462708 0 0.342020153999329 0.939692616462708 0 0.342020153999329 0.939692616462708 0 0.342020153999329 0.939692616462708 0 0.342020153999329 0.939692616462708 0 0.342020153999329 0.939692616462708 0 0.342020153999329 0.939692616462708 0 0.342020153999329 0.939692616462708 0 0.342020153999329 0.939692616462708 0 0.342020153999329 0.939692616462708 0 0.342020153999329 0.939692616462708 0 0.342020153999329 0.939692616462708 0 0 1 0 0 1 0 0 1 0 0 1 0 0 1 0 0 1 0 0 1 0 0 1 0 0 1 0 0 1 0 0 1 0 0 1 0 0 1 0 0 1 0 0 1 0 0 1 0 0 1 0 0 1 0 0 1 0 0 1 0 0 1 0 0 1 0 0 1 0 0 1 0 0 1 0 0 1 0 0 1 0 0 1 0 0 1 0 0 1 0 0 1 0 0 1 0 0 1 0 0 1 0 0 1 0 0 1 0 0 1 0 0 1 0 0 1 0 0 1 0 0 1 0 0 1 0 0 1 0 0 1 0 0 1 0 0 1 0 0 1 0 0 1 0 0 1 0 0 1 0 0 1 0 0 1 0 0 1 0 0 1 0 0 1 0 0 1 0 0 1 0 0 1 0 0 1 0 0 1 0 0 1 0 0 1 0 0 1 0 0 1 0 0 1 0 0 1 0 0 1 0 0 1 0 0 1 0 0 1 0 0 1 0 0 1 0 0 1 0 0 1 0 0 1 0 0 1 0 0 1 0 0 1 0 0 1 0 0 1 0 0 1 0 0 1 0 0 1 0 0 1 0 0 1 0 0 1 0 0 1 0 0 1 0 0 1 0 0 1 0 0 1 0 0 1 0 0 1 0 0 1 0 0 1 0 0 1 0 0 1 0 0 1 0 0 1 0 0 1 0 0 1 0 0 1 0 0 1 0 0 1 0 0 1 0 0 1 0 0 1 0 0 1 0 0 1 0 0 1 0 0 1 0 0 1 0 0 1 0 0 1 0 0 1 0 0 1 0 0 1 0 0 1 0 0 1 0 0 1 0 0 1 0 0 1 0 0 1 0 0 1 0 0 1 0 0 1 0 0 1 0 0 1 0 0 1 0 0 1 0 0 1 0 0 1 0 0 1 0 0 1 0 0 1 0 0 1 0 0 1 0 0 1 0 0 1 0 0 1 0 0 1 0 0 1 0 0 1 0 0 1 0 0 1 0 0 1 0 0 1 0 0 1 0 0 1 0 0 1 0 0 1 0 0 1 0 0 1 0 0 1 0 0 1 0 0 1 0 0 1 0 0 1 0 0 1 0 0 1 0 0 1 0 0 1 0 0 1 0 0 1 0 0 1 0 0 1 0 0 1 0 0 1 0 0 1 0 0 1 0 0 1 0 0 1 0 0 1 0 0 1 0 0 1 0 0 1 0 0 1 0 0 1 0 0 1 0 0 1 0 0 1 0 0 1 0 0 1 0 0 1 0 0 1 0 0 1 0 0 1 0 0 1 0 0 1 0 0 1 0 0 1 0 0 1 0 0 1 0 0 1 0 0 1 0 0 1 0 0 1 0 0 1 0 0 1 0 0 1 0 0 1 0 0 1 0 0 1 0 0 1 0 0 1 0 0 1 0 0 1 0 0 1 0 0 1 0 0 1 0 0 1 0 0 1 0 0 1 0 0 1 0 0 1 0 0 1 0 0 1 0 0 1 0 0 1 0 0 1 0 0 1 0 0 1 0 0 1 0 0 1 0 0 1 0 0 1 0 0 1 0 0 1 0 0 1 0 0 1 0 0 1 0 0 1 0 0 1 0 0 1 0 0 1 0 0 1 0 0 1 0 0 1 0 0 1 0 0 1 0 0 1 0 0 1 0 0 1 0 0 1 0 0 1 0 0 1 0 0 1 0 0 1 0 0 1 0 0 1 0 0 1 0 0 1 0 0 1 0 0 1 0 0 1 0 0 1 0 0 1 0 0 1 0 0 1 0 0 1 0 0 1 0 0 1 0 0 1 0 0 1 0 0 1 0 0 1 0 0 1 0 0 1 0 0 1 0 0 1 0 0 1 0 0 1 0 0 1 0 0 1 0 0 1 0 0 1 0 0 1 0 0 1 0 0 1 0 0 1 0 0 1 0 0 1 0 0 1 0 0 1 0 0 1 0 0 1 0 0 1 0 0 1 0 0 1 0 0 1 0 0 1 0 0 1 0 0 1 0 0 1 0 0 1 0 0 1 0 0 1 0 0 1 0 0 1 0 0 1 0 0 1 0 0 1 0 0 1 0 0 1 0 0 1 0 0 1 0 0 1 0 0 1 0 0 1 0 0 1 0 0 1 0 0 1 0 0 1 0 0 1 0 0 1 0 0 1 0 0 1 0 0 1 0 0 1 0 0 1 0 0 1 0 0 1 0 0 1 0 0 1 0 0 1 0 0 1 0 0 1 0 0 1 0 0 1 0 0 1 0 0 1 0 0 1 0 0 1 0 0 1 0 0 1 0 0 1 0 0 1 0 0 1 0 0 1 0 0 1 0 0 1 0 0 1 0 0 1 0 0 1 0 0 1 0 0 1 0 0 1 0 0 1 0 0 1 0 0 1 0 0 1 0 0 1 0 0 1 0 0 1 0 0 1 0 0 1 0 0 1 0 0 1 0 0 1 0 0 1 0 0 1 0 0 1 0 0 1 0 0 1 0 0 1 0 0 1 0 0 1 0 0 1 0 0 1 0 0 1 0 0 1 0 0 1 0 0 1 0 0 1 0 0 1 0 0 1 0 0 1 0 0 1 0 0 1 0 0 1 0 0 1 0 0 1 0 0 1 0 0 1 0 0 1 0 0 1 0 0 1 0 0 1 0 0 1 0 0 1 0 0 1 0 0 1 0 0 1 0 0 1 0 0 1 0 0 1 0 0 1 0 0 1 0 0 1 0 0 1 0 0 1 0 0 1 0 0 1 0 0 1 0 0 1 0 0 1 0 0 1 0 0 1 0 0 1 0 0 1 0 0 1 0 0 1 0 0 1 0 0 1 0 0 1 0 0 1 0 0 1 0 0 1 0 0 1 0 0 1 0 0 1 0 0 1 0 0 1 0 0 1 0 0 1 0 0 1 0 0 1 0 0 1 0 0 1 0 0 1 0 0 1 0 0 1 0 0 1 0 0 1 0 0 1 0 0 1 0 0 1 0 0 -1 0 0 -1 0 0 -1 0 0 -1 0 1 -1.24576192812234E-16 0 1 -1.24576192812234E-16 0 1 -1.24576192812234E-16 0 1 -1.24576192812234E-16 0 0 -1 0 0 -1 0 0 -1 0 0 -1 0 0 -1 0 0 -1 0 -1 0 0 -1 0 0 -1 0 0 -1 0 0 -1 0 0 -1 0 0 -1 0 0 -1 0 0 0 0 1 0 0 1 0 0 1 0 0 1 0 0 1 0 0 1 0 0 1 0 0 1 0 0 1 0 0 1 0 0 1 0 0 1 0 0 1 0 0 1 0 0 1 0 0 1 0 0 1 0 0 1 0 0 1 0 0 1 0 0 1 0 0 1 0 0 1 0 0 1 0 0 1 0 0 1 0 0 1 0 0 1 0 0 1 0 0 1 0 0 1 0 0 1 0 0 1 0 0 1 0 0 1 0 0 1 0 0 1 0 0 1 0 0 1 0 0 1 0 0 1 0 0 1 0 0 1 0 0 1 0 0 1 0 0 1 0 0 1 0 0 1 0 0 1 0 0 1 0 0 1 0 0 1 0 0 1 0 0 1 0 0 1 0 0 1 0 0 1 0 0 1 0 0 1 0 0 1 0 0 1 0 0 1 0 0 1 0 0 1 0 -1 0 0 -1 0 0 -1 0 0 -1 0 2.75978729039267E-15 1 0 2.75978729039267E-15 1 0 2.75978729039267E-15 1 0 2.75978729039267E-15 1 0 0 0 -1 0 0 -1 0 0 -1 0 0 -1 0 0 -1 0 0 -1 0 0 -1 0 0 -1 0 0 -1 0 0 -1 0 0 -1 0 0 -1 0 0 -1 0 0 -1 0 0 -1 0 0 -1 0 0 -1 0 0 -1 0 0 -1 0 0 -1 0 0 -1 0 0 -1 0.5 0 -0.866025388240814 0.5 0 -0.866025388240814 0.5 0 -0.866025388240814 0.5 0 -0.866025388240814 0.5 0 -0.866025388240814 0.5 0 -0.866025388240814 0.5 0 -0.866025388240814 0.5 0 -0.866025388240814 0.866025388240814 8.67361737988404E-16 -0.5 0.923879504203796 8.67361737988404E-16 -0.382683426141739 0.923879504203796 8.67361737988404E-16 -0.382683426141739 0.866025388240814 8.67361737988404E-16 -0.5 0.965925812721252 8.67361737988404E-16 -0.258819043636322 0.965925812721252 8.67361737988404E-16 -0.258819043636322 0.793353319168091 8.67361737988404E-16 -0.608761429786682 0.793353319168091 8.67361737988404E-16 -0.608761429786682 0.70710676908493 8.67361737988404E-16 -0.70710676908493 0.5 0 -0.866025388240814 0.5 8.67361737988404E-16 -0.866025388240814 0.70710676908493 8.67361737988404E-16 -0.70710676908493 0.965925812721252 8.67361737988404E-16 -0.258819043636322 0.965925812721252 8.67361737988404E-16 -0.258819043636322 0.965925812721252 8.67361737988404E-16 -0.258819043636322 0.965925812721252 8.67361737988404E-16 -0.258819043636322 0.965925812721252 0 0.258819043636322 0.965925812721252 0 0.258819043636322 0.965925812721252 0 0.258819043636322 0.965925812721252 0 0.258819043636322 0.5 8.67361737988404E-16 0.866025388240814 0.70710676908493 8.67361737988404E-16 0.70710676908493 0.5 8.67361737988404E-16 0.866025388240814 0.70710676908493 8.67361737988404E-16 0.70710676908493 0.793353319168091 8.67361737988404E-16 0.608761429786682 0.923879504203796 8.67361737988404E-16 0.382683426141739 0.866025388240814 8.67361737988404E-16 0.5 0.923879504203796 8.67361737988404E-16 0.382683426141739 0.866025388240814 8.67361737988404E-16 0.5 0.793353319168091 8.67361737988404E-16 0.608761429786682 0.965925812721252 8.67361737988404E-16 0.258819043636322 0.965925812721252 8.67361737988404E-16 0.258819043636322 0.5 0 0.866025388240814 0.5 0 0.866025388240814 0.5 0 0.866025388240814 0.5 0 0.866025388240814 0.5 0 0.866025388240814 0.5 0 0.866025388240814 0.5 0 0.866025388240814 0.173648178577423 0 0.984807729721069 0 0 1 0 0 1 0.342020153999329 0 0.939692616462708 0.173648178577423 0 0.984807729721069 0.5 2.16840434497101E-16 0.866025388240814 0.342020153999329 0 0.939692616462708 0.5 2.16840434497101E-16 0.866025388240814 0 1 -3.80421819551016E-16 0 1 -3.80421819551016E-16 0 1 -3.80421819551016E-16 0 1 -3.80421819551016E-16 0 0 -1 0 0 -1 0 0 -1 0 0 -1 0 -1 -3.80421819551016E-16 0 -1 -3.80421819551016E-16 0 -1 -3.80421819551016E-16 0 -1 -3.80421819551016E-16 0 0 1 0 0 1 0 0 1 0 0 1 1 0 0 1 0 0 1 0 0 1 0 0 0 0 1 0 0 1 0 0 1 0 0 1 0 1 0 0 1 0 0 1 0 0 1 0 0 0 -1 0 0 -1 0 0 -1 0 0 -1 0 -1 0 0 -1 0 0 -1 0 0 -1 0 1 0 0 1 0 0 1 0 0 1 0 0 1 1.39709275506945E-15 0 1 1.39709275506945E-15 0 1 1.39709275506945E-15 0 1 1.39709275506945E-15 0 1 1.39709275506945E-15 0 1 1.39709275506945E-15 0 1 1.39709275506945E-15 0 1 1.39709275506945E-15 0 1 1.39709275506945E-15 0 1 1.39709275506945E-15 0 1 1.39709275506945E-15 0 1 1.39709275506945E-15 0 1 1.39709275506945E-15 0 0.70710676908493 0 -0.70710676908493 0.70710676908493 0 -0.70710676908493 0.70710676908493 0 -0.70710676908493 0.70710676908493 0 -0.70710676908493 0.70710676908493 0 -0.70710676908493 0.70710676908493 0 -0.70710676908493 0.70710676908493 0 0.70710676908493 0.70710676908493 0 0.70710676908493 0.70710676908493 0 0.70710676908493 0.70710676908493 0 0.70710676908493 0.70710676908493 0 0.70710676908493 0.70710676908493 0 0.70710676908493 -1 0 0 -1 0 0 -1 0 0 -1 0 0 -1 0 0 -1 0 0 -1 0 0 -1 0 0 -1 0 0 -1 0 0 -1 0 0 -1 0 0 0 0 1 0 0 1 0 0 1 0 0 1 1 0 0 1 0 0 1 0 0 1 0 0 1 0 0 1 0 0 1 0 0 1 0 0 1 0 0 1 0 0 1 0 0 1 0 0 1 0 0 1 0 0 1 0 0 1 0 0 1 0 0 1 0 0 0.70710676908493 0 -0.70710676908493 0.70710676908493 0 -0.70710676908493 0.70710676908493 0 -0.70710676908493 0.70710676908493 0 -0.70710676908493 0.70710676908493 0 -0.70710676908493 0.70710676908493 0 -0.70710676908493 0.70710676908493 0 0.70710676908493 0.70710676908493 0 0.70710676908493 0.70710676908493 0 0.70710676908493 0.70710676908493 0 0.70710676908493 0.70710676908493 0 0.70710676908493 0.70710676908493 0 0.70710676908493 4.49197294978039E-16 0.642787635326385 0.766044437885284 4.49197294978039E-16 0.642787635326385 0.766044437885284 4.49197294978039E-16 0.642787635326385 0.766044437885284 4.49197294978039E-16 0.642787635326385 0.766044437885284 4.49197294978039E-16 0.642787635326385 0.766044437885284 4.49197294978039E-16 0.642787635326385 0.766044437885284 0 1 0 0 1 0 0 1 0 0 1 0 -4.49197294978039E-16 0.642787635326385 -0.766044437885284 -4.49197294978039E-16 0.642787635326385 -0.766044437885284 -4.49197294978039E-16 0.642787635326385 -0.766044437885284 -4.49197294978039E-16 0.642787635326385 -0.766044437885284 -4.49197294978039E-16 0.642787635326385 -0.766044437885284 -4.49197294978039E-16 0.642787635326385 -0.766044437885284 4.49197294978039E-16 -0.642787635326385 0.766044437885284 4.49197294978039E-16 -0.642787635326385 0.766044437885284 4.49197294978039E-16 -0.642787635326385 0.766044437885284 4.49197294978039E-16 -0.642787635326385 0.766044437885284 4.49197294978039E-16 -0.642787635326385 0.766044437885284 4.49197294978039E-16 -0.642787635326385 0.766044437885284 1.14715525089402E-30 -1 1.95631618882448E-15 1.14715525089402E-30 -1 1.95631618882448E-15 1.14715525089402E-30 -1 1.95631618882448E-15 1.14715525089402E-30 -1 1.95631618882448E-15 -4.49197294978039E-16 -0.642787635326385 -0.766044437885284 -4.49197294978039E-16 -0.642787635326385 -0.766044437885284 -4.49197294978039E-16 -0.642787635326385 -0.766044437885284 -4.49197294978039E-16 -0.642787635326385 -0.766044437885284 -4.49197294978039E-16 -0.642787635326385 -0.766044437885284 -4.49197294978039E-16 -0.642787635326385 -0.766044437885284 4.49197294978039E-16 0.642787635326385 0.766044437885284 4.49197294978039E-16 0.642787635326385 0.766044437885284 4.49197294978039E-16 0.642787635326385 0.766044437885284 4.49197294978039E-16 0.642787635326385 0.766044437885284 4.49197294978039E-16 0.642787635326385 0.766044437885284 -2.70629103803655E-31 1 -4.6152088320676E-16 -2.70629103803655E-31 1 -4.6152088320676E-16 -2.70629103803655E-31 1 -4.6152088320676E-16 -2.70629103803655E-31 1 -4.6152088320676E-16 -4.49197294978039E-16 0.642787635326385 -0.766044437885284 -4.49197294978039E-16 0.642787635326385 -0.766044437885284 -4.49197294978039E-16 0.642787635326385 -0.766044437885284 -4.49197294978039E-16 0.642787635326385 -0.766044437885284 -4.49197294978039E-16 0.642787635326385 -0.766044437885284 4.49197294978039E-16 -0.642787635326385 0.766044437885284 4.49197294978039E-16 -0.642787635326385 0.766044437885284 4.49197294978039E-16 -0.642787635326385 0.766044437885284 4.49197294978039E-16 -0.642787635326385 0.766044437885284 4.49197294978039E-16 -0.642787635326385 0.766044437885284 4.49197294978039E-16 -0.642787635326385 0.766044437885284 0 -1 0 0 -1 0 0 -1 0 0 -1 0 -4.49197294978039E-16 -0.642787635326385 -0.766044437885284 -4.49197294978039E-16 -0.642787635326385 -0.766044437885284 -4.49197294978039E-16 -0.642787635326385 -0.766044437885284 -4.49197294978039E-16 -0.642787635326385 -0.766044437885284 -4.49197294978039E-16 -0.642787635326385 -0.766044437885284 -4.49197294978039E-16 -0.642787635326385 -0.766044437885284 -1 0 0 -1 0 0 -1 0 0 -1 0 0 -1 0 0 -1 0 0 -1 0 0 -1 0 0 -1.33450146719033E-16 -0.634662389755249 0.772789537906647 -1.65798996719165E-16 -0.788507044315338 0.615025699138641 -1.65798996719165E-16 -0.788507044315338 0.615025699138641 -9.46212829141694E-17 -0.449999988079071 0.893028557300568 -1.33450146719033E-16 -0.634662389755249 0.772789537906647 -1.90097036783661E-16 -0.904063701629639 0.427397727966309 -2.05164416191445E-16 -0.975721180438995 0.219016313552856 -2.05164416191445E-16 -0.975721180438995 0.219016313552856 -1.90097036783661E-16 -0.904063701629639 0.427397727966309 5.8737065622964E-16 -1 0 5.8737065622964E-16 -1 0 -9.46212829141694E-17 -0.449999988079071 0.893028557300568 -2.05164416191445E-16 -0.975721180438995 -0.219016313552856 -1.90097036783661E-16 -0.904063701629639 -0.427397727966309 -1.90097036783661E-16 -0.904063701629639 -0.427397727966309 -2.10269510234327E-16 -1 0 -2.05164416191445E-16 -0.975721180438995 -0.219016313552856 -2.10269510234327E-16 -1 0 -1.65798996719165E-16 -0.788507044315338 -0.615025699138641 -1.33450146719033E-16 -0.634662389755249 -0.772789537906647 -1.65798996719165E-16 -0.788507044315338 -0.615025699138641 0 -0.449999988079071 -0.893028557300568 -1.33450146719033E-16 -0.634662389755249 -0.772789537906647 0 -0.449999988079071 -0.893028557300568 -2.10269510234327E-16 -1 0 -2.10269510234327E-16 -1 0 -2.10269510234327E-16 -1 0 -2.10269510234327E-16 -1 0 1 -2.10269510234327E-16 0 1 -2.10269510234327E-16 0 1 -2.10269510234327E-16 0 1 -2.10269510234327E-16 0 1 -2.10269510234327E-16 0 1 -2.10269510234327E-16 0 1 -2.10269510234327E-16 0 1 -2.10269510234327E-16 0 1 -2.10269510234327E-16 0 1 -2.10269510234327E-16 0 1 -2.10269510234327E-16 0 1 -2.10269510234327E-16 0 -1 2.10269510234327E-16 0 -1 2.10269510234327E-16 0 -1 2.10269510234327E-16 0 -1 2.10269510234327E-16 0 -1 2.10269510234327E-16 0 -1 2.10269510234327E-16 0 -1 2.10269510234327E-16 0 -1 2.10269510234327E-16 0 -1 2.10269510234327E-16 0 -1 2.10269510234327E-16 0 -1 2.10269510234327E-16 0 -1 2.10269510234327E-16 0 0.998366117477417 -2.31296470522182E-15 0.0571411624550819 0.951041638851166 0 0.309062719345093 0.998366117477417 -2.31296470522182E-15 0.0571411624550819 0.951041638851166 0 0.309062719345093 0.841229915618896 0 0.540677607059479 0.841229915618896 0 0.540677607059479 0.676145911216736 0 0.736767709255219 0.676145911216736 0 0.736767709255219 0.466636389493942 0 0.884449243545532 0.466636389493942 0 0.884449243545532 0.226466968655586 0 0.97401887178421 0.226466968655586 0 0.97401887178421 -0.0285822600126266 0 0.999591469764709 -0.0285822600126266 0 0.999591469764709 -0.28175351023674 0 0.959486842155457 -0.28175351023674 0 0.959486842155457 -0.516412436962128 0 0.856339991092682 -0.516412436962128 0 0.856339991092682 -0.717140913009644 0 0.696928143501282 -0.717140913009644 0 0.696928143501282 -0.870750367641449 0 0.491725325584412 -0.870750367641449 0 0.491725325584412 -0.967147946357727 0 0.254214107990265 -0.967147946357727 0 0.254214107990265 -1 -2.31296470522182E-15 1.85037176417746E-14 -1 -2.31296470522182E-15 1.85037176417746E-14 0.998366117477417 0 0.0571411624550819 0.998366117477417 0 0.0571411624550819 0.998366117477417 0 0.0571411624550819 0.998366117477417 0 0.0571411624550819 -0.952503323554993 0 0.304528117179871 -0.998366117477417 2.16840434497101E-15 0.0571411624550819 -0.998366117477417 2.16840434497101E-15 0.0571411624550819 -0.846343576908112 0 0.532637298107147 -0.952503323554993 0 0.304528117179871 -0.686607182025909 0 0.727028608322144 -0.846343576908112 0 0.532637298107147 -0.483405977487564 0 0.875396311283112 -0.686607182025909 0 0.727028608322144 -0.249603405594826 0 0.968348145484924 -0.483405977487564 0 0.875396311283112 -2.44929370517034E-16 0 1 -0.249603405594826 0 0.968348145484924 0.249603405594826 0 0.968348145484924 -2.44929370517034E-16 0 1 0.483405977487564 0 0.875396311283112 0.249603405594826 0 0.968348145484924 0.686607182025909 0 0.727028608322144 0.483405977487564 0 0.875396311283112 0.846343576908112 0 0.532637298107147 0.686607182025909 0 0.727028608322144 0.952503323554993 0 0.304528117179871 0.846343576908112 0 0.532637298107147 0.998366117477417 2.16840434497101E-15 0.0571411624550819 0.952503323554993 0 0.304528117179871 0.998366117477417 2.16840434497101E-15 0.0571411624550819 -0.998366117477417 0 0.0571411624550819 -0.998366117477417 0 0.0571411624550819 -0.998366117477417 0 0.0571411624550819 -0.998366117477417 0 0.0571411624550819 1 -2.31296470522182E-15 0 0.967147946357727 0 0.254214107990265 1 -2.31296470522182E-15 0 0.967147946357727 0 0.254214107990265 0.870750367641449 0 0.491725325584412 0.870750367641449 0 0.491725325584412 0.717140913009644 0 0.696928143501282 0.717140913009644 0 0.696928143501282 0.516412436962128 0 0.856339991092682 0.516412436962128 0 0.856339991092682 0.28175351023674 0 0.959486842155457 0.28175351023674 0 0.959486842155457 0.0285822600126266 0 0.999591469764709 0.0285822600126266 0 0.999591469764709 -0.226466968655586 0 0.97401887178421 -0.226466968655586 0 0.97401887178421 -0.466636389493942 0 0.884449243545532 -0.466636389493942 0 0.884449243545532 -0.676145911216736 0 0.736767709255219 -0.676145911216736 0 0.736767709255219 -0.841229915618896 0 0.540677607059479 -0.841229915618896 0 0.540677607059479 -0.951041638851166 0 0.309062719345093 -0.951041638851166 0 0.309062719345093 -0.998366117477417 -2.31296470522182E-15 0.0571411624550819 -0.998366117477417 -2.31296470522182E-15 0.0571411624550819 1 0 0 1 0 0 1 0 0 1 0 0 -0.998366117477417 -2.31296470522182E-15 -0.0571411624550819 -0.951041638851166 0 -0.309062719345093 -0.998366117477417 -2.31296470522182E-15 -0.0571411624550819 -0.951041638851166 0 -0.309062719345093 -0.841229915618896 0 -0.540677607059479 -0.841229915618896 0 -0.540677607059479 -0.676145911216736 0 -0.736767709255219 -0.676145911216736 0 -0.736767709255219 -0.466636389493942 0 -0.884449243545532 -0.466636389493942 0 -0.884449243545532 -0.226466968655586 0 -0.97401887178421 -0.226466968655586 0 -0.97401887178421 0.0285822600126266 0 -0.999591469764709 0.0285822600126266 0 -0.999591469764709 0.28175351023674 0 -0.959486842155457 0.28175351023674 0 -0.959486842155457 0.516412436962128 0 -0.856339991092682 0.516412436962128 0 -0.856339991092682 0.717140913009644 0 -0.696928143501282 0.717140913009644 0 -0.696928143501282 0.870750367641449 0 -0.491725325584412 0.870750367641449 0 -0.491725325584412 0.967147946357727 0 -0.254214107990265 0.967147946357727 0 -0.254214107990265 1 -2.31296470522182E-15 0 1 -2.31296470522182E-15 0 -0.998366117477417 0 -0.0571411624550819 -0.998366117477417 0 -0.0571411624550819 -0.998366117477417 0 -0.0571411624550819 -0.998366117477417 0 -0.0571411624550819 0.952503323554993 0 -0.304528117179871 0.998366117477417 2.16840434497101E-15 -0.0571411624550819 0.998366117477417 2.16840434497101E-15 -0.0571411624550819 0.846343576908112 0 -0.532637298107147 0.952503323554993 0 -0.304528117179871 0.686607182025909 0 -0.727028608322144 0.846343576908112 0 -0.532637298107147 0.483405977487564 0 -0.875396311283112 0.686607182025909 0 -0.727028608322144 0.249603405594826 0 -0.968348145484924 0.483405977487564 0 -0.875396311283112 -8.31523011660422E-15 0 -1 0.249603405594826 0 -0.968348145484924 -0.249603405594826 0 -0.968348145484924 -8.31523011660422E-15 0 -1 -0.483405977487564 0 -0.875396311283112 -0.249603405594826 0 -0.968348145484924 -0.686607182025909 0 -0.727028608322144 -0.483405977487564 0 -0.875396311283112 -0.846343576908112 0 -0.532637298107147 -0.686607182025909 0 -0.727028608322144 -0.952503323554993 0 -0.304528117179871 -0.846343576908112 0 -0.532637298107147 -0.998366117477417 2.16840434497101E-15 -0.0571411624550819 -0.952503323554993 0 -0.304528117179871 -0.998366117477417 2.16840434497101E-15 -0.0571411624550819 0.998366117477417 0 -0.0571411624550819 0.998366117477417 0 -0.0571411624550819 0.998366117477417 0 -0.0571411624550819 0.998366117477417 0 -0.0571411624550819 -1 -2.31296470522182E-15 0 -0.967147946357727 0 -0.254214107990265 -1 -2.31296470522182E-15 0 -0.967147946357727 0 -0.254214107990265 -0.870750367641449 0 -0.491725325584412 -0.870750367641449 0 -0.491725325584412 -0.717140913009644 0 -0.696928143501282 -0.717140913009644 0 -0.696928143501282 -0.516412436962128 0 -0.856339991092682 -0.516412436962128 0 -0.856339991092682 -0.28175351023674 0 -0.959486842155457 -0.28175351023674 0 -0.959486842155457 -0.0285822600126266 0 -0.999591469764709 -0.0285822600126266 0 -0.999591469764709 0.226466968655586 0 -0.97401887178421 0.226466968655586 0 -0.97401887178421 0.466636389493942 0 -0.884449243545532 0.466636389493942 0 -0.884449243545532 0.676145911216736 0 -0.736767709255219 0.676145911216736 0 -0.736767709255219 0.841229915618896 0 -0.540677607059479 0.841229915618896 0 -0.540677607059479 0.951041638851166 0 -0.309062719345093 0.951041638851166 0 -0.309062719345093 0.998366117477417 -2.31296470522182E-15 -0.0571411624550819 0.998366117477417 -2.31296470522182E-15 -0.0571411624550819 -1 0 5.13991874371645E-16 -1 0 5.13991874371645E-16 -1 0 5.13991874371645E-16 -1 0 5.13991874371645E-16 0.998366117477417 -2.31296470522182E-15 0.0571411624550819 0.951041638851166 0 0.309062719345093 0.998366117477417 -2.31296470522182E-15 0.0571411624550819 0.951041638851166 0 0.309062719345093 0.841229915618896 0 0.540677607059479 0.841229915618896 0 0.540677607059479 0.676145911216736 0 0.736767709255219 0.676145911216736 0 0.736767709255219 0.466636389493942 0 0.884449243545532 0.466636389493942 0 0.884449243545532 0.226466968655586 0 0.97401887178421 0.226466968655586 0 0.97401887178421 -0.0285822600126266 0 0.999591469764709 -0.0285822600126266 0 0.999591469764709 -0.28175351023674 0 0.959486842155457 -0.28175351023674 0 0.959486842155457 -0.516412436962128 0 0.856339991092682 -0.516412436962128 0 0.856339991092682 -0.717140913009644 0 0.696928143501282 -0.717140913009644 0 0.696928143501282 -0.870750367641449 0 0.491725325584412 -0.870750367641449 0 0.491725325584412 -0.967147946357727 0 0.254214107990265 -0.967147946357727 0 0.254214107990265 -1 -2.31296470522182E-15 7.40148705670983E-14 -1 -2.31296470522182E-15 7.40148705670983E-14 0.998366117477417 0 0.0571411624550819 0.998366117477417 0 0.0571411624550819 0.998366117477417 0 0.0571411624550819 0.998366117477417 0 0.0571411624550819 -0.952503323554993 0 0.304528117179871 -0.998366117477417 2.16840434497101E-15 0.0571411624550819 -0.998366117477417 2.16840434497101E-15 0.0571411624550819 -0.846343576908112 0 0.532637298107147 -0.952503323554993 0 0.304528117179871 -0.686607182025909 0 0.727028608322144 -0.846343576908112 0 0.532637298107147 -0.483405977487564 0 0.875396311283112 -0.686607182025909 0 0.727028608322144 -0.249603405594826 0 0.968348145484924 -0.483405977487564 0 0.875396311283112 -2.44929370517034E-16 0 1 -0.249603405594826 0 0.968348145484924 0.249603405594826 0 0.968348145484924 -2.44929370517034E-16 0 1 0.483405977487564 0 0.875396311283112 0.249603405594826 0 0.968348145484924 0.686607182025909 0 0.727028608322144 0.483405977487564 0 0.875396311283112 0.846343576908112 0 0.532637298107147 0.686607182025909 0 0.727028608322144 0.952503323554993 0 0.304528117179871 0.846343576908112 0 0.532637298107147 0.998366117477417 2.16840434497101E-15 0.0571411624550819 0.952503323554993 0 0.304528117179871 0.998366117477417 2.16840434497101E-15 0.0571411624550819 -0.998366117477417 0 0.0571411624550819 -0.998366117477417 0 0.0571411624550819 -0.998366117477417 0 0.0571411624550819 -0.998366117477417 0 0.0571411624550819 1 -2.31296470522182E-15 0 0.967147946357727 0 0.254214107990265 1 -2.31296470522182E-15 0 0.967147946357727 0 0.254214107990265 0.870750367641449 0 0.491725325584412 0.870750367641449 0 0.491725325584412 0.717140913009644 0 0.696928143501282 0.717140913009644 0 0.696928143501282 0.516412436962128 0 0.856339991092682 0.516412436962128 0 0.856339991092682 0.28175351023674 0 0.959486842155457 0.28175351023674 0 0.959486842155457 0.0285822600126266 0 0.999591469764709 0.0285822600126266 0 0.999591469764709 -0.226466968655586 0 0.97401887178421 -0.226466968655586 0 0.97401887178421 -0.466636389493942 0 0.884449243545532 -0.466636389493942 0 0.884449243545532 -0.676145911216736 0 0.736767709255219 -0.676145911216736 0 0.736767709255219 -0.841229915618896 0 0.540677607059479 -0.841229915618896 0 0.540677607059479 -0.951041638851166 0 0.309062719345093 -0.951041638851166 0 0.309062719345093 -0.998366117477417 -2.31296470522182E-15 0.0571411624550819 -0.998366117477417 -2.31296470522182E-15 0.0571411624550819 1 0 0 1 0 0 1 0 0 1 0 0 -0.998366117477417 -2.31296470522182E-15 -0.0571411624550819 -0.951041638851166 0 -0.309062719345093 -0.998366117477417 -2.31296470522182E-15 -0.0571411624550819 -0.951041638851166 0 -0.309062719345093 -0.841229915618896 0 -0.540677607059479 -0.841229915618896 0 -0.540677607059479 -0.676145911216736 0 -0.736767709255219 -0.676145911216736 0 -0.736767709255219 -0.466636389493942 0 -0.884449243545532 -0.466636389493942 0 -0.884449243545532 -0.226466968655586 0 -0.97401887178421 -0.226466968655586 0 -0.97401887178421 0.0285822600126266 0 -0.999591469764709 0.0285822600126266 0 -0.999591469764709 0.28175351023674 0 -0.959486842155457 0.28175351023674 0 -0.959486842155457 0.516412436962128 0 -0.856339991092682 0.516412436962128 0 -0.856339991092682 0.717140913009644 0 -0.696928143501282 0.717140913009644 0 -0.696928143501282 0.870750367641449 0 -0.491725325584412 0.870750367641449 0 -0.491725325584412 0.967147946357727 0 -0.254214107990265 0.967147946357727 0 -0.254214107990265 1 -2.31296470522182E-15 0 1 -2.31296470522182E-15 0 -0.998366117477417 0 -0.0571411624550819 -0.998366117477417 0 -0.0571411624550819 -0.998366117477417 0 -0.0571411624550819 -0.998366117477417 0 -0.0571411624550819 0.952503323554993 0 -0.304528117179871 0.998366117477417 2.16840434497101E-15 -0.0571411624550819 0.998366117477417 2.16840434497101E-15 -0.0571411624550819 0.846343576908112 0 -0.532637298107147 0.952503323554993 0 -0.304528117179871 0.686607182025909 0 -0.727028608322144 0.846343576908112 0 -0.532637298107147 0.483405977487564 0 -0.875396311283112 0.686607182025909 0 -0.727028608322144 0.249603405594826 0 -0.968348145484924 0.483405977487564 0 -0.875396311283112 1.22464685258517E-16 0 -1 0.249603405594826 0 -0.968348145484924 -0.249603405594826 0 -0.968348145484924 1.22464685258517E-16 0 -1 -0.483405977487564 0 -0.875396311283112 -0.249603405594826 0 -0.968348145484924 -0.686607182025909 0 -0.727028608322144 -0.483405977487564 0 -0.875396311283112 -0.846343576908112 0 -0.532637298107147 -0.686607182025909 0 -0.727028608322144 -0.952503323554993 0 -0.304528117179871 -0.846343576908112 0 -0.532637298107147 -0.998366117477417 2.16840434497101E-15 -0.0571411624550819 -0.952503323554993 0 -0.304528117179871 -0.998366117477417 2.16840434497101E-15 -0.0571411624550819 0.998366117477417 0 -0.0571411624550819 0.998366117477417 0 -0.0571411624550819 0.998366117477417 0 -0.0571411624550819 0.998366117477417 0 -0.0571411624550819 -1 -2.31296470522182E-15 0 -0.967147946357727 0 -0.254214107990265 -1 -2.31296470522182E-15 0 -0.967147946357727 0 -0.254214107990265 -0.870750367641449 0 -0.491725325584412 -0.870750367641449 0 -0.491725325584412 -0.717140913009644 0 -0.696928143501282 -0.717140913009644 0 -0.696928143501282 -0.516412436962128 0 -0.856339991092682 -0.516412436962128 0 -0.856339991092682 -0.28175351023674 0 -0.959486842155457 -0.28175351023674 0 -0.959486842155457 -0.0285822600126266 0 -0.999591469764709 -0.0285822600126266 0 -0.999591469764709 0.226466968655586 0 -0.97401887178421 0.226466968655586 0 -0.97401887178421 0.466636389493942 0 -0.884449243545532 0.466636389493942 0 -0.884449243545532 0.676145911216736 0 -0.736767709255219 0.676145911216736 0 -0.736767709255219 0.841229915618896 0 -0.540677607059479 0.841229915618896 0 -0.540677607059479 0.951041638851166 0 -0.309062719345093 0.951041638851166 0 -0.309062719345093 0.998366117477417 -2.31296470522182E-15 -0.0571411624550819 0.998366117477417 -2.31296470522182E-15 -0.0571411624550819 -1 0 5.13991874371645E-16 -1 0 5.13991874371645E-16 -1 0 5.13991874371645E-16 -1 0 5.13991874371645E-16 0.998366117477417 -2.31296470522182E-15 0.0571411624550819 0.951041638851166 0 0.309062719345093 0.998366117477417 -2.31296470522182E-15 0.0571411624550819 0.951041638851166 0 0.309062719345093 0.841229915618896 0 0.540677607059479 0.841229915618896 0 0.540677607059479 0.676145911216736 0 0.736767709255219 0.676145911216736 0 0.736767709255219 0.466636389493942 0 0.884449243545532 0.466636389493942 0 0.884449243545532 0.226466968655586 0 0.97401887178421 0.226466968655586 0 0.97401887178421 -0.0285822600126266 0 0.999591469764709 -0.0285822600126266 0 0.999591469764709 -0.28175351023674 0 0.959486842155457 -0.28175351023674 0 0.959486842155457 -0.516412436962128 0 0.856339991092682 -0.516412436962128 0 0.856339991092682 -0.717140913009644 0 0.696928143501282 -0.717140913009644 0 0.696928143501282 -0.870750367641449 0 0.491725325584412 -0.870750367641449 0 0.491725325584412 -0.967147946357727 0 0.254214107990265 -0.967147946357727 0 0.254214107990265 -1 -2.31296470522182E-15 -7.40148705670983E-14 -1 -2.31296470522182E-15 -7.40148705670983E-14 0.998366117477417 0 0.0571411624550819 0.998366117477417 0 0.0571411624550819 0.998366117477417 0 0.0571411624550819 0.998366117477417 0 0.0571411624550819 -0.952503323554993 0 0.304528117179871 -0.998366117477417 2.16840434497101E-15 0.0571411624550819 -0.998366117477417 2.16840434497101E-15 0.0571411624550819 -0.846343576908112 0 0.532637298107147 -0.952503323554993 0 0.304528117179871 -0.686607182025909 0 0.727028608322144 -0.846343576908112 0 0.532637298107147 -0.483405977487564 0 0.875396311283112 -0.686607182025909 0 0.727028608322144 -0.249603405594826 0 0.968348145484924 -0.483405977487564 0 0.875396311283112 -2.44929370517034E-16 0 1 -0.249603405594826 0 0.968348145484924 0.249603405594826 0 0.968348145484924 -2.44929370517034E-16 0 1 0.483405977487564 0 0.875396311283112 0.249603405594826 0 0.968348145484924 0.686607182025909 0 0.727028608322144 0.483405977487564 0 0.875396311283112 0.846343576908112 0 0.532637298107147 0.686607182025909 0 0.727028608322144 0.952503323554993 0 0.304528117179871 0.846343576908112 0 0.532637298107147 0.998366117477417 2.16840434497101E-15 0.0571411624550819 0.952503323554993 0 0.304528117179871 0.998366117477417 2.16840434497101E-15 0.0571411624550819 -0.998366117477417 0 0.0571411624550819 -0.998366117477417 0 0.0571411624550819 -0.998366117477417 0 0.0571411624550819 -0.998366117477417 0 0.0571411624550819 1 -2.31296470522182E-15 0 0.967147946357727 0 0.254214107990265 1 -2.31296470522182E-15 0 0.967147946357727 0 0.254214107990265 0.870750367641449 0 0.491725325584412 0.870750367641449 0 0.491725325584412 0.717140913009644 0 0.696928143501282 0.717140913009644 0 0.696928143501282 0.516412436962128 0 0.856339991092682 0.28175351023674 0 0.959486842155457 0.0285822600126266 0 0.999591469764709 0.28175351023674 0 0.959486842155457 0.0285822600126266 0 0.999591469764709 -0.226466968655586 0 0.97401887178421 -0.226466968655586 0 0.97401887178421 -0.466636389493942 0 0.884449243545532 -0.466636389493942 0 0.884449243545532 -0.676145911216736 0 0.736767709255219 -0.676145911216736 0 0.736767709255219 -0.841229915618896 0 0.540677607059479 -0.841229915618896 0 0.540677607059479 -0.951041638851166 0 0.309062719345093 -0.951041638851166 0 0.309062719345093 -0.998366117477417 -2.31296470522182E-15 0.0571411624550819 -0.998366117477417 -2.31296470522182E-15 0.0571411624550819 0.516412436962128 0 0.856339991092682 1 0 0 1 0 0 1 0 0 1 0 0 -0.951041638851166 0 -0.309062719345093 -0.841229915618896 0 -0.540677607059479 -0.951041638851166 0 -0.309062719345093 -0.841229915618896 0 -0.540677607059479 -0.676145911216736 0 -0.736767709255219 -0.676145911216736 0 -0.736767709255219 -0.466636389493942 0 -0.884449243545532 -0.466636389493942 0 -0.884449243545532 -0.226466968655586 0 -0.97401887178421 -0.226466968655586 0 -0.97401887178421 0.0285822600126266 0 -0.999591469764709 0.0285822600126266 0 -0.999591469764709 0.28175351023674 0 -0.959486842155457 0.28175351023674 0 -0.959486842155457 0.516412436962128 0 -0.856339991092682 0.516412436962128 0 -0.856339991092682 0.717140913009644 0 -0.696928143501282 -0.998366117477417 -2.31296470522182E-15 -0.0571411624550819 -0.998366117477417 -2.31296470522182E-15 -0.0571411624550819 0.870750367641449 0 -0.491725325584412 0.967147946357727 0 -0.254214107990265 0.870750367641449 0 -0.491725325584412 0.967147946357727 0 -0.254214107990265 1 -2.31296470522182E-15 0 1 -2.31296470522182E-15 0 0.717140913009644 0 -0.696928143501282 -0.998366117477417 0 -0.0571411624550819 -0.998366117477417 0 -0.0571411624550819 -0.998366117477417 0 -0.0571411624550819 -0.998366117477417 0 -0.0571411624550819 0.952503323554993 0 -0.304528117179871 0.998366117477417 2.16840434497101E-15 -0.0571411624550819 0.998366117477417 2.16840434497101E-15 -0.0571411624550819 0.846343576908112 0 -0.532637298107147 0.952503323554993 0 -0.304528117179871 0.686607182025909 0 -0.727028608322144 0.846343576908112 0 -0.532637298107147 0.483405977487564 0 -0.875396311283112 0.686607182025909 0 -0.727028608322144 0.249603405594826 0 -0.968348145484924 0.483405977487564 0 -0.875396311283112 1.22464685258517E-16 0 -1 0.249603405594826 0 -0.968348145484924 -0.249603405594826 0 -0.968348145484924 1.22464685258517E-16 0 -1 -0.483405977487564 0 -0.875396311283112 -0.249603405594826 0 -0.968348145484924 -0.686607182025909 0 -0.727028608322144 -0.483405977487564 0 -0.875396311283112 -0.846343576908112 0 -0.532637298107147 -0.686607182025909 0 -0.727028608322144 -0.952503323554993 0 -0.304528117179871 -0.846343576908112 0 -0.532637298107147 -0.998366117477417 2.16840434497101E-15 -0.0571411624550819 -0.952503323554993 0 -0.304528117179871 -0.998366117477417 2.16840434497101E-15 -0.0571411624550819 0.998366117477417 0 -0.0571411624550819 0.998366117477417 0 -0.0571411624550819 0.998366117477417 0 -0.0571411624550819 0.998366117477417 0 -0.0571411624550819 -1 -2.31296470522182E-15 0 -0.967147946357727 0 -0.254214107990265 -1 -2.31296470522182E-15 0 -0.967147946357727 0 -0.254214107990265 -0.870750367641449 0 -0.491725325584412 -0.870750367641449 0 -0.491725325584412 -0.717140913009644 0 -0.696928143501282 -0.717140913009644 0 -0.696928143501282 -0.516412436962128 0 -0.856339991092682 -0.516412436962128 0 -0.856339991092682 -0.28175351023674 0 -0.959486842155457 -0.28175351023674 0 -0.959486842155457 -0.0285822600126266 0 -0.999591469764709 -0.0285822600126266 0 -0.999591469764709 0.226466968655586 0 -0.97401887178421 0.226466968655586 0 -0.97401887178421 0.466636389493942 0 -0.884449243545532 0.466636389493942 0 -0.884449243545532 0.676145911216736 0 -0.736767709255219 0.676145911216736 0 -0.736767709255219 0.841229915618896 0 -0.540677607059479 0.841229915618896 0 -0.540677607059479 0.951041638851166 0 -0.309062719345093 0.951041638851166 0 -0.309062719345093 0.998366117477417 -2.31296470522182E-15 -0.0571411624550819 0.998366117477417 -2.31296470522182E-15 -0.0571411624550819 -1 0 5.13991874371645E-16 -1 0 5.13991874371645E-16 -1 0 5.13991874371645E-16 -1 0 5.13991874371645E-16 0.998366117477417 -2.31296470522182E-15 0.0571411624550819 0.951041638851166 0 0.309062719345093 0.998366117477417 -2.31296470522182E-15 0.0571411624550819 0.951041638851166 0 0.309062719345093 0.841229915618896 0 0.540677607059479 0.841229915618896 0 0.540677607059479 0.676145911216736 0 0.736767709255219 0.676145911216736 0 0.736767709255219 0.466636389493942 0 0.884449243545532 0.466636389493942 0 0.884449243545532 0.226466968655586 0 0.97401887178421 0.226466968655586 0 0.97401887178421 -0.0285822600126266 0 0.999591469764709 -0.0285822600126266 0 0.999591469764709 -0.28175351023674 0 0.959486842155457 -0.28175351023674 0 0.959486842155457 -0.516412436962128 0 0.856339991092682 -0.516412436962128 0 0.856339991092682 -0.717140913009644 0 0.696928143501282 -0.717140913009644 0 0.696928143501282 -0.870750367641449 0 0.491725325584412 -0.870750367641449 0 0.491725325584412 -0.967147946357727 0 0.254214107990265 -0.967147946357727 0 0.254214107990265 -1 -2.31296470522182E-15 -7.40148705670983E-14 -1 -2.31296470522182E-15 -7.40148705670983E-14 0.998366117477417 0 0.0571411624550819 0.998366117477417 0 0.0571411624550819 0.998366117477417 0 0.0571411624550819 0.998366117477417 0 0.0571411624550819 -0.952503323554993 0 0.304528117179871 -0.998366117477417 2.16840434497101E-15 0.0571411624550819 -0.998366117477417 2.16840434497101E-15 0.0571411624550819 -0.846343576908112 0 0.532637298107147 -0.952503323554993 0 0.304528117179871 -0.686607182025909 0 0.727028608322144 -0.846343576908112 0 0.532637298107147 -0.483405977487564 0 0.875396311283112 -0.686607182025909 0 0.727028608322144 -0.249603405594826 0 0.968348145484924 -0.483405977487564 0 0.875396311283112 -2.44929370517034E-16 0 1 -0.249603405594826 0 0.968348145484924 0.249603405594826 0 0.968348145484924 -2.44929370517034E-16 0 1 0.483405977487564 0 0.875396311283112 0.249603405594826 0 0.968348145484924 0.686607182025909 0 0.727028608322144 0.483405977487564 0 0.875396311283112 0.846343576908112 0 0.532637298107147 0.686607182025909 0 0.727028608322144 0.952503323554993 0 0.304528117179871 0.846343576908112 0 0.532637298107147 0.998366117477417 2.16840434497101E-15 0.0571411624550819 0.952503323554993 0 0.304528117179871 0.998366117477417 2.16840434497101E-15 0.0571411624550819 -0.998366117477417 0 0.0571411624550819 -0.998366117477417 0 0.0571411624550819 -0.998366117477417 0 0.0571411624550819 -0.998366117477417 0 0.0571411624550819 0.717140913009644 0 0.696928143501282 0.870750367641449 0 0.491725325584412 0.717140913009644 0 0.696928143501282 0.870750367641449 0 0.491725325584412 0.967147946357727 0 0.254214107990265 0.967147946357727 0 0.254214107990265 1 -2.31296470522182E-15 0 1 -2.31296470522182E-15 0 0.516412436962128 0 0.856339991092682 0.516412436962128 0 0.856339991092682 0.28175351023674 0 0.959486842155457 0.28175351023674 0 0.959486842155457 0.0285822600126266 0 0.999591469764709 0.0285822600126266 0 0.999591469764709 -0.226466968655586 0 0.97401887178421 -0.226466968655586 0 0.97401887178421 -0.466636389493942 0 0.884449243545532 -0.466636389493942 0 0.884449243545532 -0.676145911216736 0 0.736767709255219 -0.676145911216736 0 0.736767709255219 -0.841229915618896 0 0.540677607059479 -0.841229915618896 0 0.540677607059479 -0.951041638851166 0 0.309062719345093 -0.951041638851166 0 0.309062719345093 -0.998366117477417 -2.31296470522182E-15 0.0571411624550819 -0.998366117477417 -2.31296470522182E-15 0.0571411624550819 1 0 0 1 0 0 1 0 0 1 0 0 0.717140913009644 0 -0.696928143501282 0.516412436962128 0 -0.856339991092682 0.717140913009644 0 -0.696928143501282 0.870750367641449 0 -0.491725325584412 0.870750367641449 0 -0.491725325584412 -0.951041638851166 0 -0.309062719345093 -0.998366117477417 -2.31296470522182E-15 -0.0571411624550819 -0.951041638851166 0 -0.309062719345093 -0.998366117477417 -2.31296470522182E-15 -0.0571411624550819 -0.841229915618896 0 -0.540677607059479 -0.841229915618896 0 -0.540677607059479 -0.676145911216736 0 -0.736767709255219 -0.676145911216736 0 -0.736767709255219 -0.466636389493942 0 -0.884449243545532 -0.466636389493942 0 -0.884449243545532 -0.226466968655586 0 -0.97401887178421 -0.226466968655586 0 -0.97401887178421 0.0285822600126266 0 -0.999591469764709 0.0285822600126266 0 -0.999591469764709 0.28175351023674 0 -0.959486842155457 0.28175351023674 0 -0.959486842155457 0.516412436962128 0 -0.856339991092682 0.967147946357727 0 -0.254214107990265 0.967147946357727 0 -0.254214107990265 1 -2.31296470522182E-15 0 1 -2.31296470522182E-15 0 -0.998366117477417 0 -0.0571411624550819 -0.998366117477417 0 -0.0571411624550819 -0.998366117477417 0 -0.0571411624550819 -0.998366117477417 0 -0.0571411624550819 1.22464685258517E-16 0 -1 -0.249603405594826 0 -0.968348145484924 -0.249603405594826 0 -0.968348145484924 0.249603405594826 0 -0.968348145484924 1.22464685258517E-16 0 -1 0.483405977487564 0 -0.875396311283112 0.249603405594826 0 -0.968348145484924 0.686607182025909 0 -0.727028608322144 0.483405977487564 0 -0.875396311283112 0.846343576908112 0 -0.532637298107147 0.686607182025909 0 -0.727028608322144 -0.483405977487564 0 -0.875396311283112 -0.483405977487564 0 -0.875396311283112 0.998366117477417 2.16840434497101E-15 -0.0571411624550819 0.952503323554993 0 -0.304528117179871 0.952503323554993 0 -0.304528117179871 -0.952503323554993 0 -0.304528117179871 -0.998366117477417 2.16840434497101E-15 -0.0571411624550819 -0.998366117477417 2.16840434497101E-15 -0.0571411624550819 -0.952503323554993 0 -0.304528117179871 -0.686607182025909 0 -0.727028608322144 -0.846343576908112 0 -0.532637298107147 -0.846343576908112 0 -0.532637298107147 -0.686607182025909 0 -0.727028608322144 0.846343576908112 0 -0.532637298107147 0.998366117477417 2.16840434497101E-15 -0.0571411624550819 0.998366117477417 0 -0.0571411624550819 0.998366117477417 0 -0.0571411624550819 0.998366117477417 0 -0.0571411624550819 0.998366117477417 0 -0.0571411624550819 -0.717140913009644 0 -0.696928143501282 -0.516412436962128 0 -0.856339991092682 -0.717140913009644 0 -0.696928143501282 -0.870750367641449 0 -0.491725325584412 -0.870750367641449 0 -0.491725325584412 0.466636389493942 0 -0.884449243545532 0.676145911216736 0 -0.736767709255219 0.466636389493942 0 -0.884449243545532 -0.967147946357727 0 -0.254214107990265 -0.967147946357727 0 -0.254214107990265 0.676145911216736 0 -0.736767709255219 0.841229915618896 0 -0.540677607059479 0.841229915618896 0 -0.540677607059479 0.951041638851166 0 -0.309062719345093 0.951041638851166 0 -0.309062719345093 0.998366117477417 -2.31296470522182E-15 -0.0571411624550819 0.998366117477417 -2.31296470522182E-15 -0.0571411624550819 -0.28175351023674 0 -0.959486842155457 -0.0285822600126266 0 -0.999591469764709 -0.28175351023674 0 -0.959486842155457 0.226466968655586 0 -0.97401887178421 0.226466968655586 0 -0.97401887178421 -0.0285822600126266 0 -0.999591469764709 -0.516412436962128 0 -0.856339991092682 -1 -2.31296470522182E-15 0 -1 -2.31296470522182E-15 0 -1 0 5.13991874371645E-16 -1 0 5.13991874371645E-16 -1 0 5.13991874371645E-16 -1 0 5.13991874371645E-16 0.258819043636322 0 0.965925812721252 -1.22464685258517E-16 0 1 0.258819043636322 0 0.965925812721252 0 -5.68761818834496E-16 -1 0.258819043636322 0 -0.965925812721252 0 -5.68761818834496E-16 -1 0.258819043636322 0 -0.965925812721252 0.5 0 -0.866025388240814 0.5 0 -0.866025388240814 0.70710676908493 0 -0.70710676908493 0.70710676908493 0 -0.70710676908493 0.866025388240814 0 -0.5 0.866025388240814 0 -0.5 0.965925812721252 0 -0.258819043636322 0.965925812721252 0 -0.258819043636322 1 0 1.07187540788323E-15 1 -5.68761818834496E-16 0 0.965925812721252 0 0.258819043636322 0.965925812721252 0 0.258819043636322 0.866025388240814 0 0.5 0.866025388240814 0 0.5 0.70710676908493 0 0.70710676908493 0.70710676908493 0 0.70710676908493 0.5 0 0.866025388240814 0.5 0 0.866025388240814 -1.22464685258517E-16 0 1 -0.258819043636322 0 0.965925812721252 -0.258819043636322 0 0.965925812721252 -0.5 0 0.866025388240814 -0.5 0 0.866025388240814 -0.70710676908493 0 0.70710676908493 -0.70710676908493 0 0.70710676908493 -0.866025388240814 0 0.5 -0.866025388240814 0 0.5 -0.965925812721252 0 0.258819043636322 -0.965925812721252 0 0.258819043636322 -1 0 -6.12323426292584E-17 -1 0 -6.12323426292584E-17 -0.965925812721252 0 -0.258819043636322 -0.965925812721252 0 -0.258819043636322 -0.866025388240814 0 -0.5 -0.866025388240814 0 -0.5 -0.70710676908493 0 -0.70710676908493 -0.70710676908493 0 -0.70710676908493 -0.5 0 -0.866025388240814 -0.5 0 -0.866025388240814 -0.258819043636322 0 -0.965925812721252 -0.258819043636322 0 -0.965925812721252 -0.5 7.76070485697026E-16 0.866025388240814 -0.258819043636322 4.01723639383277E-16 0.965925812721252 -0.5 7.76070485697026E-16 0.866025388240814 -1 1.4219044676769E-15 0 -0.965925812721252 1.49925297532132E-15 -0.258819043636322 -1 1.4219044676769E-15 0 -0.965925812721252 1.49925297532132E-15 -0.258819043636322 -0.866025388240814 1.34419353581017E-15 -0.5 -0.866025388240814 1.34419353581017E-15 -0.5 -0.70710676908493 1.0975293888776E-15 -0.70710676908493 -0.70710676908493 1.0975293888776E-15 -0.70710676908493 -0.5 7.76070485697026E-16 -0.866025388240814 -0.5 7.76070485697026E-16 -0.866025388240814 -0.258819043636322 4.01723639383277E-16 -0.965925812721252 -0.258819043636322 4.01723639383277E-16 -0.965925812721252 -7.0448137857746E-16 1.09345443716879E-30 -1 0.258819043636322 -4.01723639383277E-16 0.965925812721252 0.5 -7.76070485697026E-16 0.866025388240814 0.258819043636322 -4.01723639383277E-16 0.965925812721252 -1.17145535401953E-15 1.81826387772762E-30 1 -1.17145535401953E-15 1.81826387772762E-30 1 -0.258819043636322 4.01723639383277E-16 0.965925812721252 0.70710676908493 -1.0975293888776E-15 -0.70710676908493 0.866025388240814 -1.34419353581017E-15 -0.5 0.70710676908493 -1.0975293888776E-15 -0.70710676908493 -7.0448137857746E-16 1.09345443716879E-30 -1 0.258819043636322 -4.01723639383277E-16 -0.965925812721252 0.258819043636322 -4.01723639383277E-16 -0.965925812721252 0.5 -7.76070485697026E-16 -0.866025388240814 -0.70710676908493 1.0975293888776E-15 0.70710676908493 -0.70710676908493 1.0975293888776E-15 0.70710676908493 0.866025388240814 -1.34419353581017E-15 -0.5 0.965925812721252 -1.49925297532132E-15 -0.258819043636322 0.965925812721252 -1.49925297532132E-15 -0.258819043636322 1 -1.55214097139405E-15 1.22464685258517E-16 1 -1.4219044676769E-15 0 0.965925812721252 -1.49925297532132E-15 0.258819043636322 0.965925812721252 -1.49925297532132E-15 0.258819043636322 0.866025388240814 -1.34419353581017E-15 0.5 0.866025388240814 -1.34419353581017E-15 0.5 0.70710676908493 -1.0975293888776E-15 0.70710676908493 0.70710676908493 -1.0975293888776E-15 0.70710676908493 0.5 -7.76070485697026E-16 0.866025388240814 -0.866025388240814 1.34419353581017E-15 0.5 -0.866025388240814 1.34419353581017E-15 0.5 -0.965925812721252 1.49925297532132E-15 0.258819043636322 -0.965925812721252 1.49925297532132E-15 0.258819043636322 0.5 -7.76070485697026E-16 -0.866025388240814 0.70710676908493 0 0.70710676908493 0.866025388240814 0 0.5 0.70710676908493 0 0.70710676908493 -0.70710676908493 0 -0.70710676908493 -0.866025388240814 0 -0.5 -0.70710676908493 0 -0.70710676908493 -0.5 0 -0.866025388240814 -0.5 0 -0.866025388240814 -0.258819043636322 0 -0.965925812721252 -0.258819043636322 0 -0.965925812721252 0 -5.68761818834496E-16 -1 0 -5.68761818834496E-16 -1 0.258819043636322 0 -0.965925812721252 0.258819043636322 0 -0.965925812721252 0.5 0 -0.866025388240814 0.5 0 -0.866025388240814 0.70710676908493 0 -0.70710676908493 0.70710676908493 0 -0.70710676908493 0.866025388240814 0 -0.5 0.866025388240814 0 -0.5 0.965925812721252 0 -0.258819043636322 0.965925812721252 0 -0.258819043636322 1 0 1.83697014652885E-16 1 -5.68761818834496E-16 0 0.965925812721252 0 0.258819043636322 0.965925812721252 0 0.258819043636322 0.866025388240814 0 0.5 -0.866025388240814 0 -0.5 -0.965925812721252 0 -0.258819043636322 -0.965925812721252 0 -0.258819043636322 -1 0 -6.12323426292584E-17 -1 0 -6.12323426292584E-17 -0.965925812721252 0 0.258819043636322 -0.965925812721252 0 0.258819043636322 -0.866025388240814 0 0.5 -0.866025388240814 0 0.5 -0.70710676908493 0 0.70710676908493 -0.70710676908493 0 0.70710676908493 -0.5 0 0.866025388240814 -0.5 0 0.866025388240814 -0.258819043636322 0 0.965925812721252 -0.258819043636322 0 0.965925812721252 -1.22464685258517E-16 0 1 -1.22464685258517E-16 0 1 0.258819043636322 0 0.965925812721252 0.258819043636322 0 0.965925812721252 0.5 0 0.866025388240814 0.5 0 0.866025388240814 0.5 -0.866025388240814 0 0.70710676908493 -0.70710676908493 0 0.5 -0.866025388240814 0 0.258819043636322 -0.965925812721252 0 0.258819043636322 -0.965925812721252 0 -1.83697014652885E-16 -1 0 -1.83697014652885E-16 -1 0 -0.258819043636322 -0.965925812721252 0 -0.258819043636322 -0.965925812721252 0 -0.5 -0.866025388240814 0 -0.5 -0.866025388240814 0 -0.70710676908493 -0.70710676908493 0 -0.70710676908493 -0.70710676908493 0 -0.866025388240814 -0.5 0 -0.866025388240814 -0.5 0 -0.965925812721252 -0.258819043636322 0 -0.965925812721252 -0.258819043636322 0 -1 1.22464685258517E-16 0 -1 1.22464685258517E-16 0 -0.965925812721252 0.258819043636322 0 -0.965925812721252 0.258819043636322 0 -0.866025388240814 0.5 0 -0.866025388240814 0.5 0 0.70710676908493 -0.70710676908493 0 0.866025388240814 -0.5 0 1 0 0 0.965925812721252 -0.258819043636322 0 1 0 0 0.965925812721252 -0.258819043636322 0 0.866025388240814 -0.5 0 -0.70710676908493 0.70710676908493 0 -0.70710676908493 0.70710676908493 0 -0.5 0.866025388240814 0 -0.5 0.866025388240814 0 -0.258819043636322 0.965925812721252 0 -0.258819043636322 0.965925812721252 0 6.12323426292584E-17 1 0 6.12323426292584E-17 1 0 0.258819043636322 0.965925812721252 0 0.258819043636322 0.965925812721252 0 0.5 0.866025388240814 0 0.5 0.866025388240814 0 0.70710676908493 0.70710676908493 0 0.70710676908493 0.70710676908493 0 0.866025388240814 0.5 0 0.866025388240814 0.5 0 0.965925812721252 0.258819043636322 0 0.965925812721252 0.258819043636322 0 0 0 1 0 0 1 0 0 1 0 0 1 0 0 1 0 0 1 0 0 1 0 0 1 0 0 1 0 0 1 0 0 1 0 0 1 0 0 1 0 0 1 0 0 1 0 0 1 0 0 1 0 0 1 0 0 1 0 0 1 0 0 1 0 0 1 0 0 1 0 0 1 0 0 1 1 0 0 1 0 0 1 0 0 1 0 0 1 0 0 1 0 0 1 0 0 1 0 0 1 0 0 1 0 0 1 0 0 1 0 0 1 0 0 1 0 0 1 0 0 1 0 0 1 0 0 1 0 0 1 0 0 1 0 0 1 0 0 1 0 0 1 0 0 1 0 0 1 0 0 1 0 0 1 0 0 1 0 0 -1.05134755117163E-16 1 0 -1.05134755117163E-16 1 0 -1.05134755117163E-16 1 0 -1.05134755117163E-16 1 0 -2.72108771822627E-17 0.258819043636322 -0.965925812721252 -5.25673775585817E-17 0.5 -0.866025388240814 -2.72108771822627E-17 0.258819043636322 -0.965925812721252 -1.05134755117163E-16 1 0 -1.01552374850539E-16 0.965925812721252 -0.258819043636322 -1.05134755117163E-16 1 0 -1.01552374850539E-16 0.965925812721252 -0.258819043636322 -9.10493714453777E-17 0.866025388240814 -0.5 -9.10493714453777E-17 0.866025388240814 -0.5 -7.43415009769988E-17 0.70710676908493 -0.70710676908493 -7.43415009769988E-17 0.70710676908493 -0.70710676908493 -5.25673775585817E-17 0.5 -0.866025388240814 0 5.10823505280793E-15 -1 0 5.10823505280793E-15 -1 0 5.10823505280793E-15 -1 0 5.10823505280793E-15 -1 0 5.10823505280793E-15 -1 0 5.10823505280793E-15 -1 0 5.10823505280793E-15 -1 2.72108771822627E-17 -0.258819043636322 -0.965925812721252 0 5.10823505280793E-15 -1 2.72108771822627E-17 -0.258819043636322 -0.965925812721252 5.25673775585817E-17 -0.5 -0.866025388240814 5.25673775585817E-17 -0.5 -0.866025388240814 7.43415009769988E-17 -0.70710676908493 -0.70710676908493 7.43415009769988E-17 -0.70710676908493 -0.70710676908493 9.10493714453777E-17 -0.866025388240814 -0.5 9.10493714453777E-17 -0.866025388240814 -0.5 1.01552374850539E-16 -0.965925812721252 -0.258819043636322 1.01552374850539E-16 -0.965925812721252 -0.258819043636322 0 -1 1.11022302462516E-13 0 -1 1.11022302462516E-13 0 -1 1.11022302462516E-13 0 -1 1.11022302462516E-13 0 -1 1.11022302462516E-13 0 -1 1.11022302462516E-13 2.72108771822627E-17 -0.258819043636322 0.965925812721252 0 3.59035201132822E-15 1 2.72108771822627E-17 -0.258819043636322 0.965925812721252 0 -1 1.11022302462516E-13 1.01552374850539E-16 -0.965925812721252 0.258819043636322 0 -1 1.11022302462516E-13 1.01552374850539E-16 -0.965925812721252 0.258819043636322 9.10493714453777E-17 -0.866025388240814 0.5 9.10493714453777E-17 -0.866025388240814 0.5 7.43415009769988E-17 -0.70710676908493 0.70710676908493 7.43415009769988E-17 -0.70710676908493 0.70710676908493 5.25673775585817E-17 -0.5 0.866025388240814 5.25673775585817E-17 -0.5 0.866025388240814 0 3.59035201132822E-15 1 0 3.59035201132822E-15 1 0 3.59035201132822E-15 1 0 3.59035201132822E-15 1 0 3.59035201132822E-15 1 0 3.59035201132822E-15 1 -2.72108771822627E-17 0.258819043636322 0.965925812721252 0 3.59035201132822E-15 1 -2.72108771822627E-17 0.258819043636322 0.965925812721252 -5.25673775585817E-17 0.5 0.866025388240814 -5.25673775585817E-17 0.5 0.866025388240814 -7.43415009769988E-17 0.70710676908493 0.70710676908493 -7.43415009769988E-17 0.70710676908493 0.70710676908493 -9.10493714453777E-17 0.866025388240814 0.5 -9.10493714453777E-17 0.866025388240814 0.5 -1.01552374850539E-16 0.965925812721252 0.258819043636322 -1.01552374850539E-16 0.965925812721252 0.258819043636322 0 1 1.21430643318376E-13 0 1 1.21430643318376E-13 1 1.05134755117163E-16 0 1 1.05134755117163E-16 0 1 1.05134755117163E-16 0 1 1.05134755117163E-16 0 1 1.05134755117163E-16 0 1 1.05134755117163E-16 0 1 1.05134755117163E-16 0 1 1.05134755117163E-16 0 1 1.05134755117163E-16 0 1 1.05134755117163E-16 0 1 1.05134755117163E-16 0 1 1.05134755117163E-16 0 1 1.05134755117163E-16 0 1 1.05134755117163E-16 0 1 1.05134755117163E-16 0 1 1.05134755117163E-16 0 1 1.05134755117163E-16 0 1 1.05134755117163E-16 0 1 1.05134755117163E-16 0 1 1.05134755117163E-16 0 1 1.05134755117163E-16 0 1 1.05134755117163E-16 0 1 1.05134755117163E-16 0 1 1.05134755117163E-16 0 1 1.05134755117163E-16 0 -9.10493714453777E-17 0.866025388240814 0.5 -1.01552374850539E-16 0.965925812721252 0.258819043636322 -9.10493714453777E-17 0.866025388240814 0.5 -5.25673775585817E-17 0.5 0.866025388240814 -7.43415009769988E-17 0.70710676908493 0.70710676908493 -5.25673775585817E-17 0.5 0.866025388240814 -1.01552374850539E-16 0.965925812721252 -0.258819043636322 0 1 1.21430643318376E-13 -1.01552374850539E-16 0.965925812721252 -0.258819043636322 -9.10493714453777E-17 0.866025388240814 -0.5 -9.10493714453777E-17 0.866025388240814 -0.5 -7.43415009769988E-17 0.70710676908493 -0.70710676908493 -7.43415009769988E-17 0.70710676908493 -0.70710676908493 -5.25673775585817E-17 0.5 -0.866025388240814 -5.25673775585817E-17 0.5 -0.866025388240814 -2.72108771822627E-17 0.258819043636322 -0.965925812721252 -2.72108771822627E-17 0.258819043636322 -0.965925812721252 1.12691363784094E-31 -1.07187540788323E-15 -1 1.12691363784094E-31 -1.07187540788323E-15 -1 2.72108771822627E-17 -0.258819043636322 -0.965925812721252 2.72108771822627E-17 -0.258819043636322 -0.965925812721252 5.25673775585817E-17 -0.5 -0.866025388240814 5.25673775585817E-17 -0.5 -0.866025388240814 7.43415009769988E-17 -0.70710676908493 -0.70710676908493 7.43415009769988E-17 -0.70710676908493 -0.70710676908493 9.10493714453777E-17 -0.866025388240814 -0.5 9.10493714453777E-17 -0.866025388240814 -0.5 1.01552374850539E-16 -0.965925812721252 -0.258819043636322 1.01552374850539E-16 -0.965925812721252 -0.258819043636322 1.05134755117163E-16 -1 1.22464685258517E-16 1.05134755117163E-16 -1 1.22464685258517E-16 1.01552374850539E-16 -0.965925812721252 0.258819043636322 1.01552374850539E-16 -0.965925812721252 0.258819043636322 9.10493714453777E-17 -0.866025388240814 0.5 9.10493714453777E-17 -0.866025388240814 0.5 7.43415009769988E-17 -0.70710676908493 0.70710676908493 7.43415009769988E-17 -0.70710676908493 0.70710676908493 5.25673775585817E-17 -0.5 0.866025388240814 5.25673775585817E-17 -0.5 0.866025388240814 2.72108771822627E-17 -0.258819043636322 0.965925812721252 2.72108771822627E-17 -0.258819043636322 0.965925812721252 -5.31268550985491E-32 5.05321539244431E-16 1 -5.31268550985491E-32 5.05321539244431E-16 1 -2.72108771822627E-17 0.258819043636322 0.965925812721252 -2.72108771822627E-17 0.258819043636322 0.965925812721252 -7.43415009769988E-17 0.70710676908493 0.70710676908493 -1.01552374850539E-16 0.965925812721252 0.258819043636322 0 1 1.21430643318376E-13 1 -1.24576192812234E-16 0 1 -1.24576192812234E-16 0 1 -1.24576192812234E-16 0 1 -1.24576192812234E-16 0 -0.5 -0.866025388240814 0 -0.258819043636322 -0.965925812721252 0 -0.258819043636322 -0.965925812721252 0 -0.965925812721252 -0.258819043636322 0 -1 0 1.70803543292526E-13 -1 0 1.70803543292526E-13 -0.866025388240814 -0.5 0 -0.965925812721252 -0.258819043636322 0 -0.70710676908493 -0.70710676908493 0 -0.866025388240814 -0.5 0 -0.5 -0.866025388240814 0 -0.70710676908493 -0.70710676908493 0 -6.12323426292584E-17 -1 0 0.258819043636322 -0.965925812721252 0 -6.12323426292584E-17 -1 0 0.5 -0.866025388240814 0 0.258819043636322 -0.965925812721252 0 0.70710676908493 -0.70710676908493 0 0.5 -0.866025388240814 0 0.866025388240814 -0.5 0 0.70710676908493 -0.70710676908493 0 0.965925812721252 -0.258819043636322 0 0.866025388240814 -0.5 0 1 0 0 0.965925812721252 -0.258819043636322 0 1 0 0 -1 2.79964585509382E-16 0 -1 2.79964585509382E-16 0 -1 2.79964585509382E-16 0 -1 2.79964585509382E-16 0 -0.998563349246979 0.0535839237272739 0 -0.998563349246979 0.0535839237272739 0 -0.998563349246979 0.0535839237272739 0 -0.998563349246979 0.0535839237272739 0 -0.998563349246979 0.0535839237272739 0 -0.953403294086456 0.301698863506317 0 -0.847606301307678 0.530625641345978 0 -0.847606301307678 0.530625641345978 0 -0.250178337097168 0.968199789524078 0 0 1 1.00929362794894E-13 0 1 1.00929362794894E-13 -0.484445244073868 0.874821603298187 0 -0.250178337097168 0.968199789524078 0 -0.687901198863983 0.725804328918457 0 -0.484445244073868 0.874821603298187 0 -0.687901198863983 0.725804328918457 0 -0.998563349246979 0.0535839237272739 0 -0.953403294086456 0.301698863506317 0 -0.998563349246979 0.0535839237272739 0 1.08408051737846E-15 1 0 1.08408051737846E-15 1 0 1.08408051737846E-15 1 0 1.08408051737846E-15 1 0 1.08408051737846E-15 1 0 1.08408051737846E-15 1 0 0.5 0.866025388240814 0 0.70710676908493 0.70710676908493 0 0.70710676908493 0.70710676908493 0 0.258819043636322 0.965925812721252 0 0.5 0.866025388240814 0 3.15404258734045E-15 1 6.3080851746809E-15 0.258819043636322 0.965925812721252 0 3.15404258734045E-15 1 6.3080851746809E-15 0.866025388240814 0.5 0 0.965925812721252 0.258819043636322 0 0.866025388240814 0.5 0 1 0 1.00929362794894E-13 0.965925812721252 0.258819043636322 0 1 0 1.00929362794894E-13 1 0 0 1 0 0 1 0 0 1 0 0 1 0 0 1 0 0 1 0 0 1 0 0 1 0 0 1 0 0 1 0 0 1 0 0 1 0 0 1 0 0 1 0 0 1 0 0 1 0 0 1 0 0 1 0 0 1 0 0 1 0 0 1 0 0 1 0 0 1 0 0 1 0 0 1 0 0 1 0 0 1 0 0 1 0 0 1 0 0 1 0 0 1 0 0 1 0 0 1 0 0 1 0 0 1 0 0 1 0 0 1 0 0 1 0 0 1 0 0 1 0 0 1 0 0 1 0 0 1 0 0 1 0 0 1 0 0 1 0 0 1 0 0 1 0 0 1 0 0 1 0 0 1 0 0 1 0 0 1 0 0 1 0 0 1 0 0 0.866025388240814 -0.5 0 0.70710676908493 -0.70710676908493 0 0.70710676908493 -0.70710676908493 0 0.965925812721252 -0.258819043636322 0 0.866025388240814 -0.5 0 1 -7.70988192722293E-15 7.70988192722293E-15 0.965925812721252 -0.258819043636322 0 1 -7.70988192722293E-15 7.70988192722293E-15 0.5 -0.866025388240814 0 0.258819043636322 -0.965925812721252 0 0.5 -0.866025388240814 0 0 -1 1.23358110835567E-13 0.258819043636322 -0.965925812721252 0 0 -1 1.23358110835567E-13 0 -1 0 0 -1 0 0 -1 0 0 -1 0 0 -1 0 0 -1 0</float_array><technique_common><accessor count="2964" source="#bau0234565834-mesh-normals-array" stride="3"><param name="X" type="float" /><param name="Y" type="float" /><param name="Z" type="float" /></accessor></technique_common></source><vertices id="bau0234565834-mesh-vertices"><input semantic="POSITION" source="#bau0234565834-mesh-positions" /></vertices><triangles count="149" material="white-material"><input offset="0" semantic="VERTEX" source="#bau0234565834-mesh-vertices" /><input offset="1" semantic="NORMAL" source="#bau0234565834-mesh-normals" /><p>0 0 1 1 2 2 3 3 4 4 5 5 6 6 7 7 8 8 9 9 10 10 6 6 6 6 11 11 12 12 13 13 6 6 14 14 6 6 13 13 7 7 11 11 6 6 8 8 6 6 12 12 9 9 15 15 16 16 0 0 4 4 3 3 16 16 10 10 9 9 17 17 4 4 14 14 6 6 0 0 2 2 15 15 1 1 0 0 18 18 16 16 15 15 14 14 14 14 4 4 16 16 19 19 20 20 21 21 22 22 23 23 24 24 25 25 20 20 26 26 27 27 28 28 29 29 30 30 31 31 32 32 32 32 31 31 33 33 34 34 33 33 31 31 19 19 35 35 36 36 25 25 26 26 37 37 38 38 21 21 25 25 39 39 28 28 27 27 29 29 34 34 27 27 40 40 31 31 30 30 23 23 22 22 41 41 42 42 35 35 19 19 43 43 36 36 44 44 20 20 25 25 21 21 28 28 39 39 45 45 34 34 29 29 33 33 34 34 21 21 46 46 35 35 42 42 40 40 36 36 43 43 19 19 22 22 43 43 44 44 40 40 24 24 23 23 31 31 40 40 42 42 21 21 38 38 46 46 20 20 19 19 43 43 21 21 34 34 31 31 30 30 39 39 24 24 46 46 38 38 47 47 39 39 30 30 45 45 41 41 22 22 44 44 43 43 22 22 48 48 24 24 40 40 30 30 49 49 50 50 51 51 51 51 52 52 53 53 54 54 49 49 55 55 52 52 56 56 57 57 50 50 58 58 59 59 52 52 60 60 61 61 50 50 62 62 63 63 50 50 49 49 54 54 60 60 52 52 51 51 52 52 64 64 65 65 62 62 50 50 54 54 66 66 50 50 63 63 64 64 52 52 61 61 56 56 52 52 65 65 58 58 50 50 66 66 60 60 51 51 50 50 67 67 68 68 69 69 68 68 67 67 70 70 71 71 72 72 73 73 72 72 71 71 74 74 75 75 76 76 77 77 76 76 75 75 78 78 79 79 80 80 81 81 80 80 79 79 82 82 83 83 84 84 85 85 84 84 83 83 86 86 87 87 88 88 89 89 88 88 87 87 90 90 91 91 92 92 93 93 94 94 95 95 92 92 94 94 92 92 91 91 95 95 94 94 96 96 97 97 98 98 99 99 98 98 97 97 100 100 101 101 102 102 103 103 102 102 101 101 104 104 105 105 106 106 107 107 106 106 105 105 108 108 109 109 110 110 111 111 110 110 109 109 112 112 113 113 114 114 115 115 114 114 113 113 116 116 117 117 118 118 119 119 118 118 117 117 120 120 121 121 122 122 123 123 124 124 125 125 126 126 122 122 121 121 124 124 124 124 121 121 125 125 127 127 128 128 129 129 128 128 127 127 130 130 131 131 132 132 133 133 132 132 131 131 134 134 135 135 136 136 137 137 136 136 135 135 138 138 139 139 140 140 141 141 140 140 139 139 142 142 143 143 144 144 145 145 144 144 143 143 146 146 147 147 148 148 149 149 148 148 147 147 150 150 151 151 152 152 153 153 152 152 151 151 154 154 155 155 156 156 157 157 156 156 155 155 158 158 159 159 160 160 161 161 160 160 159 159 162 162 163 163 164 164 165 165 164 164 163 163 166 166 167 167 168 168 169 169 170 170 168 168 167 167 168 168 170 170 171 171 170 170 172 172 171 171 172 172 170 170 173 173 174 174 175 175 176 176 174 174 177 177 178 178 175 175 179 179 180 180 177 177 174 174 176 176 175 175 174 174 179 179 181 181 182 182 183 183 182 182 181 181 184 184 185 185 186 186 187 187 186 186 185 185 188 188 189 189 190 190 191 191 190 190 189 189 192 192 193 193 194 194 195 195 194 194 193 193 196 196 197 197 198 198 199 199 198 198 197 197 200 200 201 201 202 202 203 203 202 202 201 201 204 204 203 203 202 202 205 205 206 206 201 201 207 207 201 201 206 206 204 204 208 208 209 209 210 210 211 211 208 208 210 210 209 209 212 212 213 213 208 208 211 211 214 214 209 209 208 208 212 212</p></triangles><triangles count="2400" material="zincplated-material"><input offset="0" semantic="VERTEX" source="#bau0234565834-mesh-vertices" /><input offset="1" semantic="NORMAL" source="#bau0234565834-mesh-normals" /><p>215 215 216 216 217 217 216 216 215 215 218 218 217 217 216 216 219 219 220 220 221 221 222 222 221 221 220 220 223 223 224 224 225 225 226 226 225 225 224 224 227 227 226 226 225 225 228 228 227 227 224 224 229 229 230 230 231 231 232 232 231 231 230 230 233 233 234 234 235 235 236 236 235 235 234 234 237 237 234 234 236 236 238 238 239 239 240 240 241 241 242 242 243 243 240 240 243 243 244 244 245 245 240 240 239 239 242 242 246 246 243 243 242 242 243 243 247 247 244 244 243 243 248 248 249 249 243 243 250 250 248 248 250 250 243 243 246 246 247 247 243 243 249 249 251 251 252 252 253 253 252 252 251 251 254 254 255 255 256 256 257 257 258 258 257 257 256 256 257 257 258 258 259 259 260 260 261 261 262 262 263 263 260 260 255 255 261 261 260 260 264 264 265 265 260 260 263 263 260 260 265 265 264 264 256 256 255 255 260 260 266 266 267 267 268 268 269 269 268 268 267 267 270 270 268 268 269 269 271 271 270 270 272 272 270 270 271 271 268 268 273 273 271 271 272 272 274 274 268 268 275 275 276 276 271 271 273 273 277 277 278 278 266 266 279 279 275 275 280 280 281 281 282 282 283 283 278 278 277 277 284 284 271 271 276 276 285 285 280 280 283 283 282 282 282 282 285 285 286 286 284 284 287 287 274 274 286 286 285 285 276 276 275 275 279 279 288 288 275 275 271 271 283 283 287 287 284 284 277 277 268 268 274 274 287 287 285 285 282 282 281 281 267 267 266 266 278 278 271 271 275 275 268 268 283 283 280 280 275 275 289 289 290 290 291 291 292 292 290 290 293 293 294 294 290 290 295 295 296 296 290 290 297 297 290 290 292 292 291 291 290 290 296 296 295 295 298 298 299 299 300 300 2 2 301 301 15 15 301 301 302 302 303 303 299 299 303 303 300 300 290 290 294 294 293 293 301 301 2 2 302 302 303 303 299 299 301 301 299 299 304 304 290 290 299 299 298 298 304 304 290 290 289 289 299 299 305 305 306 306 307 307 305 305 308 308 309 309 305 305 310 310 311 311 305 305 312 312 313 313 309 309 314 314 305 305 310 310 305 305 315 315 306 306 305 305 311 311 305 305 316 316 312 312 305 305 317 317 318 318 305 305 319 319 316 316 317 317 305 305 313 313 308 308 305 305 318 318 319 319 305 305 307 307 314 314 309 309 320 320 321 321 322 322 323 323 323 323 324 324 325 325 325 325 326 326 327 327 326 326 325 325 324 324 328 328 327 327 326 326 329 329 330 330 328 328 331 331 332 332 329 329 333 333 334 334 331 331 335 335 336 336 333 333 327 327 328 328 330 330 330 330 329 329 332 332 332 332 331 331 334 334 322 322 321 321 337 337 338 338 339 339 335 335 340 340 341 341 342 342 343 343 341 341 344 344 341 341 343 343 342 342 344 344 341 341 345 345 345 345 341 341 346 346 346 346 338 338 347 347 338 338 346 346 341 341 347 347 338 338 348 348 341 341 340 340 349 349 348 348 338 338 350 350 339 339 338 338 341 341 336 336 335 335 339 339 334 334 333 333 336 336 324 324 323 323 322 322 351 351 352 352 353 353 354 354 355 355 356 356 357 357 358 358 359 359 360 360 361 361 362 362 363 363 364 364 365 365 352 352 366 366 367 367 368 368 352 352 369 369 357 357 370 370 371 371 356 356 372 372 373 373 358 358 357 357 374 374 375 375 376 376 377 377 363 363 378 378 379 379 364 364 363 363 380 380 363 363 381 381 382 382 366 366 352 352 368 368 370 370 357 357 383 383 357 357 384 384 374 374 356 356 385 385 386 386 387 387 356 356 373 373 377 377 363 363 375 375 378 378 363 363 388 388 363 363 360 360 362 362 381 381 363 363 365 365 389 389 363 363 382 382 357 357 354 354 384 384 390 390 391 391 392 392 372 372 356 356 386 386 375 375 393 393 394 394 357 357 395 395 396 396 376 376 375 375 394 394 360 360 363 363 379 379 397 397 398 398 399 399 400 400 401 401 369 369 363 363 401 401 400 400 354 354 371 371 355 355 402 402 385 385 356 356 395 395 357 357 359 359 375 375 403 403 404 404 397 397 399 399 360 360 405 405 360 360 399 399 401 401 363 363 389 389 371 371 354 354 357 357 402 402 392 392 385 385 375 375 406 406 403 403 393 393 375 375 404 404 407 407 408 408 398 398 361 361 360 360 405 405 392 392 402 402 409 409 390 390 392 392 409 409 375 375 410 410 406 406 407 407 398 398 397 397 411 411 412 412 391 391 357 357 410 410 375 375 413 413 414 414 415 415 391 391 416 416 411 411 410 410 357 357 396 396 407 407 415 415 408 408 391 391 417 417 416 416 411 411 418 418 419 419 415 415 407 407 420 420 415 415 421 421 422 422 417 417 391 391 390 390 423 423 411 411 424 424 425 425 411 411 419 419 415 415 426 426 427 427 415 415 428 428 413 413 418 418 411 411 423 423 412 412 411 411 425 425 426 426 415 415 420 420 429 429 415 415 427 427 428 428 415 415 422 422 413 413 430 430 414 414 421 421 415 415 429 429 413 413 431 431 430 430 431 431 413 413 432 432 433 433 434 434 435 435 434 434 433 433 436 436 434 434 437 437 435 435 438 438 439 439 440 440 441 441 442 442 440 440 443 443 438 438 444 444 434 434 445 445 437 437 446 446 438 438 443 443 441 441 447 447 448 448 439 439 438 438 446 446 440 440 449 449 450 450 441 441 445 445 434 434 440 440 451 451 452 452 441 441 453 453 454 454 445 445 441 441 448 448 451 451 440 440 439 439 449 449 440 440 452 452 440 440 453 453 441 441 455 455 441 441 454 454 456 456 440 440 450 450 447 447 441 441 455 455 453 453 440 440 456 456 457 457 458 458 459 459 457 457 460 460 458 458 461 461 462 462 463 463 457 457 435 435 460 460 457 457 462 462 461 461 464 464 461 461 463 463 435 435 457 457 433 433 462 462 457 457 459 459 465 465 461 461 464 464 444 444 461 461 465 465 466 466 467 467 468 468 467 467 466 466 461 461 466 466 457 457 461 461 469 469 470 470 471 471 470 470 472 472 473 473 472 472 470 470 469 469 470 470 474 474 475 475 475 475 476 476 477 477 475 475 478 478 479 479 480 480 481 481 482 482 475 475 483 483 476 476 480 480 484 484 485 485 475 475 486 486 478 478 475 475 487 487 486 486 483 483 475 475 479 479 480 480 488 488 484 484 489 489 490 490 491 491 487 487 475 475 474 474 488 488 475 475 477 477 491 491 492 492 489 489 480 480 491 491 493 493 480 480 494 494 495 495 480 480 496 496 494 494 474 474 497 497 498 498 499 499 488 488 480 480 492 492 491 491 485 485 489 489 500 500 501 501 491 491 480 480 485 485 481 481 480 480 493 493 496 496 480 480 482 482 502 502 503 503 504 504 502 502 505 505 506 506 502 502 507 507 505 505 502 502 508 508 509 509 510 510 511 511 512 512 474 474 513 513 514 514 474 474 515 515 516 516 517 517 474 474 514 514 475 475 488 488 499 499 518 518 519 519 520 520 490 490 489 489 501 501 521 521 480 480 495 495 503 503 502 502 522 522 507 507 502 502 504 504 508 508 502 502 506 506 474 474 509 509 497 497 474 474 523 523 524 524 474 474 525 525 523 523 352 352 367 367 353 353 513 513 474 474 516 516 526 526 357 357 352 352 480 480 522 522 502 502 527 527 480 480 521 521 509 509 474 474 502 502 512 512 528 528 510 510 474 474 528 528 512 512 529 529 530 530 531 531 525 525 474 474 512 512 532 532 520 520 500 500 522 522 480 480 527 527 528 528 474 474 498 498 529 529 531 531 510 510 511 511 510 510 531 531 520 520 532 532 533 533 520 520 534 534 518 518 529 529 535 535 530 530 536 536 520 520 533 533 518 518 537 537 538 538 539 539 540 540 541 541 520 520 542 542 534 534 543 543 518 518 544 544 518 518 545 545 519 519 546 546 535 535 529 529 542 542 520 520 536 536 537 537 518 518 543 543 547 547 518 518 538 538 546 546 541 541 535 535 545 545 518 518 547 547 541 541 546 546 539 539 540 540 548 548 549 549 540 540 550 550 551 551 552 552 540 540 539 539 540 540 553 553 554 554 550 550 540 540 552 552 555 555 540 540 551 551 540 540 556 556 557 557 553 553 540 540 555 555 556 556 540 540 554 554 548 548 540 540 557 557 558 558 559 559 560 560 558 558 561 561 562 562 561 561 558 558 563 563 559 559 558 558 562 562 564 564 563 563 565 565 566 566 565 565 567 567 568 568 569 569 570 570 569 569 568 568 571 571 572 572 570 570 569 569 573 573 568 568 570 570 574 574 575 575 576 576 577 577 574 574 578 578 579 579 580 580 581 581 575 575 574 574 577 577 576 576 582 582 583 583 573 573 584 584 585 585 586 586 587 587 575 575 579 579 588 588 589 589 576 576 590 590 591 591 573 573 592 592 593 593 586 586 594 594 595 595 575 575 596 596 597 597 598 598 599 599 600 600 579 579 601 601 602 602 576 576 603 603 604 604 576 576 584 584 573 573 592 592 573 573 585 585 605 605 573 573 593 593 586 586 606 606 607 607 608 608 586 586 595 595 596 596 575 575 587 587 581 581 609 609 579 579 610 610 588 588 579 579 601 601 579 579 589 589 580 580 579 579 602 602 603 603 576 576 583 583 611 611 612 612 613 613 584 584 576 576 591 591 614 614 573 573 605 605 606 606 586 586 615 615 594 594 586 586 607 607 616 616 586 586 608 608 575 575 617 617 618 618 576 576 619 619 620 620 588 588 621 621 600 600 613 613 622 622 611 611 576 576 613 613 590 590 623 623 573 573 614 614 587 587 586 586 616 616 575 575 624 624 617 617 575 575 625 625 626 626 582 582 576 576 620 620 621 621 588 588 610 610 600 600 627 627 628 628 622 622 613 613 604 604 629 629 630 630 612 612 613 613 576 576 604 604 586 586 631 631 615 615 573 573 631 631 586 586 575 575 581 581 624 624 625 625 575 575 618 618 576 576 632 632 633 633 600 600 634 634 635 635 600 600 636 636 598 598 637 637 612 612 611 611 631 631 573 573 623 623 575 575 609 609 581 581 638 638 575 575 626 626 576 576 639 639 619 619 634 634 600 600 621 621 640 640 600 600 635 635 636 636 600 600 628 628 598 598 641 641 642 642 629 629 612 612 637 637 609 609 575 575 597 597 576 576 643 643 632 632 639 639 576 576 633 633 627 627 600 600 640 640 641 641 598 598 644 644 599 599 598 598 642 642 645 645 646 646 647 647 643 643 575 575 638 638 629 629 647 647 630 630 643 643 576 576 575 575 647 647 629 629 645 645 645 645 648 648 646 646 645 645 649 649 648 648 650 650 651 651 652 652 652 652 653 653 650 650 654 654 645 645 652 652 653 653 652 652 645 645 651 651 655 655 656 656 645 645 657 657 649 649 655 655 651 651 650 650 657 657 645 645 654 654 658 658 573 573 659 659 563 563 660 660 661 661 576 576 662 662 663 663 664 664 563 563 661 661 573 573 665 665 576 576 558 558 666 666 667 667 668 668 573 573 658 658 576 576 669 669 670 670 558 558 671 671 672 672 660 660 558 558 667 667 665 665 573 573 668 668 669 669 576 576 665 665 662 662 576 576 670 670 576 576 673 673 558 558 666 666 558 558 672 672 660 660 563 563 558 558 673 673 576 576 663 663 671 671 558 558 673 673 570 570 674 674 675 675 570 570 676 676 677 677 363 363 362 362 380 380 515 515 474 474 524 524 356 356 387 387 354 354 363 363 377 377 388 388 352 352 351 351 526 526 659 659 570 570 675 675 565 565 678 678 679 679 674 674 570 570 677 677 565 565 680 680 678 678 352 352 400 400 369 369 357 357 526 526 383 383 357 357 442 442 681 681 442 442 357 357 375 375 363 363 682 682 683 683 684 684 683 683 685 685 685 685 682 682 686 686 682 682 685 685 683 683 687 687 688 688 689 689 690 690 689 689 691 691 689 689 690 690 687 687 692 692 689 689 688 688 692 692 688 688 693 693 693 693 688 688 694 694 695 695 574 574 696 696 696 696 574 574 697 697 697 697 694 694 696 696 694 694 697 697 693 693 698 698 574 574 699 699 532 532 500 500 489 489 698 698 700 700 692 692 565 565 701 701 676 676 680 680 565 565 563 563 701 701 565 565 679 679 676 676 570 570 565 565 699 699 702 702 700 700 363 363 703 703 704 704 705 705 700 700 702 702 703 703 363 363 706 706 375 375 707 707 708 708 375 375 709 709 710 710 699 699 711 711 712 712 363 363 709 709 375 375 707 707 375 375 710 710 713 713 375 375 708 708 699 699 714 714 715 715 709 709 363 363 704 704 716 716 375 375 713 713 714 714 699 699 712 712 717 717 699 699 715 715 699 699 716 716 711 711 702 702 699 699 717 717 716 716 699 699 375 375 689 689 718 718 719 719 689 689 720 720 718 718 683 683 721 721 722 722 720 720 689 689 700 700 689 689 723 723 683 683 724 724 683 683 722 722 725 725 689 689 719 719 721 721 683 683 723 723 706 706 683 683 724 724 723 723 689 689 725 725 474 474 726 726 727 727 502 502 728 728 729 729 474 474 730 730 731 731 726 726 474 474 731 731 502 502 732 732 733 733 438 438 734 734 735 735 474 474 736 736 730 730 737 737 474 474 738 738 502 502 727 727 732 732 739 739 740 740 741 741 502 502 742 742 743 743 438 438 744 744 745 745 736 736 474 474 737 737 727 727 502 502 474 474 728 728 502 502 741 741 742 742 502 502 729 729 440 440 746 746 747 747 438 438 748 748 744 744 438 438 749 749 750 750 741 741 751 751 739 739 502 502 752 752 741 741 739 739 753 753 754 754 755 755 440 440 747 747 438 438 756 756 757 757 438 438 758 758 749 749 759 759 438 438 750 750 752 752 502 502 733 733 751 751 741 741 752 752 760 760 761 761 762 762 739 739 763 763 740 740 502 502 764 764 765 765 502 502 766 766 764 764 440 440 767 767 746 746 768 768 440 440 755 755 769 769 770 770 771 771 748 748 438 438 757 757 758 758 438 438 745 745 438 438 738 738 474 474 438 438 772 772 738 738 773 773 753 753 739 739 763 763 739 739 754 754 766 766 502 502 743 743 440 440 774 774 775 775 438 438 768 768 734 734 771 771 776 776 769 769 756 756 735 735 771 771 772 772 438 438 759 759 777 777 565 565 570 570 778 778 689 689 683 683 461 461 779 779 467 467 473 473 438 438 474 474 683 683 706 706 363 363 700 700 705 705 720 720 570 570 659 659 573 573 563 563 664 664 680 680 568 568 573 573 586 586 570 570 572 572 777 777 565 565 566 566 564 564 563 563 564 564 561 561 558 558 560 560 780 780 474 474 517 517 487 487 474 474 470 470 473 473 473 473 472 472 781 781 457 457 466 466 782 782 461 461 444 444 438 438 442 442 441 441 681 681 400 400 352 352 783 783 682 682 363 363 400 400 683 683 684 684 778 778 773 773 762 762 753 753 767 767 440 440 775 775 768 768 438 438 440 440 776 776 771 771 735 735 784 784 785 785 770 770 756 756 438 438 735 735 762 762 773 773 786 786 762 762 787 787 788 788 440 440 789 789 774 774 502 502 789 789 440 440 790 790 770 770 769 769 791 791 762 762 786 786 762 762 792 792 760 760 789 789 502 502 765 765 784 784 770 770 790 790 762 762 793 793 794 794 792 792 762 762 788 788 761 761 795 795 796 796 797 797 798 798 799 799 793 793 762 762 791 791 787 787 762 762 794 794 761 761 800 800 795 795 784 784 799 799 785 785 800 800 761 761 760 760 799 799 784 784 797 797 801 801 802 802 798 798 798 798 803 803 801 801 804 804 798 798 797 797 805 805 806 806 807 807 803 803 798 798 804 804 807 807 808 808 805 805 802 802 801 801 807 807 809 809 807 807 801 801 806 806 805 805 810 810 808 808 807 807 809 809 438 438 473 473 461 461 473 473 779 779 461 461 779 779 473 473 781 781 689 689 778 778 691 691 565 565 777 777 567 567 574 574 698 698 697 697 700 700 698 698 699 699 574 574 695 695 578 578 689 689 692 692 700 700 688 688 687 687 811 811 812 812 813 813 814 814 815 815 816 816 817 817 818 818 819 819 820 820 821 821 820 820 822 822 813 813 823 823 824 824 822 822 825 825 821 821 826 826 815 815 827 827 825 825 827 827 815 815 815 815 828 828 829 829 825 825 822 822 827 827 828 828 815 815 826 826 816 816 815 815 829 829 823 823 813 813 830 830 820 820 821 821 818 818 819 819 818 818 831 831 814 814 831 831 812 812 813 813 812 812 830 830 831 831 814 814 819 819 832 832 833 833 834 834 835 835 836 836 837 837 838 838 839 839 832 832 833 833 832 832 839 839 839 839 838 838 840 840 841 841 840 840 838 838 836 836 835 835 842 842 837 837 843 843 835 835 843 843 837 837 844 844 845 845 843 843 844 844 843 843 845 845 841 841 840 840 841 841 845 845 846 846 847 847 848 848 849 849 847 847 850 850 850 850 851 851 849 849 852 852 851 851 853 853 854 854 846 846 848 848 855 855 856 856 852 852 857 857 858 858 856 856 855 855 852 852 853 853 856 856 855 855 857 857 857 857 859 859 858 858 857 857 860 860 861 861 860 860 857 857 862 862 859 859 857 857 861 861 846 846 854 854 863 863 851 851 852 852 849 849 847 847 849 849 848 848 864 864 865 865 866 866 864 864 867 867 868 868 869 869 870 870 871 871 872 872 873 873 874 874 875 875 864 864 876 876 864 864 868 868 877 877 878 878 879 879 867 867 864 864 866 866 876 876 864 864 875 875 880 880 864 864 881 881 882 882 883 883 884 884 885 885 885 885 886 886 887 887 888 888 884 884 889 889 890 890 884 884 891 891 884 884 883 883 892 892 885 885 887 887 893 893 894 894 895 895 884 884 884 884 890 890 889 889 885 885 893 893 883 883 869 869 896 896 878 878 897 897 878 878 867 867 865 865 864 864 877 877 898 898 864 864 880 880 869 869 899 899 900 900 896 896 869 869 874 874 878 878 901 901 902 902 878 878 897 897 903 903 867 867 864 864 897 897 904 904 905 905 906 906 869 869 907 907 908 908 869 869 872 872 874 874 886 886 885 885 909 909 901 901 878 878 896 896 910 910 885 885 911 911 912 912 895 895 913 913 895 895 894 894 914 914 884 884 892 892 891 891 910 910 911 911 915 915 895 895 914 914 913 913 885 885 910 910 909 909 906 906 916 916 904 904 917 917 911 911 918 918 911 911 917 917 915 915 885 885 870 870 919 919 870 870 885 885 884 884 895 895 912 912 920 920 918 918 921 921 922 922 923 923 921 921 924 924 922 922 921 921 925 925 924 924 926 926 927 927 928 928 929 929 930 930 929 929 928 928 918 918 931 931 932 932 933 933 934 934 935 935 932 932 936 936 937 937 938 938 939 939 940 940 941 941 942 942 943 943 944 944 945 945 944 944 946 946 947 947 948 948 944 944 938 938 937 937 947 947 949 949 950 950 872 872 940 940 951 951 936 936 952 952 953 953 943 943 944 944 945 945 942 942 954 954 944 944 948 948 937 937 936 936 951 951 939 939 941 941 955 955 953 953 952 952 956 956 957 957 943 943 958 958 944 944 954 954 946 946 940 940 939 939 951 951 943 943 957 957 952 952 959 959 943 943 960 960 948 948 947 947 937 937 943 943 959 959 958 958 955 955 941 941 961 961 962 962 953 953 963 963 943 943 942 942 960 960 953 953 956 956 963 963 964 964 941 941 965 965 965 965 966 966 967 967 966 966 965 965 941 941 968 968 966 966 953 953 941 941 964 964 969 969 966 966 968 968 970 970 966 966 970 970 967 967 971 971 972 972 953 953 973 973 953 953 966 966 953 953 973 973 971 971 974 974 975 975 976 976 977 977 978 978 979 979 980 980 978 978 981 981 982 982 983 983 984 984 985 985 986 986 987 987 976 976 975 975 988 988 881 881 864 864 906 906 989 989 864 864 882 882 899 899 869 869 908 908 869 869 990 990 991 991 872 872 950 950 992 992 878 878 993 993 879 879 878 878 994 994 993 993 906 906 995 995 916 916 904 904 996 996 997 997 869 869 998 998 907 907 990 990 869 869 900 900 999 999 869 869 991 991 1000 1000 1001 1001 950 950 1002 1002 872 872 992 992 864 864 995 995 906 906 994 994 878 878 902 902 884 884 888 888 894 894 978 978 980 980 979 979 1003 1003 983 983 1004 1004 984 984 983 983 1005 1005 1006 1006 983 983 1007 1007 1008 1008 1009 1009 1010 1010 986 986 1010 1010 1009 1009 975 975 974 974 1011 1011 983 983 1003 1003 978 978 983 983 1006 1006 1005 1005 986 986 985 985 1010 1010 988 988 975 975 1012 1012 983 983 1013 1013 1007 1007 983 983 982 982 1004 1004 975 975 1011 1011 1009 1009 978 978 977 977 983 983 1014 1014 1015 1015 1016 1016 1012 1012 975 975 1014 1014 1017 1017 953 953 1018 1018 1018 1018 972 972 1019 1019 1013 1013 983 983 1020 1020 1021 1021 943 943 1022 1022 1009 1009 1008 1008 975 975 972 972 1018 1018 953 953 953 953 1017 1017 1023 1023 1013 1013 1024 1024 1025 1025 1022 1022 943 943 1026 1026 1016 1016 1015 1015 1027 1027 1028 1028 953 953 1023 1023 1019 1019 972 972 1029 1029 1025 1025 1024 1024 1030 1030 943 943 1021 1021 1031 1031 1032 1032 943 943 1033 1033 1034 1034 943 943 953 953 1015 1015 1014 1014 975 975 1035 1035 972 972 1031 1031 1013 1013 1020 1020 1024 1024 1036 1036 1031 1031 1037 1037 1031 1031 1021 1021 1038 1038 1033 1033 943 943 1039 1039 905 905 904 904 997 997 1027 1027 1040 1040 1041 1041 953 953 1028 1028 1042 1042 1043 1043 972 972 1044 1044 972 972 1035 1035 1045 1045 1046 1046 1031 1031 1047 1047 1048 1048 1031 1031 1049 1049 1030 1030 1048 1048 1050 1050 1051 1051 1048 1048 1049 1049 1052 1052 1031 1031 1053 1053 1031 1031 1038 1038 1037 1037 943 943 1054 1054 1039 1039 1055 1055 1041 1041 1056 1056 873 873 872 872 1002 1002 1057 1057 953 953 1058 1058 972 972 1043 1043 1029 1029 972 972 1045 1045 1059 1059 1031 1031 1048 1048 1047 1047 1048 1048 1051 1051 1050 1050 1053 1053 1031 1031 1060 1060 943 943 1032 1032 1026 1026 1041 1041 1040 1040 1056 1056 953 953 1057 1057 1061 1061 1062 1062 953 953 1063 1063 972 972 1059 1059 1044 1044 1030 1030 1024 1024 1048 1048 1031 1031 1036 1036 1060 1060 1064 1064 953 953 1061 1061 1061 1061 1057 1057 1041 1041 953 953 1042 1042 1063 1063 1031 1031 1052 1052 1049 1049 1041 1041 1055 1055 1061 1061 1065 1065 953 953 1066 1066 1031 1031 1046 1046 1035 1035 953 953 1065 1065 1058 1058 1031 1031 1067 1067 943 943 953 953 1064 1064 1034 1034 1068 1068 1069 1069 1067 1067 953 953 1062 1062 1066 1066 1067 1067 1031 1031 1068 1068 1069 1069 1068 1068 1070 1070 972 972 971 971 1071 1071 941 941 969 969 961 961 953 953 962 962 968 968 935 935 934 934 1072 1072 932 932 931 931 934 934 921 921 918 918 928 928 929 929 911 911 1073 1073 870 870 869 869 919 919 897 897 1074 1074 1075 1075 1076 1076 1077 1077 1078 1078 1079 1079 1070 1070 1080 1080 864 864 1081 1081 1082 1082 1083 1083 895 895 924 924 933 933 1084 1084 1083 1083 895 895 1085 1085 1086 1086 1084 1084 1087 1087 1088 1088 1089 1089 864 864 898 898 1090 1090 996 996 904 904 871 871 989 989 1091 1091 871 871 1092 1092 1093 1093 1094 1094 950 950 949 949 995 995 864 864 1089 1089 1095 1095 1096 1096 1097 1097 989 989 871 871 864 864 1092 1092 871 871 1098 1098 1099 1099 871 871 1093 1093 1000 1000 950 950 1094 1094 1097 1097 1100 1100 1101 1101 1102 1102 996 996 1090 1090 869 869 1103 1103 998 998 1104 1104 1105 1105 1106 1106 1107 1107 1097 1097 1102 1102 1097 1097 1108 1108 1095 1095 871 871 1109 1109 1103 1103 1000 1000 1106 1106 1001 1001 1110 1110 1097 1097 1107 1107 1108 1108 1097 1097 1101 1101 1095 1095 1111 1111 1112 1112 1109 1109 871 871 1099 1099 1103 1103 869 869 871 871 1106 1106 1000 1000 1113 1113 1104 1104 1106 1106 1113 1113 1114 1114 1097 1097 1110 1110 1111 1111 1095 1095 1115 1115 1096 1096 1095 1095 1112 1112 1116 1116 1117 1117 1105 1105 1100 1100 1097 1097 1114 1114 1105 1105 1118 1118 1116 1116 1105 1105 1119 1119 1118 1118 1116 1116 1120 1120 1121 1121 1119 1119 1105 1105 1104 1104 1122 1122 1116 1116 1123 1123 1124 1124 1116 1116 1121 1121 1120 1120 1116 1116 1122 1122 1117 1117 1116 1116 1124 1124 864 864 1125 1125 1074 1074 1125 1125 864 864 1126 1126 1074 1074 897 897 864 864 1069 1069 1078 1078 1077 1077 1078 1078 1069 1069 1079 1079 1126 1126 1082 1082 1127 1127 1082 1082 1126 1126 864 864 1076 1076 1128 1128 1129 1129 1126 1126 1130 1130 1131 1131 1077 1077 1076 1076 1129 1129 1130 1130 1126 1126 1127 1127 1076 1076 1131 1131 1128 1128 1131 1131 1076 1076 1126 1126 1070 1070 1079 1079 1069 1069 1069 1069 1132 1132 1133 1133 1134 1134 1069 1069 1077 1077 864 864 1135 1135 1136 1136 1132 1132 1069 1069 1134 1134 1067 1067 1137 1137 1138 1138 864 864 1139 1139 1081 1081 1067 1067 1140 1140 1141 1141 871 871 1142 1142 1143 1143 1139 1139 864 864 1136 1136 1067 1067 1133 1133 1140 1140 1137 1137 1067 1067 1141 1141 1067 1067 1144 1144 871 871 871 871 1145 1145 1146 1146 1133 1133 1067 1067 1069 1069 1147 1147 1067 1067 1138 1138 1142 1142 871 871 1144 1144 1145 1145 871 871 1143 1143 1135 1135 871 871 1146 1146 1144 1144 1067 1067 1147 1147 1135 1135 864 864 871 871 895 895 1083 1083 1084 1084 1084 1084 933 933 932 932 1148 1148 1149 1149 1150 1150 1151 1151 1152 1152 1153 1153 895 895 1154 1154 1155 1155 1148 1148 1156 1156 1157 1157 1148 1148 1158 1158 1159 1159 895 895 1160 1160 1085 1085 1154 1154 895 895 1086 1086 1153 1153 1161 1161 1151 1151 884 884 1162 1162 1163 1163 1149 1149 1148 1148 1157 1157 1148 1148 1164 1164 1165 1165 1084 1084 1166 1166 1167 1167 1148 1148 1166 1166 1084 1084 895 895 1168 1168 1169 1169 895 895 1161 1161 1153 1153 1170 1170 1171 1171 1172 1172 884 884 1173 1173 1174 1174 1148 1148 1175 1175 1176 1176 1164 1164 1148 1148 1150 1150 1177 1177 1178 1178 1179 1179 1166 1166 1148 1148 1159 1159 1084 1084 1180 1180 1181 1181 1182 1182 895 895 1169 1169 1161 1161 895 895 1155 1155 1170 1170 1172 1172 1151 1151 1152 1152 1151 1151 1172 1172 884 884 1183 1183 1173 1173 1184 1184 884 884 1174 1174 1148 1148 1185 1185 1175 1175 1156 1156 1148 1148 1176 1176 1186 1186 1179 1179 1165 1165 1165 1165 1158 1158 1148 1148 1180 1180 1084 1084 1167 1167 1160 1160 895 895 1182 1182 1170 1170 1187 1187 1171 1171 895 895 1188 1188 1183 1183 1162 1162 884 884 1184 1184 884 884 1185 1185 1148 1148 1179 1179 1189 1189 1190 1190 1191 1191 1165 1165 1179 1179 1084 1084 1192 1192 1193 1193 1084 1084 1194 1194 1192 1192 895 895 1195 1195 1168 1168 1187 1187 1196 1196 1197 1197 1188 1188 895 895 1153 1153 1183 1183 884 884 895 895 1198 1198 884 884 1163 1163 996 996 1102 1102 1097 1097 923 923 924 924 927 927 920 920 924 924 895 895 921 921 923 923 925 925 924 924 920 920 926 926 871 871 1091 1091 1098 1098 943 943 1034 1034 1054 1054 872 872 869 869 999 999 1199 1199 1200 1200 1201 1201 1202 1202 1200 1200 1203 1203 1204 1204 1200 1200 1205 1205 1206 1206 1207 1207 1208 1208 1209 1209 1207 1207 1210 1210 1211 1211 1207 1207 1212 1212 1213 1213 1212 1212 1207 1207 1214 1214 1200 1200 1215 1215 1200 1200 1199 1199 1216 1216 1200 1200 1204 1204 1203 1203 1207 1207 1209 1209 1208 1208 1217 1217 1207 1207 1218 1218 1212 1212 1213 1213 1219 1219 1200 1200 1214 1214 1220 1220 1200 1200 1202 1202 1201 1201 1207 1207 1206 1206 1221 1221 1207 1207 1211 1211 1218 1218 1200 1200 1216 1216 1215 1215 1207 1207 1217 1217 1210 1210 1222 1222 1223 1223 1207 1207 1224 1224 1148 1148 1225 1225 1226 1226 1227 1227 1228 1228 1200 1200 1229 1229 1226 1226 1223 1223 1222 1222 1230 1230 1148 1148 1224 1224 935 935 935 935 1224 1224 1231 1231 1232 1232 1148 1148 1233 1233 1200 1200 1220 1220 1229 1229 1234 1234 932 932 1235 1235 1207 1207 1221 1221 1222 1222 1236 1236 1148 1148 1237 1237 1148 1148 1232 1232 1238 1238 1228 1228 1227 1227 1239 1239 932 932 1234 1234 1084 1084 1084 1084 1234 1234 1240 1240 1223 1223 1241 1241 1242 1242 1243 1243 1241 1241 1244 1244 1245 1245 935 935 1246 1246 935 935 1231 1231 1247 1247 1148 1148 1236 1236 1248 1248 1148 1148 1248 1248 1225 1225 1148 1148 1238 1238 1249 1249 1227 1227 1226 1226 1229 1229 1250 1250 1148 1148 1251 1251 1252 1252 1084 1084 1253 1253 1254 1254 932 932 1255 1255 1256 1256 932 932 1257 1257 1258 1258 1257 1257 1241 1241 1241 1241 1243 1243 1242 1242 935 935 1247 1247 1246 1246 1148 1148 1249 1249 1237 1237 1259 1259 1239 1239 1260 1260 1239 1239 1227 1227 1261 1261 1148 1148 1250 1250 1233 1233 1233 1233 1250 1250 1262 1262 1084 1084 1240 1240 1253 1253 1255 1255 932 932 1263 1263 1257 1257 1258 1258 1256 1256 1244 1244 1241 1241 1257 1257 1264 1264 935 935 1265 1265 1239 1239 1261 1261 1260 1260 1266 1266 1084 1084 1267 1267 932 932 1254 1254 1235 1235 1268 1268 932 932 1269 1269 1223 1223 1230 1230 1241 1241 1270 1270 932 932 935 935 935 935 1245 1245 1265 1265 1233 1233 1262 1262 1239 1239 1088 1088 1148 1148 1084 1084 1084 1084 1252 1252 1267 1267 1271 1271 932 932 1272 1272 932 932 1256 1256 1269 1269 932 932 1270 1270 1273 1273 1239 1239 1259 1259 1233 1233 1148 1148 1088 1088 1274 1274 932 932 1271 1271 1263 1263 932 932 1273 1273 1257 1257 1148 1148 1274 1274 1251 1251 1084 1084 1266 1266 1087 1087 935 935 1264 1264 1270 1270 932 932 1268 1268 1272 1272 1275 1275 1276 1276 1277 1277 1278 1278 1279 1279 1280 1280 1281 1281 1279 1279 1282 1282 1283 1283 1284 1284 1285 1285 1286 1286 1284 1284 1287 1287 1288 1288 1284 1284 1289 1289 1290 1290 1282 1282 1279 1279 1279 1279 1278 1278 1276 1276 1279 1279 1281 1281 1291 1291 1284 1284 1286 1286 1285 1285 1292 1292 1284 1284 1293 1293 1294 1294 1284 1284 1295 1295 1289 1289 1284 1284 1296 1296 1282 1282 1290 1290 1297 1297 1279 1279 1291 1291 1280 1280 1284 1284 1292 1292 1287 1287 1284 1284 1288 1288 1295 1295 1276 1276 1275 1275 1279 1279 1284 1284 1294 1294 1293 1293 1284 1284 1177 1177 1296 1296 1196 1196 1187 1187 1298 1298 1282 1282 1197 1197 1196 1196 1299 1299 1084 1084 1193 1193 1177 1177 1284 1284 1178 1178 1282 1282 1297 1297 1197 1197 1084 1084 1299 1299 895 895 895 895 1299 1299 1195 1195 1284 1284 1283 1283 1300 1300 1185 1185 884 884 1198 1198 1298 1298 1187 1187 1170 1170 1194 1194 1084 1084 1181 1181 1158 1158 1165 1165 1191 1191 1177 1177 1179 1179 1190 1190 911 911 929 929 918 918 1189 1189 1179 1179 1186 1186 1027 1027 1015 1015 1040 1040 1301 1301 1302 1302 1303 1303 1302 1302 1301 1301 1304 1304 1305 1305 1306 1306 1307 1307 1306 1306 1305 1305 1308 1308 1309 1309 1310 1310 1311 1311 1310 1310 1309 1309 1312 1312 1313 1313 1309 1309 1314 1314 1309 1309 1313 1313 1312 1312 1315 1315 1316 1316 1317 1317 1316 1316 1318 1318 1317 1317 1316 1316 1315 1315 1319 1319 1317 1317 1320 1320 1315 1315 1318 1318 1316 1316 1321 1321 1320 1320 1317 1317 1322 1322 1323 1323 1324 1324 1325 1325 1326 1326 1324 1324 1327 1327 1328 1328 1329 1329 1330 1330 1328 1328 1331 1331 1332 1332 1333 1333 1334 1334 1335 1335 1336 1336 1337 1337 1338 1338 1339 1339 1336 1336 1340 1340 1328 1328 1341 1341 1336 1336 1342 1342 1328 1328 1343 1343 1344 1344 1328 1328 1345 1345 1341 1341 1328 1328 1346 1346 1337 1337 1336 1336 1347 1347 1331 1331 1328 1328 1348 1348 1329 1329 1328 1328 1349 1349 1350 1350 1336 1336 1338 1338 1351 1351 1352 1352 1353 1353 1335 1335 1354 1354 1333 1333 1351 1351 1355 1355 1356 1356 1357 1357 1358 1358 1359 1359 1351 1351 1360 1360 1352 1352 1355 1355 1351 1351 1353 1353 1361 1361 1362 1362 1363 1363 1351 1351 1362 1362 1361 1361 1364 1364 1365 1365 1359 1359 1366 1366 1335 1335 1357 1357 1360 1360 1351 1351 1358 1358 1362 1362 1351 1351 1356 1356 1336 1336 1350 1350 1333 1333 1358 1358 1357 1357 1335 1335 1367 1367 1324 1324 1368 1368 1364 1364 1359 1359 1351 1351 1369 1369 1335 1335 1366 1366 1370 1370 1335 1335 1371 1371 1364 1364 1372 1372 1373 1373 1354 1354 1335 1335 1370 1370 1372 1372 1364 1364 1374 1374 1375 1375 1327 1327 1376 1376 1324 1324 1367 1367 1377 1377 1324 1324 1326 1326 1325 1325 1328 1328 1332 1332 1349 1349 1333 1333 1350 1350 1378 1378 1336 1336 1341 1341 1340 1340 1328 1328 1344 1344 1343 1343 1379 1379 1328 1328 1363 1363 1376 1376 1327 1327 1324 1324 1324 1324 1323 1323 1368 1368 1348 1348 1328 1328 1380 1380 1336 1336 1339 1339 1347 1347 1328 1328 1379 1379 1345 1345 1381 1381 1382 1382 1336 1336 1383 1383 1327 1327 1384 1384 1324 1324 1385 1385 1386 1386 1328 1328 1361 1361 1363 1363 1328 1328 1342 1342 1346 1346 1382 1382 1381 1381 1383 1383 1327 1327 1375 1375 1384 1384 1327 1327 1383 1383 1381 1381 1381 1381 1336 1336 1333 1333 1328 1328 1330 1330 1361 1361 1335 1335 1369 1369 1371 1371 1385 1385 1324 1324 1377 1377 1334 1334 1333 1333 1378 1378 1351 1351 1359 1359 1358 1358 1365 1365 1364 1364 1373 1373 1387 1387 1388 1388 1389 1389 1388 1388 1387 1387 1390 1390 1391 1391 1392 1392 1393 1393 1392 1392 1391 1391 1394 1394 1395 1395 1396 1396 1397 1397 1396 1396 1395 1395 1398 1398 1399 1399 1395 1395 1400 1400 1395 1395 1399 1399 1398 1398 1401 1401 1402 1402 1403 1403 1404 1404 1402 1402 1405 1405 1406 1406 1402 1402 1407 1407 1403 1403 1402 1402 1408 1408 1402 1402 1406 1406 1405 1405 1402 1402 1404 1404 1408 1408 1407 1407 1409 1409 1410 1410 1411 1411 1412 1412 1402 1402 1413 1413 1402 1402 1414 1414 1409 1409 1407 1407 1402 1402 1402 1402 1413 1413 1411 1411 1412 1412 1411 1411 1415 1415 1402 1402 1416 1416 1414 1414 1416 1416 1402 1402 1401 1401 1417 1417 1418 1418 1419 1419 1420 1420 1421 1421 1422 1422 1421 1421 1420 1420 1419 1419 1419 1419 1423 1423 1417 1417 1423 1423 1419 1419 1420 1420 1418 1418 1417 1417 1424 1424 1425 1425 1426 1426 1427 1427 1426 1426 1425 1425 1428 1428 1427 1427 1429 1429 1430 1430 1431 1431 1432 1432 1428 1428 1433 1433 1434 1434 1435 1435 1434 1434 1433 1433 1436 1436 1432 1432 1431 1431 1436 1436 1431 1431 1428 1428 1425 1425 1432 1432 1436 1436 1433 1433 1429 1429 1427 1427 1426 1426 1437 1437 1438 1438 1439 1439 1438 1438 1437 1437 1440 1440 1441 1441 1442 1442 1443 1443 1442 1442 1441 1441 1444 1444 1445 1445 1446 1446 1447 1447 1448 1448 1449 1449 1446 1446 1450 1450 1451 1451 1452 1452 1446 1446 1445 1445 1448 1448 1453 1453 1454 1454 1451 1451 1454 1454 1449 1449 1448 1448 1449 1449 1454 1454 1453 1453 1452 1452 1455 1455 1450 1450 1451 1451 1450 1450 1453 1453 1455 1455 1452 1452 1456 1456 1457 1457 1458 1458 1459 1459 1460 1460 1458 1458 1457 1457 1461 1461 1459 1459 1462 1462 1458 1458 1460 1460 1463 1463 1459 1459 1461 1461 1457 1457 1464 1464 1465 1465 1466 1466 1467 1467 1468 1468 1464 1464 1469 1469 1470 1470 1467 1467 1470 1470 1469 1469 1471 1471 1468 1468 1467 1467 1470 1470 1465 1465 1464 1464 1468 1468 1472 1472 1473 1473 1474 1474 1473 1473 1472 1472 1475 1475 1476 1476 1477 1477 1478 1478 1477 1477 1476 1476 1479 1479 1480 1480 1481 1481 1482 1482 1481 1481 1480 1480 1483 1483 1484 1484 1485 1485 1486 1486 1485 1485 1484 1484 1487 1487 1488 1488 1489 1489 1490 1490 1489 1489 1488 1488 1491 1491 1492 1492 1493 1493 1494 1494 1493 1493 1492 1492 1495 1495 1496 1496 1497 1497 1498 1498 1497 1497 1496 1496 1499 1499 1500 1500 1501 1501 1502 1502 1501 1501 1500 1500 1503 1503 1504 1504 1505 1505 1506 1506 1505 1505 1504 1504 1507 1507 1508 1508 1509 1509 1510 1510 1509 1509 1508 1508 1511 1511 1512 1512 1513 1513 1514 1514 1515 1515 1516 1516 1517 1517 1518 1518 1519 1519 1520 1520 1513 1513 1512 1512 1521 1521 1519 1519 1514 1514 1520 1520 1516 1516 1515 1515 1522 1522 1519 1519 1518 1518 1523 1523 1514 1514 1519 1519 1512 1512 1515 1515 1517 1517 1524 1524 1513 1513 1516 1516 1522 1522 1516 1516 1513 1513 1521 1521 1525 1525 1526 1526 1527 1527 1528 1528 1529 1529 1526 1526 1529 1529 1528 1528 1530 1530 1526 1526 1525 1525 1528 1528 1531 1531 1532 1532 1533 1533 1532 1532 1531 1531 1534 1534 1535 1535 1533 1533 1532 1532 1533 1533 1535 1535 1536 1536 1537 1537 1538 1538 1539 1539 1540 1540 1537 1537 1539 1539 1541 1541 1542 1542 1543 1543 1542 1542 1544 1544 1545 1545 1537 1537 1540 1540 1546 1546 1544 1544 1542 1542 1547 1547 1538 1538 1537 1537 1548 1548 1546 1546 1541 1541 1543 1543 1542 1542 1541 1541 1547 1547 1541 1541 1546 1546 1540 1540 1549 1549 1550 1550 1551 1551 1550 1550 1549 1549 1552 1552 1553 1553 1554 1554 1555 1555 1556 1556 1557 1557 1554 1554 1554 1554 1553 1553 1556 1556 1557 1557 1556 1556 1558 1558 1559 1559 1560 1560 1561 1561 1562 1562 1563 1563 1564 1564 1560 1560 1559 1559 1565 1565 1560 1560 1566 1566 1561 1561 1566 1566 1560 1560 1563 1563 1567 1567 1562 1562 1564 1564 1567 1567 1568 1568 1569 1569 1563 1563 1562 1562 1566 1566 1562 1562 1567 1567 1569 1569 1568 1568 1567 1567 1570 1570 1571 1571 1572 1572 1573 1573 1572 1572 1571 1571 1574 1574 1575 1575 1574 1574 1576 1576 1574 1574 1575 1575 1572 1572 1577 1577 1578 1578 1579 1579 1578 1578 1577 1577 1580 1580 1581 1581 1580 1580 1577 1577 1580 1580 1581 1581 1582 1582 1583 1583 1584 1584 1585 1585 1586 1586 1583 1583 1587 1587 1584 1584 1586 1586 1588 1588 1584 1584 1583 1583 1586 1586 1589 1589 1590 1590 1591 1591 1590 1590 1589 1589 1592 1592 1593 1593 1594 1594 1595 1595 1596 1596 1594 1594 1593 1593 1596 1596 1593 1593 1597 1597 1594 1594 1596 1596 1598 1598 1599 1599 1600 1600 1601 1601 1602 1602 1603 1603 1604 1604 1600 1600 1599 1599 1603 1603 1600 1600 1603 1603 1602 1602 1605 1605 1606 1606 1607 1607 1606 1606 1605 1605 1608 1608 1609 1609 1610 1610 1611 1611 1612 1612 1613 1613 1614 1614 1613 1613 1612 1612 1609 1609 1610 1610 1609 1609 1612 1612 1615 1615 1616 1616 1617 1617 1615 1615 1618 1618 1616 1616 1618 1618 1615 1615 1619 1619 1620 1620 1621 1621 1622 1622 1621 1621 1620 1620 1623 1623 1624 1624 1625 1625 1626 1626 1625 1625 1624 1624 1627 1627 1626 1626 1625 1625 1628 1628 1629 1629 1630 1630 1631 1631 1630 1630 1632 1632 1633 1633 1632 1632 1630 1630 1629 1629 1633 1633 1632 1632 1634 1634 1635 1635 1636 1636 1637 1637 1636 1636 1635 1635 1638 1638 1639 1639 1640 1640 1641 1641 1639 1639 1642 1642 1640 1640 1642 1642 1643 1643 1644 1644 1642 1642 1639 1639 1643 1643 1645 1645 1646 1646 1647 1647 1648 1648 1649 1649 1650 1650 1650 1650 1646 1646 1651 1651 1646 1646 1645 1645 1651 1651 1649 1649 1648 1648 1652 1652 1646 1646 1650 1650 1649 1649 1653 1653 1654 1654 1655 1655 1656 1656 1657 1657 1653 1653 1658 1658 1659 1659 1660 1660 1654 1654 1653 1653 1657 1657 1661 1661 1655 1655 1654 1654 1659 1659 1658 1658 1661 1661 1662 1662 1660 1660 1659 1659 1660 1660 1662 1662 1663 1663 1655 1655 1661 1661 1658 1658 1657 1657 1656 1656 1664 1664 1665 1665 1666 1666 1667 1667 1668 1668 1669 1669 1665 1665 1669 1669 1668 1668 1670 1670 1666 1666 1665 1665 1669 1669 1671 1671 1667 1667 1666 1666 1672 1672 1673 1673 1671 1671 1674 1674 1675 1675 1672 1672 1675 1675 1674 1674 1676 1676 1667 1667 1671 1671 1673 1673 1673 1673 1672 1672 1675 1675 1677 1677 1678 1678 1679 1679 1678 1678 1677 1677 1680 1680 1681 1681 1682 1682 1683 1683 1684 1684 1685 1685 1686 1686 1684 1684 1687 1687 1688 1688 1685 1685 1684 1684 1689 1689 1690 1690 1684 1684 1686 1686 1684 1684 1688 1688 1691 1691 1689 1689 1681 1681 1685 1685 1681 1681 1692 1692 1682 1682 1687 1687 1684 1684 1690 1690 1692 1692 1681 1681 1689 1689 1693 1693 1694 1694 1695 1695 1696 1696 1697 1697 1698 1698 1699 1699 1696 1696 1698 1698 1694 1694 1700 1700 1701 1701 1699 1699 1702 1702 1696 1696 1697 1697 1696 1696 1694 1694 1700 1700 1694 1694 1693 1693 1702 1702 1699 1699 1703 1703 1703 1703 1699 1699 1704 1704 1694 1694 1701 1701 1697 1697 1705 1705 1706 1706 1707 1707 1708 1708 1709 1709 1706 1706 1710 1710 1711 1711 1709 1709 1712 1712 1713 1713 1711 1711 1714 1714 1715 1715 1713 1713 1716 1716 1717 1717 1715 1715 1718 1718 1719 1719 1717 1717 1720 1720 1721 1721 1719 1719 1722 1722 1723 1723 1721 1721 1724 1724 1725 1725 1723 1723 1726 1726 1727 1727 1725 1725 1728 1728 1729 1729 1727 1727 1729 1729 1728 1728 1730 1730 1727 1727 1726 1726 1728 1728 1725 1725 1724 1724 1726 1726 1723 1723 1722 1722 1724 1724 1721 1721 1720 1720 1722 1722 1719 1719 1718 1718 1720 1720 1717 1717 1716 1716 1718 1718 1715 1715 1714 1714 1716 1716 1713 1713 1712 1712 1714 1714 1711 1711 1710 1710 1712 1712 1709 1709 1708 1708 1710 1710 1706 1706 1705 1705 1708 1708 1731 1731 1732 1732 1733 1733 1732 1732 1731 1731 1734 1734 1735 1735 1736 1736 1737 1737 1738 1738 1739 1739 1735 1735 1740 1740 1741 1741 1738 1738 1742 1742 1743 1743 1740 1740 1744 1744 1745 1745 1742 1742 1746 1746 1747 1747 1744 1744 1748 1748 1749 1749 1746 1746 1750 1750 1751 1751 1748 1748 1752 1752 1753 1753 1750 1750 1754 1754 1755 1755 1752 1752 1756 1756 1757 1757 1754 1754 1758 1758 1759 1759 1756 1756 1759 1759 1758 1758 1760 1760 1757 1757 1756 1756 1759 1759 1755 1755 1754 1754 1757 1757 1753 1753 1752 1752 1755 1755 1751 1751 1750 1750 1753 1753 1749 1749 1748 1748 1751 1751 1747 1747 1746 1746 1749 1749 1745 1745 1744 1744 1747 1747 1743 1743 1742 1742 1745 1745 1741 1741 1740 1740 1743 1743 1739 1739 1738 1738 1741 1741 1736 1736 1735 1735 1739 1739 1761 1761 1762 1762 1763 1763 1762 1762 1761 1761 1764 1764 1765 1765 1766 1766 1767 1767 1768 1768 1769 1769 1766 1766 1770 1770 1771 1771 1769 1769 1772 1772 1773 1773 1771 1771 1774 1774 1775 1775 1773 1773 1776 1776 1777 1777 1775 1775 1778 1778 1779 1779 1777 1777 1780 1780 1781 1781 1779 1779 1782 1782 1783 1783 1781 1781 1784 1784 1785 1785 1783 1783 1786 1786 1787 1787 1785 1785 1788 1788 1789 1789 1787 1787 1789 1789 1788 1788 1790 1790 1787 1787 1786 1786 1788 1788 1785 1785 1784 1784 1786 1786 1783 1783 1782 1782 1784 1784 1781 1781 1780 1780 1782 1782 1779 1779 1778 1778 1780 1780 1777 1777 1776 1776 1778 1778 1775 1775 1774 1774 1776 1776 1773 1773 1772 1772 1774 1774 1771 1771 1770 1770 1772 1772 1769 1769 1768 1768 1770 1770 1766 1766 1765 1765 1768 1768 1791 1791 1792 1792 1793 1793 1792 1792 1791 1791 1794 1794 1795 1795 1796 1796 1797 1797 1798 1798 1799 1799 1796 1796 1800 1800 1801 1801 1799 1799 1802 1802 1803 1803 1801 1801 1804 1804 1805 1805 1803 1803 1806 1806 1807 1807 1805 1805 1808 1808 1809 1809 1807 1807 1810 1810 1811 1811 1809 1809 1812 1812 1813 1813 1811 1811 1814 1814 1815 1815 1813 1813 1816 1816 1817 1817 1815 1815 1818 1818 1819 1819 1817 1817 1819 1819 1818 1818 1820 1820 1817 1817 1816 1816 1818 1818 1815 1815 1814 1814 1816 1816 1813 1813 1812 1812 1814 1814 1811 1811 1810 1810 1812 1812 1809 1809 1808 1808 1810 1810 1807 1807 1806 1806 1808 1808 1805 1805 1804 1804 1806 1806 1803 1803 1802 1802 1804 1804 1801 1801 1800 1800 1802 1802 1799 1799 1798 1798 1800 1800 1796 1796 1795 1795 1798 1798 1821 1821 1822 1822 1823 1823 1822 1822 1821 1821 1824 1824 1825 1825 1826 1826 1827 1827 1828 1828 1829 1829 1825 1825 1830 1830 1831 1831 1828 1828 1832 1832 1833 1833 1830 1830 1834 1834 1835 1835 1832 1832 1836 1836 1837 1837 1834 1834 1838 1838 1839 1839 1836 1836 1840 1840 1841 1841 1838 1838 1842 1842 1843 1843 1840 1840 1844 1844 1845 1845 1842 1842 1846 1846 1847 1847 1844 1844 1848 1848 1849 1849 1846 1846 1849 1849 1848 1848 1850 1850 1847 1847 1846 1846 1849 1849 1845 1845 1844 1844 1847 1847 1843 1843 1842 1842 1845 1845 1841 1841 1840 1840 1843 1843 1839 1839 1838 1838 1841 1841 1837 1837 1836 1836 1839 1839 1835 1835 1834 1834 1837 1837 1833 1833 1832 1832 1835 1835 1831 1831 1830 1830 1833 1833 1829 1829 1828 1828 1831 1831 1826 1826 1825 1825 1829 1829 1851 1851 1852 1852 1853 1853 1852 1852 1851 1851 1854 1854 1855 1855 1856 1856 1857 1857 1858 1858 1859 1859 1856 1856 1860 1860 1861 1861 1859 1859 1862 1862 1863 1863 1861 1861 1864 1864 1865 1865 1863 1863 1866 1866 1867 1867 1865 1865 1868 1868 1869 1869 1867 1867 1870 1870 1871 1871 1869 1869 1872 1872 1873 1873 1871 1871 1874 1874 1875 1875 1873 1873 1876 1876 1877 1877 1875 1875 1878 1878 1879 1879 1877 1877 1879 1879 1878 1878 1880 1880 1877 1877 1876 1876 1878 1878 1875 1875 1874 1874 1876 1876 1873 1873 1872 1872 1874 1874 1871 1871 1870 1870 1872 1872 1869 1869 1868 1868 1870 1870 1867 1867 1866 1866 1868 1868 1865 1865 1864 1864 1866 1866 1863 1863 1862 1862 1864 1864 1861 1861 1860 1860 1862 1862 1859 1859 1858 1858 1860 1860 1856 1856 1855 1855 1858 1858 1881 1881 1882 1882 1883 1883 1882 1882 1881 1881 1884 1884 1885 1885 1886 1886 1887 1887 1888 1888 1889 1889 1886 1886 1890 1890 1891 1891 1889 1889 1892 1892 1893 1893 1891 1891 1894 1894 1895 1895 1893 1893 1896 1896 1897 1897 1895 1895 1898 1898 1899 1899 1897 1897 1900 1900 1901 1901 1899 1899 1902 1902 1903 1903 1901 1901 1904 1904 1905 1905 1903 1903 1906 1906 1907 1907 1905 1905 1908 1908 1909 1909 1907 1907 1909 1909 1908 1908 1910 1910 1907 1907 1906 1906 1908 1908 1905 1905 1904 1904 1906 1906 1903 1903 1902 1902 1904 1904 1901 1901 1900 1900 1902 1902 1899 1899 1898 1898 1900 1900 1897 1897 1896 1896 1898 1898 1895 1895 1894 1894 1896 1896 1893 1893 1892 1892 1894 1894 1891 1891 1890 1890 1892 1892 1889 1889 1888 1888 1890 1890 1886 1886 1885 1885 1888 1888 1911 1911 1912 1912 1913 1913 1912 1912 1911 1911 1914 1914 1915 1915 1916 1916 1917 1917 1918 1918 1919 1919 1915 1915 1920 1920 1921 1921 1918 1918 1922 1922 1923 1923 1920 1920 1924 1924 1925 1925 1922 1922 1926 1926 1927 1927 1924 1924 1928 1928 1929 1929 1926 1926 1930 1930 1931 1931 1928 1928 1932 1932 1933 1933 1930 1930 1934 1934 1935 1935 1932 1932 1936 1936 1937 1937 1934 1934 1938 1938 1939 1939 1936 1936 1939 1939 1938 1938 1940 1940 1937 1937 1936 1936 1939 1939 1935 1935 1934 1934 1937 1937 1933 1933 1932 1932 1935 1935 1931 1931 1930 1930 1933 1933 1929 1929 1928 1928 1931 1931 1927 1927 1926 1926 1929 1929 1925 1925 1924 1924 1927 1927 1923 1923 1922 1922 1925 1925 1921 1921 1920 1920 1923 1923 1919 1919 1918 1918 1921 1921 1916 1916 1915 1915 1919 1919 1941 1941 1942 1942 1943 1943 1942 1942 1941 1941 1944 1944 1945 1945 1946 1946 1947 1947 1948 1948 1949 1949 1946 1946 1950 1950 1951 1951 1949 1949 1952 1952 1953 1953 1951 1951 1954 1954 1955 1955 1953 1953 1956 1956 1957 1957 1955 1955 1958 1958 1959 1959 1957 1957 1960 1960 1961 1961 1959 1959 1962 1962 1963 1963 1961 1961 1964 1964 1965 1965 1963 1963 1966 1966 1967 1967 1965 1965 1968 1968 1969 1969 1967 1967 1969 1969 1968 1968 1970 1970 1967 1967 1966 1966 1968 1968 1965 1965 1964 1964 1966 1966 1963 1963 1962 1962 1964 1964 1961 1961 1960 1960 1962 1962 1959 1959 1958 1958 1960 1960 1957 1957 1956 1956 1958 1958 1955 1955 1954 1954 1956 1956 1953 1953 1952 1952 1954 1954 1951 1951 1950 1950 1952 1952 1949 1949 1948 1948 1950 1950 1946 1946 1945 1945 1948 1948 1971 1971 1972 1972 1973 1973 1972 1972 1971 1971 1974 1974 1975 1975 1976 1976 1977 1977 1978 1978 1979 1979 1976 1976 1980 1980 1981 1981 1979 1979 1982 1982 1983 1983 1981 1981 1984 1984 1985 1985 1983 1983 1986 1986 1987 1987 1985 1985 1988 1988 1989 1989 1987 1987 1990 1990 1991 1991 1989 1989 1992 1992 1993 1993 1991 1991 1994 1994 1995 1995 1993 1993 1996 1996 1997 1997 1995 1995 1998 1998 1999 1999 1997 1997 1999 1999 1998 1998 2000 2000 1997 1997 1996 1996 1998 1998 1995 1995 1994 1994 1996 1996 1993 1993 1992 1992 1994 1994 1991 1991 1990 1990 1992 1992 1989 1989 1988 1988 1990 1990 1987 1987 1986 1986 1988 1988 1985 1985 1984 1984 1986 1986 1983 1983 1982 1982 1984 1984 1981 1981 1980 1980 1982 1982 1979 1979 1978 1978 1980 1980 1976 1976 1975 1975 1978 1978 2001 2001 2002 2002 2003 2003 2002 2002 2001 2001 2004 2004 2005 2005 2006 2006 2007 2007 2008 2008 2009 2009 2005 2005 2010 2010 2011 2011 2008 2008 2012 2012 2013 2013 2010 2010 2014 2014 2015 2015 2012 2012 2016 2016 2017 2017 2014 2014 2018 2018 2019 2019 2016 2016 2020 2020 2021 2021 2018 2018 2022 2022 2023 2023 2020 2020 2024 2024 2025 2025 2022 2022 2026 2026 2027 2027 2024 2024 2028 2028 2029 2029 2026 2026 2029 2029 2028 2028 2030 2030 2027 2027 2026 2026 2029 2029 2025 2025 2024 2024 2027 2027 2023 2023 2022 2022 2025 2025 2021 2021 2020 2020 2023 2023 2019 2019 2018 2018 2021 2021 2017 2017 2016 2016 2019 2019 2015 2015 2014 2014 2017 2017 2013 2013 2012 2012 2015 2015 2011 2011 2010 2010 2013 2013 2009 2009 2008 2008 2011 2011 2006 2006 2005 2005 2009 2009 2031 2031 2032 2032 2033 2033 2032 2032 2031 2031 2034 2034 2035 2035 2036 2036 2037 2037 2038 2038 2039 2039 2036 2036 2040 2040 2041 2041 2039 2039 2042 2042 2043 2043 2041 2041 2044 2044 2045 2045 2043 2043 2046 2046 2047 2047 2045 2045 2048 2048 2049 2049 2047 2047 2050 2050 2051 2051 2049 2049 2052 2052 2053 2053 2051 2051 2054 2054 2055 2055 2053 2053 2056 2056 2057 2057 2055 2055 2058 2058 2059 2059 2057 2057 2059 2059 2058 2058 2060 2060 2057 2057 2056 2056 2058 2058 2055 2055 2054 2054 2056 2056 2053 2053 2052 2052 2054 2054 2051 2051 2050 2050 2052 2052 2049 2049 2048 2048 2050 2050 2047 2047 2046 2046 2048 2048 2045 2045 2044 2044 2046 2046 2043 2043 2042 2042 2044 2044 2041 2041 2040 2040 2042 2042 2039 2039 2038 2038 2040 2040 2036 2036 2035 2035 2038 2038 2061 2061 2062 2062 2063 2063 2062 2062 2061 2061 2064 2064 2065 2065 2066 2066 2067 2067 2068 2068 2069 2069 2066 2066 2070 2070 2071 2071 2069 2069 2072 2072 2073 2073 2071 2071 2074 2074 2075 2075 2073 2073 2076 2076 2077 2077 2075 2075 2078 2078 2079 2079 2077 2077 2080 2080 2081 2081 2079 2079 2082 2082 2083 2083 2081 2081 2084 2084 2085 2085 2083 2083 2086 2086 2087 2087 2085 2085 2088 2088 2089 2089 2087 2087 2089 2089 2088 2088 2090 2090 2087 2087 2086 2086 2088 2088 2085 2085 2084 2084 2086 2086 2083 2083 2082 2082 2084 2084 2081 2081 2080 2080 2082 2082 2079 2079 2078 2078 2080 2080 2077 2077 2076 2076 2078 2078 2075 2075 2074 2074 2076 2076 2073 2073 2072 2072 2074 2074 2071 2071 2070 2070 2072 2072 2069 2069 2068 2068 2070 2070 2066 2066 2065 2065 2068 2068 2091 2091 2092 2092 2093 2093 2092 2092 2091 2091 2094 2094 2095 2095 2096 2096 2097 2097 2098 2098 2099 2099 2095 2095 2100 2100 2101 2101 2098 2098 2102 2102 2103 2103 2100 2100 2104 2104 2105 2105 2102 2102 2106 2106 2107 2107 2104 2104 2108 2108 2109 2109 2106 2106 2110 2110 2111 2111 2108 2108 2112 2112 2113 2113 2110 2110 2114 2114 2115 2115 2112 2112 2116 2116 2117 2117 2114 2114 2118 2118 2119 2119 2116 2116 2119 2119 2118 2118 2120 2120 2117 2117 2116 2116 2119 2119 2115 2115 2114 2114 2117 2117 2113 2113 2112 2112 2115 2115 2111 2111 2110 2110 2113 2113 2109 2109 2108 2108 2111 2111 2107 2107 2106 2106 2109 2109 2105 2105 2104 2104 2107 2107 2103 2103 2102 2102 2105 2105 2101 2101 2100 2100 2103 2103 2099 2099 2098 2098 2101 2101 2096 2096 2095 2095 2099 2099 2121 2121 2122 2122 2123 2123 2122 2122 2121 2121 2124 2124 2125 2125 2126 2126 2127 2127 2128 2128 2129 2129 2126 2126 2130 2130 2131 2131 2129 2129 2132 2132 2133 2133 2131 2131 2134 2134 2135 2135 2136 2136 2137 2137 2138 2138 2135 2135 2139 2139 2140 2140 2138 2138 2141 2141 2142 2142 2140 2140 2143 2143 2144 2144 2142 2142 2145 2145 2146 2146 2144 2144 2147 2147 2148 2148 2146 2146 2148 2148 2147 2147 2149 2149 2146 2146 2145 2145 2147 2147 2144 2144 2143 2143 2145 2145 2142 2142 2141 2141 2143 2143 2140 2140 2139 2139 2141 2141 2138 2138 2137 2137 2139 2139 2135 2135 2134 2134 2137 2137 2136 2136 2150 2150 2134 2134 2126 2126 2125 2125 2128 2128 2129 2129 2128 2128 2130 2130 2131 2131 2130 2130 2132 2132 2133 2133 2132 2132 2150 2150 2150 2150 2136 2136 2133 2133 2151 2151 2152 2152 2153 2153 2152 2152 2151 2151 2154 2154 2155 2155 2156 2156 2157 2157 2158 2158 2159 2159 2156 2156 2160 2160 2161 2161 2159 2159 2162 2162 2163 2163 2161 2161 2164 2164 2165 2165 2163 2163 2166 2166 2167 2167 2165 2165 2168 2168 2169 2169 2167 2167 2170 2170 2171 2171 2169 2169 2172 2172 2157 2157 2173 2173 2174 2174 2175 2175 2176 2176 2177 2177 2178 2178 2175 2175 2178 2178 2177 2177 2179 2179 2165 2165 2164 2164 2166 2166 2175 2175 2174 2174 2177 2177 2176 2176 2180 2180 2174 2174 2171 2171 2170 2170 2180 2180 2169 2169 2168 2168 2170 2170 2167 2167 2166 2166 2168 2168 2180 2180 2176 2176 2171 2171 2163 2163 2162 2162 2164 2164 2161 2161 2160 2160 2162 2162 2159 2159 2158 2158 2160 2160 2156 2156 2155 2155 2158 2158 2157 2157 2172 2172 2155 2155 2181 2181 2182 2182 2183 2183 2182 2182 2181 2181 2184 2184 2185 2185 2186 2186 2187 2187 2188 2188 2189 2189 2185 2185 2190 2190 2191 2191 2188 2188 2192 2192 2193 2193 2190 2190 2194 2194 2195 2195 2192 2192 2196 2196 2197 2197 2194 2194 2198 2198 2199 2199 2196 2196 2200 2200 2201 2201 2198 2198 2202 2202 2203 2203 2200 2200 2204 2204 2205 2205 2202 2202 2206 2206 2207 2207 2204 2204 2208 2208 2209 2209 2206 2206 2209 2209 2208 2208 2210 2210 2207 2207 2206 2206 2209 2209 2205 2205 2204 2204 2207 2207 2203 2203 2202 2202 2205 2205 2201 2201 2200 2200 2203 2203 2199 2199 2198 2198 2201 2201 2197 2197 2196 2196 2199 2199 2195 2195 2194 2194 2197 2197 2193 2193 2192 2192 2195 2195 2191 2191 2190 2190 2193 2193 2189 2189 2188 2188 2191 2191 2186 2186 2185 2185 2189 2189 2211 2211 2212 2212 2213 2213 2212 2212 2211 2211 2214 2214 2215 2215 2216 2216 2217 2217 2218 2218 2219 2219 2216 2216 2220 2220 2221 2221 2219 2219 2222 2222 2223 2223 2221 2221 2224 2224 2225 2225 2223 2223 2226 2226 2227 2227 2225 2225 2228 2228 2229 2229 2227 2227 2230 2230 2231 2231 2229 2229 2232 2232 2233 2233 2231 2231 2234 2234 2235 2235 2233 2233 2236 2236 2237 2237 2235 2235 2238 2238 2239 2239 2237 2237 2239 2239 2238 2238 2240 2240 2237 2237 2236 2236 2238 2238 2235 2235 2234 2234 2236 2236 2227 2227 2226 2226 2228 2228 2225 2225 2224 2224 2226 2226 2223 2223 2222 2222 2224 2224 2221 2221 2220 2220 2222 2222 2219 2219 2218 2218 2220 2220 2216 2216 2215 2215 2218 2218 2231 2231 2230 2230 2232 2232 2233 2233 2232 2232 2234 2234 2229 2229 2228 2228 2230 2230 2241 2241 2242 2242 2243 2243 2242 2242 2241 2241 2244 2244 2245 2245 2246 2246 2247 2247 2248 2248 2249 2249 2246 2246 2250 2250 2251 2251 2249 2249 2252 2252 2253 2253 2251 2251 2254 2254 2255 2255 2253 2253 2256 2256 2257 2257 2255 2255 2258 2258 2259 2259 2257 2257 2260 2260 2261 2261 2259 2259 2262 2262 2263 2263 2261 2261 2264 2264 2265 2265 2263 2263 2266 2266 2267 2267 2265 2265 2268 2268 2269 2269 2267 2267 2269 2269 2268 2268 2270 2270 2267 2267 2266 2266 2268 2268 2265 2265 2264 2264 2266 2266 2263 2263 2262 2262 2264 2264 2261 2261 2260 2260 2262 2262 2259 2259 2258 2258 2260 2260 2257 2257 2256 2256 2258 2258 2255 2255 2254 2254 2256 2256 2253 2253 2252 2252 2254 2254 2251 2251 2250 2250 2252 2252 2249 2249 2248 2248 2250 2250 2246 2246 2245 2245 2248 2248 2271 2271 2272 2272 2273 2273 2272 2272 2271 2271 2274 2274 2275 2275 2276 2276 2277 2277 2278 2278 2279 2279 2275 2275 2280 2280 2281 2281 2278 2278 2282 2282 2283 2283 2280 2280 2284 2284 2285 2285 2282 2282 2286 2286 2287 2287 2284 2284 2288 2288 2289 2289 2286 2286 2290 2290 2291 2291 2288 2288 2292 2292 2293 2293 2290 2290 2294 2294 2295 2295 2292 2292 2296 2296 2297 2297 2294 2294 2298 2298 2299 2299 2296 2296 2299 2299 2298 2298 2300 2300 2276 2276 2275 2275 2279 2279 2297 2297 2296 2296 2299 2299 2295 2295 2294 2294 2297 2297 2279 2279 2278 2278 2281 2281 2281 2281 2280 2280 2283 2283 2283 2283 2282 2282 2285 2285 2285 2285 2284 2284 2287 2287 2287 2287 2286 2286 2289 2289 2289 2289 2288 2288 2291 2291 2291 2291 2290 2290 2293 2293 2293 2293 2292 2292 2295 2295 2301 2301 2302 2302 2303 2303 2302 2302 2301 2301 2304 2304 2305 2305 2306 2306 2307 2307 2308 2308 2309 2309 2306 2306 2310 2310 2311 2311 2309 2309 2311 2311 2310 2310 2312 2312 2309 2309 2308 2308 2310 2310 2306 2306 2305 2305 2308 2308 2307 2307 2313 2313 2305 2305 2314 2314 2315 2315 2313 2313 2316 2316 2317 2317 2315 2315 2318 2318 2319 2319 2317 2317 2320 2320 2321 2321 2319 2319 2322 2322 2323 2323 2321 2321 2324 2324 2325 2325 2323 2323 2326 2326 2327 2327 2325 2325 2328 2328 2329 2329 2327 2327 2329 2329 2328 2328 2330 2330 2327 2327 2326 2326 2328 2328 2325 2325 2324 2324 2326 2326 2323 2323 2322 2322 2324 2324 2321 2321 2320 2320 2322 2322 2319 2319 2318 2318 2320 2320 2317 2317 2316 2316 2318 2318 2315 2315 2314 2314 2316 2316 2313 2313 2307 2307 2314 2314 2331 2331 2332 2332 2333 2333 2332 2332 2331 2331 2334 2334 2335 2335 2336 2336 2337 2337 2338 2338 2337 2337 2339 2339 2340 2340 2341 2341 2342 2342 2341 2341 2340 2340 2343 2343 2342 2342 2344 2344 2340 2340 2345 2345 2346 2346 2344 2344 2347 2347 2348 2348 2346 2346 2349 2349 2350 2350 2348 2348 2351 2351 2352 2352 2350 2350 2353 2353 2354 2354 2352 2352 2355 2355 2356 2356 2354 2354 2336 2336 2335 2335 2356 2356 2337 2337 2338 2338 2335 2335 2339 2339 2357 2357 2338 2338 2358 2358 2359 2359 2357 2357 2359 2359 2358 2358 2360 2360 2356 2356 2355 2355 2336 2336 2354 2354 2353 2353 2355 2355 2352 2352 2351 2351 2353 2353 2350 2350 2349 2349 2351 2351 2348 2348 2347 2347 2349 2349 2346 2346 2345 2345 2347 2347 2357 2357 2339 2339 2358 2358 2344 2344 2342 2342 2345 2345 2361 2361 2362 2362 2363 2363 2362 2362 2361 2361 2364 2364 2365 2365 2366 2366 2367 2367 2368 2368 2369 2369 2365 2365 2370 2370 2371 2371 2368 2368 2372 2372 2373 2373 2370 2370 2374 2374 2375 2375 2372 2372 2367 2367 2376 2376 2377 2377 2378 2378 2379 2379 2380 2380 2381 2381 2382 2382 2383 2383 2382 2382 2381 2381 2384 2384 2385 2385 2386 2386 2387 2387 2384 2384 2387 2387 2386 2386 2386 2386 2385 2385 2388 2388 2380 2380 2389 2389 2374 2374 2377 2377 2388 2388 2385 2385 2379 2379 2378 2378 2390 2390 2388 2388 2377 2377 2376 2376 2376 2376 2367 2367 2366 2366 2366 2366 2365 2365 2369 2369 2369 2369 2368 2368 2371 2371 2389 2389 2380 2380 2379 2379 2375 2375 2374 2374 2389 2389 2373 2373 2372 2372 2375 2375 2371 2371 2370 2370 2373 2373 2387 2387 2384 2384 2381 2381 2391 2391 2392 2392 2393 2393 2392 2392 2391 2391 2394 2394 2395 2395 2396 2396 2397 2397 2398 2398 2397 2397 2399 2399 2400 2400 2401 2401 2402 2402 2403 2403 2399 2399 2404 2404 2405 2405 2406 2406 2401 2401 2407 2407 2408 2408 2406 2406 2409 2409 2410 2410 2408 2408 2410 2410 2409 2409 2411 2411 2408 2408 2407 2407 2409 2409 2406 2406 2405 2405 2407 2407 2412 2412 2413 2413 2414 2414 2402 2402 2415 2415 2400 2400 2416 2416 2417 2417 2415 2415 2413 2413 2412 2412 2417 2417 2414 2414 2418 2418 2412 2412 2396 2396 2395 2395 2418 2418 2397 2397 2398 2398 2395 2395 2399 2399 2403 2403 2398 2398 2404 2404 2419 2419 2403 2403 2418 2418 2414 2414 2396 2396 2419 2419 2404 2404 2420 2420 2417 2417 2416 2416 2413 2413 2401 2401 2400 2400 2405 2405 2415 2415 2402 2402 2416 2416 2421 2421 2422 2422 2423 2423 2422 2422 2421 2421 2424 2424 2425 2425 2426 2426 2427 2427 2428 2428 2429 2429 2430 2430 2431 2431 2432 2432 2429 2429 2433 2433 2434 2434 2432 2432 2435 2435 2436 2436 2434 2434 2437 2437 2438 2438 2436 2436 2439 2439 2440 2440 2438 2438 2441 2441 2442 2442 2440 2440 2443 2443 2444 2444 2442 2442 2445 2445 2446 2446 2444 2444 2447 2447 2448 2448 2446 2446 2429 2429 2428 2428 2431 2431 2432 2432 2431 2431 2433 2433 2434 2434 2433 2433 2435 2435 2436 2436 2435 2435 2437 2437 2438 2438 2437 2437 2439 2439 2440 2440 2439 2439 2441 2441 2442 2442 2441 2441 2443 2443 2444 2444 2443 2443 2445 2445 2446 2446 2445 2445 2447 2447 2448 2448 2447 2447 2449 2449 2449 2449 2427 2427 2448 2448 2426 2426 2425 2425 2450 2450 2451 2451 2450 2450 2452 2452 2453 2453 2452 2452 2454 2454 2455 2455 2454 2454 2456 2456 2457 2457 2456 2456 2458 2458 2459 2459 2458 2458 2460 2460 2461 2461 2460 2460 2462 2462 2463 2463 2462 2462 2464 2464 2465 2465 2464 2464 2466 2466 2467 2467 2466 2466 2468 2468 2469 2469 2468 2468 2470 2470 2471 2471 2470 2470 2472 2472 2430 2430 2472 2472 2428 2428 2472 2472 2430 2430 2471 2471 2470 2470 2471 2471 2469 2469 2468 2468 2469 2469 2467 2467 2466 2466 2467 2467 2465 2465 2464 2464 2465 2465 2463 2463 2462 2462 2463 2463 2461 2461 2460 2460 2461 2461 2459 2459 2458 2458 2459 2459 2457 2457 2456 2456 2457 2457 2455 2455 2454 2454 2455 2455 2453 2453 2452 2452 2453 2453 2451 2451 2450 2450 2451 2451 2426 2426 2427 2427 2449 2449 2425 2425 2473 2473 2474 2474 2475 2475 2476 2476 2477 2477 2478 2478 2479 2479 2480 2480 2477 2477 2481 2481 2482 2482 2480 2480 2483 2483 2484 2484 2482 2482 2485 2485 2486 2486 2484 2484 2487 2487 2488 2488 2486 2486 2489 2489 2490 2490 2491 2491 2492 2492 2491 2491 2493 2493 2494 2494 2493 2493 2474 2474 2495 2495 2496 2496 2497 2497 2498 2498 2499 2499 2488 2488 2500 2500 2501 2501 2499 2499 2502 2502 2475 2475 2503 2503 2504 2504 2505 2505 2496 2496 2506 2506 2507 2507 2505 2505 2508 2508 2509 2509 2507 2507 2510 2510 2511 2511 2509 2509 2512 2512 2513 2513 2511 2511 2514 2514 2515 2515 2513 2513 2490 2490 2489 2489 2515 2515 2491 2491 2492 2492 2489 2489 2493 2493 2494 2494 2492 2492 2474 2474 2473 2473 2494 2494 2475 2475 2502 2502 2473 2473 2503 2503 2516 2516 2502 2502 2517 2517 2518 2518 2516 2516 2519 2519 2478 2478 2518 2518 2516 2516 2503 2503 2517 2517 2515 2515 2514 2514 2490 2490 2513 2513 2512 2512 2514 2514 2511 2511 2510 2510 2512 2512 2518 2518 2517 2517 2519 2519 2509 2509 2508 2508 2510 2510 2507 2507 2506 2506 2508 2508 2505 2505 2504 2504 2506 2506 2496 2496 2495 2495 2504 2504 2497 2497 2520 2520 2495 2495 2501 2501 2500 2500 2520 2520 2499 2499 2498 2498 2500 2500 2488 2488 2487 2487 2498 2498 2486 2486 2485 2485 2487 2487 2484 2484 2483 2483 2485 2485 2482 2482 2481 2481 2483 2483 2480 2480 2479 2479 2481 2481 2477 2477 2476 2476 2479 2479 2478 2478 2519 2519 2476 2476 2520 2520 2497 2497 2501 2501 2521 2521 2522 2522 2523 2523 2524 2524 2525 2525 2526 2526 2527 2527 2526 2526 2528 2528 2529 2529 2528 2528 2530 2530 2531 2531 2530 2530 2532 2532 2530 2530 2531 2531 2529 2529 2533 2533 2532 2532 2534 2534 2535 2535 2534 2534 2536 2536 2537 2537 2536 2536 2538 2538 2539 2539 2538 2538 2540 2540 2541 2541 2540 2540 2542 2542 2543 2543 2542 2542 2544 2544 2545 2545 2544 2544 2546 2546 2547 2547 2546 2546 2522 2522 2528 2528 2529 2529 2527 2527 2526 2526 2527 2527 2524 2524 2525 2525 2524 2524 2548 2548 2549 2549 2548 2548 2550 2550 2551 2551 2550 2550 2552 2552 2553 2553 2552 2552 2554 2554 2555 2555 2554 2554 2556 2556 2557 2557 2556 2556 2558 2558 2559 2559 2558 2558 2560 2560 2561 2561 2560 2560 2562 2562 2563 2563 2562 2562 2564 2564 2565 2565 2564 2564 2566 2566 2567 2567 2566 2566 2568 2568 2523 2523 2568 2568 2521 2521 2522 2522 2521 2521 2547 2547 2546 2546 2547 2547 2545 2545 2544 2544 2545 2545 2543 2543 2542 2542 2543 2543 2541 2541 2540 2540 2541 2541 2539 2539 2538 2538 2539 2539 2537 2537 2536 2536 2537 2537 2535 2535 2534 2534 2535 2535 2533 2533 2532 2532 2533 2533 2531 2531 2550 2550 2551 2551 2549 2549 2552 2552 2553 2553 2551 2551 2554 2554 2555 2555 2553 2553 2556 2556 2557 2557 2555 2555 2558 2558 2559 2559 2557 2557 2560 2560 2561 2561 2559 2559 2562 2562 2563 2563 2561 2561 2564 2564 2565 2565 2563 2563 2566 2566 2567 2567 2565 2565 2568 2568 2523 2523 2567 2567 2548 2548 2549 2549 2525 2525 2569 2569 2570 2570 2571 2571 2572 2572 2571 2571 2573 2573 2574 2574 2573 2573 2575 2575 2576 2576 2575 2575 2577 2577 2578 2578 2577 2577 2579 2579 2580 2580 2579 2579 2581 2581 2582 2582 2581 2581 2583 2583 2584 2584 2583 2583 2585 2585 2586 2586 2585 2585 2587 2587 2588 2588 2587 2587 2589 2589 2590 2590 2589 2589 2591 2591 2592 2592 2593 2593 2570 2570 2594 2594 2595 2595 2596 2596 2597 2597 2598 2598 2595 2595 2593 2593 2592 2592 2598 2598 2570 2570 2569 2569 2592 2592 2571 2571 2572 2572 2569 2569 2573 2573 2574 2574 2572 2572 2575 2575 2576 2576 2574 2574 2599 2599 2591 2591 2600 2600 2601 2601 2600 2600 2602 2602 2603 2603 2602 2602 2604 2604 2605 2605 2604 2604 2606 2606 2607 2607 2606 2606 2608 2608 2609 2609 2608 2608 2610 2610 2611 2611 2610 2610 2612 2612 2613 2613 2612 2612 2614 2614 2615 2615 2614 2614 2616 2616 2596 2596 2616 2616 2594 2594 2616 2616 2596 2596 2615 2615 2614 2614 2615 2615 2613 2613 2612 2612 2613 2613 2611 2611 2610 2610 2611 2611 2609 2609 2608 2608 2609 2609 2607 2607 2606 2606 2607 2607 2605 2605 2604 2604 2605 2605 2603 2603 2602 2602 2603 2603 2601 2601 2600 2600 2601 2601 2599 2599 2591 2591 2599 2599 2590 2590 2589 2589 2590 2590 2588 2588 2587 2587 2588 2588 2586 2586 2585 2585 2586 2586 2584 2584 2595 2595 2594 2594 2597 2597 2598 2598 2597 2597 2593 2593 2577 2577 2578 2578 2576 2576 2579 2579 2580 2580 2578 2578 2581 2581 2582 2582 2580 2580 2583 2583 2584 2584 2582 2582 2617 2617 2618 2618 2619 2619 2617 2617 2620 2620 2618 2618 2617 2617 2621 2621 2620 2620 2617 2617 2622 2622 2621 2621 2617 2617 2623 2623 2622 2622 2617 2617 2624 2624 2623 2623 2617 2617 2625 2625 2624 2624 2617 2617 2626 2626 2625 2625 2617 2617 2627 2627 2626 2626 2617 2617 2628 2628 2627 2627 2617 2617 2629 2629 2628 2628 2617 2617 2630 2630 2629 2629 2617 2617 2631 2631 2630 2630 2617 2617 2632 2632 2631 2631 2617 2617 2633 2633 2632 2632 2617 2617 2634 2634 2633 2633 2617 2617 2635 2635 2634 2634 2617 2617 2636 2636 2635 2635 2617 2617 2637 2637 2636 2636 2617 2617 2638 2638 2637 2637 2617 2617 2639 2639 2640 2640 2617 2617 2619 2619 2641 2641 2617 2617 2640 2640 2638 2638 2639 2639 2617 2617 2641 2641 2642 2642 2643 2643 2644 2644 2645 2645 2642 2642 2646 2646 2645 2645 2647 2647 2648 2648 2649 2649 2650 2650 2651 2651 2642 2642 2645 2645 2652 2652 2650 2650 2649 2649 2646 2646 2653 2653 2654 2654 2645 2645 2642 2642 2644 2644 2646 2646 2655 2655 2656 2656 2657 2657 2658 2658 2657 2657 2659 2659 2660 2660 2661 2661 2642 2642 2646 2646 2662 2662 2663 2663 2647 2647 2645 2645 2646 2646 2646 2646 2663 2663 2647 2647 2653 2653 2645 2645 2648 2648 2656 2656 2655 2655 2664 2664 2659 2659 2657 2657 2652 2652 2654 2654 2653 2653 2665 2665 2666 2666 2653 2653 2667 2667 2643 2643 2642 2642 2661 2661 2661 2661 2660 2660 2668 2668 2661 2661 2668 2668 2669 2669 2657 2657 2658 2658 2655 2655 2653 2653 2666 2666 2665 2665 2652 2652 2657 2657 2642 2642 2662 2662 2646 2646 2649 2649 2670 2670 2671 2671 2672 2672 2671 2671 2670 2670 2673 2673 2674 2674 2675 2675 2676 2676 2677 2677 2678 2678 2679 2679 2680 2680 2681 2681 2678 2678 2682 2682 2683 2683 2681 2681 2684 2684 2685 2685 2683 2683 2675 2675 2674 2674 2685 2685 2676 2676 2686 2686 2674 2674 2686 2686 2676 2676 2687 2687 2685 2685 2684 2684 2675 2675 2683 2683 2682 2682 2684 2684 2681 2681 2680 2680 2682 2682 2678 2678 2677 2677 2680 2680 2688 2688 2689 2689 2690 2690 2689 2689 2688 2688 2691 2691 2692 2692 2693 2693 2694 2694 2695 2695 2696 2696 2693 2693 2697 2697 2698 2698 2696 2696 2699 2699 2700 2700 2698 2698 2701 2701 2702 2702 2700 2700 2703 2703 2704 2704 2702 2702 2704 2704 2703 2703 2705 2705 2702 2702 2701 2701 2703 2703 2700 2700 2699 2699 2701 2701 2698 2698 2697 2697 2699 2699 2696 2696 2695 2695 2697 2697 2693 2693 2692 2692 2695 2695 2706 2706 2707 2707 2708 2708 2707 2707 2706 2706 2709 2709 2710 2710 2711 2711 2712 2712 2713 2713 2714 2714 2715 2715 2716 2716 2717 2717 2714 2714 2718 2718 2719 2719 2717 2717 2720 2720 2721 2721 2719 2719 2722 2722 2712 2712 2721 2721 2711 2711 2710 2710 2723 2723 2712 2712 2722 2722 2710 2710 2721 2721 2720 2720 2722 2722 2719 2719 2718 2718 2720 2720 2717 2717 2716 2716 2718 2718 2714 2714 2713 2713 2716 2716 2724 2724 2725 2725 2726 2726 2725 2725 2724 2724 2727 2727 2728 2728 2729 2729 2730 2730 2731 2731 2732 2732 2729 2729 2733 2733 2734 2734 2732 2732 2735 2735 2736 2736 2734 2734 2737 2737 2738 2738 2736 2736 2739 2739 2740 2740 2738 2738 2740 2740 2739 2739 2741 2741 2738 2738 2737 2737 2739 2739 2736 2736 2735 2735 2737 2737 2734 2734 2733 2733 2735 2735 2732 2732 2731 2731 2733 2733 2729 2729 2728 2728 2731 2731 2742 2742 2743 2743 2744 2744 2743 2743 2742 2742 2745 2745 2743 2743 2745 2745 2746 2746 2743 2743 2746 2746 2747 2747 2743 2743 2747 2747 2748 2748 2743 2743 2748 2748 2749 2749 2743 2743 2749 2749 2750 2750 2743 2743 2750 2750 2751 2751 2743 2743 2751 2751 2752 2752 2743 2743 2752 2752 2753 2753 2743 2743 2753 2753 2754 2754 2743 2743 2754 2754 2755 2755 2743 2743 2755 2755 2756 2756 2743 2743 2756 2756 2757 2757 2743 2743 2757 2757 2758 2758 2743 2743 2758 2758 2759 2759 2743 2743 2759 2759 2760 2760 2743 2743 2760 2760 2761 2761 2743 2743 2761 2761 2762 2762 2743 2743 2762 2762 2763 2763 2743 2743 2763 2763 2764 2764 2743 2743 2764 2764 2765 2765 2743 2743 2765 2765 2766 2766 2743 2743 2766 2766 2744 2744 2767 2767 2768 2768 2769 2769 2770 2770 2771 2771 2772 2772 2773 2773 2774 2774 2775 2775 2776 2776 2775 2775 2777 2777 2778 2778 2777 2777 2779 2779 2780 2780 2779 2779 2781 2781 2782 2782 2781 2781 2783 2783 2784 2784 2783 2783 2785 2785 2786 2786 2785 2785 2787 2787 2788 2788 2787 2787 2789 2789 2790 2790 2789 2789 2791 2791 2792 2792 2791 2791 2793 2793 2794 2794 2793 2793 2795 2795 2796 2796 2795 2795 2797 2797 2798 2798 2797 2797 2799 2799 2800 2800 2799 2799 2801 2801 2802 2802 2801 2801 2803 2803 2804 2804 2803 2803 2805 2805 2806 2806 2805 2805 2807 2807 2808 2808 2807 2807 2809 2809 2810 2810 2809 2809 2811 2811 2772 2772 2811 2811 2770 2770 2771 2771 2770 2770 2812 2812 2769 2769 2812 2812 2767 2767 2768 2768 2767 2767 2813 2813 2814 2814 2813 2813 2774 2774 2813 2813 2814 2814 2768 2768 2811 2811 2772 2772 2810 2810 2774 2774 2773 2773 2814 2814 2775 2775 2776 2776 2773 2773 2777 2777 2778 2778 2776 2776 2779 2779 2780 2780 2778 2778 2781 2781 2782 2782 2780 2780 2783 2783 2784 2784 2782 2782 2785 2785 2786 2786 2784 2784 2787 2787 2788 2788 2786 2786 2789 2789 2790 2790 2788 2788 2791 2791 2792 2792 2790 2790 2793 2793 2794 2794 2792 2792 2795 2795 2796 2796 2794 2794 2797 2797 2798 2798 2796 2796 2799 2799 2800 2800 2798 2798 2801 2801 2802 2802 2800 2800 2803 2803 2804 2804 2802 2802 2805 2805 2806 2806 2804 2804 2807 2807 2808 2808 2806 2806 2809 2809 2810 2810 2808 2808 2812 2812 2769 2769 2771 2771</p></triangles><triangles count="133" material="oriongreymatt-material"><input offset="0" semantic="VERTEX" source="#bau0234565834-mesh-vertices" /><input offset="1" semantic="NORMAL" source="#bau0234565834-mesh-normals" /><p>2815 2815 2816 2816 2817 2817 2816 2816 2815 2815 2818 2818 2819 2819 2820 2820 2821 2821 2822 2822 2823 2823 2824 2824 2825 2825 2826 2826 2822 2822 2827 2827 2828 2828 2825 2825 2829 2829 2830 2830 2827 2827 2820 2820 2819 2819 2829 2829 2831 2831 2821 2821 2820 2820 2832 2832 2833 2833 2831 2831 2834 2834 2835 2835 2832 2832 2836 2836 2837 2837 2834 2834 2838 2838 2839 2839 2836 2836 2840 2840 2841 2841 2838 2838 2842 2842 2843 2843 2840 2840 2843 2843 2842 2842 2844 2844 2841 2841 2840 2840 2843 2843 2839 2839 2838 2838 2841 2841 2837 2837 2836 2836 2839 2839 2835 2835 2834 2834 2837 2837 2833 2833 2832 2832 2835 2835 2821 2821 2831 2831 2833 2833 2823 2823 2822 2822 2826 2826 2830 2830 2829 2829 2819 2819 2828 2828 2827 2827 2830 2830 2826 2826 2825 2825 2828 2828 2845 2845 2846 2846 2847 2847 2846 2846 2845 2845 2848 2848 2849 2849 2850 2850 2851 2851 2850 2850 2849 2849 2852 2852 2852 2852 2849 2849 2853 2853 2854 2854 2855 2855 2856 2856 2857 2857 2858 2858 2859 2859 2860 2860 2861 2861 2857 2857 2862 2862 2863 2863 2860 2860 2856 2856 2864 2864 2862 2862 2861 2861 2860 2860 2863 2863 2865 2865 2866 2866 2854 2854 2866 2866 2865 2865 2867 2867 2855 2855 2854 2854 2866 2866 2864 2864 2856 2856 2855 2855 2863 2863 2862 2862 2864 2864 2858 2858 2857 2857 2861 2861 2868 2868 2869 2869 2870 2870 2871 2871 2869 2869 2872 2872 2869 2869 2871 2871 2873 2873 2869 2869 2868 2868 2872 2872 2874 2874 2875 2875 2876 2876 2877 2877 2878 2878 2874 2874 2879 2879 2880 2880 2877 2877 2880 2880 2879 2879 2881 2881 2878 2878 2877 2877 2880 2880 2875 2875 2874 2874 2878 2878 2882 2882 2876 2876 2875 2875 2883 2883 2884 2884 2882 2882 2885 2885 2886 2886 2883 2883 2884 2884 2883 2883 2886 2886 2876 2876 2882 2882 2884 2884 2886 2886 2885 2885 2887 2887 2888 2888 2889 2889 2890 2890 2891 2891 2892 2892 2893 2893 2894 2894 2895 2895 2896 2896 2895 2895 2897 2897 2898 2898 2899 2899 2900 2900 2901 2901 2899 2899 2902 2902 2903 2903 2899 2899 2904 2904 2902 2902 2905 2905 2899 2899 2906 2906 2898 2898 2907 2907 2889 2889 2889 2889 2907 2907 2908 2908 2898 2898 2905 2905 2909 2909 2910 2910 2889 2889 2911 2911 2898 2898 2909 2909 2912 2912 2889 2889 2913 2913 2914 2914 2910 2910 2891 2891 2889 2889 2892 2892 2891 2891 2915 2915 2891 2891 2916 2916 2917 2917 2897 2897 2895 2895 2918 2918 2898 2898 2919 2919 2920 2920 2898 2898 2921 2921 2922 2922 2891 2891 2923 2923 2924 2924 2898 2898 2925 2925 2919 2919 2891 2891 2926 2926 2927 2927 2895 2895 2928 2928 2929 2929 2925 2925 2898 2898 2922 2922 2889 2889 2908 2908 2890 2890 2923 2923 2891 2891 2927 2927 2898 2898 2897 2897 2930 2930 2891 2891 2910 2910 2915 2915 2891 2891 2896 2896 2895 2895 2928 2928 2895 2895 2931 2931 2895 2895 2932 2932 2933 2933 2921 2921 2898 2898 2930 2930 2934 2934 2935 2935 2936 2936 2900 2900 2935 2935 2934 2934 2889 2889 2914 2914 2911 2911 2891 2891 2893 2893 2937 2937 2896 2896 2891 2891 2924 2924 2895 2895 2938 2938 2931 2931 2895 2895 2894 2894 2938 2938 2932 2932 2895 2895 2929 2929 2918 2918 2895 2895 2933 2933 2904 2904 2899 2899 2901 2901 2899 2899 2898 2898 2920 2920 2907 2907 2898 2898 2912 2912 2913 2913 2889 2889 2888 2888 2916 2916 2891 2891 2937 2937 2935 2935 2900 2900 2899 2899 2899 2899 2905 2905 2898 2898 2891 2891 2939 2939 2940 2940 2934 2934 2939 2939 2891 2891 2891 2891 2941 2941 2926 2926 2891 2891 2942 2942 2941 2941 2934 2934 2891 2891 2917 2917 2942 2942 2891 2891 2940 2940 2939 2939 2934 2934 2943 2943 2934 2934 2936 2936 2943 2943 2899 2899 2903 2903 2906 2906 2944 2944 2945 2945 2946 2946 2947 2947 2948 2948 2944 2944 2949 2949 2950 2950 2947 2947 2950 2950 2949 2949 2951 2951 2948 2948 2947 2947 2950 2950 2945 2945 2944 2944 2948 2948 2952 2952 2946 2946 2945 2945 2953 2953 2954 2954 2952 2952 2955 2955 2956 2956 2953 2953 2954 2954 2953 2953 2956 2956 2956 2956 2955 2955 2957 2957 2946 2946 2952 2952 2954 2954 2958 2958 2959 2959 2960 2960 2961 2961 2958 2958 2960 2960 2959 2959 2958 2958 2962 2962 2958 2958 2961 2961 2963 2963</p></triangles></mesh></geometry></library_geometries><library_visual_scenes><visual_scene id="VisualSceneNode" name="VisualSceneNode"><node id="Main-Component-Node1" name="bau0234565834"><instance_geometry url="#bau0234565834-mesh" name="bau0234565834"><bind_material><technique_common><instance_material symbol="white-material" target="#white-material" /><instance_material symbol="zincplated-material" target="#zincplated-material" /><instance_material symbol="oriongreymatt-material" target="#oriongreymatt-material" /></technique_common></bind_material></instance_geometry></node></visual_scene></library_visual_scenes><scene><instance_visual_scene url="#VisualSceneNode" /></scene></COLLADA>